replicate,power,set,n,weight_L1,rho,top10_overlap,bottom10_overlap,mean_abs_rank_shift
0,1,A1,10247,0.00439639367245653,0.9999932754538682,0.9970731707317073,0.9960975609756098,0.0007875162418677329
0,1,A2,16104,0.00439639367245653,0.9999927654382065,0.9975170701427685,0.9981378026070763,0.0007843330325067883
0,1,A3,193752,0.00439639367245653,0.9999937036043609,0.9978323699421965,0.9976259289843105,0.0007631940867337858
0,2,A1,10247,0.004250037282920491,0.9999928603956044,0.9980487804878049,0.9990243902439024,0.0007910019226577146
0,2,A2,16104,0.004250037282920491,0.9999910382039042,0.9975170701427685,0.9981378026070763,0.0008662490384779114
0,2,A3,193752,0.004250037282920491,0.9999930794990134,0.9979872006606111,0.997883980181668,0.0007765699570994072
1,1,A1,10247,0.0055627421337612025,0.9999887858205476,0.9980487804878049,0.9921951219512195,0.0009915142815437137
1,1,A2,16104,0.0055627421337612025,0.9999727292255008,0.9931719428926132,0.994413407821229,0.0015657278237901726
1,1,A3,193752,0.0055627421337612025,0.9999832811985992,0.9970066061106524,0.9960260115606936,0.001215520285487062
1,2,A1,10247,0.0039316968204231376,0.9999962303586521,0.9980487804878049,0.9980487804878049,0.0005720897405852548
1,2,A2,16104,0.0039316968204231376,0.9999919819054864,0.9981378026070763,0.9981378026070763,0.0008412701321193662
1,2,A3,193752,0.0039316968204231376,0.9999937371874729,0.9978323699421965,0.9975743187448389,0.0007580508039484133
2,1,A1,10247,0.007283178157694175,0.9999778014371578,0.9941463414634146,0.9931707317073171,0.001412195953278887
2,1,A2,16104,0.007283178157694175,0.9999447649931537,0.9900682805710739,0.9919304779639975,0.0021845784936413066
2,1,A3,193752,0.007283178157694175,0.9999673222601259,0.9957163501238646,0.9955099091659785,0.0017065890600398482
2,2,A1,10247,0.0064603517017207054,0.9999874730363735,0.9960975609756098,0.9980487804878049,0.0010421423664604976
2,2,A2,16104,0.0064603517017207054,0.9999715084723575,0.9962756052141527,0.9962756052141527,0.0015223945496843788
2,2,A3,193752,0.0064603517017207054,0.9999832913013381,0.9967485549132948,0.9963872832369942,0.0012089629315833919
3,1,A1,10247,0.00562455527381631,0.9999909092592937,0.9970731707317073,0.9931707317073171,0.0009044674989742242
3,1,A2,16104,0.00562455527381631,0.9999683428329431,0.9931719428926132,0.9950341402855369,0.0016669544754920143
3,1,A3,193752,0.00562455527381631,0.999985580990007,0.9972130470685384,0.9961292320396367,0.0011472355999253077
3,2,A1,10247,0.004006875321906796,0.9999963960027564,0.9980487804878049,0.9990243902439024,0.0005599565238463566
3,2,A2,16104,0.004006875321906796,0.9999847825645226,0.9956548727498448,0.9968963376784605,0.0011469706100609327
3,2,A3,193752,0.004006875321906796,0.9999929230554196,0.9983484723369116,0.9973162675474814,0.0008099959941691281
4,1,A1,10247,0.006865154214613374,0.9999805309624605,0.9970731707317073,0.9912195121951219,0.001284863843546494
4,1,A2,16104,0.006865154214613374,0.9999743708212958,0.9937926753569212,0.9937926753569212,0.0014674933967462858
4,1,A3,193752,0.006865154214613374,0.9999504242312032,0.9958711808422791,0.9927745664739884,0.0021016182606436035
4,2,A1,10247,0.007147730163159689,0.9999767897166078,0.9960975609756098,0.9951219512195122,0.001353339376005425
4,2,A2,16104,0.007147730163159689,0.9999812291885424,0.9975170701427685,0.9981378026070763,0.0012352489493898204
4,2,A3,193752,0.007147730163159689,0.9999348381524307,0.9952518579686209,0.9920520231213873,0.002422017409913187
5,1,A1,10247,0.005031836134570703,0.9999923259892695,0.9980487804878049,0.9970731707317073,0.0008025446688802771
5,1,A2,16104,0.005031836134570703,0.9999614615425624,0.9937926753569212,0.9931719428926132,0.001840094773934651
5,1,A3,193752,0.005031836134570703,0.9999869477778147,0.9983484723369116,0.9958711808422791,0.0010336147564801138
5,2,A1,10247,0.0036719147995128223,0.9999971898051708,0.9980487804878049,0.9990243902439024,0.0004963190401341762
5,2,A2,16104,0.0036719147995128223,0.9999894695322935,0.9975170701427685,0.9968963376784605,0.0009498616666777719
5,2,A3,193752,0.0036719147995128223,0.9999954001545789,0.9983484723369116,0.9975743187448389,0.0006422961206859464
6,1,A1,10247,0.007189585085962104,0.9999835758048999,0.9960975609756098,0.9951219512195122,0.001228312006030342
6,1,A2,16104,0.007189585085962104,0.9999683783554685,0.9968963376784605,0.9925512104283054,0.0016922110109425347
6,1,A3,193752,0.007189585085962104,0.9999740137887744,0.9966969446738233,0.9948389760528489,0.001579683289616831
6,2,A1,10247,0.005539103584282702,0.9999912488676268,0.9941463414634146,0.9990243902439024,0.0008957818681532861
6,2,A2,16104,0.005539103584282702,0.9999827186606963,0.9968963376784605,0.9962756052141527,0.0012610838787819561
6,2,A3,193752,0.005539103584282702,0.9999908920178764,0.9978323699421965,0.9970582163501238,0.0009096241824797858
7,1,A1,10247,0.008098795248639167,0.9999778427143481,0.9960975609756098,0.9960975609756098,0.0014219291930804207
7,1,A2,16104,0.008098795248639167,0.9998876997444397,0.9888268156424581,0.9906890130353817,0.0031842900061670675
7,1,A3,193752,0.008098795248639167,0.9999642795240682,0.995148637489678,0.9941164327002477,0.0017935716422007877
7,2,A1,10247,0.007411344597560002,0.9999811851072217,0.9960975609756098,0.9990243902439024,0.0012999875077390924
7,2,A2,16104,0.007411344597560002,0.9999363430630117,0.994413407821229,0.9937926753569212,0.002385805601888766
7,2,A3,193752,0.007411344597560002,0.9999728508071677,0.9952002477291495,0.9947357555739058,0.0015558803096517527
8,1,A1,10247,0.005552300711975735,0.9999898815899776,0.9980487804878049,0.9970731707317073,0.000958695549297055
8,1,A2,16104,0.005552300711975735,0.9999636213885259,0.9925512104283054,0.994413407821229,0.001780049770875795
8,1,A3,193752,0.005552300711975735,0.999971344715126,0.9964905037159373,0.9947357555739058,0.0015918337417851814
8,2,A1,10247,0.004387454441426179,0.999993326133023,0.9970731707317073,0.9960975609756098,0.0007812686828561809
8,2,A2,16104,0.004387454441426179,0.9999832731689527,0.9962756052141527,0.9981378026070763,0.0012244908220757822
8,2,A3,193752,0.004387454441426179,0.9999842853469165,0.9968517753922378,0.9962324525185797,0.001189996946450288
9,1,A1,10247,0.005909292077384314,0.999986427433061,0.9970731707317073,0.9970731707317073,0.00113477004778116
9,1,A2,16104,0.005909292077384314,0.9999584149494372,0.9925512104283054,0.994413407821229,0.001893854562827957
9,1,A3,193752,0.005909292077384314,0.9999814661758903,0.9970066061106524,0.9954066886870355,0.0012768434598283125
9,2,A1,10247,0.005009589693960651,0.9999890624702918,0.9951219512195122,0.9990243902439024,0.0010009237149330632
9,2,A2,16104,0.005009589693960651,0.9999772002882656,0.9975170701427685,0.9968963376784605,0.0013863023111819867
9,2,A3,193752,0.005009589693960651,0.9999887700865577,0.9973162675474814,0.9961808422791082,0.0009922694523126511
10,1,A1,10247,0.005810205503835965,0.9999812128223844,0.9970731707317073,0.9921951219512195,0.0013240063245487479
10,1,A2,16104,0.005810205503835965,0.9999805279728026,0.9975170701427685,0.9975170701427685,0.0012861707520096027
10,1,A3,193752,0.005810205503835965,0.9999555983585904,0.9950454170107349,0.993135838150289,0.002090212457409789
10,2,A1,10247,0.005808030016677609,0.9999845518916692,0.9970731707317073,0.9941463414634146,0.0011816838826758322
10,2,A2,16104,0.005808030016677609,0.9999842418107211,0.9968963376784605,0.9981378026070763,0.0011788593960419718
10,2,A3,193752,0.005808030016677609,0.9999689669647529,0.9954066886870355,0.9945293146160198,0.001742293902924615
11,1,A1,10247,0.0044140825381836675,0.9999897126892028,0.9990243902439024,0.9980487804878049,0.000980981049429725
11,1,A2,16104,0.0044140825381836675,0.9999869105542828,0.9962756052141527,0.9968963376784605,0.001052862059800566
11,1,A3,193752,0.0044140825381836675,0.9999855495914688,0.997471098265896,0.9961808422791082,0.0011777156998958543
11,2,A1,10247,0.004150698002029784,0.9999906075153374,0.9980487804878049,0.9960975609756098,0.0009366576658325255
11,2,A2,16104,0.004150698002029784,0.9999886872724425,0.9968963376784605,0.9975170701427685,0.0009578126553951723
11,2,A3,193752,0.004150698002029784,0.999981883556923,0.9968517753922378,0.99556151940545,0.0013350649691720093
12,1,A1,10247,0.005349942501712293,0.999991871326763,0.9980487804878049,0.9970731707317073,0.0008462775819611409
12,1,A2,16104,0.005349942501712293,0.9999790838756968,0.9968963376784605,0.9968963376784605,0.0013480280560855186
12,1,A3,193752,0.005349942501712293,0.9999899504320262,0.9977291494632535,0.9969033856317093,0.0009450488962883711
12,2,A1,10247,0.004167802264277938,0.9999958248584951,0.9980487804878049,0.9990243902439024,0.0006013275548618775
12,2,A2,16104,0.004167802264277938,0.9999941091654303,0.9993792675356921,0.9981378026070763,0.0007129900677883869
12,2,A3,193752,0.004167802264277938,0.9999933386545374,0.997677539223782,0.9972130470685384,0.0007717608792769269
13,1,A1,10247,0.007811658587429195,0.9999774258046893,0.9960975609756098,0.9931707317073171,0.0014250339251501859
13,1,A2,16104,0.007811658587429195,0.9999449569751195,0.9919304779639975,0.9925512104283054,0.0021948276342867237
13,1,A3,193752,0.007811658587429195,0.9999491100606328,0.995767960363336,0.9924649050371593,0.0021910389993359944
13,2,A1,10247,0.005572807185268088,0.999989258885476,0.9980487804878049,0.9960975609756098,0.0009668668993457006
13,2,A2,16104,0.005572807185268088,0.9999815077686957,0.9962756052141527,0.9968963376784605,0.0012502100726795946
13,2,A3,193752,0.005572807185268088,0.9999771315363774,0.9966969446738233,0.9948389760528489,0.0014667998494701207
14,1,A1,10247,0.005115034378481074,0.9999883678848144,0.9970731707317073,0.9951219512195122,0.000983990544319436
14,1,A2,16104,0.005115034378481074,0.9999830002807938,0.994413407821229,0.9962756052141527,0.0011939516219585116
14,1,A3,193752,0.005115034378481074,0.9999861612367436,0.99726465730801,0.9970582163501238,0.001091284638502627
14,2,A1,10247,0.004181800910382571,0.9999911506656113,0.9990243902439024,0.9990243902439024,0.0008643155038633963
14,2,A2,16104,0.004181800910382571,0.9999907393900197,0.9981378026070763,0.9975170701427685,0.0008671744687844954
14,2,A3,193752,0.004181800910382571,0.9999881778775821,0.9971614368290669,0.9969033856317093,0.0010189084594712048
15,1,A1,10247,0.0052023618247854855,0.9999862326573654,0.9960975609756098,0.9941463414634146,0.001129055816977911
15,1,A2,16104,0.0052023618247854855,0.9999724930695234,0.9937926753569212,0.9950341402855369,0.001556488944562776
15,1,A3,193752,0.0052023618247854855,0.9999795737016713,0.9962324525185797,0.9954066886870355,0.0013732728596522804
15,2,A1,10247,0.005120625023652858,0.9999898520680317,0.9960975609756098,0.9970731707317073,0.000966485950625484
15,2,A2,16104,0.005120625023652858,0.9999794291392409,0.9975170701427685,0.9962756052141527,0.0013275220628754625
15,2,A3,193752,0.005120625023652858,0.999983922674568,0.9968517753922378,0.995767960363336,0.0012119352939434609
16,1,A1,10247,0.004453258937238799,0.9999925375725106,0.9980487804878049,0.9960975609756098,0.0007782782354024808
16,1,A2,16104,0.004453258937238799,0.9999829592731517,0.9956548727498448,0.9956548727498448,0.0012270974507726602
16,1,A3,193752,0.004453258937238799,0.9999877253865918,0.9978323699421965,0.9973678777869529,0.001031918318662736
16,2,A1,10247,0.003466459698100801,0.9999938413339214,0.9990243902439024,0.9990243902439024,0.0007369643466949923
16,2,A2,16104,0.003466459698100801,0.999993787040517,0.9962756052141527,0.9981378026070763,0.0007163833122458615
16,2,A3,193752,0.003466459698100801,0.9999898749130668,0.9977807597027251,0.997471098265896,0.0009607914790829031
17,1,A1,10247,0.005028051366930381,0.9999891824429303,0.9951219512195122,0.9931707317073171,0.0009721811339927219
17,1,A2,16104,0.005028051366930381,0.9999717305779305,0.9956548727498448,0.9962756052141527,0.00156299780438575
17,1,A3,193752,0.005028051366930381,0.9999824270150439,0.9969549958711809,0.9961808422791082,0.001250865936619905
17,2,A1,10247,0.004644208776553461,0.9999923545743649,0.9990243902439024,0.9980487804878049,0.0008256873036334347
17,2,A2,16104,0.004644208776553461,0.9999853078628792,0.9975170701427685,0.9962756052141527,0.0011158992875173765
17,2,A3,193752,0.004644208776553461,0.9999873202031747,0.9970066061106524,0.9970066061106524,0.001061058402177574
18,1,A1,10247,0.005113043485428768,0.9999935367794137,0.9980487804878049,0.9970731707317073,0.000744792842895443
18,1,A2,16104,0.005113043485428768,0.9999791092353835,0.9968963376784605,0.9956548727498448,0.0013591255078453045
18,1,A3,193752,0.005113043485428768,0.9999910756600933,0.997883980181668,0.9968517753922378,0.0008869338338625537
18,2,A1,10247,0.003962109142405534,0.999994650850889,0.9960975609756098,0.9980487804878049,0.0006951361772152113
18,2,A2,16104,0.003962109142405534,0.9999829258481305,0.9962756052141527,0.9962756052141527,0.0012227864879278234
18,2,A3,193752,0.003962109142405534,0.9999939624496995,0.9982452518579686,0.99726465730801,0.000716361225515016
19,1,A1,10247,0.007140198262406326,0.9999847813308362,0.9951219512195122,0.9921951219512195,0.0011763886954648216
19,1,A2,16104,0.007140198262406326,0.999974850327977,0.9956548727498448,0.9968963376784605,0.0014939375677569223
19,1,A3,193752,0.007140198262406326,0.9999768142117437,0.9965421139554087,0.99556151940545,0.0014136850217943875
19,2,A1,10247,0.0057636659853700645,0.9999895661724645,0.9970731707317073,0.9990243902439024,0.0009570384223641128
19,2,A2,16104,0.0057636659853700645,0.9999859131106226,0.9975170701427685,0.9962756052141527,0.001118220575203058
19,2,A3,193752,0.0057636659853700645,0.9999831386407291,0.9969549958711809,0.9964388934764657,0.001223828419478499
20,1,A1,10247,0.005449274529507921,0.9999906133929596,0.9970731707317073,0.9960975609756098,0.0009074388989919135
20,1,A2,16104,0.005449274529507921,0.9999835582686086,0.9975170701427685,0.9956548727498448,0.0011931572942786939
20,1,A3,193752,0.005449274529507921,0.9999872109552274,0.9971098265895953,0.9968001651527663,0.0010628526560816517
20,2,A1,10247,0.004576411647866225,0.9999904333838135,0.9980487804878049,0.9980487804878049,0.0009383338402014784
20,2,A2,16104,0.004576411647866225,0.999992695812563,0.9962756052141527,0.9975170701427685,0.0007847032046294219
20,2,A3,193752,0.004576411647866225,0.9999904379614356,0.9974194880264244,0.9972130470685384,0.0009417447796952511
21,1,A1,10247,0.0036745414735353567,0.9999944522162612,0.9990243902439024,0.9980487804878049,0.0006938599990024858
21,1,A2,16104,0.0036745414735353567,0.9999951817399644,0.9987585350713842,0.9962756052141527,0.0006470840061211662
21,1,A3,193752,0.0036745414735353567,0.9999896399491304,0.997677539223782,0.9970066061106524,0.0009541055684160481
21,2,A1,10247,0.003815091942474067,0.9999923477710453,0.9980487804878049,0.9960975609756098,0.0008107731612369554
21,2,A2,16104,0.003815091942474067,0.9999932527228927,0.9987585350713842,0.9981378026070763,0.0007572487722007647
21,2,A3,193752,0.003815091942474067,0.9999862487557647,0.9975227085053675,0.9962840627580511,0.0010885623038630829
22,1,A1,10247,0.0035288746248789173,0.9999937775723172,0.9980487804878049,0.9951219512195122,0.000754945126289215
22,1,A2,16104,0.0035288746248789173,0.9999962976150286,0.9987585350713842,0.9987585350713842,0.0005590216005304814
22,1,A3,193752,0.0035288746248789173,0.9999883826338403,0.9975743187448389,0.9962324525185797,0.0010839379364831893
22,2,A1,10247,0.005666188944372725,0.9999807656323766,0.9990243902439024,0.9970731707317073,0.0012733591921959531
22,2,A2,16104,0.005666188944372725,0.9999888434905267,0.9981378026070763,0.9962756052141527,0.0009511881167838755
22,2,A3,193752,0.005666188944372725,0.9999503476211891,0.9949938067712634,0.993135838150289,0.002150333388933787
23,1,A1,10247,0.00665353877061918,0.9999798363881363,0.9951219512195122,0.9931707317073171,0.0013561393490990168
23,1,A2,16104,0.00665353877061918,0.9999376161129667,0.9900682805710739,0.9931719428926132,0.002346474813858948
23,1,A3,193752,0.00665353877061918,0.9999665879667438,0.9954582989265071,0.9944260941370768,0.0017487954228092976
23,2,A1,10247,0.006096965876739604,0.9999842407457484,0.9951219512195122,0.9990243902439024,0.0012077407751386465
23,2,A2,16104,0.006096965876739604,0.9999582614638549,0.9962756052141527,0.9956548727498448,0.0019323910231779573
23,2,A3,193752,0.006096965876739604,0.9999736045901274,0.9957163501238646,0.9948905862923204,0.001567053559934344
24,1,A1,10247,0.0036960973629005835,0.9999953861336015,0.9990243902439024,0.9960975609756098,0.000640089087143915
24,1,A2,16104,0.0036960973629005835,0.999993917904661,0.9975170701427685,0.9962756052141527,0.0007158589017387971
24,1,A3,193752,0.0036960973629005835,0.9999919485486929,0.998090421139554,0.9971098265895953,0.0008666052429378145
24,2,A1,10247,0.0031467994292469215,0.9999974092958768,0.9980487804878049,1.0,0.00046572885790078453
24,2,A2,16104,0.0031467994292469215,0.9999968075728722,0.9987585350713842,0.9987585350713842,0.0005154878165249278
24,2,A3,193752,0.0031467994292469215,0.9999945780874449,0.9984516928158547,0.9982452518579686,0.000698812081890465
25,1,A1,10247,0.005455014873123366,0.9999903136007756,0.9970731707317073,0.9951219512195122,0.000944067118440738
25,1,A2,16104,0.005455014873123366,0.9999873358361727,0.9975170701427685,0.9962756052141527,0.0010546897846560692
25,1,A3,193752,0.005455014873123366,0.9999782444868129,0.9962840627580511,0.9957163501238646,0.0014496793704608145
25,2,A1,10247,0.004187004590556556,0.9999920156575165,0.9980487804878049,0.9960975609756098,0.000807230338138941
25,2,A2,16104,0.004187004590556556,0.999991369845165,0.9975170701427685,0.9987585350713842,0.000871508567386997
25,2,A3,193752,0.004187004590556556,0.999978044220788,0.9965421139554087,0.9955099091659785,0.001472997212470832
26,1,A1,10247,0.0047736936673336144,0.9999876932743296,0.9970731707317073,0.9931707317073171,0.0010426947421048117
26,1,A2,16104,0.0047736936673336144,0.999992139301621,0.9987585350713842,0.9975170701427685,0.0008041680887445711
26,1,A3,193752,0.0047736936673336144,0.9999627242287566,0.9956647398843931,0.9933422791081751,0.001904651132077527
26,2,A1,10247,0.005012532950911086,0.9999832982517642,0.9980487804878049,0.9980487804878049,0.0011594936197232163
26,2,A2,16104,0.005012532950911086,0.9999915657204436,0.9981378026070763,0.9975170701427685,0.0008404680925203268
26,2,A3,193752,0.005012532950911086,0.9999465939213288,0.9948905862923204,0.9927745664739884,0.002271009990144895
27,1,A1,10247,0.008149057818603117,0.999974285581939,0.9970731707317073,0.9902439024390244,0.001518575883399368
27,1,A2,16104,0.008149057818603117,0.9999577670821341,0.9925512104283054,0.9931719428926132,0.0019343035791448975
27,1,A3,193752,0.008149057818603117,0.9999206545586078,0.9942712634186622,0.990503715937242,0.0026985213238924096
27,2,A1,10247,0.006870469263801898,0.9999817943166139,0.9970731707317073,0.9931707317073171,0.0012582164805673439
27,2,A2,16104,0.006870469263801898,0.9999678089721725,0.9968963376784605,0.9981378026070763,0.001686295968899619
27,2,A3,193752,0.006870469263801898,0.9999412804470869,0.9953034682080925,0.9925165152766309,0.002283188306046004
28,1,A1,10247,0.005459760135177037,0.9999847483291593,0.9970731707317073,0.9941463414634146,0.0011924456840219507
28,1,A2,16104,0.005459760135177037,0.9999578692420777,0.994413407821229,0.9937926753569212,0.0019338023043954978
28,1,A3,193752,0.005459760135177037,0.9999828532387526,0.9969033856317093,0.9957163501238646,0.0012459430064132864
28,2,A1,10247,0.005442954196307585,0.9999826008222761,0.9951219512195122,0.9960975609756098,0.0012751306037449602
28,2,A2,16104,0.005442954196307585,0.9999707578417192,0.9956548727498448,0.9956548727498448,0.001590274862672312
28,2,A3,193752,0.005442954196307585,0.9999833370037542,0.9966453344343518,0.9958195706028076,0.0012327023524028092
29,1,A1,10247,0.002900130339176483,0.9999971643652166,0.9990243902439024,0.9990243902439024,0.0004979190247590859
29,1,A2,16104,0.002900130339176483,0.9999941152884185,0.9968963376784605,0.9981378026070763,0.0007134527829416789
29,1,A3,193752,0.002900130339176483,0.9999965593184336,0.9986065235342692,0.9982452518579686,0.0005577770015059041
29,2,A1,10247,0.0033891096956704184,0.9999963945751743,0.9990243902439024,1.0,0.0005649850469532155
29,2,A2,16104,0.0033891096956704184,0.9999937902298727,0.9981378026070763,0.9981378026070763,0.0007271183038022352
29,2,A3,193752,0.0033891096956704184,0.9999960174884321,0.9981420313790256,0.9982452518579686,0.000601079799495554
30,1,A1,10247,0.00505007793554205,0.9999927717740013,0.9980487804878049,0.9980487804878049,0.0008039732265810894
30,1,A2,16104,0.00505007793554205,0.9999887194878071,0.9975170701427685,0.9968963376784605,0.000992709089872609
30,1,A3,193752,0.00505007793554205,0.9999878253271749,0.9974194880264244,0.9971614368290669,0.0010277034362732441
30,2,A1,10247,0.004302007905249764,0.9999918750518594,0.9970731707317073,0.9960975609756098,0.0008313062972566292
30,2,A2,16104,0.004302007905249764,0.9999923041137256,0.9987585350713842,0.9975170701427685,0.0008021552778277511
30,2,A3,193752,0.004302007905249764,0.9999868590281606,0.9973678777869529,0.9968001651527663,0.0010520812722162602
31,1,A1,10247,0.004393457071179992,0.9999905840717671,0.9980487804878049,0.9960975609756098,0.0009017246681886648
31,1,A2,16104,0.004393457071179992,0.9999873845097614,0.9962756052141527,0.9956548727498448,0.0010695660768344063
31,1,A3,193752,0.004393457071179992,0.9999900443723706,0.9976259289843105,0.9971614368290669,0.0009425459552463384
31,2,A1,10247,0.003753552091584931,0.9999927268163266,0.9960975609756098,0.9970731707317073,0.0007814972520883109
31,2,A2,16104,0.003753552091584931,0.9999931869733217,0.9981378026070763,0.9975170701427685,0.0007830991254313431
31,2,A3,193752,0.003753552091584931,0.9999890354638401,0.9978323699421965,0.9967485549132948,0.000984601544853826
32,1,A1,10247,0.006330959808064675,0.9999814192083354,0.9970731707317073,0.9951219512195122,0.001307358865475283
32,1,A2,16104,0.006330959808064675,0.9999661634658251,0.9956548727498448,0.9950341402855369,0.0017122234413224128
32,1,A3,193752,0.006330959808064675,0.9999717268419764,0.9954582989265071,0.9949938067712634,0.0016063776513037514
32,2,A1,10247,0.005075555124252864,0.9999862790872338,0.9980487804878049,0.9960975609756098,0.001133874818288651
32,2,A2,16104,0.005075555124252864,0.9999797763307652,0.9950341402855369,0.9975170701427685,0.0013029827359125447
32,2,A3,193752,0.005075555124252864,0.9999804345926789,0.9965937241948802,0.9958195706028076,0.0013438667121194795
33,1,A1,10247,0.006068601929680294,0.9999776587347399,0.9960975609756098,0.9931707317073171,0.0014338909828952215
33,1,A2,16104,0.006068601929680294,0.9999700358520687,0.9956548727498448,0.9937926753569212,0.0016237445920937652
33,1,A3,193752,0.006068601929680294,0.9999638010179661,0.9952518579686209,0.9940132122213047,0.0018517048187167346
33,2,A1,10247,0.0056546982624749755,0.9999804898971772,0.9951219512195122,0.9931707317073171,0.0013355300233352995
33,2,A2,16104,0.0056546982624749755,0.9999828385948324,0.9950341402855369,0.9975170701427685,0.0012215988523677072
33,2,A3,193752,0.0056546982624749755,0.9999584449560172,0.9952002477291495,0.993032617671346,0.0020341057148119935
34,1,A1,10247,0.008400115543197039,0.9999639635072937,0.9970731707317073,0.9921951219512195,0.0017819828759931251
34,1,A2,16104,0.008400115543197039,0.9999419131834552,0.9906890130353817,0.9919304779639975,0.0022545950082536043
34,1,A3,193752,0.008400115543197039,0.9999257771252729,0.9947357555739058,0.9911746490503716,0.002607377455738067
34,2,A1,10247,0.008365324971748272,0.9999649462858526,0.9941463414634146,0.9960975609756098,0.0017775448234026018
34,2,A2,16104,0.008365324971748272,0.9999586479074388,0.9956548727498448,0.9968963376784605,0.0018403029957536322
34,2,A3,193752,0.008365324971748272,0.9999340235450658,0.9944260941370768,0.9921036333608588,0.002459582143640384
35,1,A1,10247,0.005332173090368382,0.9999891870379592,0.9970731707317073,0.9941463414634146,0.0009379528914812619
35,1,A2,16104,0.005332173090368382,0.9999925747837021,0.9975170701427685,0.9975170701427685,0.0007988391525624918
35,1,A3,193752,0.005332173090368382,0.9999647100916652,0.9962840627580511,0.9937035507844756,0.0018418569337875414
35,2,A1,10247,0.005371879638863906,0.9999864199494096,0.9990243902439024,0.9990243902439024,0.001006180807272052
35,2,A2,16104,0.005371879638863906,0.9999933171794816,0.9981378026070763,0.9975170701427685,0.0007278355122898379
35,2,A3,193752,0.005371879638863906,0.9999585082552185,0.9959744013212222,0.9938583815028902,0.0019722895175588026
36,1,A1,10247,0.005420016576468182,0.9999898272414915,0.9980487804878049,0.9951219512195122,0.0009703335326996715
36,1,A2,16104,0.005420016576468182,0.9999707147049667,0.9931719428926132,0.994413407821229,0.0015966526198685198
36,1,A3,193752,0.005420016576468182,0.9999804031183124,0.9970066061106524,0.9961292320396367,0.0013303278682194268
36,2,A1,10247,0.0045866049355927085,0.9999935947972313,0.9990243902439024,0.9980487804878049,0.0007680878571366871
36,2,A2,16104,0.0045866049355927085,0.9999874243336067,0.9975170701427685,0.9981378026070763,0.00104407818380724
36,2,A3,193752,0.0045866049355927085,0.9999899594533209,0.9974194880264244,0.9970066061106524,0.0009539597499905044
37,1,A1,10247,0.0050830974378588065,0.9999849896574062,0.9960975609756098,0.9941463414634146,0.0011656649889907249
37,1,A2,16104,0.0050830974378588065,0.9999746360377617,0.9956548727498448,0.9981378026070763,0.001489133042081907
37,1,A3,193752,0.0050830974378588065,0.999981838755283,0.9965421139554087,0.9961292320396367,0.0012883931635251865
37,2,A1,10247,0.004898500530105529,0.999989959694318,0.9980487804878049,0.9980487804878049,0.0009484289812872179
37,2,A2,16104,0.004898500530105529,0.9999800904593031,0.9962756052141527,0.9975170701427685,0.0013086047250250423
37,2,A3,193752,0.004898500530105529,0.99998586633906,0.9968517753922378,0.9964905037159373,0.0011349693774103343
38,1,A1,10247,0.003865632976448815,0.9999950477297902,0.9980487804878049,0.9980487804878049,0.0006709078386094367
38,1,A2,16104,0.003865632976448815,0.999993120292804,0.9981378026070763,0.9975170701427685,0.0007757419544940006
38,1,A3,193752,0.003865632976448815,0.9999924780615163,0.9980388109000826,0.997471098265896,0.0008310089780403542
38,2,A1,10247,0.0034675395397279693,0.9999945444402778,0.9951219512195122,0.9980487804878049,0.0006932885759221609
38,2,A2,16104,0.0034675395397279693,0.999990235428739,0.9968963376784605,0.9968963376784605,0.0009210730722237892
38,2,A3,193752,0.0034675395397279693,0.9999943051837759,0.9984000825763831,0.9973678777869529,0.0007216949193536925
39,1,A1,10247,0.007917382737628709,0.9999806320530991,0.9960975609756098,0.9941463414634146,0.0013259491630218524
39,1,A2,16104,0.007917382737628709,0.9999842998167666,0.9962756052141527,0.9950341402855369,0.0011757514925956939
39,1,A3,193752,0.007917382737628709,0.9999694046932981,0.9964905037159373,0.9937551610239471,0.001698535269184526
39,2,A1,10247,0.005878969137684972,0.9999916502857923,0.9970731707317073,0.9980487804878049,0.0008674202359331614
39,2,A2,16104,0.005878969137684972,0.999991465991306,0.9968963376784605,0.9975170701427685,0.0008384475696842852
39,2,A3,193752,0.005878969137684972,0.9999907534700639,0.9975743187448389,0.9968517753922378,0.0009156881938111013
40,1,A1,10247,0.0051674228525354846,0.9999909317548603,0.9980487804878049,0.9951219512195122,0.000896677097645795
40,1,A2,16104,0.0051674228525354846,0.9999897761730292,0.9981378026070763,0.9968963376784605,0.0009450802767604214
40,1,A3,193752,0.0051674228525354846,0.9999851508760326,0.9973678777869529,0.9964905037159373,0.001158048646197997
40,2,A1,10247,0.004386924552270535,0.9999942580316735,0.9990243902439024,1.0,0.0006973075849204459
40,2,A2,16104,0.004386924552270535,0.9999953721186328,0.9981378026070763,0.9987585350713842,0.0006305419393909781
40,2,A3,193752,0.004386924552270535,0.999986482487242,0.9974194880264244,0.9966969446738233,0.0011125576128439493
41,1,A1,10247,0.006188113243781591,0.999988884836731,0.9990243902439024,0.9960975609756098,0.0009517432351531022
41,1,A2,16104,0.006188113243781591,0.9999900450960434,0.9968963376784605,0.9975170701427685,0.0009301577130667551
41,1,A3,193752,0.006188113243781591,0.9999645564790226,0.9959227910817506,0.9944777043765483,0.0018403634270563517
41,2,A1,10247,0.00608119988009239,0.9999888245325518,0.9980487804878049,0.9970731707317073,0.0008812677219130342
41,2,A2,16104,0.00608119988009239,0.9999955452460478,0.9987585350713842,0.9981378026070763,0.0006156579352934195
41,2,A3,193752,0.00608119988009239,0.9999667962828471,0.9963356729975227,0.9945809248554913,0.0018793198556728628
42,1,A1,10247,0.0047331887970274225,0.9999857179695043,0.9970731707317073,0.9951219512195122,0.0011573031645819708
42,1,A2,16104,0.0047331887970274225,0.9999753427644781,0.9962756052141527,0.9962756052141527,0.001427214042652219
42,1,A3,193752,0.0047331887970274225,0.999984114460863,0.9965937241948802,0.9959227910817506,0.0011912308356485314
42,2,A1,10247,0.0049088044215779315,0.9999894497910867,0.9960975609756098,0.9970731707317073,0.0009758382417068012
42,2,A2,16104,0.0049088044215779315,0.9999849198476037,0.9956548727498448,0.9975170701427685,0.001092146576315055
42,2,A3,193752,0.0049088044215779315,0.9999897574591362,0.9975227085053675,0.9968517753922378,0.0009375987308482516
43,1,A1,10247,0.006497738947135165,0.9999829785515055,0.9980487804878049,0.9931707317073171,0.0012279310573101254
43,1,A2,16104,0.006497738947135165,0.9999915107141162,0.9981378026070763,0.9962756052141527,0.0008435143006128322
43,1,A3,193752,0.006497738947135165,0.9999635384322121,0.9961292320396367,0.993445499587118,0.0018981152486983338
43,2,A1,10247,0.006199472499364762,0.9999868984235348,0.9980487804878049,0.9951219512195122,0.00104978038830084
43,2,A2,16104,0.006199472499364762,0.9999908673234043,0.9987585350713842,0.9975170701427685,0.000889870647053467
43,2,A3,193752,0.006199472499364762,0.9999774792886381,0.9968517753922378,0.9952002477291495,0.0014416767785484766
44,1,A1,10247,0.006307689916986554,0.9999816571572285,0.9970731707317073,0.9941463414634146,0.0012939494705236595
44,1,A2,16104,0.006307689916986554,0.9999887221197438,0.9968963376784605,0.9981378026070763,0.0009237413962744396
44,1,A3,193752,0.006307689916986554,0.9999732964496263,0.9963356729975227,0.995355078447564,0.0015511306353895506
44,2,A1,10247,0.007418063575103759,0.9999697752598349,0.9960975609756098,0.9970731707317073,0.0016096797698391641
44,2,A2,16104,0.007418063575103759,0.99998881141308,0.9968963376784605,0.9981378026070763,0.0008706139847572992
44,2,A3,193752,0.007418063575103759,0.9999459461012841,0.9946325350949629,0.993239058629232,0.00222567969270238
45,1,A1,10247,0.006135693720057841,0.9999841363092155,0.9970731707317073,0.9951219512195122,0.0012010170302268238
45,1,A2,16104,0.006135693720057841,0.9999501329055801,0.9931719428926132,0.9925512104283054,0.002121464146732281
45,1,A3,193752,0.006135693720057841,0.999974075666154,0.9969549958711809,0.9948905862923204,0.0015207326348686797
45,2,A1,10247,0.006168421551955992,0.9999831006989757,0.9960975609756098,0.9951219512195122,0.0012337405252934282
45,2,A2,16104,0.006168421551955992,0.9999722671194837,0.9962756052141527,0.9956548727498448,0.0015580390403263044
45,2,A3,193752,0.006168421551955992,0.9999810045339672,0.9966453344343518,0.9956647398843931,0.0013006277396591685
46,1,A1,10247,0.007933966499227042,0.9999759069022358,0.9970731707317073,0.9912195121951219,0.0014779286549522588
46,1,A2,16104,0.007933966499227042,0.999955275230002,0.994413407821229,0.9931719428926132,0.0019897060068323905
46,1,A3,193752,0.007933966499227042,0.9999423261842416,0.9945809248554913,0.9925165152766309,0.0022659747525794723
46,2,A1,10247,0.00603341541755727,0.9999865358512092,0.9960975609756098,0.9960975609756098,0.0010886371577629316
46,2,A2,16104,0.00603341541755727,0.9999831279900617,0.9968963376784605,0.9981378026070763,0.0012057662822059002
46,2,A3,193752,0.00603341541755727,0.9999628228726424,0.9960776218001651,0.9943228736581338,0.0018012998589243972
47,1,A1,10247,0.00393531793522707,0.9999941363080166,0.9990243902439024,0.9970731707317073,0.0007186788081245962
47,1,A2,16104,0.00393531793522707,0.9999939213698529,0.9981378026070763,0.9981378026070763,0.0006957847760051469
47,1,A3,193752,0.00393531793522707,0.9999930343145473,0.9981420313790256,0.9975743187448389,0.0007895484362936255
47,2,A1,10247,0.0032789401018820247,0.9999968209202569,0.9990243902439024,0.9980487804878049,0.0005342996275397696
47,2,A2,16104,0.0032789401018820247,0.9999970383902708,0.9987585350713842,0.9993792675356921,0.00048437022246604225
47,2,A3,193752,0.0032789401018820247,0.9999963961027696,0.9984000825763831,0.9979872006606111,0.000571699917393441
48,1,A1,10247,0.007905056724239367,0.9999759355207902,0.9970731707317073,0.9951219512195122,0.0015099854897584841
48,1,A2,16104,0.007905056724239367,0.9999338068414841,0.9900682805710739,0.9931719428926132,0.002451896749617304
48,1,A3,193752,0.007905056724239367,0.9999578291334269,0.9952518579686209,0.9933422791081751,0.001994347098386417
48,2,A1,10247,0.006347914965460728,0.9999883564083949,0.9960975609756098,0.9960975609756098,0.0010399900061912738
48,2,A2,16104,0.006347914965460728,0.9999742305298764,0.9962756052141527,0.9981378026070763,0.0015298134159754935
48,2,A3,193752,0.006347914965460728,0.99997222148758,0.9958711808422791,0.995148637489678,0.001641123086732475
49,1,A1,10247,0.004868788614160673,0.9999918753864488,0.9980487804878049,0.9960975609756098,0.0008716678141635763
49,1,A2,16104,0.004868788614160673,0.9999897496726449,0.9968963376784605,0.9968963376784605,0.0009350779175300932
49,1,A3,193752,0.004868788614160673,0.9999914882584056,0.9977807597027251,0.9973678777869529,0.0008798899568086952
49,2,A1,10247,0.004327581644517624,0.9999923351458685,0.9960975609756098,1.0,0.0008371919549839755
49,2,A2,16104,0.004327581644517624,0.999990858375969,0.9981378026070763,0.9975170701427685,0.0008777166623603309
49,2,A3,193752,0.004327581644517624,0.9999926050493859,0.998090421139554,0.9975743187448389,0.0008249015994461988
50,1,A1,10247,0.004806946789135874,0.9999914396394016,0.9970731707317073,0.9941463414634146,0.0008742201705890274
50,1,A2,16104,0.004806946789135874,0.9999877841388886,0.9968963376784605,0.9962756052141527,0.001042659190670478
50,1,A3,193752,0.004806946789135874,0.9999870939268357,0.9971614368290669,0.9968001651527663,0.001066129175325692
50,2,A1,10247,0.0041567875221269306,0.999990992415935,0.9980487804878049,0.9990243902439024,0.0008800486860083412
50,2,A2,16104,0.0041567875221269306,0.9999908191009227,0.9975170701427685,0.9975170701427685,0.0008775547120566788
50,2,A3,193752,0.0041567875221269306,0.9999838949848822,0.9973678777869529,0.9963356729975227,0.0011959383147360785
51,1,A1,10247,0.006261314596336838,0.9999860579347332,0.9960975609756098,0.9960975609756098,0.0011165606989548072
51,1,A2,16104,0.006261314596336838,0.9999660619322595,0.9956548727498448,0.9956548727498448,0.00169777130470126
51,1,A3,193752,0.006261314596336838,0.9999776978213986,0.9960260115606936,0.995767960363336,0.0014138640316262569
51,2,A1,10247,0.005677158205379382,0.9999857646224324,0.9980487804878049,0.9970731707317073,0.0011230368271984892
51,2,A2,16104,0.005677158205379382,0.9999704193562737,0.9937926753569212,0.9968963376784605,0.0015949559976397825
51,2,A3,193752,0.005677158205379382,0.9999691317523164,0.9955099091659785,0.9945809248554913,0.0017061514982097457
52,1,A1,10247,0.004062523955930649,0.9999962713904769,0.9990243902439024,0.9970731707317073,0.0005708135623725292
52,1,A2,16104,0.004062523955930649,0.9999944893078824,0.9975170701427685,0.9981378026070763,0.0006924840745783308
52,1,A3,193752,0.004062523955930649,0.9999924053170469,0.998090421139554,0.9971614368290669,0.0008241366520753707
52,2,A1,10247,0.003690748128797175,0.9999938398059626,0.9960975609756098,1.0,0.0007424690557021219
52,2,A2,16104,0.003690748128797175,0.9999921147694427,0.9987585350713842,0.9968963376784605,0.0008175714043515954
52,2,A3,193752,0.003690748128797175,0.9999920131510758,0.9976259289843105,0.997471098265896,0.0008605109704206353
53,1,A1,10247,0.00565685471434909,0.9999903579004242,0.9970731707317073,0.9970731707317073,0.0009078769900201626
53,1,A2,16104,0.00565685471434909,0.9999863145039516,0.9981378026070763,0.9968963376784605,0.0010857688191188474
53,1,A3,193752,0.00565685471434909,0.9999824817898653,0.9963356729975227,0.9962840627580511,0.0012587410905805076
53,2,A1,10247,0.005368217944425383,0.9999905764765858,0.9990243902439024,0.9990243902439024,0.0009020294271648379
53,2,A2,16104,0.005368217944425383,0.9999875375327433,0.9975170701427685,0.9962756052141527,0.0010253150843412505
53,2,A3,193752,0.005368217944425383,0.9999788029589327,0.9965937241948802,0.9949938067712634,0.0014117147415556378
54,1,A1,10247,0.004260066123867406,0.9999937411243687,0.9980487804878049,0.9980487804878049,0.0007419547749298295
54,1,A2,16104,0.004260066123867406,0.9999868065669247,0.9968963376784605,0.9962756052141527,0.0010587308303281527
54,1,A3,193752,0.004260066123867406,0.9999829411757895,0.9970066061106524,0.9961292320396367,0.001271980892163214
54,2,A1,10247,0.004608505041420557,0.9999896853532412,0.9980487804878049,0.9980487804878049,0.0009578955569846001
54,2,A2,16104,0.004608505041420557,0.9999880583832421,0.9975170701427685,0.9956548727498448,0.001020286913008811
54,2,A3,193752,0.004608505041420557,0.9999767848374458,0.9963356729975227,0.9954066886870355,0.001489007191201719
55,1,A1,10247,0.005614736107572359,0.9999853934176981,0.9941463414634146,0.9951219512195122,0.0011487127709410869
55,1,A2,16104,0.005614736107572359,0.9999562601259905,0.994413407821229,0.9950341402855369,0.0019836213025666008
55,1,A3,193752,0.005614736107572359,0.9999792565708397,0.9958711808422791,0.9960776218001651,0.0013595848941690722
55,2,A1,10247,0.00463555558006034,0.9999918890600061,0.9960975609756098,0.9980487804878049,0.0008524870461006713
55,2,A2,16104,0.00463555558006034,0.9999717609227811,0.9937926753569212,0.9962756052141527,0.0015802725034419838
55,2,A3,193752,0.00463555558006034,0.9999884702596246,0.9970066061106524,0.9968517753922378,0.0009926861296623687
56,1,A1,10247,0.005618839259630547,0.9999931685971377,0.9980487804878049,0.9960975609756098,0.0007799925046434555
56,1,A2,16104,0.005618839259630547,0.9999824467896831,0.9975170701427685,0.994413407821229,0.0012532022973375495
56,1,A3,193752,0.005618839259630547,0.999986868062776,0.997677539223782,0.9969033856317093,0.0010893348698071126
56,2,A1,10247,0.005209429936269074,0.9999924476013964,0.9990243902439024,0.9980487804878049,0.0008141064625388505
56,2,A2,16104,0.005209429936269074,0.9999852634762443,0.9962756052141527,0.9968963376784605,0.0011533560791763622
56,2,A3,193752,0.005209429936269074,0.9999839855919098,0.9975743187448389,0.9966969446738233,0.001219290147303457
57,1,A1,10247,0.005430384670959711,0.9999901445103997,0.9990243902439024,0.9970731707317073,0.000926010149102472
57,1,A2,16104,0.005430384670959711,0.9999839239756348,0.9956548727498448,0.9962756052141527,0.001195185529033957
57,1,A3,193752,0.005430384670959711,0.9999846237548516,0.9968517753922378,0.9968517753922378,0.0011905229476616118
57,2,A1,10247,0.004790903397453836,0.9999901071479066,0.9970731707317073,0.9951219512195122,0.000924219690117454
57,2,A2,16104,0.004790903397453836,0.9999867152392967,0.9981378026070763,0.9981378026070763,0.0010739927184675664
57,2,A3,193752,0.004790903397453836,0.9999824886617789,0.9966969446738233,0.9957163501238646,0.0012795731466573798
58,1,A1,10247,0.0060110431262546185,0.9999826684205062,0.9960975609756098,0.9931707317073171,0.0012699497011500148
58,1,A2,16104,0.0060110431262546185,0.9999596636539778,0.9925512104283054,0.9956548727498448,0.0018954509301068144
58,1,A3,193752,0.0060110431262546185,0.9999817264695899,0.9963872832369942,0.99556151940545,0.00127891810919225
58,2,A1,10247,0.005638787268297439,0.9999869658879289,0.9941463414634146,0.9970731707317073,0.001120922561801287
58,2,A2,16104,0.005638787268297439,0.9999756668777102,0.994413407821229,0.9962756052141527,0.0014533497368939942
58,2,A3,193752,0.005638787268297439,0.9999853474236529,0.9977291494632535,0.9961292320396367,0.0011372063609878752
59,1,A1,10247,0.00490184278489611,0.9999917112033856,0.9970731707317073,0.9941463414634146,0.0008720106680117712
59,1,A2,16104,0.00490184278489611,0.9999758655285901,0.9962756052141527,0.9956548727498448,0.0014575373090312867
59,1,A3,193752,0.00490184278489611,0.9999783890779731,0.9966969446738233,0.9958195706028076,0.001388975964385677
59,2,A1,10247,0.005300811530233169,0.9999876737231503,0.9970731707317073,0.9990243902439024,0.0010676659307150087
59,2,A2,16104,0.005300811530233169,0.9999698537542319,0.9962756052141527,0.9925512104283054,0.0016368162951742634
59,2,A3,193752,0.005300811530233169,0.9999749035627995,0.9966453344343518,0.99556151940545,0.00149692795004806
60,1,A1,10247,0.006654087630020445,0.9999799846781988,0.9960975609756098,0.9951219512195122,0.0013537012772896306
60,1,A2,16104,0.006654087630020445,0.9999655098777954,0.9937926753569212,0.9937926753569212,0.0017508061731877423
60,1,A3,193752,0.006654087630020445,0.9999726263309512,0.9957163501238646,0.995148637489678,0.0015849338717478535
60,2,A1,10247,0.007406468688851666,0.9999774832425518,0.9951219512195122,0.9941463414634146,0.0014334719393029832
60,2,A2,16104,0.007406468688851666,0.9999578317743331,0.9937926753569212,0.9962756052141527,0.0019187255023174008
60,2,A3,193752,0.007406468688851666,0.9999589628980565,0.994942196531792,0.9942196531791907,0.001961688193033687
61,1,A1,10247,0.006492678776777762,0.9999851322036825,0.9960975609756098,0.9960975609756098,0.001140998559356701
61,1,A2,16104,0.006492678776777762,0.999930556465777,0.9913097454996896,0.9919304779639975,0.0025030653336521745
61,1,A3,193752,0.006492678776777762,0.9999760391126434,0.9965421139554087,0.994942196531792,0.0014255258828517279
61,2,A1,10247,0.00597214110552188,0.9999874793935739,0.9970731707317073,0.9980487804878049,0.0010643135819771027
61,2,A2,16104,0.00597214110552188,0.9999559365127113,0.9950341402855369,0.9962756052141527,0.0019828809583213335
61,2,A3,193752,0.00597214110552188,0.9999827666659941,0.9964905037159373,0.9960260115606936,0.001225167583506437
62,1,A1,10247,0.007375882181191999,0.9999774013350445,0.9960975609756098,0.9902439024390244,0.0014313767213417921
62,1,A2,16104,0.007375882181191999,0.9999591163806738,0.9919304779639975,0.9950341402855369,0.0018495495869002502
62,1,A3,193752,0.007375882181191999,0.9999560103271029,0.9954582989265071,0.9939616019818331,0.00201569743054794
62,2,A1,10247,0.004660242055707652,0.9999914707004595,0.9951219512195122,0.9980487804878049,0.0008717630513436304
62,2,A2,16104,0.004660242055707652,0.9999842261052998,0.9975170701427685,0.9975170701427685,0.0011500939373456538
62,2,A3,193752,0.004660242055707652,0.9999860251245171,0.9971098265895953,0.9968001651527663,0.001123676147919002
63,1,A1,10247,0.0057882101210787705,0.9999856750416727,0.9970731707317073,0.9951219512195122,0.0011548841402085955
63,1,A2,16104,0.0057882101210787705,0.9999606949421602,0.9931719428926132,0.9931719428926132,0.0018751223110388534
63,1,A3,193752,0.0057882101210787705,0.9999746489821586,0.99726465730801,0.9946325350949629,0.001490841029720404
63,2,A1,10247,0.004440496617657053,0.9999899231682985,0.9960975609756098,0.9980487804878049,0.0009595526839175422
63,2,A2,16104,0.004440496617657053,0.9999856614216214,0.9975170701427685,0.9968963376784605,0.001115891575598155
63,2,A3,193752,0.004440496617657053,0.9999881328718566,0.997677539223782,0.9966453344343518,0.001031853800535833
64,1,A1,10247,0.0045564579516558686,0.999989496890134,0.9980487804878049,0.9970731707317073,0.0009772096570995808
64,1,A2,16104,0.0045564579516558686,0.9999760529161602,0.9968963376784605,0.9956548727498448,0.0014606606363160076
64,1,A3,193752,0.0045564579516558686,0.999982004696298,0.9969033856317093,0.9959744013212222,0.0012654930643996001
64,2,A1,10247,0.00447512791094409,0.9999915362688466,0.9951219512195122,0.9980487804878049,0.0008675916628572588
64,2,A2,16104,0.00447512791094409,0.9999842354233901,0.9975170701427685,0.9950341402855369,0.0011783195616964642
64,2,A3,193752,0.00447512791094409,0.9999834891795436,0.9969549958711809,0.9960260115606936,0.0012089891437373442
65,1,A1,10247,0.006965830769663825,0.9999817178406092,0.9980487804878049,0.9941463414634146,0.0012897780820372879
65,1,A2,16104,0.006965830769663825,0.9999457601008266,0.9913097454996896,0.9913097454996896,0.0021633630038628694
65,1,A3,193752,0.006965830769663825,0.9999553635305598,0.9964905037159373,0.9925681255161024,0.0019868388613044114
65,2,A1,10247,0.0054774702099706744,0.9999859485351227,0.9970731707317073,0.9970731707317073,0.0011038941540076057
65,2,A2,16104,0.0054774702099706744,0.9999798166258306,0.9968963376784605,0.9962756052141527,0.0013264655299421123
65,2,A3,193752,0.0054774702099706744,0.9999692533347222,0.9965421139554087,0.9942196531791907,0.0016689073306011082
66,1,A1,10247,0.006293885144174491,0.9999888388864409,0.9970731707317073,0.9921951219512195,0.0009886381187060784
66,1,A2,16104,0.006293885144174491,0.999965574282665,0.9950341402855369,0.9956548727498448,0.0017433718830581844
66,1,A3,193752,0.006293885144174491,0.9999774726287887,0.9965937241948802,0.9952002477291495,0.001422943825857217
66,2,A1,10247,0.006071929872943128,0.9999900867714065,0.9970731707317073,0.9970731707317073,0.0009218197131800896
66,2,A2,16104,0.006071929872943128,0.9999865724337458,0.9981378026070763,0.9962756052141527,0.001074247211801877
66,2,A3,193752,0.006071929872943128,0.9999728125958464,0.9965937241948802,0.99556151940545,0.0015389138536852842
67,1,A1,10247,0.004454107538691715,0.9999896571919591,0.9980487804878049,0.9970731707317073,0.0009778763173599598
67,1,A2,16104,0.004454107538691715,0.9999776027791928,0.9981378026070763,0.9956548727498448,0.0014092838304621549
67,1,A3,193752,0.004454107538691715,0.9999865479002537,0.9964905037159373,0.9971614368290669,0.0010731728925493433
67,2,A1,10247,0.004385989720243625,0.9999924523860261,0.9980487804878049,0.9980487804878049,0.0008324872382893006
67,2,A2,16104,0.004385989720243625,0.9999845190863991,0.9975170701427685,0.9956548727498448,0.0011772784526015575
67,2,A3,193752,0.004385989720243625,0.9999904796552674,0.997471098265896,0.9972130470685384,0.0009116622307263145
68,1,A1,10247,0.009774531639555745,0.999965943384842,0.9941463414634146,0.9892682926829268,0.0017519641168400584
68,1,A2,16104,0.009774531639555745,0.9999422835049904,0.9894475481067659,0.9950341402855369,0.0022416929673959797
68,1,A3,193752,0.009774531639555745,0.9998985310080084,0.9934971098265896,0.9893682906688687,0.003078073686059182
68,2,A1,10247,0.008259225729336277,0.9999700173576376,0.9980487804878049,0.9960975609756098,0.0015906894761363673
68,2,A2,16104,0.008259225729336277,0.9999714124152886,0.994413407821229,0.9956548727498448,0.0015212686094780352
68,2,A3,193752,0.008259225729336277,0.99991142265646,0.993239058629232,0.9911230388109001,0.002870102514123019
69,1,A1,10247,0.0067521546458266975,0.9999848541486624,0.9960975609756098,0.9960975609756098,0.0011799696134348575
69,1,A2,16104,0.0067521546458266975,0.9999563718683675,0.9956548727498448,0.994413407821229,0.0019243474914298984
69,1,A3,193752,0.0067521546458266975,0.9999741440721742,0.9962324525185797,0.9949938067712634,0.0015211571438985417
69,2,A1,10247,0.004393246236244749,0.9999931101443535,0.9970731707317073,0.9980487804878049,0.0007979351893656563
69,2,A2,16104,0.004393246236244749,0.9999842763132273,0.9962756052141527,0.9975170701427685,0.0011589934921273028
69,2,A3,193752,0.004393246236244749,0.9999864263366658,0.9973162675474814,0.9965421139554087,0.0011028471818927987
70,1,A1,10247,0.004457767536475154,0.9999941929094055,0.9980487804878049,0.9931707317073171,0.0007216502081422855
70,1,A2,16104,0.004457767536475154,0.9999855958013487,0.9962756052141527,0.9956548727498448,0.0011273437756421313
70,1,A3,193752,0.004457767536475154,0.9999922449083588,0.9981420313790256,0.99726465730801,0.0007840457486493867
70,2,A1,10247,0.004102279613773133,0.9999944825635277,0.9970731707317073,0.9980487804878049,0.0007110598337202645
70,2,A2,16104,0.004102279613773133,0.9999918196563599,0.9975170701427685,0.9975170701427685,0.0008439770157661242
70,2,A3,193752,0.004102279613773133,0.9999939381140179,0.9981420313790256,0.997883980181668,0.0007333938511871934
71,1,A1,10247,0.004307492233577195,0.9999936418962787,0.9980487804878049,0.9970731707317073,0.0007477451954771215
71,1,A2,16104,0.004307492233577195,0.9999842732790296,0.9975170701427685,0.9956548727498448,0.0011714790893469645
71,1,A3,193752,0.004307492233577195,0.999989814783366,0.9975743187448389,0.9968001651527663,0.000968074142466059
71,2,A1,10247,0.003742337622803151,0.9999942941896444,0.9970731707317073,0.9980487804878049,0.0007127931503972501
71,2,A2,16104,0.003742337622803151,0.9999885123319793,0.9962756052141527,0.9975170701427685,0.001001562373138929
71,2,A3,193752,0.003742337622803151,0.9999949703026292,0.9982452518579686,0.9979355904211396,0.0006598663086210891
72,1,A1,10247,0.006701404325859861,0.9999819907875629,0.9960975609756098,0.9951219512195122,0.0012659306921517298
72,1,A2,16104,0.006701404325859861,0.9999357867934264,0.9925512104283054,0.9950341402855369,0.0024361952820822624
72,1,A3,193752,0.006701404325859861,0.9999593406535765,0.9948389760528489,0.993445499587118,0.0019371828658621996
72,2,A1,10247,0.004819898098007199,0.9999898178618328,0.9980487804878049,0.9980487804878049,0.0009624288467551773
72,2,A2,16104,0.004819898098007199,0.9999761619260352,0.9950341402855369,0.9962756052141527,0.0014600745304551711
72,2,A3,193752,0.004819898098007199,0.9999784372763101,0.9969033856317093,0.9955099091659785,0.0014130881092478795
73,1,A1,10247,0.005976147263092008,0.9999900800573108,0.9980487804878049,0.9951219512195122,0.0009562384300516579
73,1,A2,16104,0.005976147263092008,0.9999760237982057,0.994413407821229,0.9931719428926132,0.001471603849691363
73,1,A3,193752,0.005976147263092008,0.9999857608239124,0.9965421139554087,0.9967485549132948,0.00113416015707216
73,2,A1,10247,0.004899030954132352,0.9999907172829966,0.9951219512195122,0.9980487804878049,0.0009101817297774729
73,2,A2,16104,0.004899030954132352,0.9999852060075047,0.9968963376784605,0.9975170701427685,0.0011585539127316755
73,2,A3,193752,0.004899030954132352,0.9999909132619385,0.9971098265895953,0.9973678777869529,0.0009051993897517324
74,1,A1,10247,0.004797091251305032,0.9999926070667479,0.9980487804878049,0.9970731707317073,0.0007561641621939081
74,1,A2,16104,0.004797091251305032,0.9999662862157889,0.9931719428926132,0.9956548727498448,0.0016984191059158688
74,1,A3,193752,0.004797091251305032,0.9999822656033781,0.997883980181668,0.995355078447564,0.0012136209165834967
74,2,A1,10247,0.0042198485452549055,0.999993583833849,0.9990243902439024,0.9970731707317073,0.0007283930004901192
74,2,A2,16104,0.0042198485452549055,0.9999795194640898,0.9962756052141527,0.9956548727498448,0.0013225324511391308
74,2,A3,193752,0.0042198485452549055,0.999987015259347,0.9978323699421965,0.9960776218001651,0.0010606934032614613
75,1,A1,10247,0.005814051544578876,0.9999837176596913,0.9951219512195122,0.9951219512195122,0.0012204644623938804
75,1,A2,16104,0.005814051544578876,0.9999465902067579,0.994413407821229,0.9950341402855369,0.002199022918343238
75,1,A3,193752,0.005814051544578876,0.9999697768873717,0.9953034682080925,0.9946841453344344,0.0016674828172426178
75,2,A1,10247,0.005921297393889066,0.9999870011090496,0.9960975609756098,0.9951219512195122,0.0010793801038616686
75,2,A2,16104,0.005921297393889066,0.9999701548064118,0.9950341402855369,0.9962756052141527,0.00163403229233529
75,2,A3,193752,0.005921297393889066,0.999975018656712,0.9958711808422791,0.9949938067712634,0.0015273576502266577
76,1,A1,10247,0.007301404546777017,0.9999744329128448,0.9980487804878049,0.9941463414634146,0.0015284995975610102
76,1,A2,16104,0.007301404546777017,0.9999477966623935,0.9925512104283054,0.9931719428926132,0.002137813415481931
76,1,A3,193752,0.007301404546777017,0.9999226478099693,0.9950970272502064,0.9906585466556564,0.002687254359831765
76,2,A1,10247,0.0061878648146223465,0.9999829187157515,0.9970731707317073,0.9941463414634146,0.001202445587927636
76,2,A2,16104,0.0061878648146223465,0.9999768652450257,0.9968963376784605,0.9968963376784605,0.0014209288284866698
76,2,A3,193752,0.0061878648146223465,0.9999492622868067,0.9961808422791082,0.9925165152766309,0.002107490742110166
77,1,A1,10247,0.006545117641044318,0.9999905164400781,0.9980487804878049,0.9970731707317073,0.0008869438578442613
77,1,A2,16104,0.006545117641044318,0.999959153411678,0.9931719428926132,0.9937926753569212,0.0018841452565280471
77,1,A3,193752,0.006545117641044318,0.9999814484651339,0.9974194880264244,0.9963356729975227,0.0012630140446118858
77,2,A1,10247,0.006379748116620711,0.9999910086100663,0.9990243902439024,0.9990243902439024,0.0008743915975131248
77,2,A2,16104,0.006379748116620711,0.9999807399586368,0.9968963376784605,0.9975170701427685,0.001282831490986679
77,2,A3,193752,0.006379748116620711,0.9999840257314773,0.9972130470685384,0.9966453344343518,0.001172610829636904
78,1,A1,10247,0.0031004791470352483,0.9999962497648427,0.9980487804878049,0.9980487804878049,0.0005732135393098937
78,1,A2,16104,0.0031004791470352483,0.9999955219637523,0.9975170701427685,0.9975170701427685,0.0006361562165842539
78,1,A3,193752,0.0031004791470352483,0.9999979096450925,0.9987097440132122,0.9988129644921553,0.00043341615419263164
78,2,A1,10247,0.0028707997842911323,0.9999964988109539,0.9990243902439024,0.9980487804878049,0.0005596136699981616
78,2,A2,16104,0.0028707997842911323,0.9999972289068572,0.9987585350713842,0.9993792675356921,0.0004727252244415275
78,2,A3,193752,0.0028707997842911323,0.9999927166760904,0.9979872006606111,0.9968517753922378,0.0008339095766374684
79,1,A1,10247,0.008459442327034435,0.9999715569154158,0.9960975609756098,0.9931707317073171,0.0016185558750202106
79,1,A2,16104,0.008459442327034435,0.9999365394698495,0.9906890130353817,0.9925512104283054,0.0023544335144955702
79,1,A3,193752,0.008459442327034435,0.9999412421629807,0.9955099091659785,0.9924649050371593,0.002257271571593002
79,2,A1,10247,0.007654210137811066,0.9999715296240662,0.9941463414634146,0.9951219512195122,0.0016189939660484598
79,2,A2,16104,0.007654210137811066,0.9999471520505323,0.9956548727498448,0.9950341402855369,0.0020966471906773876
79,2,A3,193752,0.007654210137811066,0.9999388320009288,0.9947873658133773,0.9918971924029728,0.0023202064204651705
80,1,A1,10247,0.0033383929744081192,0.9999979558366574,0.9980487804878049,0.9990243902439024,0.00042393878329302534
80,1,A2,16104,0.0033383929744081192,0.9999945725931623,0.9981378026070763,0.9981378026070763,0.0006912347436644424
80,1,A3,193752,0.0033383929744081192,0.9999967660752254,0.9985033030553262,0.9982452518579686,0.0005307531232088309
80,2,A1,10247,0.0045876426379799565,0.9999952702429549,0.9990243902439024,0.9980487804878049,0.0006470604487238785
80,2,A2,16104,0.0045876426379799565,0.9999885806301612,0.9968963376784605,0.9975170701427685,0.0009951769040234995
80,2,A3,193752,0.0045876426379799565,0.999990790100311,0.9982452518579686,0.9968001651527663,0.0008523803012357334
81,1,A1,10247,0.009150111203922572,0.9999711885100802,0.9941463414634146,0.9931707317073171,0.0016072226505937672
81,1,A2,16104,0.009150111203922572,0.9999464483005478,0.9931719428926132,0.9931719428926132,0.0021691083836829117
81,1,A3,193752,0.009150111203922572,0.9999649337897053,0.9957163501238646,0.9947873658133773,0.001774796227951195
81,2,A1,10247,0.00788338417266191,0.9999829289764959,0.9951219512195122,0.9951219512195122,0.001233892904781515
81,2,A2,16104,0.00788338417266191,0.9999682883380622,0.9950341402855369,0.9956548727498448,0.0016377417254808476
81,2,A3,193752,0.00788338417266191,0.9999706556020872,0.9960776218001651,0.9945293146160198,0.001634357154408635
82,1,A1,10247,0.005846950791235348,0.9999892519260146,0.9980487804878049,0.9941463414634146,0.000986447663564833
82,1,A2,16104,0.005846950791235348,0.9999701621936489,0.9937926753569212,0.9950341402855369,0.0016339320373854101
82,1,A3,193752,0.005846950791235348,0.9999809696284365,0.9965937241948802,0.9959744013212222,0.0013016796888050803
82,2,A1,10247,0.00511864106505109,0.9999914754516303,0.9960975609756098,0.9980487804878049,0.0008837629360304528
82,2,A2,16104,0.00511864106505109,0.999981634865952,0.9975170701427685,0.9975170701427685,0.0012817980938109937
82,2,A3,193752,0.00511864106505109,0.9999848742142718,0.9966453344343518,0.9962840627580511,0.0011759204870105343
83,1,A1,10247,0.0050371609633155165,0.9999922957200735,0.9980487804878049,0.9960975609756098,0.0008335729421419178
83,1,A2,16104,0.0050371609633155165,0.9999840673960706,0.9956548727498448,0.9968963376784605,0.0011792604158414913
83,1,A3,193752,0.0050371609633155165,0.9999910320698592,0.99726465730801,0.9973678777869529,0.0008822476121925411
83,2,A1,10247,0.005870567028142384,0.9999908010865111,0.9960975609756098,1.0,0.000902810372041282
83,2,A2,16104,0.005870567028142384,0.9999867561262605,0.9975170701427685,0.9975170701427685,0.0010753962877658853
83,2,A3,193752,0.005870567028142384,0.9999893290977324,0.9972130470685384,0.9972130470685384,0.0009599855619023406
84,1,A1,10247,0.006079056822402264,0.9999873717226758,0.9970731707317073,0.9912195121951219,0.0010777801192367591
84,1,A2,16104,0.006079056822402264,0.9999718888820254,0.9950341402855369,0.9950341402855369,0.0015379417788349895
84,1,A3,193752,0.006079056822402264,0.9999776172458743,0.9968517753922378,0.9958711808422791,0.0014212872390381244
84,2,A1,10247,0.006719362235483386,0.9999870226008479,0.9931707317073171,0.9980487804878049,0.001080999135922589
84,2,A2,16104,0.006719362235483386,0.9999718791904071,0.9956548727498448,0.9956548727498448,0.0015366384644865502
84,2,A3,193752,0.006719362235483386,0.9999732561111159,0.9965421139554087,0.9949938067712634,0.0015742094246865923
85,1,A1,10247,0.00421018039332121,0.9999940409165526,0.9990243902439024,0.9970731707317073,0.0007301263171671045
85,1,A2,16104,0.00421018039332121,0.9999856203306536,0.9968963376784605,0.9968963376784605,0.0011194004988439523
85,1,A3,193752,0.00421018039332121,0.9999900401104084,0.9981936416184971,0.9965421139554087,0.0009659917679754482
85,2,A1,10247,0.0022787174749304244,0.9999977976762051,1.0,0.9990243902439024,0.0004413481398069232
85,2,A2,16104,0.0022787174749304244,0.9999967181559843,0.9981378026070763,0.9987585350713842,0.0005344282901330128
85,2,A3,193752,0.0022787174749304244,0.9999984614136633,0.9989677952105698,0.9987097440132122,0.00037297588191499486
86,1,A1,10247,0.004591662845727731,0.9999950891631222,0.9970731707317073,0.9951219512195122,0.0006612507885519462
86,1,A2,16104,0.004591662845727731,0.999990857916242,0.9975170701427685,0.9987585350713842,0.0008818039795477434
86,1,A3,193752,0.004591662845727731,0.9999900037051389,0.9980388109000826,0.9968517753922378,0.0009424050915572125
86,2,A1,10247,0.00424132887134316,0.9999933720387012,0.9970731707317073,0.9990243902439024,0.0007589069929794675
86,2,A2,16104,0.00424132887134316,0.9999908526006495,0.9975170701427685,0.9975170701427685,0.0008621077378559482
86,2,A3,193752,0.00424132887134316,0.9999844486200559,0.997471098265896,0.9963356729975227,0.0011522430803114433
87,1,A1,10247,0.006332745041699263,0.999988474563097,0.9980487804878049,0.9970731707317073,0.001013761686804362
87,1,A2,16104,0.006332745041699263,0.999978519971771,0.9975170701427685,0.994413407821229,0.0013747344323496872
87,1,A3,193752,0.006332745041699263,0.9999808873354783,0.9971614368290669,0.9956131296449215,0.001295191115167167
87,2,A1,10247,0.006495558597186198,0.9999863840144981,0.9941463414634146,0.9980487804878049,0.0010569422242409118
87,2,A2,16104,0.006495558597186198,0.9999831899669982,0.9962756052141527,0.9962756052141527,0.001228061440675352
87,2,A3,193752,0.006495558597186198,0.9999602450325975,0.9963356729975227,0.9939099917423617,0.0018806542247945901
88,1,A1,10247,0.004765045857601357,0.9999910766432629,0.9980487804878049,0.9951219512195122,0.000891210483510687
88,1,A2,16104,0.004765045857601357,0.9999890808791471,0.9993792675356921,0.9975170701427685,0.000987704054297834
88,1,A3,193752,0.004765045857601357,0.9999828219343444,0.9971614368290669,0.9956131296449215,0.0012847206383048706
88,2,A1,10247,0.0042031609222477825,0.9999915117768959,0.9980487804878049,0.9990243902439024,0.000858772699984245
88,2,A2,16104,0.0042031609222477825,0.9999902904206998,0.9981378026070763,0.9962756052141527,0.0009210962079814539
88,2,A3,193752,0.0042031609222477825,0.9999805045895308,0.9965937241948802,0.9956131296449215,0.0013751508645848398
89,1,A1,10247,0.005934739204461175,0.9999837467801298,0.9960975609756098,0.9951219512195122,0.001220407320085848
89,1,A2,16104,0.005934739204461175,0.999971922614489,0.9956548727498448,0.9956548727498448,0.0015557100407214012
89,1,A3,193752,0.005934739204461175,0.9999760141598759,0.995767960363336,0.995355078447564,0.001491682642313869
89,2,A1,10247,0.00573931046554349,0.9999866298485502,0.9970731707317073,0.9970731707317073,0.0010997037180852233
89,2,A2,16104,0.00573931046554349,0.9999688673871169,0.994413407821229,0.9975170701427685,0.0016344872955693607
89,2,A3,193752,0.00573931046554349,0.9999797864048776,0.9960260115606936,0.99556151940545,0.0013628976415933716
90,1,A1,10247,0.004084099847549011,0.9999954749113463,0.9990243902439024,0.9951219512195122,0.0006125845895442775
90,1,A2,16104,0.004084099847549011,0.9999910783035857,0.9962756052141527,0.9968963376784605,0.0008871868991643735
90,1,A3,193752,0.004084099847549011,0.9999908892303757,0.9979355904211396,0.9973678777869529,0.0008887497713980514
90,2,A1,10247,0.0040456155533100426,0.9999941693989174,0.9951219512195122,0.9970731707317073,0.0006668888296111517
90,2,A2,16104,0.0040456155533100426,0.9999883616622245,0.9968963376784605,0.9975170701427685,0.0009965419137257109
90,2,A3,193752,0.0040456155533100426,0.9999888029199564,0.9974194880264244,0.9969033856317093,0.000984089395593778
91,1,A1,10247,0.00602601642983,0.9999909039839325,0.9990243902439024,0.9941463414634146,0.000850296590959426
91,1,A2,16104,0.00602601642983,0.99997759914735,0.994413407821229,0.9962756052141527,0.0014141114918948346
91,1,A3,193752,0.00602601642983,0.9999773858383482,0.9964905037159373,0.995355078447564,0.0014229317320382186
91,2,A1,10247,0.006405403755964396,0.9999875412368647,0.9970731707317073,0.9951219512195122,0.00100751412779281
91,2,A2,16104,0.006405403755964396,0.9999892697895624,0.9981378026070763,0.9968963376784605,0.0009627714194546179
91,2,A3,193752,0.006405403755964396,0.9999717348971112,0.995767960363336,0.994942196531792,0.0016173910181025806
92,1,A1,10247,0.008301129152048458,0.9999616726399665,0.9941463414634146,0.9912195121951219,0.00183263000834592
92,1,A2,16104,0.008301129152048458,0.9999187547784034,0.9894475481067659,0.9900682805710739,0.0026530698744302124
92,1,A3,193752,0.008301129152048458,0.9998971232729363,0.9941164327002477,0.9886973575557391,0.0031003073997749398
92,2,A1,10247,0.006243929973862826,0.999979177904865,0.9970731707317073,0.9931707317073171,0.0013315300617730253
92,2,A2,16104,0.006243929973862826,0.999967217944358,0.9956548727498448,0.9950341402855369,0.0016771342088644377
92,2,A3,193752,0.006243929973862826,0.9999439589373025,0.995355078447564,0.9917423616845582,0.002270649573028051
93,1,A1,10247,0.0037676485517880685,0.9999954651859453,0.9990243902439024,0.9970731707317073,0.0006330796306919298
93,1,A2,16104,0.0037676485517880685,0.9999846684545519,0.9962756052141527,0.9956548727498448,0.0011631887761838166
93,1,A3,193752,0.0037676485517880685,0.9999937100657572,0.9979355904211396,0.99726465730801,0.0007517122575981623
93,2,A1,10247,0.003740994096631804,0.9999954684203103,0.9980487804878049,0.9980487804878049,0.0006421271627970737
93,2,A2,16104,0.003740994096631804,0.9999917813524868,0.9975170701427685,0.9981378026070763,0.0008373601890740489
93,2,A3,193752,0.003740994096631804,0.9999941134780477,0.9981936416184971,0.9975743187448389,0.000732411268351131
94,1,A1,10247,0.006180021666586599,0.999979813602592,0.9970731707317073,0.9912195121951219,0.0013571679106436016
94,1,A2,16104,0.006180021666586599,0.9999796654302631,0.9968963376784605,0.9975170701427685,0.0013420436067696092
94,1,A3,193752,0.006180021666586599,0.9999590669352084,0.995767960363336,0.9937551610239471,0.00196691512029407
94,2,A1,10247,0.005105120754266029,0.999988673153113,0.9970731707317073,0.9980487804878049,0.0009826953186706996
94,2,A2,16104,0.005105120754266029,0.9999886142821726,0.9993792675356921,0.9968963376784605,0.0009983696385812142
94,2,A3,193752,0.005105120754266029,0.9999803915694002,0.9968001651527663,0.9956131296449215,0.0013419568476989857
95,1,A1,10247,0.004290481642846757,0.9999956002151107,0.9990243902439024,0.9970731707317073,0.0006160321754622377
95,1,A2,16104,0.004290481642846757,0.9999924223899714,0.9962756052141527,0.9962756052141527,0.0008115561073587998
95,1,A3,193752,0.004290481642846757,0.999988425784761,0.9977807597027251,0.9968001651527663,0.001055071588836252
95,2,A1,10247,0.004837784556761801,0.9999934507229966,0.9980487804878049,0.9990243902439024,0.000765421216095171
95,2,A2,16104,0.004837784556761801,0.9999917586592161,0.9962756052141527,0.9981378026070763,0.0008369283215976432
95,2,A3,193752,0.004837784556761801,0.9999906196203827,0.997471098265896,0.9968517753922378,0.0009532924588761694
96,1,A1,10247,0.004338245708542902,0.9999923583552262,0.9980487804878049,0.9970731707317073,0.0008236492279802759
96,1,A2,16104,0.004338245708542902,0.9999919970994617,0.9975170701427685,0.9975170701427685,0.000843105568894091
96,1,A3,193752,0.004338245708542902,0.9999920371957761,0.9977291494632535,0.99726465730801,0.0008581781419956143
96,2,A1,10247,0.00441194763388671,0.9999918730889343,0.9951219512195122,0.9980487804878049,0.0008443918857960689
96,2,A2,16104,0.00441194763388671,0.999991846490046,0.9981378026070763,0.9981378026070763,0.0008338975373435807
96,2,A3,193752,0.00441194763388671,0.99999509219952,0.9977291494632535,0.9979872006606111,0.0006682168508941237
97,1,A1,10247,0.00713132259883421,0.9999797800655719,0.9970731707317073,0.9921951219512195,0.0013456632592930607
97,1,A2,16104,0.00713132259883421,0.9999768329664487,0.9956548727498448,0.994413407821229,0.001440224050378945
97,1,A3,193752,0.00713132259883421,0.9999636507865681,0.9962840627580511,0.9937551610239471,0.0018243373054745548
97,2,A1,10247,0.006590638665319743,0.9999776453065483,0.9951219512195122,0.9951219512195122,0.0013517203439445044
97,2,A2,16104,0.006590638665319743,0.9999878325739939,0.9981378026070763,0.9962756052141527,0.0010325565764902696
97,2,A3,193752,0.006590638665319743,0.9999581669537967,0.9962840627580511,0.993445499587118,0.001918709157766737
98,1,A1,10247,0.006660078008976722,0.9999904033042182,0.9970731707317073,0.9970731707317073,0.0009083531759204333
98,1,A2,16104,0.006660078008976722,0.9999676788723244,0.9950341402855369,0.9937926753569212,0.0016984730893504195
98,1,A3,193752,0.006660078008976722,0.9999857128452092,0.9972130470685384,0.9970582163501238,0.001143140643467821
98,2,A1,10247,0.006142270483196304,0.9999893972716895,0.9970731707317073,0.9980487804878049,0.0009687335480747618
98,2,A2,16104,0.006142270483196304,0.9999903886787112,0.9975170701427685,0.9975170701427685,0.0009226000322296528
98,2,A3,193752,0.006142270483196304,0.9999834739477346,0.9970582163501238,0.9962324525185797,0.001243830210906605
99,1,A1,10247,0.004895264525633637,0.9999882551281559,0.9980487804878049,0.9951219512195122,0.0009886190712700676
99,1,A2,16104,0.004895264525633637,0.999931660046019,0.9913097454996896,0.9913097454996896,0.0024597089237887166
99,1,A3,193752,0.004895264525633637,0.99998114379111,0.9977291494632535,0.9950970272502064,0.0012338594698249443
99,2,A1,10247,0.004015690575888131,0.9999938588664107,0.9990243902439024,0.9970731707317073,0.0007352500774540176
99,2,A2,16104,0.004015690575888131,0.9999873274490294,0.9968963376784605,0.9962756052141527,0.0010499315304963836
99,2,A3,193752,0.004015690575888131,0.9999940872002778,0.9981420313790256,0.9973162675474814,0.0007069371037413854
100,1,A1,10247,0.003151222093844587,0.999996129312626,0.9980487804878049,0.9970731707317073,0.0005848134278404887
100,1,A2,16104,0.003151222093844587,0.9999955257162733,0.9981378026070763,0.9962756052141527,0.0006015065635219065
100,1,A3,193752,0.003151222093844587,0.9999955046950831,0.9984000825763831,0.9983484723369116,0.000623462528240996
100,2,A1,10247,0.00337729996154636,0.9999951895957344,1.0,0.9990243902439024,0.0006358986512215325
100,2,A2,16104,0.00337729996154636,0.9999973030694307,0.9987585350713842,0.9993792675356921,0.0004359702174317014
100,2,A3,193752,0.00337729996154636,0.999991567340023,0.9981936416184971,0.9975743187448389,0.0008683723257066978
101,1,A1,10247,0.0072108165376450935,0.9999824887013377,0.9970731707317073,0.9951219512195122,0.001236673830439096
101,1,A2,16104,0.0072108165376450935,0.999927099620959,0.9900682805710739,0.9937926753569212,0.0024586909504514744
101,1,A3,193752,0.0072108165376450935,0.9999637113801026,0.9969033856317093,0.9930842279108175,0.0017122309065176714
101,2,A1,10247,0.005290598181307785,0.9999896393583392,0.9980487804878049,0.9960975609756098,0.0009884095494739483
101,2,A2,16104,0.005290598181307785,0.999983538123949,0.9962756052141527,0.9981378026070763,0.0011633584384066903
101,2,A3,193752,0.005290598181307785,0.9999805320314415,0.9970582163501238,0.9952002477291495,0.0013441255305013905
102,1,A1,10247,0.005093013763922065,0.99999114348309,0.9990243902439024,0.9941463414634146,0.0008987151732989537
102,1,A2,16104,0.005093013763922065,0.9999764157383998,0.9968963376784605,0.9956548727498448,0.0014543060148774643
102,1,A3,193752,0.005093013763922065,0.9999866305558457,0.9966969446738233,0.9968001651527663,0.0010951426733165647
102,2,A1,10247,0.004645012287250623,0.9999932532259729,0.9980487804878049,0.9990243902439024,0.0007842400828738703
102,2,A2,16104,0.004645012287250623,0.999985962712285,0.9962756052141527,0.9968963376784605,0.0011149661452915709
102,2,A3,193752,0.004645012287250623,0.9999910043882494,0.9976259289843105,0.9975743187448389,0.0009076259852315422
103,1,A1,10247,0.004280447501201219,0.9999954544567754,0.9980487804878049,0.9980487804878049,0.000628603483229385
103,1,A2,16104,0.004280447501201219,0.9999884904317375,0.9962756052141527,0.9956548727498448,0.0010120660071186568
103,1,A3,193752,0.004280447501201219,0.9999911123431502,0.9983484723369116,0.9971614368290669,0.0009074356807317096
103,2,A1,10247,0.002726255446128527,0.9999979351032618,0.9990243902439024,0.9990243902439024,0.0004275958910071045
103,2,A2,16104,0.002726255446128527,0.9999961933748205,0.9987585350713842,0.9987585350713842,0.0005701498999671534
103,2,A3,193752,0.002726255446128527,0.9999982637063486,0.9992258464079273,0.9989677952105698,0.0003847283568678497
104,1,A1,10247,0.007789543335673266,0.9999789832183932,0.9980487804878049,0.9941463414634146,0.0013783677069236543
104,1,A2,16104,0.007789543335673266,0.9999718680506491,0.9968963376784605,0.9950341402855369,0.0015810514072833585
104,1,A3,193752,0.007789543335673266,0.9999767360117378,0.9964905037159373,0.9961292320396367,0.0014237760084684675
104,2,A1,10247,0.00647803521619985,0.9999854707636353,0.9941463414634146,0.9970731707317073,0.0011483127747848594
104,2,A2,16104,0.00647803521619985,0.9999884627676695,0.9987585350713842,0.9956548727498448,0.000999264221210912
104,2,A3,193752,0.00647803521619985,0.9999863678339315,0.9970582163501238,0.9968001651527663,0.0011077098561113688
105,1,A1,10247,0.005842244503461207,0.9999854225492898,0.9970731707317073,0.9960975609756098,0.0011545031914883788
105,1,A2,16104,0.005842244503461207,0.9999642504443774,0.9956548727498448,0.9956548727498448,0.0017493023489395432
105,1,A3,193752,0.005842244503461207,0.999974077415905,0.99556151940545,0.9948389760528489,0.0015450399856903974
105,2,A1,10247,0.004811226912741929,0.9999903593503121,0.9990243902439024,0.9980487804878049,0.0009387338363577059
105,2,A2,16104,0.004811226912741929,0.9999812756985412,0.9968963376784605,0.9968963376784605,0.0012486137054007372
105,2,A3,193752,0.004811226912741929,0.9999816908310835,0.9970066061106524,0.9956131296449215,0.0012770130396779673
106,1,A1,10247,0.003671684416942333,0.9999918710590915,0.9990243902439024,0.9960975609756098,0.0008645440730955261
106,1,A2,16104,0.003671684416942333,0.9999899726631923,0.9981378026070763,0.9968963376784605,0.0009386562480488844
106,1,A3,193752,0.003671684416942333,0.9999924344907272,0.998090421139554,0.997677539223782,0.0008141460920480386
106,2,A1,10247,0.004235676996906749,0.9999930276011262,0.9970731707317073,0.9970731707317073,0.000788506708540296
106,2,A2,16104,0.004235676996906749,0.9999894032971361,0.9981378026070763,0.9956548727498448,0.0009687173091744199
106,2,A3,193752,0.004235676996906749,0.9999927033590099,0.9979355904211396,0.9973162675474814,0.0008138180139097492
107,1,A1,10247,0.007950503028861616,0.9999749618430651,0.9960975609756098,0.9921951219512195,0.0015080807461574012
107,1,A2,16104,0.007950503028861616,0.9999733923643576,0.9956548727498448,0.9968963376784605,0.0015411884968272547
107,1,A3,193752,0.007950503028861616,0.9999467985952862,0.995148637489678,0.9920520231213873,0.0022490929533459923
107,2,A1,10247,0.007507228107265472,0.9999744030228505,0.9970731707317073,0.9980487804878049,0.001470862056192241
107,2,A2,16104,0.007507228107265472,0.9999812364321149,0.9975170701427685,0.9962756052141527,0.0012581764852354382
107,2,A3,193752,0.007507228107265472,0.99992870440337,0.9940648224607762,0.9915359207266722,0.0025326880541203527
108,1,A1,10247,0.0058608766128533385,0.9999833463545799,0.9960975609756098,0.9951219512195122,0.0012343881381177966
108,1,A2,16104,0.0058608766128533385,0.9999812249791675,0.9956548727498448,0.9937926753569212,0.0012760064424756222
108,1,A3,193752,0.0058608766128533385,0.9999773627518171,0.9968517753922378,0.9954582989265071,0.0014617720173709574
108,2,A1,10247,0.007065469461503555,0.9999745165825236,0.9941463414634146,0.9951219512195122,0.0015137378346526174
108,2,A2,16104,0.007065469461503555,0.9999804235400839,0.9975170701427685,0.9968963376784605,0.0012895100130325267
108,2,A3,193752,0.007065469461503555,0.9999685925022753,0.9956131296449215,0.9943744838976053,0.001729420112515999
109,1,A1,10247,0.006440010966185496,0.9999830055082656,0.9960975609756098,0.9931707317073171,0.0012154930815950538
109,1,A2,16104,0.006440010966185496,0.999968217520002,0.9956548727498448,0.9968963376784605,0.001650466392196377
109,1,A3,193752,0.006440010966185496,0.9999639936584427,0.9959744013212222,0.9935487200660611,0.001796218270598937
109,2,A1,10247,0.005960252713123483,0.9999827648045857,0.9990243902439024,0.9980487804878049,0.0011704649428654539
109,2,A2,16104,0.005960252713123483,0.9999838703025156,0.9975170701427685,0.9968963376784605,0.0011652170109390798
109,2,A3,193752,0.005960252713123483,0.9999508238545628,0.995355078447564,0.9933422791081751,0.0021310493416887006
110,1,A1,10247,0.004523019671619721,0.9999907390647724,0.9980487804878049,0.9970731707317073,0.0009092484054129422
110,1,A2,16104,0.004523019671619721,0.9999844344794043,0.9962756052141527,0.9956548727498448,0.001147248239152908
110,1,A3,193752,0.004523019671619721,0.9999838607597287,0.9966969446738233,0.9964905037159373,0.0012158009473306002
110,2,A1,10247,0.005490370419949774,0.9999863001440658,0.9960975609756098,0.9960975609756098,0.0010986942039766495
110,2,A2,16104,0.005490370419949774,0.9999880812000642,0.9981378026070763,0.9975170701427685,0.0009742390433370374
110,2,A3,193752,0.005490370419949774,0.9999683310802694,0.9957163501238646,0.9944777043765483,0.001683379849293873
111,1,A1,10247,0.004413421048729126,0.9999936978954065,0.9990243902439024,0.9970731707317073,0.0007503165993385835
111,1,A2,16104,0.004413421048729126,0.9999915607352796,0.9975170701427685,0.9968963376784605,0.0008775855597335649
111,1,A3,193752,0.004413421048729126,0.9999935192559962,0.9979872006606111,0.9977807597027251,0.0007608949824824474
111,2,A1,10247,0.0047259369460462275,0.9999933960399208,0.9951219512195122,0.9970731707317073,0.0007561832096299189
111,2,A2,16104,0.0047259369460462275,0.9999931063027387,0.9975170701427685,0.9975170701427685,0.0007812328409797321
111,2,A3,193752,0.0047259369460462275,0.999990760691345,0.9979355904211396,0.9968517753922378,0.0009094257799161303
112,1,A1,10247,0.0035453490795847933,0.9999944264194113,0.9970731707317073,0.9970731707317073,0.0007054027452250483
112,1,A2,16104,0.0035453490795847933,0.9999894400637973,0.9987585350713842,0.9962756052141527,0.000976691433649485
112,1,A3,193752,0.0035453490795847933,0.9999895723403606,0.9979355904211396,0.9975743187448389,0.0009781895298850785
112,2,A1,10247,0.0033700117397243434,0.9999954191018193,0.9990243902439024,0.9990243902439024,0.0006397843281677417
112,2,A2,16104,0.0033700117397243434,0.9999907969478313,0.9981378026070763,0.9956548727498448,0.000904515581655158
112,2,A3,193752,0.0033700117397243434,0.9999910029074622,0.997471098265896,0.9973162675474814,0.000911985354128186
113,1,A1,10247,0.007275100466048245,0.9999850454557804,0.9970731707317073,0.9960975609756098,0.0011470365965721339
113,1,A2,16104,0.007275100466048245,0.9999276200232237,0.9906890130353817,0.9937926753569212,0.00251430931187717
113,1,A3,193752,0.007275100466048245,0.9999781363242431,0.9956131296449215,0.9945293146160198,0.001405090685178902
113,2,A1,10247,0.007044233909834326,0.9999864234402931,0.9951219512195122,0.9951219512195122,0.0011039322488796274
113,2,A2,16104,0.007044233909834326,0.9999550912156783,0.9931719428926132,0.9956548727498448,0.0019744595425314196
113,2,A3,193752,0.007044233909834326,0.9999819604368148,0.9968517753922378,0.99556151940545,0.0012803266395300377
114,1,A1,10247,0.004720564471441636,0.9999945839999087,0.9970731707317073,0.9941463414634146,0.0006980504349248682
114,1,A2,16104,0.004720564471441636,0.9999891545762469,0.9975170701427685,0.9968963376784605,0.0009861616704535275
114,1,A3,193752,0.004720564471441636,0.9999888955382568,0.9975227085053675,0.9970582163501238,0.0010033612957431304
114,2,A1,10247,0.004734096300684207,0.999991392707649,0.9970731707317073,0.9980487804878049,0.0008529441845649312
114,2,A2,16104,0.004734096300684207,0.9999920337713042,0.9987585350713842,0.9962756052141527,0.0008217821122465524
114,2,A3,193752,0.004734096300684207,0.9999779358009596,0.9973162675474814,0.9959744013212222,0.0013678633530187377
115,1,A1,10247,0.00527925474021957,0.9999905667288786,0.9970731707317073,0.9960975609756098,0.0009234006503689885
115,1,A2,16104,0.00527925474021957,0.9999824079140246,0.9962756052141527,0.9968963376784605,0.0012136093040541992
115,1,A3,193752,0.00527925474021957,0.9999908041875859,0.9979355904211396,0.9971614368290669,0.0008928927834711174
115,2,A1,10247,0.0055248788067449525,0.9999877456710438,0.9960975609756098,0.9980487804878049,0.001072656358949846
115,2,A2,16104,0.0055248788067449525,0.9999820058138652,0.9968963376784605,0.9968963376784605,0.0012305986620992362
115,2,A3,193752,0.0055248788067449525,0.9999885895726398,0.9972130470685384,0.9968001651527663,0.0010144199477672838
116,1,A1,10247,0.005822701752320546,0.9999846937464604,0.9980487804878049,0.9941463414634146,0.001139779523452008
116,1,A2,16104,0.005822701752320546,0.9999774369240829,0.9950341402855369,0.9956548727498448,0.0013723591612294552
116,1,A3,193752,0.005822701752320546,0.9999770774920818,0.9965937241948802,0.9957163501238646,0.00142465054608458
116,2,A1,10247,0.0052838737225562316,0.9999881780052783,0.9941463414634146,0.9970731707317073,0.0009922761789841468
116,2,A2,16104,0.0052838737225562316,0.9999846334348532,0.9981378026070763,0.9956548727498448,0.0011228323028975348
116,2,A3,193752,0.0052838737225562316,0.9999810494469796,0.9968517753922378,0.9960260115606936,0.0012912314816182961
117,1,A1,10247,0.006834067370456401,0.9999820936403726,0.9960975609756098,0.9931707317073171,0.0013028636705767274
117,1,A2,16104,0.006834067370456401,0.9999660783674972,0.9937926753569212,0.9919304779639975,0.0017279788922920046
117,1,A3,193752,0.006834067370456401,0.9999741558125326,0.9971614368290669,0.9945809248554913,0.0015317732260794392
117,2,A1,10247,0.006930864519386976,0.9999784921971621,0.9941463414634146,0.9980487804878049,0.001428691032864265
117,2,A2,16104,0.006930864519386976,0.9999629728632388,0.9956548727498448,0.9956548727498448,0.0017993449927680707
117,2,A3,193752,0.006930864519386976,0.9999763056978865,0.9961292320396367,0.9950454170107349,0.0014538623933623726
118,1,A1,10247,0.004963782564254022,0.9999881293559661,0.9960975609756098,0.9941463414634146,0.0010189806842713291
118,1,A2,16104,0.004963782564254022,0.9999717773264125,0.9962756052141527,0.994413407821229,0.001558817944167679
118,1,A3,193752,0.004963782564254022,0.9999857474477777,0.9971098265895953,0.9965937241948802,0.0011455699560611503
118,2,A1,10247,0.005512436165289205,0.9999871140776146,0.9951219512195122,0.9960975609756098,0.0010669802230186187
118,2,A2,16104,0.005512436165289205,0.9999776235301171,0.9968963376784605,0.9975170701427685,0.0013821147390446944
118,2,A3,193752,0.005512436165289205,0.9999867202886643,0.9968001651527663,0.9964388934764657,0.0011053617905399445
119,1,A1,10247,0.005772679440662232,0.9999921715650663,0.9960975609756098,0.9951219512195122,0.0008383348011446253
119,1,A2,16104,0.005772679440662232,0.9999814610805524,0.994413407821229,0.9956548727498448,0.0012712327644774934
119,1,A3,193752,0.005772679440662232,0.999990490164828,0.997677539223782,0.99726465730801,0.0009168929939116658
119,2,A1,10247,0.00404754743285133,0.9999949420441229,0.9960975609756098,0.9980487804878049,0.0006736697168310069
119,2,A2,16104,0.00404754743285133,0.9999876825564767,0.9981378026070763,0.9968963376784605,0.0010393199296475542
119,2,A3,193752,0.00404754743285133,0.9999916539436025,0.9977807597027251,0.9974194880264244,0.000868649897499567
120,1,A1,10247,0.005322815725632396,0.9999923515519065,0.9990243902439024,0.9960975609756098,0.00079709710218118
120,1,A2,16104,0.005322815725632396,0.9999945694842589,0.9968963376784605,0.9981378026070763,0.0006564462760561072
120,1,A3,193752,0.005322815725632396,0.9999789012494235,0.9968001651527663,0.9958195706028076,0.0013655187504351325
120,2,A1,10247,0.005180511010203996,0.9999919404417988,0.9980487804878049,0.9951219512195122,0.0007927161918986893
120,2,A2,16104,0.005180511010203996,0.9999930298645167,0.9981378026070763,0.9987585350713842,0.0007559454578523254
120,2,A3,193752,0.005180511010203996,0.9999714928866998,0.9963872832369942,0.9947873658133773,0.0015697658785475813
121,1,A1,10247,0.008731746385598073,0.9999636632689904,0.9951219512195122,0.9941463414634146,0.001840306125058284
121,1,A2,16104,0.008731746385598073,0.9999297499553305,0.9906890130353817,0.9913097454996896,0.002498438182119255
121,1,A3,193752,0.008731746385598073,0.9999292585403798,0.9946841453344344,0.9908649876135426,0.0026009718872543365
121,2,A1,10247,0.005577318835244243,0.999984595299079,0.9960975609756098,0.9931707317073171,0.001183379104480796
121,2,A2,16104,0.005577318835244243,0.9999706353704649,0.9962756052141527,0.9962756052141527,0.0016237445920937652
121,2,A3,193752,0.005577318835244243,0.9999787746905395,0.9964905037159373,0.995148637489678,0.0013967833503385001
122,1,A1,10247,0.005289517687914094,0.9999884790689022,0.9980487804878049,0.9960975609756098,0.001022485412497322
122,1,A2,16104,0.005289517687914094,0.9999684726339687,0.9968963376784605,0.994413407821229,0.001685632743846567
122,1,A3,193752,0.005289517687914094,0.9999858757690571,0.9963356729975227,0.9966453344343518,0.0011095148719160528
122,2,A1,10247,0.004140564330425839,0.9999937819665926,0.9970731707317073,0.9970731707317073,0.0007471547249607858
122,2,A2,16104,0.004140564330425839,0.9999830188738749,0.9968963376784605,0.9956548727498448,0.0012440559611408115
122,2,A3,193752,0.004140564330425839,0.9999925917006515,0.9978323699421965,0.9974194880264244,0.0008060405694823756
123,1,A1,10247,0.0031905749494025477,0.9999960149499378,0.9970731707317073,0.9990243902439024,0.0006000704240851628
123,1,A2,16104,0.0031905749494025477,0.9999922291926023,0.9981378026070763,0.9968963376784605,0.000839488678779192
123,1,A3,193752,0.0031905749494025477,0.9999939637924178,0.9978323699421965,0.997677539223782,0.0007407794452236743
123,2,A1,10247,0.0034666801494389957,0.999996351424283,0.9980487804878049,0.9980487804878049,0.0005647374302850747
123,2,A2,16104,0.0034666801494389957,0.9999922107575523,0.9975170701427685,0.9981378026070763,0.0008405683474702067
123,2,A3,193752,0.0034666801494389957,0.9999947692992626,0.9982452518579686,0.9980388109000826,0.0006743347782819428
124,1,A1,10247,0.004286425452888033,0.9999905676099643,0.9960975609756098,0.9970731707317073,0.0009199149695790066
124,1,A2,16104,0.004286425452888033,0.9999801705322413,0.994413407821229,0.9950341402855369,0.0012919855391026385
124,1,A3,193752,0.004286425452888033,0.9999879747342354,0.9973678777869529,0.9968001651527663,0.0010396409946058353
124,2,A1,10247,0.005096320498054745,0.9999915879740762,0.9960975609756098,1.0,0.0008657250141281975
124,2,A2,16104,0.005096320498054745,0.9999859160701144,0.9981378026070763,0.9968963376784605,0.001084550335881845
124,2,A3,193752,0.005096320498054745,0.9999903110330148,0.9975227085053675,0.9968001651527663,0.0009196267830493803
125,1,A1,10247,0.0035516512753208697,0.999994779612078,0.9980487804878049,0.9951219512195122,0.0006839553322768546
125,1,A2,16104,0.0035516512753208697,0.9999960983923635,0.9981378026070763,0.9987585350713842,0.0005861521323518343
125,1,A3,193752,0.0035516512753208697,0.9999933626190343,0.9977807597027251,0.9969549958711809,0.0008131421985177062
125,2,A1,10247,0.004657083440540225,0.999990590763557,0.9980487804878049,0.9990243902439024,0.0008851153039872218
125,2,A2,16104,0.004657083440540225,0.9999925824611419,0.9987585350713842,0.9975170701427685,0.0007916439319288016
125,2,A3,193752,0.004657083440540225,0.9999871618358869,0.9973162675474814,0.9960776218001651,0.001091950650975306
126,1,A1,10247,0.007491876496713082,0.9999843888350571,0.9960975609756098,0.9960975609756098,0.001201664643051192
126,1,A2,16104,0.007491876496713082,0.9999580292155562,0.9956548727498448,0.9931719428926132,0.0019381286910787779
126,1,A3,193752,0.007491876496713082,0.9999780859534868,0.9961808422791082,0.9958711808422791,0.0014042825836521767
126,2,A1,10247,0.006227563864569418,0.9999902644272733,0.9970731707317073,0.9980487804878049,0.0009356291042879407
126,2,A2,16104,0.006227563864569418,0.9999780402869456,0.9956548727498448,0.9956548727498448,0.0014048880365058812
126,2,A3,193752,0.006227563864569418,0.9999746264269017,0.9963872832369942,0.994942196531792,0.001543659958406196
127,1,A1,10247,0.006095913198972611,0.9999859179201842,0.9970731707317073,0.9941463414634146,0.0011192273399963232
127,1,A2,16104,0.006095913198972611,0.999979777063455,0.9956548727498448,0.9968963376784605,0.0013581075345080623
127,1,A3,193752,0.006095913198972611,0.9999719901646827,0.9963356729975227,0.9950454170107349,0.0016304034345774243
127,2,A1,10247,0.005631192524514477,0.9999879589383854,0.9951219512195122,0.9980487804878049,0.0009997999162084242
127,2,A2,16104,0.005631192524514477,0.9999849946336821,0.9987585350713842,0.9968963376784605,0.0011822757762571107
127,2,A3,193752,0.005631192524514477,0.999981543126983,0.9969033856317093,0.9961292320396367,0.0012834639999404938
128,1,A1,10247,0.006308881954775136,0.9999870524127714,0.9960975609756098,0.9960975609756098,0.0010874943116022818
128,1,A2,16104,0.006308881954775136,0.9999584808426727,0.9931719428926132,0.994413407821229,0.0019397019225999707
128,1,A3,193752,0.006308881954775136,0.9999799994865448,0.9960260115606936,0.9961808422791082,0.0013356080189387493
128,2,A1,10247,0.00771631174123694,0.9999768570137073,0.9951219512195122,0.9980487804878049,0.0014270148584953123
128,2,A2,16104,0.00771631174123694,0.9999605237513446,0.9962756052141527,0.994413407821229,0.0018709887223361118
128,2,A3,193752,0.00771631174123694,0.9999577963692244,0.9942196531791907,0.9936003303055326,0.001993507510308908
129,1,A1,10247,0.0038202654426997378,0.9999965071422321,0.9980487804878049,0.9970731707317073,0.0005499756673766821
129,1,A2,16104,0.0038202654426997378,0.9999868592056581,0.9956548727498448,0.9956548727498448,0.0010677614877365677
129,1,A3,193752,0.0038202654426997378,0.9999955064182074,0.9986065235342692,0.998090421139554,0.0006404635075321823
129,2,A1,10247,0.0038045546909414897,0.9999970929638191,0.9980487804878049,1.0,0.0005005856658006019
129,2,A2,16104,0.0038045546909414897,0.999995449344137,0.9975170701427685,0.9981378026070763,0.000625390377350994
129,2,A3,193752,0.0038045546909414897,0.9999973768577841,0.9986581337737407,0.9986065235342692,0.0004804891869358263
130,1,A1,10247,0.0068605964112611086,0.9999822325842354,0.9970731707317073,0.9921951219512195,0.0012849209858545264
130,1,A2,16104,0.0068605964112611086,0.9999748073119028,0.9968963376784605,0.9950341402855369,0.0014643623575423435
130,1,A3,193752,0.0068605964112611086,0.999974295536624,0.9966969446738233,0.9948905862923204,0.0015728877354279558
130,2,A1,10247,0.004530236574973291,0.9999908073098757,0.9970731707317073,0.9990243902439024,0.0009202197285551798
130,2,A2,16104,0.004530236574973291,0.9999892521101886,0.9981378026070763,0.9962756052141527,0.0009693959580659148
130,2,A3,193752,0.004530236574973291,0.9999899151057229,0.997677539223782,0.9968517753922378,0.0009709833186176169
131,1,A1,10247,0.005351711590191325,0.9999876867386817,0.9980487804878049,0.9931707317073171,0.0010574184101411826
131,1,A2,16104,0.005351711590191325,0.9999669735477754,0.9931719428926132,0.9937926753569212,0.0017106116502051123
131,1,A3,193752,0.005351711590191325,0.9999779896833014,0.9964388934764657,0.9954582989265071,0.0014268839601208306
131,2,A1,10247,0.004679142782706366,0.9999935092650044,0.9970731707317073,0.9970731707317073,0.0007504880262626809
131,2,A2,16104,0.004679142782706366,0.9999858900783032,0.9981378026070763,0.9981378026070763,0.0011218220414795138
131,2,A3,193752,0.004679142782706366,0.999982737030145,0.9969549958711809,0.995767960363336,0.0012689659616913402
132,1,A1,10247,0.006647600589613625,0.9999881713469473,0.9980487804878049,0.9941463414634146,0.0010153616714292718
132,1,A2,16104,0.006647600589613625,0.9999681772134434,0.9950341402855369,0.994413407821229,0.0016670238827650081
132,1,A3,193752,0.006647600589613625,0.99998350511445,0.9969549958711809,0.9959227910817506,0.0012181390501524532
132,2,A1,10247,0.0060980081906969776,0.9999872869153928,0.9931707317073171,0.9970731707317073,0.001034085301027917
132,2,A2,16104,0.0060980081906969776,0.9999744065018522,0.9956548727498448,0.9950341402855369,0.0014933823095729718
132,2,A3,193752,0.0060980081906969776,0.9999872243845581,0.9976259289843105,0.9965421139554087,0.0010752443985858763
133,1,A1,10247,0.004509385798093082,0.9999922278095598,0.9960975609756098,0.9970731707317073,0.0008484680371023863
133,1,A2,16104,0.004509385798093082,0.999978450331761,0.9950341402855369,0.9950341402855369,0.0013765313095283045
133,1,A3,193752,0.004509385798093082,0.9999904238310303,0.9981420313790256,0.9972130470685384,0.0009360422510154933
133,2,A1,10247,0.003530556360270682,0.9999939671618759,0.9960975609756098,0.9990243902439024,0.0007334977133410213
133,2,A2,16104,0.003530556360270682,0.9999921962732808,0.9993792675356921,0.9981378026070763,0.0007986463545819535
133,2,A3,193752,0.003530556360270682,0.9999953300209401,0.998090421139554,0.9974194880264244,0.000643219726175616
134,1,A1,10247,0.005361238723384745,0.999984176649555,0.9960975609756098,0.9951219512195122,0.0012166549751917144
134,1,A2,16104,0.005361238723384745,0.999958412058904,0.9931719428926132,0.9919304779639975,0.0019235068922347513
134,1,A3,193752,0.005361238723384745,0.9999758464530188,0.9963356729975227,0.9959744013212222,0.0014890310591793017
134,2,A1,10247,0.005226399997078447,0.999984699200269,0.9960975609756098,0.9990243902439024,0.0012067693559020942
134,2,A2,16104,0.005226399997078447,0.9999741597233093,0.9962756052141527,0.9956548727498448,0.0015131865181338686
134,2,A3,193752,0.005226399997078447,0.9999792314200991,0.9961808422791082,0.9954066886870355,0.0014114053102748348
135,1,A1,10247,0.005481805941537913,0.9999862485726723,0.9970731707317073,0.9951219512195122,0.0011309415131429833
135,1,A2,16104,0.005481805941537913,0.9999828680288492,0.9950341402855369,0.9956548727498448,0.0011965274029785036
135,1,A3,193752,0.005481805941537913,0.9999686468883573,0.9962324525185797,0.9941164327002477,0.0017396200501145354
135,2,A1,10247,0.005559100532975231,0.9999893781554766,0.9980487804878049,0.9960975609756098,0.0009782953609521982
135,2,A2,16104,0.005559100532975231,0.9999827539533582,0.9968963376784605,0.9975170701427685,0.0012205963028689081
135,2,A3,193752,0.005559100532975231,0.9999762568335788,0.9966453344343518,0.994942196531792,0.0014845416417708743
136,1,A1,10247,0.006119348043379474,0.9999876310183784,0.9960975609756098,0.9951219512195122,0.0010418757023563459
136,1,A2,16104,0.006119348043379474,0.9999506715561307,0.9925512104283054,0.9931719428926132,0.002093253946219913
136,1,A3,193752,0.006119348043379474,0.9999817810000299,0.9971098265895953,0.9954582989265071,0.0012866165974973528
136,2,A1,10247,0.004730822335995782,0.9999904837395319,0.9970731707317073,0.9980487804878049,0.0009206768670194398
136,2,A2,16104,0.004730822335995782,0.9999793195949335,0.9968963376784605,0.9962756052141527,0.0013538891146938838
136,2,A3,193752,0.004730822335995782,0.9999874467205702,0.9973162675474814,0.9963872832369942,0.0010664738758055122
137,1,A1,10247,0.00539818314435456,0.9999928239588088,0.9970731707317073,0.9960975609756098,0.0008004684983550967
137,1,A2,16104,0.00539818314435456,0.9999893462766303,0.9962756052141527,0.9956548727498448,0.0009732519176766812
137,1,A3,193752,0.00539818314435456,0.9999898477793434,0.997883980181668,0.9965937241948802,0.0009613735806968932
137,2,A1,10247,0.0048979002367123756,0.9999898958323372,0.9990243902439024,0.9980487804878049,0.0009497813492439868
137,2,A2,16104,0.0048979002367123756,0.9999915849600154,0.9968963376784605,0.9981378026070763,0.000838416722007399
137,2,A3,193752,0.0048979002367123756,0.9999867506024736,0.9968517753922378,0.9964388934764657,0.0010983368267272508
138,1,A1,10247,0.005052642643480688,0.9999943241911688,0.9990243902439024,0.9970731707317073,0.0007082408131906618
138,1,A2,16104,0.005052642643480688,0.9999842476693662,0.9962756052141527,0.9975170701427685,0.0011755818303728202
138,1,A3,193752,0.005052642643480688,0.9999906095321626,0.9979355904211396,0.9970582163501238,0.0008823550180916626
138,2,A1,10247,0.0055275897984295615,0.9999921402586429,0.9980487804878049,0.9960975609756098,0.0008361824408754014
138,2,A2,16104,0.0055275897984295615,0.9999882290511181,0.9981378026070763,0.9975170701427685,0.0010084182693268716
138,2,A3,193752,0.0055275897984295615,0.9999847484377106,0.997471098265896,0.9963356729975227,0.0011405576807688037
139,1,A1,10247,0.009101239879409907,0.9999688484134859,0.9980487804878049,0.9931707317073171,0.0017020979293637074
139,1,A2,16104,0.009101239879409907,0.9999341494817118,0.9919304779639975,0.9900682805710739,0.0024019543607386564
139,1,A3,193752,0.009101239879409907,0.9999085207812968,0.9941164327002477,0.9894715111478117,0.0029826619784400865
139,2,A1,10247,0.006149678432380092,0.9999846141587734,0.9960975609756098,0.9960975609756098,0.0011878933468153626
139,2,A2,16104,0.006149678432380092,0.9999774925050687,0.9975170701427685,0.9975170701427685,0.00139899613022063
139,2,A3,193752,0.006149678432380092,0.9999708458278481,0.9965937241948802,0.9942196531791907,0.001653769971523849
140,1,A1,10247,0.004624737165823647,0.999995860324981,0.9990243902439024,0.9951219512195122,0.000569289767491663
140,1,A2,16104,0.004624737165823647,0.9999845600451952,0.9962756052141527,0.9962756052141527,0.0011504795333067304
140,1,A3,193752,0.004624737165823647,0.9999918219221968,0.998090421139554,0.9970582163501238,0.0008410056648922888
140,2,A1,10247,0.005041475725833196,0.9999927308871654,0.9960975609756098,0.9960975609756098,0.000763421235314034
140,2,A2,16104,0.005041475725833196,0.9999946543527234,0.9987585350713842,0.9981378026070763,0.0006824045961557871
140,2,A3,193752,0.005041475725833196,0.9999884002749237,0.9973678777869529,0.9966969446738233,0.001039946057194313
141,1,A1,10247,0.0048463281770670386,0.9999922585806401,0.9990243902439024,0.9960975609756098,0.0008401252601296431
141,1,A2,16104,0.0048463281770670386,0.9999799226359875,0.9968963376784605,0.9962756052141527,0.0013084967581559405
141,1,A3,193752,0.0048463281770670386,0.9999863582418587,0.997471098265896,0.9965937241948802,0.0011069462406589324
141,2,A1,10247,0.004540680347225243,0.9999923667757283,0.9941463414634146,0.9960975609756098,0.0008226778087437236
141,2,A2,16104,0.004540680347225243,0.9999920673428634,0.9981378026070763,0.9975170701427685,0.0008156280007077691
141,2,A3,193752,0.004540680347225243,0.9999881190621281,0.9974194880264244,0.9969033856317093,0.0010423276871092126
142,1,A1,10247,0.003983800899833918,0.9999938815515782,0.9980487804878049,0.9970731707317073,0.0007594784160597924
142,1,A2,16104,0.003983800899833918,0.9999825462889572,0.9956548727498448,0.9962756052141527,0.0012195320580163365
142,1,A3,193752,0.003983800899833918,0.9999915866840318,0.9977807597027251,0.9973162675474814,0.0008648184477767313
142,2,A1,10247,0.0034215808097973616,0.9999955585921779,0.9980487804878049,0.9980487804878049,0.0006351558012171102
142,2,A2,16104,0.0034215808097973616,0.9999880303284061,0.9968963376784605,0.9975170701427685,0.0010318008084065594
142,2,A3,193752,0.0034215808097973616,0.9999952159825707,0.9982968620974402,0.9977807597027251,0.0006548177518717476
143,1,A1,10247,0.006553841207053549,0.9999864550478471,0.9970731707317073,0.9951219512195122,0.0011070369809493925
143,1,A2,16104,0.006553841207053549,0.9999793443770882,0.9950341402855369,0.9956548727498448,0.0013579070246083024
143,1,A3,193752,0.006553841207053549,0.9999786554067975,0.9971098265895953,0.9954066886870355,0.0013867389275314002
143,2,A1,10247,0.00529074012084034,0.9999905136072202,0.9980487804878049,0.9970731707317073,0.0009196102106028334
143,2,A2,16104,0.00529074012084034,0.9999905427849247,0.9981378026070763,0.9968963376784605,0.0009197003506023565
143,2,A3,193752,0.00529074012084034,0.9999879450995378,0.9971098265895953,0.9970582163501238,0.0010465551960850599
144,1,A1,10247,0.005610947490078816,0.9999850823944602,0.9970731707317073,0.9951219512195122,0.0011857790814181605
144,1,A2,16104,0.005610947490078816,0.9999785350996604,0.9950341402855369,0.9950341402855369,0.0013815671927799654
144,1,A3,193752,0.005610947490078816,0.9999789242297624,0.9965937241948802,0.9954066886870355,0.0014126165035836804
144,2,A1,10247,0.005673187756808043,0.9999845978308064,0.9931707317073171,0.9970731707317073,0.0011991694289337734
144,2,A2,16104,0.005673187756808043,0.9999759131936529,0.9950341402855369,0.9968963376784605,0.0014357125776343486
144,2,A3,193752,0.005673187756808043,0.9999781704984015,0.9965937241948802,0.995355078447564,0.0014118809116942094
145,1,A1,10247,0.005647766341129873,0.999990780698858,0.9980487804878049,0.9960975609756098,0.0009191530721385736
145,1,A2,16104,0.005647766341129873,0.9999819136730953,0.9962756052141527,0.9975170701427685,0.0012547523931010773
145,1,A3,193752,0.005647766341129873,0.9999877366513678,0.9973678777869529,0.9962324525185797,0.0010540170824070278
145,2,A1,10247,0.004125839050331408,0.9999916352627242,0.9970731707317073,0.9980487804878049,0.0008625059974423674
145,2,A2,16104,0.004125839050331408,0.9999870102345745,0.9975170701427685,0.9975170701427685,0.0010642525644907702
145,2,A3,193752,0.004125839050331408,0.9999857129076757,0.997677539223782,0.9964905037159373,0.001119321573928569
146,1,A1,10247,0.006115803785813723,0.9999918835615855,0.9990243902439024,0.9960975609756098,0.0008581060397238659
146,1,A2,16104,0.006115803785813723,0.9999838070555833,0.9962756052141527,0.9950341402855369,0.0011876509839545192
146,1,A3,193752,0.006115803785813723,0.9999826886504374,0.9973678777869529,0.9960260115606936,0.0012830215899274449
146,2,A1,10247,0.005755711828876818,0.9999893228255277,0.9980487804878049,0.9990243902439024,0.0009831715045709704
146,2,A2,16104,0.005755711828876818,0.9999863252788016,0.9968963376784605,0.9975170701427685,0.001098470350076712
146,2,A3,193752,0.005755711828876818,0.9999828303849501,0.9968001651527663,0.9959227910817506,0.0012672658477792008
147,1,A1,10247,0.007388993103116415,0.9999778612282997,0.9941463414634146,0.9941463414634146,0.0014312624367257272
147,1,A2,16104,0.007388993103116415,0.9999653907826608,0.994413407821229,0.9937926753569212,0.0017651966144551228
147,1,A3,193752,0.007388993103116415,0.9999678917731065,0.9958195706028076,0.9944777043765483,0.0017561521941317777
147,2,A1,10247,0.007150837558493193,0.9999774787255938,0.9970731707317073,0.9980487804878049,0.001438195703433669
147,2,A2,16104,0.007150837558493193,0.9999693584674237,0.9956548727498448,0.9937926753569212,0.001652725984528286
147,2,A3,193752,0.007150837558493193,0.9999691636203883,0.99556151940545,0.9945809248554913,0.0017125248875451285
148,1,A1,10247,0.006583038284651267,0.999984216755682,0.9970731707317073,0.9951219512195122,0.0011856457493660845
148,1,A2,16104,0.006583038284651267,0.9999654860725603,0.9931719428926132,0.994413407821229,0.0017490324317667896
148,1,A3,193752,0.006583038284651267,0.9999575673241153,0.9966453344343518,0.9931874483897605,0.0019315125163307898
148,2,A1,10247,0.006129693221962346,0.9999866174241273,0.9960975609756098,0.9951219512195122,0.001087265742370152
148,2,A2,16104,0.006129693221962346,0.9999828715026609,0.9975170701427685,0.9975170701427685,0.0012125450592016275
148,2,A3,193752,0.006129693221962346,0.999960123103477,0.9964905037159373,0.9933422791081751,0.001853199390982638
149,1,A1,10247,0.007236522583482657,0.9999827745299867,0.9970731707317073,0.9921951219512195,0.0012313595957920748
149,1,A2,16104,0.007236522583482657,0.9999566045074336,0.9931719428926132,0.9925512104283054,0.0019402648927031424
149,1,A3,193752,0.007236522583482657,0.9999710318774322,0.9957163501238646,0.9950970272502064,0.0016377437966653167
149,2,A1,10247,0.006098079394819343,0.9999847977368742,0.9960975609756098,0.9960975609756098,0.0011591126710029996
149,2,A2,16104,0.006098079394819343,0.9999799411802225,0.9962756052141527,0.9981378026070763,0.0013008388223689586
149,2,A3,193752,0.006098079394819343,0.9999750773163978,0.9961808422791082,0.9952002477291495,0.0015125438940418914
150,1,A1,10247,0.004141025738514978,0.9999912032965383,0.9990243902439024,0.9960975609756098,0.0009022770438329789
150,1,A2,16104,0.004141025738514978,0.9999948155473516,0.9981378026070763,0.9975170701427685,0.0006554283027188648
150,1,A3,193752,0.004141025738514978,0.9999814494325079,0.9966969446738233,0.9956131296449215,0.0013689265968326128
150,2,A1,10247,0.004096454009597489,0.9999929904616928,0.9970731707317073,0.9970731707317073,0.0007888876572605126
150,2,A2,16104,0.004096454009597489,0.9999966327099878,0.9981378026070763,0.9987585350713842,0.0005228141397853841
150,2,A3,193752,0.004096454009597489,0.9999898635060809,0.9974194880264244,0.9965421139554087,0.0009877717770101937
151,1,A1,10247,0.005042640819117001,0.9999914375984057,0.9980487804878049,0.9970731707317073,0.0008737820795607784
151,1,A2,16104,0.005042640819117001,0.999985127035038,0.9956548727498448,0.9968963376784605,0.0011437932993416612
151,1,A3,193752,0.005042640819117001,0.9999908361488857,0.997677539223782,0.9974194880264244,0.0009152637913347106
151,2,A1,10247,0.0057152958741048705,0.9999860033297282,0.9960975609756098,0.9960975609756098,0.0011235130130987597
151,2,A2,16104,0.0057152958741048705,0.9999720087529491,0.9981378026070763,0.994413407821229,0.0015682727571332785
151,2,A3,193752,0.0057152958741048705,0.9999843308225306,0.9964905037159373,0.9959744013212222,0.0012025821900584859
152,1,A1,10247,0.004774583622695255,0.9999914586440847,0.9980487804878049,0.9941463414634146,0.0008872867116924563
152,1,A2,16104,0.004774583622695255,0.9999884515848119,0.9975170701427685,0.9968963376784605,0.0009988246418152844
152,1,A3,193752,0.004774583622695255,0.9999828724301887,0.9971098265895953,0.9961808422791082,0.0012729969327892805
152,2,A1,10247,0.0040858339683067825,0.9999935169828688,0.9970731707317073,0.9990243902439024,0.0007665640622558208
152,2,A2,16104,0.0040858339683067825,0.9999922916091529,0.9987585350713842,0.9962756052141527,0.0008094507534113213
152,2,A3,193752,0.0040858339683067825,0.9999912837396934,0.997677539223782,0.99726465730801,0.0009068614107978637
153,1,A1,10247,0.005876140997350208,0.9999884796600103,0.9970731707317073,0.9951219512195122,0.0010373614600217794
153,1,A2,16104,0.005876140997350208,0.9999846816113619,0.9962756052141527,0.9962756052141527,0.0011603585018295141
153,1,A3,193752,0.005876140997350208,0.9999846639329264,0.9969549958711809,0.9967485549132948,0.0011767515508103357
153,2,A1,10247,0.005314071027192353,0.9999900374529157,0.9970731707317073,0.9980487804878049,0.0009474575620506656
153,2,A2,16104,0.005314071027192353,0.9999888579661783,0.9987585350713842,0.9950341402855369,0.000982305710842761
153,2,A3,193752,0.005314071027192353,0.9999827083697144,0.9970066061106524,0.9966453344343518,0.0012551236002281444
154,1,A1,10247,0.005236706018811918,0.9999909473467306,0.9980487804878049,0.9960975609756098,0.0009102960143935379
154,1,A2,16104,0.005236706018811918,0.9999845614186295,0.9968963376784605,0.9956548727498448,0.0011630268258801643
154,1,A3,193752,0.005236706018811918,0.9999889006175546,0.9975743187448389,0.9966453344343518,0.0010068065956857905
154,2,A1,10247,0.004528043080820006,0.9999933995977222,0.9980487804878049,0.9990243902439024,0.0007765449187254953
154,2,A2,16104,0.004528043080820006,0.999989930244763,0.9987585350713842,0.9962756052141527,0.0009426047506903094
154,2,A3,193752,0.004528043080820006,0.9999909959586082,0.9973162675474814,0.997471098265896,0.0009068204942648651
155,1,A1,10247,0.005853484460738547,0.9999903022470388,0.9970731707317073,0.9921951219512195,0.0008991723117632137
155,1,A2,16104,0.005853484460738547,0.9999427474441686,0.9913097454996896,0.994413407821229,0.0022767050806617394
155,1,A3,193752,0.005853484460738547,0.9999737373203604,0.9963872832369942,0.9943228736581338,0.0015094787768850115
155,2,A1,10247,0.006108699601421155,0.9999901903045482,0.9951219512195122,0.9980487804878049,0.0009454766287055393
155,2,A2,16104,0.006108699601421155,0.9999703533279934,0.994413407821229,0.9950341402855369,0.0016289270018106353
155,2,A3,193752,0.006108699601421155,0.9999766782859492,0.9971098265895953,0.9948389760528489,0.0014309272914214475
156,1,A1,10247,0.005942241326491567,0.9999890641209332,0.9970731707317073,0.9941463414634146,0.001001933229041637
156,1,A2,16104,0.005942241326491567,0.9999616825534109,0.994413407821229,0.9937926753569212,0.0018818008330847011
156,1,A3,193752,0.005942241326491567,0.9999741778944692,0.9965421139554087,0.9953034682080925,0.0015372230632018883
156,2,A1,10247,0.005035209244942315,0.999991521056178,0.9970731707317073,0.9990243902439024,0.0008645059782235045
156,2,A2,16104,0.005035209244942315,0.9999849457474697,0.9968963376784605,0.9962756052141527,0.0011743710590550395
156,2,A3,193752,0.005035209244942315,0.9999827730171492,0.9973162675474814,0.9962840627580511,0.0012549407544713064
157,1,A1,10247,0.006354899699803091,0.9999823574307274,0.9980487804878049,0.9960975609756098,0.0012702163652541663
157,1,A2,16104,0.006354899699803091,0.9999696518766436,0.9931719428926132,0.9937926753569212,0.0016115520478045217
157,1,A3,193752,0.006354899699803091,0.9999624765503533,0.9964905037159373,0.9933422791081751,0.0018573281781672788
157,2,A1,10247,0.0049252294084130115,0.9999889344340466,0.9960975609756098,0.9970731707317073,0.0010035522611025575
157,2,A2,16104,0.0049252294084130115,0.9999765715542229,0.9975170701427685,0.9968963376784605,0.001419933990907092
157,2,A3,193752,0.0049252294084130115,0.9999802309865198,0.99726465730801,0.9954066886870355,0.001304906713961678
158,1,A1,10247,0.007314295904459627,0.999972835426473,0.9960975609756098,0.9931707317073171,0.0015493184451208465
158,1,A2,16104,0.007314295904459627,0.9999712867690453,0.994413407821229,0.9931719428926132,0.001588686207312676
158,1,A3,193752,0.007314295904459627,0.9999494343917578,0.9955099091659785,0.9923616845582164,0.0021361799446109825
158,2,A1,10247,0.00774622140818906,0.999965180141601,0.9951219512195122,0.9921951219512195,0.001717964443560728
158,2,A2,16104,0.00774622140818906,0.9999745036823786,0.9975170701427685,0.9962756052141527,0.001462503785009954
158,2,A3,193752,0.00774622140818906,0.9999282257979789,0.9947357555739058,0.9914327002477291,0.002551187654709354
159,1,A1,10247,0.00579822784189267,0.9999932765580134,0.9980487804878049,0.9960975609756098,0.000753154667304197
159,1,A2,16104,0.00579822784189267,0.9999645254357871,0.9925512104283054,0.994413407821229,0.0017734252322644983
159,1,A3,193752,0.00579822784189267,0.9999852691086597,0.9974194880264244,0.9962840627580511,0.0011538887453997222
159,2,A1,10247,0.003912317642620903,0.9999947225311109,0.9960975609756098,0.9970731707317073,0.0006803363194347971
159,2,A2,16104,0.003912317642620903,0.999988970978551,0.9987585350713842,0.9975170701427685,0.0010020405121306637
159,2,A3,193752,0.003912317642620903,0.9999897170170634,0.9975227085053675,0.9971614368290669,0.0009766088624143235
160,1,A1,10247,0.005824411611348116,0.999983825531343,0.9960975609756098,0.9960975609756098,0.001236807162491172
160,1,A2,16104,0.005824411611348116,0.9999710493861719,0.9950341402855369,0.994413407821229,0.0016002617980641972
160,1,A3,193752,0.005824411611348116,0.9999802545805112,0.9966453344343518,0.995767960363336,0.0013614683333286704
160,2,A1,10247,0.005528327398042123,0.9999827171032774,0.9951219512195122,0.9990243902439024,0.0012753972678491118
160,2,A2,16104,0.005528327398042123,0.9999753717473877,0.9962756052141527,0.9950341402855369,0.0014680949264455653
160,2,A3,193752,0.005528327398042123,0.9999750258526416,0.9960776218001651,0.9948905862923204,0.0015390366565610162
161,1,A1,10247,0.005577300485293698,0.9999784056165547,0.9951219512195122,0.9912195121951219,0.001431929096986106
161,1,A2,16104,0.005577300485293698,0.9999711474229396,0.9956548727498448,0.994413407821229,0.0016111510280050016
161,1,A3,193752,0.005577300485293698,0.9999688893270435,0.9962324525185797,0.9953034682080925,0.0017304322639403612
161,2,A1,10247,0.005215511067873133,0.999981322902327,0.9951219512195122,0.9990243902439024,0.0013297967450960398
161,2,A2,16104,0.005215511067873133,0.9999752540256873,0.9956548727498448,0.9950341402855369,0.0014902358465305864
161,2,A3,193752,0.005215511067873133,0.9999733820621117,0.9958711808422791,0.9955099091659785,0.0015958378081316056
162,1,A1,10247,0.005870301869982261,0.9999923507823507,0.9990243902439024,0.9941463414634146,0.0008183349933332545
162,1,A2,16104,0.005870301869982261,0.9999793563271153,0.9968963376784605,0.9956548727498448,0.001357482869051118
162,1,A3,193752,0.005870301869982261,0.9999815199600269,0.9972130470685384,0.9958711808422791,0.0012935752850508663
162,2,A1,10247,0.0058656125227769425,0.9999919279950698,0.9960975609756098,0.9980487804878049,0.000844487122976123
162,2,A2,16104,0.0058656125227769425,0.9999873629629347,0.9975170701427685,0.9968963376784605,0.0010644145147944224
162,2,A3,193752,0.0058656125227769425,0.9999829561847511,0.9969033856317093,0.9960776218001651,0.0012730138215144896
163,1,A1,10247,0.00527759291305379,0.9999909972897886,0.9980487804878049,0.9980487804878049,0.0008774010924028358
163,1,A2,16104,0.00527759291305379,0.999977165113409,0.9962756052141527,0.9968963376784605,0.0014353655412693794
163,1,A3,193752,0.00527759291305379,0.9999891870656868,0.9974194880264244,0.9970066061106524,0.0009777965606827365
163,2,A1,10247,0.005432838242576628,0.9999934984243051,0.9990243902439024,0.9980487804878049,0.0007516689672953524
163,2,A2,16104,0.005432838242576628,0.9999847760019207,0.9987585350713842,0.9962756052141527,0.0011691038182267324
163,2,A3,193752,0.005432838242576628,0.9999905814081226,0.9976259289843105,0.9973162675474814,0.0009123997405782698
164,1,A1,10247,0.0041204008127555085,0.9999950366548781,0.9980487804878049,0.9960975609756098,0.0006543746641520369
164,1,A2,16104,0.0041204008127555085,0.9999927675443306,0.9975170701427685,0.9968963376784605,0.0007794359638011149
164,1,A3,193752,0.0041204008127555085,0.9999909523991634,0.9981936416184971,0.9971098265895953,0.000895671005406385
164,2,A1,10247,0.0027728061120733984,0.9999972682998655,0.9960975609756098,0.9990243902439024,0.00048770959905728144
164,2,A2,16104,0.0027728061120733984,0.9999964589044755,0.9987585350713842,0.9981378026070763,0.0005513945124203852
164,2,A3,193752,0.0027728061120733984,0.9999955193601068,0.9981420313790256,0.9981936416184971,0.0006350697175356638
165,1,A1,10247,0.0060124190856024745,0.9999873107381644,0.9980487804878049,0.9960975609756098,0.001047894692135768
165,1,A2,16104,0.0060124190856024745,0.9999795172890067,0.9956548727498448,0.9956548727498448,0.0013566114221790848
165,1,A3,193752,0.0060124190856024745,0.999965756638936,0.9959744013212222,0.9937551610239471,0.001777802900529039
165,2,A1,10247,0.004046840154733694,0.9999941380255759,0.9970731707317073,0.9960975609756098,0.0007080693862665643
165,2,A2,16104,0.004046840154733694,0.9999928416005923,0.9987585350713842,0.9987585350713842,0.0007788807056171645
165,2,A3,193752,0.004046840154733694,0.9999870746421141,0.9972130470685384,0.9963872832369942,0.0010927039307410211
166,1,A1,10247,0.003940236661456056,0.9999934419009868,0.9980487804878049,0.9970731707317073,0.0007739354199920117
166,1,A2,16104,0.003940236661456056,0.9999866019683276,0.9975170701427685,0.9968963376784605,0.0010826377799149048
166,1,A3,193752,0.003940236661456056,0.9999915729264498,0.9981420313790256,0.9971098265895953,0.0008533126441100538
166,2,A1,10247,0.0031215388090693186,0.9999955285237359,0.9990243902439024,0.9990243902439024,0.0006350796114730669
166,2,A2,16104,0.0031215388090693186,0.9999927579848837,0.9981378026070763,0.9968963376784605,0.0007888907767667143
166,2,A3,193752,0.0031215388090693186,0.9999926875813997,0.9977291494632535,0.9971098265895953,0.0008059805266012693
167,1,A1,10247,0.006663447086794252,0.9999836060071782,0.9970731707317073,0.9902439024390244,0.0011930552019742973
167,1,A2,16104,0.006663447086794252,0.999954641918803,0.9937926753569212,0.9950341402855369,0.0020320598671970495
167,1,A3,193752,0.006663447086794252,0.9999503923732,0.9959744013212222,0.9926713459950454,0.0020685226991652775
167,2,A1,10247,0.007446469541352658,0.9999835561421907,0.9970731707317073,0.9990243902439024,0.0011954551789116617
167,2,A2,16104,0.007446469541352658,0.9999692529198672,0.9950341402855369,0.994413407821229,0.0016442582972230426
167,2,A3,193752,0.007446469541352658,0.9999524196184153,0.9956647398843931,0.9934971098265896,0.0019938012249526866
168,1,A1,10247,0.005534600591349789,0.99998852127179,0.9970731707317073,0.9951219512195122,0.0010217044676208778
168,1,A2,16104,0.005534600591349789,0.99997733662316,0.994413407821229,0.9968963376784605,0.0013950938990945343
168,1,A3,193752,0.005534600591349789,0.9999849715027487,0.9969549958711809,0.9968517753922378,0.001161502843355515
168,2,A1,10247,0.00554018418085335,0.9999901507560702,0.9951219512195122,1.0,0.0009336100760707929
168,2,A2,16104,0.00554018418085335,0.9999815322003086,0.9975170701427685,0.9956548727498448,0.0012648781430389504
168,2,A3,193752,0.00554018418085335,0.999986038831627,0.99726465730801,0.9968517753922378,0.001102271952977711
169,1,A1,10247,0.005288643268791238,0.9999912506297983,0.9980487804878049,0.9960975609756098,0.0008838962680825286
169,1,A2,16104,0.005288643268791238,0.9999777154582634,0.9937926753569212,0.9962756052141527,0.0013603131434054207
169,1,A3,193752,0.005288643268791238,0.9999735799150236,0.9966453344343518,0.9955099091659785,0.0014983593361054522
169,2,A1,10247,0.004099087266160224,0.999995348224612,0.9970731707317073,0.9970731707317073,0.0006358415089135
169,2,A2,16104,0.004099087266160224,0.9999942298408763,0.9981378026070763,0.9987585350713842,0.0006928542467009643
169,2,A3,193752,0.004099087266160224,0.9999907501090975,0.997677539223782,0.9973678777869529,0.0008899249496335806
170,1,A1,10247,0.005689569052767816,0.9999880490433355,0.9960975609756098,0.9960975609756098,0.0010477042177756597
170,1,A2,16104,0.005689569052767816,0.9999456697070188,0.9919304779639975,0.994413407821229,0.002218456954781501
170,1,A3,193752,0.005689569052767816,0.9999796132789985,0.995767960363336,0.99556151940545,0.0013623631693810753
170,2,A1,10247,0.005632338697327176,0.9999863034453487,0.9960975609756098,0.9960975609756098,0.0011342557670088675
170,2,A2,16104,0.005632338697327176,0.9999470979866452,0.9919304779639975,0.994413407821229,0.002173758670973496
170,2,A3,193752,0.005632338697327176,0.9999791465943842,0.9966969446738233,0.995355078447564,0.001375993809096697
171,1,A1,10247,0.007015666976114832,0.999981537284967,0.9960975609756098,0.9921951219512195,0.0012986160923463125
171,1,A2,16104,0.007015666976114832,0.9999465389270921,0.9950341402855369,0.9950341402855369,0.002193092452461879
171,1,A3,193752,0.007015666976114832,0.9999628785955147,0.995355078447564,0.9936003303055326,0.001838556866226333
171,2,A1,10247,0.00637113756001861,0.9999842438462778,0.9951219512195122,0.9970731707317073,0.0011898742801604886
171,2,A2,16104,0.00637113756001861,0.9999662077748813,0.9950341402855369,0.994413407821229,0.0017297989052282863
171,2,A3,193752,0.00637113756001861,0.9999632473490928,0.995767960363336,0.9939099917423617,0.0018178508629060688
172,1,A1,10247,0.005633367389983601,0.9999890232340976,0.9980487804878049,0.9931707317073171,0.0009836857853432626
172,1,A2,16104,0.005633367389983601,0.9999706585952949,0.9925512104283054,0.994413407821229,0.0015915550412630864
172,1,A3,193752,0.005633367389983601,0.9999783902784881,0.9969033856317093,0.9954582989265071,0.001363224227983062
172,2,A1,10247,0.0040566601921239905,0.9999925521048474,0.9970731707317073,0.9960975609756098,0.0008099350740524789
172,2,A2,16104,0.0040566601921239905,0.9999793334987999,0.9975170701427685,0.9975170701427685,0.0013511205356933533
172,2,A3,193752,0.0040566601921239905,0.9999836505726685,0.9972130470685384,0.9958711808422791,0.001184678436481279
173,1,A1,10247,0.006073564544853485,0.9999856417500181,0.9970731707317073,0.9951219512195122,0.0011435699632181629
173,1,A2,16104,0.006073564544853485,0.9999774712656846,0.9962756052141527,0.9950341402855369,0.0013740326477005276
173,1,A3,193752,0.006073564544853485,0.9999690925503069,0.9958195706028076,0.9945293146160198,0.0017220315349823203
173,2,A1,10247,0.005308600431759458,0.9999869529839277,0.9980487804878049,0.9970731707317073,0.0010836086346560727
173,2,A2,16104,0.005308600431759458,0.9999858524611472,0.9968963376784605,0.9981378026070763,0.0010562013208234898
173,2,A3,193752,0.005308600431759458,0.9999727824660144,0.9959227910817506,0.994942196531792,0.0016159666112975618
174,1,A1,10247,0.004855929569593027,0.9999884062733819,0.9960975609756098,0.9960975609756098,0.0010554374767960562
174,1,A2,16104,0.004855929569593027,0.9999827915073016,0.9962756052141527,0.9956548727498448,0.0012475031890328363
174,1,A3,193752,0.004855929569593027,0.9999877013952604,0.9975227085053675,0.9970582163501238,0.0010509075324525944
174,2,A1,10247,0.004228333597344577,0.9999917087720354,0.9970731707317073,0.9990243902439024,0.0008736297000726918
174,2,A2,16104,0.004228333597344577,0.9999862340402458,0.9975170701427685,0.9956548727498448,0.0010920848809612828
174,2,A3,193752,0.004228333597344577,0.9999898294943627,0.9969033856317093,0.9966453344343518,0.0009779772753701476
175,1,A1,10247,0.005251308805631006,0.9999908271175735,0.9970731707317073,0.9970731707317073,0.0009157435810926351
175,1,A2,16104,0.005251308805631006,0.9999705241855068,0.9950341402855369,0.9950341402855369,0.00161250061386877
175,1,A3,193752,0.005251308805631006,0.9999872281431896,0.9966969446738233,0.9970582163501238,0.0010725833854690944
175,2,A1,10247,0.0044221853122760404,0.9999936649160357,0.9970731707317073,0.9970731707317073,0.0007509261172909301
175,2,A2,16104,0.0044221853122760404,0.9999802317276422,0.9956548727498448,0.9975170701427685,0.0013202882826456644
175,2,A3,193752,0.0044221853122760404,0.9999925530821439,0.9978323699421965,0.9977291494632535,0.0008247782638031102
176,1,A1,10247,0.00930958099389392,0.9999631637380333,0.9941463414634146,0.9921951219512195,0.0018131635287428525
176,1,A2,16104,0.00930958099389392,0.9998377368716603,0.9857231533209186,0.9894475481067659,0.003859784722700361
176,1,A3,193752,0.00930958099389392,0.9999184221522808,0.9942712634186622,0.9907617671345995,0.002690859916195337
176,2,A1,10247,0.007701339131155671,0.9999761796707417,0.9960975609756098,0.9951219512195122,0.0014472813304108345
176,2,A2,16104,0.007701339131155671,0.9999145103351553,0.9925512104283054,0.9950341402855369,0.002779614756936347
176,2,A3,193752,0.007701339131155671,0.9999405145069278,0.9945809248554913,0.9924132947976878,0.0022623836342112688
177,1,A1,10247,0.005169095794081011,0.9999897631899098,0.9980487804878049,0.9970731707317073,0.0009546765402987699
177,1,A2,16104,0.005169095794081011,0.9999812714920399,0.9968963376784605,0.9950341402855369,0.0012920472344564108
177,1,A3,193752,0.005169095794081011,0.9999886173065761,0.997471098265896,0.9966453344343518,0.0010230100222439152
177,2,A1,10247,0.004488461591861559,0.9999903289138214,0.9951219512195122,0.9960975609756098,0.0009239149311412808
177,2,A2,16104,0.004488461591861559,0.9999874757282041,0.9987585350713842,0.9968963376784605,0.0010530471458618828
177,2,A3,193752,0.004488461591861559,0.9999873292517873,0.997471098265896,0.9965421139554087,0.0010763272482384799
178,1,A1,10247,0.00747623344025523,0.9999813177831078,0.9970731707317073,0.9951219512195122,0.0012961589731009155
178,1,A2,16104,0.00747623344025523,0.9999779619954496,0.9968963376784605,0.9950341402855369,0.0013725211115331072
178,1,A3,193752,0.00747623344025523,0.9999661169205198,0.9956647398843931,0.9945809248554913,0.0017801438802946183
178,2,A1,10247,0.006490875182357376,0.999985131880246,0.9941463414634146,0.9960975609756098,0.0011475508773444263
178,2,A2,16104,0.006490875182357376,0.9999873288626898,0.9962756052141527,0.9968963376784605,0.0010143641590466734
178,2,A3,193752,0.006490875182357376,0.9999771219189943,0.9964388934764657,0.9955099091659785,0.001469557666415625
179,1,A1,10247,0.007826294273418567,0.9999782284514193,0.9951219512195122,0.9951219512195122,0.0013799867389845749
179,1,A2,16104,0.007826294273418567,0.9999445157780582,0.9931719428926132,0.9919304779639975,0.0022206162921635303
179,1,A3,193752,0.007826294273418567,0.9999711528649277,0.9954066886870355,0.9953034682080925,0.0015981566247751438
179,2,A1,10247,0.0072068853477240576,0.9999757923722529,0.9970731707317073,0.9960975609756098,0.0014563098150799675
179,2,A2,16104,0.0072068853477240576,0.9999721792599209,0.9968963376784605,0.9956548727498448,0.001565635280759514
179,2,A3,193752,0.0072068853477240576,0.9999572186462744,0.9938067712634187,0.9942196531791907,0.002024682871680019
180,1,A1,10247,0.005930255673238863,0.9999817627425189,0.9960975609756098,0.9902439024390244,0.0013020065359562402
180,1,A2,16104,0.005930255673238863,0.9999608164135082,0.9956548727498448,0.9950341402855369,0.0018498195040730038
180,1,A3,193752,0.005930255673238863,0.9999616039448538,0.9959744013212222,0.9944260941370768,0.0018650916108131697
180,2,A1,10247,0.005219509270815298,0.9999852594703719,0.9960975609756098,0.9990243902439024,0.0011694935236289015
180,2,A2,16104,0.005219509270815298,0.9999747012643933,0.9968963376784605,0.994413407821229,0.0014935596837150672
180,2,A3,193752,0.005219509270815298,0.9999751856740517,0.9959227910817506,0.9959227910817506,0.0015046402903044383
181,1,A1,10247,0.006589211817413867,0.9999820292876606,0.9951219512195122,0.9941463414634146,0.0012844447999542557
181,1,A2,16104,0.006589211817413867,0.9999584765873251,0.9937926753569212,0.9937926753569212,0.0019349282446018416
181,1,A3,193752,0.006589211817413867,0.9999780565390037,0.9959744013212222,0.9958711808422791,0.0013982292276679962
181,2,A1,10247,0.005717929610024854,0.9999841071218587,0.9960975609756098,0.9980487804878049,0.0012050931815331413
181,2,A2,16104,0.005717929610024854,0.9999798597654564,0.9981378026070763,0.9975170701427685,0.001333884396233227
181,2,A3,193752,0.005717929610024854,0.9999798246966108,0.9960776218001651,0.9961292320396367,0.0013694751873798627
182,1,A1,10247,0.00418108387289725,0.9999965374560402,0.9990243902439024,0.9970731707317073,0.0005568327443405805
182,1,A2,16104,0.00418108387289725,0.9999952589281159,0.9981378026070763,0.9968963376784605,0.0006241718941139918
182,1,A3,193752,0.00418108387289725,0.9999934640308501,0.9982968620974402,0.998090421139554,0.0007753325516366092
182,2,A1,10247,0.005157494647156556,0.9999932540066816,1.0,0.9990243902439024,0.0007769258674457119
182,2,A2,16104,0.005157494647156556,0.9999930062173127,0.9981378026070763,0.9987585350713842,0.0007696418263897681
182,2,A3,193752,0.005157494647156556,0.9999887857939969,0.9980388109000826,0.9971614368290669,0.0010245350688026249
183,1,A1,10247,0.0049217278137111305,0.9999934076947881,0.9970731707317073,0.9970731707317073,0.0007737449456319033
183,1,A2,16104,0.0049217278137111305,0.9999838008291567,0.9950341402855369,0.994413407821229,0.0011961186712597623
183,1,A3,193752,0.0049217278137111305,0.9999900520335858,0.9981420313790256,0.9973162675474814,0.0009294875076718713
183,2,A1,10247,0.0037530130678390707,0.9999946340768026,0.9960975609756098,0.9990243902439024,0.0006952695092672871
183,2,A2,16104,0.0037530130678390707,0.9999912945849933,0.9987585350713842,0.9975170701427685,0.0008650536909985739
183,2,A3,193752,0.0037530130678390707,0.9999933746490405,0.9979355904211396,0.9973162675474814,0.0007834510204490416
184,1,A1,10247,0.0059350104920480665,0.9999876352118999,0.9980487804878049,0.9951219512195122,0.0010667516537864888
184,1,A2,16104,0.0059350104920480665,0.9999827592430911,0.9968963376784605,0.9968963376784605,0.0011997201375362181
184,1,A3,193752,0.0059350104920480665,0.9999850642532458,0.9975743187448389,0.9965937241948802,0.001172318127251103
184,2,A1,10247,0.00453131618812375,0.9999894901760383,0.9960975609756098,0.9960975609756098,0.0009761049058109526
184,2,A2,16104,0.00453131618812375,0.9999927715439548,0.9968963376784605,0.9987585350713842,0.0007649992510184052
184,2,A3,193752,0.00453131618812375,0.9999909127866451,0.9981420313790256,0.9972130470685384,0.000901051742602663
185,1,A1,10247,0.0047387278286613425,0.9999892071802468,0.9980487804878049,0.9951219512195122,0.0009964094725984965
185,1,A2,16104,0.0047387278286613425,0.9999633760523764,0.9937926753569212,0.994413407821229,0.001798396426703822
185,1,A3,193752,0.0047387278286613425,0.9999836273090086,0.9965421139554087,0.9960776218001651,0.0012241966149987519
185,2,A1,10247,0.0033322805889107986,0.9999941782878448,0.9980487804878049,0.9970731707317073,0.0007375167223393063
185,2,A2,16104,0.0033322805889107986,0.9999848101423919,0.9962756052141527,0.9968963376784605,0.0011538804896834263
185,2,A3,193752,0.0033322805889107986,0.9999919304433256,0.997677539223782,0.9972130470685384,0.0008655293192608487
186,1,A1,10247,0.005755426595717129,0.9999916982993842,0.9980487804878049,0.9960975609756098,0.0008577441384396601
186,1,A2,16104,0.005755426595717129,0.9999788477743119,0.9962756052141527,0.9968963376784605,0.0013654338577685186
186,1,A3,193752,0.005755426595717129,0.9999877652533609,0.997471098265896,0.9967485549132948,0.0010505534552672953
186,2,A1,10247,0.006630737956309099,0.9999874638797747,0.9970731707317073,0.9980487804878049,0.0010543898678154607
186,2,A2,16104,0.006630737956309099,0.9999779516831998,0.9981378026070763,0.9956548727498448,0.0014017569973019386
186,2,A3,193752,0.006630737956309099,0.9999822270426876,0.9963872832369942,0.9961808422791082,0.0012962311303242875
187,1,A1,10247,0.004875874566704061,0.9999907118180349,0.9980487804878049,0.9941463414634146,0.0009034198899936286
187,1,A2,16104,0.004875874566704061,0.9999775218816195,0.9956548727498448,0.9950341402855369,0.001387605625530426
187,1,A3,193752,0.004875874566704061,0.9999842856277068,0.9969033856317093,0.9964388934764657,0.0011789220982984894
187,2,A1,10247,0.004336510108020317,0.9999917007753466,0.9951219512195122,0.9980487804878049,0.0008614774358977826
187,2,A2,16104,0.004336510108020317,0.9999855341404742,0.9975170701427685,0.9962756052141527,0.0011116191723494259
187,2,A3,193752,0.004336510108020317,0.9999856051397464,0.9974194880264244,0.9965421139554087,0.0011384381191166916
188,1,A1,10247,0.006095071928465024,0.9999898033629547,0.9980487804878049,0.9960975609756098,0.0009631526493235889
188,1,A2,16104,0.006095071928465024,0.9999764479480179,0.9962756052141527,0.9956548727498448,0.0014543908459889014
188,1,A3,193752,0.006095071928465024,0.9999866061718103,0.9975227085053675,0.9964905037159373,0.0010984848827756929
188,2,A1,10247,0.00465466496185377,0.9999933117902869,0.9980487804878049,0.9980487804878049,0.0007745449379443582
188,2,A2,16104,0.00465466496185377,0.9999807824632645,0.9981378026070763,0.9968963376784605,0.0013079723476488764
188,2,A3,193752,0.00465466496185377,0.9999904340808379,0.9977807597027251,0.9968517753922378,0.00093614491528514
189,1,A1,10247,0.005991369521323547,0.9999876771917281,0.9980487804878049,0.9970731707317073,0.0010659897563460557
189,1,A2,16104,0.005991369521323547,0.999980470590262,0.9956548727498448,0.9950341402855369,0.0013087820991671373
189,1,A3,193752,0.005991369521323547,0.9999788560361496,0.9967485549132948,0.9956131296449215,0.0013814556867614086
189,2,A1,10247,0.005084525072830682,0.9999891621668072,0.9980487804878049,0.9951219512195122,0.0009808286699416384
189,2,A2,16104,0.005084525072830682,0.9999870479695356,0.9968963376784605,0.9975170701427685,0.0010554764004166658
189,2,A3,193752,0.005084525072830682,0.9999778516645045,0.9971098265895953,0.9954066886870355,0.0013777955217437693
190,1,A1,10247,0.005397105194214678,0.999993293276335,0.9990243902439024,0.9951219512195122,0.0007727163840873186
190,1,A2,16104,0.005397105194214678,0.999983738754528,0.9956548727498448,0.9950341402855369,0.0012017483722914814
190,1,A3,193752,0.005397105194214678,0.9999897978785978,0.9977291494632535,0.9972130470685384,0.0009488972880131516
190,2,A1,10247,0.004787471901764918,0.9999939194159556,0.9960975609756098,0.9980487804878049,0.0007403738377409307
190,2,A2,16104,0.004787471901764918,0.999991291496203,0.9962756052141527,0.9981378026070763,0.0008664495483776713
190,2,A3,193752,0.004787471901764918,0.9999931078274327,0.998090421139554,0.997471098265896,0.0007810732264591104
191,1,A1,10247,0.004985400644758286,0.9999922056262766,0.9980487804878049,0.9960975609756098,0.0008227349510517561
191,1,A2,16104,0.004985400644758286,0.999976969919101,0.9968963376784605,0.9968963376784605,0.0014055975330742622
191,1,A3,193752,0.004985400644758286,0.9999900008615418,0.9973678777869529,0.9969549958711809,0.0009225594542413713
191,2,A1,10247,0.004620273347200499,0.9999904944240896,0.9960975609756098,0.9980487804878049,0.0009394004966180848
191,2,A2,16104,0.004620273347200499,0.9999807599280252,0.9968963376784605,0.9968963376784605,0.001279199177033337
191,2,A3,193752,0.004620273347200499,0.9999893195526174,0.9977291494632535,0.9966453344343518,0.0009650063614723951
192,1,A1,10247,0.00537731402992437,0.9999830162374352,0.9960975609756098,0.9951219512195122,0.0012470737305010089
192,1,A2,16104,0.00537731402992437,0.9999698563746753,0.9950341402855369,0.9962756052141527,0.001630716167070031
192,1,A3,193752,0.00537731402992437,0.9999784731780308,0.9960776218001651,0.9962840627580511,0.0014048477965409576
192,2,A1,10247,0.005549347176712415,0.9999842152611821,0.9980487804878049,0.9960975609756098,0.001205664604613466
192,2,A2,16104,0.005549347176712415,0.9999783034001609,0.9962756052141527,0.9975170701427685,0.0013624416331105638
192,2,A3,193752,0.005549347176712415,0.9999783523221152,0.9964388934764657,0.9961292320396367,0.0014136012707659056
193,1,A1,10247,0.006157246468220939,0.9999776569056505,0.9951219512195122,0.9912195121951219,0.0014156435391968472
193,1,A2,16104,0.006157246468220939,0.9999148700887177,0.9900682805710739,0.9931719428926132,0.002764669057485016
193,1,A3,193752,0.006157246468220939,0.9999556230338428,0.9948905862923204,0.9923616845582164,0.0019906425538479605
193,2,A1,10247,0.006690329678917077,0.9999721780027351,0.9960975609756098,0.9970731707317073,0.0015655087657300514
193,2,A2,16104,0.006690329678917077,0.999935343981574,0.9913097454996896,0.9931719428926132,0.0023776849509484924
193,2,A3,193752,0.006690329678917077,0.9999349508993605,0.9948389760528489,0.9921036333608588,0.002391055102208042
194,1,A1,10247,0.005593841446992823,0.9999917835527865,0.9980487804878049,0.9980487804878049,0.0008554965409903823
194,1,A2,16104,0.005593841446992823,0.9999838830743044,0.9975170701427685,0.9956548727498448,0.0012041313553309352
194,1,A3,193752,0.005593841446992823,0.999983842347441,0.9963356729975227,0.9965421139554087,0.001216374418113411
194,2,A1,10247,0.005777844509772267,0.9999870066409291,0.9970731707317073,0.9951219512195122,0.0010439137780095047
194,2,A2,16104,0.005777844509772267,0.9999863774520614,0.9968963376784605,0.9975170701427685,0.0010704760833025475
194,2,A3,193752,0.005777844509772267,0.9999665582700681,0.9959227910817506,0.9941680429397193,0.0017689364796244589
195,1,A1,10247,0.005497685254791176,0.9999827456660668,0.9951219512195122,0.9941463414634146,0.0012666163998481196
195,1,A2,16104,0.005497685254791176,0.9999414152388507,0.9913097454996896,0.9925512104283054,0.0022771909315726963
195,1,A3,193752,0.005497685254791176,0.9999746854204826,0.9963872832369942,0.9946325350949629,0.0015048642124244822
195,2,A1,10247,0.0050436777084221715,0.9999852460198744,0.9941463414634146,0.9970731707317073,0.0011701411364532697
195,2,A2,16104,0.0050436777084221715,0.9999566147765839,0.9956548727498448,0.9962756052141527,0.0019431568624112174
195,2,A3,193752,0.0050436777084221715,0.9999795126862886,0.9964388934764657,0.99556151940545,0.0013485741912070265
196,1,A1,10247,0.006311598043631003,0.9999822663889268,0.9980487804878049,0.9931707317073171,0.001289663797421223
196,1,A2,16104,0.006311598043631003,0.999965584040369,0.9968963376784605,0.9950341402855369,0.001748646835805713
196,1,A3,193752,0.006311598043631003,0.9999700581786484,0.9963872832369942,0.9949938067712634,0.0016497455001876612
196,2,A1,10247,0.0052184543687190665,0.9999917983304891,0.9960975609756098,0.9980487804878049,0.000867572615421248
196,2,A2,16104,0.0052184543687190665,0.9999876786660375,0.9981378026070763,0.9950341402855369,0.0010473249017995054
196,2,A3,193752,0.0052184543687190665,0.9999874837938215,0.9971614368290669,0.9969033856317093,0.00106646306062817
197,1,A1,10247,0.004729287184751772,0.9999901091219847,0.9980487804878049,0.9960975609756098,0.0009196292580388442
197,1,A2,16104,0.004729287184751772,0.9999707035537153,0.9950341402855369,0.9956548727498448,0.0016113978094200907
197,1,A3,193752,0.004729287184751772,0.9999824222356545,0.9970066061106524,0.9956647398843931,0.001272870453818787
197,2,A1,10247,0.004612590862239467,0.9999918467790475,0.9990243902439024,0.9980487804878049,0.0008262777741497703
197,2,A2,16104,0.004612590862239467,0.9999835135687845,0.9981378026070763,0.9962756052141527,0.0011847513023272229
197,2,A3,193752,0.004612590862239467,0.999984075741101,0.9966453344343518,0.9963356729975227,0.001205669417060671
198,1,A1,10247,0.005899623686110338,0.9999916617510588,0.9990243902439024,0.9960975609756098,0.0008652488282279269
198,1,A2,16104,0.005899623686110338,0.9999797017688037,0.9956548727498448,0.9962756052141527,0.0013446579473857087
198,1,A3,193752,0.005899623686110338,0.9999888195470016,0.997471098265896,0.9971098265895953,0.0009966734138370553
198,2,A1,10247,0.005464316776426729,0.9999946235706924,0.9970731707317073,0.9990243902439024,0.0006845077079211686
198,2,A2,16104,0.005464316776426729,0.9999861844069772,0.9975170701427685,0.9968963376784605,0.0010977377177506665
198,2,A3,193752,0.005464316776426729,0.9999909840949193,0.997883980181668,0.99726465730801,0.0008794277811267108
199,1,A1,10247,0.006009422796472704,0.9999937132865232,0.9990243902439024,0.9931707317073171,0.0007211930696780257
199,1,A2,16104,0.006009422796472704,0.9999823408082593,0.9956548727498448,0.9956548727498448,0.0012658344210224202
199,1,A3,193752,0.006009422796472704,0.9999860158979226,0.9975227085053675,0.995767960363336,0.0010962345800142332
199,2,A1,10247,0.006297495355796514,0.9999936321262655,0.9960975609756098,0.9970731707317073,0.0007334596184689996
199,2,A2,16104,0.006297495355796514,0.9999901291226331,0.9975170701427685,0.9968963376784605,0.0009391806585559487
199,2,A3,193752,0.006297495355796514,0.9999827574825939,0.9970582163501238,0.9961292320396367,0.001259265653319968
