Model,date,type,N,license,exclusion
0-hero/Matter-0.2-7B-DPO,2024-08-05,chat_finetuned,7.242,apache-2.0,
01-ai/Yi-1.5-34B,2024-06-12,pretrained,34.389,apache-2.0,
01-ai/Yi-1.5-34B-32K,2024-06-12,pretrained,34.389,apache-2.0,
01-ai/Yi-1.5-34B-Chat,2024-06-12,chat_finetuned,34.389,apache-2.0,
01-ai/Yi-1.5-34B-Chat-16K,2024-07-15,chat_finetuned,34.389,apache-2.0,
01-ai/Yi-1.5-6B,2024-08-10,pretrained,6.061,apache-2.0,
01-ai/Yi-1.5-6B-Chat,2024-10-22,chat_finetuned,6.061,apache-2.0,
01-ai/Yi-1.5-9B,2024-06-12,pretrained,8.829,apache-2.0,
01-ai/Yi-1.5-9B-32K,2024-06-12,pretrained,8.829,apache-2.0,
01-ai/Yi-1.5-9B-Chat,2024-06-12,chat_finetuned,8.829,apache-2.0,
01-ai/Yi-1.5-9B-Chat-16K,2024-06-12,chat_finetuned,8.829,apache-2.0,
01-ai/Yi-34B,2024-06-12,pretrained,34.389,apache-2.0,
01-ai/Yi-34B-200K,2024-06-12,pretrained,34.389,apache-2.0,
01-ai/Yi-34B-Chat,2024-06-12,chat_finetuned,34.389,apache-2.0,
01-ai/Yi-6B,2024-06-12,pretrained,6.061,apache-2.0,
01-ai/Yi-6B-200K,2024-06-12,pretrained,6.061,apache-2.0,
01-ai/Yi-6B-Chat,2024-06-12,chat_finetuned,6.061,apache-2.0,
01-ai/Yi-9B,2024-06-12,pretrained,8.829,apache-2.0,
01-ai/Yi-9B-200K,2024-06-12,pretrained,8.829,apache-2.0,
01-ai/Yi-Coder-9B-Chat,2024-09-12,chat_finetuned,8.829,apache-2.0,
1-800-LLMs/Qwen-2.5-14B-Hindi,2025-02-06,chat_finetuned,14.77,mit,
1-800-LLMs/Qwen-2.5-14B-Hindi-Custom-Instruct,2025-02-06,chat_finetuned,14.77,apache-2.0,
1024m/PHI-4-Hindi,2025-02-06,chat_finetuned,14.66,mit,
1024m/QWEN-14B-B100,2025-02-06,chat_finetuned,14.77,apache-2.0,
152334H/miqu-1-70b-sf,2024-06-26,chat_finetuned,68.977,,license_unverified;
1TuanPham/T-VisStar-7B-v0.1,2024-09-22,chat_finetuned,7.294,apache-2.0,
1TuanPham/T-VisStar-v0.1,2024-09-20,chat_finetuned,7.294,apache-2.0,
3rd-Degree-Burn/L-3.1-Science-Writer-8B,2024-11-19,chat_finetuned,8.03,,license_unverified;
3rd-Degree-Burn/Llama-3.1-8B-Squareroot,2024-10-10,merge,8.03,apache-2.0,
3rd-Degree-Burn/Llama-3.1-8B-Squareroot-v1,2024-11-10,merge,8.03,,license_unverified;
3rd-Degree-Burn/Llama-Squared-8B,2024-10-08,chat_finetuned,8.03,,license_unverified;
4season/final_model_test_v2,2024-06-27,chat_finetuned,21.421,apache-2.0,
AALF/FuseChat-Llama-3.1-8B-Instruct-preview,2024-11-20,chat_finetuned,8.03,apache-2.0,
AALF/FuseChat-Llama-3.1-8B-SFT-preview,2024-11-21,chat_finetuned,8.03,,license_unverified;
AALF/gemma-2-27b-it-SimPO-37K,2024-09-05,chat_finetuned,27.227,gemma,
AALF/gemma-2-27b-it-SimPO-37K-100steps,2024-09-21,chat_finetuned,27.227,gemma,
AELLM/gemma-2-aeria-infinity-9b,2024-10-09,merge,9.242,,license_unverified;
AELLM/gemma-2-lyco-infinity-9b,2024-10-09,chat_finetuned,10.159,,license_unverified;
AGI-0/Art-v0-3B,2025-01-19,chat_finetuned,3.086,other,license_unverified;
AGI-0/Artificium-llama3.1-8B-001,2024-09-08,chat_finetuned,8.03,unknown,license_unverified;
AGI-0/smartllama3.1-8B-001,2024-11-25,chat_finetuned,8.03,unknown,license_unverified;
AI-MO/NuminaMath-7B-CoT,2024-09-10,chat_finetuned,6.91,apache-2.0,
AI-MO/NuminaMath-7B-TIR,2024-07-11,chat_finetuned,6.91,apache-2.0,
AI-Sweden-Models/Llama-3-8B-instruct,2024-06-27,chat_finetuned,8.03,llama3,
AI-Sweden-Models/gpt-sw3-40b,2024-06-26,pretrained,39.927,other,license_unverified;
AI4free/Dhanishtha,2025-02-19,continued,1.777,apache-2.0,
AI4free/t2,2025-02-27,merge,7.613,,license_unverified;
AIDC-AI/Marco-o1,2025-01-31,chat_finetuned,7.616,apache-2.0,
Aashraf995/Creative-7B-nerd,2024-12-13,merge,7.616,apache-2.0,
Aashraf995/Gemma-Evo-10B,2024-12-13,merge,10.159,apache-2.0,
Aashraf995/Qwen-Evo-7B,2024-12-13,merge,7.616,apache-2.0,
Aashraf995/QwenStock-14B,2024-12-13,merge,14.766,apache-2.0,
AbacusResearch/Jallabi-34B,2024-06-27,merge,34.389,apache-2.0,
Ahdoot/StructuredThinker-v0.3-MoreStructure,2025-01-01,merge,3.397,,license_unverified;
Ahdoot/Test_StealthThinker,2025-01-05,chat_finetuned,3.086,mit,
AicoresSecurity/Cybernet-Sec-3B-R1-V0,2025-02-26,chat_finetuned,3.213,,license_unverified;
AicoresSecurity/Cybernet-Sec-3B-R1-V0-Coder,2025-02-26,chat_finetuned,3.213,,license_unverified;
AicoresSecurity/Cybernet-Sec-3B-R1-V1,2025-03-07,chat_finetuned,3.213,,license_unverified;
AicoresSecurity/Cybernet-Sec-3B-R1-V1.1,2025-03-07,chat_finetuned,3.213,,license_unverified;
Alepach/notHumpback-M0,2025-01-17,chat_finetuned,3.213,apache-2.0,
Alepach/notHumpback-M1,2025-01-17,chat_finetuned,3.213,apache-2.0,
Alepach/notHumpback-M1-v2,2025-01-19,chat_finetuned,3.213,,license_unverified;
Alibaba-NLP/gte-Qwen2-7B-instruct,2024-08-05,chat_finetuned,7.613,apache-2.0,
Alsebay/Qwen2.5-7B-test-novelist,2024-12-12,chat_finetuned,7.616,apache-2.0,
Amaorynho/BBAI2006,2025-02-27,merge,1.09,,license_unverified;
Amaorynho/BBAI270V4,2025-02-26,merge,7.616,,license_unverified;
Amaorynho/BBAIIFEV1,2025-03-01,merge,8.03,,license_unverified;
Amaorynho/BBAI_375,2025-02-27,merge,1.09,,license_unverified;
Amu/t1-1.5B,2025-03-08,chat_finetuned,1.777,mit,
Amu/t1-3B,2025-03-13,chat_finetuned,3.397,mit,
ArliAI/ArliAI-RPMax-12B-v1.1,2024-09-05,chat_finetuned,12.248,apache-2.0,
ArliAI/Llama-3.1-8B-ArliAI-RPMax-v1.1,2024-09-19,chat_finetuned,8.03,llama3,
Arthur-LAGACHERIE/Precis-1B-Instruct,2025-01-19,chat_finetuned,1.236,llama3.2,
Artples/L-MChat-7b,2024-07-07,merge,7.242,apache-2.0,
Artples/L-MChat-Small,2024-07-07,merge,2.78,mit,
Aryanne/QwentileSwap,2025-02-05,merge,32.764,apache-2.0,
Aryanne/SHBA,2025-01-11,merge,8.03,,license_unverified;
Aryanne/SuperHeart,2024-09-23,merge,8.03,llama3.1,
AtAndDev/Qwen2.5-1.5B-continuous-learnt,2024-10-13,chat_finetuned,1.544,,license_unverified;
AtAndDev/Qwen2.5-1.5B-continuous-learnt,2024-10-18,chat_finetuned,1.544,,license_unverified;
Ateron/Glowing-Forest-12B,2025-03-06,merge,12.248,,license_unverified;
Ateron/Lotus-Magpic,2025-03-05,merge,12.248,,license_unverified;
Ateron/Way_of_MagPicaro,2025-03-05,merge,12.248,,license_unverified;
AuraIndustries/Aura-4B,2024-12-13,chat_finetuned,4.513,apache-2.0,
AuraIndustries/Aura-8B,2024-12-10,chat_finetuned,8.03,apache-2.0,
AuraIndustries/Aura-MoE-2x4B,2024-12-14,chat_finetuned,7.231,,license_unverified;
AuraIndustries/Aura-MoE-2x4B-v2,2024-12-15,chat_finetuned,7.231,,license_unverified;
Aurel9/testmerge-7b,2024-11-16,merge,7.242,,license_unverified;
Ayush-Singh/Llama1B-sft-2,2025-02-05,chat_finetuned,1.236,,license_unverified;
Azure99/Blossom-V6-14B,2025-01-30,chat_finetuned,14.77,apache-2.0,
Azure99/Blossom-V6-7B,2025-01-30,chat_finetuned,7.616,apache-2.0,
Azure99/blossom-v5-32b,2024-09-21,chat_finetuned,32.512,apache-2.0,
Azure99/blossom-v5-llama3-8b,2024-09-21,chat_finetuned,8.03,apache-2.0,
Azure99/blossom-v5.1-34b,2024-07-27,chat_finetuned,34.389,apache-2.0,
Azure99/blossom-v5.1-9b,2024-07-24,chat_finetuned,8.829,apache-2.0,
BAAI/Gemma2-9B-IT-Simpo-Infinity-Preference,2024-09-05,chat_finetuned,9.242,,license_unverified;
BAAI/Infinity-Instruct-3M-0613-Llama3-70B,2024-06-28,chat_finetuned,70.554,apache-2.0,
BAAI/Infinity-Instruct-3M-0613-Mistral-7B,2024-06-27,chat_finetuned,7.242,apache-2.0,
BAAI/Infinity-Instruct-3M-0625-Llama3-70B,2024-08-30,chat_finetuned,70.554,apache-2.0,
BAAI/Infinity-Instruct-3M-0625-Llama3-8B,2024-07-13,chat_finetuned,8.03,apache-2.0,
BAAI/Infinity-Instruct-3M-0625-Mistral-7B,2024-08-05,chat_finetuned,7.242,apache-2.0,
BAAI/Infinity-Instruct-3M-0625-Qwen2-7B,2024-08-05,chat_finetuned,7.616,apache-2.0,
BAAI/Infinity-Instruct-3M-0625-Yi-1.5-9B,2024-08-05,chat_finetuned,8.829,apache-2.0,
BAAI/Infinity-Instruct-7M-0729-Llama3_1-8B,2024-08-05,chat_finetuned,8.03,llama3.1,
BAAI/Infinity-Instruct-7M-0729-mistral-7B,2024-08-05,chat_finetuned,7.242,apache-2.0,
BAAI/Infinity-Instruct-7M-Gen-Llama3_1-70B,2024-09-26,chat_finetuned,70.554,llama3.1,
BAAI/Infinity-Instruct-7M-Gen-Llama3_1-8B,2024-08-29,chat_finetuned,8.03,llama3.1,
BAAI/Infinity-Instruct-7M-Gen-mistral-7B,2024-08-29,chat_finetuned,7.242,apache-2.0,
BAAI/OPI-Llama-3.1-8B-Instruct,2024-09-21,chat_finetuned,8.03,llama3.1,
BEE-spoke-data/Meta-Llama-3-8Bee,2024-07-04,chat_finetuned,8.03,llama3,
BEE-spoke-data/smol_llama-101M-GQA,2024-07-06,pretrained,0.101,apache-2.0,
BEE-spoke-data/smol_llama-220M-GQA,2024-06-26,pretrained,0.218,apache-2.0,
BEE-spoke-data/smol_llama-220M-GQA-fineweb_edu,2024-06-26,continued,0.218,apache-2.0,
BEE-spoke-data/smol_llama-220M-openhermes,2024-09-21,chat_finetuned,0.218,apache-2.0,
BEE-spoke-data/tFINE-900m-e16-d32-flan,2024-09-13,chat_finetuned,0.887,apache-2.0,
BEE-spoke-data/tFINE-900m-e16-d32-flan-infinity-instruct-7m-T2T_en-1024,2024-09-14,chat_finetuned,0.887,apache-2.0,
BEE-spoke-data/tFINE-900m-e16-d32-instruct_2e,2024-09-22,chat_finetuned,0.887,apache-2.0,
BEE-spoke-data/tFINE-900m-instruct-orpo,2024-09-23,chat_finetuned,0.887,apache-2.0,
BSC-LT/salamandra-7b,2024-11-22,pretrained,7.768,apache-2.0,
BSC-LT/salamandra-7b-instruct,2024-11-22,pretrained,7.768,apache-2.0,
Ba2han/Llama-Phi-3_DoRA,2024-06-26,chat_finetuned,3.821,mit,
Baptiste-HUVELLE-10/LeTriomphant2.2_ECE_iLAB,2025-02-28,merge,72.706,apache-2.0,
BenevolenceMessiah/Qwen2.5-72B-2x-Instruct-TIES-v1.0,2024-11-24,merge,72.7,,license_unverified;
BenevolenceMessiah/Yi-Coder-9B-Chat-Instruct-TIES-MoE-v1.0,2024-09-22,merge,28.309,apache-2.0,
BlackBeenie/Bloslain-8B-v0.2,2024-11-19,merge,8.03,,license_unverified;
BlackBeenie/Llama-3.1-8B-OpenO1-SFT-v0.1,2024-12-29,chat_finetuned,8.03,apache-2.0,
BlackBeenie/Llama-3.1-8B-pythonic-passthrough-merge,2024-11-06,merge,20.245,,license_unverified;
BlackBeenie/Neos-Gemma-2-9b,2024-11-11,chat_finetuned,9.242,apache-2.0,
BlackBeenie/Neos-Llama-3.1-8B,2024-11-12,chat_finetuned,8.03,apache-2.0,
BlackBeenie/Neos-Llama-3.1-base,2024-11-11,chat_finetuned,4.65,,license_unverified;
BlackBeenie/Neos-Phi-3-14B-v0.1,2024-11-27,chat_finetuned,13.96,apache-2.0,
BlackBeenie/llama-3-luminous-merged,2024-10-11,merge,8.03,,license_unverified;
BlackBeenie/llama-3.1-8B-Galore-openassistant-guanaco,2024-10-19,chat_finetuned,8.03,,license_unverified;
Bllossom/llama-3.2-Korean-Bllossom-AICA-5B,2024-12-16,chat_finetuned,5.199,llama3.2,
BoltMonkey/DreadMix,2024-10-13,merge,8.03,,license_unverified;
BoltMonkey/NeuralDaredevil-SuperNova-Lite-7B-DARETIES-abliterated,2024-10-10,merge,8.03,llama3.1,
BoltMonkey/NeuralDaredevil-SuperNova-Lite-7B-DARETIES-abliterated,2024-10-01,chat_finetuned,8.03,llama3.1,
BoltMonkey/SuperNeuralDreadDevil-8b,2024-10-13,merge,8.03,,license_unverified;
BrainWave-ML/llama3.2-3B-maths-orpo,2024-10-24,chat_finetuned,3.0,apache-2.0,
BramVanroy/GEITje-7B-ultra,2024-10-28,chat_finetuned,7.242,cc-by-nc-4.0,
BramVanroy/fietje-2,2024-10-28,continued,2.78,mit,
BramVanroy/fietje-2-chat,2024-10-28,chat_finetuned,2.775,mit,
BramVanroy/fietje-2-instruct,2024-10-28,chat_finetuned,2.775,mit,
CYFRAGOVPL/Llama-PLLuM-8B-base,2025-02-28,continued,8.03,llama3.1,
CYFRAGOVPL/Llama-PLLuM-8B-chat,2025-02-28,chat_finetuned,8.03,llama3.1,
CYFRAGOVPL/PLLuM-12B-base,2025-02-28,continued,12.248,apache-2.0,
CYFRAGOVPL/PLLuM-12B-chat,2025-02-28,chat_finetuned,12.248,apache-2.0,
CYFRAGOVPL/PLLuM-12B-nc-base,2025-02-28,continued,12.248,cc-by-nc-4.0,
CYFRAGOVPL/PLLuM-12B-nc-chat,2025-02-28,chat_finetuned,12.248,cc-by-nc-4.0,
CarrotAI/Llama-3.2-Rabbit-Ko-3B-Instruct,2024-12-20,chat_finetuned,3.213,llama3.2,
CarrotAI/Llama-3.2-Rabbit-Ko-3B-Instruct-2412,2024-12-19,chat_finetuned,3.213,llama3.2,
Casual-Autopsy/L3-Umbral-Mind-RP-v2.0-8B,2024-07-02,merge,8.03,llama3,
CausalLM/14B,2024-06-12,chat_finetuned,14.0,wtfpl,
CausalLM/34b-beta,2024-06-26,chat_finetuned,34.389,gpl-3.0,
CausalLM/preview-1-hf,2025-01-26,chat_finetuned,9.543,,license_unverified;
Changgil/K2S3-14b-v0.2,2024-06-27,chat_finetuned,14.352,cc-by-nc-4.0,
Changgil/K2S3-v0.1,2024-06-27,chat_finetuned,14.352,cc-by-nc-4.0,
ClaudioItaly/Albacus,2024-09-08,merge,8.987,mit,
ClaudioItaly/Book-Gut12B,2024-09-17,merge,12.248,mit,
ClaudioItaly/Evolutionstory-7B-v2.2,2024-09-01,merge,7.242,mit,
ClaudioItaly/intelligence-cod-rag-7b-v3,2024-12-02,chat_finetuned,7.616,mit,
CohereForAI/aya-23-35B,2024-06-12,chat_finetuned,34.981,cc-by-nc-4.0,
CohereForAI/aya-23-8B,2024-06-12,chat_finetuned,8.028,cc-by-nc-4.0,
CohereForAI/aya-expanse-32b,2024-10-24,chat_finetuned,32.296,cc-by-nc-4.0,
CohereForAI/aya-expanse-8b,2024-10-24,chat_finetuned,8.028,cc-by-nc-4.0,
CohereForAI/c4ai-command-r-plus,2024-06-13,chat_finetuned,103.811,cc-by-nc-4.0,
CohereForAI/c4ai-command-r-plus-08-2024,2024-09-19,chat_finetuned,103.811,cc-by-nc-4.0,
CohereForAI/c4ai-command-r-v01,2024-06-13,chat_finetuned,34.981,cc-by-nc-4.0,
CohereForAI/c4ai-command-r7b-12-2024,2024-12-20,chat_finetuned,8.028,cc-by-nc-4.0,
Columbia-NLP/LION-Gemma-2b-dpo-v1.0,2024-07-04,chat_finetuned,2.506,,license_unverified;
Columbia-NLP/LION-Gemma-2b-dpo-v1.0,2024-07-04,chat_finetuned,2.506,,license_unverified;
Columbia-NLP/LION-Gemma-2b-odpo-v1.0,2024-07-13,chat_finetuned,2.506,,license_unverified;
Columbia-NLP/LION-Gemma-2b-sft-v1.0,2024-07-04,chat_finetuned,2.506,,license_unverified;
Columbia-NLP/LION-LLaMA-3-8b-dpo-v1.0,2024-07-04,chat_finetuned,8.03,,license_unverified;
Columbia-NLP/LION-LLaMA-3-8b-odpo-v1.0,2024-07-04,chat_finetuned,8.03,,license_unverified;
Columbia-NLP/LION-LLaMA-3-8b-sft-v1.0,2024-07-04,chat_finetuned,8.03,,license_unverified;
CombinHorizon/Josiefied-abliteratedV4-Qwen2.5-14B-Inst-BaseMerge-TIES,2024-12-07,merge,14.77,apache-2.0,
CombinHorizon/Rombos-Qwen2.5-7B-Inst-BaseMerge-TIES,2024-10-29,merge,7.616,apache-2.0,
CombinHorizon/YiSM-blossom5.1-34B-SLERP,2024-08-27,merge,34.389,apache-2.0,
CombinHorizon/huihui-ai-abliterated-Qwen2.5-32B-Inst-BaseMerge-TIES,2024-12-07,merge,32.764,apache-2.0,
CombinHorizon/huihui-ai-abliteratedV2-Qwen2.5-14B-Inst-BaseMerge-TIES,2024-12-07,merge,14.77,apache-2.0,
CombinHorizon/zetasepic-abliteratedV2-Qwen2.5-32B-Inst-BaseMerge-TIES,2024-12-20,merge,32.764,apache-2.0,
ContactDoctor/Bio-Medical-3B-CoT-012025,2025-01-15,chat_finetuned,3.085,other,license_unverified;
ContactDoctor/Bio-Medical-Llama-3-8B,2024-12-24,chat_finetuned,4.015,other,license_unverified;
CoolSpring/Qwen2-0.5B-Abyme,2024-09-04,chat_finetuned,0.494,apache-2.0,
CoolSpring/Qwen2-0.5B-Abyme-merge2,2024-07-27,merge,0.63,apache-2.0,
CoolSpring/Qwen2-0.5B-Abyme-merge3,2024-07-27,merge,0.63,apache-2.0,
Corianas/Neural-Mistral-7B,2024-12-06,chat_finetuned,7.242,apache-2.0,
Corianas/Quokka_2.7b,2024-12-05,chat_finetuned,2.786,apache-2.0,
Corianas/llama-3-reactor,2024-07-23,chat_finetuned,,apache-2.0,invalid_N;
CortexLM/btlm-7b-base-v0.2,2024-06-26,pretrained,6.885,mit,
Cran-May/SCE-2-24B,2025-02-04,chat_finetuned,23.572,,license_unverified;
Cran-May/SCE-3-24B,2025-02-04,chat_finetuned,23.572,,license_unverified;
Cran-May/T.E-8.1,2024-09-29,chat_finetuned,7.616,cc-by-nc-sa-4.0,
Cran-May/merge_model_20250308_2,2025-03-08,merge,14.766,,license_unverified;
Cran-May/merge_model_20250308_3,2025-03-08,merge,14.766,,license_unverified;
Cran-May/merge_model_20250308_4,2025-03-08,merge,14.766,,license_unverified;
Cran-May/tempmotacilla-cinerea-0308,2025-03-09,chat_finetuned,14.766,,license_unverified;
CreitinGameplays/Llama-3.1-8B-R1-v0.1,2025-03-10,chat_finetuned,8.03,mit,
CultriX/Qwen2.5-14B-Broca,2024-12-23,merge,14.766,,license_unverified;
CultriX/Qwen2.5-14B-BrocaV9,2025-01-10,merge,14.766,,license_unverified;
CultriX/Qwen2.5-14B-Brocav3,2024-12-23,merge,14.766,,license_unverified;
CultriX/Qwen2.5-14B-Brocav6,2024-12-23,merge,14.766,,license_unverified;
CultriX/Qwen2.5-14B-Brocav7,2024-12-23,chat_finetuned,14.766,,license_unverified;
CultriX/Qwen2.5-14B-Emerged,2024-12-19,merge,14.766,,license_unverified;
CultriX/Qwen2.5-14B-Emergedv3,2024-12-21,merge,14.766,,license_unverified;
CultriX/Qwen2.5-14B-FinalMerge,2024-12-23,merge,14.766,,license_unverified;
CultriX/Qwen2.5-14B-Hyper,2025-01-19,merge,14.766,,license_unverified;
CultriX/Qwen2.5-14B-HyperMarck-dl,2025-02-16,merge,14.766,apache-2.0,
CultriX/Qwen2.5-14B-Hyperionv3,2025-01-19,merge,14.766,,license_unverified;
CultriX/Qwen2.5-14B-Hyperionv4,2025-01-19,merge,14.766,,license_unverified;
CultriX/Qwen2.5-14B-Hyperionv5,2025-01-19,merge,14.766,,license_unverified;
CultriX/Qwen2.5-14B-MegaMerge-pt2,2024-10-25,merge,14.766,,license_unverified;
CultriX/Qwen2.5-14B-MergeStock,2024-10-24,merge,14.766,,license_unverified;
CultriX/Qwen2.5-14B-ReasoningMerge,2025-02-18,merge,14.766,apache-2.0,
CultriX/Qwen2.5-14B-Ultimav2,2025-02-05,merge,14.766,apache-2.0,
CultriX/Qwen2.5-14B-Unity,2024-12-21,merge,14.766,,license_unverified;
CultriX/Qwen2.5-14B-Wernicke,2024-10-22,merge,14.77,apache-2.0,
CultriX/Qwen2.5-14B-Wernicke-SFT,2024-11-17,chat_finetuned,14.77,apache-2.0,
CultriX/Qwen2.5-14B-Wernicke-SLERP,2024-10-25,merge,14.491,,license_unverified;
CultriX/Qwen2.5-14B-Wernickev3,2024-12-19,merge,14.766,,license_unverified;
CultriX/Qwen2.5-14B-partialmergept1,2025-01-19,merge,14.766,,license_unverified;
CultriX/Qwenfinity-2.5-14B,2024-12-23,merge,14.766,,license_unverified;
CultriX/Qwestion-14B,2024-11-23,merge,14.766,,license_unverified;
CultriX/SeQwence-14B,2024-11-20,chat_finetuned,14.766,apache-2.0,
CultriX/SeQwence-14B-EvolMerge,2024-11-27,merge,14.766,apache-2.0,
CultriX/SeQwence-14B-EvolMergev1,2024-11-27,merge,14.766,,license_unverified;
CultriX/SeQwence-14B-v5,2024-11-18,merge,14.766,,license_unverified;
CultriX/SeQwence-14Bv1,2024-11-27,merge,14.766,apache-2.0,
CultriX/SeQwence-14Bv2,2024-12-08,merge,14.766,,license_unverified;
CultriX/SeQwence-14Bv3,2024-11-27,merge,14.766,,license_unverified;
DRXD1000/Atlas-7B,2024-12-10,chat_finetuned,7.768,apache-2.0,
DRXD1000/Phoenix-7B,2024-12-11,chat_finetuned,7.242,apache-2.0,
DUAL-GPO/zephyr-7b-ipo-0k-15k-i1,2024-09-22,chat_finetuned,14.483,,license_unverified;
DZgas/GIGABATEMAN-7B,2024-09-15,merge,7.242,,license_unverified;
Daemontatox/AetherDrake-SFT,2024-12-25,chat_finetuned,8.03,apache-2.0,
Daemontatox/AetherSett,2024-12-30,chat_finetuned,7.616,apache-2.0,
Daemontatox/AetherTOT,2024-12-28,chat_finetuned,10.67,apache-2.0,
Daemontatox/AetherTOT,2024-12-28,other,10.67,apache-2.0,
Daemontatox/AetherUncensored,2025-01-09,chat_finetuned,8.03,,license_unverified;
Daemontatox/Cogito-MIS,2025-02-18,chat_finetuned,23.572,,license_unverified;
Daemontatox/CogitoDistil,2025-01-22,chat_finetuned,7.616,,license_unverified;
Daemontatox/CogitoZ,2025-02-13,chat_finetuned,32.764,apache-2.0,
Daemontatox/CogitoZ14,2025-01-07,chat_finetuned,14.77,,license_unverified;
Daemontatox/DocumentCogito,2025-01-16,other,10.67,apache-2.0,
Daemontatox/DocumentCogito,2025-03-09,other,10.67,apache-2.0,
Daemontatox/Llama3.3-70B-CogniLink,2025-03-02,chat_finetuned,70.554,apache-2.0,
Daemontatox/Llama_cot,2025-03-09,other,10.67,,license_unverified;
Daemontatox/MawaredT1,2025-01-02,chat_finetuned,7.616,apache-2.0,
Daemontatox/Mini_QwQ,2025-01-16,chat_finetuned,7.616,,license_unverified;
Daemontatox/NemoR,2024-12-31,chat_finetuned,6.124,,license_unverified;
Daemontatox/PathFinderAI2.0,2025-01-21,chat_finetuned,32.764,apache-2.0,
Daemontatox/PathFinderAi3.0,2025-01-21,chat_finetuned,32.764,apache-2.0,
Daemontatox/PathfinderAI,2024-12-25,chat_finetuned,32.764,apache-2.0,
Daemontatox/PathfinderAI,2024-12-30,chat_finetuned,32.764,apache-2.0,
Daemontatox/Phi-4-COT,2025-01-11,chat_finetuned,14.66,,license_unverified;
Daemontatox/PixelParse_AI,2024-12-29,other,10.67,apache-2.0,
Daemontatox/RA2.0,2025-01-01,chat_finetuned,7.616,,license_unverified;
Daemontatox/RA_Reasoner,2024-12-25,chat_finetuned,10.306,apache-2.0,
Daemontatox/RA_Reasoner2.0,2024-12-29,chat_finetuned,10.306,apache-2.0,
Daemontatox/ReasonTest,2024-12-31,chat_finetuned,3.808,,license_unverified;
Daemontatox/Research_PathfinderAI,2025-02-21,chat_finetuned,1.777,,license_unverified;
Daemontatox/SphinX,2024-12-31,chat_finetuned,7.616,apache-2.0,
Daemontatox/Sphinx2.0,2024-12-30,chat_finetuned,14.77,apache-2.0,
Daemontatox/TinySphinx,2024-12-31,chat_finetuned,0.247,,license_unverified;
Daemontatox/TinySphinx2.0,2024-12-31,chat_finetuned,0.247,,license_unverified;
Daemontatox/Zirel-7B-Math,2025-02-28,chat_finetuned,7.616,apache-2.0,
Daemontatox/Zirel_1.5,2025-03-04,chat_finetuned,1.544,apache-2.0,
Daemontatox/mini-Cogito-R1,2025-02-22,chat_finetuned,1.777,apache-2.0,
Daemontatox/mini_Pathfinder,2025-01-20,chat_finetuned,7.616,,license_unverified;
Dampfinchen/Llama-3.1-8B-Ultra-Instruct,2024-08-26,merge,8.03,llama3,
Danielbrdz/Barcenas-10b,2025-01-06,chat_finetuned,10.306,apache-2.0,
Danielbrdz/Barcenas-14b-Phi-3-medium-ORPO,2024-08-13,chat_finetuned,13.96,mit,
Danielbrdz/Barcenas-14b-phi-4,2025-01-26,chat_finetuned,14.66,mit,
Danielbrdz/Barcenas-14b-phi-4-v2,2025-02-05,chat_finetuned,14.66,mit,
Danielbrdz/Barcenas-3b-GRPO,2025-02-08,chat_finetuned,3.213,llama3.2,
Danielbrdz/Barcenas-Llama3-8b-ORPO,2024-06-29,chat_finetuned,8.03,other,license_unverified;
Danielbrdz/Barcenas-R1-Qwen-1.5b,2025-01-26,chat_finetuned,1.777,mit,
Dans-DiscountModels/12b-mn-dans-reasoning-test-2,2025-03-07,chat_finetuned,12.248,,license_unverified;
Dans-DiscountModels/12b-mn-dans-reasoning-test-3,2025-03-10,chat_finetuned,12.248,,license_unverified;
Dans-DiscountModels/Dans-Instruct-CoreCurriculum-12b-ChatML,2024-09-04,chat_finetuned,12.248,apache-2.0,
Dans-DiscountModels/Dans-Instruct-Mix-8b-ChatML,2024-09-14,chat_finetuned,8.03,,license_unverified;
Dans-DiscountModels/Dans-Instruct-Mix-8b-ChatML-V0.1.0,2024-09-20,chat_finetuned,8.03,,license_unverified;
Dans-DiscountModels/Dans-Instruct-Mix-8b-ChatML-V0.1.1,2024-09-23,chat_finetuned,8.03,,license_unverified;
Dans-DiscountModels/Dans-Instruct-Mix-8b-ChatML-V0.2.0,2024-09-30,chat_finetuned,8.03,,license_unverified;
Dans-DiscountModels/Mistral-7b-v0.3-Test-E0.7,2024-11-15,chat_finetuned,7.0,,license_unverified;
Dans-DiscountModels/mistral-7b-test-merged,2024-11-30,chat_finetuned,7.0,apache-2.0,
Darkknight535/OpenCrystal-12B-L3,2024-08-26,merge,11.52,,license_unverified;
DavidAU/DeepHermes-3-Llama-3-8B-Preview-16.5B-Brainstorm,2025-03-10,chat_finetuned,16.537,,license_unverified;
DavidAU/DeepSeek-BlackRoot-R1-Distill-Llama-3.1-8B,2025-03-10,chat_finetuned,8.03,,license_unverified;
DavidAU/DeepSeek-Grand-Horror-SMB-R1-Distill-Llama-3.1-16B,2025-03-10,chat_finetuned,15.664,,license_unverified;
DavidAU/DeepSeek-MOE-4X8B-R1-Distill-Llama-3.1-Deep-Thinker-Uncensored-24B,2025-03-10,chat_finetuned,24.942,,license_unverified;
DavidAU/DeepSeek-MOE-4X8B-R1-Distill-Llama-3.1-Mad-Scientist-24B,2025-03-10,chat_finetuned,24.942,,license_unverified;
DavidAU/DeepSeek-R1-Distill-Qwen-25.5B-Brainstorm,2025-03-10,chat_finetuned,25.506,,license_unverified;
DavidAU/DeepSeek-V2-Grand-Horror-SMB-R1-Distill-Llama-3.1-Uncensored-16.5B,2025-03-10,chat_finetuned,16.537,,license_unverified;
DavidAU/DeepThought-MOE-8X3B-R1-Llama-3.2-Reasoning-18B,2025-03-10,chat_finetuned,18.405,,license_unverified;
DavidAU/Gemma-The-Writer-9B,2025-01-11,merge,10.159,,license_unverified;
DavidAU/Gemma-The-Writer-DEADLINE-10B,2025-01-11,merge,10.952,,license_unverified;
DavidAU/Gemma-The-Writer-J.GutenBerg-10B,2025-01-11,merge,10.034,,license_unverified;
DavidAU/Gemma-The-Writer-Mighty-Sword-9B,2025-01-11,merge,10.159,,license_unverified;
DavidAU/Gemma-The-Writer-N-Restless-Quill-10B-Uncensored,2025-01-11,merge,10.034,,license_unverified;
DavidAU/L3-DARKEST-PLANET-16.5B,2025-01-11,merge,16.537,,license_unverified;
DavidAU/L3-Dark-Planet-8B,2024-09-12,chat_finetuned,8.03,,license_unverified;
DavidAU/L3-Jamet-12.2B-MK.V-Blackroot-Instruct,2024-09-04,chat_finetuned,12.174,,license_unverified;
DavidAU/L3-Lumimaid-12.2B-v0.1-OAS-Instruct,2024-09-12,chat_finetuned,12.174,,license_unverified;
DavidAU/L3-SMB-Instruct-12.2B-F32,2024-09-12,chat_finetuned,12.174,,license_unverified;
DavidAU/L3-Stheno-Maid-Blackroot-Grand-HORROR-16B,2024-09-04,chat_finetuned,16.537,,license_unverified;
DavidAU/L3-Stheno-v3.2-12.2B-Instruct,2024-09-12,chat_finetuned,12.174,,license_unverified;
DavidAU/L3.1-Dark-Planet-SpinFire-Uncensored-8B,2025-01-11,merge,8.03,,license_unverified;
DavidAU/L3.1-MOE-2X8B-Deepseek-DeepHermes-e32-uncensored-abliterated-13.7B,2025-03-10,chat_finetuned,13.668,,license_unverified;
DavidAU/Qwen2.5-MOE-2X1.5B-DeepSeek-Uncensored-Censored-4B,2025-03-10,chat_finetuned,4.089,,license_unverified;
DavidAU/Qwen2.5-MOE-2X7B-DeepSeek-Abliterated-Censored-19B,2025-03-10,chat_finetuned,19.022,,license_unverified;
DavidAU/Qwen2.5-MOE-6x1.5B-DeepSeek-Reasoning-e32,2025-03-10,chat_finetuned,8.714,,license_unverified;
Davidsv/SUONG-1,2025-02-14,merge,2.879,,license_unverified;
DavieLion/Llama-3.2-1B-SPIN-iter0,2024-12-29,chat_finetuned,1.236,llama3.2,
DavieLion/Llama-3.2-1B-SPIN-iter0,2024-12-29,chat_finetuned,1.236,llama3.2,
DavieLion/Llama-3.2-1B-SPIN-iter1,2024-12-29,chat_finetuned,1.236,llama3.2,
DavieLion/Llama-3.2-1B-SPIN-iter2,2024-12-29,chat_finetuned,1.236,llama3.2,
DavieLion/Llama-3.2-1B-SPIN-iter3,2024-12-29,chat_finetuned,1.236,llama3.2,
DavieLion/Llama-3.2-1B-SPIN-iter3,2024-12-29,chat_finetuned,1.236,llama3.2,
DavieLion/Lllma-3.2-1B,2024-12-27,chat_finetuned,1.236,llama3.2,
DebateLabKIT/Llama-3.1-Argunaut-1-8B-SFT,2025-01-02,chat_finetuned,8.03,llama3.1,
Deci/DeciLM-7B,2024-06-12,pretrained,7.044,apache-2.0,
Deci/DeciLM-7B-instruct,2024-06-12,chat_finetuned,7.044,apache-2.0,
DeepAutoAI/Explore_Llama-3.1-8B-Inst,2024-10-09,merge,8.03,apache-2.0,
DeepAutoAI/Explore_Llama-3.2-1B-Inst,2024-10-09,merge,1.236,apache-2.0,
DeepAutoAI/Explore_Llama-3.2-1B-Inst_v0,2024-10-08,merge,1.236,,license_unverified;
DeepAutoAI/Explore_Llama-3.2-1B-Inst_v1,2024-10-08,merge,1.236,apache-2.0,
DeepAutoAI/Explore_Llama-3.2-1B-Inst_v1.1,2024-10-17,merge,1.236,apache-2.0,
DeepAutoAI/causal_gpt2,2024-10-17,merge,0.124,,license_unverified;
DeepAutoAI/d2nwg_Llama-3.1-8B-Instruct-v0.0,2024-09-10,merge,8.03,,license_unverified;
DeepAutoAI/d2nwg_causal_gpt2,2024-10-18,merge,0.124,,license_unverified;
DeepAutoAI/d2nwg_causal_gpt2_v1,2024-10-19,merge,0.124,,license_unverified;
DeepAutoAI/ldm_soup_Llama-3.1-8B-Inst,2024-10-09,merge,8.03,apache-2.0,
DeepAutoAI/ldm_soup_Llama-3.1-8B-Instruct-v0.0,2024-09-15,merge,8.03,,license_unverified;
DeepAutoAI/ldm_soup_Llama-3.1-8B-Instruct-v0.1,2024-09-16,merge,8.03,,license_unverified;
DeepMount00/Lexora-Lite-3B,2024-10-20,chat_finetuned,3.086,,license_unverified;
DeepMount00/Lexora-Lite-3B_v2,2025-02-25,chat_finetuned,3.086,,license_unverified;
DeepMount00/Lexora-Medium-7B,2024-09-24,chat_finetuned,7.616,apache-2.0,
DeepMount00/Llama-3-8b-Ita,2024-06-27,chat_finetuned,8.03,llama3,
DeepMount00/Llama-3.1-8b-ITA,2024-10-28,chat_finetuned,8.03,,license_unverified;
DeepMount00/Llama-3.1-8b-Ita,,other,0.0,,license_unverified;missing_submission_date;invalid_N;
DeepMount00/Llama-3.1-Distilled,2024-10-25,chat_finetuned,8.03,llama3,
DeepMount00/Qwen2-1.5B-Ita,2025-02-28,chat_finetuned,1.544,apache-2.0,
DeepMount00/Qwen2-1.5B-Ita_v2,2025-03-06,chat_finetuned,1.544,apache-2.0,
DeepMount00/Qwen2-1.5B-Ita_v3,2025-03-06,chat_finetuned,1.544,apache-2.0,
DeepMount00/Qwen2-1.5B-Ita_v5,2025-03-10,chat_finetuned,1.544,apache-2.0,
DeepMount00/Qwen2-1.5B-Ita_v6,2025-03-10,merge,1.497,,license_unverified;
DeepMount00/Qwen2.5-7B-Instruct-MathCoder,2024-10-24,chat_finetuned,7.616,,license_unverified;
DeepMount00/mergekit-ties-okvgjfz,2024-10-24,chat_finetuned,7.616,,license_unverified;
Delta-Vector/Baldur-8B,2024-10-06,chat_finetuned,8.0,,license_unverified;
Delta-Vector/Control-8B,2024-11-25,chat_finetuned,8.03,,license_unverified;
Delta-Vector/Control-8B-V1.1,2024-11-25,chat_finetuned,8.03,,license_unverified;
Delta-Vector/Darkens-8B,2024-10-06,chat_finetuned,8.414,,license_unverified;
Delta-Vector/Henbane-7b-attempt2,2024-10-11,chat_finetuned,7.0,apache-2.0,
Delta-Vector/Odin-9B,2024-10-06,chat_finetuned,9.242,,license_unverified;
Delta-Vector/Tor-8B,2024-10-06,chat_finetuned,8.414,,license_unverified;
DevQuasar/DevQuasar-R1-Uncensored-Llama-8B,2025-02-09,merge,8.03,mit,
Dongwei/DeepSeek-R1-Distill-Qwen-7B-GRPO,2025-02-05,chat_finetuned,7.616,,license_unverified;
DoppelReflEx/L3-8B-R1-WolfCore,2025-02-28,merge,8.03,cc-by-nc-4.0,
DoppelReflEx/L3-8B-R1-WolfCore-V1.5-test,2025-03-01,merge,8.03,,license_unverified;
DoppelReflEx/L3-8B-WolfCore,2025-02-28,merge,8.03,,license_unverified;
DoppelReflEx/MN-12B-FoxFrame-test,2025-02-06,merge,12.248,,license_unverified;
DoppelReflEx/MN-12B-FoxFrame2-test,2025-02-08,merge,12.248,cc-by-nc-4.0,
DoppelReflEx/MN-12B-FoxFrame3-test,2025-02-08,merge,12.248,cc-by-nc-4.0,
DoppelReflEx/MN-12B-Kakigori,2025-01-29,merge,12.248,cc-by-nc-4.0,
DoppelReflEx/MN-12B-LilithFrame,2025-01-29,chat_finetuned,12.248,,license_unverified;
DoppelReflEx/MN-12B-LilithFrame,2025-01-29,merge,12.248,,license_unverified;
DoppelReflEx/MN-12B-LilithFrame-Experiment-2,2025-01-29,merge,12.248,,license_unverified;
DoppelReflEx/MN-12B-LilithFrame-Experiment-3,2025-01-29,merge,12.248,,license_unverified;
DoppelReflEx/MN-12B-LilithFrame-Experiment-4,2025-01-30,merge,12.248,cc-by-nc-4.0,
DoppelReflEx/MN-12B-Mimicore-GreenSnake,2025-01-27,merge,12.248,cc-by-nc-4.0,
DoppelReflEx/MN-12B-Mimicore-Nocturne,2025-03-09,merge,12.248,cc-by-nc-4.0,
DoppelReflEx/MN-12B-Mimicore-Orochi,2025-01-28,merge,12.248,cc-by-nc-4.0,
DoppelReflEx/MN-12B-Mimicore-Orochi-v2-Experiment,2025-01-28,merge,12.248,,license_unverified;
DoppelReflEx/MN-12B-Mimicore-Orochi-v3-Experiment,2025-01-28,merge,12.248,,license_unverified;
DoppelReflEx/MN-12B-Mimicore-Orochi-v4-Experiment,2025-01-28,merge,12.248,,license_unverified;
DoppelReflEx/MN-12B-Mimicore-WhiteSnake,2025-01-27,merge,12.248,cc-by-nc-4.0,
DoppelReflEx/MN-12B-Mimicore-WhiteSnake-v2-Experiment-1,2025-01-29,merge,12.248,,license_unverified;
DoppelReflEx/MN-12B-Mimicore-WhiteSnake-v2-Experiment-2,2025-01-29,merge,12.248,,license_unverified;
DoppelReflEx/MN-12B-Mimicore-WhiteSnake-v2-Experiment-3,2025-01-29,merge,12.248,,license_unverified;
DoppelReflEx/MN-12B-Mimicore-WhiteSnake-v2-Experiment-4,2025-01-29,merge,12.248,cc-by-nc-4.0,
DoppelReflEx/MN-12B-Unleashed-Twilight,2025-02-10,merge,12.248,,license_unverified;
DoppelReflEx/MN-12B-WolFrame,2025-02-01,merge,12.248,cc-by-nc-4.0,
DoppelReflEx/MiniusLight-24B,2025-03-04,merge,23.572,cc-by-nc-4.0,
DoppelReflEx/MiniusLight-24B-test,2025-03-04,merge,23.572,,license_unverified;
DoppelReflEx/MiniusLight-24B-v1b-test,2025-03-04,merge,23.572,,license_unverified;
DoppelReflEx/MiniusLight-24B-v1c-test,2025-03-04,merge,23.572,cc-by-nc-4.0,
DoppelReflEx/MiniusLight-24B-v1d-test,2025-03-07,merge,23.572,cc-by-nc-4.0,
DreadPoor/Again-8B-Model_Stock,2024-12-17,merge,4.015,,license_unverified;
DreadPoor/Alita99-8B-LINEAR,2024-11-26,merge,8.03,apache-2.0,
DreadPoor/AnotherTest,2025-01-29,merge,8.03,,license_unverified;
DreadPoor/Aspire-8B-model_stock,2024-09-17,merge,8.03,cc-by-nc-4.0,
DreadPoor/Aspire_1.3-8B_model-stock,2024-11-01,merge,8.03,,license_unverified;
DreadPoor/Aspire_V2-8B-Model_Stock,2025-01-20,merge,8.03,,license_unverified;
DreadPoor/Aspire_V2.1-8B-Model_Stock,2025-01-20,merge,8.03,,license_unverified;
DreadPoor/Aspire_V2_ALT-8B-Model_Stock,2025-01-20,merge,8.03,,license_unverified;
DreadPoor/Aspire_V2_ALT_ROW-8B-Model_Stock,2025-01-20,merge,8.03,,license_unverified;
DreadPoor/Aspire_V3-8B-Model_Stock,2025-01-21,merge,8.03,,license_unverified;
DreadPoor/Aspire_V4-8B-Model_Stock,2025-01-22,merge,8.03,,license_unverified;
DreadPoor/Aspire_V4_ALT-8B-Model_Stock,2025-01-22,merge,8.03,,license_unverified;
DreadPoor/Asymmetric_Linearity-8B-Model_Stock,2024-12-20,merge,4.015,,license_unverified;
DreadPoor/Aurora_faustus-8B-LINEAR,2024-09-26,merge,8.03,apache-2.0,
DreadPoor/Aurora_faustus-8B-LORABLATED,2024-09-29,merge,8.03,,license_unverified;
DreadPoor/Aurora_faustus-8B-LORABLATED_ALT,2024-09-29,merge,8.03,,license_unverified;
DreadPoor/Autumn_Dawn-8B-LINEAR,2025-02-01,merge,8.03,,license_unverified;
DreadPoor/BaeZel-8B-LINEAR,2024-11-08,merge,8.03,apache-2.0,
DreadPoor/BaeZel-8B-Model_Stock,2024-12-29,merge,8.03,,license_unverified;
DreadPoor/BaeZel_V2-8B-Model_Stock,2025-01-28,merge,8.03,,license_unverified;
DreadPoor/BaeZel_V2_ALT-8B-Model_Stock,2025-01-28,merge,8.03,,license_unverified;
DreadPoor/BaeZel_V3-8B-Model_Stock,2025-01-09,merge,8.03,,license_unverified;
DreadPoor/Blunt_Edge-8B-SLERP,2025-01-18,merge,8.03,,license_unverified;
DreadPoor/BulkUp,2025-01-27,merge,8.03,,license_unverified;
DreadPoor/Cadence-8B-LINEAR,2025-02-25,merge,8.03,,license_unverified;
DreadPoor/Caelid-8B-Model_Stock,2025-01-14,merge,8.03,,license_unverified;
DreadPoor/Casuar-9B-Model_Stock,2024-12-21,merge,9.242,apache-2.0,
DreadPoor/Condensed_Milk-8B-Model_Stock,2024-11-27,merge,8.03,,license_unverified;
DreadPoor/CoolerCoder-8B-LINEAR,2024-11-20,merge,8.03,,license_unverified;
DreadPoor/Damasteel-8B-LINEAR,2024-11-01,merge,8.03,,license_unverified;
DreadPoor/Dearly_Beloved-8B-TIES,2024-11-22,merge,8.03,,license_unverified;
DreadPoor/Decayed-8B-LINEAR,2025-02-25,merge,8.03,,license_unverified;
DreadPoor/Derivative-8B-Model_Stock,2025-01-03,merge,8.03,apache-2.0,
DreadPoor/Derivative_V2-8B-Model_Stock,2025-01-07,merge,8.03,,license_unverified;
DreadPoor/Derivative_V2_ALT-8B-Model_Stock,2025-01-07,merge,8.03,,license_unverified;
DreadPoor/Derivative_V3-8B-Model_Stock,2025-01-08,merge,8.03,,license_unverified;
DreadPoor/Elusive_Dragon_Heart-8B-LINEAR,2024-12-18,merge,4.015,,license_unverified;
DreadPoor/Emu_Eggs-9B-Model_Stock,2024-10-18,merge,9.242,,license_unverified;
DreadPoor/Eunoia_Vespera-8B-LINEAR,2024-09-22,merge,8.03,,license_unverified;
DreadPoor/Fu_sion_HA-8B-SLERP,2025-01-17,merge,8.03,,license_unverified;
DreadPoor/HOT_STINKING_GARBAGE,2025-02-03,merge,8.03,,license_unverified;
DreadPoor/H_the_eighth-8B-LINEAR,2025-03-06,merge,8.03,,license_unverified;
DreadPoor/Happy_New_Year-8B-Model_Stock,2024-12-31,merge,8.03,,license_unverified;
DreadPoor/Heart_Stolen-8B-Model_Stock,2024-09-10,merge,8.03,cc-by-nc-4.0,
DreadPoor/Heart_Stolen-ALT-8B-Model_Stock,2024-09-11,merge,8.03,,license_unverified;
DreadPoor/Here_We_Go_Again-8B-SLERP,2024-12-31,merge,4.015,,license_unverified;
DreadPoor/Howdy-8B-LINEAR,2025-01-16,merge,8.03,,license_unverified;
DreadPoor/Incidental-8B-Model_Stock,2025-01-13,merge,8.03,,license_unverified;
DreadPoor/Irina-8B-model_stock,2024-08-30,merge,8.03,,license_unverified;
DreadPoor/Kindling-8B-Model_Stock,2025-01-26,merge,8.03,,license_unverified;
DreadPoor/L3.1-BaeZel-8B-Della,2024-11-15,merge,8.03,,license_unverified;
DreadPoor/Laughing_Stock-8B-Model_Stock,2025-01-27,merge,8.03,,license_unverified;
DreadPoor/Lava_Lamp-8B-SLERP,2025-01-18,merge,8.03,,license_unverified;
DreadPoor/LemonP-8B-Model_Stock,2025-01-19,merge,8.03,apache-2.0,
DreadPoor/Lydia_of_Whiterun-8B-LINEAR,2025-02-26,merge,8.03,,license_unverified;
DreadPoor/Matryoshka-8B-LINEAR,2024-12-02,merge,8.03,,license_unverified;
DreadPoor/Mercury_In_Retrograde-8b-Model-Stock,2024-12-03,merge,8.03,,license_unverified;
DreadPoor/Minthy-8B-Model_Stock,2025-01-26,merge,8.03,,license_unverified;
DreadPoor/Minthy_ALT-8B-Model_Stock,2025-01-26,merge,8.03,,license_unverified;
DreadPoor/Minthy_V2-8B-Model_Stock,2025-01-26,merge,8.03,,license_unverified;
DreadPoor/Minus_Penus-8B-Model_Stock,2025-03-07,merge,8.03,,license_unverified;
DreadPoor/Morphing-8B-Model_Stock,2025-01-14,merge,8.03,,license_unverified;
DreadPoor/Not_Even_My_Final_Form-8B-Model_Stock,2025-01-14,merge,8.03,,license_unverified;
DreadPoor/Nother_One-8B-Model_Stock,2025-01-19,merge,8.03,,license_unverified;
DreadPoor/Noxis-8B-LINEAR,2025-03-13,merge,8.03,,license_unverified;
DreadPoor/Nullsworn-12B-LINEAR,2025-03-10,merge,12.248,,license_unverified;
DreadPoor/Nwah-8B-Model_Stock,2025-02-26,merge,8.03,,license_unverified;
DreadPoor/ONeil-model_stock-8B,2024-07-15,merge,8.03,cc-by-nc-4.0,
DreadPoor/Oh_Boy-8B-LINEAR,2025-01-29,merge,8.03,,license_unverified;
DreadPoor/OrangeJ-8B-Model_Stock,2025-01-21,merge,8.03,,license_unverified;
DreadPoor/Promissum_Mane-8B-LINEAR,2024-09-30,merge,8.03,,license_unverified;
DreadPoor/Promissum_Mane-8B-LINEAR-lorablated,2024-09-30,merge,8.03,,license_unverified;
DreadPoor/RPMash-8B-Model_Stock,2025-01-22,merge,8.03,,license_unverified;
DreadPoor/RPMash_V3-8B-Model_Stock,2025-01-25,merge,8.03,,license_unverified;
DreadPoor/Rusted_Gold-8B-LINEAR,2025-03-07,merge,8.03,,license_unverified;
DreadPoor/Rusted_Platinum-8B-LINEAR,2025-03-06,merge,8.03,,license_unverified;
DreadPoor/Rusted_Platinum-8B-Model_Stock,2025-03-06,merge,8.03,,license_unverified;
DreadPoor/Sellen-8B-model_stock,2024-08-27,merge,8.03,,license_unverified;
DreadPoor/Something-8B-Model_Stock,2025-01-15,merge,8.03,,license_unverified;
DreadPoor/Spring_Dusk-8B-SCE,2025-02-02,merge,8.03,,license_unverified;
DreadPoor/Summer_Dawn-8B-SCE,2025-02-02,merge,8.03,,license_unverified;
DreadPoor/Summer_Dusk-8B-TIES,2025-02-05,merge,8.03,,license_unverified;
DreadPoor/Summer_Rain-8B-SCE,2025-02-02,merge,8.03,,license_unverified;
DreadPoor/Summer_Rain-8B-TIES,2025-02-02,merge,8.03,,license_unverified;
DreadPoor/Sun-8B-Model_Stock,2025-01-27,merge,8.03,,license_unverified;
DreadPoor/Sweetened_Condensed_Milk-8B-Model_Stock,2024-11-27,merge,8.03,,license_unverified;
DreadPoor/TEST02-Ignore,2025-02-05,merge,8.03,,license_unverified;
DreadPoor/TEST03-ignore,2025-02-05,merge,8.03,,license_unverified;
DreadPoor/TEST06-ignore,2025-02-07,merge,8.03,,license_unverified;
DreadPoor/TEST07-ignore,2025-02-07,merge,8.03,,license_unverified;
DreadPoor/TEST08-ignore,2025-02-07,merge,8.03,,license_unverified;
DreadPoor/Trinas_Nectar-8B-model_stock,2024-08-27,merge,8.03,cc-by-nc-4.0,
DreadPoor/UNTESTED-VENN_1.2-8B-Model_Stock,2024-12-27,merge,4.015,,license_unverified;
DreadPoor/VENN_1.2-8B-Model_Stock,2024-12-28,merge,4.015,,license_unverified;
DreadPoor/WIP-Acacia-8B-Model_Stock,2024-11-28,merge,8.03,,license_unverified;
DreadPoor/WIP_Damascus-8B-TIES,2024-10-29,merge,8.03,,license_unverified;
DreadPoor/Wannabe-8B-Model_Stock,2025-01-28,merge,8.03,,license_unverified;
DreadPoor/What_A_Thrill-8B-Model_Stock,2025-01-16,merge,8.03,,license_unverified;
DreadPoor/Winter-8B-SCE,2025-02-02,merge,8.03,,license_unverified;
DreadPoor/Winter_Dawn-8B-TIES,2025-02-01,merge,8.03,,license_unverified;
DreadPoor/Winter_Dusk-8B-TIES,2025-02-01,merge,8.03,,license_unverified;
DreadPoor/Winter_Night-8B-Model_Stock,2025-02-07,merge,8.03,,license_unverified;
DreadPoor/Yafune-8B-Model_Stock,2025-02-12,merge,8.03,,license_unverified;
DreadPoor/Yearn_V3-8B-Model_Stock,2025-01-25,merge,8.03,,license_unverified;
DreadPoor/ZEUS-8B-V17-Abliterated_ALT,2025-01-18,merge,8.03,,license_unverified;
DreadPoor/Zelus-8B-Model_Stock,2025-01-15,merge,8.03,apache-2.0,
DreadPoor/Zelus_V2-8B-Model_Stock,2025-01-15,merge,8.03,,license_unverified;
DreadPoor/felix_dies-mistral-7B-model_stock,2024-09-30,merge,7.242,,license_unverified;
DreadPoor/hakuchido-8B-MODEL_STOCK,2025-02-27,merge,8.03,,license_unverified;
DreadPoor/ichor-8B-Model_Stock,2025-03-03,merge,8.03,,license_unverified;
DreadPoor/ichor_1.1-8B-Model_Stock,2025-03-06,merge,8.03,,license_unverified;
DreadPoor/inexpertus-8B-Model_Stock,2025-03-07,merge,8.03,,license_unverified;
DreadPoor/inexpertus_1.1-8B-LINEAR,2025-03-07,merge,8.03,,license_unverified;
DreadPoor/inexpertus_1.2-8B-LINEAR,2025-03-08,merge,8.03,,license_unverified;
DreadPoor/mergekit-nuslerp-nqzkedi,2025-01-29,merge,8.03,,license_unverified;
DreadPoor/remember_to_breathe-8b-Model-Stock,2024-12-06,merge,8.03,,license_unverified;
DreadPoor/test,2025-01-28,merge,8.03,,license_unverified;
DreadPoor/test_ALT,2025-01-28,merge,8.03,,license_unverified;
DreadPoor/tests_pending-do_not_use_yet,2025-02-04,merge,8.03,,license_unverified;
ECE-ILAB-PRYMMAL/ILAB-Merging-3B-V2,2025-03-09,merge,3.821,apache-2.0,
EVA-UNIT-01/EVA-Qwen2.5-14B-v0.2,2024-12-26,chat_finetuned,14.77,apache-2.0,
EVA-UNIT-01/EVA-Qwen2.5-72B-v0.2,2024-11-27,chat_finetuned,72.706,other,license_unverified;
Edgerunners/meta-llama-3-8b-instruct-hf-ortho-baukit-34fail-3000total-bf16,2025-01-30,chat_finetuned,8.03,cc-by-nc-4.0,
EleutherAI/gpt-j-6b,2024-08-19,pretrained,6.0,apache-2.0,
EleutherAI/gpt-neo-1.3B,2024-06-12,pretrained,1.366,mit,
EleutherAI/gpt-neo-125m,2024-08-10,pretrained,0.15,mit,
EleutherAI/gpt-neo-2.7B,2024-06-12,pretrained,2.718,mit,
EleutherAI/gpt-neox-20b,2024-06-09,pretrained,20.739,apache-2.0,
EleutherAI/pythia-1.4b,2025-01-28,pretrained,1.515,apache-2.0,
EleutherAI/pythia-12b,2024-06-12,pretrained,12.0,apache-2.0,
EleutherAI/pythia-160m,2024-06-09,pretrained,0.213,apache-2.0,
EleutherAI/pythia-1b,2025-01-27,pretrained,1.079,apache-2.0,
EleutherAI/pythia-2.8b,2024-06-12,pretrained,2.909,apache-2.0,
EleutherAI/pythia-410m,2024-06-09,pretrained,0.506,apache-2.0,
EleutherAI/pythia-6.9b,2024-06-12,pretrained,6.9,apache-2.0,
Enno-Ai/EnnoAi-Pro-French-Llama-3-8B-v0.4,2024-06-30,chat_finetuned,8.031,creativeml-openrail-m,
Enno-Ai/EnnoAi-Pro-Llama-3-8B,2024-07-08,chat_finetuned,8.031,creativeml-openrail-m,
Enno-Ai/EnnoAi-Pro-Llama-3-8B-v0.3,2024-06-26,chat_finetuned,8.03,creativeml-openrail-m,
Enno-Ai/EnnoAi-Pro-Llama-3.1-8B-v0.9,2024-09-06,chat_finetuned,8.03,apache-2.0,
EnnoAi/EnnoAi-7B-French-Instruct-202502,2025-02-11,chat_finetuned,7.456,apache-2.0,
EnnoAi/EnnoAi-Pro-Llama-3.1-8B-v1.0,2024-09-06,chat_finetuned,8.03,apache-2.0,
Epiculous/Azure_Dusk-v0.2,2024-09-14,chat_finetuned,12.248,apache-2.0,
Epiculous/Crimson_Dawn-v0.2,2024-09-05,chat_finetuned,12.248,apache-2.0,
Epiculous/NovaSpark,2024-10-20,chat_finetuned,8.03,apache-2.0,
Epiculous/Violet_Twilight-v0.2,2024-09-16,merge,12.248,apache-2.0,
EpistemeAI/Alpaca-Llama3.1-8B,2024-08-13,chat_finetuned,8.0,apache-2.0,
EpistemeAI/Athena-gemma-2-2b-it,2024-09-06,chat_finetuned,2.0,apache-2.0,
EpistemeAI/Athena-gemma-2-2b-it-Philos,2024-09-05,chat_finetuned,2.0,apache-2.0,
EpistemeAI/Athene-codegemma-2-7b-it-alpaca-v1.3,2024-09-06,chat_finetuned,7.0,apache-2.0,
EpistemeAI/DeepPhi-3.5-mini-instruct,2025-02-28,chat_finetuned,3.821,mit,
EpistemeAI/DeepThinkers-Phi4,2025-03-01,chat_finetuned,14.66,mit,
EpistemeAI/FineLlama3.1-8B-Instruct,2024-08-10,chat_finetuned,14.483,,license_unverified;
EpistemeAI/Fireball-12B,2024-08-21,chat_finetuned,12.248,apache-2.0,
EpistemeAI/Fireball-12B-v1.13a-philosophers,2024-09-03,chat_finetuned,12.0,apache-2.0,
EpistemeAI/Fireball-Alpaca-Llama-3.1-8B-Philos-DPO-200,2024-09-16,chat_finetuned,8.0,apache-2.0,
EpistemeAI/Fireball-Alpaca-Llama3.1.07-8B-Philos-Math-KTO-beta,2024-09-14,chat_finetuned,8.0,apache-2.0,
EpistemeAI/Fireball-Alpaca-Llama3.1.08-8B-Philos-C-R2,2024-09-14,chat_finetuned,8.0,apache-2.0,
EpistemeAI/Fireball-Meta-Llama-3.1-8B-Instruct-0.001-128K-auto,2024-11-15,chat_finetuned,8.0,apache-2.0,
EpistemeAI/Fireball-Meta-Llama-3.1-8B-Instruct-Agent-0.003-128K,2024-10-05,chat_finetuned,8.0,apache-2.0,
EpistemeAI/Fireball-Meta-Llama-3.1-8B-Instruct-Agent-0.003-128K-code,2024-10-05,chat_finetuned,8.0,apache-2.0,
EpistemeAI/Fireball-Meta-Llama-3.1-8B-Instruct-Agent-0.003-128K-code-ds,2024-10-15,chat_finetuned,8.0,llama3.1,
EpistemeAI/Fireball-Meta-Llama-3.1-8B-Instruct-Agent-0.003-128K-code-ds-auto,2024-10-29,chat_finetuned,8.03,apache-2.0,
EpistemeAI/Fireball-Meta-Llama-3.1-8B-Instruct-Agent-0.003-128K-code-ds-auto,2024-11-27,chat_finetuned,8.03,apache-2.0,
EpistemeAI/Fireball-Meta-Llama-3.1-8B-Instruct-Agent-0.004-128K-code-COT,2024-10-11,chat_finetuned,8.0,apache-2.0,
EpistemeAI/Fireball-Meta-Llama-3.1-8B-Instruct-Agent-0.004-128K-code-ds-auto,2024-11-14,chat_finetuned,8.0,apache-2.0,
EpistemeAI/Fireball-Meta-Llama-3.1-8B-Instruct-Math,2024-09-23,chat_finetuned,8.03,apache-2.0,
EpistemeAI/Fireball-Meta-Llama-3.2-8B-Instruct-agent-003-128k-code-DPO,2024-10-09,chat_finetuned,8.0,apache-2.0,
EpistemeAI/Fireball-Mistral-Nemo-Base-2407-v1-DPO2,2024-08-19,chat_finetuned,12.248,apache-2.0,
EpistemeAI/Fireball-R1-Llama-3.1-8B,2025-02-12,chat_finetuned,8.03,llama3.1,
EpistemeAI/Fireball-R1-Llama-3.1-8B-Medical-COT,2025-02-28,chat_finetuned,8.03,apache-2.0,
EpistemeAI/Fireball-R1.1-Llama-3.1-8B,2025-03-02,chat_finetuned,8.03,llama3.1,
EpistemeAI/Llama-3.2-3B-Agent007-Coder,2024-10-08,chat_finetuned,3.0,apache-2.0,
EpistemeAI/Mistral-Nemo-Instruct-12B-Philosophy-Math,2024-09-26,chat_finetuned,12.248,apache-2.0,
EpistemeAI/OpenReasoner-Llama-3.2-3B-rs1.0,2025-02-15,chat_finetuned,3.213,llama3.2,
EpistemeAI/Polypsyche-Llama-3.1-8B-Instruct-Agent-0.003-128K-code-ds-auto-Empathy,2024-12-13,chat_finetuned,8.0,apache-2.0,
EpistemeAI/Polypsyche-Llama-3.1-8B-Instruct-Agent-0.003-128K-code-ds-auto-Logic,2024-12-20,chat_finetuned,8.03,apache-2.0,
EpistemeAI/Polypsyche-Llama-3.1-8B-Instruct-Agent-0.003-128K-code-ds-auto-divergent,2024-12-20,chat_finetuned,8.03,apache-2.0,
EpistemeAI/Reasoning-Llama-3.1-CoT-RE1-NMT,2025-01-29,chat_finetuned,8.03,apache-2.0,
EpistemeAI/Reasoning-Llama-3.1-CoT-RE1-NMT-V2-ORPO,2025-01-31,chat_finetuned,8.03,apache-2.0,
EpistemeAI/Reasoning-Llama-3.2-1B-Instruct-v1.2,2025-02-04,chat_finetuned,1.236,apache-2.0,
EpistemeAI/Reasoning-Llama-3.2-1B-Instruct-v1.3,2025-02-05,chat_finetuned,1.236,apache-2.0,
EpistemeAI/Reasoning-Llama-3.2-3B-Math-Instruct-RE1,2025-02-04,chat_finetuned,3.213,,license_unverified;
EpistemeAI/Reasoning-Llama-3.2-3B-Math-Instruct-RE1-ORPO,2025-02-04,chat_finetuned,3.213,apache-2.0,
EpistemeAI/ReasoningCore-1.0-3B-Instruct-r01-Reflect-Math,2025-03-08,chat_finetuned,3.213,llama3.2,
EpistemeAI/ReasoningCore-3B-0,2025-02-07,chat_finetuned,3.213,llama3.2,
EpistemeAI/ReasoningCore-3B-Instruct-r01-Reflect,2025-02-28,chat_finetuned,3.213,llama3.2,
EpistemeAI/ReasoningCore-3B-R01,2025-02-08,chat_finetuned,3.213,apache-2.0,
EpistemeAI/ReasoningCore-3B-RE1-V2,2025-02-19,chat_finetuned,3.213,llama3.2,
EpistemeAI/ReasoningCore-3B-RE1-V2A,2025-02-25,chat_finetuned,3.213,llama3.2,
EpistemeAI/ReasoningCore-3B-RE1-V2B,2025-02-25,chat_finetuned,3.213,llama3.2,
EpistemeAI/ReasoningCore-3B-RE1-V2C,2025-02-27,chat_finetuned,3.213,llama3.2,
EpistemeAI/ReasoningCore-3B-T1-V1,2025-02-11,chat_finetuned,3.213,llama3.2,
EpistemeAI/ReasoningCore-3B-T1_1,2025-02-06,chat_finetuned,3.213,apache-2.0,
EpistemeAI2/Athene-codegemma-2-7b-it-alpaca-v1.2,2024-08-26,chat_finetuned,7.0,apache-2.0,
EpistemeAI2/Fireball-12B-v1.2,2024-08-28,chat_finetuned,12.0,apache-2.0,
EpistemeAI2/Fireball-Alpaca-Llama3.1-8B-Philos,2024-08-29,chat_finetuned,8.0,apache-2.0,
EpistemeAI2/Fireball-Alpaca-Llama3.1.01-8B-Philos,2024-09-03,chat_finetuned,8.0,apache-2.0,
EpistemeAI2/Fireball-Alpaca-Llama3.1.03-8B-Philos,2024-09-04,chat_finetuned,8.0,apache-2.0,
EpistemeAI2/Fireball-Alpaca-Llama3.1.04-8B-Philos,2024-09-05,chat_finetuned,8.0,apache-2.0,
EpistemeAI2/Fireball-Alpaca-Llama3.1.06-8B-Philos-dpo,2024-09-09,chat_finetuned,8.0,apache-2.0,
EpistemeAI2/Fireball-Alpaca-Llama3.1.07-8B-Philos-Math,2024-09-10,chat_finetuned,8.0,apache-2.0,
EpistemeAI2/Fireball-Alpaca-Llama3.1.08-8B-C-R1-KTO-Reflection,2024-09-16,chat_finetuned,8.0,apache-2.0,
EpistemeAI2/Fireball-Alpaca-Llama3.1.08-8B-Philos-C-R1,2024-09-13,chat_finetuned,8.0,apache-2.0,
EpistemeAI2/Fireball-Llama-3.1-8B-Philos-Reflection,2024-09-17,chat_finetuned,8.0,apache-2.0,
EpistemeAI2/Fireball-MathMistral-Nemo-Base-2407-v2dpo,2024-08-24,chat_finetuned,11.58,apache-2.0,
EpistemeAI2/Fireball-Meta-Llama-3.1-8B-Instruct-Agent-0.003-128K-code-math,2024-10-12,chat_finetuned,8.0,apache-2.0,
EpistemeAI2/Fireball-Meta-Llama-3.1-8B-Instruct-Agent-0.005-128K-code-COT,2024-10-11,chat_finetuned,8.0,apache-2.0,
EpistemeAI2/Fireball-Phi-3-medium-4k-inst-Philos,2024-09-20,chat_finetuned,13.96,apache-2.0,
Eric111/CatunaMayo,2024-07-03,chat_finetuned,7.242,apache-2.0,
Eric111/CatunaMayo-DPO,2024-06-27,chat_finetuned,7.242,apache-2.0,
Etherll/Chocolatine-3B-Instruct-DPO-Revised-Ties,2024-10-28,chat_finetuned,3.821,,license_unverified;
Etherll/Chocolatine-3B-Instruct-DPO-Revised-Ties-v2,2024-10-29,chat_finetuned,3.821,,license_unverified;
Etherll/Herplete-LLM-Llama-3.1-8b,2024-08-29,chat_finetuned,8.03,,license_unverified;
Etherll/Herplete-LLM-Llama-3.1-8b,2024-10-18,chat_finetuned,8.03,,license_unverified;
Etherll/Herplete-LLM-Llama-3.1-8b-Ties,2024-10-17,chat_finetuned,8.03,,license_unverified;
Etherll/Qwen2.5-7B-della-test,2024-11-14,merge,7.616,,license_unverified;
Etherll/Qwen2.5-Coder-7B-Instruct-Ties,2024-10-28,chat_finetuned,7.616,,license_unverified;
Etherll/Replete-LLM-V3-Llama-3.1-8b,2024-08-26,chat_finetuned,8.03,,license_unverified;
Etherll/SuperHermes,2024-10-27,chat_finetuned,8.03,,license_unverified;
Eurdem/Defne-llama3.1-8B,2024-08-14,chat_finetuned,8.03,llama3.1,
FINGU-AI/Chocolatine-Fusion-14B,2025-02-02,merge,8.367,mit,
FINGU-AI/L3-8B,2025-01-18,merge,8.03,llama3.1,
FINGU-AI/Phi-4-RRStock,2025-02-05,merge,6.652,mit,
FINGU-AI/Q-Small-3B,2025-01-21,merge,3.086,apache-2.0,
FINGU-AI/QwQ-Buddy-32B-Alpha,2025-02-05,merge,19.662,mit,
FINGU-AI/RomboUltima-32B,2025-02-02,merge,17.645,mit,
FINGU-AI/Ultimos-32B,2025-02-10,merge,9.604,mit,
FallenMerick/Chewy-Lemon-Cookie-11B,2024-06-27,merge,10.732,cc-by-4.0,
Felladrin/Llama-160M-Chat-v1,2024-07-23,chat_finetuned,0.162,apache-2.0,
Felladrin/Minueza-32M-UltraChat,2024-07-23,chat_finetuned,0.033,apache-2.0,
FlofloB/100k_fineweb_continued_pretraining_Qwen2.5-0.5B-Instruct_Unsloth_merged_16bit,2024-11-29,continued,0.5,apache-2.0,
FlofloB/10k_continued_pretraining_Phi-3-mini-4k-instruct_Unsloth_merged_16bit,2024-11-22,continued,16.0,apache-2.0,
FlofloB/10k_continued_pretraining_Qwen2.5-0.5B-Instruct_Unsloth_merged_16bit,2024-11-25,continued,0.5,apache-2.0,
FlofloB/40k_continued_pretraining_Qwen2.5-0.5B-Instruct_Unsloth_merged_16bit,2024-11-25,continued,0.5,apache-2.0,
FlofloB/83k_continued_pretraining_Qwen2.5-0.5B-Instruct_Unsloth_merged_16bit,2024-11-26,continued,0.5,apache-2.0,
FlofloB/smollm2-135M_pretrained_1000k_fineweb,2025-01-14,pretrained,0.135,apache-2.0,
FlofloB/smollm2-135M_pretrained_1000k_fineweb_uncovai_human_removed,2025-01-27,pretrained,0.135,apache-2.0,
FlofloB/smollm2-135M_pretrained_1000k_fineweb_uncovai_selected,2025-01-12,pretrained,0.135,apache-2.0,
FlofloB/smollm2-135M_pretrained_1200k_fineweb,2025-01-12,pretrained,0.135,apache-2.0,
FlofloB/smollm2-135M_pretrained_1200k_fineweb_uncovai_human_removed,2025-01-27,pretrained,0.135,apache-2.0,
FlofloB/smollm2-135M_pretrained_1200k_fineweb_uncovai_selected,2025-01-14,pretrained,0.135,apache-2.0,
FlofloB/smollm2-135M_pretrained_1400k_fineweb,2025-01-13,pretrained,0.135,apache-2.0,
FlofloB/smollm2-135M_pretrained_1400k_fineweb_uncovai_human_removed,2025-01-28,pretrained,0.135,apache-2.0,
FlofloB/smollm2-135M_pretrained_1400k_fineweb_uncovai_selected,2025-01-13,pretrained,0.135,apache-2.0,
FlofloB/smollm2-135M_pretrained_200k_fineweb_uncovai_human_removed,2025-01-17,pretrained,0.135,apache-2.0,
FlofloB/smollm2-135M_pretrained_200k_fineweb_uncovai_selected,2025-01-08,pretrained,0.135,apache-2.0,
FlofloB/smollm2-135M_pretrained_400k_fineweb,2025-01-10,pretrained,0.135,apache-2.0,
FlofloB/smollm2-135M_pretrained_400k_fineweb_uncovai_human_removed,2025-01-18,pretrained,0.135,apache-2.0,
FlofloB/smollm2-135M_pretrained_400k_fineweb_uncovai_selected,2025-01-09,pretrained,0.135,apache-2.0,
FlofloB/smollm2-135M_pretrained_600k_fineweb,2025-01-11,pretrained,0.135,apache-2.0,
FlofloB/smollm2-135M_pretrained_600k_fineweb_uncovai_human_removed,2025-01-19,pretrained,0.135,apache-2.0,
FlofloB/smollm2-135M_pretrained_600k_fineweb_uncovai_selected,2025-01-09,pretrained,0.135,apache-2.0,
FlofloB/smollm2-135M_pretrained_800k_fineweb,2025-01-14,pretrained,0.135,apache-2.0,
FlofloB/smollm2-135M_pretrained_800k_fineweb_uncovai_human_removed,2025-01-19,pretrained,0.135,apache-2.0,
FlofloB/smollm2-135M_pretrained_800k_fineweb_uncovai_selected,2025-01-14,pretrained,0.135,apache-2.0,
FlofloB/smollm2_pretrained_200k_fineweb,2025-01-08,pretrained,0.135,apache-2.0,
FlofloB/test_continued_pretraining_Phi-3-mini-4k-instruct_Unsloth_merged_16bit,2024-11-21,continued,16.0,apache-2.0,
FuJhen/ft-openhermes-25-mistral-7b-irca-dpo-pairs,2024-09-12,chat_finetuned,14.483,apache-2.0,
FuJhen/mistral-instruct-7B-DPO,2024-09-12,chat_finetuned,14.496,apache-2.0,
FuJhen/mistral_7b_v0.1_structedData_e2e,2024-09-13,chat_finetuned,7.0,apache-2.0,
FuJhen/mistral_7b_v0.1_structedData_viggo,2024-09-13,chat_finetuned,14.483,apache-2.0,
FuseAI/FuseChat-7B-v2.0,2024-11-21,chat_finetuned,7.242,apache-2.0,
FuseAI/FuseChat-Llama-3.1-8B-Instruct,2025-01-07,chat_finetuned,8.03,apache-2.0,
FuseAI/FuseChat-Llama-3.2-3B-Instruct,2025-02-08,chat_finetuned,3.213,,license_unverified;
FuseAI/FuseChat-Qwen-2.5-7B-Instruct,2024-12-21,chat_finetuned,7.616,,license_unverified;
GalrionSoftworks/MN-LooseCannon-12B-v1,2024-09-05,merge,12.248,,license_unverified;
GalrionSoftworks/MagnusIntellectus-12B-v1,2024-09-05,merge,12.248,apache-2.0,
GenVRadmin/AryaBhatta-GemmaOrca-2-Merged,2025-02-06,chat_finetuned,8.538,mit,
GenVRadmin/AryaBhatta-GemmaOrca-Merged,2025-02-06,chat_finetuned,8.538,mit,
GenVRadmin/AryaBhatta-GemmaUltra-Merged,2025-02-06,chat_finetuned,8.538,mit,
GenVRadmin/llama38bGenZ_Vikas-Merged,2025-02-06,chat_finetuned,8.03,mit,
GoToCompany/gemma2-9b-cpt-sahabatai-v1-instruct,2024-11-20,chat_finetuned,9.242,gemma,
GoToCompany/llama3-8b-cpt-sahabatai-v1-instruct,2024-11-20,chat_finetuned,8.03,llama3,
Goekdeniz-Guelmez/Josiefied-Qwen2.5-0.5B-Instruct-abliterated-v1,2024-11-18,chat_finetuned,0.63,apache-2.0,
Goekdeniz-Guelmez/Josiefied-Qwen2.5-0.5B-Instruct-abliterated-v1,2024-11-18,chat_finetuned,0.63,apache-2.0,
Goekdeniz-Guelmez/Josiefied-Qwen2.5-1.5B-Instruct-abliterated-v1,2024-09-28,chat_finetuned,1.777,apache-2.0,
Goekdeniz-Guelmez/Josiefied-Qwen2.5-1.5B-Instruct-abliterated-v2,2024-09-28,chat_finetuned,1.544,apache-2.0,
Goekdeniz-Guelmez/Josiefied-Qwen2.5-1.5B-Instruct-abliterated-v3,2024-09-28,chat_finetuned,1.544,apache-2.0,
Goekdeniz-Guelmez/Josiefied-Qwen2.5-14B-Instruct-abliterated-v4,2024-10-23,chat_finetuned,14.77,apache-2.0,
Goekdeniz-Guelmez/Josiefied-Qwen2.5-7B-Instruct-abliterated-v2,2024-10-08,chat_finetuned,7.616,apache-2.0,
Goekdeniz-Guelmez/j.o.s.i.e.v4o-1.5b-dpo-stage1-v1,2024-10-08,chat_finetuned,1.544,apache-2.0,
Goekdeniz-Guelmez/josie-3b-v6.0,2025-01-07,chat_finetuned,3.086,apache-2.0,
Goekdeniz-Guelmez/josie-7b-v6.0,2025-01-07,chat_finetuned,7.616,apache-2.0,
Goekdeniz-Guelmez/josie-7b-v6.0-step2000,2024-12-11,chat_finetuned,7.616,apache-2.0,
Goekdeniz-Guelmez/josie-7b-v6.0-step2000,2024-12-11,chat_finetuned,7.616,apache-2.0,
GreenNode/GreenNode-small-9B-it,2024-10-14,continued,9.242,,license_unverified;
GritLM/GritLM-7B-KTO,2024-08-04,chat_finetuned,7.242,apache-2.0,
GritLM/GritLM-8x7B-KTO,2024-08-04,chat_finetuned,46.703,apache-2.0,
Groq/Llama-3-Groq-8B-Tool-Use,2025-01-01,chat_finetuned,8.03,llama3,
Gryphe/Pantheon-RP-1.0-8b-Llama-3,2024-06-27,chat_finetuned,8.03,apache-2.0,
Gryphe/Pantheon-RP-1.5-12b-Nemo,2024-08-04,chat_finetuned,12.248,apache-2.0,
Gryphe/Pantheon-RP-1.6-12b-Nemo,2024-08-31,chat_finetuned,12.248,apache-2.0,
Gryphe/Pantheon-RP-1.6-12b-Nemo-KTO,2024-08-31,chat_finetuned,12.248,apache-2.0,
Gryphe/Pantheon-RP-Pure-1.6.2-22b-Small,2024-10-15,chat_finetuned,22.247,other,license_unverified;
GuilhermeNaturaUmana/Nature-Reason-1.2-reallysmall,2025-03-01,chat_finetuned,7.616,,license_unverified;
GuilhermeNaturaUmana/Nature-Reason-1.2-reallysmall,2025-03-01,chat_finetuned,7.616,,license_unverified;
Gunulhona/Gemma-Ko-Merge,2024-10-23,chat_finetuned,10.159,,license_unverified;
Gunulhona/Gemma-Ko-Merge-PEFT,2024-10-17,chat_finetuned,20.318,,license_unverified;
Gunulhona/Gemma-Ko-Merge-PEFT,2024-10-23,chat_finetuned,20.318,,license_unverified;
HPAI-BSC/Llama3-Aloe-8B-Alpha,2024-10-29,chat_finetuned,8.03,cc-by-nc-4.0,
HPAI-BSC/Llama3.1-Aloe-Beta-8B,2024-11-07,chat_finetuned,8.03,llama3.1,
HPAI-BSC/Qwen2.5-Aloe-Beta-7B,2024-12-17,chat_finetuned,7.616,apache-2.0,
HarbingerX/Zeitgeist-3b-V1,2025-02-17,chat_finetuned,3.213,,license_unverified;
HarbingerX/Zeitgeist-3b-V1.2,2025-02-26,chat_finetuned,3.213,,license_unverified;
Hastagaras/L3.2-JametMini-3B-MK.III,2025-02-26,chat_finetuned,3.213,llama3.2,
Hastagaras/Llama-3.1-Jamet-8B-MK.I,2024-11-18,chat_finetuned,8.03,llama3.1,
Hastagaras/Zabuza-8B-Llama-3.1,2024-11-05,merge,8.03,llama3.1,
HelpingAI/Cipher-20B,2024-12-14,chat_finetuned,20.551,other,license_unverified;
HelpingAI/Dhanishtha-Large,2025-02-27,chat_finetuned,7.613,apache-2.0,
HelpingAI/Priya-10B,2024-12-18,continued,10.211,other,license_unverified;
HelpingAI/Priya-3B,2024-12-14,continued,2.81,other,license_unverified;
HeraiHench/DeepSeek-R1-Qwen-Coder-8B,2025-01-29,merge,8.164,,license_unverified;
HeraiHench/Double-Down-Qwen-Math-7B,2025-01-30,merge,7.616,,license_unverified;
HeraiHench/Marge-Qwen-Math-7B,2025-01-30,merge,7.616,,license_unverified;
HeraiHench/Phi-4-slerp-ReasoningRP-14B,2025-01-29,merge,9.207,,license_unverified;
HiroseKoichi/Llama-Salad-4x8B-V3,2024-06-26,merge,24.942,llama3,
HoangHa/Pensez-Llama3.1-8B,2025-02-19,chat_finetuned,8.03,llama3.1,
HuggingFaceH4/zephyr-7b-alpha,2024-06-12,chat_finetuned,7.242,mit,
HuggingFaceH4/zephyr-7b-beta,2024-06-12,chat_finetuned,7.242,mit,
HuggingFaceH4/zephyr-7b-gemma-v0.1,2024-06-12,chat_finetuned,8.538,other,license_unverified;
HuggingFaceH4/zephyr-orpo-141b-A35b-v0.1,2024-06-12,chat_finetuned,140.621,apache-2.0,
HuggingFaceTB/SmolLM-1.7B,2024-07-18,pretrained,1.71,apache-2.0,
HuggingFaceTB/SmolLM-1.7B-Instruct,2024-07-18,chat_finetuned,1.71,apache-2.0,
HuggingFaceTB/SmolLM-135M,2024-07-18,pretrained,0.13,apache-2.0,
HuggingFaceTB/SmolLM-135M-Instruct,2024-10-12,chat_finetuned,0.135,apache-2.0,
HuggingFaceTB/SmolLM-360M,2024-07-18,pretrained,0.36,apache-2.0,
HuggingFaceTB/SmolLM-360M-Instruct,2024-08-20,chat_finetuned,0.362,apache-2.0,
HuggingFaceTB/SmolLM2-1.7B,2024-11-06,pretrained,1.71,apache-2.0,
HuggingFaceTB/SmolLM2-1.7B-Instruct,2024-11-06,chat_finetuned,1.711,apache-2.0,
HuggingFaceTB/SmolLM2-135M,2024-11-06,pretrained,0.135,apache-2.0,
HuggingFaceTB/SmolLM2-135M-Instruct,2024-11-06,chat_finetuned,0.135,apache-2.0,
HuggingFaceTB/SmolLM2-135M-Instruct,2024-11-14,chat_finetuned,0.135,apache-2.0,
HuggingFaceTB/SmolLM2-360M,2024-11-06,pretrained,0.36,apache-2.0,
HuggingFaceTB/SmolLM2-360M-Instruct,2024-11-14,chat_finetuned,0.362,apache-2.0,
HuggingFaceTB/SmolLM2-360M-Instruct,2024-11-06,chat_finetuned,0.36,apache-2.0,
HumanLLMs/Humanish-LLama3-8B-Instruct,2024-10-05,chat_finetuned,8.03,llama3,
HumanLLMs/Humanish-Mistral-Nemo-Instruct-2407,2024-10-06,chat_finetuned,12.248,apache-2.0,
HumanLLMs/Humanish-Qwen2.5-7B-Instruct,2024-10-05,chat_finetuned,7.616,apache-2.0,
IDEA-CCNL/Ziya-LLaMA-13B-v1,2024-06-12,chat_finetuned,13.0,gpl-3.0,
INSAIT-Institute/BgGPT-Gemma-2-27B-IT-v1.0,2024-12-15,continued,27.227,gemma,
IlyaGusev/gemma-2-2b-it-abliterated,2025-01-07,chat_finetuned,2.614,gemma,
IlyaGusev/gemma-2-9b-it-abliterated,2025-01-07,chat_finetuned,9.242,gemma,
Infinirc/Infinirc-Llama3-8B-2G-Release-v1.0,2024-09-29,chat_finetuned,8.03,llama3,
Intel/neural-chat-7b-v3,2024-06-12,chat_finetuned,7.0,apache-2.0,
Intel/neural-chat-7b-v3-1,2024-06-12,chat_finetuned,7.242,apache-2.0,
Intel/neural-chat-7b-v3-2,2024-06-12,chat_finetuned,7.0,apache-2.0,
Intel/neural-chat-7b-v3-3,2024-06-12,chat_finetuned,7.0,apache-2.0,
IntervitensInc/internlm2_5-20b-llamafied,2024-11-11,pretrained,19.861,apache-2.0,
Invalid-Null/PeiYangMe-0.5,2024-12-28,chat_finetuned,6.061,apache-2.0,
Invalid-Null/PeiYangMe-0.7,2024-12-28,chat_finetuned,6.061,apache-2.0,
Isaak-Carter/JOSIEv4o-8b-stage1-v4,2024-08-03,chat_finetuned,8.03,apache-2.0,
Isaak-Carter/JOSIEv4o-8b-stage1-v4,2024-08-03,chat_finetuned,8.03,apache-2.0,
Isaak-Carter/Josiefied-Qwen2.5-7B-Instruct-abliterated,2024-09-21,chat_finetuned,7.616,,license_unverified;
Isaak-Carter/Josiefied-Qwen2.5-7B-Instruct-abliterated-v2,2024-09-21,chat_finetuned,7.616,apache-2.0,
J-LAB/Thynk_orpo,2024-10-14,chat_finetuned,3.086,,license_unverified;
JackFram/llama-160m,2024-11-30,pretrained,0.162,apache-2.0,
JackFram/llama-68m,2024-11-30,pretrained,0.068,apache-2.0,
Jacoby746/Casual-Magnum-34B,2024-10-23,chat_finetuned,34.389,apache-2.0,
Jacoby746/Inf-Silent-Kunoichi-v0.1-2x7B,2024-09-20,merge,12.879,apache-2.0,
Jacoby746/Inf-Silent-Kunoichi-v0.2-2x7B,2024-09-21,merge,12.879,apache-2.0,
Jacoby746/Proto-Athena-4x7B,2024-09-21,merge,24.154,apache-2.0,
Jacoby746/Proto-Athena-v0.2-4x7B,2024-09-21,merge,24.154,apache-2.0,
Jacoby746/Proto-Harpy-Blazing-Light-v0.1-2x7B,2024-09-30,merge,12.879,,license_unverified;
Jacoby746/Proto-Harpy-Spark-v0.1-7B,2024-09-30,merge,7.242,apache-2.0,
JayHyeon/Qwen-0.5B-DPO-1epoch,2024-12-26,chat_finetuned,0.494,mit,
JayHyeon/Qwen-0.5B-DPO-5epoch,2024-12-26,chat_finetuned,0.494,mit,
JayHyeon/Qwen-0.5B-IRPO-1epoch,2024-12-26,chat_finetuned,0.494,mit,
JayHyeon/Qwen-0.5B-IRPO-5epoch,2024-12-26,chat_finetuned,0.494,mit,
JayHyeon/Qwen-0.5B-eDPO-1epoch,2024-12-26,chat_finetuned,0.494,mit,
JayHyeon/Qwen-0.5B-eDPO-5epoch,2024-12-26,chat_finetuned,0.494,mit,
JayHyeon/Qwen2.5-0.5B-Instruct-SFT,2024-12-26,chat_finetuned,0.63,mit,
JayHyeon/Qwen2.5-0.5B-Instruct-SFT-DPO-1epoch_v1,2024-12-26,chat_finetuned,0.494,mit,
JayHyeon/Qwen2.5-0.5B-Instruct-SFT-IRPO-1epoch_v1,2024-12-26,chat_finetuned,0.494,mit,
JayHyeon/Qwen2.5-0.5B-Instruct-SFT-MDPO-1epoch_v1,2024-12-26,chat_finetuned,0.494,mit,
JayHyeon/Qwen2.5-0.5B-SFT,2024-12-27,chat_finetuned,0.63,mit,
JayHyeon/Qwen2.5-0.5B-SFT-1e-4,2024-12-28,chat_finetuned,0.63,mit,
JayHyeon/Qwen2.5-0.5B-SFT-1e-4-2ep,2024-12-29,chat_finetuned,0.63,,license_unverified;
JayHyeon/Qwen2.5-0.5B-SFT-1e-4-3ep,2024-12-29,chat_finetuned,0.63,mit,
JayHyeon/Qwen2.5-0.5B-SFT-1e-4-5ep,2024-12-29,chat_finetuned,0.63,,license_unverified;
JayHyeon/Qwen2.5-0.5B-SFT-1e-5,2024-12-28,chat_finetuned,0.63,mit,
JayHyeon/Qwen2.5-0.5B-SFT-1e-5-2ep,2024-12-29,chat_finetuned,0.63,,license_unverified;
JayHyeon/Qwen2.5-0.5B-SFT-1e-5-3ep,2024-12-29,chat_finetuned,0.63,mit,
JayHyeon/Qwen2.5-0.5B-SFT-1e-5-5ep,2024-12-29,chat_finetuned,0.63,,license_unverified;
JayHyeon/Qwen2.5-0.5B-SFT-2e-4,2024-12-28,chat_finetuned,0.63,mit,
JayHyeon/Qwen2.5-0.5B-SFT-2e-4-2ep,2024-12-29,chat_finetuned,0.63,,license_unverified;
JayHyeon/Qwen2.5-0.5B-SFT-2e-4-3ep,2024-12-29,chat_finetuned,0.63,mit,
JayHyeon/Qwen2.5-0.5B-SFT-2e-4-5ep,2024-12-29,chat_finetuned,0.63,,license_unverified;
JayHyeon/Qwen2.5-0.5B-SFT-2e-5,2024-12-28,chat_finetuned,0.63,mit,
JayHyeon/Qwen2.5-0.5B-SFT-2e-5-2ep,2024-12-29,chat_finetuned,0.63,,license_unverified;
JayHyeon/Qwen2.5-0.5B-SFT-2e-5-2ep-DPOP_3e-7-3ep_0alp_5lam,2025-01-07,chat_finetuned,0.63,,license_unverified;
JayHyeon/Qwen2.5-0.5B-SFT-2e-5-2ep-DPOP_5e-6-1ep_0alp_5lam,2025-01-03,chat_finetuned,0.494,,license_unverified;
JayHyeon/Qwen2.5-0.5B-SFT-2e-5-2ep-DPOP_5e-6-2ep_0alp_5lam,2025-01-03,chat_finetuned,0.494,,license_unverified;
JayHyeon/Qwen2.5-0.5B-SFT-2e-5-2ep-DPOP_5e-6-3ep_0alp_5lam,2025-01-03,chat_finetuned,0.63,,license_unverified;
JayHyeon/Qwen2.5-0.5B-SFT-2e-5-2ep-DPOP_5e-7-1ep_0alp_5lam,2025-01-02,chat_finetuned,0.494,,license_unverified;
JayHyeon/Qwen2.5-0.5B-SFT-2e-5-2ep-DPOP_5e-7-2ep_0alp_5lam,2025-01-02,chat_finetuned,0.494,,license_unverified;
JayHyeon/Qwen2.5-0.5B-SFT-2e-5-2ep-DPOP_5e-7-3ep_0alp_5lam,2025-01-02,chat_finetuned,0.63,,license_unverified;
JayHyeon/Qwen2.5-0.5B-SFT-2e-5-2ep-DPO_1e-6-1ep_0alp_0lam,2025-01-02,chat_finetuned,0.494,,license_unverified;
JayHyeon/Qwen2.5-0.5B-SFT-2e-5-2ep-DPO_1e-6-2ep_0alp_0lam,2025-01-02,chat_finetuned,0.494,,license_unverified;
JayHyeon/Qwen2.5-0.5B-SFT-2e-5-2ep-DPO_1e-6-3ep_0alp_0lam,2025-01-02,chat_finetuned,0.63,,license_unverified;
JayHyeon/Qwen2.5-0.5B-SFT-2e-5-2ep-DPO_1e-7-2ep_0alp_0lam,2025-01-07,chat_finetuned,0.494,,license_unverified;
JayHyeon/Qwen2.5-0.5B-SFT-2e-5-2ep-DPO_1e-7-3ep_0alp_0lam,2025-01-07,chat_finetuned,0.63,,license_unverified;
JayHyeon/Qwen2.5-0.5B-SFT-2e-5-2ep-DPO_2e-6-1ep_0alp_0lam,2025-01-02,chat_finetuned,0.494,,license_unverified;
JayHyeon/Qwen2.5-0.5B-SFT-2e-5-2ep-DPO_2e-6-2ep_0alp_0lam,2025-01-02,chat_finetuned,0.494,,license_unverified;
JayHyeon/Qwen2.5-0.5B-SFT-2e-5-2ep-DPO_2e-6-3ep_0alp_0lam,2025-01-02,chat_finetuned,0.63,,license_unverified;
JayHyeon/Qwen2.5-0.5B-SFT-2e-5-2ep-DPO_3e-6-1ep_0alp_0lam,2025-01-02,chat_finetuned,0.494,,license_unverified;
JayHyeon/Qwen2.5-0.5B-SFT-2e-5-2ep-DPO_3e-6-2ep_0alp_0lam,2025-01-02,chat_finetuned,0.494,,license_unverified;
JayHyeon/Qwen2.5-0.5B-SFT-2e-5-2ep-DPO_3e-6-3ep_0alp_0lam,2025-01-02,chat_finetuned,0.63,,license_unverified;
JayHyeon/Qwen2.5-0.5B-SFT-2e-5-2ep-DPO_3e-7-3ep_0alp_0lam,2025-01-07,chat_finetuned,0.63,,license_unverified;
JayHyeon/Qwen2.5-0.5B-SFT-2e-5-2ep-DPO_5e-6-1ep_0alp_0lam,2025-01-02,chat_finetuned,0.494,,license_unverified;
JayHyeon/Qwen2.5-0.5B-SFT-2e-5-2ep-DPO_5e-6-2ep_0alp_0lam,2025-01-02,chat_finetuned,0.494,,license_unverified;
JayHyeon/Qwen2.5-0.5B-SFT-2e-5-2ep-DPO_5e-6-3ep_0alp_0lam,2025-01-03,chat_finetuned,0.63,,license_unverified;
JayHyeon/Qwen2.5-0.5B-SFT-2e-5-2ep-DPO_5e-7_1ep_0alp_0lam,2025-01-01,chat_finetuned,0.494,,license_unverified;
JayHyeon/Qwen2.5-0.5B-SFT-2e-5-2ep-DPO_5e-7_2ep_0alp_0lam,2025-01-01,chat_finetuned,0.494,,license_unverified;
JayHyeon/Qwen2.5-0.5B-SFT-2e-5-2ep-DPO_5e-7_3ep_0alp_0lam,2025-01-01,chat_finetuned,0.494,,license_unverified;
JayHyeon/Qwen2.5-0.5B-SFT-2e-5-2ep-DPO_7e-7_1ep_0alp_0lam,2025-01-01,chat_finetuned,0.494,,license_unverified;
JayHyeon/Qwen2.5-0.5B-SFT-2e-5-2ep-DPO_7e-7_2ep_0alp_0lam,2025-01-01,chat_finetuned,0.494,,license_unverified;
JayHyeon/Qwen2.5-0.5B-SFT-2e-5-2ep-DPO_7e-7_3ep_0alp_0lam,2025-01-01,chat_finetuned,0.494,,license_unverified;
JayHyeon/Qwen2.5-0.5B-SFT-2e-5-2ep-IRPO_1e-7-1ep_1alp_0lam,2025-01-07,chat_finetuned,0.494,,license_unverified;
JayHyeon/Qwen2.5-0.5B-SFT-2e-5-2ep-IRPO_1e-7-2ep_1alp_0lam,2025-01-07,chat_finetuned,0.494,,license_unverified;
JayHyeon/Qwen2.5-0.5B-SFT-2e-5-2ep-IRPO_1e-7-3ep_1alp_0lam,2025-01-07,chat_finetuned,0.63,,license_unverified;
JayHyeon/Qwen2.5-0.5B-SFT-2e-5-2ep-IRPO_3e-7-3ep_1alp_0lam,2025-01-07,chat_finetuned,0.63,,license_unverified;
JayHyeon/Qwen2.5-0.5B-SFT-2e-5-2ep-IRPO_5e-6-1ep_1alp_0lam,2025-01-03,chat_finetuned,0.494,,license_unverified;
JayHyeon/Qwen2.5-0.5B-SFT-2e-5-2ep-IRPO_5e-6-2ep_1alp_0lam,2025-01-03,chat_finetuned,0.494,,license_unverified;
JayHyeon/Qwen2.5-0.5B-SFT-2e-5-2ep-IRPO_5e-6-3ep_1alp_0lam,2025-01-03,chat_finetuned,0.63,,license_unverified;
JayHyeon/Qwen2.5-0.5B-SFT-2e-5-2ep-IRPO_5e-7-1ep_1alp_0lam,2025-01-02,chat_finetuned,0.494,,license_unverified;
JayHyeon/Qwen2.5-0.5B-SFT-2e-5-2ep-IRPO_5e-7-2ep_1alp_0lam,2025-01-02,chat_finetuned,0.494,,license_unverified;
JayHyeon/Qwen2.5-0.5B-SFT-2e-5-2ep-IRPO_5e-7-3ep_1alp_0lam,2025-01-02,chat_finetuned,0.63,,license_unverified;
JayHyeon/Qwen2.5-0.5B-SFT-2e-5-2ep-MDPO_0.5_1e-7-1ep_0alp_0lam,2025-01-07,chat_finetuned,0.494,,license_unverified;
JayHyeon/Qwen2.5-0.5B-SFT-2e-5-2ep-MDPO_0.5_1e-7-2ep_0alp_0lam,2025-01-07,chat_finetuned,0.494,,license_unverified;
JayHyeon/Qwen2.5-0.5B-SFT-2e-5-2ep-MDPO_0.5_1e-7-3ep_0alp_0lam,2025-01-07,chat_finetuned,0.63,,license_unverified;
JayHyeon/Qwen2.5-0.5B-SFT-2e-5-2ep-MDPO_1e-6-3ep_0alp_0lam,2025-01-01,chat_finetuned,0.63,,license_unverified;
JayHyeon/Qwen2.5-0.5B-SFT-2e-5-2ep-MDPO_1e-6_1ep_0alp_0lam,2025-01-01,chat_finetuned,0.494,,license_unverified;
JayHyeon/Qwen2.5-0.5B-SFT-2e-5-2ep-MDPO_1e-6_2ep_0alp_0lam,2025-01-01,chat_finetuned,0.494,,license_unverified;
JayHyeon/Qwen2.5-0.5B-SFT-2e-5-2ep-MDPO_2e-6-3ep_0alp_0lam,2025-01-01,chat_finetuned,0.63,,license_unverified;
JayHyeon/Qwen2.5-0.5B-SFT-2e-5-2ep-MDPO_2e-6_1ep_0alp_0lam,2025-01-01,chat_finetuned,0.494,,license_unverified;
JayHyeon/Qwen2.5-0.5B-SFT-2e-5-2ep-MDPO_2e-6_2ep_0alp_0lam,2025-01-01,chat_finetuned,0.494,,license_unverified;
JayHyeon/Qwen2.5-0.5B-SFT-2e-5-2ep-MDPO_3e-6-1ep_0alp_0lam,2025-01-02,chat_finetuned,0.494,,license_unverified;
JayHyeon/Qwen2.5-0.5B-SFT-2e-5-2ep-MDPO_3e-6-2ep_0alp_0lam,2025-01-02,chat_finetuned,0.494,,license_unverified;
JayHyeon/Qwen2.5-0.5B-SFT-2e-5-2ep-MDPO_3e-6-3ep_0alp_0lam,2025-01-02,chat_finetuned,0.63,,license_unverified;
JayHyeon/Qwen2.5-0.5B-SFT-2e-5-2ep-MDPO_5e-6-1ep_0alp_0lam,2025-01-02,chat_finetuned,0.494,,license_unverified;
JayHyeon/Qwen2.5-0.5B-SFT-2e-5-2ep-MDPO_5e-6-2ep_0alp_0lam,2025-01-02,chat_finetuned,0.494,,license_unverified;
JayHyeon/Qwen2.5-0.5B-SFT-2e-5-2ep-MDPO_5e-6-3ep_0alp_0lam,2025-01-02,chat_finetuned,0.63,,license_unverified;
JayHyeon/Qwen2.5-0.5B-SFT-2e-5-2ep-MDPO_5e-7-3ep_0alp_0lam,2024-12-31,chat_finetuned,0.63,,license_unverified;
JayHyeon/Qwen2.5-0.5B-SFT-2e-5-2ep-MDPO_5e-7_1ep_0alp_0lam,2024-12-31,chat_finetuned,0.494,,license_unverified;
JayHyeon/Qwen2.5-0.5B-SFT-2e-5-2ep-MDPO_5e-7_2ep_0alp_0lam,2024-12-31,chat_finetuned,0.494,,license_unverified;
JayHyeon/Qwen2.5-0.5B-SFT-2e-5-2ep-MDPO_7e-7-3ep_0alp_0lam,2025-01-01,chat_finetuned,0.63,,license_unverified;
JayHyeon/Qwen2.5-0.5B-SFT-2e-5-2ep-MDPO_7e-7_1ep_0alp_0lam,2025-01-01,chat_finetuned,0.494,,license_unverified;
JayHyeon/Qwen2.5-0.5B-SFT-2e-5-2ep-MDPO_7e-7_2ep_0alp_0lam,2025-01-01,chat_finetuned,0.494,,license_unverified;
JayHyeon/Qwen2.5-0.5B-SFT-2e-5-3ep,2024-12-29,chat_finetuned,0.63,mit,
JayHyeon/Qwen2.5-0.5B-SFT-2e-5-5ep,2024-12-29,chat_finetuned,0.63,,license_unverified;
JayHyeon/Qwen2.5-0.5B-SFT-2e-5-5ep-MDPO_5e-7_3ep_0alp_0lam,2024-12-31,chat_finetuned,0.63,,license_unverified;
JayHyeon/Qwen2.5-0.5B-SFT-2e-5-5ep-MDPO_5e-7_3ep_0alp_0lam_1ep,2024-12-31,chat_finetuned,0.494,,license_unverified;
JayHyeon/Qwen2.5-0.5B-SFT-2e-5-5ep-MDPO_5e-7_3ep_0alp_0lam_2ep,2024-12-31,chat_finetuned,0.494,,license_unverified;
JayHyeon/Qwen2.5-0.5B-SFT-2e-5-5ep-MDPO_7e-7_3ep_0alp_0lam,2024-12-31,chat_finetuned,0.63,,license_unverified;
JayHyeon/Qwen2.5-0.5B-SFT-2e-5-5ep-MDPO_7e-7_3ep_0alp_0lam_1ep,2024-12-31,chat_finetuned,0.494,,license_unverified;
JayHyeon/Qwen2.5-0.5B-SFT-2e-5-5ep-MDPO_7e-7_3ep_0alp_0lam_2ep,2024-12-31,chat_finetuned,0.494,,license_unverified;
JayHyeon/Qwen2.5-0.5B-SFT-5e-5,2024-12-28,chat_finetuned,0.63,mit,
JayHyeon/Qwen2.5-0.5B-SFT-5e-5-2ep,2024-12-29,chat_finetuned,0.63,,license_unverified;
JayHyeon/Qwen2.5-0.5B-SFT-5e-5-3ep,2024-12-29,chat_finetuned,0.63,mit,
JayHyeon/Qwen2.5-0.5B-SFT-5e-5-5ep,2024-12-29,chat_finetuned,0.63,,license_unverified;
JayHyeon/Qwen2.5-0.5B-SFT-7e-5,2024-12-28,chat_finetuned,0.63,mit,
JayHyeon/Qwen2.5-0.5B-SFT-7e-5-2ep,2024-12-29,chat_finetuned,0.63,,license_unverified;
JayHyeon/Qwen2.5-0.5B-SFT-7e-5-3ep,2024-12-29,chat_finetuned,0.63,mit,
JayHyeon/Qwen2.5-0.5B-SFT-7e-5-5ep,2024-12-29,chat_finetuned,0.63,,license_unverified;
JayHyeon/Qwen2.5-0.5B-SFT-DPO-1epoch_v1,2024-12-28,chat_finetuned,0.494,mit,
JayHyeon/Qwen2.5-0.5B-SFT-MDPO-1epoch_v1,2024-12-27,chat_finetuned,0.494,mit,
JayHyeon/Qwen_0.5-DPOP_1e-6-3ep_0alp_5lam,2025-01-10,chat_finetuned,0.63,,license_unverified;
JayHyeon/Qwen_0.5-DPOP_1e-7-3ep_0alp_5lam,2025-01-10,chat_finetuned,0.63,,license_unverified;
JayHyeon/Qwen_0.5-DPOP_3e-6-1ep_0alp_5lam,2025-01-09,chat_finetuned,0.494,,license_unverified;
JayHyeon/Qwen_0.5-DPOP_3e-6-2ep_0alp_5lam,2025-01-09,chat_finetuned,0.494,,license_unverified;
JayHyeon/Qwen_0.5-DPOP_3e-6-3ep_0alp_5lam,2025-01-09,chat_finetuned,0.63,,license_unverified;
JayHyeon/Qwen_0.5-DPOP_3e-7-1ep_0alp_5lam,2025-01-15,chat_finetuned,0.494,,license_unverified;
JayHyeon/Qwen_0.5-DPOP_3e-7-2ep_0alp_5lam,2025-01-15,chat_finetuned,0.494,,license_unverified;
JayHyeon/Qwen_0.5-DPOP_3e-7-3ep_0alp_5lam,2025-01-15,chat_finetuned,0.63,,license_unverified;
JayHyeon/Qwen_0.5-DPOP_5e-7-1ep_0alp_5lam,2025-01-09,chat_finetuned,0.494,,license_unverified;
JayHyeon/Qwen_0.5-DPOP_5e-7-2ep_0alp_5lam,2025-01-09,chat_finetuned,0.494,,license_unverified;
JayHyeon/Qwen_0.5-DPOP_5e-7-3ep_0alp_5lam,2025-01-09,chat_finetuned,0.63,,license_unverified;
JayHyeon/Qwen_0.5-DPO_1e-6-3ep_0alp_0lam,2025-01-10,chat_finetuned,0.63,,license_unverified;
JayHyeon/Qwen_0.5-DPO_1e-7-3ep_0alp_0lam,2025-01-10,chat_finetuned,0.63,,license_unverified;
JayHyeon/Qwen_0.5-DPO_3e-6-1ep_0alp_0lam,2025-01-09,chat_finetuned,0.494,,license_unverified;
JayHyeon/Qwen_0.5-DPO_3e-6-2ep_0alp_0lam,2025-01-09,chat_finetuned,0.494,,license_unverified;
JayHyeon/Qwen_0.5-DPO_3e-6-3ep_0alp_0lam,2025-01-07,chat_finetuned,0.63,,license_unverified;
JayHyeon/Qwen_0.5-DPO_3e-7-1ep_0alp_0lam,2025-01-15,chat_finetuned,0.494,,license_unverified;
JayHyeon/Qwen_0.5-DPO_3e-7-2ep_0alp_0lam,2025-01-15,chat_finetuned,0.494,,license_unverified;
JayHyeon/Qwen_0.5-DPO_3e-7-3ep_0alp_0lam,2025-01-15,chat_finetuned,0.63,,license_unverified;
JayHyeon/Qwen_0.5-DPO_5e-7-1ep_0alp_0lam,2025-01-25,chat_finetuned,0.63,,license_unverified;
JayHyeon/Qwen_0.5-DPO_5e-7-2ep_0alp_0lam,2025-01-09,chat_finetuned,0.494,,license_unverified;
JayHyeon/Qwen_0.5-DPO_5e-7-3ep_0alp_0lam,2025-01-07,chat_finetuned,0.63,,license_unverified;
JayHyeon/Qwen_0.5-IPO_5e-7-1ep_0alp_0lam,2025-01-26,chat_finetuned,0.63,,license_unverified;
JayHyeon/Qwen_0.5-IPO_5e-7-3ep_0alp_0lam,2025-01-26,chat_finetuned,0.63,,license_unverified;
JayHyeon/Qwen_0.5-IRPO_1e-6-3ep_1alp_0lam,2025-01-10,chat_finetuned,0.63,,license_unverified;
JayHyeon/Qwen_0.5-IRPO_1e-7-3ep_1alp_0lam,2025-01-10,chat_finetuned,0.63,,license_unverified;
JayHyeon/Qwen_0.5-IRPO_3e-6-1ep_1alp_0lam,2025-01-09,chat_finetuned,0.494,,license_unverified;
JayHyeon/Qwen_0.5-IRPO_3e-6-2ep_1alp_0lam,2025-01-09,chat_finetuned,0.494,,license_unverified;
JayHyeon/Qwen_0.5-IRPO_3e-6-3ep_1alp_0lam,2025-01-09,chat_finetuned,0.63,,license_unverified;
JayHyeon/Qwen_0.5-IRPO_3e-7-1ep_1alp_0lam,2025-01-15,chat_finetuned,0.494,,license_unverified;
JayHyeon/Qwen_0.5-IRPO_3e-7-3ep_1alp_0lam,2025-01-15,chat_finetuned,0.63,,license_unverified;
JayHyeon/Qwen_0.5-IRPO_5e-7-1ep_1alp_0lam,2025-01-09,chat_finetuned,0.494,,license_unverified;
JayHyeon/Qwen_0.5-IRPO_5e-7-2ep_1alp_0lam,2025-01-09,chat_finetuned,0.494,,license_unverified;
JayHyeon/Qwen_0.5-IRPO_5e-7-3ep_1alp_0lam,2025-01-09,chat_finetuned,0.63,,license_unverified;
JayHyeon/Qwen_0.5-MDPO_0.1_3e-6-3ep_0alp_0lam,2025-01-10,chat_finetuned,0.63,,license_unverified;
JayHyeon/Qwen_0.5-MDPO_0.1_5e-7-3ep_0alp_0lam,2025-01-21,chat_finetuned,0.63,,license_unverified;
JayHyeon/Qwen_0.5-MDPO_0.3_3e-6-3ep_0alp_0lam,2025-01-09,chat_finetuned,0.63,,license_unverified;
JayHyeon/Qwen_0.5-MDPO_0.3_5e-7-3ep_0alp_0lam,2025-01-21,chat_finetuned,0.63,,license_unverified;
JayHyeon/Qwen_0.5-MDPO_0.5_1e-5-3ep_0alp_0lam,2025-01-10,chat_finetuned,0.63,,license_unverified;
JayHyeon/Qwen_0.5-MDPO_0.5_3e-7-1ep_0alp_0lam,2025-01-15,chat_finetuned,0.494,,license_unverified;
JayHyeon/Qwen_0.5-MDPO_0.5_3e-7-2ep_0alp_0lam,2025-01-15,chat_finetuned,0.494,,license_unverified;
JayHyeon/Qwen_0.5-MDPO_0.5_3e-7-3ep_0alp_0lam,2025-01-15,chat_finetuned,0.63,,license_unverified;
JayHyeon/Qwen_0.5-MDPO_0.5_4e-6-3ep_0alp_0lam,2025-01-10,chat_finetuned,0.63,,license_unverified;
JayHyeon/Qwen_0.5-MDPO_0.5_6e-6-3ep_0alp_0lam,2025-01-10,chat_finetuned,0.63,,license_unverified;
JayHyeon/Qwen_0.5-MDPO_0.5_7e-6-3ep_0alp_0lam,2025-01-10,chat_finetuned,0.63,,license_unverified;
JayHyeon/Qwen_0.5-MDPO_0.5_7e-7-3ep_0alp_0lam,2025-01-10,chat_finetuned,0.63,,license_unverified;
JayHyeon/Qwen_0.5-MDPO_0.7_3e-6-3ep_0alp_0lam,2025-01-09,chat_finetuned,0.63,,license_unverified;
JayHyeon/Qwen_0.5-MDPO_0.7_5e-7-3ep_0alp_0lam,2025-01-21,chat_finetuned,0.63,,license_unverified;
JayHyeon/Qwen_0.5-MDPO_0.9_5e-7-3ep_0alp_0lam,2025-01-21,chat_finetuned,0.63,,license_unverified;
JayHyeon/Qwen_0.5-VDPO_3e-6-1ep_3vpo_const,2025-02-27,chat_finetuned,0.63,,license_unverified;
JayHyeon/Qwen_0.5-VDPO_5e-7-1ep_0alp_0lam,2025-01-25,chat_finetuned,0.63,,license_unverified;
JayHyeon/Qwen_0.5-VDPO_5e-7-1ep_10vpo_const,2025-02-21,chat_finetuned,0.63,,license_unverified;
JayHyeon/Qwen_0.5-VDPO_5e-7-1ep_1vpo_const,2025-02-21,chat_finetuned,0.63,,license_unverified;
JayHyeon/Qwen_0.5-VDPO_5e-7-1ep_3vpo_const,2025-02-21,chat_finetuned,0.63,,license_unverified;
JayHyeon/Qwen_0.5-VDPO_5e-7-3ep_0alp_0lam,2025-01-25,chat_finetuned,0.63,,license_unverified;
JayHyeon/Qwen_0.5-VDPO_5e-7-3ep_1vpo_const,2025-02-10,chat_finetuned,0.63,,license_unverified;
JayHyeon/Qwen_0.5-VDPO_5e-7-3ep_3vpo_const,2025-02-10,chat_finetuned,0.63,,license_unverified;
JayHyeon/Qwen_0.5-VIPO_5e-7-1ep_0alp_0lam,2025-01-25,chat_finetuned,0.63,,license_unverified;
JayHyeon/Qwen_0.5-VIPO_5e-7-1ep_10vpo_const,2025-02-21,chat_finetuned,0.63,,license_unverified;
JayHyeon/Qwen_0.5-VIPO_5e-7-1ep_1vpo_const,2025-02-20,chat_finetuned,0.63,,license_unverified;
JayHyeon/Qwen_0.5-VIPO_5e-7-1ep_30vpo_const,2025-02-21,chat_finetuned,0.63,,license_unverified;
JayHyeon/Qwen_0.5-VIPO_5e-7-1ep_3vpo_const,2025-02-21,chat_finetuned,0.63,,license_unverified;
JayHyeon/Qwen_0.5-VIPO_5e-7-3ep_0alp_0lam,2025-01-25,chat_finetuned,0.63,,license_unverified;
JayHyeon/Qwen_0.5-VIPO_5e-7-3ep_10vpo_const,2025-02-08,chat_finetuned,0.63,,license_unverified;
JayHyeon/Qwen_0.5-VIPO_5e-7-3ep_1vpo_const,2025-02-08,chat_finetuned,0.63,,license_unverified;
JayHyeon/Qwen_0.5-VIPO_5e-7-3ep_30vpo_const,2025-02-08,chat_finetuned,0.63,,license_unverified;
JayHyeon/Qwen_0.5-VIPO_5e-7-3ep_3vpo_const,2025-02-08,chat_finetuned,0.63,,license_unverified;
JayHyeon/Qwen_0.5-cDPO_5e-7-3ep_0vpo_const_0.1,2025-02-20,chat_finetuned,0.63,,license_unverified;
JayHyeon/Qwen_0.5-cDPO_5e-7-3ep_0vpo_const_0.3,2025-02-17,chat_finetuned,0.63,,license_unverified;
JayHyeon/Qwen_0.5-rDPO_3e-6-1ep_0vpo_const_0.1,2025-02-27,chat_finetuned,0.63,,license_unverified;
JayHyeon/Qwen_0.5-rDPO_5e-7-3ep_0vpo_const_0.1,2025-02-20,chat_finetuned,0.63,,license_unverified;
JayHyeon/Qwen_0.5-rDPO_5e-7-3ep_0vpo_const_0.3,2025-02-17,chat_finetuned,0.63,,license_unverified;
Jimmy19991222/Llama-3-Instruct-8B-SimPO-v0.2,2024-09-06,chat_finetuned,8.03,,license_unverified;
Jimmy19991222/llama-3-8b-instruct-gapo-v2-bert-f1-beta10-gamma0.3-lr1.0e-6-1minus-rerun,2024-09-18,chat_finetuned,8.03,llama3,
Jimmy19991222/llama-3-8b-instruct-gapo-v2-bert_f1-beta10-gamma0.3-lr1.0e-6-scale-log,2024-09-22,chat_finetuned,8.03,llama3,
Jimmy19991222/llama-3-8b-instruct-gapo-v2-bert_p-beta10-gamma0.3-lr1.0e-6-scale-log,2024-09-22,chat_finetuned,8.03,llama3,
Jimmy19991222/llama-3-8b-instruct-gapo-v2-bleu-beta0.1-no-length-scale-gamma0.4,2024-09-06,chat_finetuned,8.03,,license_unverified;
Jimmy19991222/llama-3-8b-instruct-gapo-v2-rouge2-beta10-1minus-gamma0.3-rerun,2024-09-15,chat_finetuned,8.03,llama3,
Jimmy19991222/llama-3-8b-instruct-gapo-v2-rouge2-beta10-gamma0.3-lr1.0e-6-scale-log,2024-09-22,chat_finetuned,8.03,llama3,
Jimmy19991222/llama-3-8b-instruct-gapo-v2-rougeL-beta10-gamma0.3-lr1.0e-6-scale-log,2024-09-22,chat_finetuned,8.03,llama3,
Joseph717171/Hermes-3-Llama-3.1-8B_TIES_with_Base_Embeds_Initialized_to_Special_Instruct_Toks_dtypeF32,2024-10-25,chat_finetuned,8.03,llama3.1,
Joseph717171/Llama-3.1-SuperNova-8B-Lite_TIES_with_Base,2024-10-03,chat_finetuned,8.03,llama3.1,
Josephgflowers/Cinder-Phi-2-V1-F16-gguf,2024-06-26,chat_finetuned,2.78,mit,
Josephgflowers/Differential-Attention-Liquid-Metal-Tinyllama,2024-11-07,chat_finetuned,1.1,mit,
Josephgflowers/TinyLlama-Cinder-Agent-v1,2024-06-26,chat_finetuned,1.1,mit,
Josephgflowers/TinyLlama-v1.1-Cinders-World,2024-10-13,chat_finetuned,1.1,mit,
Josephgflowers/TinyLlama_v1.1_math_code-world-test-1,2024-09-09,chat_finetuned,1.1,mit,
Josephgflowers/Tinyllama-STEM-Cinder-Agent-v1,2024-11-27,chat_finetuned,1.1,mit,
Josephgflowers/Tinyllama-r1,2025-02-09,chat_finetuned,1.1,llama3.3,
JungZoona/T3Q-Qwen2.5-14B-Instruct-1M-e3,,other,0.0,apache-2.0,missing_submission_date;invalid_N;
JungZoona/T3Q-qwen2.5-14b-v1.0-e3,2025-03-13,chat_finetuned,14.77,apache-2.0,
Junhoee/Qwen-Megumin,2024-11-26,chat_finetuned,15.231,,license_unverified;
KSU-HW-SEC/Llama3-70b-SVA-FT-1415,2024-09-08,chat_finetuned,70.554,,license_unverified;
KSU-HW-SEC/Llama3-70b-SVA-FT-500,2024-09-08,chat_finetuned,70.554,,license_unverified;
KSU-HW-SEC/Llama3-70b-SVA-FT-final,2024-09-08,chat_finetuned,70.554,,license_unverified;
KSU-HW-SEC/Llama3.1-70b-SVA-FT-1000step,2024-09-08,chat_finetuned,70.554,,license_unverified;
Khetterman/DarkAtom-12B-v3,2024-12-09,merge,12.248,,license_unverified;
Khetterman/Kosmos-8B-v1,2024-12-27,merge,8.03,,license_unverified;
Kimargin/GPT-NEO-1.3B-wiki,2024-10-24,chat_finetuned,1.316,apache-2.0,
KingNish/Qwen2.5-0.5b-Test-ft,2024-09-29,chat_finetuned,0.494,apache-2.0,
KingNish/Reasoning-0.5b,2025-03-07,chat_finetuned,0.494,apache-2.0,
KingNish/Reasoning-Llama-3b-v0.1,2024-10-26,chat_finetuned,3.213,llama3.2,
KingNish/qwen-1b-continued,2025-03-07,continued,1.277,apache-2.0,
KingNish/qwen-1b-continued-v2,2025-03-07,continued,1.277,apache-2.0,
KingNish/qwen-1b-continued-v2.1,2025-03-08,continued,1.277,apache-2.0,
KingNish/qwen-1b-continued-v2.2,2025-03-09,continued,1.277,apache-2.0,
Kquant03/CognitiveFusion2-4x7B-BF16,2024-07-31,merge,24.154,apache-2.0,
Kquant03/L3-Pneuma-8B,2024-10-16,chat_finetuned,8.03,llama3,
Krystalan/DRT-o1-14B,2024-12-27,chat_finetuned,14.77,cc-by-nc-sa-4.0,
Krystalan/DRT-o1-7B,2025-02-05,merge,7.616,cc-by-nc-sa-4.0,
Kukedlc/NeuralExperiment-7b-MagicCoder-v7.5,2024-07-30,chat_finetuned,7.242,apache-2.0,
Kukedlc/NeuralLLaMa-3-8b-DT-v0.1,2024-09-17,merge,8.03,other,license_unverified;
Kukedlc/NeuralLLaMa-3-8b-ORPO-v0.3,2024-07-28,chat_finetuned,8.03,apache-2.0,
Kukedlc/NeuralSynthesis-7B-v0.1,2024-06-29,merge,7.242,apache-2.0,
Kukedlc/NeuralSynthesis-7B-v0.3,2024-07-31,merge,7.242,apache-2.0,
Kukedlc/NeuralSynthesis-7b-v0.4-slerp,2024-07-31,merge,7.242,apache-2.0,
Kukedlc/Qwen-2.5-7b-Spanish-o1-CoT,2024-12-04,chat_finetuned,7.616,apache-2.0,
Kumar955/Hemanth-llm,2024-09-24,merge,7.242,,license_unverified;
L-RAGE/3_PRYMMAL-ECE-7B-SLERP-V1,2024-10-29,merge,1.777,apache-2.0,
LEESM/llama-2-7b-hf-lora-oki100p,2024-11-08,chat_finetuned,6.738,mit,
LEESM/llama-2-7b-hf-lora-oki10p,2024-11-08,chat_finetuned,6.738,mit,
LEESM/llama-3-8b-bnb-4b-kowiki231101,2024-11-08,chat_finetuned,8.03,apache-2.0,
LEESM/llama-3-Korean-Bllossom-8B-trexlab-oki10p,2024-11-08,chat_finetuned,8.03,mit,
LGAI-EXAONE/EXAONE-3.0-7.8B-Instruct,2024-08-18,chat_finetuned,7.8,other,license_unverified;
LGAI-EXAONE/EXAONE-3.5-2.4B-Instruct,2024-12-11,chat_finetuned,2.405,other,license_unverified;
LGAI-EXAONE/EXAONE-3.5-32B-Instruct,2025-01-13,chat_finetuned,32.003,other,license_unverified;
LGAI-EXAONE/EXAONE-3.5-7.8B-Instruct,2024-12-11,chat_finetuned,7.818,other,license_unverified;
LLM360/K2,2024-06-26,pretrained,65.286,apache-2.0,
LLM360/K2-Chat,2024-06-12,chat_finetuned,65.286,apache-2.0,
LLM4Binary/llm4decompile-1.3b-v2,2024-11-16,chat_finetuned,1.346,mit,
Lambent/qwen2.5-reinstruct-alternate-lumen-14B,2024-09-28,merge,14.766,,license_unverified;
Langboat/Mengzi3-8B-Chat,2024-10-21,chat_finetuned,8.03,apache-2.0,
Lawnakk/BBA100,2025-02-26,merge,7.616,,license_unverified;
Lawnakk/BBALAW1,2025-02-27,merge,7.616,,license_unverified;
Lawnakk/BBALAW1.0,2025-02-27,merge,4.353,,license_unverified;
Lawnakk/BBALAW1.2,2025-02-27,merge,4.353,,license_unverified;
Lawnakk/BBALAW1.3,2025-02-27,merge,4.353,,license_unverified;
Lawnakk/BBALAW1.6,2025-02-27,merge,7.616,,license_unverified;
Lawnakk/BBALAW1.61,2025-02-28,merge,7.616,,license_unverified;
Lawnakk/BBALAW1.62,2025-02-28,merge,7.616,,license_unverified;
Lawnakk/BBALAW1.63,2025-02-28,merge,7.613,,license_unverified;
Lawnakk/BBALAW1.64,2025-02-28,merge,7.616,,license_unverified;
LenguajeNaturalAI/leniachat-gemma-2b-v0,2024-09-01,chat_finetuned,2.506,apache-2.0,
LenguajeNaturalAI/leniachat-qwen2-1.5B-v0,2024-09-30,chat_finetuned,1.543,apache-2.0,
LeroyDyer/CheckPoint_A,2025-02-05,chat_finetuned,7.242,,license_unverified;
LeroyDyer/CheckPoint_B,2025-02-05,chat_finetuned,7.242,,license_unverified;
LeroyDyer/CheckPoint_C,2025-02-05,chat_finetuned,7.242,,license_unverified;
LeroyDyer/CheckPoint_R1,2025-02-11,chat_finetuned,7.242,,license_unverified;
LeroyDyer/LCARS_AI_001,2024-08-06,chat_finetuned,7.242,,license_unverified;
LeroyDyer/LCARS_AI_1x4_003_SuperAI,2024-08-07,chat_finetuned,24.154,apache-2.0,
LeroyDyer/LCARS_AI_StarTrek_Computer,2024-08-07,chat_finetuned,7.242,mit,
LeroyDyer/LCARS_TOP_SCORE,2024-08-08,chat_finetuned,7.242,openrail,
LeroyDyer/Mixtral_AI_SwahiliTron_7b,2024-07-12,chat_finetuned,7.242,mit,
LeroyDyer/SpydazWebAI_Human_AGI,2024-10-16,merge,7.242,,license_unverified;
LeroyDyer/SpydazWebAI_Human_AGI_001,2024-11-18,chat_finetuned,7.242,,license_unverified;
LeroyDyer/SpydazWeb_AI_CyberTron_Ultra_7b,2024-07-12,chat_finetuned,7.242,apache-2.0,
LeroyDyer/SpydazWeb_AI_HumanAGI_001_M2,2025-01-15,merge,7.242,,license_unverified;
LeroyDyer/SpydazWeb_AI_HumanAGI_002,2025-01-15,chat_finetuned,7.242,apache-2.0,
LeroyDyer/SpydazWeb_AI_HumanAI_001,2024-10-17,chat_finetuned,7.242,,license_unverified;
LeroyDyer/SpydazWeb_AI_HumanAI_006,2024-11-18,chat_finetuned,7.242,,license_unverified;
LeroyDyer/SpydazWeb_AI_HumanAI_007,2024-11-18,chat_finetuned,7.242,,license_unverified;
LeroyDyer/SpydazWeb_AI_HumanAI_009_CHAT,2024-11-26,chat_finetuned,7.242,,license_unverified;
LeroyDyer/SpydazWeb_AI_HumanAI_010_CHAT,2024-11-26,chat_finetuned,7.242,,license_unverified;
LeroyDyer/SpydazWeb_AI_HumanAI_011_INSTRUCT,2024-11-26,chat_finetuned,7.242,,license_unverified;
LeroyDyer/SpydazWeb_AI_HumanAI_011_INSTRUCT_ML,2024-11-27,merge,7.242,,license_unverified;
LeroyDyer/SpydazWeb_AI_HumanAI_011_INSTRUCT_ML_r1,2024-11-27,merge,7.242,,license_unverified;
LeroyDyer/SpydazWeb_AI_HumanAI_012_INSTRUCT_IA,2024-12-04,chat_finetuned,7.242,,license_unverified;
LeroyDyer/SpydazWeb_AI_HumanAI_012_INSTRUCT_IA,2024-12-04,chat_finetuned,7.242,,license_unverified;
LeroyDyer/SpydazWeb_AI_HumanAI_012_INSTRUCT_MX,2024-12-04,merge,7.242,,license_unverified;
LeroyDyer/SpydazWeb_AI_HumanAI_012_INSTRUCT_XA,2024-12-04,chat_finetuned,7.242,,license_unverified;
LeroyDyer/SpydazWeb_AI_HumanAI_012_INSTRUCT_XA,2024-12-04,chat_finetuned,7.242,,license_unverified;
LeroyDyer/SpydazWeb_AI_HumanAI_RP,2024-11-18,chat_finetuned,7.242,apache-2.0,
LeroyDyer/SpydazWeb_AI_HumanAI_TextVision,2024-11-18,chat_finetuned,7.242,,license_unverified;
LeroyDyer/SpydazWeb_HumanAI_M1,2024-10-16,merge,7.242,,license_unverified;
LeroyDyer/SpydazWeb_HumanAI_M2,2024-10-16,merge,7.242,,license_unverified;
LeroyDyer/SpydazWeb_HumanAI_M3,2024-10-16,merge,7.242,,license_unverified;
LeroyDyer/_Spydaz_Web_AI_12,2024-09-19,chat_finetuned,7.242,,license_unverified;
LeroyDyer/_Spydaz_Web_AI_14,2024-09-23,chat_finetuned,7.242,,license_unverified;
LeroyDyer/_Spydaz_Web_AI_AGI_R1_001,2025-02-27,chat_finetuned,7.242,apache-2.0,
LeroyDyer/_Spydaz_Web_AI_AGI_R1_002,2025-02-28,chat_finetuned,7.242,apache-2.0,
LeroyDyer/_Spydaz_Web_AI_AGI_R1_MUSR,2025-03-01,chat_finetuned,7.242,,license_unverified;
LeroyDyer/_Spydaz_Web_AI_AGI_R1_MasterCoder,2025-02-28,chat_finetuned,7.242,,license_unverified;
LeroyDyer/_Spydaz_Web_AI_AGI_R1_Math_001,2025-03-10,chat_finetuned,7.242,,license_unverified;
LeroyDyer/_Spydaz_Web_AI_AGI_R1_Math_003,2025-03-11,chat_finetuned,7.242,,license_unverified;
LeroyDyer/_Spydaz_Web_AI_AGI_R1_Math_AdvancedStudent,2025-03-07,chat_finetuned,7.242,,license_unverified;
LeroyDyer/_Spydaz_Web_AI_AGI_R1_Math_Student,2025-03-06,chat_finetuned,7.242,,license_unverified;
LeroyDyer/_Spydaz_Web_AI_AGI_R1_Math_Teacher,2025-03-07,chat_finetuned,7.242,,license_unverified;
LeroyDyer/_Spydaz_Web_AI_AGI_R1_OmG_001,2025-03-02,chat_finetuned,7.242,apache-2.0,
LeroyDyer/_Spydaz_Web_AI_AGI_R1_OmG_002,2025-03-08,chat_finetuned,7.242,,license_unverified;
LeroyDyer/_Spydaz_Web_AI_AGI_R1_OmG_Coder,2025-03-03,chat_finetuned,7.242,apache-2.0,
LeroyDyer/_Spydaz_Web_AI_AGI_R1_OmG_Math,2025-03-07,chat_finetuned,7.242,,license_unverified;
LeroyDyer/_Spydaz_Web_AI_AGI_R1_OmG_MathMaster,2025-03-08,chat_finetuned,7.242,,license_unverified;
LeroyDyer/_Spydaz_Web_AI_AGI_R1_Student_Coder,2025-02-28,chat_finetuned,7.242,,license_unverified;
LeroyDyer/_Spydaz_Web_AI_AGI_R1_Teacher_Coder,2025-02-28,chat_finetuned,7.242,,license_unverified;
LeroyDyer/_Spydaz_Web_AI_AGI_R1_Top_Student,2025-03-12,merge,7.242,,license_unverified;
LeroyDyer/_Spydaz_Web_AI_AGI_R1_X1,2025-02-28,merge,7.242,,license_unverified;
LeroyDyer/_Spydaz_Web_AI_AGI_R1_X2,2025-02-28,merge,7.242,,license_unverified;
LeroyDyer/_Spydaz_Web_AI_AGI_RP_R1,2025-02-28,chat_finetuned,7.242,apache-2.0,
LeroyDyer/_Spydaz_Web_AI_BIBLE_002,2024-09-14,chat_finetuned,7.242,apache-2.0,
LeroyDyer/_Spydaz_Web_AI_ChatML_002,2024-09-01,chat_finetuned,7.242,,license_unverified;
LeroyDyer/_Spydaz_Web_AI_ChatQA,2024-08-06,chat_finetuned,7.242,,license_unverified;
LeroyDyer/_Spydaz_Web_AI_ChatQA_003,2024-09-14,chat_finetuned,7.242,,license_unverified;
LeroyDyer/_Spydaz_Web_AI_TEMP_,2025-03-13,merge,7.242,,license_unverified;
LeroyDyer/_Spydaz_Web_AI_Top_Teacher_,2025-03-13,merge,7.242,,license_unverified;
LightningRodLabs/Flashlight-v1.0,2025-01-18,chat_finetuned,14.66,mit,
LightningRodLabs/Flashlight-v1.1,2025-01-24,chat_finetuned,14.66,other,license_unverified;
LightningRodLabs/Flashlight-v1.2,2025-01-30,chat_finetuned,14.766,other,license_unverified;
Lil-R/2_PRYMMAL-ECE-2B-SLERP-V1,2024-11-07,merge,2.614,apache-2.0,
Lil-R/2_PRYMMAL-ECE-2B-SLERP-V2,2024-11-05,merge,2.614,apache-2.0,
Lil-R/2_PRYMMAL-ECE-7B-SLERP,2024-11-04,merge,7.616,apache-2.0,
Lil-R/2_PRYMMAL-ECE-7B-SLERP-V1,2024-10-28,merge,7.616,apache-2.0,
Lil-R/2_PRYMMAL-ECE-7B-SLERP-V2,2024-10-28,merge,7.616,apache-2.0,
Lil-R/2_PRYMMAL-ECE-7B-SLERP-V3,2024-10-28,merge,7.616,,license_unverified;
Lil-R/PRYMMAL-ECE-1B-SLERP-V1,2024-10-29,merge,1.777,apache-2.0,
Lil-R/PRYMMAL-ECE-7B-SLERP-V8,2024-10-28,merge,7.616,apache-2.0,
LilRg/10PRYMMAL-3B-slerp,2024-09-24,merge,3.821,apache-2.0,
LilRg/ECE-1B-merge-PRYMMAL,2024-10-07,merge,1.777,apache-2.0,
LilRg/ECE_Finetunning,2024-09-28,chat_finetuned,16.061,apache-2.0,
LilRg/PRYMMAL-6B-slerp,2024-09-24,merge,3.293,apache-2.0,
LilRg/PRYMMAL-ECE-7B-SLERP-V3,2024-10-26,merge,7.616,,license_unverified;
LilRg/PRYMMAL-ECE-7B-SLERP-V4,2024-10-26,merge,7.616,,license_unverified;
LilRg/PRYMMAL-ECE-7B-SLERP-V5,2024-10-26,merge,7.616,,license_unverified;
LilRg/PRYMMAL-ECE-7B-SLERP-V6,2024-10-26,merge,7.616,,license_unverified;
LilRg/PRYMMAL-ECE-7B-SLERP-V7,2024-10-26,merge,7.616,,license_unverified;
LilRg/PRYMMAL-slerp-Merge,2024-09-24,merge,3.821,apache-2.0,
LimYeri/CodeMind-Llama3-8B-unsloth_v2-merged,2024-08-28,chat_finetuned,8.03,apache-2.0,
LimYeri/CodeMind-Llama3-8B-unsloth_v3-merged,2024-08-28,chat_finetuned,8.03,,license_unverified;
LimYeri/CodeMind-Llama3-8B-unsloth_v4-one-DPO-merged,2024-08-28,chat_finetuned,8.03,apache-2.0,
LimYeri/CodeMind-Llama3-8B-unsloth_v4-one-merged,2024-08-28,chat_finetuned,8.03,apache-2.0,
LimYeri/CodeMind-Llama3.1-8B-unsloth-merged,2024-08-31,chat_finetuned,8.03,mit,
Locutusque/CollectiveLM-Falcon-3-7B,2025-01-08,chat_finetuned,7.456,,license_unverified;
Locutusque/Hercules-6.0-Llama-3.1-8B,2024-09-26,chat_finetuned,8.03,llama3.1,
Locutusque/Hercules-6.1-Llama-3.1-8B,2024-10-01,chat_finetuned,8.03,llama3.1,
Locutusque/Llama-3-NeuralHercules-5.0-8B,2024-06-26,chat_finetuned,8.03,llama3,
Locutusque/Llama-3-Yggdrasil-2.0-8B,2024-06-26,merge,8.03,,license_unverified;
Locutusque/TinyMistral-248M-v2.5,2024-09-17,continued,0.248,apache-2.0,
Luni/StarDust-12b-v1,2024-09-03,merge,12.248,apache-2.0,
Luni/StarDust-12b-v2,2024-09-03,merge,12.248,apache-2.0,
Lunzima/NQLSG-Qwen2.5-14B-MegaFusion-v3,2025-02-18,merge,14.766,,license_unverified;
Lunzima/NQLSG-Qwen2.5-14B-MegaFusion-v4,2025-02-19,chat_finetuned,14.766,apache-2.0,
Lunzima/NQLSG-Qwen2.5-14B-MegaFusion-v5,2025-02-20,chat_finetuned,14.766,apache-2.0,
Lunzima/NQLSG-Qwen2.5-14B-MegaFusion-v6,2025-02-25,chat_finetuned,14.766,,license_unverified;
Lunzima/NQLSG-Qwen2.5-14B-MegaFusion-v6-cpt,2025-02-26,chat_finetuned,14.766,,license_unverified;
Lunzima/NQLSG-Qwen2.5-14B-MegaFusion-v7,2025-02-28,merge,14.766,,license_unverified;
Lunzima/NQLSG-Qwen2.5-14B-MegaFusion-v7-rebase,2025-02-28,merge,14.766,,license_unverified;
Lunzima/NQLSG-Qwen2.5-14B-MegaFusion-v8,2025-03-09,merge,14.766,apache-2.0,
Lunzima/NQLSG-Qwen2.5-14B-MegaFusion-v8.5,2025-02-28,merge,14.766,,license_unverified;
Lunzima/NQLSG-Qwen2.5-14B-MegaFusion-v8.6,2025-03-01,merge,14.766,,license_unverified;
Lunzima/NQLSG-Qwen2.5-14B-MegaFusion-v8.7,2025-03-09,merge,14.766,apache-2.0,
Lunzima/NQLSG-Qwen2.5-14B-MegaFusion-v8.8,2025-03-01,merge,14.766,,license_unverified;
Lunzima/NQLSG-Qwen2.5-14B-MegaFusion-v8.9,2025-03-09,merge,14.766,apache-2.0,
Lunzima/NQLSG-Qwen2.5-14B-MegaFusion-v9,2025-03-07,merge,14.766,,license_unverified;
Lunzima/NQLSG-Qwen2.5-14B-MegaFusion-v9-stock,2025-03-07,merge,14.766,,license_unverified;
Lunzima/NQLSG-Qwen2.5-14B-MegaFusion-v9.1,2025-03-10,merge,14.766,,license_unverified;
Lunzima/NQLSG-Qwen2.5-14B-MegaFusion-v9.2,2025-03-13,merge,14.766,apache-2.0,
Lunzima/NQLSG-Qwen2.5-14B-OriginalFusion,2025-03-01,merge,14.766,,license_unverified;
Lyte/Llama-3.1-8B-Instruct-Reasoner-1o1_v0.3,2024-09-17,chat_finetuned,8.0,,license_unverified;
Lyte/Llama-3.2-1B-Instruct-COT-RL-Expriement1-EP04,2024-09-26,chat_finetuned,1.236,,license_unverified;
Lyte/Llama-3.2-3B-Overthinker,2024-10-18,chat_finetuned,3.213,apache-2.0,
M4-ai/TinyMistral-248M-v3,2024-10-18,pretrained,0.248,apache-2.0,
MEscriva/ECE-PRYMMAL-0.5B-FT-V5-MUSR-Mathis,2024-11-19,chat_finetuned,0.63,,license_unverified;
MLP-KTLim/llama-3-Korean-Bllossom-8B,2024-07-09,chat_finetuned,8.03,llama3,
MTSAIR/Cotype-Nano,2024-12-01,chat_finetuned,1.544,other,license_unverified;
MTSAIR/MultiVerse_70B,2024-06-29,chat_finetuned,72.289,other,license_unverified;
Magpie-Align/Llama-3-8B-Magpie-Align-SFT-v0.1,2024-09-17,chat_finetuned,8.03,llama3,
Magpie-Align/Llama-3-8B-Magpie-Align-SFT-v0.3,2024-08-06,chat_finetuned,8.03,llama3,
Magpie-Align/Llama-3-8B-Magpie-Align-v0.1,2024-07-03,chat_finetuned,8.03,llama3,
Magpie-Align/Llama-3-8B-Magpie-Align-v0.1,2024-07-03,chat_finetuned,8.03,llama3,
Magpie-Align/Llama-3-8B-Magpie-Align-v0.3,2024-08-06,chat_finetuned,8.03,llama3,
Magpie-Align/Llama-3.1-8B-Magpie-Align-SFT-v0.1,2024-09-17,chat_finetuned,8.03,llama3.1,
Magpie-Align/Llama-3.1-8B-Magpie-Align-v0.1,2024-09-17,chat_finetuned,8.03,llama3.1,
Magpie-Align/MagpieLM-8B-Chat-v0.1,2024-09-19,chat_finetuned,8.03,llama3.1,
Magpie-Align/MagpieLM-8B-SFT-v0.1,2024-09-19,chat_finetuned,8.03,llama3.1,
MagusCorp/grpo_lora_enem_llama3_7b,2025-02-11,merge,8.03,apache-2.0,
ManoloPueblo/ContentCuisine_1-7B-slerp,2024-11-12,merge,7.242,,license_unverified;
ManoloPueblo/LLM_MERGE_CC2,2024-11-12,merge,7.242,apache-2.0,
ManoloPueblo/LLM_MERGE_CC3,2024-11-12,merge,7.242,apache-2.0,
MarinaraSpaghetti/NemoReRemix-12B,2024-09-17,merge,12.248,,license_unverified;
MarinaraSpaghetti/Nemomix-v4.0-12B,2024-08-02,merge,12.248,,license_unverified;
Marsouuu/MiniMathExpert-2_61B-ECE-PRYMMAL-Martial,2024-10-06,merge,2.614,apache-2.0,
Marsouuu/MiniQwenMathExpert-ECE-PRYMMAL-Martial,2024-10-07,merge,1.777,,license_unverified;
Marsouuu/MistralBase-4x7B-MoE-ECE-PRYMMAL-Martial,2024-10-03,merge,24.16,apache-2.0,
Marsouuu/general3B-ECE-PRYMMAL-Martial,2024-10-23,merge,3.821,apache-2.0,
Marsouuu/general3Bv2-ECE-PRYMMAL-Martial,2024-11-06,chat_finetuned,7.616,apache-2.0,
Marsouuu/lareneg1_78B-ECE-PRYMMAL-Martial,2024-10-23,merge,1.777,apache-2.0,
Marsouuu/lareneg3B-ECE-PRYMMAL-Martial,2024-11-06,merge,3.821,apache-2.0,
Marsouuu/lareneg3Bv2-ECE-PRYMMAL-Martial,2024-11-06,merge,7.616,apache-2.0,
MaziyarPanahi/Calme-4x7B-MoE-v0.1,2024-08-05,merge,24.154,apache-2.0,
MaziyarPanahi/Calme-4x7B-MoE-v0.2,2024-08-05,merge,24.154,apache-2.0,
MaziyarPanahi/Llama-3-70B-Instruct-v0.1,2024-06-26,chat_finetuned,70.554,llama3,
MaziyarPanahi/Llama-3-8B-Instruct-v0.10,2024-06-26,chat_finetuned,8.03,other,license_unverified;
MaziyarPanahi/Llama-3-8B-Instruct-v0.8,2024-07-11,chat_finetuned,8.03,other,license_unverified;
MaziyarPanahi/Llama-3-8B-Instruct-v0.9,2024-08-06,chat_finetuned,8.03,other,license_unverified;
MaziyarPanahi/Qwen1.5-MoE-A2.7B-Wikihow,2024-09-12,chat_finetuned,14.316,apache-2.0,
MaziyarPanahi/Qwen2-7B-Instruct-v0.1,2024-07-07,chat_finetuned,7.616,apache-2.0,
MaziyarPanahi/Qwen2-7B-Instruct-v0.8,2024-07-07,chat_finetuned,7.616,apache-2.0,
MaziyarPanahi/calme-2.1-llama3.1-70b,2024-07-24,chat_finetuned,70.554,,license_unverified;
MaziyarPanahi/calme-2.1-phi3-4b,2024-06-26,chat_finetuned,3.821,mit,
MaziyarPanahi/calme-2.1-phi3.5-4b,2024-08-23,chat_finetuned,3.821,mit,
MaziyarPanahi/calme-2.1-qwen2-72b,2024-06-26,chat_finetuned,72.699,other,license_unverified;
MaziyarPanahi/calme-2.1-qwen2-7b,2024-09-18,chat_finetuned,7.616,apache-2.0,
MaziyarPanahi/calme-2.1-qwen2.5-72b,2024-09-26,chat_finetuned,72.7,other,license_unverified;
MaziyarPanahi/calme-2.1-rys-78b,2024-08-08,chat_finetuned,77.965,mit,
MaziyarPanahi/calme-2.2-llama3-70b,2024-06-26,chat_finetuned,70.554,llama3,
MaziyarPanahi/calme-2.2-llama3.1-70b,2024-09-09,chat_finetuned,70.554,,license_unverified;
MaziyarPanahi/calme-2.2-phi3-4b,2024-06-26,chat_finetuned,3.821,mit,
MaziyarPanahi/calme-2.2-qwen2-72b,2024-08-06,chat_finetuned,72.706,other,license_unverified;
MaziyarPanahi/calme-2.2-qwen2-7b,2024-09-18,chat_finetuned,7.616,apache-2.0,
MaziyarPanahi/calme-2.2-qwen2.5-72b,2024-09-26,chat_finetuned,72.7,other,license_unverified;
MaziyarPanahi/calme-2.2-rys-78b,2024-08-08,chat_finetuned,77.965,mit,
MaziyarPanahi/calme-2.3-llama3-70b,2024-08-30,chat_finetuned,70.554,llama3,
MaziyarPanahi/calme-2.3-llama3.1-70b,2024-09-18,chat_finetuned,70.554,,license_unverified;
MaziyarPanahi/calme-2.3-phi3-4b,2024-06-26,chat_finetuned,3.821,mit,
MaziyarPanahi/calme-2.3-qwen2-72b,2024-09-15,chat_finetuned,72.706,other,license_unverified;
MaziyarPanahi/calme-2.3-qwen2-7b,2024-09-18,chat_finetuned,7.616,apache-2.0,
MaziyarPanahi/calme-2.3-rys-78b,2024-09-03,chat_finetuned,77.965,mit,
MaziyarPanahi/calme-2.4-llama3-70b,2024-06-26,chat_finetuned,70.554,llama3,
MaziyarPanahi/calme-2.4-qwen2-7b,2024-09-18,chat_finetuned,7.616,apache-2.0,
MaziyarPanahi/calme-2.4-rys-78b,2024-09-03,chat_finetuned,77.965,mit,
MaziyarPanahi/calme-2.5-qwen2-7b,2024-09-29,chat_finetuned,7.616,apache-2.0,
MaziyarPanahi/calme-2.6-qwen2-7b,2024-09-29,chat_finetuned,7.616,apache-2.0,
MaziyarPanahi/calme-2.7-qwen2-7b,2024-09-18,chat_finetuned,7.616,apache-2.0,
MaziyarPanahi/calme-3.1-baguette-3b,2024-11-08,chat_finetuned,3.085,other,license_unverified;
MaziyarPanahi/calme-3.1-instruct-3b,2024-11-08,chat_finetuned,3.085,other,license_unverified;
MaziyarPanahi/calme-3.1-instruct-78b,2024-11-27,chat_finetuned,77.965,other,license_unverified;
MaziyarPanahi/calme-3.1-llamaloi-3b,2024-11-08,chat_finetuned,3.213,llama3.2,
MaziyarPanahi/calme-3.2-baguette-3b,2024-11-08,chat_finetuned,3.085,other,license_unverified;
MaziyarPanahi/calme-3.2-instruct-3b,2024-11-08,chat_finetuned,3.086,other,license_unverified;
MaziyarPanahi/calme-3.2-instruct-78b,2024-11-28,chat_finetuned,77.965,other,license_unverified;
MaziyarPanahi/calme-3.3-baguette-3b,2024-11-08,chat_finetuned,3.086,other,license_unverified;
MaziyarPanahi/calme-3.3-instruct-3b,2024-11-08,chat_finetuned,3.086,other,license_unverified;
Minami-su/Amara-o1-7B-Qwen,2025-01-08,chat_finetuned,7.616,apache-2.0,
Minami-su/Amara-o2-7B-Qwen,2025-01-09,chat_finetuned,7.616,apache-2.0,
Minami-su/test-7B-00,2024-12-24,chat_finetuned,7.616,,license_unverified;
Minami-su/test-7B-01,2024-12-24,chat_finetuned,7.616,,license_unverified;
Minami-su/test-v2-7B-00,2024-12-25,chat_finetuned,7.616,,license_unverified;
ModelCloud/Llama-3.2-1B-Instruct-gptqmodel-4bit-vortex-v1,2025-01-02,chat_finetuned,5.453,llama3.2,
ModelSpace/GemmaX2-28-9B-v0.1,2025-02-24,chat_finetuned,10.159,gemma,
MoonRide/Llama-3.2-3B-Khelavaster,2025-03-10,merge,3.607,llama3.2,
Mostafa8Mehrabi/llama-3.2-1b-Insomnia-ChatBot-merged,2025-03-10,merge,1.236,,license_unverified;
MrRobotoAI/MrRoboto-ProLong-8b-v4i,2024-12-29,merge,4.015,,license_unverified;
MrRobotoAI/MrRoboto-ProLongBASE-pt8-unaligned-8b,2024-12-29,merge,4.015,,license_unverified;
MultivexAI/Gladiator-Mini-Exp-1211-3B,2024-12-11,chat_finetuned,3.213,mit,
MultivexAI/Gladiator-Mini-Exp-1221-3B-Instruct,2024-12-20,chat_finetuned,3.213,mit,
MultivexAI/Gladiator-Mini-Exp-1221-3B-Instruct-V2,2024-12-21,chat_finetuned,3.213,mit,
MultivexAI/Gladiator-Mini-Exp-1222-3B-Instruct,2024-12-22,chat_finetuned,3.213,mit,
MultivexAI/Phi-3.5-Mini-Instruct-MultiVex-v0.25-GGUF,2024-11-13,chat_finetuned,3.821,,license_unverified;
Mxode/NanoLM-0.3B-Instruct-v1,2024-09-05,chat_finetuned,0.315,gpl-3.0,
Mxode/NanoLM-0.3B-Instruct-v1.1,2024-09-05,chat_finetuned,0.315,gpl-3.0,
Mxode/NanoLM-0.3B-Instruct-v2,2024-09-08,chat_finetuned,0.315,gpl-3.0,
Mxode/NanoLM-1B-Instruct-v1.1,2024-09-08,chat_finetuned,1.076,gpl-3.0,
Mxode/NanoLM-1B-Instruct-v2,2024-09-09,chat_finetuned,1.076,gpl-3.0,
NAPS-ai/naps-gemma-2-27b-v-0.1.0,2024-11-11,chat_finetuned,27.227,apache-2.0,
NAPS-ai/naps-gemma-2-27b-v0.1.0,2024-11-11,chat_finetuned,27.227,apache-2.0,
NAPS-ai/naps-llama-3_1-8b-instruct-v0.3,2024-09-30,chat_finetuned,8.03,apache-2.0,
NAPS-ai/naps-llama-3_1-8b-instruct-v0.4,2024-09-30,chat_finetuned,8.03,apache-2.0,
NAPS-ai/naps-llama-3_1-instruct-v0.5.0,2024-09-30,chat_finetuned,8.03,apache-2.0,
NAPS-ai/naps-llama-3_1_instruct-v0.6.0,2024-11-13,chat_finetuned,8.03,apache-2.0,
NAPS-ai/naps-llama3.1-70B-v0.2-fp16,2024-12-12,chat_finetuned,70.761,apache-2.0,
NCSOFT/Llama-VARCO-8B-Instruct,2024-12-21,chat_finetuned,8.03,llama3.1,
NJS26/NJS_777,2025-02-27,merge,10.362,,license_unverified;
NLPark/AnFeng_v3.1-Avocet,2024-08-07,chat_finetuned,34.393,cc-by-nc-nd-4.0,license_unverified;
NLPark/B-and-W_Flycatcher-3AD1E,2024-09-28,chat_finetuned,14.77,apache-2.0,
NLPark/Shi-Ci-Robin-Test_3AD80,2024-10-25,chat_finetuned,70.554,llama3.1,
NTQAI/NxMobileLM-1.5B-SFT,2025-01-15,chat_finetuned,1.544,mit,
NTQAI/Nxcode-CQ-7B-orpo,2024-08-10,chat_finetuned,7.25,other,license_unverified;
NYTK/PULI-GPTrio,2024-08-24,pretrained,7.673,cc-by-nc-4.0,
NYTK/PULI-LlumiX-32K,2024-08-24,continued,6.738,llama2,
Naveenpoliasetty/llama3-8B-V2,2024-06-26,chat_finetuned,8.03,,license_unverified;
NbAiLab/nb-llama-3.1-8B-Instruct,2024-12-10,chat_finetuned,8.03,,license_unverified;
NbAiLab/nb-llama-3.1-8B-sft,2024-12-11,chat_finetuned,8.03,llama3.1,
Nekochu/Llama-3.1-8B-German-ORPO,2024-09-24,chat_finetuned,8.03,llama3.1,
Nekochu/Llama-3.1-8B-french-DPO,2024-10-12,chat_finetuned,8.03,apache-2.0,
Nekochu/Luminia-13B-v3,2024-09-25,chat_finetuned,13.016,apache-2.0,
Nekochu/Luminia-8B-RP,2024-09-24,chat_finetuned,8.03,apache-2.0,
NeverSleep/Lumimaid-v0.2-12B,2024-07-31,chat_finetuned,12.248,cc-by-nc-4.0,
NeverSleep/Lumimaid-v0.2-8B,2024-08-09,chat_finetuned,8.03,cc-by-nc-4.0,
Nexesenex/Dolphin3.0-Llama3.1-1B-abliterated,2025-03-05,merge,1.236,llama3.1,
Nexesenex/Llama_3.1_8b_DeepDive_3_Prev_v1.0,2025-02-28,merge,8.03,llama3.1,
Nexesenex/Llama_3.1_8b_DeepDive_3_R1_Prev_v1.0,2025-02-27,merge,8.03,llama3.1,
Nexesenex/Llama_3.1_8b_DobHerWild_R1_v1.1R,2025-02-27,merge,8.03,llama3.1,
Nexesenex/Llama_3.1_8b_DoberWild_v2.01,2025-02-27,merge,8.031,llama3.1,
Nexesenex/Llama_3.1_8b_DoberWild_v2.02,2025-02-28,merge,8.03,llama3.1,
Nexesenex/Llama_3.1_8b_DoberWild_v2.03,2025-02-28,merge,8.03,llama3.1,
Nexesenex/Llama_3.1_8b_DodoWild_v2.01,2025-02-27,merge,8.031,llama3.1,
Nexesenex/Llama_3.1_8b_DodoWild_v2.02,2025-02-28,merge,8.03,llama3.1,
Nexesenex/Llama_3.1_8b_DodoWild_v2.03,2025-02-28,merge,8.03,llama3.1,
Nexesenex/Llama_3.1_8b_DodoWild_v2.10,2025-03-01,merge,8.03,llama3.1,
Nexesenex/Llama_3.1_8b_Dolermed_R1_V1.01,2025-02-28,merge,8.03,llama3.1,
Nexesenex/Llama_3.1_8b_Dolermed_R1_V1.03,2025-02-28,merge,8.03,llama3.1,
Nexesenex/Llama_3.1_8b_Dolermed_V1.01,2025-02-28,merge,8.031,llama3.1,
Nexesenex/Llama_3.1_8b_Dolerstormed_V1.04,2025-03-01,merge,8.03,llama3.1,
Nexesenex/Llama_3.1_8b_Hermedash_R1_V1.04,2025-02-28,merge,8.03,llama3.1,
Nexesenex/Llama_3.1_8b_Hermedive_R1_V1.01,2025-02-28,merge,8.03,llama3.1,
Nexesenex/Llama_3.1_8b_Hermedive_R1_V1.03,2025-02-28,merge,8.03,llama3.1,
Nexesenex/Llama_3.1_8b_Hermedive_V1.01,2025-02-28,merge,8.031,llama3.1,
Nexesenex/Llama_3.1_8b_Mediver_V1.01,2025-02-27,merge,8.031,llama3.1,
Nexesenex/Llama_3.1_8b_Medusa_v1.01,2025-02-27,merge,8.031,llama3.1,
Nexesenex/Llama_3.1_8b_Smarteaz_0.2_R1,2025-02-27,merge,8.03,llama3.1,
Nexesenex/Llama_3.1_8b_Smarteaz_V1.01,2025-02-27,merge,8.03,llama3.1,
Nexesenex/Llama_3.1_8b_Stormeder_v1.04,2025-02-28,merge,8.03,llama3.1,
Nexesenex/Llama_3.1_8b_Typhoon_v1.03,2025-02-28,merge,8.03,llama3.1,
Nexesenex/Llama_3.2_1b_AquaSyn_0.1,2025-02-22,merge,1.498,llama3.2,
Nexesenex/Llama_3.2_1b_AquaSyn_0.11,2025-02-26,merge,1.498,,license_unverified;
Nexesenex/Llama_3.2_1b_Dolto_0.1,2025-02-22,merge,1.498,llama3.2,
Nexesenex/Llama_3.2_1b_Odyssea_V1,2025-02-22,merge,1.498,llama3.2,
Nexesenex/Llama_3.2_1b_Odyssea_V1.01,2025-02-26,merge,1.498,,license_unverified;
Nexesenex/Llama_3.2_1b_OpenTree_R1_0.1,2025-02-22,merge,1.498,llama3.2,
Nexesenex/Llama_3.2_1b_OrcaSun_V1,2025-03-06,merge,1.498,llama3.2,
Nexesenex/Llama_3.2_1b_RandomLego_RP_R1_0.1,2025-02-22,merge,1.498,llama3.2,
Nexesenex/Llama_3.2_1b_SunOrca_V1,2025-03-06,merge,1.498,llama3.2,
Nexesenex/Llama_3.2_1b_Sydonia_0.1,2025-02-22,merge,1.498,llama3.2,
Nexesenex/Llama_3.2_1b_Syneridol_0.2,2025-02-22,merge,1.498,llama3.2,
Nexesenex/Llama_3.2_1b_Synopsys_0.1,2025-02-22,merge,1.498,llama3.2,
Nexesenex/Llama_3.2_1b_Synopsys_0.11,2025-02-26,merge,1.498,,license_unverified;
Nexesenex/Llama_3.2_3b_Kermes_v1,2025-02-13,merge,3.213,llama3.2,
Nexesenex/Llama_3.2_3b_Kermes_v2,2025-02-12,merge,3.213,llama3.2,
Nexesenex/Llama_3.2_3b_Kermes_v2.1,2025-02-13,merge,3.213,llama3.2,
Nexesenex/Nemotron_W_4b_Halo_0.1,2025-02-21,merge,4.513,,license_unverified;
Nexesenex/Nemotron_W_4b_MagLight_0.1,2025-02-21,merge,4.513,,license_unverified;
Nexesenex/Qwen_2.5_3b_Smarteaz_0.01a,2025-02-27,merge,3.085,,license_unverified;
Nexesenex/pankajmathur_orca_mini_v9_6_1B-instruct-Abliterated-LPL,2025-03-05,merge,1.236,llama3.2,
Nexusflow/NexusRaven-V2-13B,2024-06-12,chat_finetuned,13.0,other,license_unverified;
NikolaSigmoid/AceMath-1.5B-Instruct-1epoch,2025-03-06,chat_finetuned,1.791,,license_unverified;
NikolaSigmoid/AceMath-1.5B-Instruct-dolphin-r1-200,2025-03-06,chat_finetuned,0.928,apache-2.0,
NikolaSigmoid/DeepSeek-R1-Distill-Qwen-1.5B-500,2025-03-04,chat_finetuned,1.157,apache-2.0,
NikolaSigmoid/acemath-200,2025-03-04,chat_finetuned,1.791,apache-2.0,
NikolaSigmoid/phi-4-14b,2025-02-28,chat_finetuned,14.704,apache-2.0,
NikolaSigmoid/phi-4-1steps,2025-03-06,chat_finetuned,14.704,apache-2.0,
NikolaSigmoid/phi-4-300steps,2025-03-07,chat_finetuned,14.704,apache-2.0,
Nitral-AI/Captain-Eris-BMO_Violent-GRPO-v0.420,2025-02-23,merge,12.248,other,license_unverified;
Nitral-AI/Captain-Eris_BMO-Violent-12B,2025-02-23,merge,12.248,other,license_unverified;
Nitral-AI/Captain-Eris_Violet-GRPO-v0.420,2025-02-17,chat_finetuned,12.248,other,license_unverified;
Nitral-AI/Captain-Eris_Violet-V0.420-12B,2025-01-04,merge,12.248,other,license_unverified;
Nitral-AI/Captain_BMO-12B,2025-01-04,chat_finetuned,12.248,other,license_unverified;
Nitral-AI/Hathor_Stable-v0.2-L3-8B,2024-07-02,chat_finetuned,8.03,other,license_unverified;
Nitral-AI/Hathor_Tahsin-L3-8B-v0.85,2025-01-26,chat_finetuned,8.03,other,license_unverified;
Nitral-AI/Nera_Noctis-12B,2025-01-26,chat_finetuned,12.248,other,license_unverified;
Nohobby/MS-Schisandra-22B-v0.1,2024-10-30,merge,22.247,other,license_unverified;
Nohobby/MS-Schisandra-22B-v0.2,2024-11-02,merge,22.247,other,license_unverified;
Norquinal/Alpha,2024-11-30,chat_finetuned,8.03,,license_unverified;
Norquinal/Bravo,2024-11-30,chat_finetuned,8.03,,license_unverified;
Norquinal/Charlie,2024-11-30,chat_finetuned,8.03,,license_unverified;
Norquinal/Delta,2024-11-30,chat_finetuned,8.03,,license_unverified;
Norquinal/Echo,2024-11-30,chat_finetuned,8.03,,license_unverified;
Norquinal/Foxtrot,2024-11-30,chat_finetuned,8.03,,license_unverified;
Norquinal/Golf,2024-11-30,chat_finetuned,8.03,,license_unverified;
Norquinal/Hotel,2024-11-30,chat_finetuned,8.03,,license_unverified;
NotASI/FineTome-Llama3.2-1B-0929,2024-10-04,chat_finetuned,1.236,llama3.2,
NotASI/FineTome-Llama3.2-3B-1002,2024-10-05,chat_finetuned,3.0,llama3.2,
NotASI/FineTome-v1.5-Llama3.2-1B-1007,2024-10-07,chat_finetuned,1.236,llama3.2,
NotASI/FineTome-v1.5-Llama3.2-3B-1007,2024-10-07,chat_finetuned,3.213,llama3.2,
NousResearch/DeepHermes-3-Mistral-24B-Preview,2025-03-13,chat_finetuned,23.572,apache-2.0,
NousResearch/Hermes-2-Pro-Llama-3-8B,2024-06-13,chat_finetuned,8.031,llama3,
NousResearch/Hermes-2-Pro-Mistral-7B,2024-06-12,chat_finetuned,7.242,apache-2.0,
NousResearch/Hermes-2-Theta-Llama-3-8B,2024-07-11,chat_finetuned,8.03,apache-2.0,
NousResearch/Hermes-3-Llama-3.1-70B,2024-08-28,chat_finetuned,70.554,llama3,
NousResearch/Hermes-3-Llama-3.1-8B,2024-08-28,chat_finetuned,8.03,llama3,
NousResearch/Hermes-3-Llama-3.2-3B,2024-12-20,chat_finetuned,3.213,llama3,
NousResearch/Nous-Hermes-2-Mistral-7B-DPO,2024-06-12,chat_finetuned,7.242,apache-2.0,
NousResearch/Nous-Hermes-2-Mixtral-8x7B-DPO,2024-07-27,chat_finetuned,46.703,apache-2.0,
NousResearch/Nous-Hermes-2-Mixtral-8x7B-SFT,2024-06-12,chat_finetuned,46.703,apache-2.0,
NousResearch/Nous-Hermes-2-SOLAR-10.7B,2024-06-12,chat_finetuned,10.732,apache-2.0,
NousResearch/Nous-Hermes-llama-2-7b,2024-06-12,chat_finetuned,6.738,mit,
NousResearch/Yarn-Llama-2-13b-128k,2024-06-13,continued,13.0,,license_unverified;
NousResearch/Yarn-Llama-2-7b-128k,2024-06-13,continued,7.0,,license_unverified;
NousResearch/Yarn-Llama-2-7b-64k,2024-06-13,continued,7.0,,license_unverified;
NousResearch/Yarn-Mistral-7b-128k,2024-06-12,continued,7.0,apache-2.0,
NousResearch/Yarn-Mistral-7b-64k,2024-06-12,continued,7.0,apache-2.0,
NousResearch/Yarn-Solar-10b-32k,2024-06-12,continued,10.0,apache-2.0,
NousResearch/Yarn-Solar-10b-64k,2024-06-12,continued,10.0,apache-2.0,
Novaciano/ASTAROTH-3.2-1B,2025-03-10,merge,1.498,,license_unverified;
Novaciano/BLAST_PROCESSING-3.2-1B,2025-03-09,merge,1.498,,license_unverified;
Novaciano/Cerberus-3.2-1B,2025-03-10,merge,1.236,,license_unverified;
Novaciano/Cultist-3.2-1B,2025-03-10,merge,1.498,,license_unverified;
Novaciano/FuseChat-3.2-1B-GRPO_Creative_RP,2025-03-10,merge,1.236,,license_unverified;
Novaciano/Fusetrix-3.2-1B-GRPO_RP_Creative,2025-03-10,merge,1.236,,license_unverified;
Novaciano/Fusetrix-Dolphin-3.2-1B-GRPO_Creative_RP,2025-03-10,merge,1.236,,license_unverified;
Novaciano/HarmfulProject-3.2-1B,2025-03-09,merge,1.498,,license_unverified;
Novaciano/LEWD-Mental-Cultist-3.2-1B,2025-03-10,merge,1.498,,license_unverified;
Novaciano/La_Mejor_Mezcla-3.2-1B,2025-03-10,merge,1.498,apache-2.0,
Novaciano/Sigil-Of-Satan-3.2-1B,2025-03-10,merge,1.498,,license_unverified;
NucleusAI/nucleus-22B-token-500B,2024-06-26,pretrained,21.828,mit,
NyxKrage/Microsoft_Phi-4,2024-12-21,chat_finetuned,14.66,other,license_unverified;
OEvortex/Emotional-llama-8B,2024-12-29,merge,8.03,llama3,
OEvortex/HelpingAI-15B,2024-07-13,pretrained,15.323,other,license_unverified;
OEvortex/HelpingAI-3B-reloaded,2024-10-31,continued,2.81,other,license_unverified;
OEvortex/HelpingAI2-9B,2024-10-11,pretrained,8.903,other,license_unverified;
OEvortex/HelpingAI2.5-10B,2024-11-19,continued,10.211,other,license_unverified;
OliveiraJLT/Sagui-7B-Instruct-v0.1,2024-07-18,chat_finetuned,6.738,other,license_unverified;
Omkar1102/code-yi,2024-11-16,merge,2.084,,license_unverified;
Omkar1102/code-yi,2024-11-16,chat_finetuned,2.084,,license_unverified;
OmnicromsBrain/NeuralStar_FusionWriter_4x7b,2024-07-01,merge,24.154,apache-2.0,
OnlyCheeini/greesychat-turbo,2024-12-18,chat_finetuned,8.03,apache-2.0,
Open-Orca/Mistral-7B-OpenOrca,2024-06-12,chat_finetuned,7.0,apache-2.0,
OpenAssistant/oasst-sft-1-pythia-12b,2024-06-12,chat_finetuned,12.0,apache-2.0,
OpenBuddy/openbuddy-falcon3-10b-v24.2-131k,2025-01-02,chat_finetuned,10.34,,license_unverified;
OpenBuddy/openbuddy-llama3-70b-v21.2-32k,2024-09-05,chat_finetuned,70.554,other,license_unverified;
OpenBuddy/openbuddy-llama3-8b-v21.1-8k,2024-08-03,chat_finetuned,8.03,other,license_unverified;
OpenBuddy/openbuddy-llama3-8b-v21.2-32k,2024-06-26,chat_finetuned,8.03,other,license_unverified;
OpenBuddy/openbuddy-llama3.1-70b-v22.1-131k,2024-08-24,chat_finetuned,70.554,other,license_unverified;
OpenBuddy/openbuddy-llama3.1-8b-v22.2-131k,2024-07-29,chat_finetuned,8.03,other,license_unverified;
OpenBuddy/openbuddy-llama3.1-8b-v22.3-131k,2024-08-24,chat_finetuned,8.03,other,license_unverified;
OpenBuddy/openbuddy-llama3.2-1b-v23.1-131k,2024-10-09,chat_finetuned,1.498,llama3.2,
OpenBuddy/openbuddy-llama3.2-3b-v23.2-131k,2024-10-15,chat_finetuned,3.607,llama3.2,
OpenBuddy/openbuddy-llama3.3-70b-v24.1-131k,2024-12-08,chat_finetuned,70.554,llama3.3,
OpenBuddy/openbuddy-mixtral-7bx8-v18.1-32k,2024-06-26,chat_finetuned,46.741,apache-2.0,
OpenBuddy/openbuddy-nemotron-70b-v23.1-131k,2024-10-23,chat_finetuned,70.554,llama3.1,
OpenBuddy/openbuddy-nemotron-70b-v23.2-131k,2024-10-24,chat_finetuned,70.554,llama3.1,
OpenBuddy/openbuddy-qwen2.5llamaify-14b-v23.1-200k,2024-09-23,chat_finetuned,14.77,apache-2.0,
OpenBuddy/openbuddy-qwen2.5llamaify-14b-v23.3-200k,2024-10-11,chat_finetuned,14.77,apache-2.0,
OpenBuddy/openbuddy-qwen2.5llamaify-7b-v23.1-200k,2024-10-10,chat_finetuned,7.615,apache-2.0,
OpenBuddy/openbuddy-qwq-32b-v24.1-200k,2024-12-22,chat_finetuned,32.764,apache-2.0,
OpenBuddy/openbuddy-qwq-32b-v24.2-200k,2024-12-30,chat_finetuned,32.764,apache-2.0,
OpenBuddy/openbuddy-yi1.5-34b-v21.3-32k,2024-08-30,chat_finetuned,34.407,apache-2.0,
OpenBuddy/openbuddy-zero-14b-v22.3-32k,2024-07-29,chat_finetuned,14.022,other,license_unverified;
OpenBuddy/openbuddy-zero-3b-v21.2-32k,2024-06-26,chat_finetuned,4.769,other,license_unverified;
OpenBuddy/openbuddy-zero-56b-v21.2-32k,2024-06-26,merge,56.707,other,license_unverified;
OpenGenerativeAI/Bifrost,2025-03-07,chat_finetuned,14.66,apache-2.0,
OpenGenerativeAI/Bifrost-14B,2025-03-07,chat_finetuned,14.66,apache-2.0,
OpenLLM-France/Lucie-7B,2025-01-14,pretrained,6.707,apache-2.0,
OpenLLM-France/Lucie-7B-Instruct,2025-01-14,chat_finetuned,6.707,,license_unverified;
OpenLLM-France/Lucie-7B-Instruct-human-data,2025-01-14,chat_finetuned,6.707,apache-2.0,
OpenLLM-France/Lucie-7B-Instruct-v1.1,2025-02-25,chat_finetuned,6.707,apache-2.0,
OpenLeecher/llama3-8b-lima,2024-10-01,chat_finetuned,8.03,,license_unverified;
OpenScholar/Llama-3.1_OpenScholar-8B,2024-12-03,chat_finetuned,8.0,apache-2.0,
Orenguteng/Llama-3.1-8B-Lexi-Uncensored,2024-07-29,chat_finetuned,8.03,llama3.1,
Orenguteng/Llama-3.1-8B-Lexi-Uncensored-V2,2024-08-28,chat_finetuned,8.03,llama3.1,
Orion-zhen/Qwen2.5-7B-Instruct-Uncensored,2024-10-19,chat_finetuned,7.616,gpl-3.0,
Orion-zhen/phi-4-abliterated,2024-12-20,chat_finetuned,14.66,gpl-3.0,
P0x0/Astra-v1-12B,2024-09-23,chat_finetuned,12.248,apache-2.0,
PJMixers/LLaMa-3-CursedStock-v2.0-8B,2024-06-27,merge,8.03,llama3,
PJMixers-Dev/L3.2-Instruct-Thinking-v0.1-1B,2025-01-11,chat_finetuned,1.236,,license_unverified;
PJMixers-Dev/LLaMa-3.1-Instruct-Interleaved-Zeroed-13B,2024-12-18,chat_finetuned,13.047,llama3.1,
PJMixers-Dev/LLaMa-3.1-RomboTiesTest-8B,2024-12-20,merge,4.015,,license_unverified;
PJMixers-Dev/LLaMa-3.1-RomboTiesTest2-8B,2024-12-21,merge,4.015,,license_unverified;
PJMixers-Dev/LLaMa-3.2-Instruct-JankMix-v0.1-SFT-3B,2024-10-12,chat_finetuned,3.213,llama3.2,
PJMixers-Dev/LLaMa-3.2-Instruct-JankMix-v0.2-SFT-3B,2024-10-14,chat_finetuned,3.213,llama3.2,
PJMixers-Dev/LLaMa-3.2-Instruct-JankMix-v0.2-SFT-HailMary-v0.1-KTO-3B,2024-10-28,chat_finetuned,3.213,llama3.2,
PJMixers-Dev/LLaMa-3.2-Instruct-JankMixBread-v0.1-3B,2024-10-12,merge,3.213,llama3.2,
PJMixers-Dev/Qwen2.5-RomboTiesTest-7B,2024-12-21,merge,3.808,,license_unverified;
Parissa3/test-model,2024-11-16,merge,7.242,,license_unverified;
Pinkstack/PARM-V1.5-base-QwQ-Qwen-2.5-o1-3B,2025-01-16,chat_finetuned,3.086,apache-2.0,
Pinkstack/SuperThoughts-CoT-14B-16k-o1-QwQ,2025-01-16,chat_finetuned,14.66,mit,
Pinkstack/Superthoughts-lite-1.8B-experimental-o1,2025-01-31,continued,1.812,apache-2.0,
Pinkstack/Superthoughts-lite-v1,2025-02-13,chat_finetuned,1.711,apache-2.0,
PocketDoc/Dans-Instruct-CoreCurriculum-12b,2024-09-01,chat_finetuned,12.0,,license_unverified;
PocketDoc/Dans-PersonalityEngine-V1.1.0-12b,2024-12-19,chat_finetuned,12.248,apache-2.0,
PocketDoc/Dans-PersonalityEngine-V1.2.0-24b,2025-02-19,chat_finetuned,23.572,apache-2.0,
PocketDoc/Dans-PersonalityEngine-v1.0.0-8b,2024-10-08,chat_finetuned,8.03,apache-2.0,
PocketDoc/Dans-SakuraKaze-V1.0.0-12b,2025-02-28,chat_finetuned,12.248,apache-2.0,
PowerInfer/SmallThinker-3B-Preview,2025-01-07,chat_finetuned,3.397,,license_unverified;
PranavHarshan/LaMistral-V4,2024-10-05,chat_finetuned,8.03,apache-2.0,
PranavHarshan/MedNarra-X1,2024-10-09,chat_finetuned,8.03,,license_unverified;
Pretergeek/OpenChat-3.5-0106_10.7B_48Layers-Appended,2024-07-31,merge,10.732,apache-2.0,
Pretergeek/OpenChat-3.5-0106_10.7B_48Layers-Interleaved,2024-08-16,chat_finetuned,10.732,apache-2.0,
Pretergeek/OpenChat-3.5-0106_32K-PoSE,2024-11-02,chat_finetuned,7.242,apache-2.0,
Pretergeek/OpenChat-3.5-0106_8.11B_36Layers-Appended,2024-07-27,merge,8.114,apache-2.0,
Pretergeek/OpenChat-3.5-0106_8.11B_36Layers-Interleaved,2024-08-16,chat_finetuned,8.114,apache-2.0,
Pretergeek/OpenChat-3.5-0106_8.99B_40Layers-Appended,2024-07-27,merge,8.987,apache-2.0,
Pretergeek/OpenChat-3.5-0106_8.99B_40Layers-Interleaved,2024-08-16,chat_finetuned,8.987,apache-2.0,
Pretergeek/OpenChat-3.5-0106_9.86B_44Layers-Appended,2024-07-27,merge,9.859,apache-2.0,
Pretergeek/openchat-3.5-0106_Rebased_Mistral-7B-v0.2,2024-07-21,chat_finetuned,7.242,apache-2.0,
PrimeIntellect/INTELLECT-1,2024-11-29,pretrained,10.211,apache-2.0,
PrimeIntellect/INTELLECT-1,2024-12-03,pretrained,10.211,apache-2.0,
PrimeIntellect/INTELLECT-1-Instruct,2024-11-29,chat_finetuned,10.211,apache-2.0,
PuxAI/LUA_model,2024-12-18,chat_finetuned,7.386,,license_unverified;
PygmalionAI/pygmalion-6b,2024-06-12,chat_finetuned,6.0,creativeml-openrail-m,
Q-bert/MetaMath-1B,2024-09-30,chat_finetuned,1.236,,license_unverified;
Quazim0t0/1up-14b,2025-02-27,merge,14.66,,license_unverified;
Quazim0t0/Adamant-14B-sce,2025-02-04,merge,14.66,,license_unverified;
Quazim0t0/Alice-14B,2025-03-10,merge,14.66,,license_unverified;
Quazim0t0/Alien-CoT-14B-sce,2025-02-03,merge,14.66,,license_unverified;
Quazim0t0/Aura-8B-Linear,2025-02-07,merge,8.03,,license_unverified;
Quazim0t0/Casa-14b-sce,2025-02-06,chat_finetuned,14.66,,license_unverified;
Quazim0t0/Casa-14b-sce,2025-02-06,merge,14.66,,license_unverified;
Quazim0t0/Charlie-8B-Linear,2025-02-08,merge,8.03,,license_unverified;
Quazim0t0/Chromatic-8b-sce,2025-02-06,merge,8.03,,license_unverified;
Quazim0t0/CoT_Phi,2025-02-27,merge,14.66,,license_unverified;
Quazim0t0/Dyson-14b,2025-03-09,merge,14.66,,license_unverified;
Quazim0t0/Edu-14B-Linear,2025-02-27,merge,14.66,,license_unverified;
Quazim0t0/Fugazi14b,2025-02-27,merge,14.66,,license_unverified;
Quazim0t0/GZA-14B-sce,2025-01-31,merge,14.66,,license_unverified;
Quazim0t0/Geedorah-14B,2025-03-13,merge,14.66,,license_unverified;
Quazim0t0/GivingTree-8b-sce,2025-02-06,merge,8.03,,license_unverified;
Quazim0t0/GuiltySpark-14B-ties,2025-02-06,merge,14.66,,license_unverified;
Quazim0t0/Halo-14B-sce,2025-02-04,merge,14.66,,license_unverified;
Quazim0t0/Heretic1.5b,2025-02-27,merge,1.73,,license_unverified;
Quazim0t0/Hyde-14b-sce,2025-02-07,merge,14.66,,license_unverified;
Quazim0t0/Imagine-v0.5-16bit,2025-03-09,chat_finetuned,14.66,apache-2.0,
Quazim0t0/Imbue-14b,2025-03-09,merge,14.66,,license_unverified;
Quazim0t0/Insom,2025-02-27,merge,14.66,,license_unverified;
Quazim0t0/InspectorDeck-14B-sce,2025-02-05,merge,14.66,,license_unverified;
Quazim0t0/Jekyl-8b-sce,2025-02-06,merge,8.03,,license_unverified;
Quazim0t0/Jigsaw-14B-Linear,2025-02-27,merge,14.66,,license_unverified;
Quazim0t0/Katana-8b-sce,2025-02-06,merge,8.03,,license_unverified;
Quazim0t0/Knot-CoT-14B-sce,2025-02-03,merge,14.66,,license_unverified;
Quazim0t0/Lineage-14B,2025-03-13,merge,14.66,,license_unverified;
Quazim0t0/Lo-Phi-14b,2025-03-09,merge,14.66,,license_unverified;
Quazim0t0/Loke-14B-sce,2025-02-04,merge,14.66,,license_unverified;
Quazim0t0/MFDOOM-14B,2025-03-09,merge,14.66,,license_unverified;
Quazim0t0/MFGRIMM-14B,2025-03-09,merge,14.66,,license_unverified;
Quazim0t0/Math_Phi4_Reason,2025-02-27,merge,14.66,,license_unverified;
Quazim0t0/Mithril-14B-sce,2025-02-04,merge,14.66,,license_unverified;
Quazim0t0/Mononoke-14B-sce,2025-02-03,merge,14.66,,license_unverified;
Quazim0t0/Motion-8B-Linear,2025-02-08,merge,8.03,,license_unverified;
Quazim0t0/Mouse-9B,2025-03-13,merge,9.207,,license_unverified;
Quazim0t0/Nova-14b-sce,2025-02-06,chat_finetuned,14.66,,license_unverified;
Quazim0t0/NovaScotia-14b-stock,2025-02-05,merge,14.66,,license_unverified;
Quazim0t0/ODB-14B-sce,,other,0.0,,license_unverified;missing_submission_date;invalid_N;
Quazim0t0/ODB-14b-sce,2025-02-06,merge,14.66,,license_unverified;
Quazim0t0/Oasis-14B-ties,2025-02-06,merge,14.66,,license_unverified;
Quazim0t0/Origami-14B-sce,2025-02-03,merge,14.66,,license_unverified;
Quazim0t0/Phi4.Turn.R1Distill.16bit,2025-01-30,chat_finetuned,14.66,apache-2.0,
Quazim0t0/Phi4.Turn.R1Distill_v1.5.1-Tensors,2025-01-31,chat_finetuned,14.66,apache-2.0,
Quazim0t0/Phi4Basis-14B-sce,2025-02-03,merge,14.66,,license_unverified;
Quazim0t0/Ponder-14B-linear,2025-02-06,merge,14.66,,license_unverified;
Quazim0t0/RZA-14B-sce,2025-01-31,merge,14.66,,license_unverified;
Quazim0t0/Rosemary-14b,2025-03-01,merge,14.66,,license_unverified;
Quazim0t0/Rune-14b,2025-03-01,merge,14.66,,license_unverified;
Quazim0t0/SZA-14B-sce,2025-02-05,merge,14.66,,license_unverified;
Quazim0t0/Sake-20b,2025-03-13,merge,21.475,,license_unverified;
Quazim0t0/Spok-14b-sce,2025-02-07,merge,14.66,,license_unverified;
Quazim0t0/Sumatra-20b,2025-02-06,merge,21.475,,license_unverified;
Quazim0t0/SuperNova14b,2025-02-27,merge,14.66,,license_unverified;
Quazim0t0/TB0-8B-sce,2025-02-07,merge,8.03,,license_unverified;
Quazim0t0/TBL-8B-sce,2025-02-07,merge,8.03,,license_unverified;
Quazim0t0/ThinkPhi1.1-Tensors,2025-01-30,chat_finetuned,14.66,apache-2.0,
Quazim0t0/Venti-20b,2025-02-05,merge,21.475,,license_unverified;
Quazim0t0/Venti-Blend-sce,2025-02-05,merge,21.475,,license_unverified;
Quazim0t0/Vine-14b-sce,2025-02-06,merge,14.66,,license_unverified;
Quazim0t0/Wendy-14B,2025-03-10,merge,14.66,,license_unverified;
Quazim0t0/Wu-14b-sce,2025-02-07,merge,14.66,,license_unverified;
Quazim0t0/bloom-14b-stock,2025-02-05,merge,14.66,,license_unverified;
Quazim0t0/caramel-14B,2025-03-13,merge,14.66,,license_unverified;
Quazim0t0/graphite-14b-sce,2025-02-05,merge,14.66,,license_unverified;
Quazim0t0/mocha-14B,2025-03-13,merge,14.66,,license_unverified;
Quazim0t0/mosaic-14b-sce,2025-02-05,merge,14.66,,license_unverified;
Quazim0t0/tesseract-14b-stock,2025-02-05,merge,14.66,,license_unverified;
Quazim0t0/time-14b-stock,2025-02-05,merge,14.66,,license_unverified;
Qwen/QwQ-32B,2025-03-11,chat_finetuned,32.764,apache-2.0,
Qwen/QwQ-32B-Preview,2024-11-29,chat_finetuned,32.764,apache-2.0,
Qwen/Qwen1.5-0.5B,2024-06-13,pretrained,0.62,other,license_unverified;
Qwen/Qwen1.5-0.5B-Chat,2024-06-12,chat_finetuned,0.62,other,license_unverified;
Qwen/Qwen1.5-1.8B,2024-06-13,pretrained,1.837,other,license_unverified;
Qwen/Qwen1.5-1.8B-Chat,2024-06-12,chat_finetuned,1.837,other,license_unverified;
Qwen/Qwen1.5-110B,2024-06-13,pretrained,111.21,other,license_unverified;
Qwen/Qwen1.5-110B-Chat,2024-06-12,chat_finetuned,111.21,other,license_unverified;
Qwen/Qwen1.5-14B,2024-06-13,pretrained,14.167,other,license_unverified;
Qwen/Qwen1.5-14B-Chat,2024-06-12,chat_finetuned,14.167,other,license_unverified;
Qwen/Qwen1.5-32B,2024-06-13,pretrained,32.512,other,license_unverified;
Qwen/Qwen1.5-32B-Chat,2024-06-12,chat_finetuned,32.512,other,license_unverified;
Qwen/Qwen1.5-4B,2024-06-13,pretrained,3.95,other,license_unverified;
Qwen/Qwen1.5-4B-Chat,2024-06-12,chat_finetuned,3.95,other,license_unverified;
Qwen/Qwen1.5-7B,2024-06-09,pretrained,7.721,other,license_unverified;
Qwen/Qwen1.5-7B-Chat,2024-06-12,chat_finetuned,7.721,other,license_unverified;
Qwen/Qwen1.5-MoE-A2.7B,2024-06-13,pretrained,14.316,other,license_unverified;
Qwen/Qwen1.5-MoE-A2.7B-Chat,2024-06-12,chat_finetuned,14.316,other,license_unverified;
Qwen/Qwen2-0.5B,2024-11-30,pretrained,0.494,apache-2.0,
Qwen/Qwen2-0.5B-Instruct,2024-06-12,chat_finetuned,0.494,apache-2.0,
Qwen/Qwen2-1.5B,2024-06-09,pretrained,1.544,apache-2.0,
Qwen/Qwen2-1.5B-Instruct,2024-06-12,chat_finetuned,1.544,apache-2.0,
Qwen/Qwen2-57B-A14B,2024-06-13,pretrained,57.409,apache-2.0,
Qwen/Qwen2-57B-A14B-Instruct,2024-08-14,chat_finetuned,57.409,apache-2.0,
Qwen/Qwen2-72B,2024-06-26,pretrained,72.706,other,license_unverified;
Qwen/Qwen2-72B-Instruct,2024-06-26,chat_finetuned,72.706,other,license_unverified;
Qwen/Qwen2-7B,2024-06-09,pretrained,7.616,apache-2.0,
Qwen/Qwen2-7B-Instruct,2024-06-12,chat_finetuned,7.616,apache-2.0,
Qwen/Qwen2-Math-72B-Instruct,2024-08-19,chat_finetuned,72.706,other,license_unverified;
Qwen/Qwen2-Math-7B,2024-08-19,chat_finetuned,7.616,apache-2.0,
Qwen/Qwen2-VL-72B-Instruct,2024-10-20,other,73.406,other,license_unverified;
Qwen/Qwen2-VL-7B-Instruct,2024-10-20,other,8.291,apache-2.0,
Qwen/Qwen2.5-0.5B,2024-09-19,pretrained,0.5,apache-2.0,
Qwen/Qwen2.5-0.5B-Instruct,2024-09-19,chat_finetuned,0.5,apache-2.0,
Qwen/Qwen2.5-0.5B-Instruct,2024-10-16,chat_finetuned,0.494,apache-2.0,
Qwen/Qwen2.5-1.5B,2024-09-19,pretrained,1.5,apache-2.0,
Qwen/Qwen2.5-1.5B-Instruct,2024-09-19,chat_finetuned,1.5,apache-2.0,
Qwen/Qwen2.5-14B,2024-09-19,pretrained,14.77,apache-2.0,
Qwen/Qwen2.5-14B-Instruct,2024-09-18,chat_finetuned,14.77,apache-2.0,
Qwen/Qwen2.5-14B-Instruct-1M,2025-01-26,chat_finetuned,14.77,apache-2.0,
Qwen/Qwen2.5-32B,2024-09-19,pretrained,32.764,apache-2.0,
Qwen/Qwen2.5-32B-Instruct,2024-09-19,chat_finetuned,32.764,apache-2.0,
Qwen/Qwen2.5-3B,2024-09-27,pretrained,3.086,other,license_unverified;
Qwen/Qwen2.5-3B-Instruct,2024-09-19,chat_finetuned,3.0,other,license_unverified;
Qwen/Qwen2.5-72B,2024-09-19,pretrained,72.706,other,license_unverified;
Qwen/Qwen2.5-72B-Instruct,2024-10-16,chat_finetuned,72.706,other,license_unverified;
Qwen/Qwen2.5-7B,2024-09-19,pretrained,7.616,apache-2.0,
Qwen/Qwen2.5-7B-Instruct,2024-09-18,chat_finetuned,7.616,apache-2.0,
Qwen/Qwen2.5-7B-Instruct-1M,2025-01-26,chat_finetuned,7.616,apache-2.0,
Qwen/Qwen2.5-Coder-14B,2024-11-12,pretrained,14.77,apache-2.0,
Qwen/Qwen2.5-Coder-14B-Instruct,2024-11-12,chat_finetuned,14.77,apache-2.0,
Qwen/Qwen2.5-Coder-32B,2024-12-10,pretrained,32.764,apache-2.0,
Qwen/Qwen2.5-Coder-32B-Instruct,2024-12-10,chat_finetuned,32.764,apache-2.0,
Qwen/Qwen2.5-Coder-7B,2024-09-21,pretrained,7.616,apache-2.0,
Qwen/Qwen2.5-Coder-7B-Instruct,2024-11-07,chat_finetuned,7.616,apache-2.0,
Qwen/Qwen2.5-Coder-7B-Instruct,2024-11-07,chat_finetuned,7.616,apache-2.0,
Qwen/Qwen2.5-Math-1.5B-Instruct,2025-03-06,chat_finetuned,1.544,apache-2.0,
Qwen/Qwen2.5-Math-72B-Instruct,2024-09-29,chat_finetuned,72.706,other,license_unverified;
Qwen/Qwen2.5-Math-7B,2024-09-21,continued,7.616,apache-2.0,
Qwen/Qwen2.5-Math-7B-Instruct,2024-09-19,chat_finetuned,7.0,apache-2.0,
RDson/WomboCombo-R1-Coder-14B-Preview,2025-02-06,merge,14.77,,license_unverified;
RESMPDEV/EVA-Qwen2.5-1.5B-FRFR,2025-01-14,chat_finetuned,1.544,apache-2.0,
RESMPDEV/Qwen2-Wukong-0.5B,2024-06-30,chat_finetuned,0.63,apache-2.0,
RLHFlow/ArmoRM-Llama3-8B-v0.1,2024-10-08,chat_finetuned,7.511,llama3,
RLHFlow/LLaMA3-iterative-DPO-final,2024-06-26,chat_finetuned,8.03,llama3,
RWKV/rwkv-raven-14b,2024-07-08,chat_finetuned,14.0,,license_unverified;
Rakuten/RakutenAI-2.0-mini-instruct,2025-02-26,chat_finetuned,1.535,apache-2.0,
Rakuten/RakutenAI-7B,2024-09-06,chat_finetuned,7.373,apache-2.0,
Rakuten/RakutenAI-7B-chat,2024-09-08,chat_finetuned,7.373,apache-2.0,
Replete-AI/L3-Pneuma-8B,2024-10-15,chat_finetuned,8.03,llama3,
Replete-AI/L3.1-Pneuma-8B,2024-11-13,chat_finetuned,8.03,llama3.1,
Replete-AI/Llama3-8B-Instruct-Replete-Adapted,2024-07-09,chat_finetuned,8.0,,license_unverified;
Replete-AI/Replete-Coder-Instruct-8b-Merged,2024-07-11,merge,8.03,,license_unverified;
Replete-AI/Replete-Coder-Llama3-8B,2024-06-26,chat_finetuned,8.03,,license_unverified;
Replete-AI/Replete-Coder-Qwen2-1.5b,2024-06-26,chat_finetuned,1.544,,license_unverified;
Replete-AI/Replete-LLM-Qwen2-7b,2024-08-13,chat_finetuned,7.616,,license_unverified;
Replete-AI/Replete-LLM-Qwen2-7b,2024-08-13,chat_finetuned,7.616,,license_unverified;
Replete-AI/Replete-LLM-Qwen2-7b_Beta-Preview,2024-07-26,chat_finetuned,7.616,,license_unverified;
Replete-AI/Replete-LLM-V2-Llama-3.1-8b,2024-08-30,chat_finetuned,8.03,,license_unverified;
RezVortex/JAJUKA-WEWILLNEVERFORGETYOU-3B,2025-02-26,merge,3.213,,license_unverified;
RezVortex/Jajuka-3b,2025-02-26,merge,3.213,,license_unverified;
Ro-xe/FMixIA-7B-DARE-0,2024-12-13,merge,7.242,apache-2.0,
Ro-xe/FMixIA-7B-SLERP-27,2024-12-12,merge,7.242,apache-2.0,
Ro-xe/FMixIA-7B-TIES-1,2024-12-13,merge,7.242,apache-2.0,
Ro-xe/FMixIA-FrankenMerge-9.5B-PT-9,2024-12-13,merge,14.141,apache-2.0,
Rombo-Org/Rombo-LLM-V2.5-Qwen-7b,2025-01-13,merge,7.616,apache-2.0,
RubielLabarta/LogoS-7Bx2-MoE-13B-v0.2,2024-08-05,merge,12.879,apache-2.0,
SaisExperiments/Evil-Alpaca-3B-L3.2,2024-09-28,chat_finetuned,3.213,,license_unverified;
SaisExperiments/Gemma-2-2B-Opus-Instruct,2024-10-07,chat_finetuned,2.614,gemma,
SaisExperiments/Gemma-2-2B-Stheno-Filtered,2024-10-08,chat_finetuned,2.614,gemma,
SaisExperiments/Not-So-Small-Alpaca-24B,2025-02-07,chat_finetuned,23.572,apache-2.0,
SaisExperiments/QwOwO-7B-V1,2025-02-26,chat_finetuned,7.616,apache-2.0,
SaisExperiments/RightSheep-Llama3.2-3B,2025-01-25,chat_finetuned,3.213,llama3.2,
Sakalti/Anemoi-3B,2025-01-14,chat_finetuned,3.397,other,license_unverified;
Sakalti/Euphrates-14B,2025-01-15,merge,14.77,,license_unverified;
Sakalti/Llama3.2-3B-Uranus-1,2025-01-09,chat_finetuned,3.213,llama3.2,
Sakalti/Magro-7B-v1.1,2024-12-12,merge,7.242,mit,
Sakalti/Neptuno-3B,2025-01-08,chat_finetuned,3.397,other,license_unverified;
Sakalti/Neptuno-Alpha,2025-01-09,chat_finetuned,3.397,other,license_unverified;
Sakalti/Oxyge1-33B,2024-12-18,chat_finetuned,32.764,apache-2.0,
Sakalti/Phi3.5-Comets-3.8B,2024-12-21,merge,3.821,mit,
Sakalti/Qwen2.5-1B-Instruct,2025-01-18,chat_finetuned,0.988,apache-2.0,
Sakalti/QwenTest-7,2025-01-19,chat_finetuned,0.988,apache-2.0,
Sakalti/SJT-0.5B,2025-01-17,chat_finetuned,0.63,apache-2.0,
Sakalti/SJT-1.5B-Alpha,2025-01-19,chat_finetuned,1.777,apache-2.0,
Sakalti/SJT-1.5B-Alpha-1.1,2025-01-19,chat_finetuned,1.777,apache-2.0,
Sakalti/SJT-1.7B,2025-01-18,chat_finetuned,1.684,apache-2.0,
Sakalti/SJT-14B,2025-01-14,merge,14.766,apache-2.0,
Sakalti/SJT-2.4B,2025-01-23,chat_finetuned,2.432,,license_unverified;
Sakalti/SJT-24B-Alpha,2025-02-02,chat_finetuned,24.125,,license_unverified;
Sakalti/SJT-2B,2025-01-17,chat_finetuned,2.614,gemma,
Sakalti/SJT-2B-V1.1,2025-02-04,chat_finetuned,2.614,gemma,
Sakalti/SJT-3.7B,2025-01-21,chat_finetuned,3.783,apache-2.0,
Sakalti/SJT-4B,2025-01-14,chat_finetuned,3.821,mit,
Sakalti/SJT-7.5B,2025-02-01,chat_finetuned,7.456,,license_unverified;
Sakalti/SJT-7B-V1.1,2025-02-03,chat_finetuned,7.613,,license_unverified;
Sakalti/SJT-7B-V1.1-Multilingal,2025-02-04,chat_finetuned,7.613,,license_unverified;
Sakalti/SJT-8B,2025-02-02,chat_finetuned,8.548,,license_unverified;
Sakalti/SJT-8B-V1.1,2025-02-04,chat_finetuned,8.545,,license_unverified;
Sakalti/SJT-900M,2025-01-19,chat_finetuned,0.899,apache-2.0,
Sakalti/SJT-Moe2x7.5B,2025-02-01,chat_finetuned,13.401,apache-2.0,
Sakalti/SJTPass-2,2025-01-25,chat_finetuned,0.63,apache-2.0,
Sakalti/SJTPass-4,2025-01-25,chat_finetuned,1.167,,license_unverified;
Sakalti/SJTPass-5,2025-01-25,chat_finetuned,0.809,,license_unverified;
Sakalti/Saba-Passthrough-2,2024-12-20,merge,3.087,apache-2.0,
Sakalti/Saba1-1.8B,2024-12-14,chat_finetuned,1.777,apache-2.0,
Sakalti/Saba1-7B,2025-01-13,chat_finetuned,7.616,,license_unverified;
Sakalti/Saba1.5-1.5B,2024-12-14,chat_finetuned,1.544,apache-2.0,
Sakalti/Saba1.5-Pro-3B,2024-12-15,merge,2.9,apache-2.0,
Sakalti/Saba2-14B-Preview,2024-12-14,merge,14.77,apache-2.0,
Sakalti/Saba2-3B,2025-01-05,chat_finetuned,3.086,other,license_unverified;
Sakalti/Sailor-japanese,2024-12-22,chat_finetuned,0.494,,license_unverified;
Sakalti/Saka-1.5B,2025-02-07,chat_finetuned,1.777,,license_unverified;
Sakalti/Saka-14B,2025-02-06,chat_finetuned,14.766,,license_unverified;
Sakalti/Saka-24B,2025-02-06,chat_finetuned,23.572,,license_unverified;
Sakalti/Saka-7.2B,2025-02-06,chat_finetuned,7.292,apache-2.0,
Sakalti/Saka-7.6B,2025-02-07,chat_finetuned,7.616,,license_unverified;
Sakalti/SakaMoe-3x1.6B-Instruct,2025-02-09,chat_finetuned,1.572,apache-2.0,
Sakalti/SakalFusion-7B-Alpha,2025-01-13,chat_finetuned,7.616,,license_unverified;
Sakalti/SakalFusion-7B-Beta,2025-01-28,merge,7.613,,license_unverified;
Sakalti/Tara-3.8B-v1.1,2025-01-10,chat_finetuned,3.821,mit,
Sakalti/light-1.1-3B,2025-01-07,chat_finetuned,3.086,other,license_unverified;
Sakalti/light-3B,2025-01-06,merge,3.397,other,license_unverified;
Sakalti/light-3b-beta,2025-01-14,chat_finetuned,3.397,other,license_unverified;
Sakalti/light-7b-beta,2025-01-14,chat_finetuned,7.616,apache-2.0,
Sakalti/llama-3-yanyuedao-8b-instruct,2024-12-13,merge,8.03,llama3,
Sakalti/magro-7B,2024-12-12,chat_finetuned,7.242,mit,
Sakalti/mergekit-01,2025-02-01,chat_finetuned,7.616,,license_unverified;
Sakalti/mergekit-della_linear-vmeykci,2025-02-02,chat_finetuned,7.613,,license_unverified;
Sakalti/model-3,2025-01-10,chat_finetuned,7.616,,license_unverified;
Sakalti/qwen2.5-2.3B,2025-01-18,chat_finetuned,2.339,apache-2.0,
Sakalti/tara-3.8B,2025-01-10,chat_finetuned,3.821,mit,
Sakalti/ultiima-14B,2025-01-17,chat_finetuned,14.77,apache-2.0,
Sakalti/ultiima-14B-v0.2,2025-01-24,chat_finetuned,14.766,,license_unverified;
Sakalti/ultiima-14B-v0.3,2025-01-25,chat_finetuned,14.766,,license_unverified;
Sakalti/ultiima-14B-v0.4,2025-02-02,chat_finetuned,14.766,,license_unverified;
Sakalti/ultiima-32B,2024-12-23,merge,32.764,apache-2.0,
Sakalti/ultiima-72B,2025-01-09,chat_finetuned,72.706,other,license_unverified;
Sakalti/ultiima-72B-v1.5,2025-01-25,chat_finetuned,72.706,other,license_unverified;
Salesforce/LLaMA-3-8B-SFR-Iterative-DPO-R,2024-07-02,chat_finetuned,8.03,llama3,
SanjiWatsuki/Kunoichi-DPO-v2-7B,2024-06-28,chat_finetuned,7.242,cc-by-nc-4.0,
SanjiWatsuki/Silicon-Maid-7B,2024-09-08,merge,7.242,cc-by-4.0,
Sao10K/70B-L3.3-Cirrus-x1,2025-01-12,chat_finetuned,70.554,llama3.3,
Sao10K/Fimbulvetr-11B-v2,2024-07-01,chat_finetuned,10.732,cc-by-nc-4.0,
Sao10K/L3-70B-Euryale-v2.1,2024-07-01,chat_finetuned,70.554,cc-by-nc-4.0,
Sao10K/L3-70B-Euryale-v2.1,2024-06-26,chat_finetuned,70.554,cc-by-nc-4.0,
Sao10K/L3-8B-Lunaris-v1,2024-07-22,merge,8.03,llama3,
Sao10K/L3-8B-Niitama-v1,2025-01-07,chat_finetuned,8.03,cc-by-nc-4.0,
Sao10K/L3-8B-Stheno-v3.2,2024-06-30,chat_finetuned,8.03,cc-by-nc-4.0,
Sao10K/L3-8B-Stheno-v3.3-32K,2024-06-26,chat_finetuned,8.03,cc-by-nc-4.0,
Sao10K/MN-12B-Lyra-v3,2024-09-03,chat_finetuned,12.248,cc-by-nc-4.0,
Saxo/Linkbricks-Horizon-AI-Avengers-V1-32B,2024-12-29,chat_finetuned,32.76,apache-2.0,
Saxo/Linkbricks-Horizon-AI-Avengers-V2-32B,2024-12-30,chat_finetuned,32.76,apache-2.0,
Saxo/Linkbricks-Horizon-AI-Avengers-V3-32B,2024-12-31,chat_finetuned,32.764,apache-2.0,
Saxo/Linkbricks-Horizon-AI-Avengers-V4-32B,2024-12-31,chat_finetuned,32.764,apache-2.0,
Saxo/Linkbricks-Horizon-AI-Avengers-V5-32B,2024-12-31,chat_finetuned,32.764,apache-2.0,
Saxo/Linkbricks-Horizon-AI-Avengers-V6-32B,2025-01-01,chat_finetuned,32.76,apache-2.0,
Saxo/Linkbricks-Horizon-AI-Korean-Avengers-V2-27B,2024-12-29,chat_finetuned,27.227,apache-2.0,
Saxo/Linkbricks-Horizon-AI-Korean-Avengers-V3-27B,2024-12-29,chat_finetuned,27.227,apache-2.0,
Saxo/Linkbricks-Horizon-AI-Korean-Superb-22B,2024-12-25,chat_finetuned,22.247,apache-2.0,
Saxo/Linkbricks-Horizon-AI-Korean-Superb-27B,2024-11-17,chat_finetuned,27.227,apache-2.0,
Saxo/Linkbricks-Horizon-AI-Superb-27B,2024-12-25,chat_finetuned,27.227,apache-2.0,
SeaLLMs/SeaLLM-7B-v2,2024-09-17,chat_finetuned,7.376,other,license_unverified;
SeaLLMs/SeaLLM-7B-v2.5,2024-07-29,chat_finetuned,8.538,other,license_unverified;
SeaLLMs/SeaLLMs-v3-7B-Chat,2024-07-29,chat_finetuned,7.616,other,license_unverified;
SenseLLM/ReflectionCoder-CL-34B,2024-09-15,chat_finetuned,33.744,apache-2.0,
SenseLLM/ReflectionCoder-DS-33B,2024-09-15,chat_finetuned,33.34,apache-2.0,
SentientAGI/Dobby-Mini-Leashed-Llama-3.1-8B,2025-02-04,chat_finetuned,8.03,llama3.1,
SentientAGI/Dobby-Mini-Unhinged-Llama-3.1-8B,2025-02-04,chat_finetuned,8.03,llama3.1,
SeppeV/SmolLM_pretrained_with_sft_trained_with_1pc_data_on_a_preference_dpo,2024-10-12,chat_finetuned,0.135,,license_unverified;
Sharathhebbar24/SSH_355M,2025-01-11,chat_finetuned,0.355,apache-2.0,
Sharathhebbar24/chat_gpt2_dpo,2025-01-02,chat_finetuned,0.124,apache-2.0,
Shreyash2010/Uma-4x4B-Instruct-v0.1,2024-08-25,merge,3.821,,license_unverified;
Sicarius-Prototyping/Brainy_LLAMA,2024-12-04,chat_finetuned,8.03,apache-2.0,
Sicarius-Prototyping/Micropenis_1B,2024-12-26,chat_finetuned,0.618,,license_unverified;
Sicarius-Prototyping/bacon_and_food,2024-11-22,chat_finetuned,8.03,creativeml-openrail-m,
SicariusSicariiStuff/2B-ad,2024-10-11,chat_finetuned,3.204,gemma,
SicariusSicariiStuff/2B_or_not_2B,2024-10-11,chat_finetuned,2.506,gemma,
SicariusSicariiStuff/Dusk_Rainbow,2024-10-08,chat_finetuned,8.03,llama3,
SicariusSicariiStuff/Eximius_Persona_5B,2025-01-22,merge,5.821,llama3.2,
SicariusSicariiStuff/Impish_LLAMA_3B,2024-10-07,chat_finetuned,3.213,llama3.2,
SicariusSicariiStuff/Impish_Mind_8B,2024-12-05,chat_finetuned,8.03,llama3.1,
SicariusSicariiStuff/Impish_QWEN_14B-1M,2025-01-27,chat_finetuned,14.77,apache-2.0,
SicariusSicariiStuff/Impish_QWEN_7B-1M,2025-01-27,chat_finetuned,7.616,apache-2.0,
SicariusSicariiStuff/LLAMA-3_8B_Unaligned_BETA,2024-10-18,chat_finetuned,8.03,llama3.1,
SicariusSicariiStuff/Phi-Line_14B,2025-02-18,chat_finetuned,14.66,mit,
SicariusSicariiStuff/Phi-lthy4,2025-02-12,chat_finetuned,11.933,mit,
SicariusSicariiStuff/Qwen2.5-14B_Uncencored,2024-09-20,chat_finetuned,14.0,,license_unverified;
SicariusSicariiStuff/Qwen2.5-14B_Uncensored,2024-09-21,chat_finetuned,14.0,,license_unverified;
SicariusSicariiStuff/Qwen2.5-14B_Uncensored_Instruct,2024-09-21,chat_finetuned,14.77,,license_unverified;
SicariusSicariiStuff/Redemption_Wind_24B,2025-02-07,chat_finetuned,23.572,apache-2.0,
SicariusSicariiStuff/Winged_Imp_8B,2025-01-24,merge,8.03,,license_unverified;
SicariusSicariiStuff/Wingless_Imp_8B,2025-01-24,chat_finetuned,8.03,llama3.1,
SicariusSicariiStuff/Zion_Alpha,2024-10-18,chat_finetuned,7.242,apache-2.0,
SicariusSicariiStuff/dn_ep02,2024-11-19,chat_finetuned,8.03,,license_unverified;
SkyOrbis/SKY-Ko-Llama3.1-8B-lora,2024-12-31,chat_finetuned,8.03,llama3.1,
SkyOrbis/SKY-Ko-Llama3.1-8B-lora-epoch1,2025-01-02,chat_finetuned,8.03,llama3.1,
SkyOrbis/SKY-Ko-Llama3.2-1B-lora-epoch3,2024-12-23,chat_finetuned,1.236,llama3,
SkyOrbis/SKY-Ko-Llama3.2-1B-lora-epoch5,2024-12-27,chat_finetuned,1.236,llama3,
SkyOrbis/SKY-Ko-Llama3.2-1B-lora-v2-epoch3,2024-12-27,chat_finetuned,1.236,llama3.2,
SkyOrbis/SKY-Ko-Llama3.2-1B-lora-v2-epoch5,2024-12-28,chat_finetuned,1.236,llama3.2,
SkyOrbis/SKY-Ko-Llama3.2-3B-lora-epoch1,2024-12-27,chat_finetuned,3.213,llama3.2,
SkyOrbis/SKY-Ko-Llama3.2-3B-lora-epoch2,2024-12-30,chat_finetuned,3.213,llama3.2,
SkyOrbis/SKY-Ko-Llama3.2-3B-lora-epoch3,2024-12-31,chat_finetuned,3.213,llama3.2,
SkyOrbis/SKY-Ko-Qwen2.5-3B-Instruct,2025-01-09,chat_finetuned,3.086,,license_unverified;
SkyOrbis/SKY-Ko-Qwen2.5-7B-Instruct-SFT-step-15000,2025-02-01,chat_finetuned,7.616,,license_unverified;
SkyOrbis/SKY-Ko-Qwen2.5-7B-Instruct-SFT-step-5000,2025-02-04,chat_finetuned,7.616,,license_unverified;
Skywork/Skywork-Reward-Gemma-2-27B-v0.2,2024-12-27,chat_finetuned,27.227,,license_unverified;
Skywork/Skywork-o1-Open-Llama-3.1-8B,2025-01-01,chat_finetuned,8.03,other,license_unverified;
Solshine/Brimful-merged-replete,2024-10-01,merge,12.277,,license_unverified;
Solshine/Llama-3-1-big-thoughtful-passthrough-merge-2,2024-09-24,merge,18.5,,license_unverified;
Sorawiz/Gemma-9B-Base,2025-02-12,merge,10.159,,license_unverified;
Sorawiz/Gemma-Creative-9B-Base,2025-02-12,merge,10.159,,license_unverified;
Sourjayon/DeepSeek-R1-8b-Sify,2025-02-10,chat_finetuned,8.03,apache-2.0,
Sourjayon/DeepSeek-R1-ForumNXT,2025-02-03,chat_finetuned,1.777,apache-2.0,
SpaceYL/ECE_Poirot,2025-02-20,merge,1.544,apache-2.0,
Spestly/Athena-1-3B,2025-01-28,chat_finetuned,3.086,other,license_unverified;
Spestly/Atlas-Pro-1.5B-Preview,2025-01-27,chat_finetuned,1.777,mit,
Spestly/Atlas-Pro-7B-Preview,2025-01-27,chat_finetuned,7.616,mit,
Stark2008/GutenLaserPi,2024-07-11,merge,7.242,,license_unverified;
Stark2008/LayleleFlamPi,2024-07-12,merge,7.242,,license_unverified;
Stark2008/VisFlamCat,2024-07-12,merge,7.242,,license_unverified;
Steelskull/L3.3-MS-Nevoria-70b,2025-01-17,merge,70.554,other,license_unverified;
Steelskull/L3.3-Nevoria-R1-70b,2025-02-05,merge,70.554,other,license_unverified;
StelleX/Qwen2.5_Math_7B_Cot,2024-10-29,chat_finetuned,7.616,,license_unverified;
StelleX/Vorisatex-7B-preview,2024-10-29,chat_finetuned,7.613,,license_unverified;
SultanR/SmolTulu-1.7b-Instruct,2024-12-01,chat_finetuned,1.711,apache-2.0,
SultanR/SmolTulu-1.7b-Reinforced,2024-12-16,chat_finetuned,1.711,apache-2.0,
SultanR/SmolTulu-1.7b-it-v0,2024-12-01,chat_finetuned,1.711,apache-2.0,
Supichi/BBA-123,2025-02-26,chat_finetuned,17.161,,license_unverified;
Supichi/BBA99,2025-02-26,chat_finetuned,17.161,,license_unverified;
Supichi/BBAIK29,2025-02-27,merge,7.616,,license_unverified;
Supichi/BBAI_135_Gemma,2025-02-26,merge,19.3,,license_unverified;
Supichi/BBAI_250_Xia0_gZ,2025-02-27,merge,7.616,,license_unverified;
Supichi/BBAI_275_Tsunami_gZ,2025-02-27,merge,7.616,,license_unverified;
Supichi/BBAI_525_Tsu_gZ_Xia0,2025-02-27,merge,7.616,,license_unverified;
Supichi/BBAI_78B_Calme_3_1_Ties,2025-02-28,merge,27.06,,license_unverified;
Supichi/BBAI_QWEEN_V000000_LUMEN_14B,2025-02-26,chat_finetuned,10.366,,license_unverified;
Supichi/HF_TOKEN,2025-02-26,merge,17.161,,license_unverified;
Supichi/NJS26,2025-02-26,merge,7.242,,license_unverified;
Svak/MN-12B-Inferor-v0.0,2024-11-08,merge,12.248,,license_unverified;
Svak/MN-12B-Inferor-v0.1,2024-11-08,merge,12.248,,license_unverified;
Syed-Hasan-8503/Phi-3-mini-4K-instruct-cpo-simpo,2024-06-26,chat_finetuned,3.821,apache-2.0,
T145/KRONOS-8B-V1-P1,2025-02-05,chat_finetuned,8.03,,license_unverified;
T145/KRONOS-8B-V1-P2,2025-02-06,chat_finetuned,8.03,,license_unverified;
T145/KRONOS-8B-V1-P3,2025-02-05,chat_finetuned,8.03,,license_unverified;
T145/KRONOS-8B-V2,2024-12-13,chat_finetuned,8.03,llama3.1,
T145/KRONOS-8B-V3,2024-12-18,chat_finetuned,8.03,,license_unverified;
T145/KRONOS-8B-V4,2024-12-19,chat_finetuned,8.03,,license_unverified;
T145/KRONOS-8B-V5,2024-12-20,chat_finetuned,8.03,,license_unverified;
T145/KRONOS-8B-V6,2024-12-20,chat_finetuned,8.03,,license_unverified;
T145/KRONOS-8B-V7,2024-12-25,chat_finetuned,4.015,,license_unverified;
T145/KRONOS-8B-V8,2025-02-01,merge,8.03,,license_unverified;
T145/KRONOS-8B-V9,2025-02-02,merge,8.03,,license_unverified;
T145/Llama-3.1-8B-Instruct-Zeus,2024-11-28,chat_finetuned,8.03,apache-2.0,
T145/Llama-3.1-8B-Zeus,2024-11-28,chat_finetuned,8.03,,license_unverified;
T145/Meta-Llama-3.1-8B-Instruct-TIES,2024-12-22,chat_finetuned,8.03,,license_unverified;
T145/ZEUS-8B-V10,2024-12-24,chat_finetuned,8.03,,license_unverified;
T145/ZEUS-8B-V11,2024-12-27,chat_finetuned,8.03,,license_unverified;
T145/ZEUS-8B-V12,2024-12-29,chat_finetuned,8.03,,license_unverified;
T145/ZEUS-8B-V13,2024-12-30,chat_finetuned,8.03,llama3.1,
T145/ZEUS-8B-V13-abliterated,2025-01-01,chat_finetuned,8.03,llama3.1,
T145/ZEUS-8B-V14,2024-12-30,chat_finetuned,8.03,,license_unverified;
T145/ZEUS-8B-V15,2024-12-31,chat_finetuned,4.015,,license_unverified;
T145/ZEUS-8B-V16,2024-12-31,merge,8.03,,license_unverified;
T145/ZEUS-8B-V17,2025-01-01,merge,8.03,,license_unverified;
T145/ZEUS-8B-V17-abliterated,2025-01-01,merge,7.594,,license_unverified;
T145/ZEUS-8B-V17-abliterated-V2,2025-01-04,merge,8.03,,license_unverified;
T145/ZEUS-8B-V17-abliterated-V4,2025-01-05,chat_finetuned,8.03,llama3.1,
T145/ZEUS-8B-V18,2025-01-02,merge,8.03,,license_unverified;
T145/ZEUS-8B-V19,2025-01-03,merge,8.03,,license_unverified;
T145/ZEUS-8B-V2,2024-12-01,chat_finetuned,8.03,,license_unverified;
T145/ZEUS-8B-V2-ORPO,2024-12-31,chat_finetuned,4.015,,license_unverified;
T145/ZEUS-8B-V2-abliterated,2024-12-31,chat_finetuned,8.03,llama3.1,
T145/ZEUS-8B-V20,2025-01-07,merge,8.03,,license_unverified;
T145/ZEUS-8B-V21,2025-01-08,merge,8.03,,license_unverified;
T145/ZEUS-8B-V22,2025-01-09,merge,8.03,llama3.1,
T145/ZEUS-8B-V23,2025-01-10,merge,8.03,,license_unverified;
T145/ZEUS-8B-V24,2025-01-23,merge,8.03,,license_unverified;
T145/ZEUS-8B-V25,2025-01-23,merge,8.03,,license_unverified;
T145/ZEUS-8B-V26,2025-01-25,merge,8.03,,license_unverified;
T145/ZEUS-8B-V27,2025-01-26,merge,8.03,,license_unverified;
T145/ZEUS-8B-V28,2025-01-28,merge,8.03,,license_unverified;
T145/ZEUS-8B-V29,2025-02-02,merge,8.03,,license_unverified;
T145/ZEUS-8B-V2L1,2024-12-02,chat_finetuned,8.03,,license_unverified;
T145/ZEUS-8B-V2L2,2024-12-03,chat_finetuned,8.03,,license_unverified;
T145/ZEUS-8B-V3,2024-12-05,chat_finetuned,8.03,,license_unverified;
T145/ZEUS-8B-V30,2025-02-07,merge,8.03,llama3.1,
T145/ZEUS-8B-V4,2024-12-06,chat_finetuned,8.03,,license_unverified;
T145/ZEUS-8B-V6,2024-12-09,chat_finetuned,8.03,,license_unverified;
T145/ZEUS-8B-V7,2024-12-11,chat_finetuned,8.03,llama3.1,
T145/ZEUS-8B-V8,2024-12-12,chat_finetuned,8.03,llama3.1,
T145/ZEUS-8B-V9,2024-12-21,chat_finetuned,8.03,,license_unverified;
T145/qwen-2.5-3B-merge-test,2024-11-16,chat_finetuned,3.397,,license_unverified;
THUDM/glm-4-9b,2024-07-04,pretrained,9.0,other,license_unverified;
THUDM/glm-4-9b-chat,2024-07-09,chat_finetuned,9.0,other,license_unverified;
THUDM/glm-4-9b-chat-1m,2024-10-09,chat_finetuned,9.484,other,license_unverified;
THUDM/glm-4-9b-chat-1m-hf,2025-01-15,chat_finetuned,9.484,other,license_unverified;
THUDM/glm-4-9b-chat-hf,2025-01-15,chat_finetuned,9.4,other,license_unverified;
TIGER-Lab/AceCodeRM-7B,2025-03-07,chat_finetuned,7.616,mit,
TIGER-Lab/AceCoder-Qwen2.5-7B-Ins-Rule,2025-03-07,chat_finetuned,7.616,mit,
TIGER-Lab/AceCoder-Qwen2.5-Coder-7B-Base-Rule,2025-03-07,chat_finetuned,7.616,mit,
TIGER-Lab/AceCoder-Qwen2.5-Coder-7B-Ins-Rule,2025-03-07,chat_finetuned,7.616,mit,
TIGER-Lab/MAmmoTH2-7B-Plus,2024-06-27,chat_finetuned,7.242,mit,
TIGER-Lab/Qwen2.5-Math-7B-CFT,2025-03-07,chat_finetuned,7.616,apache-2.0,
TTTXXX01/Mistral-7B-Base-SimPO2-5e-7,2024-09-01,chat_finetuned,7.242,apache-2.0,
Tarek07/Progenitor-V1.1-LLaMa-70B,2025-01-25,merge,70.554,llama3.3,
Tarek07/Thalassic-Alpha-LLaMa-70B,2025-01-28,merge,70.554,llama3.3,
TeeZee/DoubleBagel-57B-v1.0,2024-08-10,merge,56.703,apache-2.0,
Telugu-LLM-Labs/Indic-gemma-2b-finetuned-sft-Navarasa-2.0,2025-02-06,chat_finetuned,2.506,other,license_unverified;
Telugu-LLM-Labs/Indic-gemma-7b-finetuned-sft-Navarasa-2.0,2025-02-06,chat_finetuned,8.538,other,license_unverified;
TencentARC/LLaMA-Pro-8B,2024-06-12,chat_finetuned,8.357,llama2,
TencentARC/LLaMA-Pro-8B-Instruct,2024-06-12,chat_finetuned,8.357,llama2,
TencentARC/MetaMath-Mistral-Pro,2024-06-12,chat_finetuned,8.987,apache-2.0,
TencentARC/Mistral_Pro_8B_v0.1,2024-06-12,chat_finetuned,8.987,apache-2.0,
TheDrummer/Cydonia-22B-v1.2,2024-10-26,chat_finetuned,22.247,other,license_unverified;
TheDrummer/Gemmasutra-9B-v1,2024-09-19,merge,10.159,,license_unverified;
TheDrummer/Gemmasutra-Mini-2B-v1,2024-10-28,chat_finetuned,2.614,other,license_unverified;
TheDrummer/Llama-3SOME-8B-v2,2025-01-12,chat_finetuned,8.03,cc-by-nc-4.0,
TheDrummer/Ministrations-8B-v1,2024-11-14,chat_finetuned,8.02,other,license_unverified;
TheDrummer/Rocinante-12B-v1,2024-09-03,chat_finetuned,12.248,other,license_unverified;
TheDrummer/Tiger-Gemma-9B-v1,2025-01-07,chat_finetuned,9.242,,license_unverified;
TheDrummer/Tiger-Gemma-9B-v2,2025-01-07,chat_finetuned,9.242,,license_unverified;
TheDrummer/Tiger-Gemma-9B-v3,2025-01-07,chat_finetuned,9.242,,license_unverified;
TheDrunkenSnail/Daughter-of-Rhodia-12B,2025-01-17,merge,12.248,,license_unverified;
TheDrunkenSnail/Mother-of-Rhodia-12B,2025-01-27,merge,12.248,other,license_unverified;
TheDrunkenSnail/Son-of-Rhodia,2024-12-31,merge,12.248,other,license_unverified;
TheHierophant/Underground-Cognitive-V0.3-test,2024-11-22,merge,10.732,,license_unverified;
TheTsar1209/nemo-carpmuscle-v0.1,2024-10-10,chat_finetuned,12.248,apache-2.0,
TheTsar1209/qwen-carpmuscle-r-v0.3,2024-10-23,chat_finetuned,14.766,,license_unverified;
TheTsar1209/qwen-carpmuscle-v0.1,2024-10-10,chat_finetuned,14.77,apache-2.0,
TheTsar1209/qwen-carpmuscle-v0.2,2024-10-19,chat_finetuned,14.77,apache-2.0,
TheTsar1209/qwen-carpmuscle-v0.3,2024-10-28,chat_finetuned,14.77,apache-2.0,
TheTsar1209/qwen-carpmuscle-v0.4,2024-11-18,chat_finetuned,14.77,apache-2.0,
TheTsar1209/qwen-carpmuscle-v0.4.1,2025-01-19,chat_finetuned,14.77,apache-2.0,
Tijmen2/cosmosage-v3,2024-08-27,chat_finetuned,8.03,mit,
TinyLlama/TinyLlama-1.1B-Chat-v0.1,2024-12-02,chat_finetuned,1.1,apache-2.0,
TinyLlama/TinyLlama-1.1B-Chat-v0.5,2024-10-23,chat_finetuned,1.1,apache-2.0,
TinyLlama/TinyLlama-1.1B-Chat-v0.6,2024-10-23,chat_finetuned,1.1,apache-2.0,
TinyLlama/TinyLlama-1.1B-Chat-v1.0,2024-08-04,chat_finetuned,1.1,apache-2.0,
TinyLlama/TinyLlama-1.1B-intermediate-step-1431k-3T,2024-11-27,pretrained,1.1,apache-2.0,
TinyLlama/TinyLlama_v1.1,2024-06-12,pretrained,1.1,apache-2.0,
ToastyPigeon/Sto-vo-kor-12B,2025-01-22,chat_finetuned,12.248,apache-2.0,
Trappu/Magnum-Picaro-0.7-v2-12b,2024-09-12,merge,12.248,apache-2.0,
Trappu/Nemo-Picaro-12B,2024-09-22,chat_finetuned,12.248,apache-2.0,
Tremontaine/L3-12B-Lunaris-v1,2024-07-15,chat_finetuned,11.52,,license_unverified;
Triangle104/Annunaki-12b,2025-01-27,merge,12.248,apache-2.0,
Triangle104/BigTalker-Lite-8B,2025-01-30,merge,8.03,llama3.1,
Triangle104/Chatty-Harry_V2.0,2025-01-27,merge,12.248,apache-2.0,
Triangle104/Chatty-Harry_V3.0,2025-01-27,merge,12.248,apache-2.0,
Triangle104/Chronos-Prism_V1.0,2025-01-30,merge,12.248,,license_unverified;
Triangle104/DS-Distilled-Hermes-Llama-3.1,2025-01-27,merge,8.03,,license_unverified;
Triangle104/DS-Distilled-Hermes-Llama-3.1_TIES,2025-01-30,merge,8.03,llama3.1,
Triangle104/DS-R1-Distill-Q2.5-10B-Harmony,2025-01-27,merge,10.366,apache-2.0,
Triangle104/DS-R1-Distill-Q2.5-14B-Harmony_V0.1,2025-01-28,merge,14.77,apache-2.0,
Triangle104/DS-R1-Distill-Q2.5-7B-RP,2025-01-27,merge,7.616,apache-2.0,
Triangle104/DS-R1-Llama-8B-Harmony,2025-01-27,merge,8.03,,license_unverified;
Triangle104/DSR1-Distill-Llama-Lit-8B,2025-02-11,merge,8.03,apache-2.0,
Triangle104/DSR1-Distill-Qwen-7B-RP,2025-02-09,merge,7.613,apache-2.0,
Triangle104/Dark-Chivalry_V1.0,2025-01-30,merge,8.03,apache-2.0,
Triangle104/Distilled-DarkPlanet-Allades-8B,2025-01-29,merge,8.03,llama3.1,
Triangle104/Distilled-DarkPlanet-Allades-8B_TIES,2025-02-05,merge,8.03,llama3.1,
Triangle104/Distilled-Whiskey-8b,2025-01-27,merge,8.03,,license_unverified;
Triangle104/Dolphin3-Llama3.2-Smart,2025-01-27,merge,3.213,,license_unverified;
Triangle104/Gemmadevi-Stock-10B,2025-02-05,merge,10.159,,license_unverified;
Triangle104/Hermes-Llama-3.2-CoT,2025-01-27,merge,3.213,llama3.2,
Triangle104/Hermes-Llama-3.2-CoT-Summary,2025-01-27,merge,3.213,llama3.2,
Triangle104/Hermes3-L3.1-DirtyHarry-8B,2025-01-27,merge,8.03,,license_unverified;
Triangle104/Herodotos-14B,2025-01-27,merge,14.77,apache-2.0,
Triangle104/Herodotos-14B_V0.1,2025-02-11,merge,14.77,apache-2.0,
Triangle104/L3.1-8B-Dusky-Ink,2025-02-05,merge,8.03,,license_unverified;
Triangle104/L3.1-8B-Dusky-Ink_v0.r1,2025-02-09,merge,8.03,llama3.1,
Triangle104/LThreePointOne-8B-HermesBlackroot,2025-02-19,merge,8.03,apache-2.0,
Triangle104/LThreePointOne-8B-HermesInk,2025-02-19,merge,8.03,apache-2.0,
Triangle104/Llama3.1-Allades-Lit-8b,2025-02-11,merge,8.03,,license_unverified;
Triangle104/Llama3.1-cc-Lit-8b,2025-02-11,merge,8.03,apache-2.0,
Triangle104/Minerva-1.5b,2025-01-27,merge,1.777,apache-2.0,
Triangle104/Minerva-1.5b_V0.2,2025-01-27,merge,1.777,apache-2.0,
Triangle104/Minerva-10b,2025-01-27,merge,10.067,apache-2.0,
Triangle104/Minerva-14b,2025-01-27,merge,14.77,apache-2.0,
Triangle104/Minerva-14b-V0.1,2025-01-27,chat_finetuned,14.77,,license_unverified;
Triangle104/Minerva-7b,2025-01-27,merge,7.616,apache-2.0,
Triangle104/Minerva-8b,2025-01-27,chat_finetuned,7.248,apache-2.0,
Triangle104/Mistral-Redemption-Arc,2025-02-08,merge,23.572,apache-2.0,
Triangle104/Mistral-Small-24b-Harmony,2025-02-20,merge,23.572,apache-2.0,
Triangle104/Pans_Gutenbergum_V0.1,2025-01-30,merge,12.248,apache-2.0,
Triangle104/Pans_Gutenbergum_V0.2,2025-01-30,merge,12.248,,license_unverified;
Triangle104/Pantheon_ChatWaifu_V0.2,2025-01-30,merge,12.248,,license_unverified;
Triangle104/Phi-4-AbliteratedRP,2025-01-27,merge,14.66,apache-2.0,
Triangle104/Phi4-RP-o1,2025-01-30,merge,14.66,mit,
Triangle104/Phi4-RP-o1-Ablit,2025-02-09,merge,14.66,,license_unverified;
Triangle104/Porpoise-R1-Llama3.2-3b,2025-02-08,merge,3.213,llama3.2,
Triangle104/Q2.5-14B-Instruct-1M-Harmony,2025-02-02,merge,14.77,apache-2.0,
Triangle104/Q2.5-AthensCOT,2025-01-27,chat_finetuned,7.616,apache-2.0,
Triangle104/Q2.5-CodeR1-3B,2025-02-24,merge,3.085,apache-2.0,
Triangle104/Q2.5-EVACOT-7b,2025-01-27,merge,7.616,apache-2.0,
Triangle104/Q2.5-EvaHumane-RP,2025-01-27,merge,7.616,,license_unverified;
Triangle104/Q2.5-Humane-RP,2025-01-27,merge,7.616,apache-2.0,
Triangle104/Q2.5-Instruct-1M_Harmony,2025-01-29,merge,7.616,apache-2.0,
Triangle104/Q2.5-R1-3B,2025-02-24,merge,3.085,apache-2.0,
Triangle104/Q2.5-R1-7B,2025-02-27,merge,7.613,apache-2.0,
Triangle104/Robo-Gutenberg_V1.0,2025-01-30,merge,14.77,apache-2.0,
Triangle104/Rocinante-Prism_V2.0,2025-01-30,merge,12.248,,license_unverified;
Triangle104/Rocinante-Prism_V2.1,2025-01-30,merge,12.248,,license_unverified;
Triangle104/RomboHermes3-R1-Llama3.2-3b,2025-02-09,merge,3.213,llama3.2,
Triangle104/Rombos-Novasky-7B_V1c,2025-02-20,merge,7.616,apache-2.0,
Triangle104/Set-70b,2025-01-27,merge,70.554,llama3.3,
Tsunami-th/Tsunami-0.5-7B-Instruct,2024-10-12,chat_finetuned,7.616,apache-2.0,
Tsunami-th/Tsunami-0.5x-7B-Instruct,2024-10-16,chat_finetuned,7.616,apache-2.0,
Tsunami-th/Tsunami-1.0-14B-Instruct,2024-10-25,chat_finetuned,14.77,apache-2.0,
Tsunami-th/Tsunami-1.0-7B-Instruct,2024-10-28,chat_finetuned,7.616,apache-2.0,
UCLA-AGI/Gemma-2-9B-It-SPPO-Iter1,2024-09-21,chat_finetuned,9.242,gemma,
UCLA-AGI/Gemma-2-9B-It-SPPO-Iter2,2024-08-07,chat_finetuned,9.242,gemma,
UCLA-AGI/Gemma-2-9B-It-SPPO-Iter3,2024-07-31,chat_finetuned,9.242,gemma,
UCLA-AGI/Llama-3-Instruct-8B-SPPO-Iter1,2024-09-21,chat_finetuned,8.03,apache-2.0,
UCLA-AGI/Llama-3-Instruct-8B-SPPO-Iter2,2024-08-07,chat_finetuned,8.0,apache-2.0,
UCLA-AGI/Llama-3-Instruct-8B-SPPO-Iter3,2024-07-02,chat_finetuned,8.03,apache-2.0,
UCLA-AGI/Llama-3-Instruct-8B-SPPO-Iter3,2024-06-28,chat_finetuned,8.03,apache-2.0,
UCLA-AGI/Mistral7B-PairRM-SPPO,2024-09-21,chat_finetuned,7.242,apache-2.0,
UCLA-AGI/Mistral7B-PairRM-SPPO-Iter1,2024-09-21,chat_finetuned,7.242,apache-2.0,
UCLA-AGI/Mistral7B-PairRM-SPPO-Iter2,2024-08-07,chat_finetuned,7.242,apache-2.0,
UCLA-AGI/Mistral7B-PairRM-SPPO-Iter3,2024-08-07,chat_finetuned,7.242,apache-2.0,
UKzExecution/LlamaExecutor-8B-3.0.5,2024-07-30,merge,8.03,,license_unverified;
Unbabel/TowerInstruct-Mistral-7B-v0.2,2024-09-06,chat_finetuned,7.242,cc-by-nc-4.0,
Undi95/MG-FinalMix-72B,2024-07-13,chat_finetuned,72.706,other,license_unverified;
Undi95/Phi4-abliterated,2025-01-23,chat_finetuned,14.66,,license_unverified;
V3N0M/Jenna-Tiny-2.0,2025-01-17,chat_finetuned,0.631,,license_unverified;
VAGOsolutions/Llama-3-SauerkrautLM-70b-Instruct,2024-06-26,chat_finetuned,70.554,other,license_unverified;
VAGOsolutions/Llama-3-SauerkrautLM-8b-Instruct,2024-07-22,chat_finetuned,8.03,other,license_unverified;
VAGOsolutions/Llama-3.1-SauerkrautLM-70b-Instruct,2024-08-26,chat_finetuned,70.554,llama3.1,
VAGOsolutions/Llama-3.1-SauerkrautLM-8b-Instruct,2024-07-29,chat_finetuned,8.03,llama3.1,
VAGOsolutions/SauerkrautLM-1.5b,2024-06-26,chat_finetuned,1.544,apache-2.0,
VAGOsolutions/SauerkrautLM-7b-HerO,2024-06-26,chat_finetuned,7.242,apache-2.0,
VAGOsolutions/SauerkrautLM-7b-LaserChat,2024-06-26,chat_finetuned,7.242,apache-2.0,
VAGOsolutions/SauerkrautLM-Gemma-2b,2024-06-26,chat_finetuned,2.506,other,license_unverified;
VAGOsolutions/SauerkrautLM-Gemma-7b,2024-06-26,chat_finetuned,8.538,other,license_unverified;
VAGOsolutions/SauerkrautLM-Mixtral-8x7B-Instruct,2024-06-26,chat_finetuned,46.703,apache-2.0,
VAGOsolutions/SauerkrautLM-Nemo-12b-Instruct,2024-07-22,chat_finetuned,12.248,apache-2.0,
VAGOsolutions/SauerkrautLM-Phi-3-medium,2024-09-19,chat_finetuned,13.96,mit,
VAGOsolutions/SauerkrautLM-SOLAR-Instruct,2024-06-26,chat_finetuned,10.732,cc-by-nc-4.0,
VAGOsolutions/SauerkrautLM-gemma-2-2b-it,2024-08-26,chat_finetuned,2.614,gemma,
VAGOsolutions/SauerkrautLM-gemma-2-9b-it,2024-08-26,chat_finetuned,9.242,gemma,
VAGOsolutions/SauerkrautLM-v2-14b-DPO,2024-11-04,chat_finetuned,14.77,apache-2.0,
VAGOsolutions/SauerkrautLM-v2-14b-SFT,2024-11-04,chat_finetuned,14.77,apache-2.0,
VIRNECT/llama-3-Korean-8B,2024-07-17,chat_finetuned,8.03,llama3,
VIRNECT/llama-3-Korean-8B,2024-07-17,chat_finetuned,8.03,llama3,
VIRNECT/llama-3-Korean-8B-r-v-0.1,2024-07-18,chat_finetuned,16.061,llama3,
ValiantLabs/Llama3-70B-Fireplace,2024-06-26,chat_finetuned,70.554,llama3,
ValiantLabs/Llama3-70B-ShiningValiant2,2024-07-25,chat_finetuned,70.554,llama3,
ValiantLabs/Llama3.1-70B-ShiningValiant2,2024-10-30,chat_finetuned,70.554,llama3.1,
ValiantLabs/Llama3.1-8B-Cobalt,2024-10-02,chat_finetuned,8.03,llama3.1,
ValiantLabs/Llama3.1-8B-Cobalt,2024-09-20,chat_finetuned,8.03,llama3.1,
ValiantLabs/Llama3.1-8B-Enigma,2024-10-02,chat_finetuned,8.03,llama3.1,
ValiantLabs/Llama3.1-8B-Esper2,2024-10-09,chat_finetuned,8.03,llama3.1,
ValiantLabs/Llama3.1-8B-Fireplace2,2024-07-25,chat_finetuned,8.03,llama3.1,
ValiantLabs/Llama3.1-8B-Fireplace2,2024-08-10,chat_finetuned,8.03,llama3.1,
ValiantLabs/Llama3.1-8B-ShiningValiant2,2024-08-10,chat_finetuned,8.03,llama3.1,
ValiantLabs/Llama3.1-8B-ShiningValiant2,2024-11-05,chat_finetuned,8.03,llama3.1,
ValiantLabs/Llama3.2-3B-Enigma,2024-10-02,chat_finetuned,3.213,llama3.2,
ValiantLabs/Llama3.2-3B-Esper2,2024-10-09,chat_finetuned,3.213,llama3.2,
ValiantLabs/Llama3.2-3B-ShiningValiant2,2024-11-05,chat_finetuned,3.213,llama3.2,
Vikhrmodels/Vikhr-Llama3.1-8B-Instruct-R-21-09-24,2024-09-21,chat_finetuned,8.03,apache-2.0,
Vikhrmodels/Vikhr-Nemo-12B-Instruct-R-21-09-24,2024-09-21,chat_finetuned,12.248,apache-2.0,
Weyaxi/Bagel-Hermes-2x34B,2024-10-28,chat_finetuned,60.814,apache-2.0,
Weyaxi/Bagel-Hermes-34B-Slerp,2024-08-30,merge,34.389,apache-2.0,
Weyaxi/Einstein-v4-7B,2024-06-26,chat_finetuned,7.242,other,license_unverified;
Weyaxi/Einstein-v6.1-Llama3-8B,2024-06-26,chat_finetuned,8.03,other,license_unverified;
Weyaxi/Einstein-v6.1-developed-by-Weyaxi-Llama3-8B,2024-06-26,chat_finetuned,8.03,other,license_unverified;
Weyaxi/Einstein-v7-Qwen2-7B,2024-06-26,chat_finetuned,7.616,other,license_unverified;
Weyaxi/Einstein-v8-Llama3.2-1B,2024-09-30,chat_finetuned,1.236,llama3.2,
Weyaxi/SauerkrautLM-UNA-SOLAR-Instruct,2024-06-26,chat_finetuned,10.732,cc-by-nc-4.0,
WizardLMTeam/WizardLM-13B-V1.0,2024-06-13,chat_finetuned,13.0,,license_unverified;
WizardLMTeam/WizardLM-13B-V1.2,2024-06-12,chat_finetuned,13.0,llama2,
WizardLMTeam/WizardLM-70B-V1.0,2024-06-12,chat_finetuned,70.0,llama2,
Wladastic/Mini-Think-Base-1B,2025-02-22,continued,1.236,llama3.2,
Xclbr7/Arcanum-12b,2024-09-17,chat_finetuned,12.248,mit,
Xclbr7/Hyena-12b,2024-09-19,chat_finetuned,12.248,apache-2.0,
Xclbr7/caliburn-12b,2024-09-14,chat_finetuned,12.248,mit,
Xclbr7/caliburn-v2-12b,2024-09-16,chat_finetuned,12.248,mit,
Xiaojian9992024/Llama3.2-1B-THREADRIPPER,2025-02-03,merge,1.236,,license_unverified;
Xiaojian9992024/Llama3.2-1B-THREADRIPPER-v0.2,2025-02-03,merge,1.236,,license_unverified;
Xiaojian9992024/Phi-4-Megatron-Empathetic,2025-02-17,merge,14.66,,license_unverified;
Xiaojian9992024/Phi-4-mini-UNOFFICAL,2025-01-25,merge,3.754,,license_unverified;
Xiaojian9992024/Qwen2.5-7B-MS-Destroyer,2025-03-03,merge,7.613,,license_unverified;
Xiaojian9992024/Qwen2.5-Dyanka-7B-Preview,2025-02-25,merge,7.616,apache-2.0,
Xiaojian9992024/Qwen2.5-Dyanka-7B-Preview-v0.2,2025-02-26,merge,7.616,,license_unverified;
Xiaojian9992024/Qwen2.5-THREADRIPPER-Medium-Censored,2025-02-07,merge,14.77,,license_unverified;
Xiaojian9992024/Qwen2.5-THREADRIPPER-Small,2025-02-05,merge,7.616,,license_unverified;
Xiaojian9992024/Qwen2.5-THREADRIPPER-Small-AnniversaryEdition,2025-02-19,merge,7.616,,license_unverified;
Xiaojian9992024/Qwen2.5-Ultra-1.5B-25.02-Exp,2025-02-20,merge,1.544,,license_unverified;
Xiaojian9992024/Reflection-L3.2-JametMiniMix-3B,2025-02-17,merge,3.213,,license_unverified;
Xkev/Llama-3.2V-11B-cot,2024-12-26,other,10.67,apache-2.0,
YOYO-AI/Qwen2.5-14B-1M-YOYO-V3,2025-02-22,merge,14.766,apache-2.0,
YOYO-AI/Qwen2.5-14B-YOYO-0505,2025-01-27,merge,14.77,,license_unverified;
YOYO-AI/Qwen2.5-14B-YOYO-0510-v2,2025-01-29,merge,14.77,apache-2.0,
YOYO-AI/Qwen2.5-14B-YOYO-0805,2025-01-27,merge,14.77,,license_unverified;
YOYO-AI/Qwen2.5-14B-YOYO-1005,2025-01-26,merge,14.77,apache-2.0,
YOYO-AI/Qwen2.5-14B-YOYO-1005-v2,2025-01-29,merge,14.77,apache-2.0,
YOYO-AI/Qwen2.5-14B-YOYO-1010,2025-01-25,merge,14.77,apache-2.0,
YOYO-AI/Qwen2.5-14B-YOYO-1010,2025-01-25,merge,14.77,apache-2.0,
YOYO-AI/Qwen2.5-14B-YOYO-1010-v2,2025-01-29,merge,14.77,apache-2.0,
YOYO-AI/Qwen2.5-14B-YOYO-SCE,2025-01-31,merge,14.77,apache-2.0,
YOYO-AI/Qwen2.5-14B-YOYO-V4,2025-03-03,merge,14.766,apache-2.0,
YOYO-AI/Qwen2.5-14B-YOYO-V4-p1,2025-02-28,merge,14.766,apache-2.0,
YOYO-AI/Qwen2.5-14B-YOYO-V4-p2,2025-03-01,merge,14.766,apache-2.0,
YOYO-AI/Qwen2.5-14B-YOYO-latest,2025-02-02,merge,14.77,apache-2.0,
YOYO-AI/Qwen2.5-14B-YOYO-latest-V2,2025-02-18,merge,14.766,apache-2.0,
YOYO-AI/Qwen2.5-14B-it-restore,2025-03-09,merge,14.766,apache-2.0,
YOYO-AI/Qwen2.5-7B-it-restore,2025-03-10,merge,7.613,apache-2.0,
YOYO-AI/Qwen2.5-Coder-14B-YOYO-1010,2025-01-28,merge,14.77,apache-2.0,
YOYO-AI/ZYH-LLM-Qwen2.5-14B,2025-02-05,merge,14.77,apache-2.0,
YOYO-AI/ZYH-LLM-Qwen2.5-14B-V2,2025-02-08,merge,14.766,apache-2.0,
YOYO-AI/ZYH-LLM-Qwen2.5-14B-V3,2025-02-24,merge,14.766,apache-2.0,
YOYO-AI/ZYH-LLM-Qwen2.5-14B-V4,2025-03-13,merge,14.766,apache-2.0,
Yash21/TinyYi-7B-Test,2024-07-03,pretrained,6.061,apache-2.0,
Youlln/1PARAMMYL-8B-ModelStock,2024-09-20,merge,8.03,,license_unverified;
Youlln/2PRYMMAL-Yi1.5-6B-SLERP,2024-09-23,merge,6.061,apache-2.0,
Youlln/3PRYMMAL-PHI3-3B-SLERP,2024-09-23,merge,3.0,apache-2.0,
Youlln/4PRYMMAL-GEMMA2-9B-SLERP,2024-09-23,merge,9.242,apache-2.0,
Youlln/ECE-MIRAGE-1-12B,2025-02-11,merge,15.21,apache-2.0,
Youlln/ECE-MIRAGE-1-15B,2025-02-21,chat_finetuned,15.21,apache-2.0,
Youlln/ECE-PRYMMAL-0.5B-FT-V3,2024-10-16,chat_finetuned,0.494,apache-2.0,
Youlln/ECE-PRYMMAL-0.5B-FT-V3-MUSR,2024-10-21,chat_finetuned,0.494,apache-2.0,
Youlln/ECE-PRYMMAL-0.5B-FT-V4-MUSR,2024-10-21,chat_finetuned,0.494,apache-2.0,
Youlln/ECE-PRYMMAL-0.5B-SLERP-V2,2024-10-22,merge,0.494,apache-2.0,
Youlln/ECE-PRYMMAL-0.5B-SLERP-V3,2024-10-22,merge,0.494,apache-2.0,
Youlln/ECE-PRYMMAL-YL-1B-SLERP-V1,2024-11-08,merge,1.544,apache-2.0,
Youlln/ECE-PRYMMAL-YL-1B-SLERP-V2,2024-11-08,merge,1.544,apache-2.0,
Youlln/ECE-PRYMMAL-YL-7B-SLERP-V4,2024-11-06,merge,7.616,apache-2.0,
Youlln/ECE-PRYMMAL0.5-FT,2024-10-02,chat_finetuned,0.494,apache-2.0,
Youlln/ECE-PRYMMAL0.5B-Youri,2024-10-07,merge,0.63,,license_unverified;
Youlln/ECE-PRYMMAL1B-FT-V1,2024-10-12,chat_finetuned,1.544,apache-2.0,
Youlln/ECE-Qwen0.5B-FT-V2,2024-10-11,chat_finetuned,0.494,apache-2.0,
Youlln/ECE.EIFFEIL.ia-0.5B-SLERP,2024-10-14,merge,0.63,apache-2.0,
YoungPanda/qwenqwen,2024-09-12,chat_finetuned,14.316,,license_unverified;
Yuma42/KangalKhan-RawRuby-7B,2024-06-26,merge,7.242,apache-2.0,
Yuma42/Llama3.1-IgneousIguana-8B,2025-03-10,merge,8.03,llama3.1,
Yuma42/Llama3.1-SuperHawk-8B,2025-03-10,merge,8.03,llama3.1,
Z1-Coder/Z1-Coder-7B,2025-03-01,chat_finetuned,7.613,mit,
ZHLiu627/zephyr-7b-gemma-dpo-avg,2025-02-25,chat_finetuned,8.538,,license_unverified;
ZHLiu627/zephyr-7b-gemma-rpo-avg,2025-02-25,chat_finetuned,8.538,apache-2.0,
ZeroXClem/L3-Aspire-Heart-Matrix-8B,2024-11-22,merge,8.03,apache-2.0,
ZeroXClem/Llama-3.1-8B-AthenaSky-MegaMix,2025-03-11,merge,8.03,apache-2.0,
ZeroXClem/Llama-3.1-8B-RainbowLight-EtherealMix,2025-03-11,merge,8.03,apache-2.0,
ZeroXClem/Llama-3.1-8B-SpecialTitanFusion,2025-03-11,merge,8.03,apache-2.0,
ZeroXClem/Llama-3.1-8B-SuperNova-EtherealHermes,2025-03-11,merge,8.03,apache-2.0,
ZeroXClem/Llama-3.1-8B-SuperTulu-LexiNova,2025-03-10,merge,8.03,apache-2.0,
ZeroXClem/Qwen-2.5-Aether-SlerpFusion-7B,2024-11-20,merge,7.616,apache-2.0,
ZeroXClem/Qwen2.5-7B-CelestialHarmony-1M,2025-02-05,merge,7.613,mit,
ZeroXClem/Qwen2.5-7B-HomerAnvita-NerdMix,2024-11-21,merge,7.616,apache-2.0,
ZeroXClem/Qwen2.5-7B-HomerCreative-Mix,2024-11-21,merge,7.616,apache-2.0,
ZeroXClem/Qwen2.5-7B-Qandora-CySec,2024-11-12,chat_finetuned,7.616,apache-2.0,
ZeusLabs/L3-Aethora-15B-V2,2024-06-27,chat_finetuned,15.01,cc-by-sa-4.0,
ZhangShenao/SELM-Llama-3-8B-Instruct-iter-3,2024-07-02,chat_finetuned,8.03,mit,
aaditya/Llama3-OpenBioLLM-70B,2024-08-30,chat_finetuned,70.0,llama3,
abacusai/Dracarys-72B-Instruct,2024-08-16,chat_finetuned,72.706,other,license_unverified;
abacusai/Liberated-Qwen1.5-14B,2024-09-05,chat_finetuned,14.0,other,license_unverified;
abacusai/Llama-3-Smaug-8B,2024-07-02,chat_finetuned,8.03,llama2,
abacusai/Smaug-34B-v0.1,2024-06-12,chat_finetuned,34.389,apache-2.0,
abacusai/Smaug-72B-v0.1,2024-06-12,chat_finetuned,72.289,other,license_unverified;
abacusai/Smaug-Llama-3-70B-Instruct-32K,2024-08-06,chat_finetuned,70.554,llama3,
abacusai/Smaug-Mixtral-v0.1,2024-08-30,chat_finetuned,46.703,apache-2.0,
abacusai/Smaug-Qwen2-72B-Instruct,2024-07-29,chat_finetuned,72.706,other,license_unverified;
abacusai/bigstral-12b-32k,2024-09-04,merge,12.476,apache-2.0,
abacusai/bigyi-15b,2024-09-17,merge,15.058,other,license_unverified;
abhishek/autotrain-0tmgq-5tpbg,2024-12-03,chat_finetuned,0.135,other,license_unverified;
abhishek/autotrain-0tmgq-5tpbg,2024-12-04,chat_finetuned,0.135,other,license_unverified;
abhishek/autotrain-llama3-70b-orpo-v1,2024-08-30,chat_finetuned,70.554,other,license_unverified;
abhishek/autotrain-llama3-70b-orpo-v2,2024-08-21,chat_finetuned,70.554,other,license_unverified;
abhishek/autotrain-llama3-orpo-v2,2024-06-26,chat_finetuned,8.03,other,license_unverified;
abhishek/autotrain-vr4a1-e5mms,2024-09-06,chat_finetuned,16.061,other,license_unverified;
abideen/MedPhi-4-14B-v1,2025-01-13,chat_finetuned,14.66,,license_unverified;
adamo1139/Yi-34B-200K-AEZAKMI-v2,2024-06-26,chat_finetuned,34.389,apache-2.0,
adriszmar/QAIMath-Qwen2.5-7B-TIES,2024-10-27,merge,7.616,apache-2.0,
adriszmar/QAIMath-Qwen2.5-7B-TIES,2024-10-27,merge,7.616,apache-2.0,
aevalone/distill_qw_test,2025-03-05,chat_finetuned,7.616,apache-2.0,
agentlans/Gemma2-9B-AdvancedFuse,2025-01-21,merge,9.242,gemma,
agentlans/Llama-3.2-1B-Instruct-CrashCourse12K,2025-01-05,chat_finetuned,1.236,llama3.2,
agentlans/Llama3.1-8B-drill,2024-12-27,merge,8.03,,license_unverified;
agentlans/Llama3.1-Daredevilish,2025-01-22,merge,8.03,llama3.1,
agentlans/Llama3.1-Daredevilish-Instruct,2025-01-22,merge,8.03,llama3.1,
agentlans/Llama3.1-LexiHermes-SuperStorm,2025-02-19,merge,8.03,llama3.1,
agentlans/Llama3.1-SuperDeepFuse,2025-01-21,merge,8.03,llama3.1,
agentlans/Llama3.1-SuperDeepFuse-CrashCourse12K,2025-01-24,chat_finetuned,8.03,llama3.1,
agentlans/Qwen2.5-0.5B-Instruct-CrashCourse-dropout,2025-01-01,chat_finetuned,0.494,apache-2.0,
ahmeda335/13_outOf_32_pruned_layers_llama3.1-8b,2024-12-03,chat_finetuned,5.195,apache-2.0,
ai21labs/Jamba-v0.1,2024-09-16,pretrained,51.57,apache-2.0,
ai4bharat/Airavata,2025-02-06,chat_finetuned,6.87,llama2,
aixonlab/Aether-12b,2024-10-09,merge,12.248,apache-2.0,
aixonlab/Grey-12b,2024-10-09,merge,12.248,apache-2.0,
aixonlab/Zara-14b-v1.2,2025-02-24,chat_finetuned,14.766,apache-2.0,
akhadangi/Llama3.2.1B.0.01-First,2025-03-10,chat_finetuned,1.236,llama3.2,
akhadangi/Llama3.2.1B.0.01-Last,2025-03-10,chat_finetuned,1.236,llama3.2,
akhadangi/Llama3.2.1B.0.1-First,2025-03-10,chat_finetuned,1.236,llama3.2,
akhadangi/Llama3.2.1B.0.1-Last,2025-03-10,chat_finetuned,1.236,llama3.2,
akhadangi/Llama3.2.1B.BaseFiT,2025-03-10,chat_finetuned,1.236,llama3.2,
akjindal53244/Llama-3.1-Storm-8B,2024-10-27,chat_finetuned,8.03,llama3.1,
akjindal53244/Llama-3.1-Storm-8B,2024-11-26,chat_finetuned,8.03,llama3.1,
alcholjung/llama3_medical_tuned,2024-08-14,chat_finetuned,16.061,,license_unverified;
allenai/Llama-3.1-Tulu-3-70B,2024-11-27,chat_finetuned,70.554,llama3.1,
allenai/Llama-3.1-Tulu-3-70B,2024-11-27,chat_finetuned,70.554,llama3.1,
allenai/Llama-3.1-Tulu-3-70B-DPO,2024-11-27,chat_finetuned,70.0,llama3.1,
allenai/Llama-3.1-Tulu-3-70B-SFT,2024-11-27,chat_finetuned,70.554,llama3.1,
allenai/Llama-3.1-Tulu-3-8B,2024-11-21,chat_finetuned,8.03,llama3.1,
allenai/Llama-3.1-Tulu-3-8B,2024-11-28,chat_finetuned,8.03,llama3.1,
allenai/Llama-3.1-Tulu-3-8B-DPO,2024-11-22,chat_finetuned,8.0,llama3.1,
allenai/Llama-3.1-Tulu-3-8B-RM,2024-11-22,chat_finetuned,8.0,llama3.1,
allenai/Llama-3.1-Tulu-3-8B-SFT,2024-11-22,chat_finetuned,8.03,llama3.1,
allenai/OLMo-1.7-7B-hf,,other,0.0,apache-2.0,missing_submission_date;invalid_N;
allenai/OLMo-1B-hf,2024-06-12,pretrained,1.177,apache-2.0,
allenai/OLMo-2-1124-7B-Instruct,2025-01-07,chat_finetuned,7.299,apache-2.0,
allenai/OLMo-7B-Instruct-hf,2024-06-27,chat_finetuned,7.0,apache-2.0,
allenai/OLMo-7B-hf,2024-06-27,pretrained,6.888,apache-2.0,
allenai/OLMoE-1B-7B-0125-Instruct,2025-02-18,pretrained,6.919,apache-2.0,
allenai/OLMoE-1B-7B-0924,2024-09-30,pretrained,6.919,apache-2.0,
allenai/OLMoE-1B-7B-0924-Instruct,2024-09-30,chat_finetuned,6.919,apache-2.0,
allknowingroger/Chocolatine-24B,2024-09-02,merge,24.184,apache-2.0,
allknowingroger/Gemma2Slerp1-2.6B,2024-12-06,merge,2.614,,license_unverified;
allknowingroger/Gemma2Slerp1-27B,2024-12-06,merge,27.227,apache-2.0,
allknowingroger/Gemma2Slerp2-2.6B,2024-12-06,merge,2.614,,license_unverified;
allknowingroger/Gemma2Slerp2-27B,2024-12-06,merge,27.227,apache-2.0,
allknowingroger/Gemma2Slerp3-27B,2024-12-06,merge,27.227,apache-2.0,
allknowingroger/Gemma2Slerp4-27B,2024-12-06,merge,27.227,apache-2.0,
allknowingroger/GemmaSlerp-9B,2024-11-22,merge,9.242,apache-2.0,
allknowingroger/GemmaSlerp2-9B,2024-11-22,merge,9.242,apache-2.0,
allknowingroger/GemmaSlerp4-10B,2024-11-22,merge,10.159,apache-2.0,
allknowingroger/GemmaSlerp5-10B,2024-11-22,merge,10.159,apache-2.0,
allknowingroger/GemmaStock1-27B,2024-12-06,merge,27.227,apache-2.0,
allknowingroger/HomerSlerp1-7B,2024-11-22,merge,7.616,apache-2.0,
allknowingroger/HomerSlerp2-7B,2024-11-22,merge,7.616,apache-2.0,
allknowingroger/HomerSlerp3-7B,2024-11-22,merge,7.616,apache-2.0,
allknowingroger/HomerSlerp4-7B,2024-11-22,merge,7.616,apache-2.0,
allknowingroger/LimyQstar-7B-slerp,2024-06-26,merge,7.242,apache-2.0,
allknowingroger/Llama3.1-60B,2024-10-08,merge,61.997,,license_unverified;
allknowingroger/Marco-01-slerp1-7B,2024-11-22,merge,7.616,apache-2.0,
allknowingroger/Meme-7B-slerp,2024-06-26,merge,7.242,apache-2.0,
allknowingroger/Ministral-8B-slerp,2024-10-21,merge,7.248,,license_unverified;
allknowingroger/MistralPhi3-11B,2024-09-02,merge,11.234,apache-2.0,
allknowingroger/Mistralmash1-7B-s,2024-09-02,merge,7.242,apache-2.0,
allknowingroger/Mistralmash2-7B-s,2024-09-02,merge,7.242,apache-2.0,
allknowingroger/MixTAO-19B-pass,2024-06-26,merge,19.188,apache-2.0,
allknowingroger/MixTaoTruthful-13B-slerp,2024-06-26,merge,12.879,apache-2.0,
allknowingroger/MultiCalm-7B-slerp,2024-06-26,merge,7.242,apache-2.0,
allknowingroger/MultiMash-12B-slerp,2024-06-26,merge,12.879,apache-2.0,
allknowingroger/MultiMash10-13B-slerp,2024-06-26,merge,12.879,apache-2.0,
allknowingroger/MultiMash11-13B-slerp,2024-06-26,merge,12.879,apache-2.0,
allknowingroger/MultiMash2-12B-slerp,2024-06-26,merge,12.879,apache-2.0,
allknowingroger/MultiMash5-12B-slerp,2024-06-26,merge,12.879,,license_unverified;
allknowingroger/MultiMash6-12B-slerp,2024-06-26,merge,12.879,apache-2.0,
allknowingroger/MultiMash7-12B-slerp,2024-06-26,merge,12.879,apache-2.0,
allknowingroger/MultiMash8-13B-slerp,2024-09-02,merge,12.879,apache-2.0,
allknowingroger/MultiMash9-13B-slerp,2024-06-26,merge,12.879,apache-2.0,
allknowingroger/MultiMerge-7B-slerp,2024-06-26,merge,7.242,apache-2.0,
allknowingroger/Multimash3-12B-slerp,2024-06-26,merge,12.879,apache-2.0,
allknowingroger/Multimerge-19B-pass,2024-06-26,merge,19.188,,license_unverified;
allknowingroger/MultiverseEx26-7B-slerp,2024-06-26,merge,7.242,apache-2.0,
allknowingroger/NeuralWestSeverus-7B-slerp,2024-06-26,merge,7.242,apache-2.0,
allknowingroger/Neuralcoven-7B-slerp,2024-06-26,merge,7.242,apache-2.0,
allknowingroger/Neuralmultiverse-7B-slerp,2024-06-26,merge,7.242,apache-2.0,
allknowingroger/Ph3della5-14B,2024-10-08,merge,13.96,apache-2.0,
allknowingroger/Ph3merge-14B,2024-09-02,merge,13.619,apache-2.0,
allknowingroger/Ph3merge2-14B,2024-10-08,merge,13.619,,license_unverified;
allknowingroger/Ph3merge3-14B,2024-09-02,merge,13.619,,license_unverified;
allknowingroger/Ph3task1-14B,2024-10-08,merge,13.96,apache-2.0,
allknowingroger/Ph3task2-14B,2024-10-08,merge,13.96,apache-2.0,
allknowingroger/Ph3task3-14B,2024-10-08,merge,13.96,apache-2.0,
allknowingroger/Ph3unsloth-3B-slerp,2024-06-26,merge,3.821,apache-2.0,
allknowingroger/Phi3mash1-17B-pass,2024-09-02,merge,16.687,apache-2.0,
allknowingroger/Quen2-65B,2024-09-19,merge,63.923,,license_unverified;
allknowingroger/Qwen2.5-42B-AGI,2024-10-21,merge,42.516,,license_unverified;
allknowingroger/Qwen2.5-7B-task2,2024-11-04,merge,7.616,apache-2.0,
allknowingroger/Qwen2.5-7B-task3,2024-11-04,merge,7.616,apache-2.0,
allknowingroger/Qwen2.5-7B-task4,2024-11-04,merge,7.616,apache-2.0,
allknowingroger/Qwen2.5-7B-task7,2024-11-04,merge,7.616,apache-2.0,
allknowingroger/Qwen2.5-7B-task8,2024-11-04,merge,7.616,apache-2.0,
allknowingroger/Qwen2.5-slerp-14B,2024-10-21,merge,14.77,apache-2.0,
allknowingroger/QwenSlerp12-7B,2024-11-22,merge,7.616,apache-2.0,
allknowingroger/QwenSlerp4-14B,2024-12-06,merge,14.766,,license_unverified;
allknowingroger/QwenSlerp5-14B,2024-12-06,merge,14.766,,license_unverified;
allknowingroger/QwenSlerp6-14B,2024-12-06,merge,14.766,apache-2.0,
allknowingroger/QwenStock1-14B,2024-12-06,merge,14.766,apache-2.0,
allknowingroger/QwenStock2-14B,2024-12-06,merge,14.766,apache-2.0,
allknowingroger/QwenStock3-14B,2024-12-06,merge,14.766,apache-2.0,
allknowingroger/Qwenslerp2-14B,2024-10-21,merge,14.77,apache-2.0,
allknowingroger/Qwenslerp2-7B,2024-11-04,merge,7.616,apache-2.0,
allknowingroger/Qwenslerp3-14B,2024-10-21,merge,14.77,apache-2.0,
allknowingroger/Qwenslerp3-7B,2024-11-04,merge,7.616,apache-2.0,
allknowingroger/ROGERphi-7B-slerp,2024-06-26,merge,7.242,apache-2.0,
allknowingroger/RogerMerge-7B-slerp,2024-06-26,merge,7.242,apache-2.0,
allknowingroger/Rombos-LLM-V2.5-Qwen-42b,2024-10-21,merge,42.516,,license_unverified;
allknowingroger/Strangecoven-7B-slerp,2024-06-26,merge,7.242,apache-2.0,
allknowingroger/Weirdslerp2-25B,2024-10-21,merge,25.204,,license_unverified;
allknowingroger/WestlakeMaziyar-7B-slerp,2024-06-26,merge,7.242,apache-2.0,
allknowingroger/YamMaths-7B-slerp,2024-06-26,merge,7.242,apache-2.0,
allknowingroger/Yi-1.5-34B,2024-10-21,merge,34.389,,license_unverified;
allknowingroger/Yi-blossom-40B,2024-09-19,merge,18.769,,license_unverified;
allknowingroger/Yibuddy-35B,2024-10-08,merge,34.389,apache-2.0,
allknowingroger/Yillama-40B,2024-09-19,merge,34.389,,license_unverified;
allknowingroger/Yislerp-34B,2024-09-19,merge,34.389,apache-2.0,
allknowingroger/Yislerp2-34B,2024-10-08,merge,34.389,apache-2.0,
allknowingroger/Yunconglong-13B-slerp,2024-06-26,merge,12.879,,license_unverified;
allknowingroger/limyClown-7B-slerp,2024-06-26,merge,7.242,apache-2.0,
allknowingroger/llama3-Jallabi-40B-s,2024-09-19,merge,18.769,,license_unverified;
allknowingroger/llama3AnFeng-40B,2024-09-19,merge,39.971,,license_unverified;
allura-org/L3.1-8b-RP-Ink,2025-02-23,chat_finetuned,8.03,llama3.1,
allura-org/MN-12b-RP-Ink,2025-02-23,chat_finetuned,12.248,apache-2.0,
allura-org/MS-Meadowlark-22B,2024-10-24,chat_finetuned,22.247,other,license_unverified;
allura-org/Mistral-Small-24b-Sertraline-0304,2025-03-04,chat_finetuned,23.572,apache-2.0,
allura-org/Mistral-Small-Sisyphus-24b-2503,2025-03-03,chat_finetuned,23.572,apache-2.0,
allura-org/MoE-Girl-1BA-7BT,2024-10-10,chat_finetuned,6.919,apache-2.0,
allura-org/TQ2.5-14B-Aletheia-v1,2024-12-29,chat_finetuned,14.77,apache-2.0,
allura-org/TQ2.5-14B-Neon-v1,2025-02-17,chat_finetuned,14.77,apache-2.0,
allura-org/Teleut-7b,2025-01-01,chat_finetuned,7.616,apache-2.0,
aloobun/Meta-Llama-3-7B-28Layers,2024-06-26,chat_finetuned,7.158,llama3,
aloobun/d-SmolLM2-360M,2024-11-26,chat_finetuned,0.362,apache-2.0,
alpindale/WizardLM-2-8x22B,2024-06-28,chat_finetuned,140.621,apache-2.0,
alpindale/magnum-72b-v1,2024-07-25,chat_finetuned,72.706,other,license_unverified;
altomek/YiSM-34B-0rn,2024-06-27,merge,34.389,apache-2.0,
amazon/MegaBeam-Mistral-7B-300k,2024-10-07,chat_finetuned,7.242,apache-2.0,
amd/AMD-Llama-135m,2024-09-29,chat_finetuned,0.135,apache-2.0,
amd/AMD-Llama-135m,2024-10-01,pretrained,0.134,apache-2.0,
anakin87/gemma-2b-orpo,2024-07-06,chat_finetuned,2.506,other,license_unverified;
anthracite-org/magnum-v1-72b,2024-09-21,chat_finetuned,72.706,other,license_unverified;
anthracite-org/magnum-v2-12b,2024-09-05,chat_finetuned,12.248,apache-2.0,
anthracite-org/magnum-v2-72b,2024-09-05,chat_finetuned,72.706,other,license_unverified;
anthracite-org/magnum-v2.5-12b-kto,2024-08-29,chat_finetuned,12.248,apache-2.0,
anthracite-org/magnum-v3-27b-kto,2024-09-15,chat_finetuned,27.227,gemma,
anthracite-org/magnum-v3-34b,2024-09-18,chat_finetuned,34.389,apache-2.0,
anthracite-org/magnum-v3-9b-chatml,2024-09-18,chat_finetuned,9.242,gemma,
anthracite-org/magnum-v3-9b-customgemma2,2024-09-18,chat_finetuned,9.242,gemma,
anthracite-org/magnum-v4-12b,2024-10-23,chat_finetuned,12.248,apache-2.0,
anthracite-org/magnum-v4-22b,2024-10-23,chat_finetuned,22.247,other,license_unverified;
anthracite-org/magnum-v4-27b,2024-10-23,chat_finetuned,27.227,gemma,
anthracite-org/magnum-v4-9b,2024-10-23,chat_finetuned,9.242,gemma,
apple/DCLM-7B,2024-08-16,pretrained,7.0,apple-ascl,license_unverified;
appvoid/arco-2,2024-12-23,merge,0.514,apache-2.0,
appvoid/arco-2-instruct,2024-12-27,merge,0.514,apache-2.0,
arcee-ai/Arcee-Blitz,2025-02-21,chat_finetuned,23.572,apache-2.0,
arcee-ai/Arcee-Maestro-7B-Preview,2025-02-21,chat_finetuned,7.613,apache-2.0,
arcee-ai/Arcee-Nova,2024-09-19,chat_finetuned,72.706,other,license_unverified;
arcee-ai/Arcee-Spark,2024-06-26,chat_finetuned,7.616,apache-2.0,
arcee-ai/Arcee-Spark,2024-06-26,chat_finetuned,7.616,apache-2.0,
arcee-ai/Llama-3.1-SuperNova-Lite,2024-09-17,chat_finetuned,8.03,llama3,
arcee-ai/Llama-Spark,2024-08-08,chat_finetuned,8.03,llama3,
arcee-ai/SuperNova-Medius,2024-10-22,chat_finetuned,14.77,apache-2.0,
arcee-ai/Virtuoso-Lite,2025-01-28,chat_finetuned,10.306,other,license_unverified;
arcee-ai/Virtuoso-Small,2024-12-03,chat_finetuned,14.77,apache-2.0,
arcee-ai/Virtuoso-Small-v2,2025-01-30,chat_finetuned,14.766,apache-2.0,
arcee-ai/raspberry-3B,2024-10-07,chat_finetuned,3.086,other,license_unverified;
argilla/notus-7b-v1,2024-06-27,chat_finetuned,7.242,mit,
argilla/notux-8x7b-v1,2024-06-12,chat_finetuned,46.703,apache-2.0,
argilla-warehouse/Llama-3.1-8B-MagPie-Ultra,2024-09-30,chat_finetuned,8.03,llama3.1,
arisin/orca-platypus-13B-slerp,2024-11-23,merge,13.016,apache-2.0,
arshiaafshani/Arsh-V1,2025-02-25,chat_finetuned,13.96,,license_unverified;
asharsha30/LLAMA_Harsha_8_B_ORDP_10k,2024-12-01,chat_finetuned,8.03,apache-2.0,
ashercn97/a1-v0.0.1,2024-11-28,chat_finetuned,7.616,,license_unverified;
ashercn97/a1-v002,2024-11-29,chat_finetuned,7.616,apache-2.0,
assskelad/smollm2-360M-sft_SmallThoughts,2025-03-12,chat_finetuned,0.362,,license_unverified;
athirdpath/Llama-3.1-Instruct_NSFW-pretrained_e1-plus_reddit,2024-08-01,chat_finetuned,8.03,apache-2.0,
automerger/YamshadowExperiment28-7B,2024-06-29,merge,7.242,apache-2.0,
avemio/GRAG-NEMO-12B-ORPO-HESSIAN-AI,2025-01-15,chat_finetuned,12.248,apache-2.0,
awnr/Mistral-7B-v0.1-signtensors-1-over-2,2024-07-30,pretrained,7.242,apache-2.0,
awnr/Mistral-7B-v0.1-signtensors-1-over-4,2024-07-29,pretrained,7.0,apache-2.0,
awnr/Mistral-7B-v0.1-signtensors-3-over-8,2024-07-29,pretrained,7.242,apache-2.0,
awnr/Mistral-7B-v0.1-signtensors-5-over-16,2024-07-29,pretrained,7.242,apache-2.0,
awnr/Mistral-7B-v0.1-signtensors-7-over-16,2024-07-29,pretrained,7.242,apache-2.0,
aws-prototyping/MegaBeam-Mistral-7B-512k,2024-10-07,chat_finetuned,7.242,apache-2.0,
axolotl-ai-co/romulus-mistral-nemo-12b-simpo,2024-09-21,chat_finetuned,12.248,apache-2.0,
baconnier/Napoleon_24B_V0.0,2025-03-03,chat_finetuned,23.572,,license_unverified;
baconnier/Napoleon_24B_V0.2,2025-02-17,merge,23.572,,license_unverified;
baebee/7B-Cetacea,2025-03-10,merge,7.242,,license_unverified;
baebee/mergekit-model_stock-nzjnheg,2025-02-27,merge,7.616,,license_unverified;
baebee/mergekit-ties-fnjenli,2025-02-24,merge,7.616,,license_unverified;
bamec66557/MISCHIEVOUS-12B,2024-12-18,merge,12.248,apache-2.0,
bamec66557/MISCHIEVOUS-12B-Mix_0.1v,2024-12-18,chat_finetuned,12.248,apache-2.0,
bamec66557/MISCHIEVOUS-12B-Mix_0.2v,2024-12-18,merge,12.248,apache-2.0,
bamec66557/MISCHIEVOUS-12B-Mix_0.3v,2024-12-18,merge,12.248,apache-2.0,
bamec66557/MISCHIEVOUS-12B-Mix_0.4v,2024-12-16,merge,12.248,apache-2.0,
bamec66557/MISCHIEVOUS-12B-Mix_0.5v,2024-12-16,merge,12.248,apache-2.0,
bamec66557/MISCHIEVOUS-12B-Mix_0.6v,2024-12-19,merge,12.248,apache-2.0,
bamec66557/MISCHIEVOUS-12B-Mix_III_IV_V,2024-12-19,merge,12.248,mit,
bamec66557/MISCHIEVOUS-12B-Mix_III_ex_V,2024-12-18,merge,12.248,apache-2.0,
bamec66557/MISCHIEVOUS-12B-Mix_Neo,2024-12-19,chat_finetuned,12.248,apache-2.0,
bamec66557/Mistral-Nemo-VICIOUS_MESH-12B-2407,2024-12-22,merge,12.248,apache-2.0,
bamec66557/NameLess-12B-prob,2024-12-25,merge,12.248,apache-2.0,
bamec66557/VICIOUS_MESH-12B,2024-12-18,merge,6.124,,license_unverified;
bamec66557/VICIOUS_MESH-12B-0.1v,2024-12-18,merge,6.124,,license_unverified;
bamec66557/VICIOUS_MESH-12B-0.X.ver,2024-12-18,merge,6.124,,license_unverified;
bamec66557/VICIOUS_MESH-12B-ALPHA,2024-12-20,chat_finetuned,12.248,apache-2.0,
bamec66557/VICIOUS_MESH-12B-BETA,2024-12-20,merge,12.248,apache-2.0,
bamec66557/VICIOUS_MESH-12B-DELTA,2024-12-21,chat_finetuned,6.124,,license_unverified;
bamec66557/VICIOUS_MESH-12B-DIGAMMA,2024-12-21,merge,6.124,,license_unverified;
bamec66557/VICIOUS_MESH-12B-EPSILON,2024-12-21,merge,6.124,,license_unverified;
bamec66557/VICIOUS_MESH-12B-GAMMA,2024-12-20,merge,12.248,apache-2.0,
bamec66557/VICIOUS_MESH-12B-NEMO,2024-12-22,chat_finetuned,12.248,apache-2.0,
bamec66557/VICIOUS_MESH-12B-OMEGA,2024-12-22,merge,12.248,apache-2.0,
bamec66557/VICIOUS_MESH-12B-UNION,2024-12-21,merge,6.124,,license_unverified;
bamec66557/VICIOUS_MESH-12B_Razor,2024-12-18,merge,6.124,,license_unverified;
bamec66557/mergekit-model_stock-zdaysvi,2024-12-20,chat_finetuned,6.124,,license_unverified;
bamec66557/mergekit-ties-sinbkow,2024-12-21,merge,6.124,,license_unverified;
belztjti/dffghgjh,2025-01-30,chat_finetuned,9.543,,license_unverified;
belztjti/dtfgv,2025-01-29,chat_finetuned,9.543,,license_unverified;
benhaotang/phi4-qwq-sky-t1,2025-01-21,merge,14.66,mit,
beomi/gemma-mling-7b,2024-07-17,continued,8.538,other,license_unverified;
beowolx/CodeNinja-1.0-OpenChat-7B,2024-07-30,chat_finetuned,7.242,mit,
berkeley-nest/Starling-LM-7B-alpha,2024-06-12,chat_finetuned,7.242,apache-2.0,
bfuzzy1/Gunny,2024-12-20,chat_finetuned,3.213,,license_unverified;
bfuzzy1/acheron,2024-12-24,merge,0.514,,license_unverified;
bfuzzy1/acheron-c,2024-12-23,merge,0.514,,license_unverified;
bfuzzy1/acheron-d,2025-01-03,merge,0.514,,license_unverified;
bfuzzy1/acheron-m,2025-01-10,chat_finetuned,0.514,other,license_unverified;
bfuzzy1/acheron-m1a-llama,2025-01-10,chat_finetuned,0.514,other,license_unverified;
bfuzzy1/llambses-1,2025-01-03,merge,7.242,apache-2.0,
bhuvneshsaini/merged_model,2024-12-17,chat_finetuned,4.715,mit,
bigcode/starcoder2-15b,2024-06-09,pretrained,15.958,bigcode-openrail-m,
bigcode/starcoder2-3b,2024-06-09,pretrained,3.03,bigcode-openrail-m,
bigcode/starcoder2-7b,2024-06-09,pretrained,7.174,bigcode-openrail-m,
bigscience/bloom-1b1,2024-06-13,pretrained,1.065,bigscience-bloom-rail-1.0,
bigscience/bloom-1b7,2024-06-13,pretrained,1.722,bigscience-bloom-rail-1.0,
bigscience/bloom-3b,2024-06-13,pretrained,3.003,bigscience-bloom-rail-1.0,
bigscience/bloom-560m,2024-06-13,pretrained,0.559,bigscience-bloom-rail-1.0,
bigscience/bloom-7b1,2024-06-13,pretrained,7.069,bigscience-bloom-rail-1.0,
bluuwhale/L3-SthenoMaid-8B-V1,2025-01-07,merge,8.03,,license_unverified;
bond005/meno-tiny-0.1,2025-01-11,chat_finetuned,1.544,apache-2.0,
bosonai/Higgs-Llama-3-70B,2024-09-18,chat_finetuned,70.554,other,license_unverified;
braindao/DeepSeek-R1-Distill-Qwen-1.5B-Blunt,2025-02-20,chat_finetuned,1.777,,license_unverified;
braindao/DeepSeek-R1-Distill-Qwen-1.5B-Reflective,2025-02-20,chat_finetuned,1.777,,license_unverified;
braindao/DeepSeek-R1-Distill-Qwen-14B,2025-03-04,chat_finetuned,14.77,mit,
braindao/DeepSeek-R1-Distill-Qwen-14B-ABUB-ST,2025-03-12,chat_finetuned,14.77,apache-2.0,
braindao/DeepSeek-R1-Distill-Qwen-14B-Blunt,2025-03-03,chat_finetuned,14.77,,license_unverified;
braindao/DeepSeek-R1-Distill-Qwen-14B-Blunt-Uncensored,2025-03-06,chat_finetuned,14.77,,license_unverified;
braindao/DeepSeek-R1-Distill-Qwen-14B-Blunt-Uncensored-Blunt,2025-03-03,chat_finetuned,14.77,,license_unverified;
braindao/DeepSeek-R1-Distill-Qwen-14B-Blunt-Uncensored-Blunt-Reflective,2025-03-05,chat_finetuned,14.77,,license_unverified;
braindao/DeepSeek-R1-Distill-Qwen-14B-Blunt-Uncensored-Reflective,2025-03-05,chat_finetuned,14.77,,license_unverified;
braindao/DeepSeek-R1-Distill-Qwen-14B-Reflective,2025-03-03,chat_finetuned,14.77,,license_unverified;
braindao/DeepSeek-R1-Distill-Qwen-7B,2025-03-04,chat_finetuned,7.616,mit,
braindao/DeepSeek-R1-Distill-Qwen-7B-Blunt,2025-03-03,chat_finetuned,7.616,,license_unverified;
braindao/DeepSeek-R1-Distill-Qwen-7B-ORPO-Uncensored,2025-03-13,chat_finetuned,7.616,apache-2.0,
braindao/DeepSeek-R1-Distill-Qwen-7B-Reflective,2025-03-03,chat_finetuned,7.616,,license_unverified;
braindao/Qwen2.5-14B,2025-03-06,pretrained,14.77,apache-2.0,
braindao/Qwen2.5-14B-Instruct,2025-03-06,chat_finetuned,14.77,apache-2.0,
braindao/iq-code-evmind-0.5b,2025-02-20,chat_finetuned,0.494,apache-2.0,
brgx53/3Bgeneral-ECE-PRYMMAL-Martial,2024-10-23,merge,3.821,apache-2.0,
brgx53/3Bgeneralv2-ECE-PRYMMAL-Martial,2024-11-08,merge,3.0,apache-2.0,
brgx53/3Blareneg-ECE-PRYMMAL-Martial,2024-10-23,merge,3.821,apache-2.0,
brgx53/3Blarenegv2-ECE-PRYMMAL-Martial,2024-11-08,merge,7.616,apache-2.0,
brgx53/Barracuda-PRYMMAL-ECE-TW3,2025-03-10,merge,1.544,,license_unverified;
brgx53/LaConfiance-PRYMMAL-ECE-TW3,2025-03-10,merge,1.777,,license_unverified;
bunnycore/Best-Mix-Llama-3.1-8B,2024-10-10,merge,8.03,,license_unverified;
bunnycore/Blabbertron-1.0,2025-03-03,merge,7.613,,license_unverified;
bunnycore/Blabbertron-1.1,2025-03-04,merge,7.613,,license_unverified;
bunnycore/CyberCore-Qwen-2.1-7B,2024-11-23,merge,7.616,,license_unverified;
bunnycore/DeepQwen-3B-LCoT-SCE,2025-02-26,merge,3.396,,license_unverified;
bunnycore/DeepSeek-R1-Distill-Qwen-7B-RRP-Ex,2025-01-27,chat_finetuned,7.616,,license_unverified;
bunnycore/DeepThinker-7B-Sce-v1,2025-02-06,merge,7.613,,license_unverified;
bunnycore/DeepThinker-7B-Sce-v2,2025-02-06,merge,7.613,,license_unverified;
bunnycore/FuseCyberMix-Qwen-2.5-7B-Instruct,2024-12-20,merge,7.616,,license_unverified;
bunnycore/FuseQwQen-7B,2024-12-22,merge,7.616,,license_unverified;
bunnycore/FwF-Qwen-7B-0.1,2025-01-06,merge,7.616,,license_unverified;
bunnycore/FwF-Qwen-7B-0.2,2025-01-15,merge,7.616,,license_unverified;
bunnycore/Gemma-2-2B-Smart,2025-01-13,chat_finetuned,2.614,,license_unverified;
bunnycore/Gemma2-9B-TitanFusion,2025-02-13,merge,10.159,,license_unverified;
bunnycore/HyperLlama-3.1-8B,2024-09-05,merge,8.03,apache-2.0,
bunnycore/Llama-3.1-8B-TitanFusion-Mix,2024-09-23,merge,8.03,,license_unverified;
bunnycore/Llama-3.1-8B-TitanFusion-v3,2024-09-22,merge,8.03,,license_unverified;
bunnycore/Llama-3.2-3B-All-Mix,2024-10-20,merge,3.607,,license_unverified;
bunnycore/Llama-3.2-3B-Bespoke-Thought,2025-02-02,chat_finetuned,3.213,,license_unverified;
bunnycore/Llama-3.2-3B-Booval,2024-10-28,chat_finetuned,3.213,,license_unverified;
bunnycore/Llama-3.2-3B-Deep-Test,2025-01-01,merge,1.803,,license_unverified;
bunnycore/Llama-3.2-3B-Deep-Test,2025-01-02,merge,3.607,,license_unverified;
bunnycore/Llama-3.2-3B-Della,2025-01-19,merge,3.607,,license_unverified;
bunnycore/Llama-3.2-3B-Long-Think,2024-10-24,chat_finetuned,3.213,,license_unverified;
bunnycore/Llama-3.2-3B-Mix-Skill,2024-10-24,chat_finetuned,3.607,,license_unverified;
bunnycore/Llama-3.2-3B-ProdigyPlus,2024-10-25,chat_finetuned,3.607,,license_unverified;
bunnycore/Llama-3.2-3B-ProdigyPlusPlus,2024-10-28,chat_finetuned,3.607,,license_unverified;
bunnycore/Llama-3.2-3B-RP-DeepThink,2024-12-27,merge,3.607,,license_unverified;
bunnycore/Llama-3.2-3B-RRStock,2025-02-03,merge,3.607,,license_unverified;
bunnycore/Llama-3.2-3B-ToxicKod,2025-03-11,merge,3.213,,license_unverified;
bunnycore/Llama-3.2-3b-RP-Toxic-Fuse,2025-03-11,merge,3.213,,license_unverified;
bunnycore/Maestro-S1k-7B-Sce,2025-02-21,merge,7.613,,license_unverified;
bunnycore/Phi-3.5-mini-TitanFusion-0.1,2024-10-13,merge,3.821,,license_unverified;
bunnycore/Phi-4-Model-Stock,2025-01-11,merge,14.66,mit,
bunnycore/Phi-4-Model-Stock-v2,2025-01-17,merge,14.66,,license_unverified;
bunnycore/Phi-4-Model-Stock-v3,2025-01-18,merge,14.66,,license_unverified;
bunnycore/Phi-4-Model-Stock-v4,2025-01-25,merge,14.66,,license_unverified;
bunnycore/Phi-4-RP-v0,2025-01-10,merge,14.66,mit,
bunnycore/Phi-4-RR-Shoup,2025-02-02,merge,14.66,,license_unverified;
bunnycore/Phi-4-RStock-v0.1,2025-02-02,merge,14.66,,license_unverified;
bunnycore/Phi-4-ReasoningRP,2025-01-28,chat_finetuned,14.66,mit,
bunnycore/Phi-4-Sce-exp-v0.1,2025-02-07,merge,14.66,,license_unverified;
bunnycore/Phi-4-Stock-Ex,2025-01-16,merge,14.66,,license_unverified;
bunnycore/Phi-4-Stock-RP,2025-01-12,chat_finetuned,14.66,mit,
bunnycore/Phi-4-Trim-Exp1,2025-02-14,merge,7.503,,license_unverified;
bunnycore/Phi-Seek-4-Sce-V1,2025-02-06,merge,14.66,,license_unverified;
bunnycore/Qandora-2.5-7B-Creative,2024-11-20,merge,7.616,,license_unverified;
bunnycore/QandoraExp-7B,2024-11-11,merge,7.616,,license_unverified;
bunnycore/QandoraExp-7B-Persona,2024-11-12,merge,7.616,,license_unverified;
bunnycore/QandoraExp-7B-v2,2024-11-12,merge,7.616,,license_unverified;
bunnycore/QwQen-3B-LCoT,2024-12-26,merge,3.397,,license_unverified;
bunnycore/QwQen-3B-LCoT-R1,2025-02-23,chat_finetuned,3.085,,license_unverified;
bunnycore/Qwen-2.5-7B-Deep-Sky-T1,2025-02-16,merge,7.613,,license_unverified;
bunnycore/Qwen-2.5-7B-Deep-Stock-v1,2025-01-25,merge,7.613,,license_unverified;
bunnycore/Qwen-2.5-7B-Deep-Stock-v4,2025-01-26,merge,7.613,,license_unverified;
bunnycore/Qwen-2.5-7B-Deep-Stock-v5,2025-02-16,merge,7.613,,license_unverified;
bunnycore/Qwen-2.5-7B-Exp-Sce,2025-02-08,merge,7.613,,license_unverified;
bunnycore/Qwen-2.5-7B-R1-Stock,2025-01-24,merge,7.613,,license_unverified;
bunnycore/Qwen-2.5-7B-Stock-Deep-Bespoke,2025-01-25,merge,7.613,,license_unverified;
bunnycore/Qwen-2.5-7b-S1k,2025-02-20,chat_finetuned,7.613,,license_unverified;
bunnycore/Qwen2.5-1.5B-Model-Stock,2025-02-28,merge,1.776,,license_unverified;
bunnycore/Qwen2.5-3B-Model-Stock,2025-01-15,merge,3.396,,license_unverified;
bunnycore/Qwen2.5-3B-Model-Stock-v2,2025-01-15,merge,3.396,,license_unverified;
bunnycore/Qwen2.5-3B-Model-Stock-v3.1,2025-02-25,merge,3.396,,license_unverified;
bunnycore/Qwen2.5-3B-Model-Stock-v3.2,2025-02-26,chat_finetuned,3.396,,license_unverified;
bunnycore/Qwen2.5-3B-Model-Stock-v4.1,2025-02-28,merge,3.396,,license_unverified;
bunnycore/Qwen2.5-3B-RP-Mix,2024-10-22,chat_finetuned,3.397,,license_unverified;
bunnycore/Qwen2.5-3B-RP-Thinker,2024-12-31,merge,3.397,,license_unverified;
bunnycore/Qwen2.5-3B-RP-Thinker-V2,2024-12-31,merge,3.397,,license_unverified;
bunnycore/Qwen2.5-7B-CyberRombos,2024-11-05,merge,7.616,,license_unverified;
bunnycore/Qwen2.5-7B-Fuse-Exp,2025-03-13,merge,7.616,,license_unverified;
bunnycore/Qwen2.5-7B-Instruct-Fusion,2024-11-02,merge,7.616,,license_unverified;
bunnycore/Qwen2.5-7B-Instruct-Merge-Stock-v0.1,2025-03-01,merge,7.613,,license_unverified;
bunnycore/Qwen2.5-7B-MixStock-Sce-V0.3,2025-02-14,chat_finetuned,7.613,,license_unverified;
bunnycore/Qwen2.5-7B-MixStock-V0.1,2025-02-05,merge,7.613,,license_unverified;
bunnycore/Qwen2.5-7B-R1-Bespoke-Stock,2025-01-25,merge,7.613,,license_unverified;
bunnycore/Qwen2.5-7B-R1-Bespoke-Task,2025-01-25,merge,7.613,,license_unverified;
bunnycore/Qwen2.5-7B-RRP-1M,2025-01-26,chat_finetuned,7.613,,license_unverified;
bunnycore/Qwen2.5-7B-RRP-1M-Thinker,2025-02-18,merge,7.613,,license_unverified;
bunnycore/Qwen2.5-7B-RRP-ID,2025-01-27,chat_finetuned,7.616,,license_unverified;
bunnycore/Qwen2.5-7B-Sky-R1-Mini,2025-02-18,merge,7.616,,license_unverified;
bunnycore/QwenMosaic-7B,2024-12-02,merge,7.616,,license_unverified;
bunnycore/Smol-Llama-3.2-3B,2024-12-29,merge,3.607,,license_unverified;
bunnycore/SmolLM2-1.7-Persona,2024-11-15,chat_finetuned,1.711,apache-2.0,
bunnycore/SmolLM2-1.7B-roleplay-lora,2024-11-15,chat_finetuned,3.423,apache-2.0,
bunnycore/Tulu-3.1-8B-SuperNova,2024-11-23,merge,8.03,,license_unverified;
byroneverson/Mistral-Small-Instruct-2409-abliterated,2024-10-13,chat_finetuned,22.247,other,license_unverified;
byroneverson/Yi-1.5-9B-Chat-16K-abliterated,2024-09-03,chat_finetuned,8.829,apache-2.0,
byroneverson/Yi-1.5-9B-Chat-abliterated,2024-09-17,chat_finetuned,8.829,apache-2.0,
c10x/Q-Pluse,2024-10-10,merge,7.616,,license_unverified;
c10x/longthinker,2024-10-10,merge,8.03,,license_unverified;
carsenk/flippa-v6,2024-08-24,chat_finetuned,16.061,llama3.1,
carsenk/phi3.5_mini_exp_825_uncensored,2024-08-29,chat_finetuned,3.821,apache-2.0,
cat-searcher/gemma-2-9b-it-sppo-iter-1,2024-08-09,chat_finetuned,9.242,,license_unverified;
cat-searcher/gemma-2-9b-it-sppo-iter-1-evol-1,2024-08-09,chat_finetuned,9.242,,license_unverified;
cckm/tinymistral_950m,2025-01-13,pretrained,0.955,mit,
cgato/TheSalt-L3-8b-v0.3.2,2024-06-26,chat_finetuned,8.03,cc-by-nc-4.0,
chargoddard/prometheus-2-llama-3-8b,2024-06-26,chat_finetuned,8.03,apache-2.0,
chujiezheng/Llama-3-Instruct-8B-SimPO-ExPO,2024-06-26,chat_finetuned,8.03,llama3,
chujiezheng/Mistral7B-PairRM-SPPO-ExPO,2024-09-21,chat_finetuned,7.242,apache-2.0,
cjvt/GaMS-1B,2025-02-13,continued,1.54,apache-2.0,
cloudyu/Llama-3-70Bx2-MOE,2024-06-27,chat_finetuned,126.926,llama3,
cloudyu/Llama-3.2-3Bx4,2025-01-27,chat_finetuned,9.949,,license_unverified;
cloudyu/Mixtral_11Bx2_MoE_19B,2025-02-16,chat_finetuned,19.188,cc-by-nc-4.0,
cloudyu/Mixtral_34Bx2_MoE_60B,2024-08-22,merge,60.814,apache-2.0,
cloudyu/Mixtral_7Bx2_MoE,2024-12-31,chat_finetuned,12.879,cc-by-nc-4.0,
cloudyu/S1-Llama-3.2-3Bx4-MoE,2025-02-05,chat_finetuned,9.555,llama3,
cloudyu/Yi-34Bx2-MoE-60B-DPO,2024-08-06,chat_finetuned,60.814,apache-2.0,
cluebbers/Llama-3.1-8B-paraphrase-type-generation-apty-ipo,2024-11-18,chat_finetuned,8.03,apache-2.0,
cluebbers/Llama-3.1-8B-paraphrase-type-generation-apty-sigmoid,2024-11-18,chat_finetuned,8.03,apache-2.0,
cluebbers/Llama-3.1-8B-paraphrase-type-generation-etpc,2024-11-18,chat_finetuned,8.03,apache-2.0,
cognitivecomputations/Dolphin3.0-Llama3.1-8B,2025-01-05,chat_finetuned,8.03,llama3.1,
cognitivecomputations/Dolphin3.0-Llama3.2-1B,2025-03-12,chat_finetuned,1.236,llama3.2,
cognitivecomputations/Dolphin3.0-Qwen2.5-0.5B,2025-03-02,chat_finetuned,0.494,apache-2.0,
cognitivecomputations/Dolphin3.0-R1-Mistral-24B,2025-02-07,chat_finetuned,23.572,,license_unverified;
cognitivecomputations/dolphin-2.9-llama3-8b,2024-06-12,chat_finetuned,8.03,other,license_unverified;
cognitivecomputations/dolphin-2.9.1-llama-3-70b,2024-06-27,chat_finetuned,70.554,llama3,
cognitivecomputations/dolphin-2.9.1-yi-1.5-34b,2024-07-27,chat_finetuned,34.389,apache-2.0,
cognitivecomputations/dolphin-2.9.1-yi-1.5-9b,2024-08-02,chat_finetuned,8.829,apache-2.0,
cognitivecomputations/dolphin-2.9.2-Phi-3-Medium,2024-08-05,chat_finetuned,,mit,invalid_N;
cognitivecomputations/dolphin-2.9.2-Phi-3-Medium-abliterated,2024-06-27,chat_finetuned,13.96,mit,
cognitivecomputations/dolphin-2.9.2-Phi-3-Medium-abliterated,2024-08-05,chat_finetuned,13.96,mit,
cognitivecomputations/dolphin-2.9.2-qwen2-72b,2024-10-20,chat_finetuned,72.0,other,license_unverified;
cognitivecomputations/dolphin-2.9.2-qwen2-7b,2024-07-10,chat_finetuned,7.616,apache-2.0,
cognitivecomputations/dolphin-2.9.3-Yi-1.5-34B-32k,2024-07-27,chat_finetuned,34.0,apache-2.0,
cognitivecomputations/dolphin-2.9.3-mistral-7B-32k,2024-07-04,chat_finetuned,7.248,apache-2.0,
cognitivecomputations/dolphin-2.9.3-mistral-nemo-12b,2024-07-26,chat_finetuned,12.248,apache-2.0,
cognitivecomputations/dolphin-2.9.4-gemma2-2b,2024-08-25,chat_finetuned,2.614,gemma,
cognitivecomputations/dolphin-2.9.4-llama3.1-8b,2024-09-17,chat_finetuned,8.03,llama3.1,
collaiborateorg/Collaiborator-MEDLLM-Llama-3-8B-v2,2024-06-27,chat_finetuned,8.03,,license_unverified;
cpayne1303/cp2024,2024-11-26,pretrained,0.031,apache-2.0,
cpayne1303/cp2024-instruct,2024-11-27,continued,0.031,apache-2.0,
cpayne1303/llama-43m-beta,2024-11-30,continued,0.043,apache-2.0,
cpayne1303/llama-43m-beta,2024-12-04,continued,0.043,apache-2.0,
cpayne1303/smallcp2024,2024-11-27,pretrained,0.002,apache-2.0,
crestf411/MN-Slush,2025-01-04,continued,12.248,,license_unverified;
cstr/llama3.1-8b-spaetzle-v90,2024-09-15,merge,8.03,llama3,
cyberagent/calm3-22b-chat,2024-07-04,chat_finetuned,22.543,apache-2.0,
darkc0de/BuddyGlassNeverSleeps,2024-09-16,chat_finetuned,8.03,,license_unverified;
darkc0de/BuddyGlassUncensored2025.2,2025-01-15,chat_finetuned,10.306,apache-2.0,
darkc0de/BuddyGlass_v0.3_Xortron7MethedUpSwitchedUp,2024-09-15,merge,0.007,,license_unverified;
databricks/dbrx-base,,other,0.0,other,license_unverified;missing_submission_date;invalid_N;
databricks/dbrx-instruct,2024-06-12,chat_finetuned,131.597,other,license_unverified;
databricks/dolly-v1-6b,2024-06-12,pretrained,6.0,cc-by-nc-4.0,
databricks/dolly-v2-12b,2024-06-12,chat_finetuned,12.0,mit,
databricks/dolly-v2-3b,2024-06-12,chat_finetuned,3.0,mit,
databricks/dolly-v2-7b,2024-06-12,chat_finetuned,7.0,mit,
davidkim205/Rhea-72b-v0.5,2024-09-15,chat_finetuned,72.0,apache-2.0,
davidkim205/nox-solar-10.7b-v4,2024-10-04,chat_finetuned,10.732,apache-2.0,
deepseek-ai/DeepSeek-R1-Distill-Llama-70B,2025-01-22,chat_finetuned,70.554,mit,
deepseek-ai/DeepSeek-R1-Distill-Llama-8B,2025-01-20,chat_finetuned,8.03,mit,
deepseek-ai/DeepSeek-R1-Distill-Qwen-1.5B,2025-01-20,chat_finetuned,1.777,mit,
deepseek-ai/DeepSeek-R1-Distill-Qwen-14B,2025-01-20,chat_finetuned,14.77,mit,
deepseek-ai/DeepSeek-R1-Distill-Qwen-32B,2025-01-21,chat_finetuned,32.764,mit,
deepseek-ai/DeepSeek-R1-Distill-Qwen-7B,2025-01-20,chat_finetuned,7.616,mit,
deepseek-ai/deepseek-llm-67b-chat,2024-06-12,chat_finetuned,67.0,other,license_unverified;
deepseek-ai/deepseek-llm-7b-base,2024-06-12,pretrained,7.0,other,license_unverified;
deepseek-ai/deepseek-llm-7b-chat,2024-06-12,chat_finetuned,7.0,other,license_unverified;
deepseek-ai/deepseek-moe-16b-base,2024-06-12,pretrained,16.376,other,license_unverified;
deepseek-ai/deepseek-moe-16b-chat,2024-06-12,chat_finetuned,16.376,other,license_unverified;
dfurman/CalmeRys-78B-Orpo-v0.1,2024-09-24,chat_finetuned,77.965,mit,
dfurman/Llama-3-70B-Orpo-v0.1,2024-08-30,chat_finetuned,70.554,llama3,
dfurman/Llama-3-8B-Orpo-v0.1,2024-08-30,chat_finetuned,8.03,llama3,
dfurman/Llama-3-8B-Orpo-v0.1,2024-08-30,chat_finetuned,8.03,llama3,
dfurman/Qwen2-72B-Orpo-v0.1,2024-08-22,chat_finetuned,72.699,other,license_unverified;
dicta-il/dictalm2.0,2024-07-31,continued,7.251,apache-2.0,
dicta-il/dictalm2.0-instruct,2024-07-31,chat_finetuned,7.251,apache-2.0,
distilbert/distilgpt2,2024-06-12,pretrained,0.088,apache-2.0,
divyanshukunwar/SASTRI_1_9B,2024-11-23,chat_finetuned,5.211,apache-2.0,
djuna/G2-BigGSHT-27B-2,2024-11-06,merge,27.227,,license_unverified;
djuna/G2-GSHT,2024-10-05,merge,10.159,,license_unverified;
djuna/Gemma-2-gemmama-9b,2024-10-05,merge,10.159,,license_unverified;
djuna/L3.1-ForStHS,2024-09-15,merge,8.03,,license_unverified;
djuna/L3.1-Promissum_Mane-8B-Della-1.5-calc,2024-10-29,merge,8.03,,license_unverified;
djuna/L3.1-Promissum_Mane-8B-Della-calc,2024-10-20,merge,8.03,,license_unverified;
djuna/L3.1-Purosani-2-8B,2024-10-20,merge,8.03,,license_unverified;
djuna/L3.1-Suze-Vume-calc,2024-09-04,merge,8.03,,license_unverified;
djuna/MN-Chinofun,2024-09-23,merge,12.248,,license_unverified;
djuna/MN-Chinofun-12B-2,2024-11-26,merge,12.248,,license_unverified;
djuna/MN-Chinofun-12B-3,2024-12-05,merge,12.248,,license_unverified;
djuna/MN-Chinofun-12B-4,2025-01-26,merge,12.248,,license_unverified;
djuna/Q2.5-Partron-7B,2024-11-08,merge,7.613,,license_unverified;
djuna/Q2.5-Veltha-14B,2024-12-22,merge,14.766,,license_unverified;
djuna/Q2.5-Veltha-14B-0.5,2024-12-22,merge,14.766,,license_unverified;
djuna-test-lab/TEST-L3.2-ReWish-3B,2024-10-24,merge,3.213,,license_unverified;
djuna-test-lab/TEST-L3.2-ReWish-3B-ties-w-base,2024-10-23,merge,3.213,,license_unverified;
dnhkng/RYS-Medium,2024-07-17,continued,18.731,mit,
dnhkng/RYS-Llama-3-8B-Instruct,2024-08-07,chat_finetuned,8.248,mit,
dnhkng/RYS-Llama-3-Huge-Instruct,2024-08-07,chat_finetuned,99.646,mit,
dnhkng/RYS-Llama-3-Large-Instruct,2024-08-07,chat_finetuned,73.976,mit,
dnhkng/RYS-Llama-3.1-8B-Instruct,2024-08-30,chat_finetuned,8.685,mit,
dnhkng/RYS-Llama3.1-Large,2024-08-22,chat_finetuned,81.677,mit,
dnhkng/RYS-Phi-3-medium-4k-instruct,2024-08-07,pretrained,17.709,mit,
dnhkng/RYS-XLarge,2024-08-07,chat_finetuned,77.965,mit,
dnhkng/RYS-XLarge-base,2024-08-30,chat_finetuned,77.972,mit,
dnhkng/RYS-XLarge2,2024-10-11,chat_finetuned,77.965,,license_unverified;
dreamgen/WizardLM-2-7B,2024-06-27,chat_finetuned,7.242,apache-2.0,
dustinwloring1988/Reflexis-8b-chat-v1,2024-09-14,chat_finetuned,8.03,,license_unverified;
dustinwloring1988/Reflexis-8b-chat-v2,2024-09-14,chat_finetuned,8.03,,license_unverified;
dustinwloring1988/Reflexis-8b-chat-v3,2024-09-14,chat_finetuned,8.03,,license_unverified;
dustinwloring1988/Reflexis-8b-chat-v4,2024-09-14,chat_finetuned,8.03,,license_unverified;
dustinwloring1988/Reflexis-8b-chat-v5,2024-09-14,chat_finetuned,8.03,,license_unverified;
dustinwloring1988/Reflexis-8b-chat-v6,2024-09-14,chat_finetuned,8.03,,license_unverified;
dustinwloring1988/Reflexis-8b-chat-v7,2024-09-14,chat_finetuned,8.0,,license_unverified;
duyhv1411/Llama-3.2-1B-en-vi,2025-03-06,chat_finetuned,1.236,,license_unverified;
duyhv1411/Llama-3.2-3B-en-vi,2025-03-06,chat_finetuned,1.236,,license_unverified;
dwikitheduck/gemma-2-2b-id,2024-11-14,chat_finetuned,2.0,gemma,
dwikitheduck/gemma-2-2b-id-inst,2024-11-24,chat_finetuned,2.0,gemma,
dwikitheduck/gemma-2-2b-id-instruct,2024-11-15,chat_finetuned,2.0,gemma,
dwikitheduck/gen-inst-1,2024-11-24,chat_finetuned,14.77,apache-2.0,
dwikitheduck/gen-try1,2024-11-12,chat_finetuned,14.77,apache-2.0,
dwikitheduck/gen-try1-notemp,2024-11-13,chat_finetuned,14.77,,license_unverified;
dzakwan/dzakwan-MoE-4x7b-Beta,2024-08-05,merge,24.154,apache-2.0,
ehristoforu/Falcon3-8B-Franken-Basestruct,2025-01-06,chat_finetuned,8.406,,license_unverified;
ehristoforu/Falcon3-MoE-2x7B-Insruct,2024-12-22,pretrained,13.401,other,license_unverified;
ehristoforu/Gemma2-9B-it-psy10k-mental_health,2024-07-31,chat_finetuned,9.242,apache-2.0,
ehristoforu/Gemma2-9b-it-train6,2024-07-31,chat_finetuned,9.242,apache-2.0,
ehristoforu/HappyLlama1,2024-11-30,chat_finetuned,8.03,apache-2.0,
ehristoforu/QwenQwen2.5-7B-IT,2025-01-30,chat_finetuned,7.613,,license_unverified;
ehristoforu/QwenQwen2.5-7B-IT-Dare,2025-01-30,chat_finetuned,7.613,,license_unverified;
ehristoforu/RQwen-v0.1,2024-11-24,chat_finetuned,14.77,apache-2.0,
ehristoforu/RQwen-v0.2,2024-11-25,chat_finetuned,14.77,apache-2.0,
ehristoforu/SoRu-0009,2024-11-27,chat_finetuned,0.494,apache-2.0,
ehristoforu/coolqwen-3b-it,2025-01-02,chat_finetuned,3.085,other,license_unverified;
ehristoforu/della-70b-test-v1,2025-02-06,chat_finetuned,70.554,,license_unverified;
ehristoforu/falcon3-ultraset,2025-01-02,chat_finetuned,7.456,apache-2.0,
ehristoforu/fd-lora-merged-16x32,2025-02-02,chat_finetuned,1.776,mit,
ehristoforu/fd-lora-merged-64x128,2025-02-02,chat_finetuned,1.777,mit,
ehristoforu/fp4-14b-it-v1,2025-01-19,chat_finetuned,14.66,,license_unverified;
ehristoforu/fp4-14b-v1-fix,2025-01-20,chat_finetuned,14.66,,license_unverified;
ehristoforu/fq2.5-7b-it-normalize_false,2025-01-16,chat_finetuned,7.616,,license_unverified;
ehristoforu/fq2.5-7b-it-normalize_true,2025-01-16,chat_finetuned,7.616,,license_unverified;
ehristoforu/frqwen2.5-from7b-duable4layers-it,2025-01-17,chat_finetuned,8.545,,license_unverified;
ehristoforu/frqwen2.5-from7b-it,2025-01-17,chat_finetuned,13.206,,license_unverified;
ehristoforu/mllama-3.1-8b-instruct,2024-12-04,merge,8.03,,license_unverified;
ehristoforu/mllama-3.1-8b-it,2024-12-04,merge,8.03,,license_unverified;
ehristoforu/moremerge,2025-01-27,chat_finetuned,7.613,,license_unverified;
ehristoforu/moremerge-upscaled,2025-01-27,chat_finetuned,8.545,,license_unverified;
ehristoforu/phi-4-25b,2025-01-12,chat_finetuned,24.883,,license_unverified;
ehristoforu/qwen2.5-test-32b-it,2024-12-07,chat_finetuned,32.764,,license_unverified;
ehristoforu/qwen2.5-with-lora-think-3b-it,2025-01-10,chat_finetuned,3.086,other,license_unverified;
ehristoforu/rmoe-v1,2025-01-31,chat_finetuned,11.026,mit,
ehristoforu/rufalcon3-3b-it,2025-01-02,chat_finetuned,3.228,apache-2.0,
ehristoforu/ruphi-4b,2025-01-02,chat_finetuned,3.821,apache-2.0,
ehristoforu/testq-32b,2025-01-19,chat_finetuned,56.165,,license_unverified;
ehristoforu/tmoe,2025-01-23,chat_finetuned,11.026,apache-2.0,
ehristoforu/tmoe-v2,2025-01-24,chat_finetuned,11.026,apache-2.0,
ehristoforu/trd-7b-it,2025-01-31,chat_finetuned,7.613,,license_unverified;
ehristoforu/ud-14b,2025-01-28,chat_finetuned,14.766,,license_unverified;
elinas/Chronos-Gold-12B-1.0,2024-09-15,chat_finetuned,12.248,apache-2.0,
ell44ot/gemma-2b-def,2024-11-28,pretrained,1.546,apache-2.0,
euclaise/ReMask-3B,2024-08-10,chat_finetuned,2.795,cc-by-sa-4.0,
eworojoshua/vas-01,2025-02-26,merge,7.616,,license_unverified;
ewre324/Thinker-Llama-3.2-3B-Instruct-Reasoning,2025-01-07,chat_finetuned,3.213,llama3.2,
ewre324/Thinker-Qwen2.5-0.5B-Instruct-Reasoning,2025-01-07,chat_finetuned,0.494,apache-2.0,
ewre324/Thinker-SmolLM2-135M-Instruct-Reasoning,2025-01-07,chat_finetuned,0.135,apache-2.0,
ewre324/ewre324-R1-SmolLM2-135M-Distill,2025-01-30,chat_finetuned,0.135,,license_unverified;
experiment-llm/exp-3-q-r,2024-12-02,chat_finetuned,7.616,apache-2.0,
facebook/opt-1.3b,2024-06-12,pretrained,1.3,other,license_unverified;
facebook/opt-30b,2024-06-12,pretrained,30.0,other,license_unverified;
failspy/Llama-3-8B-Instruct-MopeyMule,2024-09-21,chat_finetuned,8.03,other,license_unverified;
failspy/Llama-3-8B-Instruct-abliterated,2024-07-03,chat_finetuned,8.03,llama3,
failspy/Meta-Llama-3-70B-Instruct-abliterated-v3.5,2024-08-30,chat_finetuned,70.554,llama3,
failspy/Meta-Llama-3-8B-Instruct-abliterated-v3,2025-02-12,chat_finetuned,8.03,llama3,
failspy/Phi-3-medium-4k-instruct-abliterated-v3,2024-07-29,chat_finetuned,13.96,mit,
failspy/llama-3-70B-Instruct-abliterated,2024-07-03,chat_finetuned,70.554,llama3,
fblgit/TheBeagle-v2beta-32B-MGS,2024-10-30,chat_finetuned,32.764,other,license_unverified;
fblgit/TheBeagle-v2beta-32B-MGS,2024-10-20,chat_finetuned,32.764,other,license_unverified;
fblgit/UNA-SimpleSmaug-34b-v1beta,2024-06-30,chat_finetuned,34.389,apache-2.0,
fblgit/UNA-TheBeagle-7b-v1,2024-06-30,chat_finetuned,7.242,cc-by-nc-nd-4.0,license_unverified;
fblgit/UNA-ThePitbull-21.4B-v2,2024-06-30,chat_finetuned,21.421,afl-3.0,license_unverified;
fblgit/cybertron-v4-qw7B-MGS,2024-10-29,chat_finetuned,7.616,other,license_unverified;
fblgit/cybertron-v4-qw7B-UNAMGS,2024-11-18,chat_finetuned,7.616,other,license_unverified;
fblgit/juanako-7b-UNA,2024-06-30,chat_finetuned,7.242,apache-2.0,
fblgit/miniclaus-qw1.5B-UNAMGS,2024-11-01,chat_finetuned,1.777,other,license_unverified;
fblgit/miniclaus-qw1.5B-UNAMGS-GRPO,2025-02-03,chat_finetuned,1.544,other,license_unverified;
fblgit/pancho-v1-qw25-3B-UNAMGS,2024-11-12,continued,3.397,other,license_unverified;
fblgit/una-cybertron-7b-v2-bf16,2024-06-30,chat_finetuned,7.242,apache-2.0,
fhai50032/RolePlayLake-7B,2025-01-17,chat_finetuned,7.242,apache-2.0,
fhai50032/Unaligned-Thinker-PHI-4,2025-01-17,chat_finetuned,14.66,apache-2.0,
flammenai/Llama3.1-Flammades-70B,2024-10-13,chat_finetuned,70.554,llama3.1,
flammenai/Mahou-1.2a-llama3-8B,2024-09-03,chat_finetuned,8.03,llama3,
flammenai/Mahou-1.2a-mistral-7B,2024-09-03,chat_finetuned,7.242,apache-2.0,
flammenai/Mahou-1.5-llama3.1-70B,2024-10-14,chat_finetuned,70.554,llama3.1,
flammenai/Mahou-1.5-mistral-nemo-12B,2024-10-07,chat_finetuned,12.248,apache-2.0,
flammenai/flammen15-gutenberg-DPO-v1-7B,2024-07-10,chat_finetuned,7.242,apache-2.0,
fluently-lm/FluentlyLM-Prinum,2025-02-16,chat_finetuned,32.764,mit,
fluently-lm/Llama-TI-8B,2024-12-07,chat_finetuned,8.03,apache-2.0,
fluently-lm/Llama-TI-8B-Instruct,2025-01-16,chat_finetuned,8.03,apache-2.0,
fluently-sets/FalconThink3-10B-IT,2024-12-29,chat_finetuned,10.306,apache-2.0,
fluently-sets/reasoning-1-1k-demo,2024-12-21,chat_finetuned,14.77,apache-2.0,
formulae/mita-elite-sce-gen1.1-v1-7b-2-26-2025-exp,2025-02-25,merge,7.616,,license_unverified;
formulae/mita-elite-v1.1-7b-2-25-2025,2025-02-25,merge,7.616,,license_unverified;
formulae/mita-elite-v1.1-gen2-7b-2-25-2025,2025-02-25,merge,7.616,,license_unverified;
formulae/mita-elite-v1.2-7b-2-26-2025,2025-02-25,merge,7.616,,license_unverified;
formulae/mita-gen3-7b-2-26-2025,2025-02-25,merge,7.616,,license_unverified;
formulae/mita-gen3-v1.2-7b-2-26-2025,2025-02-25,merge,7.616,,license_unverified;
formulae/mita-math-v2.3-2-25-2025,2025-02-25,merge,7.616,,license_unverified;
formulae/mita-v1-7b,2025-02-24,merge,7.616,,license_unverified;
formulae/mita-v1.1-7b-2-24-2025,2025-02-24,merge,7.616,,license_unverified;
formulae/mita-v1.2-7b-2-24-2025,2025-02-24,merge,7.616,,license_unverified;
frameai/Loxa-4B,2025-01-14,pretrained,4.018,,license_unverified;
freewheelin/free-evo-qwen72b-v0.8-re,2024-09-15,chat_finetuned,72.288,mit,
freewheelin/free-solar-evo-v0.1,2024-08-07,chat_finetuned,10.732,mit,
freewheelin/free-solar-evo-v0.11,2024-08-07,chat_finetuned,10.732,mit,
freewheelin/free-solar-evo-v0.13,2024-08-07,chat_finetuned,10.732,mit,
fulim/FineLlama-3.1-8B,2024-12-15,chat_finetuned,8.0,apache-2.0,
gabrielmbmb/SmolLM-1.7B-Instruct-IFEval,2024-10-11,chat_finetuned,1.711,,license_unverified;
gaverfraxz/Meta-Llama-3.1-8B-Instruct-HalfAbliterated-DELLA,2024-09-23,merge,8.03,llama3.1,
gaverfraxz/Meta-Llama-3.1-8B-Instruct-HalfAbliterated-TIES,2024-09-19,merge,8.03,llama3.1,
gbueno86/Brinebreath-Llama-3.1-70B,2024-08-29,merge,70.554,llama3.1,
gbueno86/Meta-LLama-3-Cat-Smaug-LLama-70b,2024-06-27,merge,70.554,llama3,
ghost-x/ghost-8b-beta-1608,2024-09-17,chat_finetuned,8.03,other,license_unverified;
glaiveai/Reflection-Llama-3.1-70B,2024-10-07,chat_finetuned,69.5,,license_unverified;
gmonsoon/SahabatAI-Llama-11B-Test,2024-11-23,merge,11.52,llama3,
gmonsoon/SahabatAI-MediChatIndo-8B-v1,2024-11-19,chat_finetuned,8.03,llama3,
gmonsoon/SahabatAI-Rebase-8B-Test,2024-11-23,chat_finetuned,8.03,,license_unverified;
gmonsoon/StockSeaLLMs-7B-v1,2024-11-20,chat_finetuned,7.616,,license_unverified;
gmonsoon/gemma2-9b-sahabatai-v1-instruct-BaseTIES,2024-11-17,merge,9.242,gemma,
godlikehhd/alpaca_data_full_2,2025-01-14,chat_finetuned,1.544,apache-2.0,
godlikehhd/alpaca_data_full_3B,2025-01-16,chat_finetuned,3.086,apache-2.0,
godlikehhd/alpaca_data_ifd_max_2600,2025-01-14,chat_finetuned,1.544,apache-2.0,
godlikehhd/alpaca_data_ifd_max_2600_3B,2025-01-16,chat_finetuned,3.086,apache-2.0,
godlikehhd/alpaca_data_ifd_me_max_5200,2025-01-09,chat_finetuned,1.544,,license_unverified;
godlikehhd/alpaca_data_ifd_min_2600,2025-01-15,chat_finetuned,1.544,apache-2.0,
godlikehhd/alpaca_data_ins_ans_max_5200,2025-01-09,chat_finetuned,1.544,,license_unverified;
godlikehhd/alpaca_data_ins_max_5200,2025-01-09,chat_finetuned,1.544,apache-2.0,
godlikehhd/alpaca_data_ins_min_2600,2025-01-14,chat_finetuned,1.544,apache-2.0,
godlikehhd/alpaca_data_ins_min_5200,2025-01-09,chat_finetuned,1.544,apache-2.0,
godlikehhd/alpaca_data_sampled_ifd_5200,2025-01-09,chat_finetuned,1.544,apache-2.0,
godlikehhd/alpaca_data_sampled_ifd_new_5200,2025-01-09,chat_finetuned,1.544,apache-2.0,
godlikehhd/alpaca_data_score_max_0.1_2600,2025-01-14,chat_finetuned,1.544,apache-2.0,
godlikehhd/alpaca_data_score_max_0.3_2600,2025-01-15,chat_finetuned,1.544,apache-2.0,
godlikehhd/alpaca_data_score_max_0.7_2600,2025-01-14,chat_finetuned,1.544,apache-2.0,
godlikehhd/alpaca_data_score_max_2500,2025-01-13,chat_finetuned,1.544,apache-2.0,
godlikehhd/alpaca_data_score_max_2600_3B,2025-01-15,chat_finetuned,3.086,apache-2.0,
godlikehhd/alpaca_data_score_max_5200,2025-01-10,chat_finetuned,1.544,apache-2.0,
godlikehhd/ifd_2500_qwen,2024-12-31,chat_finetuned,1.544,,license_unverified;
godlikehhd/ifd_new_correct_all_sample_2500_qwen,2024-12-31,chat_finetuned,1.544,,license_unverified;
godlikehhd/ifd_new_correct_sample_2500_qwen,2024-12-31,chat_finetuned,1.544,,license_unverified;
godlikehhd/ifd_new_qwen_2500,2024-12-31,chat_finetuned,1.544,,license_unverified;
godlikehhd/qwen-2.5-1.5b-cherry,2024-12-29,chat_finetuned,0.772,,license_unverified;
godlikehhd/qwen_2.5-1.5b-cherry_new,2024-12-29,chat_finetuned,1.544,,license_unverified;
godlikehhd/qwen_full_data_alpaca,2024-12-29,chat_finetuned,1.544,,license_unverified;
godlikehhd/qwen_ins_ans_2500,2024-12-29,chat_finetuned,1.544,,license_unverified;
google/codegemma-1.1-2b,2024-08-12,pretrained,2.506,gemma,
google/flan-t5-base,2024-08-14,pretrained,0.248,apache-2.0,
google/flan-t5-large,2024-08-14,pretrained,0.783,apache-2.0,
google/flan-t5-small,2024-06-27,pretrained,0.077,apache-2.0,
google/flan-t5-xl,2024-08-07,pretrained,2.85,apache-2.0,
google/flan-t5-xl,2024-08-07,pretrained,2.85,apache-2.0,
google/flan-t5-xxl,2024-09-06,chat_finetuned,11.267,apache-2.0,
google/flan-ul2,2024-08-07,pretrained,19.46,apache-2.0,
google/gemma-1.1-2b-it,2024-06-12,chat_finetuned,2.506,gemma,
google/gemma-1.1-7b-it,2024-06-12,chat_finetuned,8.538,gemma,
google/gemma-2-27b,2024-08-24,pretrained,27.227,gemma,
google/gemma-2-27b-it,2024-08-07,chat_finetuned,27.227,gemma,
google/gemma-2-2b,2024-07-31,pretrained,2.614,gemma,
google/gemma-2-2b,2024-07-31,pretrained,2.614,gemma,
google/gemma-2-2b-it,2024-07-31,chat_finetuned,2.614,gemma,
google/gemma-2-2b-jpn-it,2024-10-11,pretrained,2.614,gemma,
google/gemma-2-2b-jpn-it,2024-10-14,chat_finetuned,2.614,gemma,
google/gemma-2-9b,2024-07-11,pretrained,9.0,gemma,
google/gemma-2-9b-it,2024-07-11,chat_finetuned,9.0,gemma,
google/gemma-2b,2024-06-12,pretrained,2.506,gemma,
google/gemma-2b-it,2024-06-12,chat_finetuned,2.506,gemma,
google/gemma-7b,2024-06-08,pretrained,8.538,gemma,
google/gemma-7b-it,2024-06-12,chat_finetuned,8.538,gemma,
google/mt5-base,2024-09-06,chat_finetuned,0.39,apache-2.0,
google/mt5-small,2024-09-06,chat_finetuned,0.17,apache-2.0,
google/mt5-xl,2024-09-06,chat_finetuned,3.23,apache-2.0,
google/mt5-xxl,2024-09-06,chat_finetuned,11.9,apache-2.0,
google/recurrentgemma-2b,2024-06-13,pretrained,2.683,gemma,
google/recurrentgemma-2b-it,2024-06-12,chat_finetuned,2.683,gemma,
google/recurrentgemma-9b,2024-07-04,pretrained,9.0,gemma,
google/recurrentgemma-9b-it,2024-07-05,chat_finetuned,9.0,gemma,
google/switch-base-8,2024-09-06,chat_finetuned,0.62,apache-2.0,
google/umt5-base,2024-09-06,chat_finetuned,,apache-2.0,invalid_N;
goulue5/merging_LLM,2024-11-22,merge,1.544,,license_unverified;
gpt2,2024-06-26,pretrained,0.137,mit,
gpt2,2024-06-26,pretrained,0.137,mit,
gradientai/Llama-3-8B-Instruct-Gradient-1048k,2024-06-12,chat_finetuned,8.03,llama3,
grimjim/DeepSauerHuatuoSkywork-R1-o1-Llama-3.1-8B,2025-01-30,merge,8.03,llama3.1,
grimjim/Gigantes-v1-gemma2-9b-it,2024-12-28,merge,9.242,gemma,
grimjim/Gigantes-v2-gemma2-9b-it,2024-12-29,merge,9.242,gemma,
grimjim/Gigantes-v3-gemma2-9b-it,2024-12-29,merge,9.242,gemma,
grimjim/HuatuoSkywork-o1-Llama-3.1-8B,2025-01-03,merge,8.03,llama3.1,
grimjim/Llama-3-Instruct-8B-SPPO-Iter3-SimPO-merge,2024-06-29,merge,8.03,llama3,
grimjim/Llama-3-Instruct-8B-SimPO-SPPO-Iter3-merge,2024-09-17,merge,8.0,llama3,
grimjim/Llama-3.1-8B-Instruct-abliterated_via_adapter,2024-09-17,chat_finetuned,8.03,llama3.1,
grimjim/Llama-3.1-Bonsaikraft-8B-Instruct,2025-01-25,merge,8.03,llama3.1,
grimjim/Llama-Nephilim-Metamorphosis-v2-8B,2025-01-02,merge,8.03,llama3.1,
grimjim/Llama3.1-SuperNovaLite-HuatuoSkywork-o1-8B,2025-01-07,merge,8.03,llama3.1,
grimjim/Magnolia-v1-Gemma2-8k-9B,2024-12-30,merge,9.242,gemma,
grimjim/Magnolia-v2-12B,2024-12-30,merge,12.248,apache-2.0,
grimjim/Magnolia-v2-Gemma2-8k-9B,2024-12-29,merge,9.242,gemma,
grimjim/Magnolia-v3-12B,2024-12-28,merge,12.248,apache-2.0,
grimjim/Magnolia-v3-Gemma2-8k-9B,2024-12-30,merge,9.242,gemma,
grimjim/Magnolia-v4-12B,2025-02-21,merge,12.248,apache-2.0,
grimjim/Magnolia-v5a-12B,2025-02-21,merge,12.248,apache-2.0,
grimjim/Magot-v1-Gemma2-8k-9B,2024-09-19,merge,9.242,gemma,
grimjim/Magot-v2-Gemma2-8k-9B,2024-12-30,merge,9.242,gemma,
grimjim/SauerHuatuoSkywork-o1-Llama-3.1-8B,2025-01-27,merge,8.03,llama3.1,
grimjim/llama-3-Nephilim-v1-8B,2024-06-26,merge,8.03,cc-by-nc-4.0,
grimjim/llama-3-Nephilim-v2-8B,2024-09-18,merge,8.03,cc-by-nc-4.0,
grimjim/llama-3-Nephilim-v2.1-8B,2024-09-18,merge,8.03,cc-by-nc-4.0,
grimjim/llama-3-Nephilim-v3-8B,2024-08-26,merge,8.03,cc-by-nc-4.0,
gupta-tanish/llama-7b-dpo-baseline,2024-09-29,chat_finetuned,6.738,apache-2.0,
gz987/qwen2.5-7b-cabs-v0.1,2025-02-18,merge,7.616,mit,
gz987/qwen2.5-7b-cabs-v0.2,2025-02-18,merge,7.616,mit,
gz987/qwen2.5-7b-cabs-v0.3,2025-02-18,merge,7.616,mit,
gz987/qwen2.5-7b-cabs-v0.4,2025-02-18,merge,7.616,mit,
h2oai/h2o-danube-1.8b-chat,2025-03-05,chat_finetuned,1.831,apache-2.0,
h2oai/h2o-danube3-4b-base,2024-08-10,continued,3.962,apache-2.0,
h2oai/h2o-danube3-4b-chat,2024-07-15,chat_finetuned,3.962,apache-2.0,
h2oai/h2o-danube3-500m-chat,2024-10-11,chat_finetuned,0.514,apache-2.0,
h2oai/h2o-danube3.1-4b-chat,2024-11-29,chat_finetuned,3.962,apache-2.0,
haoranxu/ALMA-13B-R,2024-10-01,chat_finetuned,13.0,mit,
haoranxu/Llama-3-Instruct-8B-CPO-SimPO,2024-07-28,chat_finetuned,8.03,mit,
haoranxu/Llama-3-Instruct-8B-SimPO,2024-07-28,chat_finetuned,8.03,llama3,
hatemmahmoud/qwen2.5-1.5b-sft-raft-grpo-hra-doc,2025-03-12,chat_finetuned,1.544,,license_unverified;
hon9kon9ize/CantoneseLLMChat-v0.5,2024-07-07,continued,6.069,apache-2.0,
hon9kon9ize/CantoneseLLMChat-v1.0-7B,2024-10-10,chat_finetuned,7.616,other,license_unverified;
hongbai12/li-0.4-pre,2025-03-05,merge,14.77,,license_unverified;
hotmailuser/Deepseek-qwen-modelstock-2B,2025-01-26,merge,1.777,mit,
hotmailuser/Falcon3Slerp1-10B,2024-12-23,merge,10.306,other,license_unverified;
hotmailuser/Falcon3Slerp2-10B,2024-12-23,merge,10.306,other,license_unverified;
hotmailuser/Falcon3Slerp4-10B,2024-12-23,merge,10.306,other,license_unverified;
hotmailuser/FalconSlerp-3B,2025-01-08,merge,3.228,apache-2.0,
hotmailuser/FalconSlerp1-7B,2024-12-23,merge,7.456,other,license_unverified;
hotmailuser/FalconSlerp2-7B,2024-12-23,merge,7.456,other,license_unverified;
hotmailuser/FalconSlerp3-10B,2024-12-23,merge,10.306,other,license_unverified;
hotmailuser/FalconSlerp3-7B,2024-12-23,merge,7.456,other,license_unverified;
hotmailuser/FalconSlerp4-7B,2025-01-08,merge,7.456,,license_unverified;
hotmailuser/FalconSlerp6-7B,2025-01-26,merge,7.456,other,license_unverified;
hotmailuser/Gemma2Crono-27B,2024-12-02,merge,27.227,apache-2.0,
hotmailuser/Gemma2SimPO-27B,2024-12-01,merge,27.227,,license_unverified;
hotmailuser/Gemma2atlas-27B,2024-12-01,merge,27.227,apache-2.0,
hotmailuser/Gemma2magnum-27b,2024-12-02,merge,27.227,,license_unverified;
hotmailuser/Llama-Hermes-slerp-8B,2024-12-23,merge,8.03,apache-2.0,
hotmailuser/Llama-Hermes-slerp2-8B,2024-12-23,merge,8.03,apache-2.0,
hotmailuser/LlamaStock-8B,2025-01-08,merge,8.03,apache-2.0,
hotmailuser/Mistral-modelstock-24B,2025-02-13,merge,23.572,apache-2.0,
hotmailuser/Mistral-modelstock2-24B,2025-02-13,merge,23.572,apache-2.0,
hotmailuser/Phi4-Slerp4-14B,2025-01-26,merge,14.66,,license_unverified;
hotmailuser/Qwen2.5-HomerSlerp-7B,2024-12-07,merge,7.616,apache-2.0,
hotmailuser/QwenModelStock-1.8B,2025-01-08,merge,1.777,apache-2.0,
hotmailuser/QwenSlerp-14B,2025-01-08,merge,14.766,apache-2.0,
hotmailuser/QwenSlerp-3B,2025-01-08,merge,3.397,apache-2.0,
hotmailuser/QwenSlerp-7B,2024-12-23,merge,7.616,apache-2.0,
hotmailuser/QwenSlerp2-14B,2025-01-08,merge,14.766,apache-2.0,
hotmailuser/QwenSlerp2-3B,2025-01-08,merge,3.397,apache-2.0,
hotmailuser/QwenSlerp3-14B,2025-01-08,merge,14.766,apache-2.0,
hotmailuser/QwenSparse-7B,2025-01-08,merge,7.616,apache-2.0,
hotmailuser/QwenStock-0.5B,2025-01-08,merge,0.63,apache-2.0,
hotmailuser/QwenStock-1.7B,2025-01-08,merge,1.777,apache-2.0,
hotmailuser/QwenStock1-14B,2025-01-08,merge,14.766,apache-2.0,
hotmailuser/RombosBeagle-v2beta-MGS-32B,2024-12-23,merge,32.764,apache-2.0,
huggyllama/llama-13b,2024-07-04,chat_finetuned,13.016,other,license_unverified;
huggyllama/llama-65b,2024-06-26,pretrained,65.286,other,license_unverified;
huggyllama/llama-7b,2024-07-04,chat_finetuned,6.738,other,license_unverified;
huihui-ai/DeepSeek-R1-Distill-Qwen-14B-abliterated-v2,2025-01-29,chat_finetuned,14.77,,license_unverified;
huihui-ai/QwQ-32B-Coder-Fusion-7030,2025-01-03,merge,32.764,apache-2.0,
huihui-ai/QwQ-32B-Coder-Fusion-8020,2025-01-03,merge,32.764,apache-2.0,
huihui-ai/QwQ-32B-Coder-Fusion-9010,2024-12-07,merge,32.764,apache-2.0,
huihui-ai/Qwen2.5-14B-Instruct-abliterated-v2,2024-12-07,chat_finetuned,14.77,apache-2.0,
huihui-ai/Qwen2.5-72B-Instruct-abliterated,2024-12-07,chat_finetuned,72.706,other,license_unverified;
huihui-ai/Qwen2.5-7B-Instruct-abliterated,2024-09-24,chat_finetuned,7.616,apache-2.0,
huihui-ai/Qwen2.5-7B-Instruct-abliterated-v2,2024-09-24,chat_finetuned,7.616,apache-2.0,
huu-ontocord/wide_3b_orpo_stage1.1-ss1-orpo3,2025-03-03,pretrained,3.759,,license_unverified;
iFaz/llama31_8B_en_emo_v4,2025-02-28,chat_finetuned,4.777,,license_unverified;
iFaz/llama32_1B_en_emo_v1,2025-01-14,chat_finetuned,0.765,apache-2.0,
iFaz/llama32_3B_en_emo_1000_stp,2025-03-08,chat_finetuned,1.848,apache-2.0,
iFaz/llama32_3B_en_emo_2000_stp,2025-03-07,chat_finetuned,1.848,apache-2.0,
iFaz/llama32_3B_en_emo_300_stp,2025-03-07,chat_finetuned,1.848,apache-2.0,
iFaz/llama32_3B_en_emo_5000_stp,2025-03-08,chat_finetuned,1.848,apache-2.0,
iFaz/llama32_3B_en_emo_v2,2024-12-26,chat_finetuned,1.848,apache-2.0,
iFaz/llama32_3B_en_emo_v3,2025-02-28,chat_finetuned,1.848,apache-2.0,
iRyanBell/ARC1,2024-06-26,chat_finetuned,8.03,llama3,
iRyanBell/ARC1-II,2024-06-26,chat_finetuned,8.03,llama3,
ibivibiv/colossus_120b,2024-06-27,chat_finetuned,117.749,apache-2.0,
ibivibiv/multimaster-7b-v6,2024-06-28,chat_finetuned,35.428,apache-2.0,
ibm/PowerLM-3b,2025-01-07,pretrained,3.512,apache-2.0,
ibm/merlinite-7b,2024-06-09,chat_finetuned,7.242,apache-2.0,
ibm-granite/granite-3.0-1b-a400m-base,,pretrained,1.335,apache-2.0,missing_submission_date;
ibm-granite/granite-3.0-1b-a400m-instruct,,chat_finetuned,1.335,apache-2.0,missing_submission_date;
ibm-granite/granite-3.0-2b-base,,pretrained,2.634,apache-2.0,missing_submission_date;
ibm-granite/granite-3.0-2b-instruct,,chat_finetuned,2.634,apache-2.0,missing_submission_date;
ibm-granite/granite-3.0-3b-a800m-base,,pretrained,3.374,apache-2.0,missing_submission_date;
ibm-granite/granite-3.0-3b-a800m-instruct,2024-10-20,chat_finetuned,3.374,apache-2.0,
ibm-granite/granite-3.0-8b-base,2024-10-20,pretrained,8.171,apache-2.0,
ibm-granite/granite-3.0-8b-instruct,2024-10-20,chat_finetuned,8.171,apache-2.0,
ibm-granite/granite-3.1-1b-a400m-base,2024-12-16,pretrained,1.335,apache-2.0,
ibm-granite/granite-3.1-1b-a400m-instruct,2024-12-16,chat_finetuned,1.335,apache-2.0,
ibm-granite/granite-3.1-2b-base,2024-12-16,pretrained,2.534,apache-2.0,
ibm-granite/granite-3.1-2b-instruct,2024-12-16,chat_finetuned,2.534,apache-2.0,
ibm-granite/granite-3.1-3b-a800m-base,2024-12-16,pretrained,3.299,apache-2.0,
ibm-granite/granite-3.1-3b-a800m-instruct,2024-12-16,chat_finetuned,3.299,apache-2.0,
ibm-granite/granite-3.1-8b-base,2024-12-16,pretrained,8.171,apache-2.0,
ibm-granite/granite-3.1-8b-instruct,2024-12-16,chat_finetuned,8.171,apache-2.0,
ibm-granite/granite-3.2-2b-instruct,2025-02-28,chat_finetuned,2.534,apache-2.0,
ibm-granite/granite-3.2-8b-instruct,2025-02-28,chat_finetuned,8.171,apache-2.0,
ibm-granite/granite-7b-base,2024-06-12,pretrained,6.738,apache-2.0,
ibm-granite/granite-7b-instruct,2024-10-02,chat_finetuned,6.738,apache-2.0,
icefog72/Ice0.15-02.10-RP,2024-10-02,merge,7.242,cc-by-nc-4.0,
icefog72/Ice0.16-02.10-RP,2024-10-02,merge,7.242,cc-by-nc-4.0,
icefog72/Ice0.17-03.10-RP,2024-10-03,merge,7.242,cc-by-nc-4.0,
icefog72/Ice0.27-06.11-RP,2024-11-06,merge,7.242,,license_unverified;
icefog72/Ice0.29-06.11-RP,2024-11-06,merge,7.242,,license_unverified;
icefog72/Ice0.31-08.11-RP,2024-11-08,merge,7.242,cc-by-nc-4.0,
icefog72/Ice0.32-10.11-RP,2024-11-11,merge,7.242,cc-by-nc-4.0,
icefog72/Ice0.34b-14.11-RP,2024-11-14,merge,7.242,cc-by-nc-4.0,
icefog72/Ice0.34n-14.11-RP,2024-11-14,merge,7.242,cc-by-nc-4.0,
icefog72/Ice0.37-18.11-RP,2024-11-18,merge,7.242,cc-by-nc-4.0,
icefog72/Ice0.38-19.11-RP,2024-11-19,merge,7.242,,license_unverified;
icefog72/Ice0.39-19.11-RP,2024-11-20,merge,7.242,,license_unverified;
icefog72/Ice0.40-20.11-RP,2024-11-21,merge,7.242,cc-by-nc-4.0,
icefog72/Ice0.41-22.11-RP,2024-11-22,merge,7.242,cc-by-nc-4.0,
icefog72/Ice0.50-16.01-RP,2025-01-16,merge,7.242,,license_unverified;
icefog72/Ice0.50.1-16.01-RP,2025-01-16,merge,7.242,,license_unverified;
icefog72/Ice0.51-16.01-RP,2025-01-16,merge,7.242,,license_unverified;
icefog72/Ice0.51.1-16.01-RP,2025-01-16,merge,7.242,,license_unverified;
icefog72/Ice0.52-16.01-RP,2025-01-16,merge,7.242,,license_unverified;
icefog72/Ice0.52.1-16.01-RP,2025-01-16,merge,7.242,,license_unverified;
icefog72/Ice0.53-16.01-RP,2025-01-16,merge,7.242,,license_unverified;
icefog72/Ice0.54-17.01-RP,2025-01-17,merge,7.242,,license_unverified;
icefog72/Ice0.55-17.01-RP,2025-01-17,merge,7.242,,license_unverified;
icefog72/Ice0.57-17.01-RP,2025-01-17,merge,7.242,,license_unverified;
icefog72/Ice0.60-18.01-RP,2025-01-18,merge,7.242,,license_unverified;
icefog72/Ice0.60.1-18.01-RP,2025-01-18,merge,7.242,,license_unverified;
icefog72/Ice0.61-18.01-RP,2025-01-18,merge,7.242,,license_unverified;
icefog72/Ice0.62-18.01-RP,2025-01-18,merge,7.242,,license_unverified;
icefog72/Ice0.62.1-24.01-RP,2025-01-24,merge,7.242,,license_unverified;
icefog72/Ice0.64-24.01-RP,2025-01-24,merge,7.242,,license_unverified;
icefog72/Ice0.64.1-24.01-RP,2025-01-24,merge,7.242,,license_unverified;
icefog72/Ice0.65-25.01-RP,2025-01-25,merge,7.242,,license_unverified;
icefog72/Ice0.66-25.01-RP,2025-01-25,merge,7.242,,license_unverified;
icefog72/Ice0.67-25.01-RP,2025-01-25,merge,7.242,,license_unverified;
icefog72/Ice0.68-25.01-RP,2025-01-25,merge,7.242,cc-by-nc-4.0,
icefog72/Ice0.69-25.01-RP,2025-01-26,merge,7.242,cc-by-nc-4.0,
icefog72/Ice0.7-29.09-RP,2024-10-03,merge,7.242,,license_unverified;
icefog72/Ice0.70-25.01-RP,2025-01-26,merge,7.242,cc-by-nc-4.0,
icefog72/Ice0.70.1-01.02-RP,2025-02-01,merge,7.242,,license_unverified;
icefog72/Ice0.73-01.02-RP,2025-02-01,merge,7.242,,license_unverified;
icefog72/Ice0.74-02.02-RP,2025-02-02,merge,7.242,,license_unverified;
icefog72/Ice0.76-02.02-RP,2025-02-02,merge,7.242,,license_unverified;
icefog72/Ice0.77-02.02-RP,2025-02-05,merge,7.242,cc-by-nc-4.0,
icefog72/Ice0.78-02.02-RP,2025-02-02,merge,7.242,,license_unverified;
icefog72/Ice0.80-03.02-RP,2025-02-03,merge,7.242,,license_unverified;
icefog72/IceCocoaRP-7b,2024-06-26,merge,7.242,cc-by-nc-4.0,
icefog72/IceCoffeeRP-7b,2024-06-26,merge,7.242,cc-by-nc-4.0,
icefog72/IceDrinkByFrankensteinV3RP,2024-10-03,merge,7.242,cc-by-nc-4.0,
icefog72/IceDrinkNameGoesHereRP-7b-Model_Stock,2024-09-24,merge,7.242,cc-by-nc-4.0,
icefog72/IceDrinkNameNotFoundRP-7b-Model_Stock,2024-09-15,merge,7.242,cc-by-nc-4.0,
icefog72/IceDrunkCherryRP-7b,2024-09-24,merge,7.242,cc-by-nc-4.0,
icefog72/IceDrunkenCherryRP-7b,2024-11-25,merge,7.242,cc-by-nc-4.0,
icefog72/IceEspressoRPv2-7b,2024-09-11,merge,7.242,,license_unverified;
icefog72/IceLemonTeaRP-32k-7b,2024-07-27,merge,7.242,cc-by-nc-4.0,
icefog72/IceMartiniRP-7b,2024-09-24,chat_finetuned,7.242,cc-by-nc-4.0,
icefog72/IceNalyvkaRP-7b,2025-03-01,merge,7.242,cc-by-nc-4.0,
icefog72/IceSakeRP-7b,2024-08-22,merge,7.242,cc-by-nc-4.0,
icefog72/IceSakeV4RP-7b,2024-06-26,merge,7.242,,license_unverified;
icefog72/IceSakeV6RP-7b,2024-06-26,merge,7.242,,license_unverified;
icefog72/IceSakeV8RP-7b,2024-06-26,merge,7.242,cc-by-nc-4.0,
icefog72/IceTea21EnergyDrinkRPV13-DPOv3,2024-09-06,merge,7.242,,license_unverified;
icefog72/IceTea21EnergyDrinkRPV13-DPOv3.5,2024-09-25,merge,7.242,,license_unverified;
ifable/gemma-2-Ifable-9B,2024-09-25,chat_finetuned,9.242,gemma,
ilsp/Llama-Krikri-8B-Instruct,2025-02-10,chat_finetuned,8.202,llama3.1,
inflatebot/MN-12B-Mag-Mell-R1,2025-01-04,merge,12.248,,license_unverified;
informatiker/Qwen2-7B-Instruct-abliterated,2024-09-15,chat_finetuned,7.616,,license_unverified;
insightfactory/Llama-3.2-3B-Instruct-unsloth-bnb-4bitlora_model,2025-02-19,chat_finetuned,1.933,apache-2.0,
instruction-pretrain/InstructLM-500M,2024-06-27,pretrained,0.5,apache-2.0,
internlm/internlm2-1_8b,2024-06-12,pretrained,8.0,other,license_unverified;
internlm/internlm2-7b,,other,0.0,other,license_unverified;missing_submission_date;invalid_N;
internlm/internlm2-chat-1_8b,2024-06-12,chat_finetuned,1.889,other,license_unverified;
internlm/internlm2_5-1_8b-chat,2024-08-07,chat_finetuned,1.89,other,license_unverified;
internlm/internlm2_5-20b-chat,2024-08-12,chat_finetuned,19.86,other,license_unverified;
internlm/internlm2_5-7b-chat,2024-07-03,chat_finetuned,7.738,other,license_unverified;
intervitens/mini-magnum-12b-v1.1,2024-07-25,chat_finetuned,12.248,apache-2.0,
inumulaisk/eval_model,2025-03-06,chat_finetuned,1.777,,license_unverified;
invalid-coder/Sakura-SOLAR-Instruct-CarbonVillain-en-10.7B-v2-slerp,2024-07-25,merge,10.732,apache-2.0,
invisietch/EtherealRainbow-v0.2-8B,2024-07-01,merge,8.03,llama3,
invisietch/EtherealRainbow-v0.3-8B,2024-07-01,merge,8.03,llama3,
invisietch/MiS-Firefly-v0.2-22B,2024-11-07,chat_finetuned,22.247,other,license_unverified;
invisietch/Nimbus-Miqu-v0.1-70B,2024-07-03,merge,68.977,unknown,license_unverified;
irahulpandey/mistralai-7B-slerp-v0.1,2025-01-30,merge,7.242,apache-2.0,
jaredjoss/pythia-410m-roberta-lr_8e7-kl_01-steps_12000-rlhf-model,2024-08-06,chat_finetuned,0.407,mit,
jaspionjader/Auro-Kosmos-EVAA-v2-8B,2024-12-27,merge,8.03,,license_unverified;
jaspionjader/Auro-Kosmos-EVAA-v2.1-8B,2024-12-27,merge,8.03,,license_unverified;
jaspionjader/Auro-Kosmos-EVAA-v2.2-8B,2024-12-27,merge,8.03,,license_unverified;
jaspionjader/Auro-Kosmos-EVAA-v2.3-8B,2024-12-27,merge,8.03,,license_unverified;
jaspionjader/Kosmos-Aurora_faustus-8B,2024-12-27,merge,8.03,,license_unverified;
jaspionjader/Kosmos-EVAA-8B,2024-12-27,merge,8.03,,license_unverified;
jaspionjader/Kosmos-EVAA-Franken-Immersive-v39-8B,2025-01-05,merge,8.03,,license_unverified;
jaspionjader/Kosmos-EVAA-Franken-v38-8B,2025-01-04,merge,8.03,,license_unverified;
jaspionjader/Kosmos-EVAA-Fusion-8B,2024-12-27,merge,8.03,,license_unverified;
jaspionjader/Kosmos-EVAA-Fusion-8B,2024-12-27,merge,8.03,,license_unverified;
jaspionjader/Kosmos-EVAA-PRP-8B,2024-12-29,merge,8.03,,license_unverified;
jaspionjader/Kosmos-EVAA-PRP-light-8B,2024-12-29,merge,8.03,,license_unverified;
jaspionjader/Kosmos-EVAA-PRP-v23-8B,2024-12-29,merge,8.03,,license_unverified;
jaspionjader/Kosmos-EVAA-PRP-v24-8B,2024-12-29,merge,8.03,,license_unverified;
jaspionjader/Kosmos-EVAA-PRP-v25-8B,2024-12-29,merge,8.03,,license_unverified;
jaspionjader/Kosmos-EVAA-PRP-v26-8B,2024-12-29,merge,8.03,,license_unverified;
jaspionjader/Kosmos-EVAA-PRP-v27-8B,2024-12-29,merge,8.03,,license_unverified;
jaspionjader/Kosmos-EVAA-PRP-v28-8B,2024-12-29,merge,8.03,,license_unverified;
jaspionjader/Kosmos-EVAA-PRP-v29-8B,2024-12-29,merge,8.03,,license_unverified;
jaspionjader/Kosmos-EVAA-PRP-v30-8B,2024-12-30,merge,8.03,,license_unverified;
jaspionjader/Kosmos-EVAA-PRP-v31-8B,2024-12-30,merge,8.03,,license_unverified;
jaspionjader/Kosmos-EVAA-PRP-v32-8B,2024-12-30,merge,8.03,,license_unverified;
jaspionjader/Kosmos-EVAA-PRP-v33-8B,2024-12-30,merge,8.03,,license_unverified;
jaspionjader/Kosmos-EVAA-PRP-v34-8B,2024-12-30,merge,8.03,,license_unverified;
jaspionjader/Kosmos-EVAA-TSN-8B,2024-12-28,chat_finetuned,8.03,,license_unverified;
jaspionjader/Kosmos-EVAA-TSN-light-8B,2024-12-28,merge,8.03,,license_unverified;
jaspionjader/Kosmos-EVAA-TSN-v19-8B,2024-12-28,merge,8.03,,license_unverified;
jaspionjader/Kosmos-EVAA-TSN-v20-8B,2024-12-28,merge,8.03,,license_unverified;
jaspionjader/Kosmos-EVAA-TSN-v21-8B,2024-12-28,merge,8.03,,license_unverified;
jaspionjader/Kosmos-EVAA-TSN-v22-8B,2024-12-28,merge,8.03,,license_unverified;
jaspionjader/Kosmos-EVAA-gamma-8B,2024-12-27,merge,8.03,,license_unverified;
jaspionjader/Kosmos-EVAA-gamma-alt-8B,2024-12-27,merge,8.03,,license_unverified;
jaspionjader/Kosmos-EVAA-gamma-light-8B,2024-12-27,merge,8.03,,license_unverified;
jaspionjader/Kosmos-EVAA-gamma-light-alt-8B,2024-12-27,merge,8.03,,license_unverified;
jaspionjader/Kosmos-EVAA-gamma-ultra-light-8B,2024-12-28,merge,8.03,,license_unverified;
jaspionjader/Kosmos-EVAA-gamma-v13-8B,2024-12-27,merge,8.03,,license_unverified;
jaspionjader/Kosmos-EVAA-gamma-v14-8B,2024-12-28,merge,8.03,,license_unverified;
jaspionjader/Kosmos-EVAA-gamma-v15-8B,2024-12-28,merge,8.03,,license_unverified;
jaspionjader/Kosmos-EVAA-gamma-v16-8B,2024-12-28,merge,8.03,,license_unverified;
jaspionjader/Kosmos-EVAA-gamma-v17-8B,2024-12-28,merge,8.03,,license_unverified;
jaspionjader/Kosmos-EVAA-gamma-v18-8B,2024-12-28,merge,8.03,,license_unverified;
jaspionjader/Kosmos-EVAA-immersive-sof-v44-8B,2025-01-26,merge,8.03,,license_unverified;
jaspionjader/Kosmos-EVAA-v10-8B,2024-12-27,merge,8.03,,license_unverified;
jaspionjader/Kosmos-EVAA-v11-8B,2024-12-27,merge,8.03,,license_unverified;
jaspionjader/Kosmos-EVAA-v12-8B,2024-12-27,merge,8.03,,license_unverified;
jaspionjader/Kosmos-EVAA-v2-8B,2024-12-27,merge,8.03,,license_unverified;
jaspionjader/Kosmos-EVAA-v3-8B,2024-12-27,merge,8.03,,license_unverified;
jaspionjader/Kosmos-EVAA-v4-8B,2024-12-27,merge,8.03,,license_unverified;
jaspionjader/Kosmos-EVAA-v5-8B,2024-12-27,merge,8.03,,license_unverified;
jaspionjader/Kosmos-EVAA-v6-8B,2024-12-27,merge,8.03,,license_unverified;
jaspionjader/Kosmos-EVAA-v7-8B,2024-12-27,merge,8.03,,license_unverified;
jaspionjader/Kosmos-EVAA-v8-8B,2024-12-27,merge,8.03,,license_unverified;
jaspionjader/Kosmos-EVAA-v9-8B,2024-12-27,merge,8.03,,license_unverified;
jaspionjader/Kosmos-EVAA-v9-TitanFusion-Mix-8B,2024-12-27,merge,8.03,,license_unverified;
jaspionjader/Kosmos-Elusive-8b,2024-12-27,merge,8.03,,license_unverified;
jaspionjader/Kosmos-Elusive-VENN-8B,2024-12-27,merge,8.03,,license_unverified;
jaspionjader/Kosmos-Elusive-VENN-Asymmetric-8B,2024-12-27,merge,8.03,,license_unverified;
jaspionjader/Kosmos-Elusive-VENN-Aurora_faustus-8B,2024-12-27,merge,8.03,,license_unverified;
jaspionjader/Kosmos-VENN-8B,2024-12-27,merge,8.03,,license_unverified;
jaspionjader/PRP-Kosmos-EVAA-8B,2024-12-29,merge,8.03,,license_unverified;
jaspionjader/PRP-Kosmos-EVAA-light-8B,2024-12-29,merge,8.03,,license_unverified;
jaspionjader/TSN-Kosmos-EVAA-8B,2024-12-28,merge,8.03,,license_unverified;
jaspionjader/TSN-Kosmos-EVAA-v2-8B,2024-12-28,merge,8.03,,license_unverified;
jaspionjader/bbb-1,2025-01-17,merge,8.03,,license_unverified;
jaspionjader/bbb-2,2025-01-17,merge,8.03,,license_unverified;
jaspionjader/bbb-3,2025-01-17,merge,8.03,,license_unverified;
jaspionjader/bbb-4,2025-01-17,merge,8.03,,license_unverified;
jaspionjader/bbb-5,2025-01-17,merge,8.03,,license_unverified;
jaspionjader/bbb-6,2025-01-17,merge,8.03,,license_unverified;
jaspionjader/bbb-7,2025-01-17,merge,8.03,,license_unverified;
jaspionjader/bh-1,2025-02-02,merge,8.03,,license_unverified;
jaspionjader/bh-10,2025-02-02,merge,8.03,,license_unverified;
jaspionjader/bh-11,2025-02-02,merge,8.03,,license_unverified;
jaspionjader/bh-12,2025-02-02,merge,8.03,,license_unverified;
jaspionjader/bh-13,2025-02-02,merge,8.03,,license_unverified;
jaspionjader/bh-15,2025-02-02,merge,8.03,,license_unverified;
jaspionjader/bh-16,2025-02-02,merge,8.03,,license_unverified;
jaspionjader/bh-17,2025-02-02,merge,8.03,,license_unverified;
jaspionjader/bh-18,2025-02-02,merge,8.03,,license_unverified;
jaspionjader/bh-19,2025-02-02,merge,8.03,,license_unverified;
jaspionjader/bh-2,2025-02-02,merge,8.03,,license_unverified;
jaspionjader/bh-20,2025-02-02,merge,8.03,,license_unverified;
jaspionjader/bh-21,2025-02-02,merge,8.03,,license_unverified;
jaspionjader/bh-22,2025-02-02,merge,8.03,,license_unverified;
jaspionjader/bh-23,2025-02-03,merge,8.03,,license_unverified;
jaspionjader/bh-24,2025-02-03,merge,8.03,,license_unverified;
jaspionjader/bh-25,2025-02-03,merge,8.03,,license_unverified;
jaspionjader/bh-26,2025-02-03,merge,8.03,,license_unverified;
jaspionjader/bh-27,2025-02-03,merge,8.03,,license_unverified;
jaspionjader/bh-28,2025-02-03,merge,8.03,,license_unverified;
jaspionjader/bh-29,2025-02-03,merge,8.03,,license_unverified;
jaspionjader/bh-3,2025-02-02,merge,8.03,,license_unverified;
jaspionjader/bh-30,2025-02-03,merge,8.03,,license_unverified;
jaspionjader/bh-31,2025-02-03,merge,8.03,,license_unverified;
jaspionjader/bh-32,2025-02-03,merge,8.03,,license_unverified;
jaspionjader/bh-33,2025-02-03,merge,8.03,,license_unverified;
jaspionjader/bh-34,2025-02-03,merge,8.03,,license_unverified;
jaspionjader/bh-35,2025-02-03,merge,8.03,,license_unverified;
jaspionjader/bh-36,2025-02-03,merge,8.03,,license_unverified;
jaspionjader/bh-37,2025-02-03,merge,8.03,,license_unverified;
jaspionjader/bh-38,2025-02-03,merge,8.03,,license_unverified;
jaspionjader/bh-39,2025-02-03,merge,8.03,,license_unverified;
jaspionjader/bh-4,2025-02-02,merge,8.03,,license_unverified;
jaspionjader/bh-40,2025-02-03,merge,8.03,,license_unverified;
jaspionjader/bh-41,2025-02-03,merge,8.03,,license_unverified;
jaspionjader/bh-42,2025-02-03,merge,8.03,,license_unverified;
jaspionjader/bh-43,2025-02-03,merge,8.03,,license_unverified;
jaspionjader/bh-44,2025-02-03,merge,8.03,,license_unverified;
jaspionjader/bh-46,2025-02-03,merge,8.03,,license_unverified;
jaspionjader/bh-47,2025-02-03,merge,8.03,,license_unverified;
jaspionjader/bh-48,2025-02-03,merge,8.03,,license_unverified;
jaspionjader/bh-49,2025-02-03,merge,8.03,,license_unverified;
jaspionjader/bh-5,2025-02-02,merge,8.03,,license_unverified;
jaspionjader/bh-50,2025-02-03,merge,8.03,,license_unverified;
jaspionjader/bh-51,2025-02-03,merge,8.03,,license_unverified;
jaspionjader/bh-52,2025-02-03,merge,8.03,,license_unverified;
jaspionjader/bh-53,2025-02-03,merge,8.03,,license_unverified;
jaspionjader/bh-54,2025-02-03,merge,8.03,,license_unverified;
jaspionjader/bh-55,2025-02-03,merge,8.03,,license_unverified;
jaspionjader/bh-56,2025-02-03,merge,8.03,,license_unverified;
jaspionjader/bh-57,2025-02-03,merge,8.03,,license_unverified;
jaspionjader/bh-58,2025-02-03,merge,8.03,,license_unverified;
jaspionjader/bh-59,2025-02-05,merge,8.03,,license_unverified;
jaspionjader/bh-6,2025-02-02,merge,8.03,,license_unverified;
jaspionjader/bh-60,2025-02-06,merge,8.03,,license_unverified;
jaspionjader/bh-61,2025-02-06,merge,8.03,,license_unverified;
jaspionjader/bh-62,2025-02-06,merge,8.03,,license_unverified;
jaspionjader/bh-63,2025-02-18,merge,8.03,,license_unverified;
jaspionjader/bh-64,2025-02-18,merge,8.03,,license_unverified;
jaspionjader/bh-7,2025-02-02,merge,8.03,,license_unverified;
jaspionjader/bh-8,2025-02-02,merge,8.03,,license_unverified;
jaspionjader/bh-9,2025-02-02,merge,8.03,,license_unverified;
jaspionjader/dp-6-8b,2025-01-02,merge,8.03,,license_unverified;
jaspionjader/dp-7-8b,2025-01-02,merge,8.03,,license_unverified;
jaspionjader/ek-6,2025-01-23,merge,8.03,,license_unverified;
jaspionjader/ek-7,2025-01-23,merge,8.03,,license_unverified;
jaspionjader/f-1-8b,2025-01-01,merge,8.03,,license_unverified;
jaspionjader/f-2-8b,2025-01-01,merge,8.03,,license_unverified;
jaspionjader/f-3-8b,2025-01-01,merge,8.03,,license_unverified;
jaspionjader/f-4-8b,2025-01-01,merge,8.03,,license_unverified;
jaspionjader/f-5-8b,2025-01-01,merge,8.03,,license_unverified;
jaspionjader/f-6-8b,2025-01-02,merge,8.03,,license_unverified;
jaspionjader/f-7-8b,2025-01-02,merge,8.03,,license_unverified;
jaspionjader/f-8-8b,2025-01-02,merge,8.03,,license_unverified;
jaspionjader/f-9-8b,2025-01-02,merge,8.03,,license_unverified;
jaspionjader/fct-14-8b,2025-01-04,merge,8.03,,license_unverified;
jaspionjader/fct-9-8b,2025-01-04,merge,8.03,,license_unverified;
jaspionjader/fr-1-8b,2025-01-05,merge,8.03,,license_unverified;
jaspionjader/fr-10-8b,2025-01-05,merge,8.03,,license_unverified;
jaspionjader/fr-3-8b,2025-01-05,merge,8.03,,license_unverified;
jaspionjader/gamma-Kosmos-EVAA-8B,2024-12-28,merge,8.03,,license_unverified;
jaspionjader/gamma-Kosmos-EVAA-v2-8B,2024-12-28,merge,8.03,,license_unverified;
jaspionjader/gamma-Kosmos-EVAA-v3-8B,2024-12-28,merge,8.03,,license_unverified;
jaspionjader/knf-2-8b,2025-01-14,merge,8.03,,license_unverified;
jaspionjader/knfp-2-8b,2025-01-15,merge,8.03,,license_unverified;
jaspionjader/knfp-3-8b,2025-01-15,merge,8.03,,license_unverified;
jaspionjader/kstc-1-8b,2025-01-16,merge,8.03,,license_unverified;
jaspionjader/kstc-11-8b,2025-01-16,merge,8.03,,license_unverified;
jaspionjader/kstc-4-8b,2025-01-16,merge,8.03,,license_unverified;
jaspionjader/kstc-5-8b,2025-01-17,merge,8.03,,license_unverified;
jaspionjader/kstc-6-8b,2025-01-16,merge,8.03,,license_unverified;
jaspionjader/kstc-8-8b,2025-01-16,merge,8.03,,license_unverified;
jaspionjader/kstc-9-8b,2025-01-16,merge,8.03,,license_unverified;
jaspionjader/slu-10,2025-02-02,merge,8.03,,license_unverified;
jaspionjader/slu-11,2025-02-02,merge,8.03,,license_unverified;
jaspionjader/slu-13,2025-02-02,merge,8.03,,license_unverified;
jaspionjader/slu-14,2025-02-02,merge,8.03,,license_unverified;
jaspionjader/slu-17,2025-02-02,merge,8.03,,license_unverified;
jaspionjader/slu-2,2025-02-02,merge,8.03,,license_unverified;
jaspionjader/slu-20,2025-02-02,chat_finetuned,8.03,,license_unverified;
jaspionjader/slu-22,2025-02-02,merge,8.03,,license_unverified;
jaspionjader/slu-23,2025-02-02,merge,8.03,,license_unverified;
jaspionjader/slu-25,2025-02-02,merge,8.03,,license_unverified;
jaspionjader/slu-29,2025-02-02,merge,8.03,,license_unverified;
jaspionjader/slu-32,2025-02-02,merge,8.03,,license_unverified;
jaspionjader/slu-33,2025-02-02,merge,8.03,,license_unverified;
jaspionjader/slu-34,2025-02-02,merge,8.03,,license_unverified;
jaspionjader/slu-35,2025-02-02,merge,8.03,,license_unverified;
jaspionjader/slu-36,2025-02-02,merge,8.03,,license_unverified;
jaspionjader/slu-37,2025-02-02,merge,8.03,,license_unverified;
jaspionjader/slu-6,2025-02-02,merge,8.03,,license_unverified;
jaspionjader/slu-mix-1,2025-02-02,merge,8.03,,license_unverified;
jaspionjader/sof-1,2025-01-26,merge,8.03,,license_unverified;
jaspionjader/sof-10,2025-01-26,merge,8.03,,license_unverified;
jaspionjader/sof-3,2025-01-26,chat_finetuned,8.03,,license_unverified;
jaspionjader/sof-6,2025-01-26,merge,8.03,,license_unverified;
jaspionjader/test-10,2024-12-31,merge,4.015,,license_unverified;
jaspionjader/test-11,2024-12-31,merge,4.015,,license_unverified;
jaspionjader/test-12,2025-01-01,merge,4.015,,license_unverified;
jaspionjader/test-13,2025-01-01,merge,4.015,,license_unverified;
jaspionjader/test-14,2025-01-01,merge,4.015,,license_unverified;
jaspionjader/test-15,2025-01-01,merge,4.015,,license_unverified;
jaspionjader/test-16,2025-01-01,merge,4.015,,license_unverified;
jaspionjader/test-17,2025-01-01,merge,4.015,,license_unverified;
jaspionjader/test-18,2025-01-01,merge,8.03,,license_unverified;
jaspionjader/test-19,2025-01-01,merge,8.03,,license_unverified;
jaspionjader/test-20,2025-01-01,merge,8.03,,license_unverified;
jayasuryajsk/Qwen2.5-3B-reasoner,2025-02-07,chat_finetuned,3.086,apache-2.0,
jeanmichela/o-distil-qwen,2025-02-24,merge,14.77,,license_unverified;
jebcarter/psyonic-cetacean-20B,2024-06-30,merge,19.994,other,license_unverified;
jebish7/Llama-3-Nanda-10B-Chat,2025-02-08,pretrained,9.985,,license_unverified;
jebish7/Llama-3.1-8B-Instruct,2025-02-06,pretrained,8.03,llama3.1,
jebish7/Nemotron-4-Mini-Hindi-4B-Base,2025-02-06,pretrained,4.191,,license_unverified;
jebish7/Nemotron-4-Mini-Hindi-4B-Instruct,2025-02-06,pretrained,4.191,,license_unverified;
jebish7/Nemotron-Mini-4B-Instruct,2025-02-06,pretrained,4.191,,license_unverified;
jebish7/aya-expanse-8b,2025-02-06,pretrained,8.028,cc-by-nc-4.0,
jebish7/gemma-2-2b-it,2025-02-06,pretrained,2.614,gemma,
jebish7/gemma-2-9b-it,2025-02-06,pretrained,9.242,gemma,
jebish7/qwen2.5-0.5B-IHA-Hin,2025-02-11,chat_finetuned,0.494,,license_unverified;
jeffmeloy/Qwen-7B-nerd-uncensored-v1.0,2024-10-30,chat_finetuned,7.616,apache-2.0,
jeffmeloy/Qwen2.5-7B-minperplexity-2,2024-12-03,chat_finetuned,7.0,apache-2.0,
jeffmeloy/Qwen2.5-7B-nerd-uncensored-v0.9,2024-11-13,chat_finetuned,7.616,apache-2.0,
jeffmeloy/Qwen2.5-7B-nerd-uncensored-v1.0,2024-11-14,merge,7.616,apache-2.0,
jeffmeloy/Qwen2.5-7B-nerd-uncensored-v1.1,2024-11-09,chat_finetuned,7.616,apache-2.0,
jeffmeloy/Qwen2.5-7B-nerd-uncensored-v1.2,2024-11-09,chat_finetuned,7.616,apache-2.0,
jeffmeloy/Qwen2.5-7B-nerd-uncensored-v1.3,2024-11-09,chat_finetuned,7.0,apache-2.0,
jeffmeloy/Qwen2.5-7B-nerd-uncensored-v1.4,2024-11-17,chat_finetuned,7.616,apache-2.0,
jeffmeloy/Qwen2.5-7B-nerd-uncensored-v1.5,2024-11-17,chat_finetuned,7.616,apache-2.0,
jeffmeloy/Qwen2.5-7B-nerd-uncensored-v1.7,2024-11-17,chat_finetuned,7.616,apache-2.0,
jeffmeloy/Qwen2.5-7B-nerd-uncensored-v1.8,2025-01-17,chat_finetuned,7.616,apache-2.0,
jeffmeloy/Qwen2.5-7B-olm-v1.0,2024-12-12,chat_finetuned,7.616,apache-2.0,
jeffmeloy/Qwen2.5-7B-olm-v1.1,2024-12-29,chat_finetuned,7.616,apache-2.0,
jeffmeloy/Qwen2.5-7B-olm-v1.2,2025-01-01,chat_finetuned,7.616,apache-2.0,
jeffmeloy/Qwen2.5-7B-olm-v1.3,2025-01-18,chat_finetuned,7.616,apache-2.0,
jeffmeloy/Qwen2.5-7B-olm-v1.4,2025-01-30,chat_finetuned,7.616,apache-2.0,
jeffmeloy/Qwen2.5-7B-olm-v1.5,2025-02-27,merge,7.616,apache-2.0,
jeffmeloy/jeffmeloy_Qwen2.5-7B-minperplexity-1,2024-11-27,chat_finetuned,7.616,apache-2.0,
jeonsworld/CarbonVillain-en-10.7B-v4,2024-07-25,merge,10.732,cc-by-nc-sa-4.0,
jiangxinyang-shanda/Homer-LLama3-8B,2024-11-08,chat_finetuned,8.03,,license_unverified;
jieliu/Storm-7B,2024-06-26,chat_finetuned,7.242,apache-2.0,
jiviai/medX_v2,2025-01-30,chat_finetuned,8.03,apache-2.0,
jlzhou/Qwen2.5-3B-Infinity-Instruct-0625,2025-02-07,chat_finetuned,3.086,other,license_unverified;
johnsutor/Llama-3-8B-Instruct_breadcrumbs-density-0.1-gamma-0.01,2024-06-26,merge,8.03,apache-2.0,
johnsutor/Llama-3-8B-Instruct_breadcrumbs-density-0.1-gamma-0.1,2024-06-26,merge,8.03,apache-2.0,
johnsutor/Llama-3-8B-Instruct_breadcrumbs-density-0.3-gamma-0.01,2024-06-26,merge,8.03,apache-2.0,
johnsutor/Llama-3-8B-Instruct_breadcrumbs-density-0.3-gamma-0.1,2024-06-26,merge,8.03,apache-2.0,
johnsutor/Llama-3-8B-Instruct_breadcrumbs-density-0.5-gamma-0.01,2024-06-26,merge,8.03,apache-2.0,
johnsutor/Llama-3-8B-Instruct_breadcrumbs-density-0.5-gamma-0.1,2024-06-26,merge,8.03,apache-2.0,
johnsutor/Llama-3-8B-Instruct_breadcrumbs-density-0.7-gamma-0.01,2024-06-26,merge,8.03,apache-2.0,
johnsutor/Llama-3-8B-Instruct_breadcrumbs-density-0.7-gamma-0.1,2024-06-26,merge,8.03,apache-2.0,
johnsutor/Llama-3-8B-Instruct_breadcrumbs-density-0.9-gamma-0.01,2024-06-26,merge,8.03,apache-2.0,
johnsutor/Llama-3-8B-Instruct_breadcrumbs-density-0.9-gamma-0.1,2024-06-26,merge,8.03,apache-2.0,
johnsutor/Llama-3-8B-Instruct_breadcrumbs_ties-density-0.1-gamma-0.01,2024-06-26,merge,8.03,apache-2.0,
johnsutor/Llama-3-8B-Instruct_breadcrumbs_ties-density-0.1-gamma-0.1,2024-06-26,merge,8.03,apache-2.0,
johnsutor/Llama-3-8B-Instruct_breadcrumbs_ties-density-0.3-gamma-0.01,2024-06-26,merge,8.03,apache-2.0,
johnsutor/Llama-3-8B-Instruct_breadcrumbs_ties-density-0.3-gamma-0.1,2024-06-26,merge,8.03,apache-2.0,
johnsutor/Llama-3-8B-Instruct_breadcrumbs_ties-density-0.5-gamma-0.01,2024-06-26,merge,8.03,apache-2.0,
johnsutor/Llama-3-8B-Instruct_breadcrumbs_ties-density-0.5-gamma-0.1,2024-06-26,merge,8.03,apache-2.0,
johnsutor/Llama-3-8B-Instruct_breadcrumbs_ties-density-0.7-gamma-0.01,2024-06-26,merge,8.03,apache-2.0,
johnsutor/Llama-3-8B-Instruct_breadcrumbs_ties-density-0.7-gamma-0.1,2024-06-26,merge,8.03,apache-2.0,
johnsutor/Llama-3-8B-Instruct_breadcrumbs_ties-density-0.9-gamma-0.01,2024-06-26,merge,8.03,apache-2.0,
johnsutor/Llama-3-8B-Instruct_breadcrumbs_ties-density-0.9-gamma-0.1,2024-06-26,merge,8.03,apache-2.0,
johnsutor/Llama-3-8B-Instruct_dare_linear,2024-06-26,merge,8.03,apache-2.0,
johnsutor/Llama-3-8B-Instruct_dare_ties-density-0.1,2024-06-26,merge,8.03,apache-2.0,
johnsutor/Llama-3-8B-Instruct_dare_ties-density-0.3,2024-06-26,merge,8.03,apache-2.0,
johnsutor/Llama-3-8B-Instruct_dare_ties-density-0.7,2024-06-26,merge,8.03,apache-2.0,
johnsutor/Llama-3-8B-Instruct_dare_ties-density-0.9,2024-06-26,merge,8.03,apache-2.0,
johnsutor/Llama-3-8B-Instruct_linear,2024-06-26,merge,8.03,apache-2.0,
johnsutor/Llama-3-8B-Instruct_ties-density-0.1,2024-06-26,merge,8.03,apache-2.0,
johnsutor/Llama-3-8B-Instruct_ties-density-0.3,2024-06-26,merge,8.03,apache-2.0,
johnsutor/Llama-3-8B-Instruct_ties-density-0.5,2024-06-26,merge,8.03,apache-2.0,
johnsutor/Llama-3-8B-Instruct_ties-density-0.7,2024-06-26,merge,8.03,apache-2.0,
johnsutor/Llama-3-8B-Instruct_ties-density-0.9,2024-06-26,merge,8.03,apache-2.0,
jpacifico/Chocolatine-14B-Instruct-4k-DPO,2024-08-08,chat_finetuned,13.96,mit,
jpacifico/Chocolatine-14B-Instruct-DPO-v1.2,2024-08-28,chat_finetuned,13.96,mit,
jpacifico/Chocolatine-14B-Instruct-DPO-v1.3,2025-01-20,chat_finetuned,14.66,mit,
jpacifico/Chocolatine-2-14B-Instruct-DPO-v2.0b1,2025-01-22,chat_finetuned,14.66,,license_unverified;
jpacifico/Chocolatine-2-14B-Instruct-v2.0,2025-02-05,chat_finetuned,14.66,mit,
jpacifico/Chocolatine-2-14B-Instruct-v2.0.1,2025-02-03,chat_finetuned,14.66,,license_unverified;
jpacifico/Chocolatine-2-14B-Instruct-v2.0.3,2025-02-06,chat_finetuned,14.766,apache-2.0,
jpacifico/Chocolatine-2-14B-Instruct-v2.0b2,2025-01-24,chat_finetuned,14.766,mit,
jpacifico/Chocolatine-2-14B-Instruct-v2.0b3,2025-01-27,chat_finetuned,14.766,apache-2.0,
jpacifico/Chocolatine-3B-Instruct-DPO-Revised,2024-07-19,chat_finetuned,3.821,mit,
jpacifico/Chocolatine-3B-Instruct-DPO-v1.0,2024-07-11,chat_finetuned,3.821,apache-2.0,
jpacifico/Chocolatine-3B-Instruct-DPO-v1.2,2024-08-28,chat_finetuned,3.821,mit,
jpacifico/Distilucie-7B-Math-Instruct-DPO-v0.1,2025-03-02,chat_finetuned,6.707,apache-2.0,
jpacifico/Lucie-7B-Instruct-DPO-v1.1,2025-02-25,chat_finetuned,6.707,apache-2.0,
jpacifico/Lucie-7B-Instruct-DPO-v1.1.3,2025-03-04,chat_finetuned,6.707,,license_unverified;
jpacifico/Lucie-7B-Instruct-Merged-Model_Stock-v1.0,2025-02-26,merge,6.707,,license_unverified;
jpacifico/Lucie-7B-Instruct-Merged-Model_Stock-v1.1,2025-03-02,merge,6.707,,license_unverified;
jpacifico/Lucie-Boosted-7B-Instruct,2025-01-27,chat_finetuned,6.707,apache-2.0,
jsfs11/L3-8B-Stheno-slerp,2025-01-07,merge,8.03,,license_unverified;
jsfs11/MixtureofMerges-MoE-4x7b-v4,2024-08-05,merge,24.154,apache-2.0,
jsfs11/MixtureofMerges-MoE-4x7b-v5,2024-08-05,merge,24.154,apache-2.0,
kaist-ai/janus-7b,2024-10-09,chat_finetuned,7.242,apache-2.0,
kaist-ai/janus-dpo-7b,2024-10-09,chat_finetuned,7.242,apache-2.0,
kaist-ai/janus-rm-7b,2024-10-09,chat_finetuned,7.111,apache-2.0,
kaist-ai/mistral-orpo-capybara-7k,2024-10-09,chat_finetuned,7.242,mit,
kavonalds/BunderMaxx-0710,2025-02-26,merge,1.236,,license_unverified;
kavonalds/BunderMaxx-0710,2025-02-26,merge,1.236,,license_unverified;
kavonalds/BunderMaxx-1010,2025-02-26,merge,1.236,,license_unverified;
kavonalds/Lancer-1-1b-Instruct,2025-02-16,chat_finetuned,1.236,,license_unverified;
kayfour/T3Q-Qwen2.5-7B-it-KOR-Safe,2025-02-20,chat_finetuned,7.616,apache-2.0,
keeeeenw/MicroLlama,2024-09-15,pretrained,0.305,apache-2.0,
kekmodel/StopCarbon-10.7B-v5,2024-07-25,merge,10.732,cc-by-nc-sa-4.0,
kevin009/llamaRAGdrama,2024-06-26,chat_finetuned,7.242,apache-2.0,
khoantap/cheap-moe-merge,2025-01-21,merge,19.305,,license_unverified;
khoantap/llama-3-8b-stock-merge,2025-01-21,chat_finetuned,8.03,,license_unverified;
khoantap/llama-breadcrumbs-ties-merge,2025-01-21,merge,8.03,,license_unverified;
khoantap/llama-evolve-ties-best-merge,2025-01-21,merge,8.03,,license_unverified;
khoantap/llama-linear-0.5-0.5-1-merge,2025-01-21,chat_finetuned,8.03,,license_unverified;
khoantap/llama-linear-0.5-1-0.5-merge,2025-01-21,chat_finetuned,8.03,,license_unverified;
khoantap/llama-linear-1-0.5-0.5-merge,2025-01-21,merge,8.03,,license_unverified;
khoantap/llama-slerp-merge,2025-01-21,merge,8.03,,license_unverified;
khoantap/moe-out-merge,2025-01-21,merge,19.305,,license_unverified;
khulaifi95/Llama-3.1-8B-Reason-Blend-888k,2024-12-27,chat_finetuned,8.03,other,license_unverified;
kms7530/chemeng_llama-3-8b-Instruct-bnb-4bit_24_1_100_1,2024-10-14,chat_finetuned,9.3,apache-2.0,
kms7530/chemeng_phi-3-mini-4k-instruct-bnb-4bit_16_4_100_1_nonmath,2024-11-25,chat_finetuned,4.132,apache-2.0,
kms7530/chemeng_qwen-math-7b_24_1_100_1,2024-10-14,chat_finetuned,8.911,apache-2.0,
kms7530/chemeng_qwen-math-7b_24_1_100_1_nonmath,2024-11-22,chat_finetuned,15.231,apache-2.0,
kno10/ende-chat-0.0.5,2024-06-27,chat_finetuned,7.891,apache-2.0,
kno10/ende-chat-0.0.7,2024-07-30,chat_finetuned,7.891,apache-2.0,
kyutai/helium-1-preview-2b,2025-01-14,pretrained,2.173,cc-by-4.0,
kz919/QwQ-0.5B-Distilled-SFT,2025-01-10,chat_finetuned,0.494,apache-2.0,
ladydaina/ECE-FDF,2024-11-14,merge,7.242,,license_unverified;
laislemke/LLaMA-2-vicuna-7b-slerp,2024-07-03,merge,6.738,llama2,
lalainy/ECE-PRYMMAL-0.5B-FT-V5-MUSR,2024-10-22,chat_finetuned,0.494,apache-2.0,
lalainy/ECE-PRYMMAL-0.5B-SLERP-V4,2024-10-22,merge,0.494,apache-2.0,
lalainy/ECE-PRYMMAL-YL-0.5B-SLERP-BIS-V1,2024-11-12,merge,0.494,apache-2.0,
lalainy/ECE-PRYMMAL-YL-1B-SLERP-V3,2024-11-12,merge,1.544,apache-2.0,
lalainy/ECE-PRYMMAL-YL-1B-SLERP-V4,2024-11-12,merge,1.544,apache-2.0,
lalainy/ECE-PRYMMAL-YL-6B-SLERP-V1,2024-11-08,merge,6.061,apache-2.0,
lalainy/ECE-PRYMMAL-YL-6B-SLERP-V2,2024-11-09,merge,6.061,apache-2.0,
langgptai/Qwen-las-v0.1,2024-06-27,chat_finetuned,7.901,other,license_unverified;
langgptai/qwen1.5-7b-chat-sa-v0.1,2024-06-27,chat_finetuned,15.443,other,license_unverified;
lars1234/Mistral-Small-24B-Instruct-2501-writer,2025-03-07,chat_finetuned,23.572,apache-2.0,
leafspark/Llama-3.1-8B-MultiReflection-Instruct,2024-09-15,chat_finetuned,8.03,llama3.1,
lemon07r/Gemma-2-Ataraxy-9B,2024-08-27,chat_finetuned,10.159,gemma,
lemon07r/Gemma-2-Ataraxy-Advanced-9B,2024-09-30,chat_finetuned,10.159,,license_unverified;
lemon07r/Gemma-2-Ataraxy-Remix-9B,2024-09-30,chat_finetuned,10.159,,license_unverified;
lemon07r/Gemma-2-Ataraxy-v2-9B,2024-09-28,chat_finetuned,10.159,,license_unverified;
lemon07r/Gemma-2-Ataraxy-v2a-9B,2024-09-29,chat_finetuned,10.159,,license_unverified;
lemon07r/Gemma-2-Ataraxy-v2f-9B,2024-09-30,chat_finetuned,10.159,,license_unverified;
lemon07r/Gemma-2-Ataraxy-v3-Advanced-9B,2024-10-09,chat_finetuned,10.159,,license_unverified;
lemon07r/Gemma-2-Ataraxy-v3b-9B,2024-10-08,chat_finetuned,9.242,,license_unverified;
lemon07r/Gemma-2-Ataraxy-v3i-9B,2024-10-06,chat_finetuned,9.242,,license_unverified;
lemon07r/Gemma-2-Ataraxy-v3j-9B,2024-10-09,chat_finetuned,9.242,,license_unverified;
lemon07r/Gemma-2-Ataraxy-v4-Advanced-9B,2024-10-14,merge,10.159,,license_unverified;
lemon07r/Gemma-2-Ataraxy-v4a-Advanced-9B,2024-10-14,merge,10.159,,license_unverified;
lemon07r/Gemma-2-Ataraxy-v4b-9B,2024-10-22,chat_finetuned,10.159,,license_unverified;
lemon07r/Gemma-2-Ataraxy-v4c-9B,2024-10-16,merge,10.159,,license_unverified;
lemon07r/Gemma-2-Ataraxy-v4d-9B,2024-10-25,merge,10.159,gemma,
lemon07r/Llama-3-RedMagic4-8B,2024-06-26,chat_finetuned,8.03,llama3,
lemon07r/llama-3-NeuralMahou-8b,2024-06-26,chat_finetuned,8.03,llama3,
lesubra/ECE-EIFFEL-3B,2024-10-01,merge,3.821,apache-2.0,
lesubra/ECE-EIFFEL-3Bv2,2024-10-03,merge,3.821,apache-2.0,
lesubra/ECE-EIFFEL-3Bv3,2024-10-07,merge,3.821,apache-2.0,
lesubra/ECE-PRYMMAL-3B-SLERP-V1,2024-10-28,merge,3.821,apache-2.0,
lesubra/ECE-PRYMMAL-3B-SLERP-V2,2024-10-28,merge,3.821,apache-2.0,
lesubra/ECE-PRYMMAL-3B-SLERP_2-V1,2024-11-06,merge,3.821,apache-2.0,
lesubra/ECE-PRYMMAL-3B-SLERP_2-V2,2024-11-06,merge,3.821,apache-2.0,
lesubra/merge-test,2024-09-27,chat_finetuned,3.821,apache-2.0,
lightblue/suzume-llama-3-8B-multilingual,2024-07-30,chat_finetuned,8.03,other,license_unverified;
lightblue/suzume-llama-3-8B-multilingual-orpo-borda-full,2024-07-29,chat_finetuned,8.03,cc-by-nc-4.0,
lightblue/suzume-llama-3-8B-multilingual-orpo-borda-half,2024-06-29,chat_finetuned,8.03,cc-by-nc-4.0,
lightblue/suzume-llama-3-8B-multilingual-orpo-borda-top25,2024-06-29,chat_finetuned,8.03,cc-by-nc-4.0,
lightblue/suzume-llama-3-8B-multilingual-orpo-borda-top75,2024-06-29,chat_finetuned,8.03,cc-by-nc-4.0,
lkoenig/BBAI_145_,2025-02-26,merge,7.616,,license_unverified;
lkoenig/BBAI_200_Gemma,2025-02-26,merge,19.3,,license_unverified;
lkoenig/BBAI_212_QwenLawLo,2025-03-01,merge,7.616,,license_unverified;
lkoenig/BBAI_212_Qwencore,2025-02-27,merge,7.613,,license_unverified;
lkoenig/BBAI_230_Xiaqwen,2025-02-26,merge,7.616,,license_unverified;
lkoenig/BBAI_375_QwenDyancabs,2025-02-27,merge,7.616,,license_unverified;
lkoenig/BBAI_456_QwenKoen,2025-03-01,merge,7.616,,license_unverified;
lkoenig/BBAI_7B_KoenQwenDyan,2025-03-08,merge,7.616,,license_unverified;
lkoenig/BBAI_7B_Qwen2.5koen,2025-03-01,merge,7.616,,license_unverified;
lkoenig/BBAI_7B_QwenDyanKoenLo,2025-03-08,merge,7.616,,license_unverified;
lkoenig/BBAI_7B_QwenDyancabsLAW,2025-03-01,merge,7.616,,license_unverified;
llmat/Mistral-v0.3-7B-ORPO,2024-09-02,chat_finetuned,7.248,apache-2.0,
llmat/Mistral-v0.3-7B-ORPO,2024-08-06,chat_finetuned,7.248,apache-2.0,
llnYou/ECE-PRYMMAL-YL-1B-SLERP-V5,2024-11-12,merge,1.544,apache-2.0,
llnYou/ECE-PRYMMAL-YL-1B-SLERP-V6,2024-11-13,merge,1.357,apache-2.0,
llnYou/ECE-PRYMMAL-YL-3B-SLERP-V1,2024-11-13,merge,2.81,apache-2.0,
llnYou/ECE-PRYMMAL-YL-3B-SLERP-V2,2024-11-13,merge,2.81,apache-2.0,
llnYou/ECE-PRYMMAL-YL-3B-SLERP-V3,2024-11-13,merge,3.821,apache-2.0,
lmsys/vicuna-13b-v1.3,2024-06-28,chat_finetuned,13.0,,license_unverified;
lmsys/vicuna-7b-v1.3,2024-06-28,chat_finetuned,7.0,,license_unverified;
lmsys/vicuna-7b-v1.5,2024-06-12,chat_finetuned,7.0,llama2,
lodrick-the-lafted/llama-3.1-8b-instruct-ortho-v7,2024-07-30,chat_finetuned,8.03,wtfpl,
lordjia/Llama-3-Cantonese-8B-Instruct,2024-08-03,chat_finetuned,8.03,llama3,
lordjia/Qwen2-Cantonese-7B-Instruct,2024-08-03,chat_finetuned,7.616,apache-2.0,
lt-asset/nova-1.3b,2024-11-16,chat_finetuned,1.347,bsd-3-clause-clear,license_unverified;
lunahr/thea-3b-50r-u1,2025-01-11,chat_finetuned,3.213,llama3.2,
lunahr/thea-v2-3b-50r,2024-12-14,chat_finetuned,3.213,llama3.2,
m42-health/Llama3-Med42-70B,2024-12-11,chat_finetuned,70.554,llama3,
macadeliccc/Samantha-Qwen-2-7B,2024-08-05,chat_finetuned,7.616,apache-2.0,
macadeliccc/magistrate-3.2-3b-base,2024-10-01,continued,3.213,llama3.2,
macadeliccc/magistrate-3.2-3b-it,2024-10-01,chat_finetuned,3.213,llama3.2,
magnifi/Phi3_intent_v56_3_w_unknown_5_lr_0.002,2025-03-10,chat_finetuned,3.821,apache-2.0,
maldv/Awqward2.5-32B-Instruct,2024-12-18,merge,32.764,apache-2.0,
maldv/Lytta2.5-32B-Instruct,2025-01-07,merge,32.764,apache-2.0,
maldv/Qwentile2.5-32B-Instruct,2024-12-19,merge,32.764,apache-2.0,
maldv/badger-kappa-llama-3-8b,2024-06-27,merge,8.03,llama3,
maldv/badger-lambda-llama-3-8b,2024-06-26,merge,8.03,cc-by-nc-4.0,
maldv/badger-mu-llama-3-8b,2024-06-27,merge,8.03,cc-by-nc-4.0,
maldv/badger-writer-llama-3-8b,2024-06-26,chat_finetuned,8.03,cc-by-nc-4.0,
marcuscedricridia/Cheng-1,2025-03-12,merge,7.613,mit,
marcuscedricridia/Cheng-2,2025-03-12,merge,14.766,,license_unverified;
marcuscedricridia/Cheng-2-v1.1,2025-03-12,merge,14.766,,license_unverified;
marcuscedricridia/Hush-Qwen2.5-7B-MST,2025-03-09,merge,7.613,,license_unverified;
marcuscedricridia/Hush-Qwen2.5-7B-MST-v1.1,2025-03-09,merge,7.613,,license_unverified;
marcuscedricridia/Hush-Qwen2.5-7B-MST-v1.3,2025-03-09,merge,7.613,,license_unverified;
marcuscedricridia/Hush-Qwen2.5-7B-Preview,2025-03-07,merge,7.613,,license_unverified;
marcuscedricridia/Hush-Qwen2.5-7B-RP-v1.4-1M,2025-03-10,merge,7.613,,license_unverified;
marcuscedricridia/Hush-Qwen2.5-7B-v1.1,2025-03-08,merge,7.613,,license_unverified;
marcuscedricridia/Hush-Qwen2.5-7B-v1.2,2025-03-08,merge,7.613,,license_unverified;
marcuscedricridia/Hush-Qwen2.5-7B-v1.3,2025-03-08,merge,7.613,,license_unverified;
marcuscedricridia/Hush-Qwen2.5-7B-v1.4,2025-03-08,merge,7.613,,license_unverified;
marcuscedricridia/Qwen2.5-7B-Preview,2025-03-09,chat_finetuned,7.613,,license_unverified;
marcuscedricridia/Yell-Qwen2.5-7B-Preview,2025-03-08,merge,7.613,,license_unverified;
marcuscedricridia/Yell-Qwen2.5-7B-Preview-v1.1,2025-03-08,merge,7.613,,license_unverified;
marcuscedricridia/absolute-o1-7b,2025-02-27,merge,7.613,,license_unverified;
marcuscedricridia/cursa-o1-7b,2025-02-27,merge,7.613,,license_unverified;
marcuscedricridia/cursa-o1-7b-2-28-2025,2025-02-27,merge,7.613,,license_unverified;
marcuscedricridia/cursa-o1-7b-v1.1,2025-02-28,merge,7.613,,license_unverified;
marcuscedricridia/cursa-o1-7b-v1.2-normalize-false,2025-02-28,merge,7.613,,license_unverified;
marcuscedricridia/cursor-o1-7b,2025-02-26,merge,7.616,,license_unverified;
marcuscedricridia/cursorr-o1.2-7b,2025-02-26,merge,7.616,,license_unverified;
marcuscedricridia/etr1o-explicit-v1.1,2025-03-03,merge,7.613,,license_unverified;
marcuscedricridia/etr1o-explicit-v1.2,2025-03-03,merge,7.613,,license_unverified;
marcuscedricridia/etr1o-v1.1,2025-03-04,merge,7.613,,license_unverified;
marcuscedricridia/etr1o-v1.2,2025-03-04,merge,14.766,,license_unverified;
marcuscedricridia/fan-o1-7b,2025-02-27,merge,7.613,,license_unverified;
marcuscedricridia/olmner-7b,2025-02-27,merge,7.616,,license_unverified;
marcuscedricridia/olmner-della-7b,2025-02-27,merge,7.616,,license_unverified;
marcuscedricridia/olmner-o1-7b,2025-02-27,merge,7.613,,license_unverified;
marcuscedricridia/olmner-sbr-7b,2025-03-01,merge,7.613,,license_unverified;
marcuscedricridia/post-cursa-o1,2025-02-28,merge,7.613,,license_unverified;
marcuscedricridia/pre-cursa-o1,2025-02-28,merge,7.613,,license_unverified;
marcuscedricridia/pre-cursa-o1-v1.2,2025-02-28,merge,7.613,,license_unverified;
marcuscedricridia/pre-cursa-o1-v1.3,2025-02-28,merge,7.613,,license_unverified;
marcuscedricridia/pre-cursa-o1-v1.4,2025-02-28,chat_finetuned,7.613,,license_unverified;
marcuscedricridia/pre-cursa-o1-v1.6,2025-02-28,merge,7.613,,license_unverified;
marcuscedricridia/r1o-et,2025-03-02,merge,7.613,,license_unverified;
marcuscedricridia/sbr-o1-7b,2025-02-27,merge,7.613,,license_unverified;
marcuscedricridia/stray-r1o-et,2025-03-03,merge,7.613,,license_unverified;
matouLeLoup/ECE-PRYMMAL-0.5B-FT-EnhancedMUSREnsembleV3,2024-11-01,chat_finetuned,0.494,,license_unverified;
matouLeLoup/ECE-PRYMMAL-0.5B-FT-MUSR-ENSEMBLE-V2Mathis,2024-10-31,chat_finetuned,0.494,,license_unverified;
matouLeLoup/ECE-PRYMMAL-0.5B-FT-V4-MUSR-ENSEMBLE-Mathis,2024-10-31,chat_finetuned,0.494,,license_unverified;
matouLeLoup/ECE-PRYMMAL-0.5B-FT-V4-MUSR-Mathis,2024-10-31,chat_finetuned,0.494,,license_unverified;
matouLeLoup/ECE-PRYMMAL-0.5B-FT-V5-MUSR-Mathis,2024-11-12,chat_finetuned,0.63,,license_unverified;
mattshumer/Reflection-Llama-3.1-70B,2024-12-25,chat_finetuned,70.554,llama3.1,
mattshumer/ref_70_e3,2024-09-08,chat_finetuned,70.554,llama3.1,
maywell/Qwen2-7B-Multilingual-RP,2024-09-05,chat_finetuned,7.616,apache-2.0,
meditsolutions/Llama-3.1-MedIT-SUN-8B,2024-11-06,chat_finetuned,8.03,llama3.1,
meditsolutions/Llama-3.2-SUN-1B-Instruct,2024-11-27,chat_finetuned,1.498,llama3.2,
meditsolutions/Llama-3.2-SUN-1B-chat,2024-11-07,chat_finetuned,1.498,llama3.2,
meditsolutions/Llama-3.2-SUN-2.4B-checkpoint-26000,2024-10-04,chat_finetuned,2.209,llama3.2,
meditsolutions/Llama-3.2-SUN-2.4B-checkpoint-34800,2024-10-05,chat_finetuned,2.209,llama3.2,
meditsolutions/Llama-3.2-SUN-2.4B-v1.0.0,2024-10-20,chat_finetuned,2.472,llama3.2,
meditsolutions/Llama-3.2-SUN-2.5B-chat,2024-10-26,chat_finetuned,2.472,llama3.2,
meditsolutions/Llama-3.2-SUN-HDIC-1B-Instruct,2024-12-11,chat_finetuned,1.498,llama3.2,
meditsolutions/MSH-Lite-7B-v1-Bielik-v2.3-Instruct-Llama-Prune,2024-11-13,chat_finetuned,7.646,apache-2.0,
meditsolutions/MSH-v1-Bielik-v2.3-Instruct-MedIT-merge,2024-11-06,chat_finetuned,11.169,apache-2.0,
meditsolutions/MedIT-Mesh-3B-Instruct,2024-11-01,chat_finetuned,3.821,mit,
meditsolutions/SmolLM2-MedIT-Upscale-2B,2024-12-02,chat_finetuned,2.114,apache-2.0,
meetkai/functionary-small-v3.1,2024-11-10,chat_finetuned,8.03,mit,
meraGPT/mera-mix-4x7B,2024-06-27,merge,24.154,apache-2.0,
mergekit-community/JAJUKA-WEWILLNEVERFORGETYOU-3B,2025-02-26,merge,3.213,,license_unverified;
mergekit-community/SuperQwen-2.5-1.5B,2025-01-25,merge,1.777,,license_unverified;
mergekit-community/VirtuosoSmall-InstructModelStock,2024-12-19,merge,14.766,,license_unverified;
mergekit-community/diabolic6045_ELN-AOC-CAIN,2025-01-05,chat_finetuned,1.236,,license_unverified;
mergekit-community/mergekit-dare_ties-ajgjgea,2025-01-25,merge,1.498,,license_unverified;
mergekit-community/mergekit-della-zgowfmf,2024-12-19,merge,14.766,,license_unverified;
mergekit-community/mergekit-model_stock-azgztvm,2024-12-20,merge,14.766,,license_unverified;
mergekit-community/mergekit-slerp-fmrazcr,2024-12-26,merge,8.03,,license_unverified;
mergekit-community/mergekit-ties-rraxdhv,2025-01-26,merge,9.242,,license_unverified;
mergekit-community/mergekit-ties-ykqemwr,2024-12-25,merge,12.248,,license_unverified;
mergekit-community/sexeh_time_testing,2024-12-27,merge,8.03,,license_unverified;
meta-llama/Llama-2-13b-chat-hf,2024-06-12,chat_finetuned,13.016,llama2,
meta-llama/Llama-2-13b-hf,2024-06-12,pretrained,13.016,llama2,
meta-llama/Llama-2-70b-chat-hf,2024-06-12,chat_finetuned,68.977,llama2,
meta-llama/Llama-2-70b-hf,2024-06-12,pretrained,68.977,llama2,
meta-llama/Llama-2-7b-chat-hf,2024-08-30,pretrained,6.738,llama2,
meta-llama/Llama-2-7b-hf,2024-06-12,pretrained,6.738,llama2,
meta-llama/Llama-3.1-70B,2024-07-23,pretrained,70.554,llama3.1,
meta-llama/Llama-3.1-70B-Instruct,2024-08-15,chat_finetuned,70.554,llama3.1,
meta-llama/Llama-3.1-8B,2024-12-07,chat_finetuned,8.03,llama3.1,
meta-llama/Llama-3.1-8B-Instruct,2025-02-06,pretrained,8.03,llama3.1,
meta-llama/Llama-3.2-1B,2024-09-23,pretrained,1.24,llama3.2,
meta-llama/Llama-3.2-1B-Instruct,2024-09-23,chat_finetuned,1.24,llama3.2,
meta-llama/Llama-3.2-3B,2024-09-27,pretrained,3.213,llama3.2,
meta-llama/Llama-3.2-3B-Instruct,2024-09-27,chat_finetuned,3.213,llama3.2,
meta-llama/Llama-3.3-70B-Instruct,2024-12-03,chat_finetuned,70.554,llama3.3,
meta-llama/Meta-Llama-3-70B,2024-06-12,pretrained,70.554,llama3,
meta-llama/Meta-Llama-3-70B-Instruct,2024-06-12,chat_finetuned,70.554,llama3,
meta-llama/Meta-Llama-3-8B,2024-06-12,pretrained,8.03,llama3,
meta-llama/Meta-Llama-3-8B-Instruct,2024-06-12,chat_finetuned,8.03,llama3,
meta-llama/Meta-Llama-3-8B-Instruct,2024-07-08,chat_finetuned,8.03,llama3,
mhl1/Qwen2.5-0.5B-cinstruct-stage1,2025-01-08,chat_finetuned,0.63,apache-2.0,
microsoft/DialoGPT-medium,2024-06-13,chat_finetuned,0.345,mit,
microsoft/Orca-2-13b,2024-06-12,chat_finetuned,13.0,other,license_unverified;
microsoft/Orca-2-7b,2024-06-12,chat_finetuned,7.0,other,license_unverified;
microsoft/Phi-3-medium-128k-instruct,2024-08-21,chat_finetuned,13.96,mit,
microsoft/Phi-3-medium-4k-instruct,2024-06-12,chat_finetuned,13.96,mit,
microsoft/Phi-3-mini-128k-instruct,2024-08-21,chat_finetuned,3.821,mit,
microsoft/Phi-3-mini-4k-instruct,2024-06-12,chat_finetuned,3.821,mit,
microsoft/Phi-3-mini-4k-instruct,2024-07-02,chat_finetuned,3.821,mit,
microsoft/Phi-3-small-128k-instruct,2024-06-13,chat_finetuned,7.392,mit,
microsoft/Phi-3-small-8k-instruct,2024-06-13,chat_finetuned,7.392,mit,
microsoft/Phi-3.5-MoE-instruct,2024-08-21,chat_finetuned,42.0,mit,
microsoft/Phi-3.5-mini-instruct,2024-08-21,chat_finetuned,3.821,mit,
microsoft/Phi-4-mini-instruct,2025-02-28,chat_finetuned,3.836,mit,
microsoft/phi-1,2024-06-13,pretrained,1.418,mit,
microsoft/phi-1_5,2024-06-09,pretrained,1.418,mit,
microsoft/phi-2,2024-06-09,pretrained,2.78,mit,
microsoft/phi-4,2025-01-08,pretrained,14.66,mit,
microsoft/phi-4,2025-01-08,chat_finetuned,14.66,mit,
migtissera/Llama-3-70B-Synthia-v3.5,2024-08-28,chat_finetuned,70.554,llama3,
migtissera/Llama-3-8B-Synthia-v3.5,2024-08-28,chat_finetuned,8.03,llama3,
migtissera/Tess-3-7B-SFT,2024-07-20,chat_finetuned,7.248,apache-2.0,
migtissera/Tess-3-Mistral-Nemo-12B,2024-09-16,chat_finetuned,12.248,apache-2.0,
migtissera/Tess-v2.5-Phi-3-medium-128k-14B,2024-08-30,chat_finetuned,13.96,mit,
migtissera/Tess-v2.5.2-Qwen2-72B,2024-08-10,chat_finetuned,72.0,other,license_unverified;
migtissera/Trinity-2-Codestral-22B,2024-09-16,chat_finetuned,22.247,other,license_unverified;
migtissera/Trinity-2-Codestral-22B-v0.2,2024-08-28,chat_finetuned,22.247,other,license_unverified;
migtissera/Trinity-2-Codestral-22B-v0.2,2024-09-16,chat_finetuned,22.247,other,license_unverified;
mindw96/DeepSeek-llama3.3-Bllossom-8B-DACON-LLM3,2025-02-17,chat_finetuned,8.03,,license_unverified;
minghaowu/Qwen1.5-1.8B-OpenHermes-2.5,2024-09-12,chat_finetuned,1.837,,license_unverified;
ministral/Ministral-3b-instruct,2024-10-25,chat_finetuned,3.316,apache-2.0,
mistral-community/Mistral-7B-v0.2,2024-06-12,pretrained,7.242,apache-2.0,
mistral-community/Mixtral-8x22B-v0.1,,other,0.0,apache-2.0,missing_submission_date;invalid_N;
mistral-community/mixtral-8x22B-v0.3,2024-06-13,pretrained,140.63,apache-2.0,
mistralai/Codestral-22B-v0.1,2024-09-28,pretrained,22.247,other,license_unverified;
mistralai/Ministral-8B-Instruct-2410,2024-12-01,chat_finetuned,8.02,other,license_unverified;
mistralai/Mistral-7B-Instruct-v0.1,2024-06-27,chat_finetuned,7.242,apache-2.0,
mistralai/Mistral-7B-Instruct-v0.2,2024-06-12,chat_finetuned,7.242,apache-2.0,
mistralai/Mistral-7B-Instruct-v0.3,2024-06-12,chat_finetuned,7.248,apache-2.0,
mistralai/Mistral-7B-v0.1,2024-06-12,pretrained,7.242,apache-2.0,
mistralai/Mistral-7B-v0.3,2024-06-12,pretrained,7.248,apache-2.0,
mistralai/Mistral-Large-Instruct-2411,2024-11-19,chat_finetuned,122.61,other,license_unverified;
mistralai/Mistral-Nemo-Base-2407,2024-07-19,pretrained,11.58,apache-2.0,
mistralai/Mistral-Nemo-Instruct-2407,2024-08-29,chat_finetuned,12.248,apache-2.0,
mistralai/Mistral-Small-24B-Base-2501,2025-01-30,pretrained,23.572,apache-2.0,
mistralai/Mistral-Small-Instruct-2409,2024-09-19,chat_finetuned,22.05,other,license_unverified;
mistralai/Mistral-Small-Instruct-2409,2024-09-25,chat_finetuned,22.247,other,license_unverified;
mistralai/Mixtral-8x22B-Instruct-v0.1,2024-06-12,chat_finetuned,140.621,apache-2.0,
mistralai/Mixtral-8x22B-v0.1,2024-06-12,pretrained,140.621,apache-2.0,
mistralai/Mixtral-8x7B-Instruct-v0.1,2024-06-12,chat_finetuned,46.703,apache-2.0,
mistralai/Mixtral-8x7B-v0.1,2024-08-20,pretrained,46.703,apache-2.0,
mistralai/Mixtral-8x7B-v0.1,2024-06-27,chat_finetuned,46.703,apache-2.0,
mixtao/MixTAO-7Bx2-MoE-v8.1,2024-10-04,chat_finetuned,12.879,apache-2.0,
mkurman/llama-3.2-MEDIT-3B-o1,2025-01-07,chat_finetuned,3.607,llama3.2,
mkurman/phi-4-MedIT-11B-exp-1,2025-01-10,chat_finetuned,11.514,,license_unverified;
mkurman/phi4-MedIT-10B-o1,2025-01-18,chat_finetuned,10.255,mit,
mkxu/llama-3-8b-instruct-fpo,2025-02-18,chat_finetuned,8.03,,license_unverified;
mkxu/llama-3-8b-po1,2024-11-29,chat_finetuned,8.03,,license_unverified;
mlabonne/AlphaMonarch-7B,2024-06-12,chat_finetuned,7.242,cc-by-nc-4.0,
mlabonne/Beyonder-4x7B-v3,2024-06-12,merge,24.154,cc-by-nc-4.0,
mlabonne/BigQwen2.5-52B-Instruct,2024-09-25,merge,52.268,apache-2.0,
mlabonne/BigQwen2.5-Echo-47B-Instruct,2024-09-24,merge,47.392,apache-2.0,
mlabonne/ChimeraLlama-3-8B-v2,2024-08-25,merge,8.03,other,license_unverified;
mlabonne/ChimeraLlama-3-8B-v3,2024-08-25,merge,8.03,other,license_unverified;
mlabonne/Daredevil-8B,2024-07-02,chat_finetuned,8.03,other,license_unverified;
mlabonne/Daredevil-8B-abliterated,2024-07-02,chat_finetuned,8.03,other,license_unverified;
mlabonne/Hermes-3-Llama-3.1-70B-lorablated,2024-11-27,chat_finetuned,70.554,,license_unverified;
mlabonne/Meta-Llama-3.1-8B-Instruct-abliterated,2024-10-13,chat_finetuned,8.03,llama3.1,
mlabonne/NeuralBeagle14-7B,2024-06-27,chat_finetuned,7.242,cc-by-nc-4.0,
mlabonne/NeuralDaredevil-8B-abliterated,2024-07-25,merge,8.03,llama3,
mlabonne/NeuralDaredevil-8B-abliterated,2024-06-27,chat_finetuned,8.03,llama3,
mlabonne/OrpoLlama-3-8B,2024-06-12,chat_finetuned,8.03,other,license_unverified;
mlabonne/phixtral-2x2_8,2024-06-12,merge,4.458,mit,
mlx-community/Josiefied-Qwen2.5-0.5B-Instruct-abliterated-v1-float32,2025-01-07,chat_finetuned,0.494,apache-2.0,
mlx-community/Mistral-Small-24B-Instruct-2501-bf16,2025-02-06,chat_finetuned,23.572,apache-2.0,
mmnga/Llama-3-70B-japanese-suzume-vector-v0.1,2024-09-19,chat_finetuned,70.554,llama3,
mobiuslabsgmbh/DeepSeek-R1-ReDistill-Llama3-8B-v1.1,2025-02-16,chat_finetuned,8.03,mit,
mobiuslabsgmbh/DeepSeek-R1-ReDistill-Qwen-7B-v1.1,2025-02-16,chat_finetuned,7.616,mit,
moeru-ai/L3.1-Moe-2x8B-v0.2,2024-10-25,merge,13.668,llama3.1,
moeru-ai/L3.1-Moe-4x8B-v0.1,2024-10-23,merge,24.942,llama3.1,
moeru-ai/L3.1-Moe-4x8B-v0.2,2024-10-30,merge,24.942,llama3.1,
monsterapi/Llama-3_1-8B-Instruct-orca-ORPO,2024-08-30,chat_finetuned,16.061,apache-2.0,
monsterapi/gemma-2-2b-LoRA-MonsterInstruct,2024-08-05,chat_finetuned,2.614,gemma,
mosaicml/mpt-7b,2024-06-08,pretrained,7.0,apache-2.0,
mosama/Qwen2.5-1.5B-Instruct-CoT-Reflection,2024-12-22,chat_finetuned,1.544,apache-2.0,
mrdayl/OpenCogito,2025-03-07,chat_finetuned,3.086,,license_unverified;
mrdayl/OpenCognito,2025-03-07,chat_finetuned,3.086,apache-2.0,
mrdayl/OpenCognito-r1,2025-03-11,chat_finetuned,3.086,apache-2.0,
mrdayl/OpenCognito-r2,2025-03-13,chat_finetuned,3.086,apache-2.0,
mrdayl/OpenThink,2025-02-27,chat_finetuned,1.777,apache-2.0,
mrm8488/phi-4-14B-grpo-gsm8k-3e,2025-02-13,chat_finetuned,14.66,apache-2.0,
mrm8488/phi-4-14B-grpo-limo,2025-02-13,chat_finetuned,14.66,apache-2.0,
mukaj/Llama-3.1-Hawkish-8B,2024-12-18,chat_finetuned,8.03,other,license_unverified;
natong19/Mistral-Nemo-Instruct-2407-abliterated,2024-09-21,chat_finetuned,12.248,apache-2.0,
natong19/Qwen2-7B-Instruct-abliterated,2024-07-29,chat_finetuned,7.616,apache-2.0,
nazimali/Mistral-Nemo-Kurdish,2024-10-14,continued,12.248,apache-2.0,
nazimali/Mistral-Nemo-Kurdish-Instruct,2024-10-14,chat_finetuned,12.248,apache-2.0,
nazimali/Mistral-Nemo-Kurdish-Instruct,2024-10-14,chat_finetuned,12.248,apache-2.0,
nbeerbower/BigKartoffel-mistral-nemo-20B,2025-03-05,merge,20.427,apache-2.0,
nbeerbower/DoppelKartoffel-Mistral-Nemo-23B,2025-02-15,chat_finetuned,23.153,apache-2.0,
nbeerbower/DoublePotato-Mistral-Nemo-13B,2025-02-21,merge,13.338,,license_unverified;
nbeerbower/Dumpling-Qwen2.5-1.5B,2025-01-29,chat_finetuned,1.544,apache-2.0,
nbeerbower/Dumpling-Qwen2.5-14B,2025-02-15,chat_finetuned,14.77,apache-2.0,
nbeerbower/Dumpling-Qwen2.5-7B-1k-r16,2025-02-21,chat_finetuned,7.616,apache-2.0,
nbeerbower/Dumpling-Qwen2.5-7B-1k-r64-2e-5,2025-02-21,chat_finetuned,7.616,apache-2.0,
nbeerbower/EVA-abliterated-TIES-Qwen2.5-1.5B,2025-01-29,merge,1.777,apache-2.0,
nbeerbower/EVA-abliterated-TIES-Qwen2.5-14B,2025-02-09,merge,14.77,apache-2.0,
nbeerbower/Flammades-Mistral-Nemo-12B,2024-10-06,chat_finetuned,12.248,apache-2.0,
nbeerbower/Gemma2-Gutenberg-Doppel-9B,2024-10-01,chat_finetuned,9.242,gemma,
nbeerbower/Gutensuppe-mistral-nemo-12B,2024-09-03,chat_finetuned,12.248,,license_unverified;
nbeerbower/Hermes2-Gutenberg2-Mistral-7B,2024-10-01,chat_finetuned,7.242,apache-2.0,
nbeerbower/Kartoffel-Deepfry-12B,2025-03-01,chat_finetuned,12.248,apache-2.0,
nbeerbower/Llama-3.1-Nemotron-lorablated-70B,2024-11-27,chat_finetuned,70.554,llama3.1,
nbeerbower/Llama3.1-Gutenberg-Doppel-70B,2024-10-12,chat_finetuned,70.554,llama3.1,
nbeerbower/Lyra-Gutenberg-mistral-nemo-12B,2024-09-03,chat_finetuned,12.248,cc-by-nc-4.0,
nbeerbower/Lyra4-Gutenberg-12B,2024-09-12,chat_finetuned,12.248,cc-by-nc-4.0,
nbeerbower/Lyra4-Gutenberg2-12B,2024-10-01,chat_finetuned,12.248,cc-by-nc-4.0,
nbeerbower/Mahou-1.5-mistral-nemo-12B-lorablated,2024-10-19,merge,12.248,apache-2.0,
nbeerbower/Mistral-Gutenberg-Doppel-7B-FFT,2024-11-18,chat_finetuned,7.242,apache-2.0,
nbeerbower/Mistral-Nemo-Gutenberg-Doppel-12B,2024-09-26,chat_finetuned,12.248,apache-2.0,
nbeerbower/Mistral-Nemo-Gutenberg-Doppel-12B-v2,2024-10-09,chat_finetuned,12.248,apache-2.0,
nbeerbower/Mistral-Nemo-Moderne-12B-FFT-experimental,2024-11-26,chat_finetuned,12.248,apache-2.0,
nbeerbower/Mistral-Nemo-Prism-12B,2024-11-12,chat_finetuned,12.248,apache-2.0,
nbeerbower/Mistral-Nemo-Prism-12B-v2,2024-11-26,chat_finetuned,12.248,apache-2.0,
nbeerbower/Mistral-Nemo-Prism-12B-v7,2024-11-26,chat_finetuned,12.248,apache-2.0,
nbeerbower/Mistral-Small-Drummer-22B,2024-10-01,chat_finetuned,22.247,other,license_unverified;
nbeerbower/Mistral-Small-Gutenberg-Doppel-22B,2024-09-25,chat_finetuned,22.247,other,license_unverified;
nbeerbower/Nemo-Loony-12B-experimental,2024-11-26,merge,12.248,,license_unverified;
nbeerbower/Nemoties-ChatML-12B,2025-02-21,merge,12.248,,license_unverified;
nbeerbower/Qwen2.5-Gutenberg-Doppel-14B,2024-11-11,chat_finetuned,14.77,apache-2.0,
nbeerbower/SmolNemo-12B-FFT-experimental,2024-11-26,chat_finetuned,12.248,apache-2.0,
nbeerbower/Stella-mistral-nemo-12B-v2,2024-09-14,chat_finetuned,12.248,,license_unverified;
nbeerbower/gemma2-gutenberg-27B,2024-09-23,chat_finetuned,27.227,gemma,
nbeerbower/gemma2-gutenberg-9B,2024-08-03,chat_finetuned,9.242,gemma,
nbeerbower/llama-3-gutenberg-8B,2024-07-10,chat_finetuned,8.03,other,license_unverified;
nbeerbower/llama3.1-cc-8B,2024-09-14,chat_finetuned,8.03,llama3,
nbeerbower/llama3.1-kartoffeldes-70B,2025-01-19,chat_finetuned,70.554,llama3.1,
nbeerbower/mistral-nemo-bophades-12B,2024-09-03,merge,12.248,apache-2.0,
nbeerbower/mistral-nemo-bophades3-12B,2025-01-13,chat_finetuned,12.248,apache-2.0,
nbeerbower/mistral-nemo-cc-12B,2024-09-14,chat_finetuned,12.248,apache-2.0,
nbeerbower/mistral-nemo-gutades-12B,2024-09-23,chat_finetuned,12.248,apache-2.0,
nbeerbower/mistral-nemo-gutenberg-12B,2024-09-03,chat_finetuned,12.248,apache-2.0,
nbeerbower/mistral-nemo-gutenberg-12B-v2,2024-09-03,chat_finetuned,12.248,apache-2.0,
nbeerbower/mistral-nemo-gutenberg-12B-v3,2024-09-03,chat_finetuned,12.248,apache-2.0,
nbeerbower/mistral-nemo-gutenberg-12B-v4,2024-09-03,chat_finetuned,12.248,apache-2.0,
nbeerbower/mistral-nemo-gutenberg2-12B-test,2024-09-25,chat_finetuned,12.248,apache-2.0,
nbeerbower/mistral-nemo-kartoffel-12B,2025-01-12,chat_finetuned,12.248,apache-2.0,
nbeerbower/mistral-nemo-narwhal-12B,2025-01-13,chat_finetuned,12.248,apache-2.0,
nbeerbower/mistral-nemo-wissenschaft-12B,2024-08-30,chat_finetuned,12.248,apache-2.0,
nbrahme/IndusQ,2024-09-18,chat_finetuned,1.176,osl-3.0,license_unverified;
necva/IE-cont-Llama3.1-8B,2025-03-06,chat_finetuned,8.03,mit,
necva/replica-IEPile,2025-03-01,chat_finetuned,4.65,,license_unverified;
neopolita/jessi-v0.1-bf16-falcon3-7b-instruct,2025-01-08,merge,7.456,,license_unverified;
neopolita/jessi-v0.1-falcon3-10b-instruct,2025-01-19,merge,10.306,,license_unverified;
neopolita/jessi-v0.1-qwen2.5-7b-instruct,2025-01-26,merge,7.616,apache-2.0,
neopolita/jessi-v0.1-virtuoso-small,2025-01-15,merge,14.77,apache-2.0,
neopolita/jessi-v0.2-falcon3-10b-instruct,2025-01-21,merge,10.306,,license_unverified;
neopolita/jessi-v0.2-falcon3-7b-instruct,2025-01-08,merge,7.456,other,license_unverified;
neopolita/jessi-v0.3-falcon3-7b-instruct,2025-01-08,merge,7.456,other,license_unverified;
neopolita/jessi-v0.4-falcon3-7b-instruct,2025-01-17,merge,7.456,other,license_unverified;
neopolita/jessi-v0.5-falcon3-7b-instruct,2025-01-09,merge,7.456,other,license_unverified;
neopolita/jessi-v0.6-falcon3-7b-instruct,2025-01-20,merge,7.456,other,license_unverified;
neopolita/loki-v0.1-virtuoso,2025-01-23,merge,14.77,apache-2.0,
netcat420/DeepSeek-R1-Distill-Qwen-MFANN-Slerp-7b,2025-01-23,merge,7.616,,license_unverified;
netcat420/DeepSeek-R1-MFANN-TIES-unretrained-7b,2025-01-22,merge,7.616,,license_unverified;
netcat420/Llama3.1-MFANN-8b,2024-12-23,chat_finetuned,8.03,llama3.1,
netcat420/MFANN-Llama3.1-Abliterated-SLERP-TIES-V2,2024-11-09,merge,8.03,apache-2.0,
netcat420/MFANN-Llama3.1-Abliterated-SLERP-TIES-V3,2024-11-26,chat_finetuned,8.03,,license_unverified;
netcat420/MFANN-Llama3.1-Abliterated-SLERP-V4,2024-11-09,merge,8.03,apache-2.0,
netcat420/MFANN-Llama3.1-Abliterated-SLERP-V5,2024-11-26,merge,8.03,,license_unverified;
netcat420/MFANN-Llama3.1-Abliterated-Slerp-TIES,2024-10-29,merge,8.03,,license_unverified;
netcat420/MFANN-Llama3.1-Abliterated-Slerp-V3.2,2024-10-29,merge,8.03,,license_unverified;
netcat420/MFANN-SFT,2024-12-20,merge,8.03,,license_unverified;
netcat420/MFANN-abliterated-phi2-merge-unretrained,2025-01-15,chat_finetuned,2.775,,license_unverified;
netcat420/MFANN-llama3.1-Abliterated-SLERP,2024-10-07,merge,8.03,,license_unverified;
netcat420/MFANN-llama3.1-abliterated-SLERP-v3,2024-10-07,chat_finetuned,8.03,llama3.1,
netcat420/MFANN-llama3.1-abliterated-SLERP-v3.1,2024-10-17,merge,8.03,llama3.1,
netcat420/MFANN-llama3.1-abliterated-v2,2024-10-07,merge,8.03,,license_unverified;
netcat420/MFANN-phigments-slerp-V2,2024-10-26,merge,2.78,,license_unverified;
netcat420/MFANN-phigments-slerp-V3.2,2025-02-06,merge,2.78,,license_unverified;
netcat420/MFANN-phigments-slerp-V3.3,2025-02-06,merge,2.78,,license_unverified;
netcat420/MFANN3b,2024-12-14,chat_finetuned,2.78,mit,
netcat420/MFANN3bv0.15,2024-07-05,chat_finetuned,2.78,mit,
netcat420/MFANN3bv0.18,2024-07-25,chat_finetuned,2.78,mit,
netcat420/MFANN3bv0.19,2024-08-08,chat_finetuned,2.78,,license_unverified;
netcat420/MFANN3bv0.20,2024-08-29,chat_finetuned,2.78,mit,
netcat420/MFANN3bv0.21,2024-09-24,chat_finetuned,2.78,mit,
netcat420/MFANN3bv0.22,2024-10-26,chat_finetuned,2.78,mit,
netcat420/MFANN3bv0.23,2024-11-07,chat_finetuned,2.78,,license_unverified;
netcat420/MFANN3bv0.24,2024-11-22,chat_finetuned,2.78,mit,
netcat420/MFANN3bv1.1,2025-01-03,chat_finetuned,2.775,,license_unverified;
netcat420/MFANN3bv1.2,2025-01-22,chat_finetuned,2.775,mit,
netcat420/MFANN3bv1.3,2025-02-01,chat_finetuned,2.78,,license_unverified;
netcat420/MFANN3bv1.4,2025-02-06,chat_finetuned,2.78,mit,
netcat420/MFANNv0.19,2024-07-27,chat_finetuned,8.03,llama3.1,
netcat420/MFANNv0.20,2024-08-08,chat_finetuned,8.03,llama3.1,
netcat420/MFANNv0.21,2024-09-02,chat_finetuned,8.03,llama3,
netcat420/MFANNv0.22.1,2024-10-05,chat_finetuned,8.03,llama3.1,
netcat420/MFANNv0.23,2024-10-29,chat_finetuned,8.03,llama3.1,
netcat420/MFANNv0.24,2024-11-09,chat_finetuned,8.03,llama3.1,
netcat420/MFANNv0.25,2024-11-26,merge,8.03,llama3.1,
netcat420/Qwen2.5-7B-nerd-uncensored-v0.9-MFANN,2025-01-02,chat_finetuned,7.616,apache-2.0,
netcat420/Qwen2.5-7b-MFANN-slerp,2025-01-25,merge,7.616,mit,
netcat420/Qwen2.5-7b-nerd-uncensored-MFANN-slerp,2025-01-25,merge,7.616,,license_unverified;
netcat420/Qwen2.5-Coder-Scholar-7B-Abliterated-MFANN,2025-01-01,chat_finetuned,7.616,apache-2.0,
netcat420/Qwen2.5-Coder-Scholar-7B-Abliterated-MFANN-Slerp-Unretrained,2025-01-19,merge,7.616,,license_unverified;
netcat420/Qwen2.5-DeepSeek-R1-MFANN-Slerp-7b,2025-01-23,merge,7.616,,license_unverified;
netcat420/Qwen2.5-MFANN-7b,2025-01-24,chat_finetuned,7.616,,license_unverified;
netcat420/qwen2.5-MFANN-7b-SLERP-V1.2,2025-02-09,merge,7.616,apache-2.0,
netcat420/qwen2.5-MFANN-7b-SLERPv1.1,2025-02-03,merge,7.616,,license_unverified;
netcat420/qwen2.5-MFANN-7b-v1.1,2025-02-09,chat_finetuned,7.616,,license_unverified;
netease-youdao/Confucius-o1-14B,2025-01-27,chat_finetuned,14.77,apache-2.0,
newsbang/Homer-7B-v0.1,2024-11-14,chat_finetuned,7.616,apache-2.0,
newsbang/Homer-7B-v0.2,2024-11-15,chat_finetuned,7.616,,license_unverified;
newsbang/Homer-v0.3-Qwen2.5-7B,2024-11-18,chat_finetuned,7.616,,license_unverified;
newsbang/Homer-v0.4-Qwen2.5-7B,2024-11-18,chat_finetuned,7.616,,license_unverified;
newsbang/Homer-v0.5-Qwen2.5-7B,2024-11-20,chat_finetuned,7.616,,license_unverified;
newsbang/Homer-v1.0-Qwen2.5-72B,2024-12-16,chat_finetuned,72.706,apache-2.0,
newsbang/Homer-v1.0-Qwen2.5-7B,2024-12-04,chat_finetuned,7.616,apache-2.0,
nguyentd/FinancialAdvice-Qwen2.5-7B,2024-11-18,chat_finetuned,7.616,apache-2.0,
ngxson/MiniThinky-1B-Llama-3.2,2025-01-07,chat_finetuned,1.236,,license_unverified;
ngxson/MiniThinky-v2-1B-Llama-3.2,2025-01-09,chat_finetuned,1.236,,license_unverified;
nhyha/N3N_Delirium-v1_1030_0227,2024-11-04,chat_finetuned,10.159,apache-2.0,
nhyha/N3N_Llama-3.1-8B-Instruct_1028_0216,2024-11-04,chat_finetuned,8.03,apache-2.0,
nhyha/N3N_gemma-2-9b-it_20241029_1532,2024-11-04,chat_finetuned,10.159,gemma,
nhyha/N3N_gemma-2-9b-it_20241110_2026,2024-11-12,chat_finetuned,10.159,gemma,
nhyha/merge_Qwen2.5-7B-Instruct_20241023_0314,2024-11-04,chat_finetuned,7.616,apache-2.0,
nidum/Nidum-Limitless-Gemma-2B,2024-08-07,chat_finetuned,2.506,apache-2.0,
nisten/franqwenstein-35b,2024-10-03,merge,34.714,mit,
nisten/franqwenstein-35b,2024-10-03,chat_finetuned,34.714,mit,
nisten/tqwendo-36b,2024-12-21,chat_finetuned,35.69,mit,
nlpguy/Lion-Lamarck-v.1.0.8,2025-01-27,merge,14.766,,license_unverified;
nlpguy/Lion-Lamarck-v.1.0.9,2025-01-28,merge,14.766,,license_unverified;
nlpguy/Lion-Lamarck-v.1.1.0,2025-01-30,merge,14.766,,license_unverified;
nlpguy/Miisce-one,2025-02-10,merge,14.766,,license_unverified;
nlpguy/Mistral-NeMo-Minitron-Upscale-v1,2024-09-29,pretrained,12.451,other,license_unverified;
nlpguy/Mistral-NeMo-Minitron-Upscale-v2,2024-09-29,pretrained,12.451,other,license_unverified;
nlpguy/Mistral-NeMo-Minitron-Upscale-v3,2024-10-04,pretrained,12.451,other,license_unverified;
nlpguy/StableProse,2024-08-17,merge,12.248,,license_unverified;
nlpguy/StarFusion-alpha1,2024-06-26,merge,7.242,apache-2.0,
noname0202/Llama-3.2-4x3B-Instruct,2025-01-26,merge,9.949,,license_unverified;
noname0202/gemma-2-2b-it-ties,2025-01-29,merge,2.614,,license_unverified;
noname0202/gemma-2-9b-sft-jp-en-zh-v1,2025-01-05,chat_finetuned,9.242,,license_unverified;
noname0202/gemma-2-9b-sft-jp-en-zh-v2,2025-01-05,chat_finetuned,9.242,,license_unverified;
noname0202/llama-math-1b-r16-0to512tokens-test,2025-01-25,chat_finetuned,1.236,,license_unverified;
noname0202/llama-math-1b-r32-0to512tokens-test,2025-01-24,chat_finetuned,1.236,,license_unverified;
noname0202/llama-math-1b-r32-test,2025-01-24,chat_finetuned,1.236,,license_unverified;
noname0202/llama-math-1b-r8-512tokens-test,2025-01-24,chat_finetuned,1.236,,license_unverified;
notbdq/Qwen2.5-14B-Instruct-1M-GRPO-Reasoning,2025-02-05,chat_finetuned,14.77,,license_unverified;
nothingiisreal/L3.1-8B-Celeste-V1.5,2024-12-04,chat_finetuned,8.03,llama3.1,
nothingiisreal/MN-12B-Starcannon-v2,2024-09-03,merge,12.248,apache-2.0,
nothingiisreal/MN-12B-Starcannon-v3,2024-09-03,merge,12.248,,license_unverified;
nvidia/AceInstruct-1.5B,2025-01-24,chat_finetuned,1.777,cc-by-nc-4.0,
nvidia/AceInstruct-72B,2025-01-24,chat_finetuned,72.706,cc-by-nc-4.0,
nvidia/AceInstruct-7B,2025-01-24,chat_finetuned,7.616,cc-by-nc-4.0,
nvidia/AceMath-1.5B-Instruct,2025-01-24,chat_finetuned,1.777,cc-by-nc-4.0,
nvidia/AceMath-72B-Instruct,2025-01-24,chat_finetuned,72.706,cc-by-nc-4.0,
nvidia/AceMath-72B-RM,2025-01-24,chat_finetuned,71.461,cc-by-nc-4.0,
nvidia/AceMath-7B-Instruct,2025-01-24,chat_finetuned,7.616,cc-by-nc-4.0,
nvidia/AceMath-7B-RM,2025-01-24,chat_finetuned,7.071,cc-by-nc-4.0,
nvidia/Hymba-1.5B-Base,2024-12-06,pretrained,1.523,other,license_unverified;
nvidia/Hymba-1.5B-Instruct,2024-12-06,chat_finetuned,1.523,other,license_unverified;
nvidia/Llama-3.1-Minitron-4B-Depth-Base,2024-09-25,chat_finetuned,4.02,other,license_unverified;
nvidia/Llama-3.1-Nemotron-70B-Instruct-HF,2024-10-16,chat_finetuned,70.554,llama3.1,
nvidia/Minitron-4B-Base,2024-09-25,pretrained,4.0,other,license_unverified;
nvidia/Minitron-8B-Base,2024-09-25,pretrained,7.22,other,license_unverified;
nvidia/Mistral-NeMo-Minitron-8B-Base,2024-08-22,chat_finetuned,7.88,other,license_unverified;
nvidia/Mistral-NeMo-Minitron-8B-Instruct,2024-10-04,chat_finetuned,8.414,other,license_unverified;
nvidia/Nemotron-Mini-4B-Instruct,2024-09-25,chat_finetuned,4.0,other,license_unverified;
nvidia/OpenMath2-Llama3.1-8B,2024-12-07,chat_finetuned,8.03,llama3.1,
nxmwxm/Beast-Soul-new,2024-08-07,merge,7.242,,license_unverified;
occiglot/occiglot-7b-es-en-instruct,2024-09-02,chat_finetuned,7.242,apache-2.0,
odyssey-labs/Astral-1-10B,2025-01-28,chat_finetuned,10.732,,license_unverified;
olabs-ai/reflection_model,2024-09-08,chat_finetuned,9.3,apache-2.0,
ontocord/Llama_3.2_1b-autoredteam_helpfulness-train,2025-01-31,chat_finetuned,1.498,llama3.2,
ontocord/RedPajama-3B-v1-AutoRedteam,2025-01-14,chat_finetuned,2.776,,license_unverified;
ontocord/RedPajama-3B-v1-AutoRedteam-Harmless-only,2025-01-28,chat_finetuned,2.776,apache-2.0,
ontocord/RedPajama3b_v1-autoredteam_helpfulness-train,2025-01-26,chat_finetuned,2.776,apache-2.0,
ontocord/merged_0.2_expert_0.8,2025-03-10,pretrained,3.759,,license_unverified;
ontocord/merged_0.2_expert_0.8-stack_2x,2025-03-10,pretrained,6.512,,license_unverified;
ontocord/merged_0.5_expert_0.5,2025-03-10,pretrained,3.759,,license_unverified;
ontocord/ontocord_wide_3b-stage1_shuf_sample1_jsonl-pretrained-autoredteam_helpful-0.25_helpful,2025-02-27,pretrained,3.759,,license_unverified;
ontocord/ontocord_wide_7b-stacked-stage1,2025-02-27,pretrained,7.888,,license_unverified;
ontocord/ontocord_wide_7b-stacked-stage1-instruct,2025-02-27,pretrained,7.888,,license_unverified;
ontocord/starcoder2-29b-ls,2025-02-12,chat_finetuned,29.009,,license_unverified;
ontocord/starcoder2_3b-AutoRedteam,2025-01-27,chat_finetuned,3.181,bigscience-openrail-m,
ontocord/wide_3b-merge_test,2025-03-06,pretrained,3.759,,license_unverified;
ontocord/wide_3b-stage1_shuf_sample1_jsonl-pretrained,2025-02-27,pretrained,3.759,,license_unverified;
ontocord/wide_3b_sft_stag1.2-lyrical_law_news_software_howto_formattedtext_math_wiki-merge,2025-03-06,pretrained,3.759,,license_unverified;
ontocord/wide_3b_sft_stag1.2-lyrical_news_software_howto_formattedtext-merge,2025-03-06,pretrained,3.759,,license_unverified;
ontocord/wide_3b_sft_stage1.1-ss1-no_redteam_skg_poem.no_issue,2025-03-06,pretrained,3.759,,license_unverified;
ontocord/wide_3b_sft_stage1.1-ss1-with_generics_intr.no_issue,2025-03-06,pretrained,3.759,,license_unverified;
ontocord/wide_3b_sft_stage1.1-ss1-with_generics_intr_math.no_issue,2025-03-06,pretrained,3.759,,license_unverified;
ontocord/wide_3b_sft_stage1.1-ss1-with_generics_intr_math_stories.no_issue,2025-03-02,pretrained,3.759,,license_unverified;
ontocord/wide_3b_sft_stage1.1-ss1-with_generics_intr_math_stories.no_issue,2025-03-06,pretrained,3.759,,license_unverified;
ontocord/wide_3b_sft_stage1.1-ss1-with_generics_intr_math_stories_no_orig_instr.no_issue,2025-03-06,pretrained,3.759,,license_unverified;
ontocord/wide_3b_sft_stage1.1-ss1-with_generics_intr_stories.no_issue,2025-03-06,pretrained,3.759,,license_unverified;
ontocord/wide_3b_sft_stage1.1-ss1-with_generics_math.no_issue,2025-03-06,pretrained,3.759,,license_unverified;
ontocord/wide_3b_sft_stage1.1-ss1-with_math.no_issue,2025-03-06,pretrained,3.759,,license_unverified;
ontocord/wide_3b_sft_stage1.1-ss1-with_r1_generics_intr_math_stories.no_issue,2025-03-02,pretrained,3.759,,license_unverified;
ontocord/wide_3b_sft_stage1.2-ss1-expert_fictional_lyrical,2025-03-05,pretrained,3.759,,license_unverified;
ontocord/wide_3b_sft_stage1.2-ss1-expert_formatted_text,2025-03-06,pretrained,3.759,,license_unverified;
ontocord/wide_3b_sft_stage1.2-ss1-expert_how-to,2025-03-06,pretrained,3.759,apache-2.0,
ontocord/wide_3b_sft_stage1.2-ss1-expert_math,2025-03-06,pretrained,3.759,,license_unverified;
ontocord/wide_3b_sft_stage1.2-ss1-expert_news,2025-03-05,pretrained,3.759,,license_unverified;
ontocord/wide_3b_sft_stage1.2-ss1-expert_software,2025-03-05,pretrained,3.759,,license_unverified;
ontocord/wide_6.6b_sft_stag1.2-lyrical_law_news_software_howto_formattedtext_math_wiki-merge-stacked,2025-03-07,pretrained,7.888,,license_unverified;
oobabooga/CodeBooga-34B-v0.1,2024-07-29,merge,33.744,llama2,
oopere/Llama-FinSent-S,2025-02-08,chat_finetuned,0.914,llama3.2,
oopere/Llama-FinSent-S,2025-02-19,chat_finetuned,0.914,llama3.2,
oopere/pruned10-llama-3.2-3B,2024-12-22,pretrained,3.001,llama3.2,
oopere/pruned20-llama-1b,2024-11-16,merge,1.075,llama3.2,
oopere/pruned20-llama-3.2-3b,2024-12-12,pretrained,2.79,llama3.2,
oopere/pruned40-llama-1b,2024-11-26,pretrained,0.914,llama3.2,
oopere/pruned40-llama-3.2-1B,2025-02-19,pretrained,0.914,llama3.2,
oopere/pruned40-llama-3.2-3b,2024-12-12,pretrained,2.367,llama3.2,
oopere/pruned60-llama-1b,2024-11-25,pretrained,0.753,llama3.2,
oopere/pruned60-llama-3.2-3b,2024-12-13,pretrained,1.944,llama3.2,
open-atlas/Atlas-Flash-1.5B-Preview,2025-02-01,chat_finetuned,1.777,mit,
open-atlas/Atlas-Flash-7B-Preview,2025-02-01,chat_finetuned,7.616,mit,
open-neo/Kyro-n1-3B,2025-03-13,chat_finetuned,3.086,other,license_unverified;
open-neo/Kyro-n1-7B,2025-03-13,chat_finetuned,7.616,mit,
open-thoughts/OpenThinker-7B,2025-02-14,chat_finetuned,7.616,apache-2.0,
openai-community/gpt2,2024-06-12,pretrained,0.137,mit,
openai-community/gpt2,2024-08-12,pretrained,0.137,mit,
openai-community/gpt2-large,2024-06-12,pretrained,0.812,mit,
openai-community/gpt2-medium,2024-06-12,pretrained,0.38,mit,
openai-community/gpt2-xl,2024-06-12,pretrained,1.608,mit,
openbmb/MiniCPM-S-1B-sft-llama-format,2024-11-19,chat_finetuned,1.0,apache-2.0,
openchat/openchat-3.5-0106,2024-06-27,chat_finetuned,7.242,apache-2.0,
openchat/openchat-3.5-1210,2024-06-12,chat_finetuned,7.242,apache-2.0,
openchat/openchat-3.6-8b-20240522,2024-06-26,chat_finetuned,8.03,llama3,
openchat/openchat_3.5,2024-06-12,chat_finetuned,7.0,apache-2.0,
openchat/openchat_v3.2,2024-06-12,chat_finetuned,13.0,llama2,
openchat/openchat_v3.2_super,2024-06-12,chat_finetuned,13.0,llama2,
orai-nlp/Llama-eus-8B,2024-09-30,continued,8.03,,license_unverified;
oxyapi/oxy-1-small,2024-12-02,chat_finetuned,14.77,apache-2.0,
ozone-ai/0x-lite,2025-01-28,chat_finetuned,14.77,apache-2.0,
ozone-research/Chirp-01,2025-02-23,chat_finetuned,3.086,other,license_unverified;
paloalma/ECE-TW3-JRGL-V1,2024-08-04,merge,68.977,apache-2.0,
paloalma/ECE-TW3-JRGL-V2,2024-09-19,merge,72.288,apache-2.0,
paloalma/ECE-TW3-JRGL-V5,2024-08-30,merge,72.289,apache-2.0,
paloalma/Le_Triomphant-ECE-TW3,2024-07-25,merge,72.289,apache-2.0,
paloalma/TW3-JRGL-v2,2024-08-29,merge,72.289,apache-2.0,
pankajmathur/Al_Dente_v1_8b,2024-06-26,chat_finetuned,8.03,llama3,
pankajmathur/model_007_13b_v2,2024-06-26,chat_finetuned,13.0,llama2,
pankajmathur/orca_mini_3b,2024-06-26,chat_finetuned,3.426,cc-by-nc-sa-4.0,
pankajmathur/orca_mini_7b,2024-06-26,chat_finetuned,7.0,cc-by-nc-sa-4.0,
pankajmathur/orca_mini_phi-4,2025-01-22,chat_finetuned,14.66,mit,
pankajmathur/orca_mini_v2_7b,2024-06-26,chat_finetuned,7.0,cc-by-nc-sa-4.0,
pankajmathur/orca_mini_v3_13b,2024-06-26,chat_finetuned,13.0,other,license_unverified;
pankajmathur/orca_mini_v3_70b,2024-06-26,chat_finetuned,70.0,other,license_unverified;
pankajmathur/orca_mini_v3_7b,2024-06-26,chat_finetuned,7.0,other,license_unverified;
pankajmathur/orca_mini_v5_8b,2024-06-26,chat_finetuned,8.03,llama3,
pankajmathur/orca_mini_v5_8b_dpo,2024-06-26,chat_finetuned,8.0,llama3,
pankajmathur/orca_mini_v5_8b_orpo,2024-06-26,chat_finetuned,8.0,llama3,
pankajmathur/orca_mini_v6_8b,2024-06-26,chat_finetuned,8.03,llama3,
pankajmathur/orca_mini_v6_8b_dpo,2024-06-26,chat_finetuned,8.0,llama3,
pankajmathur/orca_mini_v7_72b,2025-01-02,chat_finetuned,72.706,apache-2.0,
pankajmathur/orca_mini_v7_7b,2024-06-26,chat_finetuned,7.616,apache-2.0,
pankajmathur/orca_mini_v8_1_70b,2024-12-21,chat_finetuned,70.554,llama3.3,
pankajmathur/orca_mini_v9_0_3B-Instruct,2024-12-29,chat_finetuned,3.213,llama3.2,
pankajmathur/orca_mini_v9_1_1B-Instruct,2024-12-29,chat_finetuned,1.236,llama3.2,
pankajmathur/orca_mini_v9_2_14B,2025-01-21,chat_finetuned,14.66,mit,
pankajmathur/orca_mini_v9_2_70b,2025-01-02,chat_finetuned,70.554,llama3.3,
pankajmathur/orca_mini_v9_4_70B,2025-01-17,chat_finetuned,70.554,llama3.3,
pankajmathur/orca_mini_v9_5_1B-Instruct,2025-01-02,chat_finetuned,1.236,llama3.2,
pankajmathur/orca_mini_v9_5_1B-Instruct_preview,2024-12-30,chat_finetuned,1.236,llama3.2,
pankajmathur/orca_mini_v9_5_3B-Instruct,2025-01-01,chat_finetuned,3.213,llama3.2,
pankajmathur/orca_mini_v9_6_1B-Instruct,2025-01-06,chat_finetuned,1.236,llama3.2,
pankajmathur/orca_mini_v9_6_3B-Instruct,2025-01-03,chat_finetuned,3.213,llama3.2,
pankajmathur/orca_mini_v9_7_1B-Instruct,2025-01-05,chat_finetuned,1.236,llama3.2,
pankajmathur/orca_mini_v9_7_3B-Instruct,2025-01-05,chat_finetuned,3.213,llama3.2,
paulml/ECE-ILAB-Q1,2024-09-16,merge,72.706,other,license_unverified;
pints-ai/1.5-Pints-16K-v0.1,2024-09-09,pretrained,1.566,mit,
pints-ai/1.5-Pints-2K-v0.1,2024-09-09,pretrained,1.566,mit,
piotr25691/thea-3b-25r,2024-10-12,chat_finetuned,3.213,llama3.2,
piotr25691/thea-c-3b-25r,2024-10-17,chat_finetuned,3.213,llama3.2,
piotr25691/thea-rp-3b-25r,2024-10-16,chat_finetuned,3.213,llama3.2,
postbot/gpt2-medium-emailgen,2024-11-17,continued,0.38,apache-2.0,
prince-canuma/Ministral-8B-Instruct-2410-HF,2024-10-17,chat_finetuned,8.02,other,license_unverified;
princeton-nlp/Llama-3-8B-ProLong-512k-Base,2024-10-16,continued,8.03,llama3,
princeton-nlp/Llama-3-8B-ProLong-512k-Instruct,2024-11-16,chat_finetuned,8.03,llama3,
princeton-nlp/Llama-3-8B-ProLong-512k-Instruct,2024-11-16,chat_finetuned,8.03,llama3,
princeton-nlp/Llama-3-8B-ProLong-64k-Base,2024-10-16,continued,8.03,llama3,
princeton-nlp/Llama-3-8B-ProLong-64k-Instruct,2024-10-16,chat_finetuned,8.03,llama3,
princeton-nlp/Llama-3-Base-8B-SFT,2024-10-07,chat_finetuned,8.03,,license_unverified;
princeton-nlp/Llama-3-Base-8B-SFT-CPO,2024-10-07,chat_finetuned,8.03,,license_unverified;
princeton-nlp/Llama-3-Base-8B-SFT-DPO,2024-10-07,chat_finetuned,8.03,,license_unverified;
princeton-nlp/Llama-3-Base-8B-SFT-IPO,2024-10-07,chat_finetuned,8.03,,license_unverified;
princeton-nlp/Llama-3-Base-8B-SFT-KTO,2024-10-07,chat_finetuned,8.03,,license_unverified;
princeton-nlp/Llama-3-Base-8B-SFT-ORPO,2024-10-07,chat_finetuned,8.03,,license_unverified;
princeton-nlp/Llama-3-Base-8B-SFT-RDPO,2024-10-07,chat_finetuned,8.03,,license_unverified;
princeton-nlp/Llama-3-Base-8B-SFT-RRHF,2024-10-07,chat_finetuned,8.03,,license_unverified;
princeton-nlp/Llama-3-Base-8B-SFT-SLiC-HF,2024-10-07,chat_finetuned,8.03,,license_unverified;
princeton-nlp/Llama-3-Base-8B-SFT-SimPO,2024-09-28,chat_finetuned,8.03,,license_unverified;
princeton-nlp/Llama-3-Instruct-8B-CPO,2024-09-28,chat_finetuned,8.03,,license_unverified;
princeton-nlp/Llama-3-Instruct-8B-CPO-v0.2,2024-09-28,chat_finetuned,8.03,,license_unverified;
princeton-nlp/Llama-3-Instruct-8B-DPO,2024-09-28,chat_finetuned,8.03,,license_unverified;
princeton-nlp/Llama-3-Instruct-8B-DPO-v0.2,2024-09-28,chat_finetuned,8.03,,license_unverified;
princeton-nlp/Llama-3-Instruct-8B-KTO,2024-09-28,chat_finetuned,8.03,,license_unverified;
princeton-nlp/Llama-3-Instruct-8B-KTO-v0.2,2024-09-28,chat_finetuned,8.03,,license_unverified;
princeton-nlp/Llama-3-Instruct-8B-ORPO,2024-09-28,chat_finetuned,8.03,,license_unverified;
princeton-nlp/Llama-3-Instruct-8B-ORPO-v0.2,2024-09-28,chat_finetuned,8.03,,license_unverified;
princeton-nlp/Llama-3-Instruct-8B-RDPO,2024-09-28,chat_finetuned,8.03,,license_unverified;
princeton-nlp/Llama-3-Instruct-8B-RDPO-v0.2,2024-09-28,chat_finetuned,8.03,,license_unverified;
princeton-nlp/Llama-3-Instruct-8B-RRHF,2024-10-07,chat_finetuned,8.03,,license_unverified;
princeton-nlp/Llama-3-Instruct-8B-RRHF-v0.2,2024-10-07,chat_finetuned,8.03,,license_unverified;
princeton-nlp/Llama-3-Instruct-8B-SLiC-HF,2024-10-07,chat_finetuned,8.03,,license_unverified;
princeton-nlp/Llama-3-Instruct-8B-SLiC-HF-v0.2,2024-10-07,chat_finetuned,8.03,,license_unverified;
princeton-nlp/Llama-3-Instruct-8B-SimPO,2024-09-28,chat_finetuned,8.03,,license_unverified;
princeton-nlp/Llama-3-Instruct-8B-SimPO-v0.2,2024-09-28,chat_finetuned,8.03,,license_unverified;
princeton-nlp/Mistral-7B-Base-SFT-CPO,2024-10-07,chat_finetuned,7.242,,license_unverified;
princeton-nlp/Mistral-7B-Base-SFT-DPO,2024-10-07,chat_finetuned,7.242,,license_unverified;
princeton-nlp/Mistral-7B-Base-SFT-IPO,2024-10-07,chat_finetuned,7.242,,license_unverified;
princeton-nlp/Mistral-7B-Base-SFT-KTO,2024-10-07,chat_finetuned,7.242,,license_unverified;
princeton-nlp/Mistral-7B-Base-SFT-RDPO,2024-10-07,chat_finetuned,7.242,,license_unverified;
princeton-nlp/Mistral-7B-Base-SFT-RRHF,2024-10-07,chat_finetuned,7.242,,license_unverified;
princeton-nlp/Mistral-7B-Base-SFT-SLiC-HF,2024-10-07,chat_finetuned,7.242,,license_unverified;
princeton-nlp/Mistral-7B-Base-SFT-SimPO,2024-09-21,chat_finetuned,7.242,,license_unverified;
princeton-nlp/Mistral-7B-Instruct-CPO,2024-10-07,chat_finetuned,7.242,,license_unverified;
princeton-nlp/Mistral-7B-Instruct-DPO,2024-10-07,chat_finetuned,7.242,,license_unverified;
princeton-nlp/Mistral-7B-Instruct-IPO,2024-10-07,chat_finetuned,7.242,,license_unverified;
princeton-nlp/Mistral-7B-Instruct-KTO,2024-10-07,chat_finetuned,7.242,,license_unverified;
princeton-nlp/Mistral-7B-Instruct-ORPO,2024-10-07,chat_finetuned,7.242,,license_unverified;
princeton-nlp/Mistral-7B-Instruct-RDPO,2024-10-07,chat_finetuned,7.242,,license_unverified;
princeton-nlp/Mistral-7B-Instruct-RRHF,2024-10-07,chat_finetuned,7.242,,license_unverified;
princeton-nlp/Mistral-7B-Instruct-SLiC-HF,2024-10-16,chat_finetuned,7.242,,license_unverified;
princeton-nlp/Mistral-7B-Instruct-SimPO,2024-09-21,chat_finetuned,7.242,,license_unverified;
princeton-nlp/Sheared-LLaMA-1.3B,2024-07-29,pretrained,1.3,apache-2.0,
princeton-nlp/Sheared-LLaMA-2.7B,2024-07-29,pretrained,2.7,apache-2.0,
princeton-nlp/gemma-2-9b-it-DPO,2024-09-19,chat_finetuned,9.242,,license_unverified;
princeton-nlp/gemma-2-9b-it-SimPO,2024-08-10,chat_finetuned,9.242,mit,
prithivMLmods/Bellatrix-1.5B-xElite,2025-01-27,chat_finetuned,1.777,apache-2.0,
prithivMLmods/Bellatrix-Tiny-1.5B-R1,2025-02-02,chat_finetuned,1.544,apache-2.0,
prithivMLmods/Bellatrix-Tiny-1B-v2,2025-01-27,chat_finetuned,1.236,llama3.2,
prithivMLmods/Blaze-14B-xElite,2025-01-28,chat_finetuned,14.66,llama3.1,
prithivMLmods/COCO-7B-Instruct-1M,2025-01-27,chat_finetuned,7.616,apache-2.0,
prithivMLmods/Calcium-Opus-14B-Elite,2025-01-23,chat_finetuned,14.766,apache-2.0,
prithivMLmods/Calcium-Opus-14B-Elite,2025-01-23,chat_finetuned,14.766,apache-2.0,
prithivMLmods/Calcium-Opus-14B-Elite-1M,2025-01-27,chat_finetuned,14.77,apache-2.0,
prithivMLmods/Calcium-Opus-14B-Elite-Stock,2025-01-25,merge,14.766,,license_unverified;
prithivMLmods/Calcium-Opus-14B-Elite2,2025-01-25,chat_finetuned,14.766,apache-2.0,
prithivMLmods/Calcium-Opus-14B-Elite2-R1,2025-02-02,chat_finetuned,14.766,apache-2.0,
prithivMLmods/Calcium-Opus-14B-Elite3,2025-01-25,chat_finetuned,14.766,apache-2.0,
prithivMLmods/Calcium-Opus-14B-Elite4,2025-01-25,chat_finetuned,14.766,apache-2.0,
prithivMLmods/Calcium-Opus-14B-Merge,2025-01-24,merge,14.766,,license_unverified;
prithivMLmods/Calcium-Opus-20B-v1,2025-01-23,chat_finetuned,19.173,apache-2.0,
prithivMLmods/Codepy-Deepthink-3B,2025-01-12,chat_finetuned,3.213,creativeml-openrail-m,
prithivMLmods/Coma-II-14B,2025-03-03,chat_finetuned,14.766,apache-2.0,
prithivMLmods/Condor-Opus-14B-Exp,2025-03-03,chat_finetuned,14.77,apache-2.0,
prithivMLmods/Cygnus-II-14B,2025-03-03,chat_finetuned,14.766,apache-2.0,
prithivMLmods/Deepthink-Llama-3-8B-Preview,2025-03-12,chat_finetuned,8.03,llama3,
prithivMLmods/Deepthink-Reasoning-14B,2025-01-22,chat_finetuned,14.77,apache-2.0,
prithivMLmods/Deepthink-Reasoning-7B,2025-01-09,chat_finetuned,7.616,creativeml-openrail-m,
prithivMLmods/Dinobot-Opus-14B-Exp,2025-02-15,chat_finetuned,14.77,apache-2.0,
prithivMLmods/Elita-0.1-Distilled-R1-abliterated,2025-02-09,chat_finetuned,7.616,apache-2.0,
prithivMLmods/Elita-1,2025-02-07,chat_finetuned,14.766,apache-2.0,
prithivMLmods/Epimetheus-14B-Axo,2025-03-04,chat_finetuned,14.766,apache-2.0,
prithivMLmods/Equuleus-Opus-14B-Exp,2025-02-27,chat_finetuned,14.766,apache-2.0,
prithivMLmods/Eridanus-Opus-14B-r999,2025-03-01,chat_finetuned,14.77,apache-2.0,
prithivMLmods/Evac-Opus-14B-Exp,2025-02-16,chat_finetuned,14.77,apache-2.0,
prithivMLmods/FastThink-0.5B-Tiny,2025-01-24,chat_finetuned,0.494,apache-2.0,
prithivMLmods/GWQ-9B-Preview,2025-01-08,chat_finetuned,9.242,gemma,
prithivMLmods/GWQ-9B-Preview2,2025-01-08,chat_finetuned,9.242,creativeml-openrail-m,
prithivMLmods/GWQ2b,2025-01-12,chat_finetuned,2.614,gemma,
prithivMLmods/Gaea-Opus-14B-Exp,2025-03-13,chat_finetuned,14.766,apache-2.0,
prithivMLmods/Galactic-Qwen-14B-Exp1,2025-03-12,chat_finetuned,14.766,apache-2.0,
prithivMLmods/Galactic-Qwen-14B-Exp2,2025-03-13,chat_finetuned,14.766,apache-2.0,
prithivMLmods/Gauss-Opus-14B-R999,2025-03-04,chat_finetuned,14.77,apache-2.0,
prithivMLmods/Jolt-v0.1,2025-02-07,chat_finetuned,14.766,apache-2.0,
prithivMLmods/Lacerta-Opus-14B-Elite8,2025-02-27,chat_finetuned,14.766,apache-2.0,
prithivMLmods/Llama-3.1-5B-Instruct,2025-01-12,chat_finetuned,5.413,llama3.1,
prithivMLmods/Llama-3.1-8B-Open-SFT,2025-01-12,chat_finetuned,8.03,creativeml-openrail-m,
prithivMLmods/Llama-3.2-3B-Math-Oct,2025-01-24,chat_finetuned,3.213,llama3.2,
prithivMLmods/Llama-3.2-6B-AlgoCode,2025-01-12,chat_finetuned,6.339,llama3.2,
prithivMLmods/Llama-8B-Distill-CoT,2025-01-22,chat_finetuned,8.03,llama3.1,
prithivMLmods/Llama-Deepsync-1B,2025-01-12,chat_finetuned,1.236,creativeml-openrail-m,
prithivMLmods/Llama-Deepsync-3B,2025-01-12,chat_finetuned,3.213,creativeml-openrail-m,
prithivMLmods/Llama-Express.1-Math,2025-01-25,chat_finetuned,1.236,llama3.2,
prithivMLmods/LwQ-10B-Instruct,2025-01-19,chat_finetuned,10.732,llama3.1,
prithivMLmods/LwQ-Reasoner-10B,2025-01-19,chat_finetuned,10.306,llama3.1,
prithivMLmods/Magellanic-Opus-14B-Exp,2025-02-14,chat_finetuned,14.766,apache-2.0,
prithivMLmods/Magellanic-Qwen-25B-R999,2025-03-04,chat_finetuned,24.962,,license_unverified;
prithivMLmods/Megatron-Corpus-14B-Exp,2025-02-13,chat_finetuned,14.766,apache-2.0,
prithivMLmods/Megatron-Corpus-14B-Exp.v2,2025-02-07,chat_finetuned,14.766,apache-2.0,
prithivMLmods/Megatron-Opus-14B-2.0,2025-02-09,chat_finetuned,14.66,llama3.1,
prithivMLmods/Megatron-Opus-14B-2.1,2025-02-21,chat_finetuned,14.66,llama3,
prithivMLmods/Megatron-Opus-14B-Exp,2025-02-03,chat_finetuned,14.766,apache-2.0,
prithivMLmods/Megatron-Opus-14B-Stock,2025-02-03,merge,14.766,,license_unverified;
prithivMLmods/Megatron-Opus-7B-Exp,2025-02-03,chat_finetuned,7.456,llama3.1,
prithivMLmods/Messier-Opus-14B-Elite7,2025-02-27,chat_finetuned,14.766,apache-2.0,
prithivMLmods/Omni-Reasoner-Merged,2025-01-17,chat_finetuned,7.616,,license_unverified;
prithivMLmods/Omni-Reasoner3-Merged,2025-01-17,chat_finetuned,3.213,,license_unverified;
prithivMLmods/Pegasus-Opus-14B-Exp,2025-03-01,chat_finetuned,14.766,apache-2.0,
prithivMLmods/Phi-4-Empathetic,2025-01-12,chat_finetuned,14.66,mit,
prithivMLmods/Phi-4-Math-IO,2025-01-12,chat_finetuned,14.66,mit,
prithivMLmods/Phi-4-QwQ,2025-01-12,chat_finetuned,14.66,mit,
prithivMLmods/Phi-4-Super,2025-01-24,merge,14.66,,license_unverified;
prithivMLmods/Phi-4-Super-1,2025-01-24,merge,14.66,,license_unverified;
prithivMLmods/Phi-4-Super-o1,2025-01-24,merge,14.66,,license_unverified;
prithivMLmods/Phi-4-o1,2025-01-09,chat_finetuned,14.66,mit,
prithivMLmods/Phi4-Super,2025-01-23,chat_finetuned,14.66,,license_unverified;
prithivMLmods/Porpoise-Opus-14B-Exp,2025-02-27,chat_finetuned,14.766,apache-2.0,
prithivMLmods/Primal-Opus-14B-Optimus-v1,2025-02-03,chat_finetuned,14.766,apache-2.0,
prithivMLmods/Primal-Opus-14B-Optimus-v2,2025-02-27,chat_finetuned,14.766,apache-2.0,
prithivMLmods/QwQ-LCoT-14B-Conversational,2025-01-19,chat_finetuned,14.77,apache-2.0,
prithivMLmods/QwQ-LCoT-3B-Instruct,2025-01-12,chat_finetuned,3.086,creativeml-openrail-m,
prithivMLmods/QwQ-LCoT-7B-Instruct,2025-01-07,chat_finetuned,7.616,creativeml-openrail-m,
prithivMLmods/QwQ-LCoT1-Merged,2025-01-22,chat_finetuned,7.616,,license_unverified;
prithivMLmods/QwQ-LCoT2-7B-Instruct,2025-01-24,chat_finetuned,7.616,apache-2.0,
prithivMLmods/QwQ-MathOct-7B,2025-01-19,chat_finetuned,7.616,apache-2.0,
prithivMLmods/QwQ-R1-Distill-1.5B-CoT,2025-01-22,chat_finetuned,1.777,apache-2.0,
prithivMLmods/QwQ-R1-Distill-7B-CoT,2025-01-22,chat_finetuned,7.616,apache-2.0,
prithivMLmods/Qwen-7B-Distill-Reasoner,2025-01-28,chat_finetuned,7.616,apache-2.0,
prithivMLmods/Qwen2.5-1.5B-DeepSeek-R1-Instruct,2025-01-29,merge,1.777,,license_unverified;
prithivMLmods/Qwen2.5-14B-DeepSeek-R1-1M,2025-02-01,merge,14.77,,license_unverified;
prithivMLmods/Qwen2.5-7B-DeepSeek-R1-1M,2025-01-29,merge,7.616,,license_unverified;
prithivMLmods/SmolLM2-CoT-360M,2025-01-07,chat_finetuned,0.362,apache-2.0,
prithivMLmods/Sombrero-Opus-14B-Elite5,2025-02-13,chat_finetuned,14.766,apache-2.0,
prithivMLmods/Sombrero-Opus-14B-Elite6,2025-02-25,chat_finetuned,14.766,apache-2.0,
prithivMLmods/Sombrero-Opus-14B-Sm1,2025-03-08,chat_finetuned,14.77,apache-2.0,
prithivMLmods/Sombrero-Opus-14B-Sm2,2025-03-08,chat_finetuned,14.77,apache-2.0,
prithivMLmods/Sombrero-Opus-14B-Sm4,2025-03-12,chat_finetuned,14.77,apache-2.0,
prithivMLmods/Sombrero-Opus-14B-Sm5,2025-03-08,chat_finetuned,14.766,apache-2.0,
prithivMLmods/Sqweeks-7B-Instruct,2025-02-07,chat_finetuned,7.616,apache-2.0,
prithivMLmods/Tadpole-Opus-14B-Exp,2025-02-26,chat_finetuned,14.766,apache-2.0,
prithivMLmods/Taurus-Opus-7B,2025-01-27,chat_finetuned,7.456,apache-2.0,
prithivMLmods/Triangulum-10B,2025-01-07,chat_finetuned,10.306,llama3.1,
prithivMLmods/Triangulum-5B,2025-01-07,chat_finetuned,5.413,creativeml-openrail-m,
prithivMLmods/Triangulum-v2-10B,2025-01-31,chat_finetuned,10.306,llama3.1,
prithivMLmods/Tucana-Opus-14B-r999,2025-03-01,chat_finetuned,14.77,apache-2.0,
prithivMLmods/Tulu-MathLingo-8B,2025-01-12,chat_finetuned,8.03,creativeml-openrail-m,
prithivMLmods/Viper-Coder-7B-Elite14,2025-03-13,chat_finetuned,7.616,,license_unverified;
prithivMLmods/Viper-Coder-Hybrid-v1.2,2025-02-21,chat_finetuned,14.766,apache-2.0,
prithivMLmods/Viper-Coder-Hybrid-v1.3,2025-02-22,chat_finetuned,14.766,apache-2.0,
prithivMLmods/Viper-Coder-HybridMini-v1.3,2025-02-22,chat_finetuned,7.616,apache-2.0,
prithivMLmods/Viper-Coder-v0.1,2025-02-07,chat_finetuned,14.766,apache-2.0,
prithivMLmods/Viper-Coder-v1.1,2025-02-14,chat_finetuned,14.77,apache-2.0,
prithivMLmods/Viper-Coder-v1.6-r999,2025-03-01,chat_finetuned,14.77,apache-2.0,
prithivMLmods/Viper-Coder-v1.7-Vsm6,2025-03-07,chat_finetuned,14.766,apache-2.0,
prithivMLmods/Viper-OneCoder-UIGEN,2025-02-27,chat_finetuned,14.77,apache-2.0,
prithivMLmods/Volans-Opus-14B-Exp,2025-03-13,chat_finetuned,14.766,apache-2.0,
prithivMLmods/WebMind-7B-v0.1,2025-02-07,chat_finetuned,7.616,apache-2.0,
pszemraj/Llama-3-6.3b-v0.1,2024-06-26,continued,6.3,llama3,
pszemraj/Mistral-v0.3-6B,2024-06-26,continued,5.939,apache-2.0,
qingy2019/LLaMa_3.2_3B_Catalysts,2024-10-29,chat_finetuned,3.0,apache-2.0,
qingy2019/OpenMath2-Llama3.1-8B,2024-11-23,chat_finetuned,8.0,,license_unverified;
qingy2019/Oracle-14B,2024-11-23,merge,13.668,,license_unverified;
qingy2019/Oracle-14B,2024-11-24,merge,13.668,,license_unverified;
qingy2019/Qwen2.5-Math-14B-Instruct,2024-12-01,chat_finetuned,14.0,apache-2.0,
qingy2019/Qwen2.5-Math-14B-Instruct,2024-12-01,chat_finetuned,14.0,apache-2.0,
qingy2019/Qwen2.5-Math-14B-Instruct-Alpha,2024-12-03,chat_finetuned,14.0,apache-2.0,
qingy2019/Qwen2.5-Math-14B-Instruct-Pro,2024-12-03,chat_finetuned,14.766,,license_unverified;
qingy2019/Qwen2.5-Ultimate-14B-Instruct,2024-12-02,merge,14.766,,license_unverified;
qingy2024/Benchmaxx-Llama-3.2-1B-Instruct,2025-02-22,chat_finetuned,1.236,,license_unverified;
qingy2024/Eyas-17B-Instruct,2024-12-23,chat_finetuned,17.431,,license_unverified;
qingy2024/Falcon3-2x10B-MoE-Instruct,2024-12-25,continued,18.799,apache-2.0,
qingy2024/Fusion-14B-Instruct,2024-12-05,chat_finetuned,14.0,,license_unverified;
qingy2024/Fusion2-14B-Instruct,2024-12-06,chat_finetuned,14.766,,license_unverified;
qingy2024/Fusion4-14B-Instruct,2024-12-25,chat_finetuned,14.77,,license_unverified;
qingy2024/OwO-14B-Instruct,2024-12-30,chat_finetuned,14.77,apache-2.0,
qingy2024/QwEnlarge-16B-Instruct,2025-03-06,chat_finetuned,15.871,,license_unverified;
qingy2024/QwQ-14B-Math-v0.2,2024-12-23,chat_finetuned,14.77,apache-2.0,
qingy2024/Qwarkstar-4B,2025-01-10,continued,4.473,,license_unverified;
qingy2024/Qwarkstar-4B-Instruct-Preview,2025-01-17,chat_finetuned,4.473,apache-2.0,
qingy2024/Qwen2.5-4B,2025-01-16,pretrained,4.168,,license_unverified;
qingy2024/Qwen2.5-Coder-Draft-1.5B-Instruct,2025-01-31,chat_finetuned,1.544,,license_unverified;
qingy2024/Qwen2.5-Math-14B-Instruct-Alpha,2024-12-10,chat_finetuned,14.77,apache-2.0,
qingy2024/Qwen2.5-Math-14B-Instruct-Preview,2024-12-10,chat_finetuned,14.77,apache-2.0,
qingy2024/Qwen2.6-14B-Instruct,2024-12-04,merge,14.766,,license_unverified;
qingy2024/Qwen2.6-Math-14B-Instruct,2024-12-04,chat_finetuned,14.0,apache-2.0,
qq8933/OpenLongCoT-Base-Gemma2-2B,2024-11-12,chat_finetuned,3.204,other,license_unverified;
raphgg/test-2.5-72B,2024-12-27,chat_finetuned,72.706,apache-2.0,
rasyosef/Mistral-NeMo-Minitron-8B-Chat,2024-08-26,chat_finetuned,8.414,other,license_unverified;
rasyosef/Phi-1_5-Instruct-v0.1,2024-07-25,chat_finetuned,1.415,mit,
rasyosef/phi-2-instruct-apo,2024-09-17,chat_finetuned,2.775,mit,
rasyosef/phi-2-instruct-v0.1,2024-08-10,chat_finetuned,2.775,mit,
realtreetune/rho-1b-sft-MATH,2024-10-05,chat_finetuned,1.1,,license_unverified;
recoilme/Gemma-2-Ataraxy-Gemmasutra-9B-slerp,2024-09-12,chat_finetuned,10.159,apache-2.0,
recoilme/Gemma-2-Ataraxy-Gemmasutra-9B-slerp,2024-09-27,merge,10.159,apache-2.0,
recoilme/recoilme-gemma-2-9B-v0.1,2024-09-18,chat_finetuned,10.159,,license_unverified;
recoilme/recoilme-gemma-2-9B-v0.2,2024-09-18,chat_finetuned,10.159,cc-by-nc-4.0,
recoilme/recoilme-gemma-2-9B-v0.2,2024-09-27,merge,10.159,cc-by-nc-4.0,
recoilme/recoilme-gemma-2-9B-v0.3,2024-09-18,chat_finetuned,10.159,cc-by-nc-4.0,
recoilme/recoilme-gemma-2-9B-v0.3,2024-09-27,merge,10.159,cc-by-nc-4.0,
recoilme/recoilme-gemma-2-9B-v0.4,2024-09-19,merge,10.159,cc-by-nc-4.0,
recoilme/recoilme-gemma-2-9B-v0.5,2024-11-26,chat_finetuned,10.159,,license_unverified;
redrix/AngelSlayer-12B-Unslop-Mell-RPMax-DARKNESS,2024-12-12,merge,12.248,apache-2.0,
redrix/patricide-12B-Unslop-Mell,2024-12-12,merge,12.248,apache-2.0,
refuelai/Llama-3-Refueled,2024-06-12,chat_finetuned,8.03,cc-by-nc-4.0,
rhplus0831/maid-yuzu-v7,2024-09-08,chat_finetuned,46.703,,license_unverified;
rhymes-ai/Aria,2024-10-10,other,25.307,apache-2.0,
rhysjones/phi-2-orange-v2,2024-06-28,chat_finetuned,2.78,mit,
riaz/FineLlama-3.1-8B,2024-10-12,chat_finetuned,8.03,apache-2.0,
riaz/FineLlama-3.1-8B,2024-10-12,chat_finetuned,8.03,apache-2.0,
rmdhirr/Gluon-8B,2024-09-14,merge,8.03,apache-2.0,
rombodawg/Rombos-Coder-V2.5-Qwen-14b,2025-02-06,chat_finetuned,14.77,apache-2.0,
rombodawg/Rombos-Coder-V2.5-Qwen-7b,2025-02-06,chat_finetuned,7.616,apache-2.0,
rombodawg/Rombos-LLM-V2.5-Qwen-0.5b,2024-09-29,chat_finetuned,0.63,apache-2.0,
rombodawg/Rombos-LLM-V2.5-Qwen-1.5b,2024-09-29,chat_finetuned,1.777,apache-2.0,
rombodawg/Rombos-LLM-V2.5-Qwen-14b,2024-09-29,chat_finetuned,14.77,apache-2.0,
rombodawg/Rombos-LLM-V2.5-Qwen-32b,2024-10-07,chat_finetuned,32.764,apache-2.0,
rombodawg/Rombos-LLM-V2.5-Qwen-3b,2024-09-29,chat_finetuned,3.397,other,license_unverified;
rombodawg/Rombos-LLM-V2.5-Qwen-72b,2024-12-19,merge,72.706,other,license_unverified;
rombodawg/Rombos-LLM-V2.5-Qwen-7b,2024-09-29,chat_finetuned,7.616,apache-2.0,
rombodawg/Rombos-LLM-V2.5.1-Qwen-3b,2024-10-08,merge,3.397,other,license_unverified;
rombodawg/Rombos-LLM-V2.5.1-Qwen-3b,2024-11-14,chat_finetuned,3.397,other,license_unverified;
rombodawg/Rombos-LLM-V2.6-Nemotron-70b,2024-10-17,chat_finetuned,70.554,llama3.1,
rombodawg/Rombos-LLM-V2.6-Qwen-14b,2024-12-07,chat_finetuned,14.77,apache-2.0,
rombodawg/rombos_Replete-Coder-Instruct-8b-Merged,2024-10-14,merge,8.03,apache-2.0,
rombodawg/rombos_Replete-Coder-Llama3-8B,2024-10-14,chat_finetuned,8.03,other,license_unverified;
rootxhacker/Apollo-70B,2025-03-02,merge,70.554,mit,
rootxhacker/Apollo_v2-32B,2025-03-11,merge,32.764,mit,
rootxhacker/apollo-7B,2025-03-02,chat_finetuned,7.616,mit,
rsh345/mistral-ft-optimized-1218-NeuralHermes-2.5-Mistral-7B,2025-01-27,merge,7.242,,license_unverified;
rubenroy/Geneva-12B-GCv2-5m,2025-02-27,chat_finetuned,12.248,apache-2.0,
rubenroy/Gilgamesh-72B,2025-02-25,chat_finetuned,72.706,other,license_unverified;
rubenroy/Zurich-14B-GCv2-5m,2025-02-27,chat_finetuned,14.77,apache-2.0,
ruizhe1217/sft-s1-qwen-0.5b,2025-02-27,chat_finetuned,0.494,apache-2.0,
rwitz/go-bruins-v2,2024-06-26,chat_finetuned,7.242,,license_unverified;
sabersaleh/Llama2-7B-CPO,2024-11-30,chat_finetuned,7.0,mit,
sabersaleh/Llama2-7B-DPO,2024-11-30,chat_finetuned,7.0,mit,
sabersaleh/Llama2-7B-IPO,2024-11-30,chat_finetuned,7.0,mit,
sabersaleh/Llama2-7B-KTO,2024-11-30,chat_finetuned,7.0,mit,
sabersaleh/Llama2-7B-SPO,2024-11-30,chat_finetuned,7.0,mit,
sabersaleh/Llama2-7B-SimPO,2024-11-30,chat_finetuned,7.0,mit,
sabersaleh/Llama3,2024-11-29,chat_finetuned,8.03,mit,
sabersalehk/Llama3-001-300,2024-12-03,chat_finetuned,8.03,mit,
sabersalehk/Llama3-SimPO,2024-12-02,chat_finetuned,8.03,mit,
sabersalehk/Llama3_001_200,2024-12-03,chat_finetuned,8.03,mit,
sabersalehk/Llama3_01_300,2024-12-03,chat_finetuned,8.03,mit,
saishf/Fimbulvetr-Kuro-Lotus-10.7B,2024-07-09,merge,10.732,cc-by-nc-4.0,
saishf/Neural-SOVLish-Devil-8B-L3,2025-02-02,merge,8.03,cc-by-nc-4.0,
saishshinde15/TethysAI_Base_Reasoning,2025-02-25,chat_finetuned,3.086,apache-2.0,
saishshinde15/TethysAI_Vortex,2025-02-25,chat_finetuned,3.086,,license_unverified;
saishshinde15/TethysAI_Vortex_Reasoning,2025-02-25,chat_finetuned,3.086,apache-2.0,
sakaltcommunity/novablast-preview,2024-12-18,merge,32.764,apache-2.0,
sakaltcommunity/sakaltum-7b,2024-12-13,merge,7.242,mit,
sakhan10/quantized_open_llama_3b_v2,2024-08-28,chat_finetuned,3.0,,license_unverified;
saltlux/luxia-21.4b-alignment-v1.0,2024-06-29,chat_finetuned,21.421,apache-2.0,
saltlux/luxia-21.4b-alignment-v1.2,2024-07-30,chat_finetuned,21.421,apache-2.0,
sam-paech/Darkest-muse-v1,2024-10-26,merge,10.159,apache-2.0,
sam-paech/Delirium-v1,2024-10-26,chat_finetuned,9.242,gemma,
sam-paech/Quill-v1,2024-10-26,chat_finetuned,9.242,,license_unverified;
sarvamai/OpenHathi-7B-Hi-v0.1-Base,2025-02-06,chat_finetuned,6.87,llama2,
schnapss/testmerge-7b,2024-11-16,merge,7.242,,license_unverified;
sci-m-wang/Mistral-7B-Instruct-sa-v0.1,2024-06-27,chat_finetuned,14.483,other,license_unverified;
sci-m-wang/Phi-3-mini-4k-instruct-sa-v0.1,2024-06-27,chat_finetuned,7.642,other,license_unverified;
sci-m-wang/deepseek-llm-7b-chat-sa-v0.1,2024-06-27,chat_finetuned,7.0,other,license_unverified;
securin/Securin-LLM-V2.5-Qwen-1.5B,2024-12-08,chat_finetuned,1.543,,license_unverified;
senseable/WestLake-7B-v2,2024-07-23,chat_finetuned,7.242,apache-2.0,
sequelbox/Llama3.1-70B-PlumChat,2024-11-27,merge,70.554,llama3.1,
sequelbox/Llama3.1-8B-MOTH,2024-09-19,chat_finetuned,8.03,llama3.1,
sequelbox/Llama3.1-8B-PlumChat,2024-10-03,chat_finetuned,8.03,llama3.1,
sequelbox/Llama3.1-8B-PlumCode,2024-10-03,chat_finetuned,8.03,llama3.1,
sequelbox/Llama3.1-8B-PlumMath,2024-10-03,chat_finetuned,8.03,llama3.1,
sequelbox/gemma-2-9B-MOTH,2024-09-10,chat_finetuned,9.242,gemma,
sethuiyer/Llama-3.1-8B-Experimental-1206-Instruct,2025-01-19,chat_finetuned,8.03,,license_unverified;
sethuiyer/Llama-3.1-8B-Experimental-1208-Instruct,2025-01-18,chat_finetuned,8.03,,license_unverified;
sethuiyer/LlamaZero-3.1-8B-Experimental-1208,2025-01-20,merge,8.03,,license_unverified;
sethuiyer/Llamaverse-3.1-8B-Instruct,2025-01-14,merge,8.03,llama3.1,
sethuiyer/Llamazing-3.1-8B-Instruct,2025-01-19,chat_finetuned,8.03,,license_unverified;
sethuiyer/Qwen2.5-7B-Anvita,2024-10-27,merge,7.616,apache-2.0,
shadowml/BeagSake-7B,2024-10-29,merge,7.242,cc-by-nc-4.0,
shadowml/Mixolar-4x7b,2024-08-05,merge,36.099,apache-2.0,
shastraai/Shastra-LLAMA2-Math-Commonsense-SFT,2024-10-27,merge,6.738,,license_unverified;
shivam9980/NEPALI-LLM,2024-09-24,continued,10.273,apache-2.0,
shivam9980/mistral-7b-news-cnn-merged,2024-09-12,chat_finetuned,7.723,apache-2.0,
shivank21/mistral_dpo_self,2025-02-05,chat_finetuned,7.913,,license_unverified;
shuttleai/shuttle-3,2024-12-04,chat_finetuned,72.706,other,license_unverified;
shyamieee/Padma-v7.0,2024-06-26,merge,7.242,apache-2.0,
silma-ai/SILMA-9B-Instruct-v1.0,2024-11-12,chat_finetuned,9.242,gemma,
silma-ai/SILMA-Kashif-2B-Instruct-v1.0,2025-01-27,chat_finetuned,2.614,gemma,
siqi00/Mistral-7B-DFT,2025-02-05,chat_finetuned,7.242,apache-2.0,
siqi00/Mistral-7B-DFT2,2025-02-26,chat_finetuned,7.242,apache-2.0,
skumar9/Llama-medx_v2,2025-01-29,chat_finetuned,8.03,apache-2.0,
skymizer/Llama2-7b-sft-chat-custom-template-dpo,2024-07-01,chat_finetuned,6.738,llama2,
someon98/qwen-CoMa-0.5b,2024-12-29,chat_finetuned,0.63,,license_unverified;
sometimesanotion/ChocoTrio-14B-v1,2025-03-01,merge,14.766,,license_unverified;
sometimesanotion/IF-reasoning-experiment-40,2024-12-29,merge,14.0,,license_unverified;
sometimesanotion/IF-reasoning-experiment-80,2024-12-29,merge,7.383,,license_unverified;
sometimesanotion/KytheraMix-7B-v0.2,2025-02-05,merge,7.613,,license_unverified;
sometimesanotion/Lamarck-14B-v0.1-experimental,2024-12-09,merge,14.766,,license_unverified;
sometimesanotion/Lamarck-14B-v0.3,2024-12-09,merge,14.766,apache-2.0,
sometimesanotion/Lamarck-14B-v0.4-Qwenvergence,2024-12-12,merge,14.766,,license_unverified;
sometimesanotion/Lamarck-14B-v0.6,2025-01-05,merge,14.766,apache-2.0,
sometimesanotion/Lamarck-14B-v0.6-002-model_stock,2025-01-01,merge,14.0,,license_unverified;
sometimesanotion/Lamarck-14B-v0.6-model_stock,2024-12-31,merge,14.0,,license_unverified;
sometimesanotion/Lamarck-14B-v0.7-Fusion,2025-02-23,merge,14.766,apache-2.0,
sometimesanotion/Lamarck-14B-v0.7-rc1,2025-01-19,merge,14.766,,license_unverified;
sometimesanotion/Lamarck-14B-v0.7-rc4,2025-01-21,merge,14.766,apache-2.0,
sometimesanotion/LamarckInfusion-14B-v1,2025-02-25,merge,14.766,,license_unverified;
sometimesanotion/LamarckInfusion-14B-v2,2025-03-01,merge,14.766,,license_unverified;
sometimesanotion/LamarckInfusion-14B-v2-hi,2025-03-01,merge,14.766,,license_unverified;
sometimesanotion/LamarckInfusion-14B-v2-lo,2025-03-01,merge,14.766,,license_unverified;
sometimesanotion/LamarckInfusion-14B-v3,2025-03-01,merge,14.766,,license_unverified;
sometimesanotion/Qwen-14B-ProseStock-v4,2024-12-24,merge,14.0,,license_unverified;
sometimesanotion/Qwen-2.5-14B-Virmarckeoso,2024-12-10,merge,14.766,,license_unverified;
sometimesanotion/Qwen2.5-14B-Vimarckoso,2024-12-11,merge,14.766,,license_unverified;
sometimesanotion/Qwen2.5-14B-Vimarckoso-v2,2024-12-26,merge,14.0,,license_unverified;
sometimesanotion/Qwen2.5-14B-Vimarckoso-v3,2024-12-27,merge,14.0,apache-2.0,
sometimesanotion/Qwen2.5-14B-Vimarckoso-v3-IF-Variant,2024-12-28,merge,14.0,,license_unverified;
sometimesanotion/Qwen2.5-14B-Vimarckoso-v3-Prose01,2024-12-30,merge,14.0,,license_unverified;
sometimesanotion/Qwen2.5-14B-Vimarckoso-v3-model_stock,2024-12-27,merge,14.0,,license_unverified;
sometimesanotion/Qwen2.5-7B-Gordion-v0.1,2025-02-07,merge,7.613,,license_unverified;
sometimesanotion/Qwen2.5-7B-Gordion-v0.1-Prose,2025-02-08,merge,7.613,,license_unverified;
sometimesanotion/Qwen2.5-7B-Gordion-v0.1-Reason,2025-02-08,merge,7.613,,license_unverified;
sometimesanotion/Qwentessential-14B-v1,2025-02-16,merge,14.766,,license_unverified;
sometimesanotion/Qwentinuum-14B-v013,2024-12-26,merge,14.0,,license_unverified;
sometimesanotion/Qwentinuum-14B-v1,2024-12-21,merge,14.0,,license_unverified;
sometimesanotion/Qwentinuum-14B-v2,2024-12-21,merge,14.0,,license_unverified;
sometimesanotion/Qwentinuum-14B-v3,2024-12-22,merge,14.0,,license_unverified;
sometimesanotion/Qwentinuum-14B-v5,2024-12-22,merge,14.0,,license_unverified;
sometimesanotion/Qwentinuum-14B-v6,2024-12-22,merge,14.0,,license_unverified;
sometimesanotion/Qwentinuum-14B-v6-Prose,2024-12-26,merge,14.0,,license_unverified;
sometimesanotion/Qwentinuum-14B-v7,2024-12-22,merge,14.0,,license_unverified;
sometimesanotion/Qwentinuum-14B-v8,2024-12-22,merge,14.0,,license_unverified;
sometimesanotion/Qwentinuum-14B-v9,2024-12-22,merge,14.0,,license_unverified;
sometimesanotion/Qwenvergence-14B-qv256,2025-01-01,merge,14.0,,license_unverified;
sometimesanotion/Qwenvergence-14B-v0.6-004-model_stock,2025-01-01,merge,14.0,,license_unverified;
sometimesanotion/Qwenvergence-14B-v10,2025-01-22,merge,14.766,,license_unverified;
sometimesanotion/Qwenvergence-14B-v11,2025-01-29,merge,14.766,apache-2.0,
sometimesanotion/Qwenvergence-14B-v12-Prose,2025-01-30,merge,14.766,,license_unverified;
sometimesanotion/Qwenvergence-14B-v12-Prose-DS,2025-01-30,merge,14.766,,license_unverified;
sometimesanotion/Qwenvergence-14B-v13-Prose-DS,2025-02-05,merge,14.766,apache-2.0,
sometimesanotion/Qwenvergence-14B-v15-Prose-MS,2025-02-26,merge,14.766,,license_unverified;
sometimesanotion/Qwenvergence-14B-v2-Prose,2024-12-15,merge,14.0,,license_unverified;
sometimesanotion/Qwenvergence-14B-v3,2024-12-21,merge,14.0,,license_unverified;
sometimesanotion/Qwenvergence-14B-v3-Prose,2024-12-21,merge,14.766,apache-2.0,
sometimesanotion/Qwenvergence-14B-v3-Reason,2024-12-21,chat_finetuned,14.0,,license_unverified;
sometimesanotion/Qwenvergence-14B-v3-Reason,2024-12-21,merge,14.0,,license_unverified;
sometimesanotion/Qwenvergence-14B-v6-Prose,2024-12-26,merge,14.0,apache-2.0,
sometimesanotion/Qwenvergence-14B-v6-Prose-model_stock,2024-12-26,merge,14.0,,license_unverified;
sometimesanotion/Qwenvergence-14B-v8,2025-01-16,merge,14.766,,license_unverified;
sometimesanotion/Qwenvergence-14B-v9,2025-01-17,merge,14.766,,license_unverified;
sometimesanotion/lamarck-14b-prose-model_stock,2024-12-09,merge,14.766,,license_unverified;
sometimesanotion/lamarck-14b-reason-model_stock,2024-12-09,merge,14.766,,license_unverified;
sonthenguyen/ft-unsloth-zephyr-sft-bnb-4bit-20241014-161415,2024-10-16,chat_finetuned,7.723,apache-2.0,
sonthenguyen/ft-unsloth-zephyr-sft-bnb-4bit-20241014-164205,2024-10-16,chat_finetuned,7.723,apache-2.0,
sonthenguyen/ft-unsloth-zephyr-sft-bnb-4bit-20241014-170522,2024-10-16,chat_finetuned,7.723,apache-2.0,
sonthenguyen/zephyr-sft-bnb-4bit-DPO-mtbc-213steps,2024-10-03,chat_finetuned,7.242,apache-2.0,
sonthenguyen/zephyr-sft-bnb-4bit-DPO-mtbo-180steps,2024-10-03,chat_finetuned,7.242,apache-2.0,
sonthenguyen/zephyr-sft-bnb-4bit-DPO-mtbr-180steps,2024-10-03,chat_finetuned,7.242,apache-2.0,
sophosympatheia/Midnight-Miqu-70B-v1.5,2024-10-22,merge,68.977,other,license_unverified;
speakleash/Bielik-11B-v2,2024-10-16,continued,11.169,apache-2.0,
speakleash/Bielik-11B-v2.0-Instruct,2024-10-16,chat_finetuned,11.169,apache-2.0,
speakleash/Bielik-11B-v2.1-Instruct,2024-10-16,chat_finetuned,11.169,apache-2.0,
speakleash/Bielik-11B-v2.2-Instruct,2024-10-16,chat_finetuned,11.169,apache-2.0,
speakleash/Bielik-11B-v2.3-Instruct,2024-10-16,chat_finetuned,11.169,apache-2.0,
spmurrayzzz/Mistral-Syndicate-7B,2024-06-27,chat_finetuned,7.242,apache-2.0,
spow12/ChatWaifu_12B_v2.0,2024-10-14,chat_finetuned,12.248,cc-by-nc-4.0,
spow12/ChatWaifu_22B_v2.0_preview,2024-09-24,chat_finetuned,22.247,cc-by-nc-4.0,
spow12/ChatWaifu_v1.4,2024-09-05,chat_finetuned,12.248,cc-by-nc-4.0,
spow12/ChatWaifu_v2.0_22B,2024-10-11,chat_finetuned,22.247,cc-by-nc-4.0,
spow12/ChatWaifu_v2.0_22B,2024-10-14,chat_finetuned,22.247,cc-by-nc-4.0,
ssmits/Qwen2.5-95B-Instruct,2024-09-26,chat_finetuned,94.648,other,license_unverified;
stabilityai/StableBeluga2,2024-06-13,chat_finetuned,68.977,,license_unverified;
stabilityai/stablelm-2-12b,2024-06-12,pretrained,12.143,other,license_unverified;
stabilityai/stablelm-2-12b-chat,2024-06-12,chat_finetuned,12.143,other,license_unverified;
stabilityai/stablelm-2-1_6b,2024-06-12,pretrained,1.645,other,license_unverified;
stabilityai/stablelm-2-1_6b-chat,2024-06-12,chat_finetuned,1.645,other,license_unverified;
stabilityai/stablelm-2-zephyr-1_6b,2024-06-12,chat_finetuned,1.645,other,license_unverified;
stabilityai/stablelm-3b-4e1t,2024-08-10,pretrained,2.795,cc-by-sa-4.0,
stabilityai/stablelm-zephyr-3b,2024-06-12,chat_finetuned,2.795,other,license_unverified;
sthenno/tempesthenno-0120,2025-01-29,chat_finetuned,14.766,,license_unverified;
sthenno/tempesthenno-fusion-0309,2025-03-08,chat_finetuned,14.766,apache-2.0,
sthenno/tempesthenno-kto-0205-ckpt80,2025-02-05,chat_finetuned,14.766,apache-2.0,
sthenno/tempesthenno-nuslerp-001,2025-01-27,chat_finetuned,14.766,apache-2.0,
sthenno/tempesthenno-nuslerp-0124,2025-01-29,chat_finetuned,14.766,apache-2.0,
sthenno/tempesthenno-ppo-ckpt40,2025-01-27,chat_finetuned,14.766,apache-2.0,
sthenno/tempesthenno-sft-0309-ckpt10,2025-03-08,chat_finetuned,14.766,apache-2.0,
sthenno/tempesthenno-sft-0314-stage1-ckpt50,2025-03-13,chat_finetuned,14.766,apache-2.0,
sthenno/tempestissimo-14b-0309,2025-03-08,chat_finetuned,14.766,apache-2.0,
sthenno-com/miscii-14b-0130,2025-01-30,chat_finetuned,14.766,apache-2.0,
sthenno-com/miscii-14b-0218,2025-02-19,chat_finetuned,14.766,apache-2.0,
sthenno-com/miscii-14b-1028,2024-11-17,chat_finetuned,14.77,apache-2.0,
sthenno-com/miscii-14b-1225,2024-12-24,chat_finetuned,14.766,apache-2.0,
streamerbtw1002/Nexuim-R1-7B-Instruct,2025-03-12,chat_finetuned,7.616,apache-2.0,
stupidity-ai/Llama-3-8B-Instruct-MultiMoose,2025-03-07,merge,8.03,llama3,
suayptalha/Clarus-7B-v0.1,2025-02-24,merge,7.616,mit,
suayptalha/Clarus-7B-v0.2,2025-02-24,merge,7.613,mit,
suayptalha/Clarus-7B-v0.3,2025-02-28,merge,7.616,mit,
suayptalha/DeepSeek-R1-Distill-Llama-3B,2025-02-24,chat_finetuned,3.213,mit,
suayptalha/Falcon3-Jessi-v0.4-7B-Slerp,2025-01-20,merge,7.456,other,license_unverified;
suayptalha/HomerCreativeAnvita-Mix-Qw7B,2024-11-24,merge,7.616,apache-2.0,
suayptalha/Komodo-Llama-3.2-3B-v2-fp16,2024-11-19,chat_finetuned,3.0,apache-2.0,
suayptalha/Lamarckvergence-14B,2025-02-06,merge,14.766,apache-2.0,
suayptalha/Lix-14B-v0.1,2025-03-06,merge,14.766,apache-2.0,
suayptalha/Luminis-phi-4,2025-02-06,merge,14.66,mit,
suayptalha/Maestro-10B,2025-01-31,chat_finetuned,10.306,other,license_unverified;
suayptalha/Rombos-2.5-T.E-8.1,2024-11-16,merge,7.616,cc-by-nc-sa-4.0,
sumink/Qmerft,2025-01-15,merge,1.777,,license_unverified;
sumink/Qwenftmodel,2024-12-05,chat_finetuned,1.544,other,license_unverified;
sumink/Qwenmplus,2025-01-03,chat_finetuned,1.543,other,license_unverified;
sumink/Qwensci,2025-01-03,chat_finetuned,1.543,other,license_unverified;
sumink/bbhqwen,2025-02-25,chat_finetuned,3.086,,license_unverified;
sumink/bbhqwen2,2025-02-25,chat_finetuned,3.086,,license_unverified;
sumink/bbhqwen3,2025-02-25,chat_finetuned,3.086,,license_unverified;
sumink/bbhqwen4,2025-02-25,chat_finetuned,3.086,,license_unverified;
sumink/bbhqwen5,2025-02-25,chat_finetuned,3.086,,license_unverified;
sumink/bbhqwen6,2025-02-25,chat_finetuned,3.086,,license_unverified;
sumink/flflmillama,2025-02-05,chat_finetuned,3.213,,license_unverified;
sumink/ftgpt,2024-11-20,chat_finetuned,0.124,mit,
sumink/llamaft,2025-02-05,chat_finetuned,3.213,,license_unverified;
sumink/llamamerge,2025-01-14,merge,13.016,llama3,
sumink/llftfl7,2025-02-05,chat_finetuned,3.213,,license_unverified;
sumink/llmer,2025-01-15,merge,8.03,,license_unverified;
sumink/qwft,2025-01-14,chat_finetuned,7.616,other,license_unverified;
sumink/qwmer,2025-01-15,merge,7.616,,license_unverified;
sumink/solarmer3,2025-01-23,merge,10.732,,license_unverified;
sumink/somer,2025-01-15,merge,10.732,,license_unverified;
sumink/somer2,2025-01-15,merge,10.732,,license_unverified;
sumink/somerft,2025-01-17,chat_finetuned,1.543,,license_unverified;
sunbaby/BrainCog-8B-0.1-Instruct,2024-08-27,chat_finetuned,8.03,apache-2.0,
swap-uniba/LLaMAntino-3-ANITA-8B-Inst-DPO-ITA,2024-10-25,chat_finetuned,8.03,llama3,
synergetic/FrankenQwen2.5-14B,2024-11-30,chat_finetuned,16.972,,license_unverified;
talha2001/Beast-Soul-new,2024-08-07,merge,7.242,,license_unverified;
tangledgroup/tangled-llama-pints-1.5b-v0.1-instruct,2024-08-29,chat_finetuned,1.5,apache-2.0,
tangledgroup/tangled-llama-pints-1.5b-v0.2-instruct,2024-09-15,chat_finetuned,1.5,apache-2.0,
tanliboy/lambda-gemma-2-9b-dpo,2024-09-18,chat_finetuned,9.242,gemma,
tanliboy/lambda-gemma-2-9b-dpo,2024-09-18,chat_finetuned,9.242,gemma,
tanliboy/lambda-qwen2.5-14b-dpo-test,2024-09-20,chat_finetuned,14.77,apache-2.0,
tanliboy/lambda-qwen2.5-32b-dpo-test,2024-09-30,chat_finetuned,32.764,apache-2.0,
tannedbum/Ellaria-9B,2025-01-07,merge,10.159,,license_unverified;
tannedbum/L3-Nymeria-Maid-8B,2025-01-07,merge,8.03,cc-by-nc-4.0,
tannedbum/L3-Nymeria-v2-8B,2025-01-07,merge,8.03,cc-by-nc-4.0,
tannedbum/L3-Rhaenys-8B,2025-01-07,merge,8.03,cc-by-nc-4.0,
teknium/CollectiveCognition-v1.1-Mistral-7B,2024-06-12,chat_finetuned,7.0,apache-2.0,
teknium/OpenHermes-13B,2024-06-12,chat_finetuned,13.0,mit,
teknium/OpenHermes-2-Mistral-7B,2024-06-12,chat_finetuned,7.0,apache-2.0,
teknium/OpenHermes-2.5-Mistral-7B,2024-06-12,chat_finetuned,7.242,apache-2.0,
teknium/OpenHermes-7B,2024-06-12,chat_finetuned,7.0,mit,
tensopolis/falcon3-10b-tensopolis-v1,2025-03-08,merge,10.306,other,license_unverified;
tensopolis/falcon3-10b-tensopolis-v2,2025-03-08,merge,10.306,other,license_unverified;
tensopolis/lamarckvergence-14b-tensopolis-v1,2025-03-10,merge,14.766,apache-2.0,
tensopolis/mistral-small-2501-tensopolis-v1,2025-02-08,merge,23.572,apache-2.0,
tensopolis/mistral-small-r1-tensopolis,2025-02-24,chat_finetuned,23.572,apache-2.0,
tensopolis/phi-4-tensopolis-v1,2025-03-09,merge,14.66,mit,
tensopolis/qwen2.5-14b-tensopolis-v1,2025-03-09,merge,14.77,apache-2.0,
tensopolis/qwen2.5-3b-or1-tensopolis,2025-02-24,chat_finetuned,3.086,,license_unverified;
tensopolis/qwen2.5-7b-tensopolis-v1,2025-03-07,merge,7.616,apache-2.0,
tensopolis/qwen2.5-7b-tensopolis-v2,2025-03-08,merge,7.616,apache-2.0,
tensopolis/virtuoso-lite-tensopolis-v1,2025-03-08,merge,10.306,other,license_unverified;
tensopolis/virtuoso-lite-tensopolis-v2,2025-03-09,merge,10.306,other,license_unverified;
tensopolis/virtuoso-small-tensopolis-v1,2025-01-28,merge,14.77,apache-2.0,
tensopolis/virtuoso-small-tensopolis-v2,2025-02-17,merge,14.77,apache-2.0,
tensopolis/virtuoso-small-v2-tensopolis-v1,2025-03-09,merge,14.766,apache-2.0,
tensoropera/Fox-1-1.6B,2024-06-29,pretrained,1.665,apache-2.0,
tenyx/Llama3-TenyxChat-70B,2024-08-04,chat_finetuned,70.554,llama3,
theo77186/Qwen2.5-Coder-7B-Instruct-20241106,2025-01-19,chat_finetuned,7.616,apache-2.0,
theprint/Boptruth-Agatha-7B,2024-09-30,chat_finetuned,7.242,,license_unverified;
theprint/CleverBoi-7B-v2,2024-09-13,chat_finetuned,7.736,apache-2.0,
theprint/CleverBoi-7B-v3,2024-09-22,chat_finetuned,7.736,apache-2.0,
theprint/CleverBoi-Llama-3.1-8B-Instruct,2024-09-13,chat_finetuned,16.061,apache-2.0,
theprint/CleverBoi-Llama-3.1-8B-v2,2024-09-22,chat_finetuned,9.3,apache-2.0,
theprint/CleverBoi-Nemo-12B-v2,2024-09-24,chat_finetuned,13.933,apache-2.0,
theprint/Code-Llama-Bagel-8B,2024-09-13,merge,8.03,llama3,
theprint/Conversely-Mistral-7B,2024-12-07,chat_finetuned,14.496,apache-2.0,
theprint/Llama-3.2-3B-VanRossum,2024-11-14,chat_finetuned,3.696,apache-2.0,
theprint/ReWiz-7B,2024-10-08,chat_finetuned,7.736,apache-2.0,
theprint/ReWiz-Llama-3.1-8B-v2,2024-11-03,chat_finetuned,9.3,apache-2.0,
theprint/ReWiz-Llama-3.2-3B,2024-10-28,chat_finetuned,3.213,apache-2.0,
theprint/ReWiz-Nemo-12B-Instruct,2024-11-02,chat_finetuned,12.248,apache-2.0,
theprint/ReWiz-Qwen-2.5-14B,2024-11-10,chat_finetuned,16.743,apache-2.0,
theprint/ReWiz-Worldbuilder-7B,2024-10-28,merge,7.248,,license_unverified;
theprint/RuDolph-Hermes-7B,2024-11-10,chat_finetuned,7.242,,license_unverified;
theprint/WorldBuilder-12B,2024-11-18,chat_finetuned,13.933,apache-2.0,
theprint/phi-3-mini-4k-python,2024-09-13,chat_finetuned,4.132,apache-2.0,
thinkcoder/llama3-8b-instruct-lora-8-sft,2025-03-10,chat_finetuned,8.03,,license_unverified;
thirdeyeai/elevate360m,2025-01-29,chat_finetuned,0.362,,license_unverified;
thomas-yanxin/XinYuan-Qwen2-1_5B,2024-09-04,chat_finetuned,1.777,other,license_unverified;
thomas-yanxin/XinYuan-Qwen2-7B,2024-09-03,chat_finetuned,7.616,other,license_unverified;
thomas-yanxin/XinYuan-Qwen2-7B-0917,2024-09-17,chat_finetuned,7.616,other,license_unverified;
thomas-yanxin/XinYuan-Qwen2.5-7B-0917,2024-09-24,chat_finetuned,7.616,other,license_unverified;
tianyil1/MistralForCausalLM_Cal_DPO,2025-01-25,chat_finetuned,7.242,apache-2.0,
tiiuae/Falcon3-10B-Base,2024-12-12,pretrained,10.306,other,license_unverified;
tiiuae/Falcon3-10B-Instruct,2024-12-16,chat_finetuned,10.306,other,license_unverified;
tiiuae/Falcon3-1B-Base,2024-12-16,pretrained,1.669,other,license_unverified;
tiiuae/Falcon3-1B-Instruct,2024-12-16,chat_finetuned,1.669,other,license_unverified;
tiiuae/Falcon3-3B-Base,2024-12-13,pretrained,3.228,other,license_unverified;
tiiuae/Falcon3-3B-Instruct,2024-12-16,chat_finetuned,3.228,other,license_unverified;
tiiuae/Falcon3-7B-Base,2024-12-12,pretrained,7.456,other,license_unverified;
tiiuae/Falcon3-7B-Instruct,2024-12-16,chat_finetuned,7.456,other,license_unverified;
tiiuae/Falcon3-Mamba-7B-Base,2024-12-12,pretrained,7.273,other,license_unverified;
tiiuae/Falcon3-Mamba-7B-Instruct,2024-12-13,chat_finetuned,7.273,other,license_unverified;
tiiuae/falcon-11B,2024-06-09,pretrained,11.103,unknown,license_unverified;
tiiuae/falcon-40b,2024-06-09,pretrained,40.0,apache-2.0,
tiiuae/falcon-40b-instruct,2024-06-09,chat_finetuned,40.0,apache-2.0,
tiiuae/falcon-7b,2024-06-09,pretrained,7.0,apache-2.0,
tiiuae/falcon-7b-instruct,2024-06-09,chat_finetuned,7.0,apache-2.0,
tiiuae/falcon-mamba-7b,2024-07-23,pretrained,7.0,other,license_unverified;
tinycompany/BiBo-v0.3,2025-03-13,chat_finetuned,2.943,,license_unverified;
tinycompany/BiBo-v0.7,2025-03-12,chat_finetuned,2.943,mit,
tinycompany/ShawtyIsBad-bgem3,2025-03-08,pretrained,1.436,apache-2.0,
tinycompany/ShawtyIsBad-e5-large,2025-03-08,pretrained,1.436,mit,
tinycompany/ShawtyIsBad-ib,2025-03-08,pretrained,1.436,apache-2.0,
tinycompany/ShawtyIsBad-nomic-moe,2025-03-09,pretrained,1.436,mit,
tinycompany/ShawtyIsBad-nomic1.5,2025-03-08,pretrained,1.436,mit,
tinycompany/SigmaBoi-base,2025-03-09,pretrained,2.943,mit,
tinycompany/SigmaBoi-bge-m3,2025-03-08,pretrained,2.943,mit,
tinycompany/SigmaBoi-bgem3,2025-03-08,chat_finetuned,2.943,mit,
tinycompany/SigmaBoi-ib,2025-03-08,pretrained,2.943,mit,
tinycompany/SigmaBoi-nomic-moe,2025-03-09,pretrained,2.943,mit,
tinycompany/SigmaBoi-nomic1.5,2025-03-08,pretrained,2.943,mit,
tinycompany/SigmaBoi-nomic1.5-fp32,2025-03-08,pretrained,2.943,mit,
tinycompany/Tamed-Shawty,2025-03-10,chat_finetuned,1.562,mit,
tklohj/WindyFloLLM,2024-07-10,pretrained,13.016,,license_unverified;
togethercomputer/GPT-JT-6B-v1,2024-06-12,chat_finetuned,6.0,apache-2.0,
togethercomputer/GPT-NeoXT-Chat-Base-20B,2024-06-12,chat_finetuned,20.0,apache-2.0,
togethercomputer/LLaMA-2-7B-32K,2024-06-12,chat_finetuned,7.0,llama2,
togethercomputer/Llama-2-7B-32K-Instruct,2024-06-12,chat_finetuned,7.0,llama2,
togethercomputer/RedPajama-INCITE-7B-Base,2024-06-12,pretrained,7.0,apache-2.0,
togethercomputer/RedPajama-INCITE-7B-Chat,2024-06-13,chat_finetuned,7.0,apache-2.0,
togethercomputer/RedPajama-INCITE-7B-Instruct,2024-06-12,chat_finetuned,7.0,apache-2.0,
togethercomputer/RedPajama-INCITE-Base-3B-v1,2024-06-12,pretrained,3.0,apache-2.0,
togethercomputer/RedPajama-INCITE-Chat-3B-v1,2024-06-13,chat_finetuned,3.0,apache-2.0,
togethercomputer/RedPajama-INCITE-Instruct-3B-v1,2024-06-12,chat_finetuned,3.0,apache-2.0,
tokyotech-llm/Llama-3-Swallow-8B-Instruct-v0.1,2024-09-12,chat_finetuned,8.03,llama3,
tomasmcm/sky-t1-coder-32b-flash,2025-02-22,merge,32.764,apache-2.0,
trthminh1112/autotrain-llama32-1b-finetune,2025-03-03,chat_finetuned,1.1,other,license_unverified;
tugstugi/Qwen2.5-7B-Instruct-QwQ-v0.1,2025-01-19,chat_finetuned,7.616,apache-2.0,
universalml/NepaliGPT-2.0,2025-03-13,chat_finetuned,8.03,mit,
unsloth/Llama-3.2-1B-Instruct,2025-01-23,chat_finetuned,1.236,llama3.2,
unsloth/Llama-3.2-1B-Instruct-no-system-message,2025-01-24,chat_finetuned,1.236,,license_unverified;
unsloth/Phi-3-mini-4k-instruct,2024-11-25,merge,3.821,mit,
unsloth/phi-4,2025-01-09,chat_finetuned,14.66,mit,
unsloth/phi-4-bnb-4bit,2025-01-09,chat_finetuned,8.058,mit,
unsloth/phi-4-unsloth-bnb-4bit,2025-01-09,chat_finetuned,8.483,mit,
upstage/SOLAR-10.7B-Instruct-v1.0,2024-06-12,chat_finetuned,10.732,cc-by-nc-4.0,
upstage/SOLAR-10.7B-v1.0,2024-06-12,pretrained,10.732,apache-2.0,
upstage/solar-pro-preview-instruct,2024-09-11,chat_finetuned,22.14,mit,
utkmst/chimera-beta-test2-lora-merged,2025-03-08,chat_finetuned,8.03,llama3.1,
uukuguy/speechless-code-mistral-7b-v1.0,2024-06-26,chat_finetuned,7.0,apache-2.0,
uukuguy/speechless-codellama-34b-v2.0,2024-06-26,chat_finetuned,34.0,llama2,
uukuguy/speechless-coder-ds-6.7b,2024-06-26,chat_finetuned,6.7,apache-2.0,
uukuguy/speechless-instruct-mistral-7b-v0.2,2024-06-26,chat_finetuned,7.242,apache-2.0,
uukuguy/speechless-llama2-hermes-orca-platypus-wizardlm-13b,2024-06-26,chat_finetuned,13.016,,license_unverified;
uukuguy/speechless-mistral-dolphin-orca-platypus-samantha-7b,2024-06-26,chat_finetuned,7.242,llama2,
uukuguy/speechless-zephyr-code-functionary-7b,2024-06-26,chat_finetuned,7.242,apache-2.0,
v000000/L3-8B-Stheno-v3.2-abliterated,2025-01-07,chat_finetuned,8.03,,license_unverified;
v000000/L3.1-Niitorm-8B-DPO-t0.0001,2024-09-19,chat_finetuned,8.03,,license_unverified;
v000000/L3.1-Storniitova-8B,2024-09-18,merge,8.03,,license_unverified;
v000000/Qwen2.5-14B-Gutenberg-1e-Delta,2024-09-28,chat_finetuned,14.77,apache-2.0,
v000000/Qwen2.5-14B-Gutenberg-Instruct-Slerpeno,2024-12-07,merge,14.77,apache-2.0,
v000000/Qwen2.5-Lumen-14B,2024-09-20,chat_finetuned,14.77,apache-2.0,
vhab10/Llama-3.1-8B-Base-Instruct-SLERP,2024-09-29,merge,8.03,mit,
vhab10/Llama-3.2-Instruct-3B-TIES,2024-11-23,merge,1.848,mit,
vhab10/llama-3-8b-merged-linear,2024-09-26,merge,4.65,mit,
vicgalle/CarbonBeagle-11B,2024-06-26,chat_finetuned,10.732,apache-2.0,
vicgalle/CarbonBeagle-11B-truthy,2024-07-13,chat_finetuned,10.732,apache-2.0,
vicgalle/Configurable-Hermes-2-Pro-Llama-3-8B,2024-07-24,chat_finetuned,8.031,apache-2.0,
vicgalle/Configurable-Llama-3.1-8B-Instruct,2024-08-05,chat_finetuned,8.03,apache-2.0,
vicgalle/Configurable-Yi-1.5-9B-Chat,2024-06-26,chat_finetuned,8.829,apache-2.0,
vicgalle/ConfigurableBeagle-11B,2024-06-26,chat_finetuned,10.732,apache-2.0,
vicgalle/ConfigurableHermes-7B,2024-06-26,chat_finetuned,7.242,apache-2.0,
vicgalle/ConfigurableSOLAR-10.7B,2024-06-26,chat_finetuned,10.732,apache-2.0,
vicgalle/Humanish-RP-Llama-3.1-8B,2024-08-03,chat_finetuned,8.03,apache-2.0,
vicgalle/Merge-Mistral-Prometheus-7B,2024-06-26,merge,7.242,apache-2.0,
vicgalle/Merge-Mixtral-Prometheus-8x7B,2024-06-26,merge,46.703,apache-2.0,
vicgalle/Roleplay-Llama-3-8B,2024-06-26,chat_finetuned,8.03,apache-2.0,
viettelsecurity-ai/security-llama3.2-3b,2025-03-04,chat_finetuned,3.213,,license_unverified;
vihangd/smart-dan-sft-v0.1,2024-08-20,chat_finetuned,0.379,apache-2.0,
voidful/smol-360m-ft,2024-11-28,chat_finetuned,0.362,apache-2.0,
vonjack/MobileLLM-125M-HF,2024-11-15,pretrained,0.125,cc-by-nc-4.0,
vonjack/Phi-3-mini-4k-instruct-LLaMAfied,2025-01-03,chat_finetuned,3.821,mit,
vonjack/Phi-3.5-mini-instruct-hermes-fc-json,2024-11-05,chat_finetuned,4.132,apache-2.0,
vonjack/Qwen2.5-Coder-0.5B-Merged,2024-11-19,chat_finetuned,0.63,,license_unverified;
vonjack/SmolLM2-1.7B-Merged,2024-11-18,chat_finetuned,1.711,,license_unverified;
vonjack/SmolLM2-135M-Merged,2024-11-15,chat_finetuned,0.135,,license_unverified;
vonjack/SmolLM2-360M-Merged,2024-11-15,chat_finetuned,0.362,,license_unverified;
w4r10ck/SOLAR-10.7B-Instruct-v1.0-uncensored,2024-10-11,chat_finetuned,10.732,apache-2.0,
wanlige/li-14b-v0.4,2025-02-26,merge,14.77,,license_unverified;
wanlige/li-14b-v0.4-slerp,2025-02-26,merge,14.766,,license_unverified;
wanlige/li-14b-v0.4-slerp0.1,2025-02-26,merge,14.766,,license_unverified;
wannaphong/KhanomTanLLM-Instruct,2024-08-29,chat_finetuned,3.447,apache-2.0,
waqasali1707/Beast-Soul-new,2024-08-07,merge,7.242,,license_unverified;
wave-on-discord/qwent-7b,2024-09-30,merge,7.616,,license_unverified;
weathermanj/Menda-3B-500,2025-03-10,chat_finetuned,3.086,other,license_unverified;
weathermanj/Menda-3b-750,2025-03-09,chat_finetuned,3.086,other,license_unverified;
weathermanj/Menda-3b-Optim-100,2025-03-10,chat_finetuned,3.086,other,license_unverified;
weathermanj/Menda-3b-Optim-200,2025-03-10,chat_finetuned,3.086,other,license_unverified;
win10/ArliAI-RPMax-v1.3-merge-13.3B,2024-11-17,merge,13.265,,license_unverified;
win10/Breeze-13B-32k-Instruct-v1_0,2024-06-26,merge,12.726,apache-2.0,
win10/EVA-Norns-Qwen2.5-v0.1,2024-11-18,merge,7.616,,license_unverified;
win10/Llama-3.2-3B-Instruct-24-9-29,2024-10-11,chat_finetuned,3.213,llama3.2,
win10/Norns-Qwen2.5-12B,2024-11-17,merge,12.277,,license_unverified;
win10/Norns-Qwen2.5-7B,2024-11-18,merge,7.616,,license_unverified;
win10/Qwen2.5-2B-Instruct,2024-12-20,merge,2.9,,license_unverified;
win10/llama3-13.45b-Instruct,2024-06-26,chat_finetuned,13.265,llama3,
win10/miscii-14b-1M-0128,2025-01-30,merge,14.766,apache-2.0,
winglian/Llama-3-8b-64k-PoSE,2024-06-26,chat_finetuned,8.03,,license_unverified;
winglian/llama-3-8b-256k-PoSE,2024-06-26,chat_finetuned,8.03,,license_unverified;
wzhouad/gemma-2-9b-it-WPO-HB,2025-01-07,chat_finetuned,9.242,,license_unverified;
x0000001/Deepseek-Lumen-R1-Qwen2.5-14B,2025-01-29,chat_finetuned,14.77,apache-2.0,
xMaulana/FinMatcha-3B-Instruct,2024-10-22,chat_finetuned,3.213,apache-2.0,
xinchen9/Llama3.1_8B_Instruct_CoT,2024-09-19,chat_finetuned,8.03,apache-2.0,
xinchen9/Llama3.1_CoT,2024-09-06,chat_finetuned,8.03,apache-2.0,
xinchen9/Llama3.1_CoT_V1,2024-09-07,chat_finetuned,8.03,apache-2.0,
xinchen9/Mistral-7B-CoT,2024-09-23,chat_finetuned,7.242,apache-2.0,
xinchen9/llama3-b8-ft-dis,2024-07-11,chat_finetuned,8.03,apache-2.0,
xkp24/Llama-3-8B-Instruct-SPPO-Iter2_bt_2b-table,2024-10-01,chat_finetuned,8.03,,license_unverified;
xkp24/Llama-3-8B-Instruct-SPPO-Iter2_bt_8b-table,2024-10-01,chat_finetuned,8.03,,license_unverified;
xkp24/Llama-3-8B-Instruct-SPPO-Iter2_gp_2b-table,2024-09-30,chat_finetuned,8.03,,license_unverified;
xkp24/Llama-3-8B-Instruct-SPPO-Iter2_gp_8b-table,2024-09-30,chat_finetuned,8.03,,license_unverified;
xkp24/Llama-3-8B-Instruct-SPPO-score-Iter2_bt_2b-table-0.001,2024-10-01,chat_finetuned,8.03,,license_unverified;
xkp24/Llama-3-8B-Instruct-SPPO-score-Iter2_bt_8b-table-0.002,2024-10-01,chat_finetuned,8.03,,license_unverified;
xkp24/Llama-3-8B-Instruct-SPPO-score-Iter2_gp_2b-table-0.001,2024-09-30,chat_finetuned,8.03,,license_unverified;
xkp24/Llama-3-8B-Instruct-SPPO-score-Iter2_gp_8b-table-0.002,2024-10-01,chat_finetuned,8.03,,license_unverified;
xukp20/Llama-3-8B-Instruct-SPPO-Iter3_bt_2b-table,2024-09-29,chat_finetuned,8.03,,license_unverified;
xukp20/Llama-3-8B-Instruct-SPPO-Iter3_bt_8b-table,2024-09-29,chat_finetuned,8.03,,license_unverified;
xukp20/Llama-3-8B-Instruct-SPPO-Iter3_gp_2b-table,2024-09-29,chat_finetuned,8.03,,license_unverified;
xukp20/Llama-3-8B-Instruct-SPPO-Iter3_gp_8b-table,2024-09-29,chat_finetuned,8.03,,license_unverified;
xukp20/Llama-3-8B-Instruct-SPPO-score-Iter3_bt_2b-table-0.001,2024-09-29,chat_finetuned,8.03,,license_unverified;
xukp20/Llama-3-8B-Instruct-SPPO-score-Iter3_bt_8b-table-0.002,2024-09-29,chat_finetuned,8.03,,license_unverified;
xukp20/Llama-3-8B-Instruct-SPPO-score-Iter3_gp_2b-table-0.001,2024-09-29,chat_finetuned,8.03,,license_unverified;
xukp20/llama-3-8b-instruct-sppo-iter1-gp-2b-tau01-table,2024-09-23,chat_finetuned,8.03,,license_unverified;
xwen-team/Xwen-7B-Chat,2025-02-13,chat_finetuned,7.616,apache-2.0,
xxx777xxxASD/L3.1-ClaudeMaid-4x8B,2024-07-28,merge,24.942,llama3.1,
yam-peleg/Hebrew-Gemma-11B-Instruct,2024-07-31,chat_finetuned,10.475,other,license_unverified;
yam-peleg/Hebrew-Mistral-7B,2024-07-11,chat_finetuned,7.504,apache-2.0,
yam-peleg/Hebrew-Mistral-7B-200K,2024-07-11,chat_finetuned,7.504,apache-2.0,
yam-peleg/Hebrew-Mistral-7B-200K,2024-08-06,continued,7.504,apache-2.0,
yanng1242/Marcoro14-7B-slerp,2025-01-19,merge,7.242,apache-2.0,
yasserrmd/Coder-GRPO-3B,2025-03-05,chat_finetuned,3.086,apache-2.0,
yasserrmd/Text2SQL-1.5B,2025-03-06,chat_finetuned,1.544,apache-2.0,
ycros/BagelMIsteryTour-v2-8x7B,2024-06-28,chat_finetuned,46.703,cc-by-nc-4.0,
ycros/BagelMIsteryTour-v2-8x7B,2024-08-04,chat_finetuned,46.703,cc-by-nc-4.0,
yfzp/Llama-3-8B-Instruct-SPPO-Iter1_bt_2b-table,2024-09-30,chat_finetuned,8.03,,license_unverified;
yfzp/Llama-3-8B-Instruct-SPPO-Iter1_bt_8b-table,2024-09-30,chat_finetuned,8.03,,license_unverified;
yfzp/Llama-3-8B-Instruct-SPPO-Iter1_gp_2b-table,2024-09-29,chat_finetuned,8.03,,license_unverified;
yfzp/Llama-3-8B-Instruct-SPPO-Iter1_gp_8b-table,2024-09-29,chat_finetuned,8.03,,license_unverified;
yfzp/Llama-3-8B-Instruct-SPPO-score-Iter1_bt_2b-table-0.001,2024-09-30,chat_finetuned,8.03,,license_unverified;
yfzp/Llama-3-8B-Instruct-SPPO-score-Iter1_bt_8b-table-0.002,2024-09-30,chat_finetuned,8.03,,license_unverified;
yfzp/Llama-3-8B-Instruct-SPPO-score-Iter1_gp_2b-table-0.001,2024-09-29,chat_finetuned,8.03,,license_unverified;
yfzp/Llama-3-8B-Instruct-SPPO-score-Iter1_gp_8b-table-0.002,2024-09-29,chat_finetuned,8.03,,license_unverified;
yifAI/Llama-3-8B-Instruct-SPPO-score-Iter3_gp_8b-table-0.002,2024-09-30,chat_finetuned,8.03,,license_unverified;
ylalain/ECE-PRYMMAL-YL-1B-SLERP-V8,2024-11-13,merge,1.357,apache-2.0,
ymcki/Llama-3.1-8B-GRPO-Instruct,2025-02-20,chat_finetuned,8.03,llama3.1,
ymcki/Llama-3.1-8B-SFT-GRPO-Instruct,2025-03-12,chat_finetuned,8.03,llama3.1,
ymcki/gemma-2-2b-ORPO-jpn-it-abliterated-18,2024-11-16,chat_finetuned,2.614,gemma,
ymcki/gemma-2-2b-ORPO-jpn-it-abliterated-18-merge,2024-11-16,chat_finetuned,2.614,gemma,
ymcki/gemma-2-2b-jpn-it-abliterated-17,2024-10-18,chat_finetuned,2.614,gemma,
ymcki/gemma-2-2b-jpn-it-abliterated-17-18-24,2024-11-06,chat_finetuned,2.614,gemma,
ymcki/gemma-2-2b-jpn-it-abliterated-17-ORPO,2024-10-27,chat_finetuned,2.614,gemma,
ymcki/gemma-2-2b-jpn-it-abliterated-17-ORPO-alpaca,2024-10-27,chat_finetuned,2.614,,license_unverified;
ymcki/gemma-2-2b-jpn-it-abliterated-18,2024-10-18,chat_finetuned,2.614,gemma,
ymcki/gemma-2-2b-jpn-it-abliterated-18-ORPO,2024-10-22,chat_finetuned,2.614,gemma,
ymcki/gemma-2-2b-jpn-it-abliterated-24,2024-10-25,chat_finetuned,2.614,gemma,
yuchenxie/ArlowGPT-3B-Multilingual,2025-01-12,chat_finetuned,3.213,mit,
yuchenxie/ArlowGPT-8B,2025-01-12,chat_finetuned,8.03,mit,
yuvraj17/Llama3-8B-SuperNova-Spectrum-Hermes-DPO,2024-09-30,chat_finetuned,8.03,apache-2.0,
yuvraj17/Llama3-8B-SuperNova-Spectrum-dare_ties,2024-09-23,merge,8.03,apache-2.0,
yuvraj17/Llama3-8B-abliterated-Spectrum-slerp,2024-09-23,merge,8.03,apache-2.0,
zake7749/gemma-2-2b-it-chinese-kyara-dpo,2024-10-17,chat_finetuned,2.614,gemma,
zake7749/gemma-2-9b-it-chinese-kyara,2025-02-24,chat_finetuned,9.242,gemma,
zelk12/Gemma-2-TM-9B,2024-11-06,merge,10.159,,license_unverified;
zelk12/MT-Gen1-gemma-2-9B,2024-10-23,merge,10.159,,license_unverified;
zelk12/MT-Gen2-GI-gemma-2-9B,2024-11-28,merge,10.159,,license_unverified;
zelk12/MT-Gen2-gemma-2-9B,2024-11-10,merge,10.159,,license_unverified;
zelk12/MT-Gen3-gemma-2-9B,2024-11-30,merge,10.159,,license_unverified;
zelk12/MT-Gen4-gemma-2-9B,2024-12-13,merge,10.159,gemma,
zelk12/MT-Gen5-gemma-2-9B,2024-12-22,merge,10.159,gemma,
zelk12/MT-Gen6-gemma-2-9B,2025-01-23,merge,10.159,gemma,
zelk12/MT-Gen6fix-gemma-2-9B,2025-02-02,merge,10.159,gemma,
zelk12/MT-Gen7-gemma-2-9B,2025-02-15,merge,10.159,gemma,
zelk12/MT-Max-Merge_02012025163610-gemma-2-9B,2025-01-02,merge,10.159,gemma,
zelk12/MT-Merge-gemma-2-9B,2024-10-22,merge,10.159,,license_unverified;
zelk12/MT-Merge1-gemma-2-9B,2024-11-07,merge,10.159,,license_unverified;
zelk12/MT-Merge2-MU-gemma-2-MTg2MT1g2-9B,2024-11-28,merge,10.159,,license_unverified;
zelk12/MT-Merge2-gemma-2-9B,2024-11-25,merge,10.159,,license_unverified;
zelk12/MT-Merge3-gemma-2-9B,2024-12-11,merge,10.159,gemma,
zelk12/MT-Merge4-gemma-2-9B,2024-12-21,merge,10.159,gemma,
zelk12/MT-Merge5-gemma-2-9B,2024-12-30,merge,10.159,gemma,
zelk12/MT-Merge6-gemma-2-9B,2025-02-13,merge,10.159,gemma,
zelk12/MT-gemma-2-9B,2024-10-11,merge,10.159,,license_unverified;
zelk12/MT1-Gen1-gemma-2-9B,2024-10-24,merge,10.159,,license_unverified;
zelk12/MT1-Gen2-gemma-2-9B,2024-11-11,merge,10.159,,license_unverified;
zelk12/MT1-Gen3-gemma-2-9B,2024-12-01,merge,10.159,,license_unverified;
zelk12/MT1-Gen4-gemma-2-9B,2024-12-14,merge,10.159,gemma,
zelk12/MT1-Gen5-IF-gemma-2-S2DMv1-9B,2024-12-31,merge,10.159,,license_unverified;
zelk12/MT1-Gen5-gemma-2-9B,2024-12-24,merge,10.159,gemma,
zelk12/MT1-Gen6-gemma-2-9B,2025-02-04,merge,10.159,gemma,
zelk12/MT1-Gen7-gemma-2-9B,2025-02-19,merge,10.159,gemma,
zelk12/MT1-Max-Merge_02012025163610-gemma-2-9B,2025-01-04,merge,10.159,gemma,
zelk12/MT1-gemma-2-9B,2024-10-14,merge,10.159,,license_unverified;
zelk12/MT2-Gen1-gemma-2-9B,2024-10-27,merge,10.159,,license_unverified;
zelk12/MT2-Gen2-gemma-2-9B,2024-11-12,merge,10.159,,license_unverified;
zelk12/MT2-Gen3-gemma-2-9B,2024-12-04,merge,10.159,,license_unverified;
zelk12/MT2-Gen4-gemma-2-9B,2024-12-15,merge,10.159,gemma,
zelk12/MT2-Gen5-gemma-2-9B,2024-12-25,merge,10.159,gemma,
zelk12/MT2-Gen6-gemma-2-9B,2025-02-05,merge,10.159,gemma,
zelk12/MT2-Gen7-gemma-2-9B,2025-02-22,merge,10.159,gemma,
zelk12/MT2-Max-Merge_02012025163610-gemma-2-9B,2025-01-07,merge,10.159,gemma,
zelk12/MT2-gemma-2-9B,2024-10-15,merge,10.159,,license_unverified;
zelk12/MT3-Gen1-gemma-2-9B,2024-10-28,merge,10.159,,license_unverified;
zelk12/MT3-Gen2-gemma-2-9B,2024-11-20,merge,10.159,,license_unverified;
zelk12/MT3-Gen3-gemma-2-9B,2024-12-07,merge,10.159,,license_unverified;
zelk12/MT3-Gen4-gemma-2-9B,2024-12-16,merge,10.159,gemma,
zelk12/MT3-Gen5-gemma-2-9B,2024-12-26,merge,10.159,gemma,
zelk12/MT3-Gen5-gemma-2-9B_v1,2024-12-27,merge,10.159,gemma,
zelk12/MT3-Gen6-gemma-2-9B,2025-02-12,merge,10.159,gemma,
zelk12/MT3-Max-Merge_02012025163610-gemma-2-9B,2025-01-09,merge,10.159,gemma,
zelk12/MT3-gemma-2-9B,2024-10-16,merge,10.159,,license_unverified;
zelk12/MT4-Gen1-gemma-2-9B,2024-10-29,merge,10.159,,license_unverified;
zelk12/MT4-Gen2-gemma-2-9B,2024-11-22,merge,10.159,,license_unverified;
zelk12/MT4-Gen3-gemma-2-9B,2024-12-08,merge,10.159,,license_unverified;
zelk12/MT4-Gen4-gemma-2-9B,2024-12-19,merge,10.159,gemma,
zelk12/MT4-Gen5-gemma-2-9B,2024-12-28,merge,10.159,gemma,
zelk12/MT4-Max-Merge_02012025163610-gemma-2-9B,2025-01-11,merge,10.159,gemma,
zelk12/MT4-gemma-2-9B,2024-10-20,merge,10.159,,license_unverified;
zelk12/MT5-Gen1-gemma-2-9B,2024-10-31,merge,10.159,,license_unverified;
zelk12/MT5-Gen2-gemma-2-9B,2024-11-23,merge,10.159,,license_unverified;
zelk12/MT5-Gen3-gemma-2-9B,2024-12-08,merge,10.159,,license_unverified;
zelk12/MT5-Gen4-gemma-2-9B,2024-12-20,merge,10.159,gemma,
zelk12/MT5-Gen5-gemma-2-9B,2024-12-29,merge,10.159,gemma,
zelk12/MT5-Max-Merge_02012025163610-gemma-2-9B,2025-01-14,merge,10.159,gemma,
zelk12/MT5-gemma-2-9B,2024-10-21,merge,10.159,,license_unverified;
zelk12/MTM-Merge-gemma-2-9B,2025-01-01,merge,10.159,gemma,
zelk12/MTMaMe-Merge_02012025163610-gemma-2-9B,2025-01-16,merge,10.159,gemma,
zelk12/Rv0.4DMv1t0.25-gemma-2-9B,2024-12-31,merge,10.159,,license_unverified;
zelk12/Rv0.4DMv1t0.25Tt0.25-gemma-2-9B,2024-12-31,merge,10.159,gemma,
zelk12/Rv0.4MT4g2-gemma-2-9B,2025-01-04,merge,10.159,gemma,
zelk12/T31122024203920-gemma-2-9B,2024-12-31,merge,10.159,gemma,
zelk12/Test01012025155054,2025-01-01,merge,3.817,,license_unverified;
zelk12/Test01012025155054t0.5_gemma-2,2025-01-01,merge,3.817,,license_unverified;
zelk12/gemma-2-S2MTM-9B,2024-12-11,merge,10.159,gemma,
zelk12/recoilme-gemma-2-Ataraxy-9B-v0.1,2024-10-03,merge,10.159,,license_unverified;
zelk12/recoilme-gemma-2-Ataraxy-9B-v0.1-t0.25,2024-10-04,merge,10.159,,license_unverified;
zelk12/recoilme-gemma-2-Ataraxy-9B-v0.1-t0.75,2024-10-04,merge,10.159,,license_unverified;
zelk12/recoilme-gemma-2-Ataraxy-9B-v0.2,2024-10-11,merge,10.159,,license_unverified;
zelk12/recoilme-gemma-2-Gutenberg-Doppel-9B-v0.1,2024-10-07,merge,10.159,,license_unverified;
zelk12/recoilme-gemma-2-Ifable-9B-v0.1,2024-10-07,merge,10.159,,license_unverified;
zelk12/recoilme-gemma-2-psy10k-mental_healt-9B-v0.1,2024-10-07,merge,10.159,,license_unverified;
zetasepic/Qwen2.5-32B-Instruct-abliterated-v2,2024-12-07,chat_finetuned,32.764,apache-2.0,
zetasepic/Qwen2.5-72B-Instruct-abliterated,2024-11-08,chat_finetuned,72.706,other,license_unverified;
zhengr/MixTAO-7Bx2-MoE-v8.1,2024-06-27,chat_finetuned,12.879,apache-2.0,
