Model,MuSR_rebuilt,complete,file,MUSR,type,S,date,difference
0-hero/Matter-0.2-7B-DPO,5.871874999999999,True,real_attachments/C_efficiency_evolution/detailed_results/0-hero_Matter-0.2-7B-DPO/results_2024-08-07T13-21-02.903091.json,5.871874999999999,chat_finetuned,8.906361301750291,2024-08-05,0.0
01-ai/Yi-1.5-34B,11.217187500000003,True,real_attachments/C_efficiency_evolution/detailed_results/01-ai_Yi-1.5-34B/results_2024-06-19T03-56-15.142347.json,11.217187500000003,pretrained,25.6464941942931,2024-06-12,0.0
01-ai/Yi-1.5-34B-32K,14.07786458333333,True,real_attachments/C_efficiency_evolution/detailed_results/01-ai_Yi-1.5-34B-32K/results_2024-06-17T17-59-09.162276.json,14.07786458333333,pretrained,26.727912908508134,2024-06-12,0.0
01-ai/Yi-1.5-34B-Chat,13.058072916666665,True,real_attachments/C_efficiency_evolution/detailed_results/01-ai_Yi-1.5-34B-Chat/results_2024-06-17T00-49-43.171619.json,13.058072916666664,chat_finetuned,33.35799367075618,2024-06-12,1.7763568394002505e-15
01-ai/Yi-1.5-34B-Chat-16K,13.736718750000001,True,real_attachments/C_efficiency_evolution/detailed_results/01-ai_Yi-1.5-34B-Chat-16K/results_2024-07-17T11-40-22.183397.json,13.73671875,chat_finetuned,29.403554842710225,2024-07-15,1.7763568394002505e-15
01-ai/Yi-1.5-6B,13.509114583333334,True,real_attachments/C_efficiency_evolution/detailed_results/01-ai_Yi-1.5-6B/results_2024-06-17T14-53-45.170909.json,13.309114583333336,pretrained,16.745698054972127,2024-08-10,0.1999999999999975
01-ai/Yi-1.5-6B-Chat,14.704947916666669,True,real_attachments/C_efficiency_evolution/detailed_results/01-ai_Yi-1.5-6B-Chat/results_2024-06-17T10-38-31.759281.json,14.030468750000002,chat_finetuned,22.784006289829847,2024-10-22,0.6744791666666661
01-ai/Yi-1.5-9B,12.030989583333332,True,real_attachments/C_efficiency_evolution/detailed_results/01-ai_Yi-1.5-9B/results_2024-06-16T17-52-34.155462.json,12.030989583333332,pretrained,22.153901514184795,2024-06-12,0.0
01-ai/Yi-1.5-9B-32K,10.82682291666667,True,real_attachments/C_efficiency_evolution/detailed_results/01-ai_Yi-1.5-9B-32K/results_2024-06-16T17-46-59.477573.json,10.82682291666667,pretrained,19.809786285875365,2024-06-12,0.0
01-ai/Yi-1.5-9B-Chat,12.838281249999996,True,real_attachments/C_efficiency_evolution/detailed_results/01-ai_Yi-1.5-9B-Chat/results_2024-06-17T09-46-28.414421.json,12.838281249999996,chat_finetuned,29.530872220260978,2024-06-12,0.0
01-ai/Yi-1.5-9B-Chat-16K,10.03828125,True,real_attachments/C_efficiency_evolution/detailed_results/01-ai_Yi-1.5-9B-Chat-16K/results_2024-06-16T18-02-27.668102.json,10.03828125,chat_finetuned,23.76539234993476,2024-06-12,0.0
01-ai/Yi-34B,9.648437500000004,True,real_attachments/C_efficiency_evolution/detailed_results/01-ai_Yi-34B/results_2024-06-17T01-51-43.500501.json,9.648437500000004,pretrained,22.373127018936653,2024-06-12,0.0
01-ai/Yi-34B-200K,9.414843749999998,True,real_attachments/C_efficiency_evolution/detailed_results/01-ai_Yi-34B-200K/results_2024-06-17T01-54-37.398814.json,9.414843749999998,pretrained,20.01347533597433,2024-06-12,0.0
01-ai/Yi-34B-Chat,8.363802083333338,True,real_attachments/C_efficiency_evolution/detailed_results/01-ai_Yi-34B-Chat/results_2025-02-13T18-27-04.338360.json,8.363802083333338,chat_finetuned,24.226662652803373,2024-06-12,0.0
01-ai/Yi-6B,7.044270833333335,True,real_attachments/C_efficiency_evolution/detailed_results/01-ai_Yi-6B/results_2024-06-16T17-47-09.271300.json,7.044270833333335,pretrained,13.611617485376058,2024-06-12,0.0
01-ai/Yi-6B-200K,16.842447916666668,True,real_attachments/C_efficiency_evolution/detailed_results/01-ai_Yi-6B-200K/results_2024-06-16T17-48-55.414532.json,16.842447916666668,pretrained,11.996098298832841,2024-06-12,0.0
01-ai/Yi-6B-Chat,3.5656250000000003,True,real_attachments/C_efficiency_evolution/detailed_results/01-ai_Yi-6B-Chat/results_2024-06-16T17-51-39.036011.json,3.5656250000000003,chat_finetuned,14.11765000523676,2024-06-12,0.0
01-ai/Yi-9B,8.909114583333334,True,real_attachments/C_efficiency_evolution/detailed_results/01-ai_Yi-9B/results_2024-06-17T09-47-58.683900.json,8.909114583333334,pretrained,17.811867367746064,2024-06-12,0.0
01-ai/Yi-9B-200K,12.109114583333332,True,real_attachments/C_efficiency_evolution/detailed_results/01-ai_Yi-9B-200K/results_2024-06-16T17-43-23.132103.json,12.109114583333332,pretrained,17.72955178611439,2024-06-12,0.0
01-ai/Yi-Coder-9B-Chat,7.963802083333333,True,real_attachments/C_efficiency_evolution/detailed_results/01-ai_Yi-Coder-9B-Chat/results_2024-09-14T00-02-12.867980.json,7.963802083333333,chat_finetuned,16.985989314863886,2024-09-12,0.0
1-800-LLMs/Qwen-2.5-14B-Hindi,14.350520833333334,True,real_attachments/C_efficiency_evolution/detailed_results/1-800-LLMs_Qwen-2.5-14B-Hindi/results_2025-02-06T06-30-20.641880.json,14.350520833333334,chat_finetuned,36.266177006668904,2025-02-06,0.0
1-800-LLMs/Qwen-2.5-14B-Hindi-Custom-Instruct,15.432812499999995,True,real_attachments/C_efficiency_evolution/detailed_results/1-800-LLMs_Qwen-2.5-14B-Hindi-Custom-Instruct/results_2025-02-06T11-27-58.645224.json,15.432812499999995,chat_finetuned,31.020777275634742,2025-02-06,0.0
1024m/PHI-4-Hindi,21.519270833333326,True,real_attachments/C_efficiency_evolution/detailed_results/1024m_PHI-4-Hindi/results_2025-02-06T05-43-08.878637.json,21.519270833333326,chat_finetuned,27.48785095027712,2025-02-06,0.0
1024m/QWEN-14B-B100,9.883333333333335,True,real_attachments/C_efficiency_evolution/detailed_results/1024m_QWEN-14B-B100/results_2025-02-06T10-49-32.966803.json,9.883333333333336,chat_finetuned,41.91906679224076,2025-02-06,-1.7763568394002505e-15
152334H/miqu-1-70b-sf,17.209374999999998,True,real_attachments/C_efficiency_evolution/detailed_results/152334H_miqu-1-70b-sf/results_2024-07-26T02-32-43.573766.json,,,,,
1TuanPham/T-VisStar-7B-v0.1,13.554166666666669,True,real_attachments/C_efficiency_evolution/detailed_results/1TuanPham_T-VisStar-7B-v0.1/results_2024-09-21T10-25-05.082341.json,13.554166666666667,chat_finetuned,19.144808610895357,2024-09-22,1.7763568394002505e-15
1TuanPham/T-VisStar-v0.1,13.554166666666669,True,real_attachments/C_efficiency_evolution/detailed_results/1TuanPham_T-VisStar-v0.1/results_2024-09-21T08-53-27.413933.json,13.554166666666667,chat_finetuned,19.144808610895357,2024-09-20,1.7763568394002505e-15
3rd-Degree-Burn/L-3.1-Science-Writer-8B,11.693489583333331,True,real_attachments/C_efficiency_evolution/detailed_results/3rd-Degree-Burn_L-3.1-Science-Writer-8B/results_2024-11-20T00-17-49.945335.json,,,,,
3rd-Degree-Burn/Llama-3.1-8B-Squareroot,0.7812499999999996,True,real_attachments/C_efficiency_evolution/detailed_results/3rd-Degree-Burn_Llama-3.1-8B-Squareroot/results_2024-10-10T16-33-29.207911.json,0.7812499999999996,merge,11.223740793316347,2024-10-10,0.0
3rd-Degree-Burn/Llama-3.1-8B-Squareroot-v1,1.7578124999999993,True,real_attachments/C_efficiency_evolution/detailed_results/3rd-Degree-Burn_Llama-3.1-8B-Squareroot-v1/results_2024-11-10T09-13-13.695538.json,,,,,
3rd-Degree-Burn/Llama-Squared-8B,1.9518229166666672,True,real_attachments/C_efficiency_evolution/detailed_results/3rd-Degree-Burn_Llama-Squared-8B/results_2024-10-08T16-24-46.765820.json,,,,,
4season/final_model_test_v2,12.430989583333334,True,real_attachments/C_efficiency_evolution/detailed_results/4season_final_model_test_v2/results_2024-07-25T15-13-01.854583.json,12.430989583333334,chat_finetuned,23.086235043644052,2024-06-27,0.0
AALF/FuseChat-Llama-3.1-8B-Instruct-preview,6.150000000000006,True,real_attachments/C_efficiency_evolution/detailed_results/AALF_FuseChat-Llama-3.1-8B-Instruct-preview/results_2024-11-20T12-47-00.610130.json,6.150000000000006,chat_finetuned,28.56857495894073,2024-11-20,0.0
AALF/FuseChat-Llama-3.1-8B-SFT-preview,9.749999999999998,True,real_attachments/C_efficiency_evolution/detailed_results/AALF_FuseChat-Llama-3.1-8B-SFT-preview/results_2024-11-21T13-45-14.605333.json,,,,,
AALF/gemma-2-27b-it-SimPO-37K,1.5950520833333328,True,real_attachments/C_efficiency_evolution/detailed_results/AALF_gemma-2-27b-it-SimPO-37K/results_2024-09-01T02-53-57.422115.json,1.5950520833333328,chat_finetuned,9.512077380763676,2024-09-05,0.0
AALF/gemma-2-27b-it-SimPO-37K-100steps,0.7812499999999996,True,real_attachments/C_efficiency_evolution/detailed_results/AALF_gemma-2-27b-it-SimPO-37K-100steps/results_2024-09-27T18-43-00.611233.json,0.7812499999999996,chat_finetuned,10.246803363324455,2024-09-21,0.0
AELLM/gemma-2-aeria-infinity-9b,9.046093750000004,True,real_attachments/C_efficiency_evolution/detailed_results/AELLM_gemma-2-aeria-infinity-9b/results_2024-10-09T11-48-07.657590.json,,,,,
AELLM/gemma-2-lyco-infinity-9b,8.912760416666671,True,real_attachments/C_efficiency_evolution/detailed_results/AELLM_gemma-2-lyco-infinity-9b/results_2024-10-10T12-58-52.149709.json,,,,,
AGI-0/Art-v0-3B,7.912760416666667,True,real_attachments/C_efficiency_evolution/detailed_results/AGI-0_Art-v0-3B/results_2025-01-18T12-23-40.344038.json,,,,,
AGI-0/Artificium-llama3.1-8B-001,5.165625000000001,True,real_attachments/C_efficiency_evolution/detailed_results/AGI-0_Artificium-llama3.1-8B-001/results_2024-09-11T00-52-31.543315.json,,,,,
AGI-0/smartllama3.1-8B-001,14.397395833333333,True,real_attachments/C_efficiency_evolution/detailed_results/AGI-0_smartllama3.1-8B-001/results_2024-11-25T22-15-59.091478.json,,,,,
AI-MO/NuminaMath-7B-CoT,0.8263020833333333,True,real_attachments/C_efficiency_evolution/detailed_results/AI-MO_NuminaMath-7B-CoT/results_2024-09-11T22-04-44.864778.json,0.8263020833333333,chat_finetuned,16.118457218023075,2024-09-10,0.0
AI-MO/NuminaMath-7B-TIR,4.199218749999999,True,real_attachments/C_efficiency_evolution/detailed_results/AI-MO_NuminaMath-7B-TIR/results_2024-07-25T13-40-31.863736.json,4.199218749999999,chat_finetuned,14.182289143173433,2024-07-11,0.0
AI-Sweden-Models/Llama-3-8B-instruct,19.936718749999997,True,real_attachments/C_efficiency_evolution/detailed_results/AI-Sweden-Models_Llama-3-8B-instruct/results_2024-07-22T12-09-41.340187.json,19.936718749999997,chat_finetuned,14.343669671742774,2024-06-27,0.0
AI-Sweden-Models/gpt-sw3-40b,2.8382812499999996,True,real_attachments/C_efficiency_evolution/detailed_results/AI-Sweden-Models_gpt-sw3-40b/results_2024-07-26T18-58-19.331750.json,,,,,
AI4free/Dhanishtha,1.951822916666666,True,real_attachments/C_efficiency_evolution/detailed_results/AI4free_Dhanishtha/results_2025-02-23T21-34-08.816420.json,1.951822916666666,continued,11.247711953182252,2025-02-19,0.0
AI4free/t2,5.646093750000001,True,real_attachments/C_efficiency_evolution/detailed_results/AI4free_t2/results_2025-02-27T13-24-19.191994.json,,,,,
AIDC-AI/Marco-o1,9.963802083333334,True,real_attachments/C_efficiency_evolution/detailed_results/AIDC-AI_Marco-o1/results_2025-02-01T05-51-39.702980.json,9.963802083333334,chat_finetuned,27.639223265636087,2025-01-31,0.0
Aashraf995/Creative-7B-nerd,14.942708333333334,True,real_attachments/C_efficiency_evolution/detailed_results/Aashraf995_Creative-7B-nerd/results_2024-12-18T03-17-53.359820.json,14.942708333333334,merge,29.978192515967816,2024-12-13,0.0
Aashraf995/Gemma-Evo-10B,16.66822916666666,True,real_attachments/C_efficiency_evolution/detailed_results/Aashraf995_Gemma-Evo-10B/results_2024-12-18T04-35-43.057636.json,16.66822916666666,merge,34.32632733409121,2024-12-13,0.0
Aashraf995/Qwen-Evo-7B,15.534895833333335,True,real_attachments/C_efficiency_evolution/detailed_results/Aashraf995_Qwen-Evo-7B/results_2024-12-18T03-20-24.239014.json,15.534895833333335,merge,30.275058582706105,2024-12-13,0.0
Aashraf995/QwenStock-14B,19.274218750000003,True,real_attachments/C_efficiency_evolution/detailed_results/Aashraf995_QwenStock-14B/results_2024-12-18T04-15-47.313168.json,19.274218750000003,merge,37.13002133952593,2024-12-13,0.0
AbacusResearch/Jallabi-34B,20.23880208333333,True,real_attachments/C_efficiency_evolution/detailed_results/AbacusResearch_Jallabi-34B/results_2024-07-30T05-45-04.496708.json,20.23880208333333,merge,26.186081920716532,2024-06-27,0.0
Ahdoot/StructuredThinker-v0.3-MoreStructure,10.011197916666667,True,real_attachments/C_efficiency_evolution/detailed_results/Ahdoot_StructuredThinker-v0.3-MoreStructure/results_2025-01-01T03-42-11.275880.json,,,,,
Ahdoot/Test_StealthThinker,11.938541666666666,True,real_attachments/C_efficiency_evolution/detailed_results/Ahdoot_Test_StealthThinker/results_2025-01-06T23-06-48.071737.json,11.938541666666666,chat_finetuned,22.06904758264274,2025-01-05,0.0
AicoresSecurity/Cybernet-Sec-3B-R1-V0,1.920572916666666,True,real_attachments/C_efficiency_evolution/detailed_results/AicoresSecurity_Cybernet-Sec-3B-R1-V0/results_2025-02-27T08-26-21.525046.json,,,,,
AicoresSecurity/Cybernet-Sec-3B-R1-V0-Coder,1.965625,True,real_attachments/C_efficiency_evolution/detailed_results/AicoresSecurity_Cybernet-Sec-3B-R1-V0-Coder/results_2025-02-27T08-25-30.321172.json,,,,,
AicoresSecurity/Cybernet-Sec-3B-R1-V1,1.920572916666666,True,real_attachments/C_efficiency_evolution/detailed_results/AicoresSecurity_Cybernet-Sec-3B-R1-V1/results_2025-03-07T07-38-49.658744.json,,,,,
AicoresSecurity/Cybernet-Sec-3B-R1-V1.1,4.528385416666668,True,real_attachments/C_efficiency_evolution/detailed_results/AicoresSecurity_Cybernet-Sec-3B-R1-V1.1/results_2025-03-07T20-20-00.411476.json,,,,,
Alepach/notHumpback-M0,1.3734374999999996,True,real_attachments/C_efficiency_evolution/detailed_results/Alepach_notHumpback-M0/results_2025-01-06T21-45-58.081166.json,2.8382812499999996,chat_finetuned,5.137220097878128,2025-01-17,-1.46484375
Alepach/notHumpback-M1,3.6382812500000004,True,real_attachments/C_efficiency_evolution/detailed_results/Alepach_notHumpback-M1/results_2025-01-06T21-45-56.042287.json,2.0833333333333326,chat_finetuned,4.779297887614574,2025-01-17,1.5549479166666678
Alepach/notHumpback-M1-v2,2.3499999999999996,True,real_attachments/C_efficiency_evolution/detailed_results/Alepach_notHumpback-M1-v2/results_2025-01-20T06-48-43.444170.json,,,,,
Alibaba-NLP/gte-Qwen2-7B-instruct,6.315104166666665,True,real_attachments/C_efficiency_evolution/detailed_results/Alibaba-NLP_gte-Qwen2-7B-instruct/results_2024-08-12T13-03-04.687518.json,6.315104166666665,chat_finetuned,13.834176058521932,2024-08-05,0.0
Alsebay/Qwen2.5-7B-test-novelist,18.29401041666667,True,real_attachments/C_efficiency_evolution/detailed_results/Alsebay_Qwen2.5-7B-test-novelist/results_2024-12-18T02-28-41.543232.json,18.29401041666667,chat_finetuned,27.172849099811746,2024-12-12,0.0
Amaorynho/BBAI2006,2.7343749999999996,True,real_attachments/C_efficiency_evolution/detailed_results/Amaorynho_BBAI2006/results_2025-02-27T22-01-12.890348.json,,,,,
Amaorynho/BBAI270V4,2.291145833333333,True,real_attachments/C_efficiency_evolution/detailed_results/Amaorynho_BBAI270V4/results_2025-02-27T08-30-09.873664.json,,,,,
Amaorynho/BBAIIFEV1,10.877864583333329,True,real_attachments/C_efficiency_evolution/detailed_results/Amaorynho_BBAIIFEV1/results_2025-03-01T19-40-25.427409.json,,,,,
Amaorynho/BBAI_375,2.7343749999999996,True,real_attachments/C_efficiency_evolution/detailed_results/Amaorynho_BBAI_375/results_2025-02-27T12-12-55.675096.json,,,,,
Amu/t1-1.5B,1.1968749999999995,True,real_attachments/C_efficiency_evolution/detailed_results/Amu_t1-1.5B/results_2025-03-08T04-40-03.345654.json,1.1968749999999997,chat_finetuned,12.14138331246111,2025-03-08,-2.220446049250313e-16
Amu/t1-3B,1.5361979166666664,True,real_attachments/C_efficiency_evolution/detailed_results/Amu_t1-3B/results_2025-03-13T16-46-20.235537.json,1.5361979166666664,chat_finetuned,11.160895171582572,2025-03-13,0.0
ArliAI/ArliAI-RPMax-12B-v1.1,5.563802083333336,True,real_attachments/C_efficiency_evolution/detailed_results/ArliAI_ArliAI-RPMax-12B-v1.1/results_2024-09-14T01-35-22.892458.json,5.563802083333336,chat_finetuned,20.976339912086193,2024-09-05,0.0
ArliAI/Llama-3.1-8B-ArliAI-RPMax-v1.1,5.3109375000000005,True,real_attachments/C_efficiency_evolution/detailed_results/ArliAI_Llama-3.1-8B-ArliAI-RPMax-v1.1/results_2024-09-19T08-16-03.312956.json,5.3109375000000005,chat_finetuned,23.942143268323218,2024-09-19,0.0
Arthur-LAGACHERIE/Precis-1B-Instruct,3.077343750000001,True,real_attachments/C_efficiency_evolution/detailed_results/Arthur-LAGACHERIE_Precis-1B-Instruct/results_2025-01-20T02-26-42.196441.json,3.077343750000001,chat_finetuned,8.848710962428209,2025-01-19,0.0
Artples/L-MChat-7b,8.124739583333334,True,real_attachments/C_efficiency_evolution/detailed_results/Artples_L-MChat-7b/results_2024-08-21T15-54-00.632996.json,8.124739583333334,merge,21.238493444242582,2024-07-07,0.0
Artples/L-MChat-Small,9.265885416666663,True,real_attachments/C_efficiency_evolution/detailed_results/Artples_L-MChat-Small/results_2024-08-12T20-08-53.082655.json,9.265885416666665,merge,15.23132798262929,2024-07-07,-1.7763568394002505e-15
Aryanne/QwentileSwap,19.20520833333333,True,real_attachments/C_efficiency_evolution/detailed_results/Aryanne_QwentileSwap/results_2025-03-14T11-42-48.673718.json,19.20520833333333,merge,43.91650770857709,2025-02-05,0.0
Aryanne/SHBA,11.11692708333333,True,real_attachments/C_efficiency_evolution/detailed_results/Aryanne_SHBA/results_2025-01-14T02-47-19.535563.json,,,,,
Aryanne/SuperHeart,14.713281249999996,True,real_attachments/C_efficiency_evolution/detailed_results/Aryanne_SuperHeart/results_2024-09-23T11-59-42.090754.json,14.713281249999996,merge,25.55719928277682,2024-09-23,0.0
AtAndDev/Qwen2.5-1.5B-continuous-learnt,3.7890625000000013,True,real_attachments/C_efficiency_evolution/detailed_results/AtAndDev_Qwen2.5-1.5B-continuous-learnt/results_2024-10-15T04-55-44.027283.json,,,,,
Ateron/Glowing-Forest-12B,15.179947916666663,True,real_attachments/C_efficiency_evolution/detailed_results/Ateron_Glowing-Forest-12B/results_2025-03-06T15-03-45.762050.json,,,,,
Ateron/Lotus-Magpic,12.781770833333335,True,real_attachments/C_efficiency_evolution/detailed_results/Ateron_Lotus-Magpic/results_2025-03-05T13-12-09.385184.json,,,,,
Ateron/Way_of_MagPicaro,17.84661458333333,True,real_attachments/C_efficiency_evolution/detailed_results/Ateron_Way_of_MagPicaro/results_2025-03-05T15-31-39.956586.json,,,,,
AuraIndustries/Aura-4B,7.3638020833333355,True,real_attachments/C_efficiency_evolution/detailed_results/AuraIndustries_Aura-4B/results_2024-12-18T03-06-02.963485.json,7.363802083333336,chat_finetuned,16.063480369846303,2024-12-13,-8.881784197001252e-16
AuraIndustries/Aura-8B,9.22265625,True,real_attachments/C_efficiency_evolution/detailed_results/AuraIndustries_Aura-8B/results_2024-12-11T04-50-16.483325.json,9.22265625,chat_finetuned,27.363297533889394,2024-12-10,0.0
AuraIndustries/Aura-MoE-2x4B,9.830468750000001,True,real_attachments/C_efficiency_evolution/detailed_results/AuraIndustries_Aura-MoE-2x4B/results_2024-12-18T04-41-59.014444.json,,,,,
AuraIndustries/Aura-MoE-2x4B-v2,10.42447916666667,True,real_attachments/C_efficiency_evolution/detailed_results/AuraIndustries_Aura-MoE-2x4B-v2/results_2024-12-18T04-58-06.054592.json,,,,,
Aurel9/testmerge-7b,17.133072916666666,True,real_attachments/C_efficiency_evolution/detailed_results/Aurel9_testmerge-7b/results_2024-11-20T00-59-08.345134.json,,,,,
Ayush-Singh/Llama1B-sft-2,2.7343749999999996,True,real_attachments/C_efficiency_evolution/detailed_results/Ayush-Singh_Llama1B-sft-2/results_2025-02-05T09-53-28.796940.json,,,,,
Azure99/Blossom-V6-14B,8.906770833333335,True,real_attachments/C_efficiency_evolution/detailed_results/Azure99_Blossom-V6-14B/results_2025-02-01T09-24-58.712862.json,8.906770833333335,chat_finetuned,32.80581546858162,2025-01-30,0.0
Azure99/Blossom-V6-7B,13.395052083333335,True,real_attachments/C_efficiency_evolution/detailed_results/Azure99_Blossom-V6-7B/results_2025-02-01T08-37-59.351105.json,13.395052083333336,chat_finetuned,31.04565038906736,2025-01-30,-1.7763568394002505e-15
Azure99/blossom-v5-32b,8.350000000000001,True,real_attachments/C_efficiency_evolution/detailed_results/Azure99_blossom-v5-32b/results_2024-09-27T16-03-40.225448.json,8.350000000000001,chat_finetuned,27.724659940062114,2024-09-21,0.0
Azure99/blossom-v5-llama3-8b,5.3109375000000005,True,real_attachments/C_efficiency_evolution/detailed_results/Azure99_blossom-v5-llama3-8b/results_2024-09-21T11-45-04.971156.json,5.3109375000000005,chat_finetuned,14.598962808998438,2024-09-21,0.0
Azure99/blossom-v5.1-34b,7.298958333333334,True,real_attachments/C_efficiency_evolution/detailed_results/Azure99_blossom-v5.1-34b/results_2024-07-17T02-52-19.756120.json,7.298958333333334,chat_finetuned,30.298681690900178,2024-07-27,0.0
Azure99/blossom-v5.1-9b,8.024479166666667,True,real_attachments/C_efficiency_evolution/detailed_results/Azure99_blossom-v5.1-9b/results_2024-07-17T00-49-16.822666.json,8.024479166666667,chat_finetuned,26.470194407631528,2024-07-24,0.0
BAAI/Gemma2-9B-IT-Simpo-Infinity-Preference,8.104947916666669,True,real_attachments/C_efficiency_evolution/detailed_results/BAAI_Gemma2-9B-IT-Simpo-Infinity-Preference/results_2024-09-03T10-12-22.221077.json,,,,,
BAAI/Infinity-Instruct-3M-0613-Llama3-70B,16.53255208333333,True,real_attachments/C_efficiency_evolution/detailed_results/BAAI_Infinity-Instruct-3M-0613-Llama3-70B/results_2024-07-25T07-35-25.760033.json,16.53255208333333,chat_finetuned,35.57824290922367,2024-06-28,0.0
BAAI/Infinity-Instruct-3M-0613-Mistral-7B,13.252083333333333,True,real_attachments/C_efficiency_evolution/detailed_results/BAAI_Infinity-Instruct-3M-0613-Mistral-7B/results_2024-07-22T10-30-55.104090.json,13.252083333333331,chat_finetuned,22.29353000800769,2024-06-27,1.7763568394002505e-15
BAAI/Infinity-Instruct-3M-0625-Llama3-70B,18.34036458333333,True,real_attachments/C_efficiency_evolution/detailed_results/BAAI_Infinity-Instruct-3M-0625-Llama3-70B/results_2024-09-03T00-17-17.935598.json,18.34036458333333,chat_finetuned,36.91009196843762,2024-08-30,0.0
BAAI/Infinity-Instruct-3M-0625-Llama3-8B,5.6677083333333345,True,real_attachments/C_efficiency_evolution/detailed_results/BAAI_Infinity-Instruct-3M-0625-Llama3-8B/results_2024-07-25T14-21-16.697446.json,5.6677083333333345,chat_finetuned,22.062531958779175,2024-07-13,0.0
BAAI/Infinity-Instruct-3M-0625-Mistral-7B,12.23828125,True,real_attachments/C_efficiency_evolution/detailed_results/BAAI_Infinity-Instruct-3M-0625-Mistral-7B/results_2024-08-12T18-08-03.104883.json,12.23828125,chat_finetuned,22.843425216048672,2024-08-05,0.0
BAAI/Infinity-Instruct-3M-0625-Qwen2-7B,6.461718749999999,True,real_attachments/C_efficiency_evolution/detailed_results/BAAI_Infinity-Instruct-3M-0625-Qwen2-7B/results_2024-08-12T18-24-56.268433.json,6.461718749999999,chat_finetuned,26.199808011295485,2024-08-05,0.0
BAAI/Infinity-Instruct-3M-0625-Yi-1.5-9B,16.724739583333335,True,real_attachments/C_efficiency_evolution/detailed_results/BAAI_Infinity-Instruct-3M-0625-Yi-1.5-9B/results_2024-08-21T05-35-19.299638.json,16.724739583333335,chat_finetuned,28.14496041142372,2024-08-05,0.0
BAAI/Infinity-Instruct-7M-0729-Llama3_1-8B,5.297135416666668,True,real_attachments/C_efficiency_evolution/detailed_results/BAAI_Infinity-Instruct-7M-0729-Llama3_1-8B/results_2024-08-12T13-18-16.514134.json,5.297135416666668,chat_finetuned,23.447423677135685,2024-08-05,0.0
BAAI/Infinity-Instruct-7M-0729-mistral-7B,10.04010416666667,True,real_attachments/C_efficiency_evolution/detailed_results/BAAI_Infinity-Instruct-7M-0729-mistral-7B/results_2024-08-12T13-10-51.363675.json,10.04010416666667,chat_finetuned,23.21644934658775,2024-08-05,0.0
BAAI/Infinity-Instruct-7M-Gen-Llama3_1-70B,16.97161458333333,True,real_attachments/C_efficiency_evolution/detailed_results/BAAI_Infinity-Instruct-7M-Gen-Llama3_1-70B/results_2024-09-29T01-05-56.315539.json,16.97161458333333,chat_finetuned,37.48445364047765,2024-09-26,0.0
BAAI/Infinity-Instruct-7M-Gen-Llama3_1-8B,5.297135416666668,True,real_attachments/C_efficiency_evolution/detailed_results/BAAI_Infinity-Instruct-7M-Gen-Llama3_1-8B/results_2024-09-02T15-50-11.409871.json,5.297135416666668,chat_finetuned,23.447423677135685,2024-08-29,0.0
BAAI/Infinity-Instruct-7M-Gen-mistral-7B,10.04010416666667,True,real_attachments/C_efficiency_evolution/detailed_results/BAAI_Infinity-Instruct-7M-Gen-mistral-7B/results_2024-09-02T15-46-52.517392.json,10.04010416666667,chat_finetuned,23.191053766563783,2024-08-29,0.0
BAAI/OPI-Llama-3.1-8B-Instruct,3.579427083333334,True,real_attachments/C_efficiency_evolution/detailed_results/BAAI_OPI-Llama-3.1-8B-Instruct/results_2024-09-23T11-57-00.029469.json,3.579427083333334,chat_finetuned,8.53160439699765,2024-09-21,0.0
BEE-spoke-data/Meta-Llama-3-8Bee,6.242447916666666,True,real_attachments/C_efficiency_evolution/detailed_results/BEE-spoke-data_Meta-Llama-3-8Bee/results_2024-07-25T12-24-55.860310.json,6.242447916666666,chat_finetuned,14.657811877680324,2024-07-04,0.0
BEE-spoke-data/smol_llama-101M-GQA,4.275520833333334,True,real_attachments/C_efficiency_evolution/detailed_results/BEE-spoke-data_smol_llama-101M-GQA/results_2024-08-13T08-16-04.970628.json,4.275520833333334,pretrained,4.019599868138451,2024-07-06,0.0
BEE-spoke-data/smol_llama-220M-GQA,9.067708333333334,True,real_attachments/C_efficiency_evolution/detailed_results/BEE-spoke-data_smol_llama-220M-GQA/results_2024-06-26T23-24-10.372392.json,9.067708333333334,pretrained,6.577800964187134,2024-06-26,0.0
BEE-spoke-data/smol_llama-220M-GQA-fineweb_edu,14.261718750000002,True,real_attachments/C_efficiency_evolution/detailed_results/BEE-spoke-data_smol_llama-220M-GQA-fineweb_edu/results_2024-07-18T11-09-45.118921.json,14.261718750000002,continued,6.629850832257909,2024-06-26,0.0
BEE-spoke-data/smol_llama-220M-openhermes,6.224479166666669,True,real_attachments/C_efficiency_evolution/detailed_results/BEE-spoke-data_smol_llama-220M-openhermes/results_2024-09-21T20-51-56.948604.json,6.224479166666669,chat_finetuned,4.938005238605682,2024-09-21,0.0
BEE-spoke-data/tFINE-900m-e16-d32-flan,3.7187500000000013,True,real_attachments/C_efficiency_evolution/detailed_results/BEE-spoke-data_tFINE-900m-e16-d32-flan/results_2024-09-14T06-01-16.457735.json,3.7187500000000018,chat_finetuned,4.597533011984676,2024-09-13,-4.440892098500626e-16
BEE-spoke-data/tFINE-900m-e16-d32-flan-infinity-instruct-7m-T2T_en-1024,13.808854166666668,True,real_attachments/C_efficiency_evolution/detailed_results/BEE-spoke-data_tFINE-900m-e16-d32-flan-infinity-instruct-7m-T2T_en-1024/results_2024-09-14T09-26-54.566432.json,13.808854166666668,chat_finetuned,5.999886320692095,2024-09-14,0.0
BEE-spoke-data/tFINE-900m-e16-d32-instruct_2e,11.187239583333335,True,real_attachments/C_efficiency_evolution/detailed_results/BEE-spoke-data_tFINE-900m-e16-d32-instruct_2e/results_2024-09-23T16-45-27.487413.json,11.187239583333335,chat_finetuned,5.908138429401099,2024-09-22,0.0
BEE-spoke-data/tFINE-900m-instruct-orpo,1.1067708333333328,True,real_attachments/C_efficiency_evolution/detailed_results/BEE-spoke-data_tFINE-900m-instruct-orpo/results_2024-09-23T17-46-03.770289.json,1.1067708333333328,chat_finetuned,3.6963079249542905,2024-09-23,0.0
BSC-LT/salamandra-7b,1.8617187499999996,True,real_attachments/C_efficiency_evolution/detailed_results/BSC-LT_salamandra-7b/results_2024-11-22T08-16-09.604171.json,1.8617187499999996,pretrained,5.704911444345451,2024-11-22,0.0
BSC-LT/salamandra-7b-instruct,10.213020833333337,True,real_attachments/C_efficiency_evolution/detailed_results/BSC-LT_salamandra-7b-instruct/results_2024-11-22T08-58-14.996318.json,10.213020833333337,pretrained,10.181243697003833,2024-11-22,0.0
Ba2han/Llama-Phi-3_DoRA,9.532552083333336,True,real_attachments/C_efficiency_evolution/detailed_results/Ba2han_Llama-Phi-3_DoRA/results_2024-07-29T08-29-23.036311.json,9.532552083333336,chat_finetuned,25.469895001154402,2024-06-26,0.0
Baptiste-HUVELLE-10/LeTriomphant2.2_ECE_iLAB,17.15234375,True,real_attachments/C_efficiency_evolution/detailed_results/Baptiste-HUVELLE-10_LeTriomphant2.2_ECE_iLAB/results_2025-03-01T08-30-05.978173.json,17.15234375,merge,41.30426754456703,2025-02-28,0.0
BenevolenceMessiah/Qwen2.5-72B-2x-Instruct-TIES-v1.0,12.016666666666671,True,real_attachments/C_efficiency_evolution/detailed_results/BenevolenceMessiah_Qwen2.5-72B-2x-Instruct-TIES-v1.0/results_2024-11-25T10-42-51.480482.json,,,,,
BenevolenceMessiah/Yi-Coder-9B-Chat-Instruct-TIES-MoE-v1.0,8.930729166666667,True,real_attachments/C_efficiency_evolution/detailed_results/BenevolenceMessiah_Yi-Coder-9B-Chat-Instruct-TIES-MoE-v1.0/results_2024-09-28T01-29-46.479228.json,8.930729166666667,merge,15.07109165755061,2024-09-22,0.0
BlackBeenie/Bloslain-8B-v0.2,10.446614583333334,True,real_attachments/C_efficiency_evolution/detailed_results/BlackBeenie_Bloslain-8B-v0.2/results_2024-11-20T00-14-46.384603.json,,,,,
BlackBeenie/Llama-3.1-8B-OpenO1-SFT-v0.1,5.726562500000003,True,real_attachments/C_efficiency_evolution/detailed_results/BlackBeenie_Llama-3.1-8B-OpenO1-SFT-v0.1/results_2024-12-29T05-50-35.952715.json,5.726562500000003,chat_finetuned,21.4004099666704,2024-12-29,0.0
BlackBeenie/Llama-3.1-8B-pythonic-passthrough-merge,4.593229166666666,True,real_attachments/C_efficiency_evolution/detailed_results/BlackBeenie_Llama-3.1-8B-pythonic-passthrough-merge/results_2024-11-06T21-15-20.894828.json,,,,,
BlackBeenie/Neos-Gemma-2-9b,5.785416666666667,True,real_attachments/C_efficiency_evolution/detailed_results/BlackBeenie_Neos-Gemma-2-9b/results_2024-11-11T12-49-01.846333.json,5.785416666666667,chat_finetuned,25.475663495967385,2024-11-11,0.0
BlackBeenie/Neos-Llama-3.1-8B,5.740364583333334,True,real_attachments/C_efficiency_evolution/detailed_results/BlackBeenie_Neos-Llama-3.1-8B/results_2024-11-12T13-25-16.816634.json,5.740364583333334,chat_finetuned,19.51217705998031,2024-11-12,0.0
BlackBeenie/Neos-Llama-3.1-base,2.8382812499999996,True,real_attachments/C_efficiency_evolution/detailed_results/BlackBeenie_Neos-Llama-3.1-base/results_2024-11-11T14-31-42.592878.json,,,,,
BlackBeenie/Neos-Phi-3-14B-v0.1,10.534375000000002,True,real_attachments/C_efficiency_evolution/detailed_results/BlackBeenie_Neos-Phi-3-14B-v0.1/results_2024-11-27T15-11-29.345795.json,10.534375000000002,chat_finetuned,27.032306783654633,2024-11-27,0.0
BlackBeenie/llama-3-luminous-merged,10.628645833333335,True,real_attachments/C_efficiency_evolution/detailed_results/BlackBeenie_llama-3-luminous-merged/results_2024-10-11T13-21-44.421484.json,,,,,
BlackBeenie/llama-3.1-8B-Galore-openassistant-guanaco,14.578124999999995,True,real_attachments/C_efficiency_evolution/detailed_results/BlackBeenie_llama-3.1-8B-Galore-openassistant-guanaco/results_2024-10-19T11-26-56.879492.json,,,,,
Bllossom/llama-3.2-Korean-Bllossom-AICA-5B,5.824479166666667,True,real_attachments/C_efficiency_evolution/detailed_results/Bllossom_llama-3.2-Korean-Bllossom-AICA-5B/results_2024-12-18T04-48-36.945827.json,5.824479166666667,chat_finetuned,19.012851991491477,2024-12-16,0.0
BoltMonkey/DreadMix,13.619010416666663,True,real_attachments/C_efficiency_evolution/detailed_results/BoltMonkey_DreadMix/results_2024-10-15T10-14-27.298886.json,,,,,
BoltMonkey/NeuralDaredevil-SuperNova-Lite-7B-DARETIES-abliterated,9.295312500000001,True,real_attachments/C_efficiency_evolution/detailed_results/BoltMonkey_NeuralDaredevil-SuperNova-Lite-7B-DARETIES-abliterated/results_2024-10-02T01-12-39.953335.json,9.532552083333336,chat_finetuned,21.34551059026953,2024-10-01,-0.23723958333333428
BoltMonkey/SuperNeuralDreadDevil-8b,8.3109375,True,real_attachments/C_efficiency_evolution/detailed_results/BoltMonkey_SuperNeuralDreadDevil-8b/results_2024-10-15T04-58-27.394066.json,,,,,
BrainWave-ML/llama3.2-3B-maths-orpo,4.524739583333332,True,real_attachments/C_efficiency_evolution/detailed_results/BrainWave-ML_llama3.2-3B-maths-orpo/results_2024-10-25T15-23-53.121910.json,4.524739583333332,chat_finetuned,5.07608283209792,2024-10-24,0.0
BramVanroy/GEITje-7B-ultra,1.5223958333333336,True,real_attachments/C_efficiency_evolution/detailed_results/BramVanroy_GEITje-7B-ultra/results_2024-10-28T15-46-03.761866.json,1.5223958333333336,chat_finetuned,11.022898819216543,2024-10-28,0.0
BramVanroy/fietje-2,5.161979166666666,True,real_attachments/C_efficiency_evolution/detailed_results/BramVanroy_fietje-2/results_2024-10-28T15-01-12.007604.json,5.161979166666666,continued,9.140300477810824,2024-10-28,0.0
BramVanroy/fietje-2-chat,3.195052083333334,True,real_attachments/C_efficiency_evolution/detailed_results/BramVanroy_fietje-2-chat/results_2024-10-28T15-30-42.669861.json,3.195052083333334,chat_finetuned,10.615455210257904,2024-10-28,0.0
BramVanroy/fietje-2-instruct,2.9145833333333346,True,real_attachments/C_efficiency_evolution/detailed_results/BramVanroy_fietje-2-instruct/results_2024-10-29T06-19-03.359209.json,2.914583333333334,chat_finetuned,10.48571837435655,2024-10-28,4.440892098500626e-16
CYFRAGOVPL/Llama-PLLuM-8B-base,10.062239583333335,True,real_attachments/C_efficiency_evolution/detailed_results/CYFRAGOVPL_Llama-PLLuM-8B-base/results_2025-02-28T14-13-32.792972.json,10.062239583333335,continued,14.51887667865397,2025-02-28,0.0
CYFRAGOVPL/Llama-PLLuM-8B-chat,11.856249999999998,True,real_attachments/C_efficiency_evolution/detailed_results/CYFRAGOVPL_Llama-PLLuM-8B-chat/results_2025-02-28T13-53-42.976676.json,11.856249999999998,chat_finetuned,14.61481701543444,2025-02-28,0.0
CYFRAGOVPL/PLLuM-12B-base,10.979947916666669,True,real_attachments/C_efficiency_evolution/detailed_results/CYFRAGOVPL_PLLuM-12B-base/results_2025-02-28T14-26-10.371596.json,10.979947916666667,continued,14.667469455106152,2025-02-28,1.7763568394002505e-15
CYFRAGOVPL/PLLuM-12B-chat,14.668229166666663,True,real_attachments/C_efficiency_evolution/detailed_results/CYFRAGOVPL_PLLuM-12B-chat/results_2025-02-28T14-04-50.916092.json,14.668229166666665,chat_finetuned,15.348386882498241,2025-02-28,-1.7763568394002505e-15
CYFRAGOVPL/PLLuM-12B-nc-base,2.897135416666666,True,real_attachments/C_efficiency_evolution/detailed_results/CYFRAGOVPL_PLLuM-12B-nc-base/results_2025-02-28T14-13-34.734587.json,2.897135416666666,continued,11.421222164941392,2025-02-28,0.0
CYFRAGOVPL/PLLuM-12B-nc-chat,12.919270833333334,True,real_attachments/C_efficiency_evolution/detailed_results/CYFRAGOVPL_PLLuM-12B-nc-chat/results_2025-02-28T14-03-56.285441.json,12.919270833333334,chat_finetuned,14.59834275108251,2025-02-28,0.0
CarrotAI/Llama-3.2-Rabbit-Ko-3B-Instruct,3.9812500000000024,True,real_attachments/C_efficiency_evolution/detailed_results/CarrotAI_Llama-3.2-Rabbit-Ko-3B-Instruct/results_2024-12-20T07-08-53.216233.json,3.9812500000000024,chat_finetuned,23.50945092474288,2024-12-20,0.0
CarrotAI/Llama-3.2-Rabbit-Ko-3B-Instruct-2412,6.801041666666673,True,real_attachments/C_efficiency_evolution/detailed_results/CarrotAI_Llama-3.2-Rabbit-Ko-3B-Instruct-2412/results_2024-12-19T09-37-44.312285.json,6.801041666666673,chat_finetuned,20.301755342918195,2024-12-19,0.0
Casual-Autopsy/L3-Umbral-Mind-RP-v2.0-8B,5.550000000000002,True,real_attachments/C_efficiency_evolution/detailed_results/Casual-Autopsy_L3-Umbral-Mind-RP-v2.0-8B/results_2024-07-22T09-49-57.500293.json,5.550000000000002,merge,25.899338809216697,2024-07-02,0.0
CausalLM/14B,11.468229166666669,True,real_attachments/C_efficiency_evolution/detailed_results/CausalLM_14B/results_2024-06-16T22-41-11.628824.json,11.468229166666667,chat_finetuned,17.235580154596317,2024-06-12,1.7763568394002505e-15
CausalLM/34b-beta,6.924739583333334,True,real_attachments/C_efficiency_evolution/detailed_results/CausalLM_34b-beta/results_2024-08-13T04-12-29.067058.json,6.924739583333334,chat_finetuned,23.29783304542188,2024-06-26,0.0
CausalLM/preview-1-hf,1.1067708333333328,True,real_attachments/C_efficiency_evolution/detailed_results/CausalLM_preview-1-hf/results_2025-01-26T19-50-38.868150.json,,,,,
Changgil/K2S3-14b-v0.2,6.7992187500000005,True,real_attachments/C_efficiency_evolution/detailed_results/Changgil_K2S3-14b-v0.2/results_2024-08-12T22-44-05.278865.json,6.7992187500000005,chat_finetuned,15.275784761251337,2024-06-27,0.0
Changgil/K2S3-v0.1,7.842447916666667,True,real_attachments/C_efficiency_evolution/detailed_results/Changgil_K2S3-v0.1/results_2025-02-13T18-27-04.338360.json,7.842447916666667,chat_finetuned,14.839283995827836,2024-06-27,0.0
ClaudioItaly/Albacus,10.658072916666663,True,real_attachments/C_efficiency_evolution/detailed_results/ClaudioItaly_Albacus/results_2024-09-14T01-42-34.001195.json,10.658072916666663,merge,20.505574062384014,2024-09-08,0.0
ClaudioItaly/Book-Gut12B,18.276041666666668,True,real_attachments/C_efficiency_evolution/detailed_results/ClaudioItaly_Book-Gut12B/results_2024-09-18T16-10-32.498210.json,18.276041666666668,merge,23.39409811229197,2024-09-17,0.0
ClaudioItaly/Evolutionstory-7B-v2.2,10.658072916666663,True,real_attachments/C_efficiency_evolution/detailed_results/ClaudioItaly_Evolutionstory-7B-v2.2/results_2024-09-03T07-38-49.543556.json,10.658072916666663,merge,20.810835332574907,2024-09-01,0.0
ClaudioItaly/intelligence-cod-rag-7b-v3,10.675520833333335,True,real_attachments/C_efficiency_evolution/detailed_results/ClaudioItaly_intelligence-cod-rag-7b-v3/results_2024-12-02T20-56-56.981425.json,10.675520833333335,chat_finetuned,31.836966345244434,2024-12-02,0.0
CohereForAI/aya-23-35B,13.47369791666666,True,real_attachments/C_efficiency_evolution/detailed_results/CohereForAI_aya-23-35B/results_2024-06-17T22-14-18.057565.json,13.47369791666666,chat_finetuned,24.755408446939658,2024-06-12,0.0
CohereForAI/aya-23-8B,8.424479166666664,True,real_attachments/C_efficiency_evolution/detailed_results/CohereForAI_aya-23-8B/results_2024-06-17T11-49-39.129219.json,8.424479166666664,chat_finetuned,16.010983148168723,2024-06-12,0.0
CohereForAI/aya-expanse-32b,6.408854166666668,True,real_attachments/C_efficiency_evolution/detailed_results/CohereForAI_aya-expanse-32b/results_2024-10-24T23-13-12.725496.json,6.408854166666668,chat_finetuned,29.718510126577055,2024-10-24,0.0
CohereForAI/aya-expanse-8b,4.410677083333334,True,real_attachments/C_efficiency_evolution/detailed_results/CohereForAI_aya-expanse-8b/results_2024-10-24T16-15-03.662470.json,4.410677083333334,chat_finetuned,22.406573697993498,2024-10-24,0.0
CohereForAI/c4ai-command-r-plus,20.42317708333333,True,real_attachments/C_efficiency_evolution/detailed_results/CohereForAI_c4ai-command-r-plus/results_2024-06-20T10-16-23.151914.json,20.42317708333333,chat_finetuned,30.936070612618508,2024-06-13,0.0
CohereForAI/c4ai-command-r-plus-08-2024,19.835156249999994,True,real_attachments/C_efficiency_evolution/detailed_results/CohereForAI_c4ai-command-r-plus-08-2024/results_2024-09-20T05-28-13.938100.json,19.835156249999994,chat_finetuned,33.647474595578004,2024-09-19,0.0
CohereForAI/c4ai-command-r-v01,16.12890625,True,real_attachments/C_efficiency_evolution/detailed_results/CohereForAI_c4ai-command-r-v01/results_2024-06-17T20-00-09.158840.json,16.12890625,chat_finetuned,25.929031834951832,2024-06-13,0.0
CohereForAI/c4ai-command-r7b-12-2024,10.230468750000002,True,real_attachments/C_efficiency_evolution/detailed_results/CohereForAI_c4ai-command-r7b-12-2024/results_2024-12-20T13-37-10.543380.json,10.230468750000002,chat_finetuned,31.61752928799648,2024-12-20,0.0
Columbia-NLP/LION-Gemma-2b-dpo-v1.0,9.834635416666668,True,real_attachments/C_efficiency_evolution/detailed_results/Columbia-NLP_LION-Gemma-2b-dpo-v1.0/results_2024-08-13T04-55-19.543716.json,,,,,
Columbia-NLP/LION-Gemma-2b-odpo-v1.0,12.056250000000004,True,real_attachments/C_efficiency_evolution/detailed_results/Columbia-NLP_LION-Gemma-2b-odpo-v1.0/results_2024-08-13T02-35-20.190532.json,,,,,
Columbia-NLP/LION-Gemma-2b-sft-v1.0,8.309114583333335,True,real_attachments/C_efficiency_evolution/detailed_results/Columbia-NLP_LION-Gemma-2b-sft-v1.0/results_2024-08-13T04-56-06.975578.json,,,,,
Columbia-NLP/LION-LLaMA-3-8b-dpo-v1.0,10.281510416666665,True,real_attachments/C_efficiency_evolution/detailed_results/Columbia-NLP_LION-LLaMA-3-8b-dpo-v1.0/results_2024-08-13T04-36-21.322067.json,,,,,
Columbia-NLP/LION-LLaMA-3-8b-odpo-v1.0,9.718749999999998,True,real_attachments/C_efficiency_evolution/detailed_results/Columbia-NLP_LION-LLaMA-3-8b-odpo-v1.0/results_2024-08-13T04-44-27.328884.json,,,,,
Columbia-NLP/LION-LLaMA-3-8b-sft-v1.0,15.483854166666665,True,real_attachments/C_efficiency_evolution/detailed_results/Columbia-NLP_LION-LLaMA-3-8b-sft-v1.0/results_2024-08-13T04-49-26.292140.json,,,,,
CombinHorizon/Josiefied-abliteratedV4-Qwen2.5-14B-Inst-BaseMerge-TIES,12.65390625,True,real_attachments/C_efficiency_evolution/detailed_results/CombinHorizon_Josiefied-abliteratedV4-Qwen2.5-14B-Inst-BaseMerge-TIES/results_2024-12-07T05-30-29.259046.json,12.65390625,merge,41.765081012881176,2024-12-07,0.0
CombinHorizon/Rombos-Qwen2.5-7B-Inst-BaseMerge-TIES,8.779427083333333,True,real_attachments/C_efficiency_evolution/detailed_results/CombinHorizon_Rombos-Qwen2.5-7B-Inst-BaseMerge-TIES/results_2024-10-29T15-00-49.989293.json,8.779427083333333,merge,35.36673047341537,2024-10-29,0.0
CombinHorizon/YiSM-blossom5.1-34B-SLERP,14.367968750000003,True,real_attachments/C_efficiency_evolution/detailed_results/CombinHorizon_YiSM-blossom5.1-34B-SLERP/results_2024-09-02T18-34-45.787681.json,14.367968750000005,merge,31.379930205236757,2024-08-27,-1.7763568394002505e-15
CombinHorizon/huihui-ai-abliterated-Qwen2.5-32B-Inst-BaseMerge-TIES,12.091145833333337,True,real_attachments/C_efficiency_evolution/detailed_results/CombinHorizon_huihui-ai-abliterated-Qwen2.5-32B-Inst-BaseMerge-TIES/results_2024-12-07T17-16-26.181747.json,12.091145833333336,merge,45.6578470977455,2024-12-07,1.7763568394002505e-15
CombinHorizon/huihui-ai-abliteratedV2-Qwen2.5-14B-Inst-BaseMerge-TIES,12.453906250000001,True,real_attachments/C_efficiency_evolution/detailed_results/CombinHorizon_huihui-ai-abliteratedV2-Qwen2.5-14B-Inst-BaseMerge-TIES/results_2024-12-07T06-29-43.941929.json,12.45390625,merge,41.46621085774212,2024-12-07,1.7763568394002505e-15
CombinHorizon/zetasepic-abliteratedV2-Qwen2.5-32B-Inst-BaseMerge-TIES,14.224479166666663,True,real_attachments/C_efficiency_evolution/detailed_results/CombinHorizon_zetasepic-abliteratedV2-Qwen2.5-32B-Inst-BaseMerge-TIES/results_2024-12-21T01-37-15.623991.json,14.224479166666663,merge,46.76362120574333,2024-12-20,0.0
ContactDoctor/Bio-Medical-3B-CoT-012025,3.195052083333334,True,real_attachments/C_efficiency_evolution/detailed_results/ContactDoctor_Bio-Medical-3B-CoT-012025/results_2025-01-15T09-22-59.977970.json,,,,,
ContactDoctor/Bio-Medical-Llama-3-8B,1.7578124999999993,True,real_attachments/C_efficiency_evolution/detailed_results/ContactDoctor_Bio-Medical-Llama-3-8B/results_2024-12-24T06-22-56.971273.json,,,,,
CoolSpring/Qwen2-0.5B-Abyme,1.47734375,True,real_attachments/C_efficiency_evolution/detailed_results/CoolSpring_Qwen2-0.5B-Abyme/results_2024-09-06T09-06-54.964156.json,1.47734375,chat_finetuned,4.999994251217356,2024-09-04,0.0
CoolSpring/Qwen2-0.5B-Abyme-merge2,3.8911458333333346,True,real_attachments/C_efficiency_evolution/detailed_results/CoolSpring_Qwen2-0.5B-Abyme-merge2/results_2024-07-30T04-00-30.669462.json,3.891145833333334,merge,6.320258162859158,2024-07-27,4.440892098500626e-16
CoolSpring/Qwen2-0.5B-Abyme-merge3,2.1283854166666667,True,real_attachments/C_efficiency_evolution/detailed_results/CoolSpring_Qwen2-0.5B-Abyme-merge3/results_2024-07-30T03-41-02.675646.json,2.1283854166666667,merge,6.8201960830112,2024-07-27,0.0
Corianas/Neural-Mistral-7B,6.208854166666669,True,real_attachments/C_efficiency_evolution/detailed_results/Corianas_Neural-Mistral-7B/results_2024-12-06T14-35-18.646555.json,6.208854166666669,chat_finetuned,18.200438567718393,2024-12-06,0.0
Corianas/Quokka_2.7b,6.087499999999999,True,real_attachments/C_efficiency_evolution/detailed_results/Corianas_Quokka_2.7b/results_2024-12-11T18-32-14.809182.json,6.087499999999999,chat_finetuned,4.995249580966088,2024-12-05,0.0
Corianas/llama-3-reactor,8.014843750000002,True,real_attachments/C_efficiency_evolution/detailed_results/Corianas_llama-3-reactor/results_2024-08-12T17-59-58.747351.json,,,,,
CortexLM/btlm-7b-base-v0.2,5.542187500000001,True,real_attachments/C_efficiency_evolution/detailed_results/CortexLM_btlm-7b-base-v0.2/results_2024-08-12T22-07-03.175931.json,5.542187500000001,pretrained,8.920254930681883,2024-06-26,0.0
Cran-May/SCE-2-24B,16.001562499999995,True,real_attachments/C_efficiency_evolution/detailed_results/Cran-May_SCE-2-24B/results_2025-02-05T01-14-41.928805.json,,,,,
Cran-May/SCE-3-24B,14.601562499999995,True,real_attachments/C_efficiency_evolution/detailed_results/Cran-May_SCE-3-24B/results_2025-02-05T01-07-55.745567.json,,,,,
Cran-May/T.E-8.1,15.31510416666667,True,real_attachments/C_efficiency_evolution/detailed_results/Cran-May_T.E-8.1/results_2024-09-29T18-25-58.538578.json,15.31510416666667,chat_finetuned,35.699515240521414,2024-09-29,0.0
Cran-May/merge_model_20250308_2,19.519270833333326,True,real_attachments/C_efficiency_evolution/detailed_results/Cran-May_merge_model_20250308_2/results_2025-03-08T15-11-05.567757.json,,,,,
Cran-May/merge_model_20250308_3,13.538541666666665,True,real_attachments/C_efficiency_evolution/detailed_results/Cran-May_merge_model_20250308_3/results_2025-03-08T15-15-23.298099.json,,,,,
Cran-May/merge_model_20250308_4,17.801562500000003,True,real_attachments/C_efficiency_evolution/detailed_results/Cran-May_merge_model_20250308_4/results_2025-03-08T15-21-43.946714.json,,,,,
Cran-May/tempmotacilla-cinerea-0308,18.668229166666663,True,real_attachments/C_efficiency_evolution/detailed_results/Cran-May_tempmotacilla-cinerea-0308/results_2025-03-08T15-27-36.469214.json,,,,,
CreitinGameplays/Llama-3.1-8B-R1-v0.1,2.6028645833333326,True,real_attachments/C_efficiency_evolution/detailed_results/CreitinGameplays_Llama-3.1-8B-R1-v0.1/results_2025-03-11T00-12-57.650499.json,2.6028645833333326,chat_finetuned,10.034841772545372,2025-03-10,0.0
CultriX/Qwen2.5-14B-Broca,18.94869791666667,True,real_attachments/C_efficiency_evolution/detailed_results/CultriX_Qwen2.5-14B-Broca/results_2024-12-23T18-32-51.550970.json,,,,,
CultriX/Qwen2.5-14B-BrocaV9,18.395572916666662,True,real_attachments/C_efficiency_evolution/detailed_results/CultriX_Qwen2.5-14B-BrocaV9/results_2025-01-14T03-27-24.176624.json,,,,,
CultriX/Qwen2.5-14B-Brocav3,19.254427083333326,True,real_attachments/C_efficiency_evolution/detailed_results/CultriX_Qwen2.5-14B-Brocav3/results_2024-12-24T00-40-55.160630.json,,,,,
CultriX/Qwen2.5-14B-Brocav6,18.87604166666667,True,real_attachments/C_efficiency_evolution/detailed_results/CultriX_Qwen2.5-14B-Brocav6/results_2024-12-24T00-45-48.593643.json,,,,,
CultriX/Qwen2.5-14B-Brocav7,20.150520833333328,True,real_attachments/C_efficiency_evolution/detailed_results/CultriX_Qwen2.5-14B-Brocav7/results_2024-12-24T00-39-18.307055.json,,,,,
CultriX/Qwen2.5-14B-Emerged,18.47005208333333,True,real_attachments/C_efficiency_evolution/detailed_results/CultriX_Qwen2.5-14B-Emerged/results_2024-12-20T00-16-33.822279.json,,,,,
CultriX/Qwen2.5-14B-Emergedv3,18.601562500000004,True,real_attachments/C_efficiency_evolution/detailed_results/CultriX_Qwen2.5-14B-Emergedv3/results_2024-12-22T02-13-24.444781.json,,,,,
CultriX/Qwen2.5-14B-FinalMerge,14.504947916666667,True,real_attachments/C_efficiency_evolution/detailed_results/CultriX_Qwen2.5-14B-FinalMerge/results_2024-12-24T01-43-26.836129.json,,,,,
CultriX/Qwen2.5-14B-Hyper,21.029166666666665,True,real_attachments/C_efficiency_evolution/detailed_results/CultriX_Qwen2.5-14B-Hyper/results_2025-01-20T07-31-35.276448.json,,,,,
CultriX/Qwen2.5-14B-HyperMarck-dl,15.095312499999997,True,real_attachments/C_efficiency_evolution/detailed_results/CultriX_Qwen2.5-14B-HyperMarck-dl/results_2025-02-25T03-04-33.550164.json,15.095312499999997,merge,39.89416756441815,2025-02-16,0.0
CultriX/Qwen2.5-14B-Hyperionv3,18.921093749999994,True,real_attachments/C_efficiency_evolution/detailed_results/CultriX_Qwen2.5-14B-Hyperionv3/results_2025-01-19T05-37-04.733936.json,,,,,
CultriX/Qwen2.5-14B-Hyperionv4,19.86640625,True,real_attachments/C_efficiency_evolution/detailed_results/CultriX_Qwen2.5-14B-Hyperionv4/results_2025-01-20T19-39-31.032174.json,,,,,
CultriX/Qwen2.5-14B-Hyperionv5,19.876041666666662,True,real_attachments/C_efficiency_evolution/detailed_results/CultriX_Qwen2.5-14B-Hyperionv5/results_2025-01-20T19-35-29.527144.json,,,,,
CultriX/Qwen2.5-14B-MegaMerge-pt2,18.74270833333333,True,real_attachments/C_efficiency_evolution/detailed_results/CultriX_Qwen2.5-14B-MegaMerge-pt2/results_2024-10-25T17-28-29.915496.json,,,,,
CultriX/Qwen2.5-14B-MergeStock,17.854427083333334,True,real_attachments/C_efficiency_evolution/detailed_results/CultriX_Qwen2.5-14B-MergeStock/results_2024-10-24T00-00-00.000000.json,,,,,
CultriX/Qwen2.5-14B-ReasoningMerge,25.60755208333333,True,real_attachments/C_efficiency_evolution/detailed_results/CultriX_Qwen2.5-14B-ReasoningMerge/results_2025-02-24T23-23-47.851116.json,25.60755208333333,merge,40.645885900911715,2025-02-18,0.0
CultriX/Qwen2.5-14B-Ultimav2,22.036979166666658,True,real_attachments/C_efficiency_evolution/detailed_results/CultriX_Qwen2.5-14B-Ultimav2/results_2025-02-05T01-39-46.826724.json,22.036979166666654,merge,38.835600416037856,2025-02-05,3.552713678800501e-15
CultriX/Qwen2.5-14B-Unity,18.760156249999994,True,real_attachments/C_efficiency_evolution/detailed_results/CultriX_Qwen2.5-14B-Unity/results_2024-12-22T02-13-12.144491.json,,,,,
CultriX/Qwen2.5-14B-Wernicke,18.24661458333333,True,real_attachments/C_efficiency_evolution/detailed_results/CultriX_Qwen2.5-14B-Wernicke/results_2024-10-23T19-04-06.984034.json,18.24661458333333,merge,37.94335063991926,2024-10-22,0.0
CultriX/Qwen2.5-14B-Wernicke-SFT,7.549999999999996,True,real_attachments/C_efficiency_evolution/detailed_results/CultriX_Qwen2.5-14B-Wernicke-SFT/results_2024-11-20T02-17-53.848498.json,7.549999999999996,chat_finetuned,33.549511791224056,2024-11-17,0.0
CultriX/Qwen2.5-14B-Wernicke-SLERP,11.120572916666662,True,real_attachments/C_efficiency_evolution/detailed_results/CultriX_Qwen2.5-14B-Wernicke-SLERP/results_2024-10-25T21-08-24.240304.json,,,,,
CultriX/Qwen2.5-14B-Wernickev3,18.69166666666666,True,real_attachments/C_efficiency_evolution/detailed_results/CultriX_Qwen2.5-14B-Wernickev3/results_2024-12-20T00-20-51.798524.json,,,,,
CultriX/Qwen2.5-14B-partialmergept1,19.662239583333328,True,real_attachments/C_efficiency_evolution/detailed_results/CultriX_Qwen2.5-14B-partialmergept1/results_2025-01-19T05-48-12.721431.json,,,,,
CultriX/Qwenfinity-2.5-14B,15.456250000000002,True,real_attachments/C_efficiency_evolution/detailed_results/CultriX_Qwenfinity-2.5-14B/results_2024-12-23T20-53-54.936287.json,,,,,
CultriX/Qwestion-14B,17.217187500000005,True,real_attachments/C_efficiency_evolution/detailed_results/CultriX_Qwestion-14B/results_2024-11-23T06-19-01.826337.json,,,,,
CultriX/SeQwence-14B,18.426822916666662,True,real_attachments/C_efficiency_evolution/detailed_results/CultriX_SeQwence-14B/results_2024-11-20T10-20-14.065091.json,18.426822916666666,chat_finetuned,36.88627286873482,2024-11-20,-3.552713678800501e-15
CultriX/SeQwence-14B-EvolMerge,20.26041666666666,True,real_attachments/C_efficiency_evolution/detailed_results/CultriX_SeQwence-14B-EvolMerge/results_2024-11-27T11-01-35.329151.json,20.26041666666666,merge,38.018640895247245,2024-11-27,0.0
CultriX/SeQwence-14B-EvolMergev1,17.08385416666667,True,real_attachments/C_efficiency_evolution/detailed_results/CultriX_SeQwence-14B-EvolMergev1/results_2024-11-27T12-57-19.390079.json,,,,,
CultriX/SeQwence-14B-v5,18.327083333333334,True,real_attachments/C_efficiency_evolution/detailed_results/CultriX_SeQwence-14B-v5/results_2024-11-20T00-54-32.999873.json,,,,,
CultriX/SeQwence-14Bv1,18.80338541666666,True,real_attachments/C_efficiency_evolution/detailed_results/CultriX_SeQwence-14Bv1/results_2024-11-27T10-50-57.059584.json,18.80338541666666,merge,38.625628460880606,2024-11-27,0.0
CultriX/SeQwence-14Bv2,17.546354166666664,True,real_attachments/C_efficiency_evolution/detailed_results/CultriX_SeQwence-14Bv2/results_2024-12-08T17-38-34.281942.json,,,,,
CultriX/SeQwence-14Bv3,17.270052083333336,True,real_attachments/C_efficiency_evolution/detailed_results/CultriX_SeQwence-14Bv3/results_2024-11-27T21-18-32.079945.json,,,,,
DRXD1000/Atlas-7B,0.7812499999999996,True,real_attachments/C_efficiency_evolution/detailed_results/DRXD1000_Atlas-7B/results_2024-12-11T04-58-40.091093.json,0.7812499999999996,chat_finetuned,8.78657746420255,2024-12-10,0.0
DRXD1000/Phoenix-7B,6.418489583333333,True,real_attachments/C_efficiency_evolution/detailed_results/DRXD1000_Phoenix-7B/results_2024-12-11T05-51-08.434177.json,6.418489583333333,chat_finetuned,12.420154178714037,2024-12-11,0.0
DUAL-GPO/zephyr-7b-ipo-0k-15k-i1,10.567968750000002,True,real_attachments/C_efficiency_evolution/detailed_results/DUAL-GPO_zephyr-7b-ipo-0k-15k-i1/results_2024-09-23T12-42-02.224196.json,,,,,
DZgas/GIGABATEMAN-7B,11.972135416666667,True,real_attachments/C_efficiency_evolution/detailed_results/DZgas_GIGABATEMAN-7B/results_2024-09-18T07-24-33.032428.json,,,,,
Daemontatox/AetherDrake-SFT,9.972135416666667,True,real_attachments/C_efficiency_evolution/detailed_results/Daemontatox_AetherDrake-SFT/results_2024-12-25T20-08-51.776455.json,9.972135416666667,chat_finetuned,22.917960736440758,2024-12-25,0.0
Daemontatox/AetherSett,16.205729166666668,True,real_attachments/C_efficiency_evolution/detailed_results/Daemontatox_AetherSett/results_2024-12-30T14-23-42.325851.json,16.205729166666668,chat_finetuned,31.420122512312307,2024-12-30,0.0
Daemontatox/AetherTOT,9.781770833333335,True,real_attachments/C_efficiency_evolution/detailed_results/Daemontatox_AetherTOT/results_2024-12-28T17-49-09.639117.json,9.781770833333336,chat_finetuned,23.178825097337906,2024-12-28,-1.7763568394002505e-15
Daemontatox/AetherUncensored,9.501302083333336,True,real_attachments/C_efficiency_evolution/detailed_results/Daemontatox_AetherUncensored/results_2025-01-13T09-52-18.924092.json,,,,,
Daemontatox/Cogito-MIS,4.928385416666668,True,real_attachments/C_efficiency_evolution/detailed_results/Daemontatox_Cogito-MIS/results_2025-02-18T21-15-33.420905.json,,,,,
Daemontatox/CogitoDistil,4.802864583333334,True,real_attachments/C_efficiency_evolution/detailed_results/Daemontatox_CogitoDistil/results_2025-01-23T10-51-52.863988.json,,,,,
Daemontatox/CogitoZ,19.940885416666664,True,real_attachments/C_efficiency_evolution/detailed_results/Daemontatox_CogitoZ/results_2025-01-08T09-03-00.911977.json,19.940885416666664,chat_finetuned,39.383291042826805,2025-02-13,0.0
Daemontatox/CogitoZ14,9.067708333333334,True,real_attachments/C_efficiency_evolution/detailed_results/Daemontatox_CogitoZ14/results_2025-01-08T03-34-10.130534.json,,,,,
Daemontatox/DocumentCogito,8.597395833333335,True,real_attachments/C_efficiency_evolution/detailed_results/Daemontatox_DocumentCogito/results_2025-01-16T02-47-58.653318.json,8.597395833333335,other,24.220439046588428,2025-01-16,0.0
Daemontatox/Llama3.3-70B-CogniLink,21.395572916666662,True,real_attachments/C_efficiency_evolution/detailed_results/Daemontatox_Llama3.3-70B-CogniLink/results_2025-01-14T12-59-48.589114.json,21.395572916666666,chat_finetuned,42.774713549592235,2025-03-02,-3.552713678800501e-15
Daemontatox/Llama_cot,6.638281250000001,True,real_attachments/C_efficiency_evolution/detailed_results/Daemontatox_Llama_cot/results_2025-03-09T04-46-23.117014.json,,,,,
Daemontatox/MawaredT1,18.676041666666663,True,real_attachments/C_efficiency_evolution/detailed_results/Daemontatox_MawaredT1/results_2025-01-06T10-36-21.706918.json,18.676041666666663,chat_finetuned,29.231298221572775,2025-01-02,0.0
Daemontatox/Mini_QwQ,17.264583333333334,True,real_attachments/C_efficiency_evolution/detailed_results/Daemontatox_Mini_QwQ/results_2025-01-16T15-58-03.581284.json,,,,,
Daemontatox/NemoR,9.916927083333329,True,real_attachments/C_efficiency_evolution/detailed_results/Daemontatox_NemoR/results_2024-12-31T20-41-25.756485.json,,,,,
Daemontatox/PathFinderAI2.0,20.570312499999996,True,real_attachments/C_efficiency_evolution/detailed_results/Daemontatox_PathFinderAI2.0/results_2024-12-30T20-53-06.571859.json,10.961979166666666,chat_finetuned,36.25665231066442,2025-01-21,9.60833333333333
Daemontatox/PathFinderAi3.0,20.05260416666666,True,real_attachments/C_efficiency_evolution/detailed_results/Daemontatox_PathFinderAi3.0/results_2024-12-31T20-18-44.352719.json,20.05260416666666,chat_finetuned,40.45869427281298,2025-01-21,0.0
Daemontatox/PathfinderAI,20.829166666666662,True,real_attachments/C_efficiency_evolution/detailed_results/Daemontatox_PathfinderAI/results_2024-12-25T22-39-30.466377.json,20.829166666666666,chat_finetuned,38.13131352504059,2024-12-25,-3.552713678800501e-15
Daemontatox/Phi-4-COT,15.158333333333337,True,real_attachments/C_efficiency_evolution/detailed_results/Daemontatox_Phi-4-COT/results_2025-01-14T02-51-00.520335.json,,,,,
Daemontatox/PixelParse_AI,9.248437500000001,True,real_attachments/C_efficiency_evolution/detailed_results/Daemontatox_PixelParse_AI/results_2024-12-29T04-31-58.660338.json,9.2484375,other,22.92506088584278,2024-12-29,1.7763568394002505e-15
Daemontatox/RA2.0,9.373958333333333,True,real_attachments/C_efficiency_evolution/detailed_results/Daemontatox_RA2.0/results_2025-01-01T18-18-02.159312.json,,,,,
Daemontatox/RA_Reasoner,7.510937500000001,True,real_attachments/C_efficiency_evolution/detailed_results/Daemontatox_RA_Reasoner/results_2024-12-25T22-17-44.601562.json,7.510937500000001,chat_finetuned,29.208002590797037,2024-12-25,0.0
Daemontatox/RA_Reasoner2.0,7.177604166666669,True,real_attachments/C_efficiency_evolution/detailed_results/Daemontatox_RA_Reasoner2.0/results_2024-12-29T18-48-19.037398.json,7.177604166666669,chat_finetuned,29.039667218867848,2024-12-29,0.0
Daemontatox/ReasonTest,12.076041666666669,True,real_attachments/C_efficiency_evolution/detailed_results/Daemontatox_ReasonTest/results_2024-12-31T20-06-33.065277.json,,,,,
Daemontatox/Research_PathfinderAI,1.7578124999999993,True,real_attachments/C_efficiency_evolution/detailed_results/Daemontatox_Research_PathfinderAI/results_2025-02-24T17-46-32.815615.json,,,,,
Daemontatox/SphinX,12.695833333333333,True,real_attachments/C_efficiency_evolution/detailed_results/Daemontatox_SphinX/results_2024-12-31T20-16-02.475993.json,12.695833333333333,chat_finetuned,29.87478015820759,2024-12-31,0.0
Daemontatox/Sphinx2.0,13.053906249999997,True,real_attachments/C_efficiency_evolution/detailed_results/Daemontatox_Sphinx2.0/results_2024-12-30T15-58-05.484286.json,13.053906249999995,chat_finetuned,37.69418546772203,2024-12-30,1.7763568394002505e-15
Daemontatox/TinySphinx,1.5950520833333328,True,real_attachments/C_efficiency_evolution/detailed_results/Daemontatox_TinySphinx/results_2024-12-31T19-47-39.007434.json,,,,,
Daemontatox/TinySphinx2.0,1.3145833333333334,True,real_attachments/C_efficiency_evolution/detailed_results/Daemontatox_TinySphinx2.0/results_2024-12-31T19-44-34.193223.json,,,,,
Daemontatox/Zirel-7B-Math,18.597916666666666,True,real_attachments/C_efficiency_evolution/detailed_results/Daemontatox_Zirel-7B-Math/results_2025-02-28T23-12-53.666730.json,18.597916666666663,chat_finetuned,30.976625000031117,2025-02-28,3.552713678800501e-15
Daemontatox/Zirel_1.5,3.3265624999999996,True,real_attachments/C_efficiency_evolution/detailed_results/Daemontatox_Zirel_1.5/results_2025-03-04T12-01-01.254825.json,3.3265624999999996,chat_finetuned,14.2435063967499,2025-03-04,0.0
Daemontatox/mini-Cogito-R1,2.987239583333334,True,real_attachments/C_efficiency_evolution/detailed_results/Daemontatox_mini-Cogito-R1/results_2025-02-24T16-55-04.757962.json,2.987239583333334,chat_finetuned,11.629717650498435,2025-02-22,0.0
Daemontatox/mini_Pathfinder,4.8617187500000005,True,real_attachments/C_efficiency_evolution/detailed_results/Daemontatox_mini_Pathfinder/results_2025-01-20T21-31-43.950385.json,,,,,
Dampfinchen/Llama-3.1-8B-Ultra-Instruct,8.607031250000002,True,real_attachments/C_efficiency_evolution/detailed_results/Dampfinchen_Llama-3.1-8B-Ultra-Instruct/results_2024-09-02T16-31-28.146511.json,8.607031250000002,merge,30.159277021889153,2024-08-26,0.0
Danielbrdz/Barcenas-10b,10.316927083333335,True,real_attachments/C_efficiency_evolution/detailed_results/Danielbrdz_Barcenas-10b/results_2025-01-06T22-44-16.806373.json,10.316927083333336,chat_finetuned,31.870970597687858,2025-01-06,-1.7763568394002505e-15
Danielbrdz/Barcenas-14b-Phi-3-medium-ORPO,20.429166666666664,True,real_attachments/C_efficiency_evolution/detailed_results/Danielbrdz_Barcenas-14b-Phi-3-medium-ORPO/results_2024-08-12T10-50-02.852147.json,20.527083333333337,chat_finetuned,31.88950498581046,2024-08-13,-0.09791666666667354
Danielbrdz/Barcenas-14b-phi-4,24.24296875,True,real_attachments/C_efficiency_evolution/detailed_results/Danielbrdz_Barcenas-14b-phi-4/results_2025-01-26T19-24-19.048500.json,24.24296875,chat_finetuned,28.746056207730017,2025-01-26,0.0
Danielbrdz/Barcenas-14b-phi-4-v2,14.293489583333328,True,real_attachments/C_efficiency_evolution/detailed_results/Danielbrdz_Barcenas-14b-phi-4-v2/results_2025-02-05T01-03-56.203278.json,14.293489583333328,chat_finetuned,31.447866315089907,2025-02-05,0.0
Danielbrdz/Barcenas-3b-GRPO,6.065885416666667,True,real_attachments/C_efficiency_evolution/detailed_results/Danielbrdz_Barcenas-3b-GRPO/results_2025-02-24T21-04-06.645485.json,6.065885416666667,chat_finetuned,20.5654768779582,2025-02-08,0.0
Danielbrdz/Barcenas-Llama3-8b-ORPO,11.169791666666669,True,real_attachments/C_efficiency_evolution/detailed_results/Danielbrdz_Barcenas-Llama3-8b-ORPO/results_2024-07-30T05-19-20.813390.json,,,,,
Danielbrdz/Barcenas-R1-Qwen-1.5b,3.832291666666668,True,real_attachments/C_efficiency_evolution/detailed_results/Danielbrdz_Barcenas-R1-Qwen-1.5b/results_2025-01-26T19-17-19.771431.json,3.832291666666668,chat_finetuned,15.138858570183295,2025-01-26,0.0
Dans-DiscountModels/12b-mn-dans-reasoning-test-2,3.944010416666668,True,real_attachments/C_efficiency_evolution/detailed_results/Dans-DiscountModels_12b-mn-dans-reasoning-test-2/results_2025-03-07T23-17-49.989635.json,,,,,
Dans-DiscountModels/12b-mn-dans-reasoning-test-3,10.995052083333334,True,real_attachments/C_efficiency_evolution/detailed_results/Dans-DiscountModels_12b-mn-dans-reasoning-test-3/results_2025-03-10T00-55-26.687847.json,,,,,
Dans-DiscountModels/Dans-Instruct-CoreCurriculum-12b-ChatML,12.07786458333333,True,real_attachments/C_efficiency_evolution/detailed_results/Dans-DiscountModels_Dans-Instruct-CoreCurriculum-12b-ChatML/results_2024-09-05T05-25-31.840107.json,5.712760416666669,chat_finetuned,13.542857676063695,2024-09-04,6.3651041666666615
Dans-DiscountModels/Dans-Instruct-Mix-8b-ChatML,9.677864583333335,True,real_attachments/C_efficiency_evolution/detailed_results/Dans-DiscountModels_Dans-Instruct-Mix-8b-ChatML/results_2024-09-16T04-36-47.830370.json,,,,,
Dans-DiscountModels/Dans-Instruct-Mix-8b-ChatML-V0.1.0,8.122916666666667,True,real_attachments/C_efficiency_evolution/detailed_results/Dans-DiscountModels_Dans-Instruct-Mix-8b-ChatML-V0.1.0/results_2024-09-21T05-00-02.509113.json,,,,,
Dans-DiscountModels/Dans-Instruct-Mix-8b-ChatML-V0.1.1,7.811197916666667,True,real_attachments/C_efficiency_evolution/detailed_results/Dans-DiscountModels_Dans-Instruct-Mix-8b-ChatML-V0.1.1/results_2024-09-23T12-04-51.145255.json,,,,,
Dans-DiscountModels/Dans-Instruct-Mix-8b-ChatML-V0.2.0,3.755989583333333,True,real_attachments/C_efficiency_evolution/detailed_results/Dans-DiscountModels_Dans-Instruct-Mix-8b-ChatML-V0.2.0/results_2024-09-30T09-20-31.787829.json,,,,,
Dans-DiscountModels/Mistral-7b-v0.3-Test-E0.7,8.030468749999999,True,real_attachments/C_efficiency_evolution/detailed_results/Dans-DiscountModels_Mistral-7b-v0.3-Test-E0.7/results_2024-11-17T23-39-37.800317.json,,,,,
Dans-DiscountModels/mistral-7b-test-merged,2.987239583333334,True,real_attachments/C_efficiency_evolution/detailed_results/Dans-DiscountModels_mistral-7b-test-merged/results_2024-11-27T06-47-09.799669.json,4.3578125000000005,chat_finetuned,22.073339331094914,2024-11-30,-1.3705729166666667
Darkknight535/OpenCrystal-12B-L3,5.740364583333334,True,real_attachments/C_efficiency_evolution/detailed_results/Darkknight535_OpenCrystal-12B-L3/results_2024-09-03T01-29-38.043440.json,,,,,
DavidAU/DeepHermes-3-Llama-3-8B-Preview-16.5B-Brainstorm,10.830989583333334,True,real_attachments/C_efficiency_evolution/detailed_results/DavidAU_DeepHermes-3-Llama-3-8B-Preview-16.5B-Brainstorm/results_2025-03-10T04-29-31.276484.json,,,,,
DavidAU/DeepSeek-BlackRoot-R1-Distill-Llama-3.1-8B,12.397395833333334,True,real_attachments/C_efficiency_evolution/detailed_results/DavidAU_DeepSeek-BlackRoot-R1-Distill-Llama-3.1-8B/results_2025-03-10T03-34-45.491804.json,,,,,
DavidAU/DeepSeek-Grand-Horror-SMB-R1-Distill-Llama-3.1-16B,10.289322916666668,True,real_attachments/C_efficiency_evolution/detailed_results/DavidAU_DeepSeek-Grand-Horror-SMB-R1-Distill-Llama-3.1-16B/results_2025-03-10T05-04-21.696996.json,,,,,
DavidAU/DeepSeek-MOE-4X8B-R1-Distill-Llama-3.1-Deep-Thinker-Uncensored-24B,13.220833333333331,True,real_attachments/C_efficiency_evolution/detailed_results/DavidAU_DeepSeek-MOE-4X8B-R1-Distill-Llama-3.1-Deep-Thinker-Uncensored-24B/results_2025-03-10T04-45-27.408239.json,,,,,
DavidAU/DeepSeek-MOE-4X8B-R1-Distill-Llama-3.1-Mad-Scientist-24B,11.78541666666667,True,real_attachments/C_efficiency_evolution/detailed_results/DavidAU_DeepSeek-MOE-4X8B-R1-Distill-Llama-3.1-Mad-Scientist-24B/results_2025-03-10T04-48-15.064174.json,,,,,
DavidAU/DeepSeek-R1-Distill-Qwen-25.5B-Brainstorm,25.238802083333326,True,real_attachments/C_efficiency_evolution/detailed_results/DavidAU_DeepSeek-R1-Distill-Qwen-25.5B-Brainstorm/results_2025-03-10T06-34-12.025015.json,,,,,
DavidAU/DeepSeek-V2-Grand-Horror-SMB-R1-Distill-Llama-3.1-Uncensored-16.5B,10.734375,True,real_attachments/C_efficiency_evolution/detailed_results/DavidAU_DeepSeek-V2-Grand-Horror-SMB-R1-Distill-Llama-3.1-Uncensored-16.5B/results_2025-03-10T05-06-15.045531.json,,,,,
DavidAU/DeepThought-MOE-8X3B-R1-Llama-3.2-Reasoning-18B,6.197395833333332,True,real_attachments/C_efficiency_evolution/detailed_results/DavidAU_DeepThought-MOE-8X3B-R1-Llama-3.2-Reasoning-18B/results_2025-03-10T05-04-45.792108.json,,,,,
DavidAU/Gemma-The-Writer-9B,10.134375,True,real_attachments/C_efficiency_evolution/detailed_results/DavidAU_Gemma-The-Writer-9B/results_2025-01-14T03-35-46.382052.json,,,,,
DavidAU/Gemma-The-Writer-DEADLINE-10B,10.79140625,True,real_attachments/C_efficiency_evolution/detailed_results/DavidAU_Gemma-The-Writer-DEADLINE-10B/results_2025-01-14T04-00-14.444095.json,,,,,
DavidAU/Gemma-The-Writer-J.GutenBerg-10B,10.665885416666667,True,real_attachments/C_efficiency_evolution/detailed_results/DavidAU_Gemma-The-Writer-J.GutenBerg-10B/results_2025-01-14T03-56-59.713142.json,,,,,
DavidAU/Gemma-The-Writer-Mighty-Sword-9B,10.363802083333335,True,real_attachments/C_efficiency_evolution/detailed_results/DavidAU_Gemma-The-Writer-Mighty-Sword-9B/results_2025-01-14T03-13-25.874400.json,,,,,
DavidAU/Gemma-The-Writer-N-Restless-Quill-10B-Uncensored,10.407031250000001,True,real_attachments/C_efficiency_evolution/detailed_results/DavidAU_Gemma-The-Writer-N-Restless-Quill-10B-Uncensored/results_2025-01-14T03-26-20.349500.json,,,,,
DavidAU/L3-DARKEST-PLANET-16.5B,7.253906249999997,True,real_attachments/C_efficiency_evolution/detailed_results/DavidAU_L3-DARKEST-PLANET-16.5B/results_2025-01-14T03-40-51.254747.json,,,,,
DavidAU/L3-Dark-Planet-8B,6.332552083333334,True,real_attachments/C_efficiency_evolution/detailed_results/DavidAU_L3-Dark-Planet-8B/results_2024-09-14T01-22-26.219344.json,,,,,
DavidAU/L3-Jamet-12.2B-MK.V-Blackroot-Instruct,8.312760416666668,True,real_attachments/C_efficiency_evolution/detailed_results/DavidAU_L3-Jamet-12.2B-MK.V-Blackroot-Instruct/results_2024-09-11T18-30-00.046087.json,,,,,
DavidAU/L3-Lumimaid-12.2B-v0.1-OAS-Instruct,11.26171875,True,real_attachments/C_efficiency_evolution/detailed_results/DavidAU_L3-Lumimaid-12.2B-v0.1-OAS-Instruct/results_2024-09-14T01-49-45.517798.json,,,,,
DavidAU/L3-SMB-Instruct-12.2B-F32,9.624479166666669,True,real_attachments/C_efficiency_evolution/detailed_results/DavidAU_L3-SMB-Instruct-12.2B-F32/results_2024-09-14T01-44-45.928610.json,,,,,
DavidAU/L3-Stheno-Maid-Blackroot-Grand-HORROR-16B,8.555989583333334,True,real_attachments/C_efficiency_evolution/detailed_results/DavidAU_L3-Stheno-Maid-Blackroot-Grand-HORROR-16B/results_2024-09-10T01-41-23.314602.json,,,,,
DavidAU/L3-Stheno-v3.2-12.2B-Instruct,10.314583333333333,True,real_attachments/C_efficiency_evolution/detailed_results/DavidAU_L3-Stheno-v3.2-12.2B-Instruct/results_2024-09-14T01-49-00.730479.json,,,,,
DavidAU/L3.1-Dark-Planet-SpinFire-Uncensored-8B,2.498958333333334,True,real_attachments/C_efficiency_evolution/detailed_results/DavidAU_L3.1-Dark-Planet-SpinFire-Uncensored-8B/results_2025-01-13T16-26-31.175383.json,,,,,
DavidAU/L3.1-MOE-2X8B-Deepseek-DeepHermes-e32-uncensored-abliterated-13.7B,7.458072916666668,True,real_attachments/C_efficiency_evolution/detailed_results/DavidAU_L3.1-MOE-2X8B-Deepseek-DeepHermes-e32-uncensored-abliterated-13.7B/results_2025-03-10T03-23-45.418230.json,,,,,
DavidAU/Qwen2.5-MOE-2X1.5B-DeepSeek-Uncensored-Censored-4B,4.565625000000001,True,real_attachments/C_efficiency_evolution/detailed_results/DavidAU_Qwen2.5-MOE-2X1.5B-DeepSeek-Uncensored-Censored-4B/results_2025-03-10T03-21-01.285602.json,,,,,
DavidAU/Qwen2.5-MOE-2X7B-DeepSeek-Abliterated-Censored-19B,5.653906249999999,True,real_attachments/C_efficiency_evolution/detailed_results/DavidAU_Qwen2.5-MOE-2X7B-DeepSeek-Abliterated-Censored-19B/results_2025-03-10T04-01-27.449634.json,,,,,
DavidAU/Qwen2.5-MOE-6x1.5B-DeepSeek-Reasoning-e32,3.2226562499999996,True,real_attachments/C_efficiency_evolution/detailed_results/DavidAU_Qwen2.5-MOE-6x1.5B-DeepSeek-Reasoning-e32/results_2025-03-10T04-10-10.425547.json,,,,,
Davidsv/SUONG-1,4.185416666666667,True,real_attachments/C_efficiency_evolution/detailed_results/Davidsv_SUONG-1/results_2025-02-24T16-35-20.128773.json,,,,,
DavieLion/Llama-3.2-1B-SPIN-iter0,2.7343749999999996,True,real_attachments/C_efficiency_evolution/detailed_results/DavieLion_Llama-3.2-1B-SPIN-iter0/results_2024-12-29T02-42-14.122225.json,2.7343749999999996,chat_finetuned,3.6238167467938993,2024-12-29,0.0
DavieLion/Llama-3.2-1B-SPIN-iter1,2.675520833333333,True,real_attachments/C_efficiency_evolution/detailed_results/DavieLion_Llama-3.2-1B-SPIN-iter1/results_2024-12-29T07-27-12.916238.json,2.675520833333333,chat_finetuned,3.751974857416858,2024-12-29,0.0
DavieLion/Llama-3.2-1B-SPIN-iter2,2.512760416666666,True,real_attachments/C_efficiency_evolution/detailed_results/DavieLion_Llama-3.2-1B-SPIN-iter2/results_2024-12-29T09-28-09.319125.json,2.512760416666666,chat_finetuned,3.658145708347315,2024-12-29,0.0
DavieLion/Llama-3.2-1B-SPIN-iter3,2.512760416666666,True,real_attachments/C_efficiency_evolution/detailed_results/DavieLion_Llama-3.2-1B-SPIN-iter3/results_2024-12-29T06-27-51.383742.json,2.512760416666666,chat_finetuned,3.593140598286666,2024-12-29,0.0
DavieLion/Lllma-3.2-1B,3.0598958333333326,True,real_attachments/C_efficiency_evolution/detailed_results/DavieLion_Lllma-3.2-1B/results_2024-12-27T07-42-34.986242.json,3.0598958333333326,chat_finetuned,3.932331961262434,2024-12-27,0.0
DebateLabKIT/Llama-3.1-Argunaut-1-8B-SFT,15.854427083333333,True,real_attachments/C_efficiency_evolution/detailed_results/DebateLabKIT_Llama-3.1-Argunaut-1-8B-SFT/results_2025-01-02T23-42-32.363726.json,15.854427083333333,chat_finetuned,24.113556306971883,2025-01-02,0.0
Deci/DeciLM-7B,13.0484375,True,real_attachments/C_efficiency_evolution/detailed_results/Deci_DeciLM-7B/results_2024-06-16T21-49-06.071553.json,13.0484375,pretrained,15.023477940437223,2024-06-12,0.0
Deci/DeciLM-7B-instruct,5.985416666666667,True,real_attachments/C_efficiency_evolution/detailed_results/Deci_DeciLM-7B-instruct/results_2024-06-16T21-50-32.589302.json,5.985416666666667,chat_finetuned,17.470092220993035,2024-06-12,0.0
DeepAutoAI/Explore_Llama-3.1-8B-Inst,9.63645833333333,True,real_attachments/C_efficiency_evolution/detailed_results/DeepAutoAI_Explore_Llama-3.1-8B-Inst/results_2024-09-21T17-34-15.250414.json,9.63645833333333,merge,28.926700693431915,2024-10-09,0.0
DeepAutoAI/Explore_Llama-3.2-1B-Inst,1.0929687500000003,True,real_attachments/C_efficiency_evolution/detailed_results/DeepAutoAI_Explore_Llama-3.2-1B-Inst/results_2024-10-07T07-57-21.365937.json,1.359635416666667,merge,13.897376870733368,2024-10-09,-0.26666666666666683
DeepAutoAI/Explore_Llama-3.2-1B-Inst_v0,0.45572916666666624,True,real_attachments/C_efficiency_evolution/detailed_results/DeepAutoAI_Explore_Llama-3.2-1B-Inst_v0/results_2024-10-08T11-14-35.125813.json,,,,,
DeepAutoAI/Explore_Llama-3.2-1B-Inst_v1,5.1950520833333345,True,real_attachments/C_efficiency_evolution/detailed_results/DeepAutoAI_Explore_Llama-3.2-1B-Inst_v1/results_2024-10-09T10-26-35.079919.json,5.1950520833333345,merge,10.921433609301348,2024-10-08,0.0
DeepAutoAI/Explore_Llama-3.2-1B-Inst_v1.1,4.053906250000002,True,real_attachments/C_efficiency_evolution/detailed_results/DeepAutoAI_Explore_Llama-3.2-1B-Inst_v1.1/results_2024-10-09T10-29-37.972649.json,0.6635416666666667,merge,14.311829325717667,2024-10-17,3.390364583333335
DeepAutoAI/causal_gpt2,12.103125,True,real_attachments/C_efficiency_evolution/detailed_results/DeepAutoAI_causal_gpt2/results_2024-10-17T06-14-28.690757.json,,,,,
DeepAutoAI/d2nwg_Llama-3.1-8B-Instruct-v0.0,10.983593749999997,True,real_attachments/C_efficiency_evolution/detailed_results/DeepAutoAI_d2nwg_Llama-3.1-8B-Instruct-v0.0/results_2024-09-12T00-17-43.652795.json,,,,,
DeepAutoAI/d2nwg_causal_gpt2,12.681510416666669,True,real_attachments/C_efficiency_evolution/detailed_results/DeepAutoAI_d2nwg_causal_gpt2/results_2024-10-18T01-36-00.225326.json,,,,,
DeepAutoAI/d2nwg_causal_gpt2_v1,13.244270833333333,True,real_attachments/C_efficiency_evolution/detailed_results/DeepAutoAI_d2nwg_causal_gpt2_v1/results_2024-10-18T17-39-39.780270.json,,,,,
DeepAutoAI/ldm_soup_Llama-3.1-8B-Inst,11.51692708333333,True,real_attachments/C_efficiency_evolution/detailed_results/DeepAutoAI_ldm_soup_Llama-3.1-8B-Inst/results_2024-09-17T16-53-14.508118.json,11.51692708333333,merge,29.85905810866196,2024-10-09,0.0
DeepAutoAI/ldm_soup_Llama-3.1-8B-Instruct-v0.0,11.51692708333333,True,real_attachments/C_efficiency_evolution/detailed_results/DeepAutoAI_ldm_soup_Llama-3.1-8B-Instruct-v0.0/results_2024-09-16T00-55-20.303513.json,,,,,
DeepAutoAI/ldm_soup_Llama-3.1-8B-Instruct-v0.1,11.51692708333333,True,real_attachments/C_efficiency_evolution/detailed_results/DeepAutoAI_ldm_soup_Llama-3.1-8B-Instruct-v0.1/results_2024-09-16T11-07-45.732075.json,,,,,
DeepMount00/Lexora-Lite-3B,7.942187500000003,True,real_attachments/C_efficiency_evolution/detailed_results/DeepMount00_Lexora-Lite-3B/results_2024-10-20T17-04-44.753677.json,,,,,
DeepMount00/Lexora-Lite-3B_v2,5.669531250000002,True,real_attachments/C_efficiency_evolution/detailed_results/DeepMount00_Lexora-Lite-3B_v2/results_2025-02-26T01-20-11.246594.json,,,,,
DeepMount00/Lexora-Medium-7B,14.760156250000001,True,real_attachments/C_efficiency_evolution/detailed_results/DeepMount00_Lexora-Medium-7B/results_2024-09-24T13-30-06.561197.json,14.76015625,chat_finetuned,25.83719802694387,2024-09-24,1.7763568394002505e-15
DeepMount00/Llama-3-8b-Ita,11.6796875,True,real_attachments/C_efficiency_evolution/detailed_results/DeepMount00_Llama-3-8b-Ita/results_2024-08-13T04-33-17.994268.json,11.6796875,chat_finetuned,26.7968164089867,2024-06-27,0.0
DeepMount00/Llama-3.1-8b-Ita,15.156510416666663,True,real_attachments/C_efficiency_evolution/detailed_results/DeepMount00_Llama-3.1-8b-ITA/results_2025-02-13T18-27-04.338360.json,,,,,
DeepMount00/Llama-3.1-Distilled,10.126562499999997,True,real_attachments/C_efficiency_evolution/detailed_results/DeepMount00_Llama-3.1-Distilled/results_2024-10-25T16-30-54.674107.json,10.126562499999997,chat_finetuned,29.631398468956544,2024-10-25,0.0
DeepMount00/Qwen2-1.5B-Ita,1.0635416666666688,True,real_attachments/C_efficiency_evolution/detailed_results/DeepMount00_Qwen2-1.5B-Ita/results_2025-02-28T20-55-59.716664.json,1.0635416666666688,chat_finetuned,16.83176132950784,2025-02-28,0.0
DeepMount00/Qwen2-1.5B-Ita_v2,3.840104166666667,True,real_attachments/C_efficiency_evolution/detailed_results/DeepMount00_Qwen2-1.5B-Ita_v2/results_2025-03-06T07-46-27.142642.json,3.840104166666667,chat_finetuned,17.07000871129109,2025-03-06,0.0
DeepMount00/Qwen2-1.5B-Ita_v3,4.269531250000001,True,real_attachments/C_efficiency_evolution/detailed_results/DeepMount00_Qwen2-1.5B-Ita_v3/results_2025-03-06T09-07-19.003105.json,4.269531250000001,chat_finetuned,16.948513223691304,2025-03-06,0.0
DeepMount00/Qwen2-1.5B-Ita_v5,1.847916666666667,True,real_attachments/C_efficiency_evolution/detailed_results/DeepMount00_Qwen2-1.5B-Ita_v5/results_2025-03-10T13-52-00.461153.json,1.847916666666667,chat_finetuned,17.023240512569227,2025-03-10,0.0
DeepMount00/Qwen2-1.5B-Ita_v6,4.765625000000001,True,real_attachments/C_efficiency_evolution/detailed_results/DeepMount00_Qwen2-1.5B-Ita_v6/results_2025-03-10T16-42-48.688447.json,,,,,
DeepMount00/Qwen2.5-7B-Instruct-MathCoder,5.379427083333334,True,real_attachments/C_efficiency_evolution/detailed_results/DeepMount00_Qwen2.5-7B-Instruct-MathCoder/results_2024-10-25T16-48-55.371157.json,,,,,
DeepMount00/mergekit-ties-okvgjfz,5.379427083333334,True,real_attachments/C_efficiency_evolution/detailed_results/DeepMount00_mergekit-ties-okvgjfz/results_2024-10-25T16-48-46.916487.json,,,,,
Delta-Vector/Baldur-8B,14.011197916666665,True,real_attachments/C_efficiency_evolution/detailed_results/Delta-Vector_Baldur-8B/results_2024-10-06T23-26-24.662364.json,,,,,
Delta-Vector/Control-8B,13.209374999999994,True,real_attachments/C_efficiency_evolution/detailed_results/Delta-Vector_Control-8B/results_2024-11-25T22-58-23.311876.json,,,,,
Delta-Vector/Control-8B-V1.1,11.232812500000001,True,real_attachments/C_efficiency_evolution/detailed_results/Delta-Vector_Control-8B-V1.1/results_2024-11-25T22-59-39.146282.json,,,,,
Delta-Vector/Darkens-8B,9.019010416666667,True,real_attachments/C_efficiency_evolution/detailed_results/Delta-Vector_Darkens-8B/results_2024-10-06T23-43-28.378749.json,,,,,
Delta-Vector/Henbane-7b-attempt2,8.701302083333335,True,real_attachments/C_efficiency_evolution/detailed_results/Delta-Vector_Henbane-7b-attempt2/results_2024-10-11T04-26-22.219154.json,8.701302083333335,chat_finetuned,23.813949980028713,2024-10-11,0.0
Delta-Vector/Odin-9B,17.56432291666666,True,real_attachments/C_efficiency_evolution/detailed_results/Delta-Vector_Odin-9B/results_2024-10-07T06-28-49.718610.json,,,,,
Delta-Vector/Tor-8B,8.819010416666666,True,real_attachments/C_efficiency_evolution/detailed_results/Delta-Vector_Tor-8B/results_2024-10-07T05-32-42.968657.json,,,,,
DevQuasar/DevQuasar-R1-Uncensored-Llama-8B,14.779947916666664,True,real_attachments/C_efficiency_evolution/detailed_results/DevQuasar_DevQuasar-R1-Uncensored-Llama-8B/results_2025-02-24T21-08-11.864665.json,14.779947916666664,merge,26.432648640760963,2025-02-09,0.0
Dongwei/DeepSeek-R1-Distill-Qwen-7B-GRPO,3.5518229166666675,True,real_attachments/C_efficiency_evolution/detailed_results/Dongwei_DeepSeek-R1-Distill-Qwen-7B-GRPO/results_2025-02-05T21-39-58.605765.json,,,,,
DoppelReflEx/L3-8B-R1-WolfCore,12.358333333333329,True,real_attachments/C_efficiency_evolution/detailed_results/DoppelReflEx_L3-8B-R1-WolfCore/results_2025-02-28T08-19-11.374461.json,12.358333333333327,merge,23.481232873269377,2025-02-28,1.7763568394002505e-15
DoppelReflEx/L3-8B-R1-WolfCore-V1.5-test,8.375781250000001,True,real_attachments/C_efficiency_evolution/detailed_results/DoppelReflEx_L3-8B-R1-WolfCore-V1.5-test/results_2025-03-01T06-02-01.732045.json,,,,,
DoppelReflEx/L3-8B-WolfCore,7.693489583333334,True,real_attachments/C_efficiency_evolution/detailed_results/DoppelReflEx_L3-8B-WolfCore/results_2025-02-28T15-09-48.824639.json,,,,,
DoppelReflEx/MN-12B-FoxFrame-test,13.042447916666667,True,real_attachments/C_efficiency_evolution/detailed_results/DoppelReflEx_MN-12B-FoxFrame-test/results_2025-02-06T06-23-45.550962.json,,,,,
DoppelReflEx/MN-12B-FoxFrame2-test,12.448437499999997,True,real_attachments/C_efficiency_evolution/detailed_results/DoppelReflEx_MN-12B-FoxFrame2-test/results_2025-02-18T20-23-38.255325.json,12.448437499999995,merge,23.639728527998752,2025-02-08,1.7763568394002505e-15
DoppelReflEx/MN-12B-FoxFrame3-test,18.270052083333333,True,real_attachments/C_efficiency_evolution/detailed_results/DoppelReflEx_MN-12B-FoxFrame3-test/results_2025-02-18T20-33-24.161176.json,18.270052083333333,merge,23.94718793396009,2025-02-08,0.0
DoppelReflEx/MN-12B-Kakigori,9.352343750000001,True,real_attachments/C_efficiency_evolution/detailed_results/DoppelReflEx_MN-12B-Kakigori/results_2025-01-29T06-05-49.129207.json,9.35234375,merge,21.69773317205639,2025-01-29,1.7763568394002505e-15
DoppelReflEx/MN-12B-LilithFrame,9.428645833333329,True,real_attachments/C_efficiency_evolution/detailed_results/DoppelReflEx_MN-12B-LilithFrame/results_2025-01-29T06-14-21.361820.json,,,,,
DoppelReflEx/MN-12B-LilithFrame-Experiment-2,8.822656249999996,True,real_attachments/C_efficiency_evolution/detailed_results/DoppelReflEx_MN-12B-LilithFrame-Experiment-2/results_2025-01-29T09-38-43.090670.json,,,,,
DoppelReflEx/MN-12B-LilithFrame-Experiment-3,9.781770833333335,True,real_attachments/C_efficiency_evolution/detailed_results/DoppelReflEx_MN-12B-LilithFrame-Experiment-3/results_2025-01-30T03-11-48.420023.json,,,,,
DoppelReflEx/MN-12B-LilithFrame-Experiment-4,14.966145833333334,True,real_attachments/C_efficiency_evolution/detailed_results/DoppelReflEx_MN-12B-LilithFrame-Experiment-4/results_2025-02-01T07-44-15.589128.json,14.966145833333334,merge,23.52862068050267,2025-01-30,0.0
DoppelReflEx/MN-12B-Mimicore-GreenSnake,13.589583333333332,True,real_attachments/C_efficiency_evolution/detailed_results/DoppelReflEx_MN-12B-Mimicore-GreenSnake/results_2025-01-27T04-06-45.582696.json,13.589583333333332,merge,25.0150134402288,2025-01-27,0.0
DoppelReflEx/MN-12B-Mimicore-Nocturne,17.31328125,True,real_attachments/C_efficiency_evolution/detailed_results/DoppelReflEx_MN-12B-Mimicore-Nocturne/results_2025-03-09T01-56-11.380620.json,17.31328125,merge,24.06630184974314,2025-03-09,0.0
DoppelReflEx/MN-12B-Mimicore-Orochi,17.256249999999998,True,real_attachments/C_efficiency_evolution/detailed_results/DoppelReflEx_MN-12B-Mimicore-Orochi/results_2025-01-28T04-52-13.925053.json,17.256249999999998,merge,24.652222849504522,2025-01-28,0.0
DoppelReflEx/MN-12B-Mimicore-Orochi-v2-Experiment,18.205208333333335,True,real_attachments/C_efficiency_evolution/detailed_results/DoppelReflEx_MN-12B-Mimicore-Orochi-v2-Experiment/results_2025-01-28T07-33-29.878696.json,,,,,
DoppelReflEx/MN-12B-Mimicore-Orochi-v3-Experiment,15.773958333333335,True,real_attachments/C_efficiency_evolution/detailed_results/DoppelReflEx_MN-12B-Mimicore-Orochi-v3-Experiment/results_2025-01-28T08-45-35.014563.json,,,,,
DoppelReflEx/MN-12B-Mimicore-Orochi-v4-Experiment,15.483854166666667,True,real_attachments/C_efficiency_evolution/detailed_results/DoppelReflEx_MN-12B-Mimicore-Orochi-v4-Experiment/results_2025-01-28T11-41-49.522671.json,,,,,
DoppelReflEx/MN-12B-Mimicore-WhiteSnake,17.34270833333333,True,real_attachments/C_efficiency_evolution/detailed_results/DoppelReflEx_MN-12B-Mimicore-WhiteSnake/results_2025-01-27T04-00-36.616405.json,17.34270833333333,merge,25.058560008551854,2025-01-27,0.0
DoppelReflEx/MN-12B-Mimicore-WhiteSnake-v2-Experiment-1,8.303124999999996,True,real_attachments/C_efficiency_evolution/detailed_results/DoppelReflEx_MN-12B-Mimicore-WhiteSnake-v2-Experiment-1/results_2025-01-29T01-43-28.326883.json,,,,,
DoppelReflEx/MN-12B-Mimicore-WhiteSnake-v2-Experiment-2,11.458072916666666,True,real_attachments/C_efficiency_evolution/detailed_results/DoppelReflEx_MN-12B-Mimicore-WhiteSnake-v2-Experiment-2/results_2025-01-29T02-00-09.948353.json,,,,,
DoppelReflEx/MN-12B-Mimicore-WhiteSnake-v2-Experiment-3,7.918749999999996,True,real_attachments/C_efficiency_evolution/detailed_results/DoppelReflEx_MN-12B-Mimicore-WhiteSnake-v2-Experiment-3/results_2025-01-29T01-52-03.291596.json,,,,,
DoppelReflEx/MN-12B-Mimicore-WhiteSnake-v2-Experiment-4,11.458072916666666,True,real_attachments/C_efficiency_evolution/detailed_results/DoppelReflEx_MN-12B-Mimicore-WhiteSnake-v2-Experiment-4/results_2025-01-29T02-06-49.274720.json,11.458072916666666,merge,21.794341198490546,2025-01-29,0.0
DoppelReflEx/MN-12B-Unleashed-Twilight,14.499479166666667,True,real_attachments/C_efficiency_evolution/detailed_results/DoppelReflEx_MN-12B-Unleashed-Twilight/results_2025-02-24T16-40-04.762595.json,,,,,
DoppelReflEx/MN-12B-WolFrame,10.716927083333331,True,real_attachments/C_efficiency_evolution/detailed_results/DoppelReflEx_MN-12B-WolFrame/results_2025-02-01T13-32-06.626014.json,10.716927083333331,merge,22.078719684057372,2025-02-01,0.0
DoppelReflEx/MiniusLight-24B,12.989583333333329,True,real_attachments/C_efficiency_evolution/detailed_results/DoppelReflEx_MiniusLight-24B/results_2025-03-04T03-48-41.345537.json,12.989583333333329,merge,26.210340083042343,2025-03-04,0.0
DoppelReflEx/MiniusLight-24B-test,9.32291666666667,True,real_attachments/C_efficiency_evolution/detailed_results/DoppelReflEx_MiniusLight-24B-test/results_2025-03-04T04-36-04.245444.json,,,,,
DoppelReflEx/MiniusLight-24B-v1b-test,16.032812500000002,True,real_attachments/C_efficiency_evolution/detailed_results/DoppelReflEx_MiniusLight-24B-v1b-test/results_2025-03-04T05-07-42.130665.json,,,,,
DoppelReflEx/MiniusLight-24B-v1c-test,16.860416666666666,True,real_attachments/C_efficiency_evolution/detailed_results/DoppelReflEx_MiniusLight-24B-v1c-test/results_2025-03-04T19-39-54.628918.json,16.860416666666666,merge,34.40831757695809,2025-03-04,0.0
DoppelReflEx/MiniusLight-24B-v1d-test,16.727083333333333,True,real_attachments/C_efficiency_evolution/detailed_results/DoppelReflEx_MiniusLight-24B-v1d-test/results_2025-03-07T08-10-57.040104.json,16.727083333333333,merge,34.681949426054764,2025-03-07,0.0
DreadPoor/Again-8B-Model_Stock,8.701302083333335,True,real_attachments/C_efficiency_evolution/detailed_results/DreadPoor_Again-8B-Model_Stock/results_2024-12-18T05-38-04.604621.json,,,,,
DreadPoor/Alita99-8B-LINEAR,12.930729166666667,True,real_attachments/C_efficiency_evolution/detailed_results/DreadPoor_Alita99-8B-LINEAR/results_2024-11-26T09-13-36.210728.json,12.930729166666667,merge,29.392264436250034,2024-11-26,0.0
DreadPoor/AnotherTest,11.42682291666666,True,real_attachments/C_efficiency_evolution/detailed_results/DreadPoor_AnotherTest/results_2025-01-29T02-35-35.598992.json,,,,,
DreadPoor/Aspire-8B-model_stock,13.456249999999997,True,real_attachments/C_efficiency_evolution/detailed_results/DreadPoor_Aspire-8B-model_stock/results_2024-09-18T14-56-50.576279.json,13.456249999999995,merge,28.61128169114251,2024-09-17,1.7763568394002505e-15
DreadPoor/Aspire_1.3-8B_model-stock,12.240624999999996,True,real_attachments/C_efficiency_evolution/detailed_results/DreadPoor_Aspire_1.3-8B_model-stock/results_2024-11-06T17-49-07.924455.json,,,,,
DreadPoor/Aspire_V2-8B-Model_Stock,10.138541666666663,True,real_attachments/C_efficiency_evolution/detailed_results/DreadPoor_Aspire_V2-8B-Model_Stock/results_2025-02-13T18-27-04.338360.json,,,,,
DreadPoor/Aspire_V2.1-8B-Model_Stock,11.13255208333333,True,real_attachments/C_efficiency_evolution/detailed_results/DreadPoor_Aspire_V2.1-8B-Model_Stock/results_2025-02-13T18-27-04.338360.json,,,,,
DreadPoor/Aspire_V2_ALT-8B-Model_Stock,10.554166666666664,True,real_attachments/C_efficiency_evolution/detailed_results/DreadPoor_Aspire_V2_ALT-8B-Model_Stock/results_2025-02-13T18-27-04.338360.json,,,,,
DreadPoor/Aspire_V2_ALT_ROW-8B-Model_Stock,10.554166666666664,True,real_attachments/C_efficiency_evolution/detailed_results/DreadPoor_Aspire_V2_ALT_ROW-8B-Model_Stock/results_2025-02-13T18-27-04.338360.json,,,,,
DreadPoor/Aspire_V3-8B-Model_Stock,11.620833333333332,True,real_attachments/C_efficiency_evolution/detailed_results/DreadPoor_Aspire_V3-8B-Model_Stock/results_2025-02-13T18-27-04.338360.json,,,,,
DreadPoor/Aspire_V4-8B-Model_Stock,9.442447916666662,True,real_attachments/C_efficiency_evolution/detailed_results/DreadPoor_Aspire_V4-8B-Model_Stock/results_2025-02-13T18-27-04.338360.json,,,,,
DreadPoor/Aspire_V4_ALT-8B-Model_Stock,10.405208333333329,True,real_attachments/C_efficiency_evolution/detailed_results/DreadPoor_Aspire_V4_ALT-8B-Model_Stock/results_2025-02-13T18-27-04.338360.json,,,,,
DreadPoor/Asymmetric_Linearity-8B-Model_Stock,12.226822916666663,True,real_attachments/C_efficiency_evolution/detailed_results/DreadPoor_Asymmetric_Linearity-8B-Model_Stock/results_2025-02-13T18-27-04.338360.json,,,,,
DreadPoor/Aurora_faustus-8B-LINEAR,12.389583333333329,True,real_attachments/C_efficiency_evolution/detailed_results/DreadPoor_Aurora_faustus-8B-LINEAR/results_2025-02-13T18-27-04.338360.json,12.389583333333327,merge,29.619908170064097,2024-09-26,1.7763568394002505e-15
DreadPoor/Aurora_faustus-8B-LORABLATED,13.781770833333331,True,real_attachments/C_efficiency_evolution/detailed_results/DreadPoor_Aurora_faustus-8B-LORABLATED/results_2025-02-13T18-27-04.338360.json,,,,,
DreadPoor/Aurora_faustus-8B-LORABLATED_ALT,13.781770833333331,True,real_attachments/C_efficiency_evolution/detailed_results/DreadPoor_Aurora_faustus-8B-LORABLATED_ALT/results_2025-02-13T18-27-04.338360.json,,,,,
DreadPoor/Autumn_Dawn-8B-LINEAR,11.485677083333329,True,real_attachments/C_efficiency_evolution/detailed_results/DreadPoor_Autumn_Dawn-8B-LINEAR/results_2025-02-13T18-27-04.338360.json,,,,,
DreadPoor/BaeZel-8B-LINEAR,13.338541666666666,True,real_attachments/C_efficiency_evolution/detailed_results/DreadPoor_BaeZel-8B-LINEAR/results_2025-02-13T18-27-04.338360.json,13.338541666666666,merge,30.34681191186813,2024-11-08,0.0
DreadPoor/BaeZel-8B-Model_Stock,11.456249999999997,True,real_attachments/C_efficiency_evolution/detailed_results/DreadPoor_BaeZel-8B-Model_Stock/results_2025-02-13T18-27-04.338360.json,,,,,
DreadPoor/BaeZel_V2-8B-Model_Stock,11.58958333333333,True,real_attachments/C_efficiency_evolution/detailed_results/DreadPoor_BaeZel_V2-8B-Model_Stock/results_2025-02-13T18-27-04.338360.json,,,,,
DreadPoor/BaeZel_V2_ALT-8B-Model_Stock,11.58958333333333,True,real_attachments/C_efficiency_evolution/detailed_results/DreadPoor_BaeZel_V2_ALT-8B-Model_Stock/results_2025-02-13T18-27-04.338360.json,,,,,
DreadPoor/BaeZel_V3-8B-Model_Stock,11.146354166666663,True,real_attachments/C_efficiency_evolution/detailed_results/DreadPoor_BaeZel_V3-8B-Model_Stock/results_2025-02-13T18-27-04.338360.json,,,,,
DreadPoor/Blunt_Edge-8B-SLERP,11.471874999999997,True,real_attachments/C_efficiency_evolution/detailed_results/DreadPoor_Blunt_Edge-8B-SLERP/results_2025-02-13T18-27-04.338360.json,,,,,
DreadPoor/BulkUp,2.0833333333333326,True,real_attachments/C_efficiency_evolution/detailed_results/DreadPoor_BulkUp/results_2025-02-13T18-27-04.338360.json,,,,,
DreadPoor/Cadence-8B-LINEAR,10.767968750000001,True,real_attachments/C_efficiency_evolution/detailed_results/DreadPoor_Cadence-8B-LINEAR/results_2025-02-25T20-04-11.601267.json,,,,,
DreadPoor/Caelid-8B-Model_Stock,8.213020833333335,True,real_attachments/C_efficiency_evolution/detailed_results/DreadPoor_Caelid-8B-Model_Stock/results_2025-02-13T18-27-04.338360.json,,,,,
DreadPoor/Casuar-9B-Model_Stock,11.201041666666669,True,real_attachments/C_efficiency_evolution/detailed_results/DreadPoor_Casuar-9B-Model_Stock/results_2025-02-13T18-27-04.338360.json,11.201041666666669,merge,33.631173922201846,2024-12-21,0.0
DreadPoor/Condensed_Milk-8B-Model_Stock,11.10130208333333,True,real_attachments/C_efficiency_evolution/detailed_results/DreadPoor_Condensed_Milk-8B-Model_Stock/results_2025-02-13T18-27-04.338360.json,,,,,
DreadPoor/CoolerCoder-8B-LINEAR,7.777604166666667,True,real_attachments/C_efficiency_evolution/detailed_results/DreadPoor_CoolerCoder-8B-LINEAR/results_2025-02-13T18-27-04.338360.json,,,,,
DreadPoor/Damasteel-8B-LINEAR,11.856249999999998,True,real_attachments/C_efficiency_evolution/detailed_results/DreadPoor_Damasteel-8B-LINEAR/results_2025-02-13T18-27-04.338360.json,,,,,
DreadPoor/Dearly_Beloved-8B-TIES,10.450260416666666,True,real_attachments/C_efficiency_evolution/detailed_results/DreadPoor_Dearly_Beloved-8B-TIES/results_2025-02-13T18-27-04.338360.json,,,,,
DreadPoor/Decayed-8B-LINEAR,11.226822916666665,True,real_attachments/C_efficiency_evolution/detailed_results/DreadPoor_Decayed-8B-LINEAR/results_2025-02-25T20-09-22.458828.json,,,,,
DreadPoor/Derivative-8B-Model_Stock,11.605208333333328,True,real_attachments/C_efficiency_evolution/detailed_results/DreadPoor_Derivative-8B-Model_Stock/results_2025-02-13T18-27-04.338360.json,11.605208333333328,merge,30.10114939087056,2025-01-03,0.0
DreadPoor/Derivative_V2-8B-Model_Stock,10.503124999999995,True,real_attachments/C_efficiency_evolution/detailed_results/DreadPoor_Derivative_V2-8B-Model_Stock/results_2025-02-13T18-27-04.338360.json,,,,,
DreadPoor/Derivative_V2_ALT-8B-Model_Stock,10.78359375,True,real_attachments/C_efficiency_evolution/detailed_results/DreadPoor_Derivative_V2_ALT-8B-Model_Stock/results_2025-02-13T18-27-04.338360.json,,,,,
DreadPoor/Derivative_V3-8B-Model_Stock,11.140364583333332,True,real_attachments/C_efficiency_evolution/detailed_results/DreadPoor_Derivative_V3-8B-Model_Stock/results_2025-02-13T18-27-04.338360.json,,,,,
DreadPoor/Elusive_Dragon_Heart-8B-LINEAR,11.752343749999996,True,real_attachments/C_efficiency_evolution/detailed_results/DreadPoor_Elusive_Dragon_Heart-8B-LINEAR/results_2025-02-13T18-27-04.338360.json,,,,,
DreadPoor/Emu_Eggs-9B-Model_Stock,9.318750000000003,True,real_attachments/C_efficiency_evolution/detailed_results/DreadPoor_Emu_Eggs-9B-Model_Stock/results_2025-02-13T18-27-04.338360.json,,,,,
DreadPoor/Eunoia_Vespera-8B-LINEAR,12.611197916666663,True,real_attachments/C_efficiency_evolution/detailed_results/DreadPoor_Eunoia_Vespera-8B-LINEAR/results_2025-02-13T18-27-04.338360.json,,,,,
DreadPoor/Fu_sion_HA-8B-SLERP,10.967968749999997,True,real_attachments/C_efficiency_evolution/detailed_results/DreadPoor_Fu_sion_HA-8B-SLERP/results_2025-02-13T18-27-04.338360.json,,,,,
DreadPoor/HOT_STINKING_GARBAGE,11.625000000000005,True,real_attachments/C_efficiency_evolution/detailed_results/DreadPoor_HOT_STINKING_GARBAGE/results_2025-02-13T18-27-04.338360.json,,,,,
DreadPoor/H_the_eighth-8B-LINEAR,12.76015625,True,real_attachments/C_efficiency_evolution/detailed_results/DreadPoor_H_the_eighth-8B-LINEAR/results_2025-03-06T15-42-24.897731.json,,,,,
DreadPoor/Happy_New_Year-8B-Model_Stock,11.752343749999996,True,real_attachments/C_efficiency_evolution/detailed_results/DreadPoor_Happy_New_Year-8B-Model_Stock/results_2025-02-13T18-27-04.338360.json,,,,,
DreadPoor/Heart_Stolen-8B-Model_Stock,12.361979166666666,True,real_attachments/C_efficiency_evolution/detailed_results/DreadPoor_Heart_Stolen-8B-Model_Stock/results_2025-02-13T18-27-04.338360.json,12.361979166666666,merge,29.411035925290932,2024-09-10,0.0
DreadPoor/Heart_Stolen-ALT-8B-Model_Stock,9.754166666666663,True,real_attachments/C_efficiency_evolution/detailed_results/DreadPoor_Heart_Stolen-ALT-8B-Model_Stock/results_2025-02-13T18-27-04.338360.json,,,,,
DreadPoor/Here_We_Go_Again-8B-SLERP,12.434635416666666,True,real_attachments/C_efficiency_evolution/detailed_results/DreadPoor_Here_We_Go_Again-8B-SLERP/results_2025-02-13T18-27-04.338360.json,,,,,
DreadPoor/Howdy-8B-LINEAR,12.316927083333331,True,real_attachments/C_efficiency_evolution/detailed_results/DreadPoor_Howdy-8B-LINEAR/results_2025-02-13T18-27-04.338360.json,,,,,
DreadPoor/Incidental-8B-Model_Stock,12.301302083333331,True,real_attachments/C_efficiency_evolution/detailed_results/DreadPoor_Incidental-8B-Model_Stock/results_2025-02-13T18-27-04.338360.json,,,,,
DreadPoor/Irina-8B-model_stock,8.636458333333332,True,real_attachments/C_efficiency_evolution/detailed_results/DreadPoor_Irina-8B-model_stock/results_2025-02-13T18-27-04.338360.json,,,,,
DreadPoor/Kindling-8B-Model_Stock,11.087499999999997,True,real_attachments/C_efficiency_evolution/detailed_results/DreadPoor_Kindling-8B-Model_Stock/results_2025-02-13T18-27-04.338360.json,,,,,
DreadPoor/L3.1-BaeZel-8B-Della,11.597395833333332,True,real_attachments/C_efficiency_evolution/detailed_results/DreadPoor_L3.1-BaeZel-8B-Della/results_2025-02-13T18-27-04.338360.json,,,,,
DreadPoor/Laughing_Stock-8B-Model_Stock,10.68567708333333,True,real_attachments/C_efficiency_evolution/detailed_results/DreadPoor_Laughing_Stock-8B-Model_Stock/results_2025-02-13T18-27-04.338360.json,,,,,
DreadPoor/Lava_Lamp-8B-SLERP,12.00520833333333,True,real_attachments/C_efficiency_evolution/detailed_results/DreadPoor_Lava_Lamp-8B-SLERP/results_2025-02-13T18-27-04.338360.json,,,,,
DreadPoor/LemonP-8B-Model_Stock,10.079687499999997,True,real_attachments/C_efficiency_evolution/detailed_results/DreadPoor_LemonP-8B-Model_Stock/results_2025-02-13T18-27-04.338360.json,10.079687499999997,merge,30.052497237216315,2025-01-19,0.0
DreadPoor/Lydia_of_Whiterun-8B-LINEAR,13.099479166666663,True,real_attachments/C_efficiency_evolution/detailed_results/DreadPoor_Lydia_of_Whiterun-8B-LINEAR/results_2025-02-26T06-05-04.586560.json,,,,,
DreadPoor/Machroom-3B-model_stock,17.113281249999996,True,real_attachments/C_efficiency_evolution/detailed_results/DreadPoor_Machroom-3B-model_stock/results_2024-07-25T13-13-48.957746.json,,,,,
DreadPoor/Matryoshka-8B-LINEAR,12.456249999999999,True,real_attachments/C_efficiency_evolution/detailed_results/DreadPoor_Matryoshka-8B-LINEAR/results_2025-02-13T18-27-04.338360.json,,,,,
DreadPoor/Mercury_In_Retrograde-8b-Model-Stock,11.485677083333329,True,real_attachments/C_efficiency_evolution/detailed_results/DreadPoor_Mercury_In_Retrograde-8b-Model-Stock/results_2025-02-13T18-27-04.338360.json,,,,,
DreadPoor/Minthy-8B-Model_Stock,9.975781249999995,True,real_attachments/C_efficiency_evolution/detailed_results/DreadPoor_Minthy-8B-Model_Stock/results_2025-02-13T18-27-04.338360.json,,,,,
DreadPoor/Minthy_ALT-8B-Model_Stock,11.648437499999998,True,real_attachments/C_efficiency_evolution/detailed_results/DreadPoor_Minthy_ALT-8B-Model_Stock/results_2025-02-13T18-27-04.338360.json,,,,,
DreadPoor/Minthy_V2-8B-Model_Stock,11.219010416666663,True,real_attachments/C_efficiency_evolution/detailed_results/DreadPoor_Minthy_V2-8B-Model_Stock/results_2025-02-13T18-27-04.338360.json,,,,,
DreadPoor/Minus_Penus-8B-Model_Stock,9.638281249999997,True,real_attachments/C_efficiency_evolution/detailed_results/DreadPoor_Minus_Penus-8B-Model_Stock/results_2025-03-07T16-10-05.679943.json,,,,,
DreadPoor/Morphing-8B-Model_Stock,10.391406249999998,True,real_attachments/C_efficiency_evolution/detailed_results/DreadPoor_Morphing-8B-Model_Stock/results_2025-01-14T22-41-03.161406.json,,,,,
DreadPoor/Not_Even_My_Final_Form-8B-Model_Stock,10.70911458333333,True,real_attachments/C_efficiency_evolution/detailed_results/DreadPoor_Not_Even_My_Final_Form-8B-Model_Stock/results_2025-02-13T18-27-04.338360.json,,,,,
DreadPoor/Nother_One-8B-Model_Stock,6.6442708333333345,True,real_attachments/C_efficiency_evolution/detailed_results/DreadPoor_Nother_One-8B-Model_Stock/results_2025-02-13T18-27-04.338360.json,,,,,
DreadPoor/Noxis-8B-LINEAR,13.252083333333333,True,real_attachments/C_efficiency_evolution/detailed_results/DreadPoor_Noxis-8B-LINEAR/results_2025-03-13T18-41-06.692706.json,,,,,
DreadPoor/Nullsworn-12B-LINEAR,14.436458333333329,True,real_attachments/C_efficiency_evolution/detailed_results/DreadPoor_Nullsworn-12B-LINEAR/results_2025-03-10T22-33-42.048008.json,,,,,
DreadPoor/Nwah-8B-Model_Stock,9.82682291666667,True,real_attachments/C_efficiency_evolution/detailed_results/DreadPoor_Nwah-8B-Model_Stock/results_2025-02-27T09-24-09.065204.json,,,,,
DreadPoor/ONeil-model_stock-8B,10.967968749999995,True,real_attachments/C_efficiency_evolution/detailed_results/DreadPoor_ONeil-model_stock-8B/results_2025-02-13T18-27-04.338360.json,10.967968749999995,merge,26.935908369361425,2024-07-15,0.0
DreadPoor/Oh_Boy-8B-LINEAR,11.679687499999998,True,real_attachments/C_efficiency_evolution/detailed_results/DreadPoor_Oh_Boy-8B-LINEAR/results_2025-02-13T18-27-04.338360.json,,,,,
DreadPoor/OrangeJ-8B-Model_Stock,10.346354166666663,True,real_attachments/C_efficiency_evolution/detailed_results/DreadPoor_OrangeJ-8B-Model_Stock/results_2025-02-13T18-27-04.338360.json,,,,,
DreadPoor/Promissum_Mane-8B-LINEAR,13.338541666666666,True,real_attachments/C_efficiency_evolution/detailed_results/DreadPoor_Promissum_Mane-8B-LINEAR/results_2025-02-13T18-27-04.338360.json,,,,,
DreadPoor/Promissum_Mane-8B-LINEAR-lorablated,13.840624999999998,True,real_attachments/C_efficiency_evolution/detailed_results/DreadPoor_Promissum_Mane-8B-LINEAR-lorablated/results_2025-02-13T18-27-04.338360.json,,,,,
DreadPoor/RPMash-8B-Model_Stock,8.805208333333335,True,real_attachments/C_efficiency_evolution/detailed_results/DreadPoor_RPMash-8B-Model_Stock/results_2025-02-13T18-27-04.338360.json,,,,,
DreadPoor/RPMash_V3-8B-Model_Stock,6.052083333333336,True,real_attachments/C_efficiency_evolution/detailed_results/DreadPoor_RPMash_V3-8B-Model_Stock/results_2025-02-13T18-27-04.338360.json,,,,,
DreadPoor/Rusted_Gold-8B-LINEAR,12.118749999999999,True,real_attachments/C_efficiency_evolution/detailed_results/DreadPoor_Rusted_Gold-8B-LINEAR/results_2025-03-07T18-29-34.818596.json,,,,,
DreadPoor/Rusted_Platinum-8B-LINEAR,8.816666666666663,True,real_attachments/C_efficiency_evolution/detailed_results/DreadPoor_Rusted_Platinum-8B-LINEAR/results_2025-03-06T22-38-56.474512.json,,,,,
DreadPoor/Rusted_Platinum-8B-Model_Stock,4.424479166666667,True,real_attachments/C_efficiency_evolution/detailed_results/DreadPoor_Rusted_Platinum-8B-Model_Stock/results_2025-03-06T20-43-28.942442.json,,,,,
DreadPoor/Sellen-8B-model_stock,10.671874999999995,True,real_attachments/C_efficiency_evolution/detailed_results/DreadPoor_Sellen-8B-model_stock/results_2025-02-13T18-27-04.338360.json,,,,,
DreadPoor/Something-8B-Model_Stock,11.642447916666667,True,real_attachments/C_efficiency_evolution/detailed_results/DreadPoor_Something-8B-Model_Stock/results_2025-02-13T18-27-04.338360.json,,,,,
DreadPoor/Spring_Dusk-8B-SCE,17.33072916666666,True,real_attachments/C_efficiency_evolution/detailed_results/DreadPoor_Spring_Dusk-8B-SCE/results_2025-02-13T18-27-04.338360.json,,,,,
DreadPoor/Summer_Dawn-8B-SCE,10.671874999999995,True,real_attachments/C_efficiency_evolution/detailed_results/DreadPoor_Summer_Dawn-8B-SCE/results_2025-02-13T18-27-04.338360.json,,,,,
DreadPoor/Summer_Dusk-8B-TIES,13.76796875,True,real_attachments/C_efficiency_evolution/detailed_results/DreadPoor_Summer_Dusk-8B-TIES/results_2025-02-13T18-27-04.338360.json,,,,,
DreadPoor/Summer_Rain-8B-SCE,15.366145833333333,True,real_attachments/C_efficiency_evolution/detailed_results/DreadPoor_Summer_Rain-8B-SCE/results_2025-02-13T18-27-04.338360.json,,,,,
DreadPoor/Summer_Rain-8B-TIES,15.366145833333333,True,real_attachments/C_efficiency_evolution/detailed_results/DreadPoor_Summer_Rain-8B-TIES/results_2025-02-13T18-27-04.338360.json,,,,,
DreadPoor/Sun-8B-Model_Stock,10.852083333333333,True,real_attachments/C_efficiency_evolution/detailed_results/DreadPoor_Sun-8B-Model_Stock/results_2025-02-13T18-27-04.338360.json,,,,,
DreadPoor/Sweetened_Condensed_Milk-8B-Model_Stock,11.10130208333333,True,real_attachments/C_efficiency_evolution/detailed_results/DreadPoor_Sweetened_Condensed_Milk-8B-Model_Stock/results_2025-02-13T18-27-04.338360.json,,,,,
DreadPoor/TEST02-Ignore,10.848437500000003,True,real_attachments/C_efficiency_evolution/detailed_results/DreadPoor_TEST02-Ignore/results_2025-02-13T18-27-04.338360.json,,,,,
DreadPoor/TEST03-ignore,11.226822916666665,True,real_attachments/C_efficiency_evolution/detailed_results/DreadPoor_TEST03-ignore/results_2025-02-13T18-27-04.338360.json,,,,,
DreadPoor/TEST06-ignore,11.411197916666667,True,real_attachments/C_efficiency_evolution/detailed_results/DreadPoor_TEST06-ignore/results_2025-02-13T18-27-04.338360.json,,,,,
DreadPoor/TEST07-ignore,9.671875000000005,True,real_attachments/C_efficiency_evolution/detailed_results/DreadPoor_TEST07-ignore/results_2025-02-13T18-27-04.338360.json,,,,,
DreadPoor/TEST08-ignore,9.679687499999998,True,real_attachments/C_efficiency_evolution/detailed_results/DreadPoor_TEST08-ignore/results_2025-02-13T18-27-04.338360.json,,,,,
DreadPoor/Trinas_Nectar-8B-model_stock,11.413020833333329,True,real_attachments/C_efficiency_evolution/detailed_results/DreadPoor_Trinas_Nectar-8B-model_stock/results_2025-02-13T18-27-04.338360.json,11.413020833333327,merge,27.522454161375844,2024-08-27,1.7763568394002505e-15
DreadPoor/UNTESTED-VENN_1.2-8B-Model_Stock,15.15052083333333,True,real_attachments/C_efficiency_evolution/detailed_results/DreadPoor_UNTESTED-VENN_1.2-8B-Model_Stock/results_2025-02-13T18-27-04.338360.json,,,,,
DreadPoor/VENN_1.2-8B-Model_Stock,12.167968749999998,True,real_attachments/C_efficiency_evolution/detailed_results/DreadPoor_VENN_1.2-8B-Model_Stock/results_2025-02-13T18-27-04.338360.json,,,,,
DreadPoor/WIP-Acacia-8B-Model_Stock,12.122916666666663,True,real_attachments/C_efficiency_evolution/detailed_results/DreadPoor_WIP-Acacia-8B-Model_Stock/results_2025-02-13T18-27-04.338360.json,,,,,
DreadPoor/WIP_Damascus-8B-TIES,12.715104166666663,True,real_attachments/C_efficiency_evolution/detailed_results/DreadPoor_WIP_Damascus-8B-TIES/results_2025-02-13T18-27-04.338360.json,,,,,
DreadPoor/Wannabe-8B-Model_Stock,12.316927083333331,True,real_attachments/C_efficiency_evolution/detailed_results/DreadPoor_Wannabe-8B-Model_Stock/results_2025-02-13T18-27-04.338360.json,,,,,
DreadPoor/What_A_Thrill-8B-Model_Stock,10.938541666666664,True,real_attachments/C_efficiency_evolution/detailed_results/DreadPoor_What_A_Thrill-8B-Model_Stock/results_2025-02-13T18-27-04.338360.json,,,,,
DreadPoor/Winter-8B-SCE,10.118749999999997,True,real_attachments/C_efficiency_evolution/detailed_results/DreadPoor_Winter-8B-SCE/results_2025-02-13T18-27-04.338360.json,,,,,
DreadPoor/Winter_Dawn-8B-TIES,13.2484375,True,real_attachments/C_efficiency_evolution/detailed_results/DreadPoor_Winter_Dawn-8B-TIES/results_2025-02-01T16-17-05.641334.json,,,,,
DreadPoor/Winter_Dusk-8B-TIES,3.6028645833333335,True,real_attachments/C_efficiency_evolution/detailed_results/DreadPoor_Winter_Dusk-8B-TIES/results_2025-02-13T18-27-04.338360.json,,,,,
DreadPoor/Winter_Night-8B-Model_Stock,9.595052083333334,True,real_attachments/C_efficiency_evolution/detailed_results/DreadPoor_Winter_Night-8B-Model_Stock/results_2025-02-18T19-05-03.458954.json,,,,,
DreadPoor/Yafune-8B-Model_Stock,11.426822916666664,True,real_attachments/C_efficiency_evolution/detailed_results/DreadPoor_Yafune-8B-Model_Stock/results_2025-02-24T16-41-29.051993.json,,,,,
DreadPoor/Yearn_V3-8B-Model_Stock,9.961979166666664,True,real_attachments/C_efficiency_evolution/detailed_results/DreadPoor_Yearn_V3-8B-Model_Stock/results_2025-02-13T18-27-04.338360.json,,,,,
DreadPoor/ZEUS-8B-V17-Abliterated_ALT,11.265885416666663,True,real_attachments/C_efficiency_evolution/detailed_results/DreadPoor_ZEUS-8B-V17-Abliterated_ALT/results_2025-02-13T18-27-04.338360.json,,,,,
DreadPoor/Zelus-8B-Model_Stock,11.975781249999997,True,real_attachments/C_efficiency_evolution/detailed_results/DreadPoor_Zelus-8B-Model_Stock/results_2025-02-13T18-27-04.338360.json,11.975781249999995,merge,29.7413869053032,2025-01-15,1.7763568394002505e-15
DreadPoor/Zelus_V2-8B-Model_Stock,8.375781250000001,True,real_attachments/C_efficiency_evolution/detailed_results/DreadPoor_Zelus_V2-8B-Model_Stock/results_2025-02-13T18-27-04.338360.json,,,,,
DreadPoor/felix_dies-mistral-7B-model_stock,15.477864583333336,True,real_attachments/C_efficiency_evolution/detailed_results/DreadPoor_felix_dies-mistral-7B-model_stock/results_2025-02-13T18-27-04.338360.json,,,,,
DreadPoor/hakuchido-8B-MODEL_STOCK,11.316927083333331,True,real_attachments/C_efficiency_evolution/detailed_results/DreadPoor_hakuchido-8B-MODEL_STOCK/results_2025-02-27T14-30-59.823930.json,,,,,
DreadPoor/ichor-8B-Model_Stock,11.552343749999999,True,real_attachments/C_efficiency_evolution/detailed_results/DreadPoor_ichor-8B-Model_Stock/results_2025-03-03T05-09-40.415004.json,,,,,
DreadPoor/ichor_1.1-8B-Model_Stock,9.546354166666662,True,real_attachments/C_efficiency_evolution/detailed_results/DreadPoor_ichor_1.1-8B-Model_Stock/results_2025-03-06T05-28-40.569766.json,,,,,
DreadPoor/inexpertus-8B-Model_Stock,11.811197916666663,True,real_attachments/C_efficiency_evolution/detailed_results/DreadPoor_inexpertus-8B-Model_Stock/results_2025-03-07T04-36-48.980204.json,,,,,
DreadPoor/inexpertus_1.1-8B-LINEAR,11.10130208333333,True,real_attachments/C_efficiency_evolution/detailed_results/DreadPoor_inexpertus_1.1-8B-LINEAR/results_2025-03-07T19-46-05.126898.json,,,,,
DreadPoor/inexpertus_1.2-8B-LINEAR,10.301302083333328,True,real_attachments/C_efficiency_evolution/detailed_results/DreadPoor_inexpertus_1.2-8B-LINEAR/results_2025-03-08T03-04-56.665051.json,,,,,
DreadPoor/mergekit-nuslerp-nqzkedi,11.973958333333329,True,real_attachments/C_efficiency_evolution/detailed_results/DreadPoor_mergekit-nuslerp-nqzkedi/results_2025-02-13T18-27-04.338360.json,,,,,
DreadPoor/remember_to_breathe-8b-Model-Stock,11.440624999999997,True,real_attachments/C_efficiency_evolution/detailed_results/DreadPoor_remember_to_breathe-8b-Model-Stock/results_2025-02-13T18-27-04.338360.json,,,,,
DreadPoor/test,14.518749999999997,True,real_attachments/C_efficiency_evolution/detailed_results/DreadPoor_test/results_2025-02-13T18-27-04.338360.json,,,,,
DreadPoor/test_ALT,14.303124999999996,True,real_attachments/C_efficiency_evolution/detailed_results/DreadPoor_test_ALT/results_2025-02-13T18-27-04.338360.json,,,,,
DreadPoor/tests_pending-do_not_use_yet,8.79322916666667,True,real_attachments/C_efficiency_evolution/detailed_results/DreadPoor_tests_pending-do_not_use_yet/results_2025-02-13T18-27-04.338360.json,,,,,
EVA-UNIT-01/EVA-Qwen2.5-14B-v0.2,19.630989583333328,True,real_attachments/C_efficiency_evolution/detailed_results/EVA-UNIT-01_EVA-Qwen2.5-14B-v0.2/results_2025-02-13T18-27-04.338360.json,19.630989583333328,chat_finetuned,33.81260628765727,2024-12-26,0.0
EVA-UNIT-01/EVA-Qwen2.5-72B-v0.2,19.730729166666666,True,real_attachments/C_efficiency_evolution/detailed_results/EVA-UNIT-01_EVA-Qwen2.5-72B-v0.2/results_2024-11-28T01-23-33.473911.json,,,,,
Edgerunners/meta-llama-3-8b-instruct-hf-ortho-baukit-34fail-3000total-bf16,1.2695312499999996,True,real_attachments/C_efficiency_evolution/detailed_results/Edgerunners_meta-llama-3-8b-instruct-hf-ortho-baukit-34fail-3000total-bf16/results_2025-02-01T09-23-19.367481.json,1.2695312499999996,chat_finetuned,23.448866811862917,2025-01-30,0.0
EleutherAI/gpt-j-6b,5.252083333333334,True,real_attachments/C_efficiency_evolution/detailed_results/EleutherAI_gpt-j-6b/results_2025-02-13T18-27-04.338360.json,5.252083333333334,pretrained,6.570411768928537,2024-08-19,0.0
EleutherAI/gpt-neo-1.3B,4.873697916666666,True,real_attachments/C_efficiency_evolution/detailed_results/EleutherAI_gpt-neo-1.3B/results_2025-02-13T18-27-04.338360.json,4.873697916666666,pretrained,5.391090848825532,2024-06-12,0.0
EleutherAI/gpt-neo-125m,2.6166666666666654,True,real_attachments/C_efficiency_evolution/detailed_results/EleutherAI_gpt-neo-125m/results_2025-02-13T18-27-04.338360.json,2.616666666666666,pretrained,4.407321907614049,2024-08-10,-4.440892098500626e-16
EleutherAI/gpt-neo-2.7B,3.5205729166666675,True,real_attachments/C_efficiency_evolution/detailed_results/EleutherAI_gpt-neo-2.7B/results_2025-02-13T18-27-04.338360.json,3.5205729166666675,pretrained,6.4310478009874465,2024-06-12,0.0
EleutherAI/gpt-neox-20b,2.816666666666666,True,real_attachments/C_efficiency_evolution/detailed_results/EleutherAI_gpt-neox-20b/results_2025-02-13T18-27-04.338360.json,2.816666666666666,pretrained,6.1165221524743325,2024-06-09,0.0
EleutherAI/pythia-1.4b,4.02265625,True,real_attachments/C_efficiency_evolution/detailed_results/EleutherAI_pythia-1.4b/results_2025-02-13T18-27-04.338360.json,4.02265625,pretrained,6.008531439497028,2025-01-28,0.0
EleutherAI/pythia-12b,3.7872395833333345,True,real_attachments/C_efficiency_evolution/detailed_results/EleutherAI_pythia-12b/results_2025-02-13T18-27-04.338360.json,3.7872395833333345,pretrained,6.059841492942702,2024-06-12,0.0
EleutherAI/pythia-160m,10.675520833333332,True,real_attachments/C_efficiency_evolution/detailed_results/EleutherAI_pythia-160m/results_2025-02-13T18-27-04.338360.json,10.675520833333332,pretrained,5.730394616916023,2024-06-09,0.0
EleutherAI/pythia-1b,2.7343749999999996,True,real_attachments/C_efficiency_evolution/detailed_results/EleutherAI_pythia-1b/results_2025-01-27T10-10-36.877664.json,2.7343749999999996,pretrained,5.07026822083096,2025-01-27,0.0
EleutherAI/pythia-2.8b,3.6382812500000004,True,real_attachments/C_efficiency_evolution/detailed_results/EleutherAI_pythia-2.8b/results_2025-02-13T18-27-04.338360.json,3.63828125,pretrained,5.554946281603011,2024-06-12,4.440892098500626e-16
EleutherAI/pythia-410m,3.0598958333333326,True,real_attachments/C_efficiency_evolution/detailed_results/EleutherAI_pythia-410m/results_2025-02-13T18-27-04.338360.json,3.0598958333333326,pretrained,5.227072311484412,2024-06-09,0.0
EleutherAI/pythia-6.9b,3.8148437499999996,True,real_attachments/C_efficiency_evolution/detailed_results/EleutherAI_pythia-6.9b/results_2024-06-16T22-34-46.256992.json,3.81484375,pretrained,5.966546774741993,2024-06-12,-4.440892098500626e-16
Enno-Ai/EnnoAi-Pro-French-Llama-3-8B-v0.4,10.758333333333335,True,real_attachments/C_efficiency_evolution/detailed_results/Enno-Ai_EnnoAi-Pro-French-Llama-3-8B-v0.4/results_2024-07-22T09-45-37.259005.json,10.758333333333336,chat_finetuned,15.68446940398294,2024-06-30,-1.7763568394002505e-15
Enno-Ai/EnnoAi-Pro-Llama-3-8B,9.081510416666667,True,real_attachments/C_efficiency_evolution/detailed_results/Enno-Ai_EnnoAi-Pro-Llama-3-8B/results_2025-02-13T18-27-04.338360.json,9.081510416666667,chat_finetuned,12.51454591188142,2024-07-08,0.0
Enno-Ai/EnnoAi-Pro-Llama-3-8B-v0.3,12.313281249999996,True,real_attachments/C_efficiency_evolution/detailed_results/Enno-Ai_EnnoAi-Pro-Llama-3-8B-v0.3/results_2025-02-13T18-27-04.338360.json,12.313281249999996,chat_finetuned,18.128287498482546,2024-06-26,0.0
Enno-Ai/EnnoAi-Pro-Llama-3.1-8B-v0.9,5.43046875,True,real_attachments/C_efficiency_evolution/detailed_results/Enno-Ai_EnnoAi-Pro-Llama-3.1-8B-v0.9/results_2025-02-13T18-27-04.338360.json,5.43046875,chat_finetuned,15.575099921155847,2024-09-06,0.0
EnnoAi/EnnoAi-Pro-Llama-3.1-8B-v1.0,5.43046875,True,real_attachments/C_efficiency_evolution/detailed_results/EnnoAi_EnnoAi-Pro-Llama-3.1-8B-v1.0/results_2024-09-10T15-36-07.744412.json,5.43046875,chat_finetuned,15.600495501179813,2024-09-06,0.0
Epiculous/Azure_Dusk-v0.2,6.365625000000002,True,real_attachments/C_efficiency_evolution/detailed_results/Epiculous_Azure_Dusk-v0.2/results_2025-02-13T18-27-04.338360.json,6.365625000000002,chat_finetuned,14.239648971826766,2024-09-14,0.0
Epiculous/Crimson_Dawn-v0.2,10.897135416666666,True,real_attachments/C_efficiency_evolution/detailed_results/Epiculous_Crimson_Dawn-v0.2/results_2025-02-13T18-27-04.338360.json,10.897135416666666,chat_finetuned,15.085950749805088,2024-09-05,0.0
Epiculous/NovaSpark,6.924739583333334,True,real_attachments/C_efficiency_evolution/detailed_results/Epiculous_NovaSpark/results_2025-02-13T18-27-04.338360.json,6.924739583333334,chat_finetuned,25.253737990368,2024-10-20,0.0
Epiculous/Violet_Twilight-v0.2,13.608854166666665,True,real_attachments/C_efficiency_evolution/detailed_results/Epiculous_Violet_Twilight-v0.2/results_2024-10-24T00-00-00.000000.json,13.608854166666664,merge,18.55277348742638,2024-09-16,1.7763568394002505e-15
EpistemeAI2/Athene-codegemma-2-7b-it-alpaca-v1.2,10.387760416666667,True,real_attachments/C_efficiency_evolution/detailed_results/EpistemeAI2_Athene-codegemma-2-7b-it-alpaca-v1.2/results_2024-09-02T14-11-04.110306.json,10.387760416666667,chat_finetuned,15.718390848250493,2024-08-26,0.0
EpistemeAI2/Fireball-12B-v1.2,11.264062499999996,True,real_attachments/C_efficiency_evolution/detailed_results/EpistemeAI2_Fireball-12B-v1.2/results_2025-02-13T18-27-04.338360.json,11.264062499999996,chat_finetuned,15.200286583835771,2024-08-28,0.0
EpistemeAI2/Fireball-Alpaca-Llama3.1-8B-Philos,11.891666666666667,True,real_attachments/C_efficiency_evolution/detailed_results/EpistemeAI2_Fireball-Alpaca-Llama3.1-8B-Philos/results_2025-02-13T18-27-04.338360.json,11.891666666666667,chat_finetuned,22.551673578610224,2024-08-29,0.0
EpistemeAI2/Fireball-Alpaca-Llama3.1.01-8B-Philos,13.432812500000002,True,real_attachments/C_efficiency_evolution/detailed_results/EpistemeAI2_Fireball-Alpaca-Llama3.1.01-8B-Philos/results_2025-02-13T18-27-04.338360.json,13.432812500000002,chat_finetuned,21.567143968773337,2024-09-03,0.0
EpistemeAI2/Fireball-Alpaca-Llama3.1.03-8B-Philos,12.034635416666667,True,real_attachments/C_efficiency_evolution/detailed_results/EpistemeAI2_Fireball-Alpaca-Llama3.1.03-8B-Philos/results_2025-02-13T18-27-04.338360.json,12.034635416666667,chat_finetuned,20.274573357917856,2024-09-04,0.0
EpistemeAI2/Fireball-Alpaca-Llama3.1.04-8B-Philos,13.685677083333337,True,real_attachments/C_efficiency_evolution/detailed_results/EpistemeAI2_Fireball-Alpaca-Llama3.1.04-8B-Philos/results_2024-09-14T01-13-51.381155.json,13.685677083333337,chat_finetuned,21.094517497325704,2024-09-05,0.0
EpistemeAI2/Fireball-Alpaca-Llama3.1.06-8B-Philos-dpo,6.848437499999999,True,real_attachments/C_efficiency_evolution/detailed_results/EpistemeAI2_Fireball-Alpaca-Llama3.1.06-8B-Philos-dpo/results_2024-09-14T01-20-38.820444.json,6.848437499999999,chat_finetuned,21.867631752899076,2024-09-09,0.0
EpistemeAI2/Fireball-Alpaca-Llama3.1.07-8B-Philos-Math,7.854427083333334,True,real_attachments/C_efficiency_evolution/detailed_results/EpistemeAI2_Fireball-Alpaca-Llama3.1.07-8B-Philos-Math/results_2025-02-13T18-27-04.338360.json,7.854427083333334,chat_finetuned,21.97087003498899,2024-09-10,0.0
EpistemeAI2/Fireball-Alpaca-Llama3.1.08-8B-C-R1-KTO-Reflection,10.4015625,True,real_attachments/C_efficiency_evolution/detailed_results/EpistemeAI2_Fireball-Alpaca-Llama3.1.08-8B-C-R1-KTO-Reflection/results_2025-02-13T18-27-04.338360.json,10.4015625,chat_finetuned,20.894624934810878,2024-09-16,0.0
EpistemeAI2/Fireball-Alpaca-Llama3.1.08-8B-Philos-C-R1,8.454427083333332,True,real_attachments/C_efficiency_evolution/detailed_results/EpistemeAI2_Fireball-Alpaca-Llama3.1.08-8B-Philos-C-R1/results_2024-09-14T02-25-21.957551.json,8.454427083333332,chat_finetuned,22.511188245481957,2024-09-13,0.0
EpistemeAI2/Fireball-Llama-3.1-8B-Philos-Reflection,9.632812500000002,True,real_attachments/C_efficiency_evolution/detailed_results/EpistemeAI2_Fireball-Llama-3.1-8B-Philos-Reflection/results_2025-02-13T18-27-04.338360.json,9.632812500000002,chat_finetuned,20.37672090429901,2024-09-17,0.0
EpistemeAI2/Fireball-MathMistral-Nemo-Base-2407-v2dpo,8.96979166666667,True,real_attachments/C_efficiency_evolution/detailed_results/EpistemeAI2_Fireball-MathMistral-Nemo-Base-2407-v2dpo/results_2024-09-02T16-12-06.252706.json,8.96979166666667,chat_finetuned,11.369982746356044,2024-08-24,0.0
EpistemeAI2/Fireball-Meta-Llama-3.1-8B-Instruct-Agent-0.003-128K-code-math,6.789583333333333,True,real_attachments/C_efficiency_evolution/detailed_results/EpistemeAI2_Fireball-Meta-Llama-3.1-8B-Instruct-Agent-0.003-128K-code-math/results_2024-10-15T15-17-27.675353.json,6.789583333333333,chat_finetuned,22.727957302291042,2024-10-12,0.0
EpistemeAI2/Fireball-Meta-Llama-3.1-8B-Instruct-Agent-0.005-128K-code-COT,5.013020833333332,True,real_attachments/C_efficiency_evolution/detailed_results/EpistemeAI2_Fireball-Meta-Llama-3.1-8B-Instruct-Agent-0.005-128K-code-COT/results_2025-02-13T18-27-04.338360.json,5.013020833333332,chat_finetuned,21.037758831912942,2024-10-11,0.0
EpistemeAI2/Fireball-Phi-3-medium-4k-inst-Philos,10.704947916666669,True,real_attachments/C_efficiency_evolution/detailed_results/EpistemeAI2_Fireball-Phi-3-medium-4k-inst-Philos/results_2024-09-21T11-05-45.666210.json,10.704947916666669,chat_finetuned,29.67636693004503,2024-09-20,0.0
EpistemeAI/Alpaca-Llama3.1-8B,6.599218750000001,True,real_attachments/C_efficiency_evolution/detailed_results/EpistemeAI_Alpaca-Llama3.1-8B/results_2024-09-13T23-51-55.057359.json,6.599218750000001,chat_finetuned,13.985046352420847,2024-08-13,0.0
EpistemeAI/Athena-gemma-2-2b-it,13.348177083333333,True,real_attachments/C_efficiency_evolution/detailed_results/EpistemeAI_Athena-gemma-2-2b-it/results_2025-02-13T18-27-04.338360.json,13.348177083333333,chat_finetuned,14.54609172912029,2024-09-06,0.0
EpistemeAI/Athena-gemma-2-2b-it-Philos,12.853906250000001,True,real_attachments/C_efficiency_evolution/detailed_results/EpistemeAI_Athena-gemma-2-2b-it-Philos/results_2025-02-13T18-27-04.338360.json,12.85390625,chat_finetuned,15.663946300399497,2024-09-05,1.7763568394002505e-15
EpistemeAI/Athene-codegemma-2-7b-it-alpaca-v1.3,14.854427083333334,True,real_attachments/C_efficiency_evolution/detailed_results/EpistemeAI_Athene-codegemma-2-7b-it-alpaca-v1.3/results_2024-09-12T00-22-14.676123.json,14.854427083333334,chat_finetuned,17.314021588433324,2024-09-06,0.0
EpistemeAI/DeepPhi-3.5-mini-instruct,4.036458333333333,True,real_attachments/C_efficiency_evolution/detailed_results/EpistemeAI_DeepPhi-3.5-mini-instruct/results_2025-02-28T03-49-49.665483.json,4.036458333333333,chat_finetuned,3.46432918593773,2025-02-28,0.0
EpistemeAI/DeepThinkers-Phi4,8.024479166666667,True,real_attachments/C_efficiency_evolution/detailed_results/EpistemeAI_DeepThinkers-Phi4/results_2025-03-01T23-25-47.678589.json,8.024479166666667,chat_finetuned,39.40710857221479,2025-03-01,0.0
EpistemeAI/FineLlama3.1-8B-Instruct,4.954166666666666,True,real_attachments/C_efficiency_evolution/detailed_results/EpistemeAI_FineLlama3.1-8B-Instruct/results_2024-09-06T12-17-19.771656.json,,,,,
EpistemeAI/Fireball-12B,12.521093749999997,True,real_attachments/C_efficiency_evolution/detailed_results/EpistemeAI_Fireball-12B/results_2025-02-13T18-27-04.338360.json,12.521093749999997,chat_finetuned,15.534531353358348,2024-08-21,0.0
EpistemeAI/Fireball-12B-v1.13a-philosophers,9.975781249999995,True,real_attachments/C_efficiency_evolution/detailed_results/EpistemeAI_Fireball-12B-v1.13a-philosophers/results_2024-09-10T07-39-57.330192.json,9.975781249999995,chat_finetuned,14.466040850876615,2024-09-03,0.0
EpistemeAI/Fireball-Alpaca-Llama-3.1-8B-Philos-DPO-200,6.907291666666666,True,real_attachments/C_efficiency_evolution/detailed_results/EpistemeAI_Fireball-Alpaca-Llama-3.1-8B-Philos-DPO-200/results_2024-09-16T11-50-18.226636.json,6.907291666666666,chat_finetuned,21.129914482629534,2024-09-16,0.0
EpistemeAI/Fireball-Alpaca-Llama3.1.07-8B-Philos-Math-KTO-beta,4.275520833333334,True,real_attachments/C_efficiency_evolution/detailed_results/EpistemeAI_Fireball-Alpaca-Llama3.1.07-8B-Philos-Math-KTO-beta/results_2025-02-13T18-27-04.338360.json,4.275520833333334,chat_finetuned,25.242227896928764,2024-09-14,0.0
EpistemeAI/Fireball-Alpaca-Llama3.1.08-8B-Philos-C-R2,16.995572916666667,True,real_attachments/C_efficiency_evolution/detailed_results/EpistemeAI_Fireball-Alpaca-Llama3.1.08-8B-Philos-C-R2/results_2025-02-13T18-27-04.338360.json,16.995572916666667,chat_finetuned,22.550476627240737,2024-09-14,0.0
EpistemeAI/Fireball-Meta-Llama-3.1-8B-Instruct-0.001-128K-auto,8.730729166666668,True,real_attachments/C_efficiency_evolution/detailed_results/EpistemeAI_Fireball-Meta-Llama-3.1-8B-Instruct-0.001-128K-auto/results_2025-02-13T18-27-04.338360.json,8.730729166666668,chat_finetuned,21.567361907712467,2024-11-15,0.0
EpistemeAI/Fireball-Meta-Llama-3.1-8B-Instruct-Agent-0.003-128K,4.895312499999999,True,real_attachments/C_efficiency_evolution/detailed_results/EpistemeAI_Fireball-Meta-Llama-3.1-8B-Instruct-Agent-0.003-128K/results_2025-02-13T18-27-04.338360.json,4.895312499999999,chat_finetuned,20.627167906521688,2024-10-05,0.0
EpistemeAI/Fireball-Meta-Llama-3.1-8B-Instruct-Agent-0.003-128K-code,8.462239583333334,True,real_attachments/C_efficiency_evolution/detailed_results/EpistemeAI_Fireball-Meta-Llama-3.1-8B-Instruct-Agent-0.003-128K-code/results_2024-10-07T10-02-11.286074.json,8.462239583333334,chat_finetuned,23.934713958118284,2024-10-05,0.0
EpistemeAI/Fireball-Meta-Llama-3.1-8B-Instruct-Agent-0.003-128K-code-ds,4.555989583333334,True,real_attachments/C_efficiency_evolution/detailed_results/EpistemeAI_Fireball-Meta-Llama-3.1-8B-Instruct-Agent-0.003-128K-code-ds/results_2025-02-13T18-27-04.338360.json,4.555989583333334,chat_finetuned,23.14416546279052,2024-10-15,0.0
EpistemeAI/Fireball-Meta-Llama-3.1-8B-Instruct-Agent-0.003-128K-code-ds-auto,1.9067708333333335,True,real_attachments/C_efficiency_evolution/detailed_results/EpistemeAI_Fireball-Meta-Llama-3.1-8B-Instruct-Agent-0.003-128K-code-ds-auto/results_2024-10-29T22-09-32.822876.json,1.2106770833333331,chat_finetuned,23.74994070118673,2024-10-29,0.6960937500000004
EpistemeAI/Fireball-Meta-Llama-3.1-8B-Instruct-Agent-0.004-128K-code-COT,6.450260416666667,True,real_attachments/C_efficiency_evolution/detailed_results/EpistemeAI_Fireball-Meta-Llama-3.1-8B-Instruct-Agent-0.004-128K-code-COT/results_2024-10-11T07-28-43.923029.json,6.450260416666667,chat_finetuned,20.857427405175983,2024-10-11,0.0
EpistemeAI/Fireball-Meta-Llama-3.1-8B-Instruct-Agent-0.004-128K-code-ds-auto,2.0833333333333326,True,real_attachments/C_efficiency_evolution/detailed_results/EpistemeAI_Fireball-Meta-Llama-3.1-8B-Instruct-Agent-0.004-128K-code-ds-auto/results_2025-02-13T18-27-04.338360.json,2.0833333333333326,chat_finetuned,23.874258540372427,2024-11-14,0.0
EpistemeAI/Fireball-Meta-Llama-3.1-8B-Instruct-Math,5.97578125,True,real_attachments/C_efficiency_evolution/detailed_results/EpistemeAI_Fireball-Meta-Llama-3.1-8B-Instruct-Math/results_2024-09-24T02-54-03.656817.json,5.97578125,chat_finetuned,20.557928990030614,2024-09-23,0.0
EpistemeAI/Fireball-Meta-Llama-3.2-8B-Instruct-agent-003-128k-code-DPO,8.077864583333334,True,real_attachments/C_efficiency_evolution/detailed_results/EpistemeAI_Fireball-Meta-Llama-3.2-8B-Instruct-agent-003-128k-code-DPO/results_2024-10-09T10-38-32.448780.json,8.077864583333334,chat_finetuned,21.293561415203758,2024-10-09,0.0
EpistemeAI/Fireball-Mistral-Nemo-Base-2407-v1-DPO2,9.501302083333336,True,real_attachments/C_efficiency_evolution/detailed_results/EpistemeAI_Fireball-Mistral-Nemo-Base-2407-v1-DPO2/results_2025-02-13T18-27-04.338360.json,9.501302083333336,chat_finetuned,15.339340300308171,2024-08-19,0.0
EpistemeAI/Fireball-R1-Llama-3.1-8B,1.432291666666666,True,real_attachments/C_efficiency_evolution/detailed_results/EpistemeAI_Fireball-R1-Llama-3.1-8B/results_2025-02-19T13-46-24.133657.json,1.432291666666666,chat_finetuned,14.729862999540122,2025-02-12,0.0
EpistemeAI/Llama-3.2-3B-Agent007-Coder,7.783593750000001,True,real_attachments/C_efficiency_evolution/detailed_results/EpistemeAI_Llama-3.2-3B-Agent007-Coder/results_2025-02-13T18-27-04.338360.json,7.783593750000001,chat_finetuned,18.91456180890705,2024-10-08,0.0
EpistemeAI/Mistral-Nemo-Instruct-12B-Philosophy-Math,12.885677083333329,True,real_attachments/C_efficiency_evolution/detailed_results/EpistemeAI_Mistral-Nemo-Instruct-12B-Philosophy-Math/results_2025-02-13T18-27-04.338360.json,12.885677083333327,chat_finetuned,16.60399677564458,2024-09-26,1.7763568394002505e-15
EpistemeAI/OpenReasoner-Llama-3.2-3B-rs1.0,2.024479166666666,True,real_attachments/C_efficiency_evolution/detailed_results/EpistemeAI_OpenReasoner-Llama-3.2-3B-rs1.0/results_2025-02-18T16-15-11.292536.json,2.024479166666666,chat_finetuned,22.939578822051278,2025-02-15,0.0
EpistemeAI/Polypsyche-Llama-3.1-8B-Instruct-Agent-0.003-128K-code-ds-auto-Empathy,1.2695312499999996,True,real_attachments/C_efficiency_evolution/detailed_results/EpistemeAI_Polypsyche-Llama-3.1-8B-Instruct-Agent-0.003-128K-code-ds-auto-Empathy/results_2025-02-13T18-27-04.338360.json,1.2695312499999996,chat_finetuned,23.321646038971995,2024-12-13,0.0
EpistemeAI/Polypsyche-Llama-3.1-8B-Instruct-Agent-0.003-128K-code-ds-auto-Logic,1.2695312499999996,True,real_attachments/C_efficiency_evolution/detailed_results/EpistemeAI_Polypsyche-Llama-3.1-8B-Instruct-Agent-0.003-128K-code-ds-auto-Logic/results_2024-12-20T17-44-58.771039.json,1.2695312499999996,chat_finetuned,23.204900560269166,2024-12-20,0.0
EpistemeAI/Polypsyche-Llama-3.1-8B-Instruct-Agent-0.003-128K-code-ds-auto-divergent,5.518750000000002,True,real_attachments/C_efficiency_evolution/detailed_results/EpistemeAI_Polypsyche-Llama-3.1-8B-Instruct-Agent-0.003-128K-code-ds-auto-divergent/results_2024-12-20T17-48-24.829103.json,5.518750000000002,chat_finetuned,23.02725584049078,2024-12-20,0.0
EpistemeAI/Reasoning-Llama-3.1-CoT-RE1-NMT,0.9440104166666662,True,real_attachments/C_efficiency_evolution/detailed_results/EpistemeAI_Reasoning-Llama-3.1-CoT-RE1-NMT/results_2025-01-29T06-39-48.331687.json,0.9440104166666662,chat_finetuned,19.208175433660585,2025-01-29,0.0
EpistemeAI/Reasoning-Llama-3.1-CoT-RE1-NMT-V2-ORPO,7.173958333333332,True,real_attachments/C_efficiency_evolution/detailed_results/EpistemeAI_Reasoning-Llama-3.1-CoT-RE1-NMT-V2-ORPO/results_2025-02-13T18-27-04.338360.json,7.173958333333332,chat_finetuned,21.331579969605,2025-01-31,0.0
EpistemeAI/Reasoning-Llama-3.2-1B-Instruct-v1.2,1.1067708333333328,True,real_attachments/C_efficiency_evolution/detailed_results/EpistemeAI_Reasoning-Llama-3.2-1B-Instruct-v1.2/results_2025-02-13T18-27-04.338360.json,1.1067708333333328,chat_finetuned,9.508931658156023,2025-02-04,0.0
EpistemeAI/Reasoning-Llama-3.2-1B-Instruct-v1.3,2.0833333333333326,True,real_attachments/C_efficiency_evolution/detailed_results/EpistemeAI_Reasoning-Llama-3.2-1B-Instruct-v1.3/results_2025-02-13T18-27-04.338360.json,2.0833333333333326,chat_finetuned,8.170098865797046,2025-02-05,0.0
EpistemeAI/Reasoning-Llama-3.2-3B-Math-Instruct-RE1,2.1734375000000004,True,real_attachments/C_efficiency_evolution/detailed_results/EpistemeAI_Reasoning-Llama-3.2-3B-Math-Instruct-RE1/results_2025-02-13T18-27-04.338360.json,,,,,
EpistemeAI/Reasoning-Llama-3.2-3B-Math-Instruct-RE1-ORPO,2.8833333333333333,True,real_attachments/C_efficiency_evolution/detailed_results/EpistemeAI_Reasoning-Llama-3.2-3B-Math-Instruct-RE1-ORPO/results_2025-02-13T18-27-04.338360.json,2.8833333333333333,chat_finetuned,23.430640115437427,2025-02-04,0.0
EpistemeAI/ReasoningCore-3B-T1_1,2.720572916666667,True,real_attachments/C_efficiency_evolution/detailed_results/EpistemeAI_ReasoningCore-3B-T1_1/results_2025-02-13T18-27-04.338360.json,2.720572916666667,chat_finetuned,23.49247452002091,2025-02-06,0.0
Eric111/CatunaMayo,15.348697916666667,True,real_attachments/C_efficiency_evolution/detailed_results/Eric111_CatunaMayo/results_2025-02-13T18-27-04.338360.json,15.348697916666667,chat_finetuned,21.27397881040676,2024-07-03,0.0
Eric111/CatunaMayo-DPO,14.662239583333337,True,real_attachments/C_efficiency_evolution/detailed_results/Eric111_CatunaMayo-DPO/results_2025-02-13T18-27-04.338360.json,14.662239583333337,chat_finetuned,21.292884967568227,2024-06-27,0.0
Etherll/Chocolatine-3B-Instruct-DPO-Revised-Ties,17.817187499999996,True,real_attachments/C_efficiency_evolution/detailed_results/Etherll_Chocolatine-3B-Instruct-DPO-Revised-Ties/results_2025-02-13T18-27-04.338360.json,,,,,
Etherll/Chocolatine-3B-Instruct-DPO-Revised-Ties-v2,17.817187499999996,True,real_attachments/C_efficiency_evolution/detailed_results/Etherll_Chocolatine-3B-Instruct-DPO-Revised-Ties-v2/results_2025-02-13T18-27-04.338360.json,,,,,
Etherll/Herplete-LLM-Llama-3.1-8b,8.614843749999995,True,real_attachments/C_efficiency_evolution/detailed_results/Etherll_Herplete-LLM-Llama-3.1-8b/results_2025-02-13T18-27-04.338360.json,,,,,
Etherll/Herplete-LLM-Llama-3.1-8b-Ties,8.948177083333329,True,real_attachments/C_efficiency_evolution/detailed_results/Etherll_Herplete-LLM-Llama-3.1-8b-Ties/results_2024-10-17T17-17-33.503999.json,,,,,
Etherll/Qwen2.5-7B-della-test,8.987239583333334,True,real_attachments/C_efficiency_evolution/detailed_results/Etherll_Qwen2.5-7B-della-test/results_2025-02-13T18-27-04.338360.json,,,,,
Etherll/Qwen2.5-Coder-7B-Instruct-Ties,13.426822916666667,True,real_attachments/C_efficiency_evolution/detailed_results/Etherll_Qwen2.5-Coder-7B-Instruct-Ties/results_2025-02-13T18-27-04.338360.json,,,,,
Etherll/Replete-LLM-V3-Llama-3.1-8b,2.0557291666666675,True,real_attachments/C_efficiency_evolution/detailed_results/Etherll_Replete-LLM-V3-Llama-3.1-8b/results_2025-02-13T18-27-04.338360.json,,,,,
Etherll/SuperHermes,14.938541666666666,True,real_attachments/C_efficiency_evolution/detailed_results/Etherll_SuperHermes/results_2025-02-13T18-27-04.338360.json,,,,,
Eurdem/Defne-llama3.1-8B,10.12473958333333,True,real_attachments/C_efficiency_evolution/detailed_results/Eurdem_Defne-llama3.1-8B/results_2024-08-12T18-16-51.931979.json,13.53671875,chat_finetuned,25.120605411030215,2024-08-14,-3.4119791666666703
FINGU-AI/L3-8B,8.687500000000002,True,real_attachments/C_efficiency_evolution/detailed_results/FINGU-AI_L3-8B/results_2025-02-13T18-27-04.338360.json,8.687500000000002,merge,28.91453457774598,2025-01-18,0.0
FINGU-AI/Phi-4-RRStock,14.960156250000002,True,real_attachments/C_efficiency_evolution/detailed_results/FINGU-AI_Phi-4-RRStock/results_2025-02-05T16-09-19.318994.json,14.960156250000002,merge,26.415394122718638,2025-02-05,0.0
FINGU-AI/Q-Small-3B,8.067708333333334,True,real_attachments/C_efficiency_evolution/detailed_results/FINGU-AI_Q-Small-3B/results_2025-02-13T18-27-04.338360.json,8.067708333333334,merge,16.89041454501282,2025-01-21,0.0
FINGU-AI/QwQ-Buddy-32B-Alpha,24.41536458333333,True,real_attachments/C_efficiency_evolution/detailed_results/FINGU-AI_QwQ-Buddy-32B-Alpha/results_2025-02-13T18-27-04.338360.json,24.41536458333333,merge,35.1782720586928,2025-02-05,0.0
FINGU-AI/RomboUltima-32B,21.721093749999998,True,real_attachments/C_efficiency_evolution/detailed_results/FINGU-AI_RomboUltima-32B/results_2025-02-13T18-27-04.338360.json,21.72109375,merge,44.731545333278405,2025-02-02,-3.552713678800501e-15
FallenMerick/Chewy-Lemon-Cookie-11B,15.952343750000002,True,real_attachments/C_efficiency_evolution/detailed_results/FallenMerick_Chewy-Lemon-Cookie-11B/results_2025-02-13T18-27-04.338360.json,15.952343750000002,merge,22.043725653783586,2024-06-27,0.0
Felladrin/Llama-160M-Chat-v1,3.165625,True,real_attachments/C_efficiency_evolution/detailed_results/Felladrin_Llama-160M-Chat-v1/results_2024-07-25T09-54-15.757000.json,3.165625,chat_finetuned,4.201766115349323,2024-07-23,0.0
Felladrin/Minueza-32M-UltraChat,4.640104166666668,True,real_attachments/C_efficiency_evolution/detailed_results/Felladrin_Minueza-32M-UltraChat/results_2025-02-13T18-27-04.338360.json,4.640104166666668,chat_finetuned,3.9242559881806987,2024-07-23,0.0
FlofloB/100k_fineweb_continued_pretraining_Qwen2.5-0.5B-Instruct_Unsloth_merged_16bit,0.9440104166666662,True,real_attachments/C_efficiency_evolution/detailed_results/FlofloB_100k_fineweb_continued_pretraining_Qwen2.5-0.5B-Instruct_Unsloth_merged_16bit/results_2025-02-13T18-27-04.338360.json,0.9440104166666662,continued,8.550830451075553,2024-11-29,0.0
FlofloB/10k_continued_pretraining_Phi-3-mini-4k-instruct_Unsloth_merged_16bit,13.569791666666662,True,real_attachments/C_efficiency_evolution/detailed_results/FlofloB_10k_continued_pretraining_Phi-3-mini-4k-instruct_Unsloth_merged_16bit/results_2024-11-22T17-10-30.745797.json,13.569791666666662,continued,24.04356389387962,2024-11-22,0.0
FlofloB/10k_continued_pretraining_Qwen2.5-0.5B-Instruct_Unsloth_merged_16bit,1.47734375,True,real_attachments/C_efficiency_evolution/detailed_results/FlofloB_10k_continued_pretraining_Qwen2.5-0.5B-Instruct_Unsloth_merged_16bit/results_2024-11-25T18-35-35.437059.json,1.47734375,continued,8.363924265648496,2024-11-25,0.0
FlofloB/40k_continued_pretraining_Qwen2.5-0.5B-Instruct_Unsloth_merged_16bit,1.5361979166666664,True,real_attachments/C_efficiency_evolution/detailed_results/FlofloB_40k_continued_pretraining_Qwen2.5-0.5B-Instruct_Unsloth_merged_16bit/results_2024-11-25T20-12-20.428213.json,1.5361979166666664,continued,8.381580312764262,2024-11-25,0.0
FlofloB/83k_continued_pretraining_Qwen2.5-0.5B-Instruct_Unsloth_merged_16bit,1.4184895833333335,True,real_attachments/C_efficiency_evolution/detailed_results/FlofloB_83k_continued_pretraining_Qwen2.5-0.5B-Instruct_Unsloth_merged_16bit/results_2025-02-13T18-27-04.338360.json,1.4184895833333335,continued,8.42746112114181,2024-11-26,0.0
FlofloB/smollm2-135M_pretrained_1000k_fineweb,3.2911458333333328,True,real_attachments/C_efficiency_evolution/detailed_results/FlofloB_smollm2-135M_pretrained_1000k_fineweb/results_2025-02-13T18-27-04.338360.json,3.2911458333333328,pretrained,4.20780841481479,2025-01-14,0.0
FlofloB/smollm2-135M_pretrained_1000k_fineweb_uncovai_human_removed,3.2539062500000004,True,real_attachments/C_efficiency_evolution/detailed_results/FlofloB_smollm2-135M_pretrained_1000k_fineweb_uncovai_human_removed/results_2025-02-13T18-27-04.338360.json,3.2539062500000004,pretrained,4.061349913080629,2025-01-27,0.0
FlofloB/smollm2-135M_pretrained_1000k_fineweb_uncovai_selected,8.995052083333334,True,real_attachments/C_efficiency_evolution/detailed_results/FlofloB_smollm2-135M_pretrained_1000k_fineweb_uncovai_selected/results_2025-02-13T18-27-04.338360.json,8.995052083333334,pretrained,5.0558427645833435,2025-01-12,0.0
FlofloB/smollm2-135M_pretrained_1200k_fineweb,3.65390625,True,real_attachments/C_efficiency_evolution/detailed_results/FlofloB_smollm2-135M_pretrained_1200k_fineweb/results_2025-02-13T18-27-04.338360.json,3.65390625,pretrained,4.188312239003598,2025-01-12,0.0
FlofloB/smollm2-135M_pretrained_1200k_fineweb_uncovai_human_removed,3.416666666666666,True,real_attachments/C_efficiency_evolution/detailed_results/FlofloB_smollm2-135M_pretrained_1200k_fineweb_uncovai_human_removed/results_2025-02-13T18-27-04.338360.json,3.416666666666666,pretrained,4.280291147523802,2025-01-27,0.0
FlofloB/smollm2-135M_pretrained_1200k_fineweb_uncovai_selected,1.7578124999999993,True,real_attachments/C_efficiency_evolution/detailed_results/FlofloB_smollm2-135M_pretrained_1200k_fineweb_uncovai_selected/results_2025-02-13T18-27-04.338360.json,1.7578124999999991,pretrained,4.03050468089069,2025-01-14,2.220446049250313e-16
FlofloB/smollm2-135M_pretrained_1400k_fineweb,6.016666666666666,True,real_attachments/C_efficiency_evolution/detailed_results/FlofloB_smollm2-135M_pretrained_1400k_fineweb/results_2025-02-13T18-27-04.338360.json,6.016666666666666,pretrained,4.992957353487976,2025-01-13,0.0
FlofloB/smollm2-135M_pretrained_1400k_fineweb_uncovai_human_removed,7.008854166666666,True,real_attachments/C_efficiency_evolution/detailed_results/FlofloB_smollm2-135M_pretrained_1400k_fineweb_uncovai_human_removed/results_2025-02-13T18-27-04.338360.json,7.008854166666666,pretrained,5.063032045008573,2025-01-28,0.0
FlofloB/smollm2-135M_pretrained_1400k_fineweb_uncovai_selected,4.6911458333333345,True,real_attachments/C_efficiency_evolution/detailed_results/FlofloB_smollm2-135M_pretrained_1400k_fineweb_uncovai_selected/results_2025-02-13T18-27-04.338360.json,4.6911458333333345,pretrained,4.624639622707802,2025-01-13,0.0
FlofloB/smollm2-135M_pretrained_200k_fineweb_uncovai_human_removed,2.897135416666666,True,real_attachments/C_efficiency_evolution/detailed_results/FlofloB_smollm2-135M_pretrained_200k_fineweb_uncovai_human_removed/results_2025-02-13T18-27-04.338360.json,2.897135416666666,pretrained,3.8819679158721776,2025-01-17,0.0
FlofloB/smollm2-135M_pretrained_200k_fineweb_uncovai_selected,2.853906249999999,True,real_attachments/C_efficiency_evolution/detailed_results/FlofloB_smollm2-135M_pretrained_200k_fineweb_uncovai_selected/results_2025-02-13T18-27-04.338360.json,2.853906249999999,pretrained,3.4920262751647093,2025-01-08,0.0
FlofloB/smollm2-135M_pretrained_400k_fineweb,4.995052083333334,True,real_attachments/C_efficiency_evolution/detailed_results/FlofloB_smollm2-135M_pretrained_400k_fineweb/results_2025-02-13T18-27-04.338360.json,4.995052083333334,pretrained,4.224944649553536,2025-01-10,0.0
FlofloB/smollm2-135M_pretrained_400k_fineweb_uncovai_human_removed,6.016666666666666,True,real_attachments/C_efficiency_evolution/detailed_results/FlofloB_smollm2-135M_pretrained_400k_fineweb_uncovai_human_removed/results_2025-02-13T18-27-04.338360.json,6.016666666666666,pretrained,4.710926533341114,2025-01-18,0.0
FlofloB/smollm2-135M_pretrained_400k_fineweb_uncovai_selected,5.416666666666668,True,real_attachments/C_efficiency_evolution/detailed_results/FlofloB_smollm2-135M_pretrained_400k_fineweb_uncovai_selected/results_2025-02-13T18-27-04.338360.json,5.416666666666668,pretrained,4.38733089603933,2025-01-09,0.0
FlofloB/smollm2-135M_pretrained_600k_fineweb,5.373437499999999,True,real_attachments/C_efficiency_evolution/detailed_results/FlofloB_smollm2-135M_pretrained_600k_fineweb/results_2025-02-13T18-27-04.338360.json,5.373437499999999,pretrained,4.886739290130319,2025-01-11,0.0
FlofloB/smollm2-135M_pretrained_600k_fineweb_uncovai_human_removed,4.816666666666667,True,real_attachments/C_efficiency_evolution/detailed_results/FlofloB_smollm2-135M_pretrained_600k_fineweb_uncovai_human_removed/results_2025-02-13T18-27-04.338360.json,4.816666666666667,pretrained,4.644401741390064,2025-01-19,0.0
FlofloB/smollm2-135M_pretrained_600k_fineweb_uncovai_selected,5.712760416666669,True,real_attachments/C_efficiency_evolution/detailed_results/FlofloB_smollm2-135M_pretrained_600k_fineweb_uncovai_selected/results_2025-02-13T18-27-04.338360.json,5.712760416666669,pretrained,4.657606376854525,2025-01-09,0.0
FlofloB/smollm2-135M_pretrained_800k_fineweb,3.765625,True,real_attachments/C_efficiency_evolution/detailed_results/FlofloB_smollm2-135M_pretrained_800k_fineweb/results_2025-02-13T18-27-04.338360.json,3.765625,pretrained,4.17450578103981,2025-01-14,0.0
FlofloB/smollm2-135M_pretrained_800k_fineweb_uncovai_human_removed,8.208854166666667,True,real_attachments/C_efficiency_evolution/detailed_results/FlofloB_smollm2-135M_pretrained_800k_fineweb_uncovai_human_removed/results_2025-02-13T18-27-04.338360.json,8.208854166666667,pretrained,5.03254333671229,2025-01-19,0.0
FlofloB/smollm2-135M_pretrained_800k_fineweb_uncovai_selected,4.579427083333333,True,real_attachments/C_efficiency_evolution/detailed_results/FlofloB_smollm2-135M_pretrained_800k_fineweb_uncovai_selected/results_2025-02-13T18-27-04.338360.json,4.579427083333333,pretrained,4.118739390912178,2025-01-14,0.0
FlofloB/smollm2_pretrained_200k_fineweb,3.7421874999999996,True,real_attachments/C_efficiency_evolution/detailed_results/FlofloB_smollm2_pretrained_200k_fineweb/results_2025-02-13T18-27-04.338360.json,3.7421875,pretrained,4.00559929596115,2025-01-08,-4.440892098500626e-16
FlofloB/test_continued_pretraining_Phi-3-mini-4k-instruct_Unsloth_merged_16bit,12.452083333333329,True,real_attachments/C_efficiency_evolution/detailed_results/FlofloB_test_continued_pretraining_Phi-3-mini-4k-instruct_Unsloth_merged_16bit/results_2024-11-21T23-44-40.262072.json,12.452083333333327,continued,24.48570245546706,2024-11-21,1.7763568394002505e-15
FuJhen/ft-openhermes-25-mistral-7b-irca-dpo-pairs,11.20520833333333,True,real_attachments/C_efficiency_evolution/detailed_results/FuJhen_ft-openhermes-25-mistral-7b-irca-dpo-pairs/results_2024-09-14T01-13-21.040681.json,11.20520833333333,chat_finetuned,20.395988185954646,2024-09-12,0.0
FuJhen/mistral-instruct-7B-DPO,9.428645833333329,True,real_attachments/C_efficiency_evolution/detailed_results/FuJhen_mistral-instruct-7B-DPO/results_2024-09-14T01-09-08.984631.json,9.428645833333327,chat_finetuned,19.029530782130642,2024-09-12,1.7763568394002505e-15
FuJhen/mistral_7b_v0.1_structedData_e2e,5.6364583333333345,True,real_attachments/C_efficiency_evolution/detailed_results/FuJhen_mistral_7b_v0.1_structedData_e2e/results_2024-09-18T13-35-58.119143.json,5.6364583333333345,chat_finetuned,10.909311048443838,2024-09-13,0.0
FuJhen/mistral_7b_v0.1_structedData_viggo,3.9265625000000015,True,real_attachments/C_efficiency_evolution/detailed_results/FuJhen_mistral_7b_v0.1_structedData_viggo/results_2025-02-13T18-27-04.338360.json,3.9265625000000015,chat_finetuned,12.440582510781873,2024-09-13,0.0
FuseAI/FuseChat-7B-v2.0,20.224999999999994,True,real_attachments/C_efficiency_evolution/detailed_results/FuseAI_FuseChat-7B-v2.0/results_2025-02-13T18-27-04.338360.json,20.22499999999999,chat_finetuned,20.14636743747765,2024-11-21,3.552713678800501e-15
FuseAI/FuseChat-Llama-3.1-8B-Instruct,6.150000000000006,True,real_attachments/C_efficiency_evolution/detailed_results/FuseAI_FuseChat-Llama-3.1-8B-Instruct/results_2025-01-07T07-01-34.828380.json,6.150000000000006,chat_finetuned,28.595509644559655,2025-01-07,0.0
FuseAI/FuseChat-Llama-3.2-3B-Instruct,7.691145833333336,True,real_attachments/C_efficiency_evolution/detailed_results/FuseAI_FuseChat-Llama-3.2-3B-Instruct/results_2025-02-18T20-26-21.852409.json,,,,,
FuseAI/FuseChat-Qwen-2.5-7B-Instruct,6.720572916666669,True,real_attachments/C_efficiency_evolution/detailed_results/FuseAI_FuseChat-Qwen-2.5-7B-Instruct/results_2025-02-13T18-27-04.338360.json,,,,,
GalrionSoftworks/MN-LooseCannon-12B-v1,10.963802083333329,True,real_attachments/C_efficiency_evolution/detailed_results/GalrionSoftworks_MN-LooseCannon-12B-v1/results_2025-02-13T18-27-04.338360.json,,,,,
GalrionSoftworks/MagnusIntellectus-12B-v1,15.183593749999995,True,real_attachments/C_efficiency_evolution/detailed_results/GalrionSoftworks_MagnusIntellectus-12B-v1/results_2025-02-13T18-27-04.338360.json,15.183593749999996,merge,21.773295532025813,2024-09-05,-1.7763568394002505e-15
GenVRadmin/AryaBhatta-GemmaOrca-2-Merged,16.9109375,True,real_attachments/C_efficiency_evolution/detailed_results/GenVRadmin_AryaBhatta-GemmaOrca-2-Merged/results_2025-02-06T10-54-15.198935.json,16.9109375,chat_finetuned,14.006450277637631,2025-02-06,0.0
GenVRadmin/AryaBhatta-GemmaOrca-Merged,4.081510416666666,True,real_attachments/C_efficiency_evolution/detailed_results/GenVRadmin_AryaBhatta-GemmaOrca-Merged/results_2025-02-06T10-43-35.410744.json,4.081510416666666,chat_finetuned,11.99472750549792,2025-02-06,0.0
GenVRadmin/AryaBhatta-GemmaUltra-Merged,11.6484375,True,real_attachments/C_efficiency_evolution/detailed_results/GenVRadmin_AryaBhatta-GemmaUltra-Merged/results_2025-02-13T18-27-04.338360.json,11.6484375,chat_finetuned,13.28281509458921,2025-02-06,0.0
GenVRadmin/llama38bGenZ_Vikas-Merged,13.620833333333332,True,real_attachments/C_efficiency_evolution/detailed_results/GenVRadmin_llama38bGenZ_Vikas-Merged/results_2025-02-06T10-43-30.868879.json,13.620833333333332,chat_finetuned,16.09338316937527,2025-02-06,0.0
GoToCompany/gemma2-9b-cpt-sahabatai-v1-instruct,19.333072916666662,True,real_attachments/C_efficiency_evolution/detailed_results/GoToCompany_gemma2-9b-cpt-sahabatai-v1-instruct/results_2024-11-21T16-06-20.952173.json,19.333072916666666,chat_finetuned,32.46826016178984,2024-11-20,-3.552713678800501e-15
GoToCompany/llama3-8b-cpt-sahabatai-v1-instruct,15.172135416666663,True,real_attachments/C_efficiency_evolution/detailed_results/GoToCompany_llama3-8b-cpt-sahabatai-v1-instruct/results_2025-02-13T18-27-04.338360.json,15.172135416666665,chat_finetuned,23.05939902243402,2024-11-20,-1.7763568394002505e-15
Goekdeniz-Guelmez/Josiefied-Qwen2.5-0.5B-Instruct-abliterated-v1,0.7812499999999996,True,real_attachments/C_efficiency_evolution/detailed_results/Goekdeniz-Guelmez_Josiefied-Qwen2.5-0.5B-Instruct-abliterated-v1/results_2025-02-13T18-27-04.338360.json,0.7812499999999996,chat_finetuned,9.768236092545303,2024-11-18,0.0
Goekdeniz-Guelmez/Josiefied-Qwen2.5-1.5B-Instruct-abliterated-v1,4.002864583333333,True,real_attachments/C_efficiency_evolution/detailed_results/Goekdeniz-Guelmez_Josiefied-Qwen2.5-1.5B-Instruct-abliterated-v1/results_2024-09-28T10-58-22.921064.json,4.002864583333333,chat_finetuned,18.44117473256343,2024-09-28,0.0
Goekdeniz-Guelmez/Josiefied-Qwen2.5-1.5B-Instruct-abliterated-v2,4.7067708333333345,True,real_attachments/C_efficiency_evolution/detailed_results/Goekdeniz-Guelmez_Josiefied-Qwen2.5-1.5B-Instruct-abliterated-v2/results_2024-09-28T10-55-49.897632.json,4.7067708333333345,chat_finetuned,15.56674922027016,2024-09-28,0.0
Goekdeniz-Guelmez/Josiefied-Qwen2.5-1.5B-Instruct-abliterated-v3,4.240104166666668,True,real_attachments/C_efficiency_evolution/detailed_results/Goekdeniz-Guelmez_Josiefied-Qwen2.5-1.5B-Instruct-abliterated-v3/results_2024-09-28T10-55-18.813510.json,4.240104166666668,chat_finetuned,15.592787360948462,2024-09-28,0.0
Goekdeniz-Guelmez/Josiefied-Qwen2.5-14B-Instruct-abliterated-v4,13.15,True,real_attachments/C_efficiency_evolution/detailed_results/Goekdeniz-Guelmez_Josiefied-Qwen2.5-14B-Instruct-abliterated-v4/results_2025-02-13T18-27-04.338360.json,13.15,chat_finetuned,42.550065874753976,2024-10-23,0.0
Goekdeniz-Guelmez/Josiefied-Qwen2.5-7B-Instruct-abliterated-v2,13.957812500000003,True,real_attachments/C_efficiency_evolution/detailed_results/Goekdeniz-Guelmez_Josiefied-Qwen2.5-7B-Instruct-abliterated-v2/results_2025-02-13T18-27-04.338360.json,13.957812500000005,chat_finetuned,35.316633378899176,2024-10-08,-1.7763568394002505e-15
Goekdeniz-Guelmez/j.o.s.i.e.v4o-1.5b-dpo-stage1-v1,1.4401041666666685,True,real_attachments/C_efficiency_evolution/detailed_results/Goekdeniz-Guelmez_j.o.s.i.e.v4o-1.5b-dpo-stage1-v1/results_2025-02-13T18-27-04.338360.json,1.4401041666666683,chat_finetuned,15.07804770111701,2024-10-08,2.220446049250313e-16
Goekdeniz-Guelmez/josie-3b-v6.0,6.098958333333333,True,real_attachments/C_efficiency_evolution/detailed_results/Goekdeniz-Guelmez_josie-3b-v6.0/results_2025-02-13T18-27-04.338360.json,6.098958333333333,chat_finetuned,24.746540779866937,2025-01-07,0.0
Goekdeniz-Guelmez/josie-7b-v6.0,10.557812499999999,True,real_attachments/C_efficiency_evolution/detailed_results/Goekdeniz-Guelmez_josie-7b-v6.0/results_2025-02-13T18-27-04.338360.json,10.5578125,chat_finetuned,32.374168071296964,2025-01-07,-1.7763568394002505e-15
Goekdeniz-Guelmez/josie-7b-v6.0-step2000,17.208854166666665,True,real_attachments/C_efficiency_evolution/detailed_results/Goekdeniz-Guelmez_josie-7b-v6.0-step2000/results_2025-02-13T18-27-04.338360.json,17.7421875,chat_finetuned,26.97043751712353,2024-12-11,-0.533333333333335
GreenNode/GreenNode-small-9B-it,11.652083333333337,True,real_attachments/C_efficiency_evolution/detailed_results/GreenNode_GreenNode-small-9B-it/results_2025-02-13T18-27-04.338360.json,,,,,
GritLM/GritLM-7B-KTO,6.6442708333333345,True,real_attachments/C_efficiency_evolution/detailed_results/GritLM_GritLM-7B-KTO/results_2025-02-13T18-27-04.338360.json,6.6442708333333345,chat_finetuned,19.2358949114183,2024-08-04,0.0
GritLM/GritLM-8x7B-KTO,11.673697916666669,True,real_attachments/C_efficiency_evolution/detailed_results/GritLM_GritLM-8x7B-KTO/results_2025-02-13T18-27-04.338360.json,11.673697916666669,chat_finetuned,26.2413047085506,2024-08-04,0.0
Groq/Llama-3-Groq-8B-Tool-Use,5.3872395833333355,True,real_attachments/C_efficiency_evolution/detailed_results/Groq_Llama-3-Groq-8B-Tool-Use/results_2025-02-13T18-27-04.338360.json,5.3872395833333355,chat_finetuned,21.44560137489326,2025-01-01,0.0
Gryphe/Pantheon-RP-1.0-8b-Llama-3,5.504947916666667,True,real_attachments/C_efficiency_evolution/detailed_results/Gryphe_Pantheon-RP-1.0-8b-Llama-3/results_2025-02-13T18-27-04.338360.json,5.504947916666667,chat_finetuned,16.87312240356046,2024-06-27,0.0
Gryphe/Pantheon-RP-1.5-12b-Nemo,15.053906250000004,True,real_attachments/C_efficiency_evolution/detailed_results/Gryphe_Pantheon-RP-1.5-12b-Nemo/results_2025-02-13T18-27-04.338360.json,15.053906250000004,chat_finetuned,21.32374664039768,2024-08-04,0.0
Gryphe/Pantheon-RP-1.6-12b-Nemo,12.92838541666667,True,real_attachments/C_efficiency_evolution/detailed_results/Gryphe_Pantheon-RP-1.6-12b-Nemo/results_2025-02-13T18-27-04.338360.json,12.92838541666667,chat_finetuned,20.56659922855925,2024-08-31,0.0
Gryphe/Pantheon-RP-1.6-12b-Nemo-KTO,12.165625,True,real_attachments/C_efficiency_evolution/detailed_results/Gryphe_Pantheon-RP-1.6-12b-Nemo-KTO/results_2025-02-13T18-27-04.338360.json,12.165625,chat_finetuned,21.558598525492474,2024-08-31,0.0
Gryphe/Pantheon-RP-Pure-1.6.2-22b-Small,4.393229166666666,True,real_attachments/C_efficiency_evolution/detailed_results/Gryphe_Pantheon-RP-Pure-1.6.2-22b-Small/results_2025-02-13T18-27-04.338360.json,,,,,
Gunulhona/Gemma-Ko-Merge,9.120572916666667,True,real_attachments/C_efficiency_evolution/detailed_results/Gunulhona_Gemma-Ko-Merge/results_2024-10-29T06-01-37.065452.json,,,,,
Gunulhona/Gemma-Ko-Merge-PEFT,7.056249999999999,True,real_attachments/C_efficiency_evolution/detailed_results/Gunulhona_Gemma-Ko-Merge-PEFT/results_2025-02-13T18-27-04.338360.json,,,,,
HPAI-BSC/Llama3-Aloe-8B-Alpha,5.8755208333333355,True,real_attachments/C_efficiency_evolution/detailed_results/HPAI-BSC_Llama3-Aloe-8B-Alpha/results_2024-10-29T15-05-18.647108.json,5.8755208333333355,chat_finetuned,20.23044725696465,2024-10-29,0.0
HPAI-BSC/Llama3.1-Aloe-Beta-8B,6.126562500000003,True,real_attachments/C_efficiency_evolution/detailed_results/HPAI-BSC_Llama3.1-Aloe-Beta-8B/results_2024-11-06T18-55-21.201805.json,6.8322916666666655,chat_finetuned,26.52419518267398,2024-11-07,-0.7057291666666625
HPAI-BSC/Qwen2.5-Aloe-Beta-7B,12.920572916666664,True,real_attachments/C_efficiency_evolution/detailed_results/HPAI-BSC_Qwen2.5-Aloe-Beta-7B/results_2024-12-18T05-23-22.292212.json,12.920572916666664,chat_finetuned,27.826720985708487,2024-12-17,0.0
Hastagaras/Llama-3.1-Jamet-8B-MK.I,6.142187500000003,True,real_attachments/C_efficiency_evolution/detailed_results/Hastagaras_Llama-3.1-Jamet-8B-MK.I/results_2024-11-19T23-48-47.605970.json,6.142187500000003,chat_finetuned,25.42380601749484,2024-11-18,0.0
Hastagaras/Zabuza-8B-Llama-3.1,4.8989583333333355,True,real_attachments/C_efficiency_evolution/detailed_results/Hastagaras_Zabuza-8B-Llama-3.1/results_2024-11-06T19-01-58.072743.json,4.8989583333333355,merge,19.92582695678787,2024-11-05,0.0
HelpingAI/Cipher-20B,8.169791666666669,True,real_attachments/C_efficiency_evolution/detailed_results/HelpingAI_Cipher-20B/results_2025-02-13T18-27-04.338360.json,,,,,
HelpingAI/Priya-10B,5.208854166666668,True,real_attachments/C_efficiency_evolution/detailed_results/HelpingAI_Priya-10B/results_2025-02-13T18-27-04.338360.json,,,,,
HelpingAI/Priya-3B,3.779427083333333,True,real_attachments/C_efficiency_evolution/detailed_results/HelpingAI_Priya-3B/results_2025-02-13T18-27-04.338360.json,,,,,
HeraiHench/Double-Down-Qwen-Math-7B,3.873697916666666,True,real_attachments/C_efficiency_evolution/detailed_results/HeraiHench_Double-Down-Qwen-Math-7B/results_2025-02-13T18-27-04.338360.json,,,,,
HeraiHench/Marge-Qwen-Math-7B,7.3716145833333355,True,real_attachments/C_efficiency_evolution/detailed_results/HeraiHench_Marge-Qwen-Math-7B/results_2025-02-13T18-27-04.338360.json,,,,,
HeraiHench/Phi-4-slerp-ReasoningRP-14B,0.6184895833333329,True,real_attachments/C_efficiency_evolution/detailed_results/HeraiHench_Phi-4-slerp-ReasoningRP-14B/results_2025-01-29T13-31-01.353343.json,,,,,
HiroseKoichi/Llama-Salad-4x8B-V3,6.453906249999996,True,real_attachments/C_efficiency_evolution/detailed_results/HiroseKoichi_Llama-Salad-4x8B-V3/results_2025-02-13T18-27-04.338360.json,6.453906249999996,merge,24.922701724199346,2024-06-26,0.0
HoangHa/Pensez-Llama3.1-8B,10.328906250000001,True,real_attachments/C_efficiency_evolution/detailed_results/HoangHa_Pensez-Llama3.1-8B/results_2025-02-24T17-22-21.367738.json,10.32890625,chat_finetuned,19.04804643436893,2025-02-19,1.7763568394002505e-15
HuggingFaceH4/zephyr-7b-alpha,,False,real_attachments/C_efficiency_evolution/detailed_results/HuggingFaceH4_zephyr-7b-alpha/results_2025-02-13T18-27-04.338360.json,7.503125000000001,chat_finetuned,18.598795237504422,2024-06-12,
HuggingFaceH4/zephyr-7b-beta,7.7343749999999964,True,real_attachments/C_efficiency_evolution/detailed_results/HuggingFaceH4_zephyr-7b-beta/results_2025-02-13T18-27-04.338360.json,7.7343749999999964,chat_finetuned,17.79223722737046,2024-06-12,0.0
HuggingFaceH4/zephyr-7b-gemma-v0.1,,False,real_attachments/C_efficiency_evolution/detailed_results/HuggingFaceH4_zephyr-7b-gemma-v0.1/results_2024-06-16T15-58-33.412754.json,,,,,
HuggingFaceH4/zephyr-orpo-141b-A35b-v0.1,14.715104166666668,True,real_attachments/C_efficiency_evolution/detailed_results/HuggingFaceH4_zephyr-orpo-141b-A35b-v0.1/results_2025-02-13T18-27-04.338360.json,14.715104166666668,chat_finetuned,34.125963384670946,2024-06-12,0.0
HuggingFaceTB/SmolLM-1.7B,2.1283854166666667,True,real_attachments/C_efficiency_evolution/detailed_results/HuggingFaceTB_SmolLM-1.7B/results_2025-02-13T18-27-04.338360.json,2.1283854166666667,pretrained,5.576455936269043,2024-07-18,0.0
HuggingFaceTB/SmolLM-1.7B-Instruct,2.0833333333333326,True,real_attachments/C_efficiency_evolution/detailed_results/HuggingFaceTB_SmolLM-1.7B-Instruct/results_2025-02-13T18-27-04.338360.json,2.0833333333333326,chat_finetuned,5.490688803655309,2024-07-18,0.0
HuggingFaceTB/SmolLM-135M,13.342187500000001,True,real_attachments/C_efficiency_evolution/detailed_results/HuggingFaceTB_SmolLM-135M/results_2025-02-13T18-27-04.338360.json,13.3421875,pretrained,6.951489892134872,2024-07-18,1.7763568394002505e-15
HuggingFaceTB/SmolLM-135M-Instruct,3.365625,True,real_attachments/C_efficiency_evolution/detailed_results/HuggingFaceTB_SmolLM-135M-Instruct/results_2025-02-13T18-27-04.338360.json,3.365625,chat_finetuned,3.652287650202965,2024-10-12,0.0
HuggingFaceTB/SmolLM-360M,8.089322916666665,True,real_attachments/C_efficiency_evolution/detailed_results/HuggingFaceTB_SmolLM-360M/results_2025-02-13T18-27-04.338360.json,8.089322916666665,pretrained,6.260888857386585,2024-07-18,0.0
HuggingFaceTB/SmolLM-360M-Instruct,2.897135416666666,True,real_attachments/C_efficiency_evolution/detailed_results/HuggingFaceTB_SmolLM-360M-Instruct/results_2025-02-13T18-27-04.338360.json,2.897135416666666,chat_finetuned,5.008898955705369,2024-08-20,0.0
HuggingFaceTB/SmolLM2-1.7B,4.601041666666668,True,real_attachments/C_efficiency_evolution/detailed_results/HuggingFaceTB_SmolLM2-1.7B/results_2025-02-13T18-27-04.338360.json,4.601041666666668,pretrained,9.583621041753199,2024-11-06,0.0
HuggingFaceTB/SmolLM2-1.7B-Instruct,4.098958333333335,True,real_attachments/C_efficiency_evolution/detailed_results/HuggingFaceTB_SmolLM2-1.7B-Instruct/results_2025-02-13T18-27-04.338360.json,4.098958333333335,chat_finetuned,15.02227766709556,2024-11-06,0.0
HuggingFaceTB/SmolLM2-135M,10.030468749999999,True,real_attachments/C_efficiency_evolution/detailed_results/HuggingFaceTB_SmolLM2-135M/results_2025-02-13T18-27-04.338360.json,10.03046875,pretrained,5.695927392648113,2024-11-06,-1.7763568394002505e-15
HuggingFaceTB/SmolLM2-135M-Instruct,6.059895833333335,True,real_attachments/C_efficiency_evolution/detailed_results/HuggingFaceTB_SmolLM2-135M-Instruct/results_2025-02-13T18-27-04.338360.json,3.677343750000003,chat_finetuned,6.467364720358819,2024-11-06,2.382552083333332
HuggingFaceTB/SmolLM2-360M,7.728385416666666,True,real_attachments/C_efficiency_evolution/detailed_results/HuggingFaceTB_SmolLM2-360M/results_2025-02-13T18-27-04.338360.json,7.728385416666666,pretrained,6.251282350517303,2024-11-06,0.0
HuggingFaceTB/SmolLM2-360M-Instruct,2.7656250000000004,True,real_attachments/C_efficiency_evolution/detailed_results/HuggingFaceTB_SmolLM2-360M-Instruct/results_2025-02-13T18-27-04.338360.json,2.7656250000000004,chat_finetuned,8.139566424375877,2024-11-06,0.0
HumanLLMs/Humanish-LLama3-8B-Instruct,2.0028645833333325,True,real_attachments/C_efficiency_evolution/detailed_results/HumanLLMs_Humanish-LLama3-8B-Instruct/results_2025-02-13T18-27-04.338360.json,2.0028645833333325,chat_finetuned,22.678203747779094,2024-10-05,0.0
HumanLLMs/Humanish-Mistral-Nemo-Instruct-2407,9.395052083333335,True,real_attachments/C_efficiency_evolution/detailed_results/HumanLLMs_Humanish-Mistral-Nemo-Instruct-2407/results_2024-10-07T02-41-47.679146.json,9.395052083333336,chat_finetuned,23.888067848972184,2024-10-06,-1.7763568394002505e-15
HumanLLMs/Humanish-Qwen2.5-7B-Instruct,8.424479166666668,True,real_attachments/C_efficiency_evolution/detailed_results/HumanLLMs_Humanish-Qwen2.5-7B-Instruct/results_2025-02-13T18-27-04.338360.json,8.424479166666668,chat_finetuned,34.99870743015318,2024-10-05,0.0
IDEA-CCNL/Ziya-LLaMA-13B-v1,3.881510416666668,True,real_attachments/C_efficiency_evolution/detailed_results/IDEA-CCNL_Ziya-LLaMA-13B-v1/results_2025-02-13T18-27-04.338360.json,3.881510416666668,chat_finetuned,3.9064248386004103,2024-06-12,0.0
INSAIT-Institute/BgGPT-Gemma-2-27B-IT-v1.0,4.524739583333332,True,real_attachments/C_efficiency_evolution/detailed_results/INSAIT-Institute_BgGPT-Gemma-2-27B-IT-v1.0/results_2025-02-13T18-27-04.338360.json,4.524739583333332,continued,1.6780628068086922,2024-12-15,0.0
IlyaGusev/gemma-2-2b-it-abliterated,4.906770833333335,True,real_attachments/C_efficiency_evolution/detailed_results/IlyaGusev_gemma-2-2b-it-abliterated/results_2025-02-13T18-27-04.338360.json,4.906770833333335,chat_finetuned,16.705746365531194,2025-01-07,0.0
IlyaGusev/gemma-2-9b-it-abliterated,9.320572916666668,True,real_attachments/C_efficiency_evolution/detailed_results/IlyaGusev_gemma-2-9b-it-abliterated/results_2025-02-13T18-27-04.338360.json,9.320572916666668,chat_finetuned,31.294229585782904,2025-01-07,0.0
Infinirc/Infinirc-Llama3-8B-2G-Release-v1.0,16.750520833333336,True,real_attachments/C_efficiency_evolution/detailed_results/Infinirc_Infinirc-Llama3-8B-2G-Release-v1.0/results_2025-02-13T18-27-04.338360.json,16.750520833333336,chat_finetuned,13.16266165602399,2024-09-29,0.0
Intel/neural-chat-7b-v3,23.019531249999996,True,real_attachments/C_efficiency_evolution/detailed_results/Intel_neural-chat-7b-v3/results_2025-02-13T18-27-04.338360.json,23.019531249999996,chat_finetuned,18.069527284193285,2024-06-12,0.0
Intel/neural-chat-7b-v3-1,22.236979166666657,True,real_attachments/C_efficiency_evolution/detailed_results/Intel_neural-chat-7b-v3-1/results_2025-02-13T18-27-04.338360.json,22.236979166666657,chat_finetuned,21.06792676095294,2024-06-12,0.0
Intel/neural-chat-7b-v3-2,20.056770833333335,True,real_attachments/C_efficiency_evolution/detailed_results/Intel_neural-chat-7b-v3-2/results_2025-02-13T18-27-04.338360.json,20.056770833333335,chat_finetuned,21.471411168582193,2024-06-12,0.0
IntervitensInc/internlm2_5-20b-llamafied,14.942708333333329,True,real_attachments/C_efficiency_evolution/detailed_results/IntervitensInc_internlm2_5-20b-llamafied/results_2024-11-11T12-07-29.151211.json,14.942708333333329,pretrained,29.216880819026148,2024-11-11,0.0
Invalid-Null/PeiYangMe-0.5,3.793229166666666,True,real_attachments/C_efficiency_evolution/detailed_results/Invalid-Null_PeiYangMe-0.5/results_2025-02-13T18-27-04.338360.json,3.793229166666666,chat_finetuned,3.4273672940351987,2024-12-28,0.0
Invalid-Null/PeiYangMe-0.7,5.6148437499999995,True,real_attachments/C_efficiency_evolution/detailed_results/Invalid-Null_PeiYangMe-0.7/results_2025-02-13T18-27-04.338360.json,5.6148437499999995,chat_finetuned,4.397279528582866,2024-12-28,0.0
Isaak-Carter/JOSIEv4o-8b-stage1-v4,6.0796874999999995,True,real_attachments/C_efficiency_evolution/detailed_results/Isaak-Carter_JOSIEv4o-8b-stage1-v4/results_2025-02-13T18-27-04.338360.json,6.0796874999999995,chat_finetuned,15.66808216767364,2024-08-03,0.0
Isaak-Carter/Josiefied-Qwen2.5-7B-Instruct-abliterated,9.616666666666667,True,real_attachments/C_efficiency_evolution/detailed_results/Isaak-Carter_Josiefied-Qwen2.5-7B-Instruct-abliterated/results_2024-09-21T14-45-46.127361.json,,,,,
Isaak-Carter/Josiefied-Qwen2.5-7B-Instruct-abliterated-v2,13.957812500000003,True,real_attachments/C_efficiency_evolution/detailed_results/Isaak-Carter_Josiefied-Qwen2.5-7B-Instruct-abliterated-v2/results_2025-02-13T18-27-04.338360.json,13.957812500000005,chat_finetuned,35.68553258236924,2024-09-21,-1.7763568394002505e-15
J-LAB/Thynk_orpo,15.201562500000001,True,real_attachments/C_efficiency_evolution/detailed_results/J-LAB_Thynk_orpo/results_2025-02-13T18-27-04.338360.json,,,,,
JackFram/llama-160m,4.667708333333334,True,real_attachments/C_efficiency_evolution/detailed_results/JackFram_llama-160m/results_2025-02-13T18-27-04.338360.json,4.667708333333334,pretrained,4.7381298467963955,2024-11-30,0.0
JackFram/llama-68m,6.607031250000001,True,real_attachments/C_efficiency_evolution/detailed_results/JackFram_llama-68m/results_2025-02-13T18-27-04.338360.json,6.607031250000001,pretrained,4.963339700174584,2024-11-30,0.0
Jacoby746/Casual-Magnum-34B,8.403385416666666,True,real_attachments/C_efficiency_evolution/detailed_results/Jacoby746_Casual-Magnum-34B/results_2025-02-13T18-27-04.338360.json,8.403385416666666,chat_finetuned,23.79792072114355,2024-10-23,0.0
Jacoby746/Inf-Silent-Kunoichi-v0.1-2x7B,12.338541666666671,True,real_attachments/C_efficiency_evolution/detailed_results/Jacoby746_Inf-Silent-Kunoichi-v0.1-2x7B/results_2025-02-13T18-27-04.338360.json,12.338541666666671,merge,20.186181285193417,2024-09-20,0.0
Jacoby746/Inf-Silent-Kunoichi-v0.2-2x7B,13.264062499999996,True,real_attachments/C_efficiency_evolution/detailed_results/Jacoby746_Inf-Silent-Kunoichi-v0.2-2x7B/results_2025-02-13T18-27-04.338360.json,13.264062499999996,merge,20.01822829916165,2024-09-21,0.0
Jacoby746/Proto-Athena-4x7B,13.813020833333328,True,real_attachments/C_efficiency_evolution/detailed_results/Jacoby746_Proto-Athena-4x7B/results_2025-02-13T18-27-04.338360.json,13.813020833333328,merge,19.77557762348212,2024-09-21,0.0
Jacoby746/Proto-Athena-v0.2-4x7B,10.960156250000002,True,real_attachments/C_efficiency_evolution/detailed_results/Jacoby746_Proto-Athena-v0.2-4x7B/results_2025-02-13T18-27-04.338360.json,10.960156250000002,merge,19.345307494794017,2024-09-21,0.0
Jacoby746/Proto-Harpy-Blazing-Light-v0.1-2x7B,14.12109375,True,real_attachments/C_efficiency_evolution/detailed_results/Jacoby746_Proto-Harpy-Blazing-Light-v0.1-2x7B/results_2025-02-13T18-27-04.338360.json,,,,,
Jacoby746/Proto-Harpy-Spark-v0.1-7B,12.29166666666667,True,real_attachments/C_efficiency_evolution/detailed_results/Jacoby746_Proto-Harpy-Spark-v0.1-7B/results_2025-02-13T18-27-04.338360.json,12.29166666666667,merge,19.84999990070571,2024-09-30,0.0
JayHyeon/Qwen-0.5B-DPO-1epoch,2.897135416666666,True,real_attachments/C_efficiency_evolution/detailed_results/JayHyeon_Qwen-0.5B-DPO-1epoch/results_2025-02-13T18-27-04.338360.json,2.897135416666666,chat_finetuned,7.385732750247261,2024-12-26,0.0
JayHyeon/Qwen-0.5B-DPO-5epoch,2.512760416666666,True,real_attachments/C_efficiency_evolution/detailed_results/JayHyeon_Qwen-0.5B-DPO-5epoch/results_2024-12-26T05-35-35.448012.json,2.512760416666666,chat_finetuned,7.198583184761694,2024-12-26,0.0
JayHyeon/Qwen-0.5B-IRPO-1epoch,2.2460937499999996,True,real_attachments/C_efficiency_evolution/detailed_results/JayHyeon_Qwen-0.5B-IRPO-1epoch/results_2024-12-26T08-46-55.267826.json,2.2460937499999996,chat_finetuned,7.031892544703613,2024-12-26,0.0
JayHyeon/Qwen-0.5B-IRPO-5epoch,2.0833333333333326,True,real_attachments/C_efficiency_evolution/detailed_results/JayHyeon_Qwen-0.5B-IRPO-5epoch/results_2025-02-13T18-27-04.338360.json,2.0833333333333326,chat_finetuned,6.9234686409529,2024-12-26,0.0
JayHyeon/Qwen-0.5B-eDPO-1epoch,1.920572916666666,True,real_attachments/C_efficiency_evolution/detailed_results/JayHyeon_Qwen-0.5B-eDPO-1epoch/results_2025-02-13T18-27-04.338360.json,1.920572916666666,chat_finetuned,7.280997177732158,2024-12-26,0.0
JayHyeon/Qwen-0.5B-eDPO-5epoch,2.2460937499999996,True,real_attachments/C_efficiency_evolution/detailed_results/JayHyeon_Qwen-0.5B-eDPO-5epoch/results_2024-12-26T05-25-52.840251.json,2.2460937499999996,chat_finetuned,6.727794606820179,2024-12-26,0.0
JayHyeon/Qwen2.5-0.5B-Instruct-SFT,1.2695312499999996,True,real_attachments/C_efficiency_evolution/detailed_results/JayHyeon_Qwen2.5-0.5B-Instruct-SFT/results_2025-02-13T18-27-04.338360.json,1.2695312499999996,chat_finetuned,8.158039000338244,2024-12-26,0.0
JayHyeon/Qwen2.5-0.5B-Instruct-SFT-DPO-1epoch_v1,2.187239583333333,True,real_attachments/C_efficiency_evolution/detailed_results/JayHyeon_Qwen2.5-0.5B-Instruct-SFT-DPO-1epoch_v1/results_2024-12-26T20-30-29.551698.json,2.187239583333333,chat_finetuned,8.15078478555964,2024-12-26,0.0
JayHyeon/Qwen2.5-0.5B-Instruct-SFT-IRPO-1epoch_v1,1.2695312499999996,True,real_attachments/C_efficiency_evolution/detailed_results/JayHyeon_Qwen2.5-0.5B-Instruct-SFT-IRPO-1epoch_v1/results_2025-02-13T18-27-04.338360.json,1.2695312499999996,chat_finetuned,8.319017359475316,2024-12-26,0.0
JayHyeon/Qwen2.5-0.5B-Instruct-SFT-MDPO-1epoch_v1,1.432291666666666,True,real_attachments/C_efficiency_evolution/detailed_results/JayHyeon_Qwen2.5-0.5B-Instruct-SFT-MDPO-1epoch_v1/results_2024-12-26T20-27-02.598498.json,1.432291666666666,chat_finetuned,7.896219502136105,2024-12-26,0.0
JayHyeon/Qwen2.5-0.5B-SFT,1.5950520833333328,True,real_attachments/C_efficiency_evolution/detailed_results/JayHyeon_Qwen2.5-0.5B-SFT/results_2025-02-13T18-27-04.338360.json,1.5950520833333328,chat_finetuned,6.611058734039896,2024-12-27,0.0
JayHyeon/Qwen2.5-0.5B-SFT-1e-4,2.2460937499999996,True,real_attachments/C_efficiency_evolution/detailed_results/JayHyeon_Qwen2.5-0.5B-SFT-1e-4/results_2024-12-28T09-28-08.864023.json,2.2460937499999996,chat_finetuned,5.941930910286053,2024-12-28,0.0
JayHyeon/Qwen2.5-0.5B-SFT-1e-4-2ep,2.408854166666666,True,real_attachments/C_efficiency_evolution/detailed_results/JayHyeon_Qwen2.5-0.5B-SFT-1e-4-2ep/results_2025-02-13T18-27-04.338360.json,,,,,
JayHyeon/Qwen2.5-0.5B-SFT-1e-4-3ep,2.891145833333333,True,real_attachments/C_efficiency_evolution/detailed_results/JayHyeon_Qwen2.5-0.5B-SFT-1e-4-3ep/results_2024-12-29T15-29-47.615567.json,2.891145833333333,chat_finetuned,6.469032763498576,2024-12-29,0.0
JayHyeon/Qwen2.5-0.5B-SFT-1e-4-5ep,2.0833333333333326,True,real_attachments/C_efficiency_evolution/detailed_results/JayHyeon_Qwen2.5-0.5B-SFT-1e-4-5ep/results_2025-02-13T18-27-04.338360.json,,,,,
JayHyeon/Qwen2.5-0.5B-SFT-1e-5,1.920572916666666,True,real_attachments/C_efficiency_evolution/detailed_results/JayHyeon_Qwen2.5-0.5B-SFT-1e-5/results_2025-02-13T18-27-04.338360.json,1.920572916666666,chat_finetuned,6.664256620538701,2024-12-28,0.0
JayHyeon/Qwen2.5-0.5B-SFT-1e-5-2ep,1.5950520833333328,True,real_attachments/C_efficiency_evolution/detailed_results/JayHyeon_Qwen2.5-0.5B-SFT-1e-5-2ep/results_2024-12-30T00-38-42.524746.json,,,,,
JayHyeon/Qwen2.5-0.5B-SFT-1e-5-3ep,2.0833333333333326,True,real_attachments/C_efficiency_evolution/detailed_results/JayHyeon_Qwen2.5-0.5B-SFT-1e-5-3ep/results_2024-12-29T15-09-58.644085.json,2.0833333333333326,chat_finetuned,7.740340198303553,2024-12-29,0.0
JayHyeon/Qwen2.5-0.5B-SFT-1e-5-5ep,1.1067708333333328,True,real_attachments/C_efficiency_evolution/detailed_results/JayHyeon_Qwen2.5-0.5B-SFT-1e-5-5ep/results_2025-02-13T18-27-04.338360.json,,,,,
JayHyeon/Qwen2.5-0.5B-SFT-2e-4,1.8617187499999996,True,real_attachments/C_efficiency_evolution/detailed_results/JayHyeon_Qwen2.5-0.5B-SFT-2e-4/results_2024-12-28T09-33-58.487922.json,1.8617187499999996,chat_finetuned,5.555176381236882,2024-12-28,0.0
JayHyeon/Qwen2.5-0.5B-SFT-2e-4-2ep,3.728385416666668,True,real_attachments/C_efficiency_evolution/detailed_results/JayHyeon_Qwen2.5-0.5B-SFT-2e-4-2ep/results_2024-12-30T07-52-34.968240.json,,,,,
JayHyeon/Qwen2.5-0.5B-SFT-2e-4-3ep,0.8851562499999998,True,real_attachments/C_efficiency_evolution/detailed_results/JayHyeon_Qwen2.5-0.5B-SFT-2e-4-3ep/results_2024-12-29T15-33-00.016651.json,0.8851562499999998,chat_finetuned,5.465283047679917,2024-12-29,0.0
JayHyeon/Qwen2.5-0.5B-SFT-2e-4-5ep,6.357812500000001,True,real_attachments/C_efficiency_evolution/detailed_results/JayHyeon_Qwen2.5-0.5B-SFT-2e-4-5ep/results_2024-12-30T05-17-07.829474.json,,,,,
JayHyeon/Qwen2.5-0.5B-SFT-2e-5,2.3499999999999996,True,real_attachments/C_efficiency_evolution/detailed_results/JayHyeon_Qwen2.5-0.5B-SFT-2e-5/results_2025-02-13T18-27-04.338360.json,2.3499999999999996,chat_finetuned,6.9691100972452,2024-12-28,0.0
JayHyeon/Qwen2.5-0.5B-SFT-2e-5-2ep,2.720572916666667,True,real_attachments/C_efficiency_evolution/detailed_results/JayHyeon_Qwen2.5-0.5B-SFT-2e-5-2ep/results_2024-12-30T00-39-36.534132.json,,,,,
JayHyeon/Qwen2.5-0.5B-SFT-2e-5-2ep-DPOP_3e-7-3ep_0alp_5lam,1.432291666666666,True,real_attachments/C_efficiency_evolution/detailed_results/JayHyeon_Qwen2.5-0.5B-SFT-2e-5-2ep-DPOP_3e-7-3ep_0alp_5lam/results_2025-02-13T18-27-04.338360.json,,,,,
JayHyeon/Qwen2.5-0.5B-SFT-2e-5-2ep-DPOP_5e-6-1ep_0alp_5lam,2.4401041666666674,True,real_attachments/C_efficiency_evolution/detailed_results/JayHyeon_Qwen2.5-0.5B-SFT-2e-5-2ep-DPOP_5e-6-1ep_0alp_5lam/results_2025-01-06T11-15-18.885108.json,,,,,
JayHyeon/Qwen2.5-0.5B-SFT-2e-5-2ep-DPOP_5e-6-2ep_0alp_5lam,2.336197916666667,True,real_attachments/C_efficiency_evolution/detailed_results/JayHyeon_Qwen2.5-0.5B-SFT-2e-5-2ep-DPOP_5e-6-2ep_0alp_5lam/results_2025-01-06T11-17-26.136733.json,,,,,
JayHyeon/Qwen2.5-0.5B-SFT-2e-5-2ep-DPOP_5e-6-3ep_0alp_5lam,1.965625,True,real_attachments/C_efficiency_evolution/detailed_results/JayHyeon_Qwen2.5-0.5B-SFT-2e-5-2ep-DPOP_5e-6-3ep_0alp_5lam/results_2025-02-13T18-27-04.338360.json,,,,,
JayHyeon/Qwen2.5-0.5B-SFT-2e-5-2ep-DPOP_5e-7-1ep_0alp_5lam,1.432291666666666,True,real_attachments/C_efficiency_evolution/detailed_results/JayHyeon_Qwen2.5-0.5B-SFT-2e-5-2ep-DPOP_5e-7-1ep_0alp_5lam/results_2025-02-13T18-27-04.338360.json,,,,,
JayHyeon/Qwen2.5-0.5B-SFT-2e-5-2ep-DPOP_5e-7-2ep_0alp_5lam,1.432291666666666,True,real_attachments/C_efficiency_evolution/detailed_results/JayHyeon_Qwen2.5-0.5B-SFT-2e-5-2ep-DPOP_5e-7-2ep_0alp_5lam/results_2025-01-03T00-17-30.079517.json,,,,,
JayHyeon/Qwen2.5-0.5B-SFT-2e-5-2ep-DPOP_5e-7-3ep_0alp_5lam,1.432291666666666,True,real_attachments/C_efficiency_evolution/detailed_results/JayHyeon_Qwen2.5-0.5B-SFT-2e-5-2ep-DPOP_5e-7-3ep_0alp_5lam/results_2025-02-13T18-27-04.338360.json,,,,,
JayHyeon/Qwen2.5-0.5B-SFT-2e-5-2ep-DPO_1e-6-1ep_0alp_0lam,1.1067708333333328,True,real_attachments/C_efficiency_evolution/detailed_results/JayHyeon_Qwen2.5-0.5B-SFT-2e-5-2ep-DPO_1e-6-1ep_0alp_0lam/results_2025-02-13T18-27-04.338360.json,,,,,
JayHyeon/Qwen2.5-0.5B-SFT-2e-5-2ep-DPO_1e-6-2ep_0alp_0lam,1.1067708333333328,True,real_attachments/C_efficiency_evolution/detailed_results/JayHyeon_Qwen2.5-0.5B-SFT-2e-5-2ep-DPO_1e-6-2ep_0alp_0lam/results_2025-02-13T18-27-04.338360.json,,,,,
JayHyeon/Qwen2.5-0.5B-SFT-2e-5-2ep-DPO_1e-6-3ep_0alp_0lam,1.1067708333333328,True,real_attachments/C_efficiency_evolution/detailed_results/JayHyeon_Qwen2.5-0.5B-SFT-2e-5-2ep-DPO_1e-6-3ep_0alp_0lam/results_2025-02-13T18-27-04.338360.json,,,,,
JayHyeon/Qwen2.5-0.5B-SFT-2e-5-2ep-DPO_1e-7-2ep_0alp_0lam,1.432291666666666,True,real_attachments/C_efficiency_evolution/detailed_results/JayHyeon_Qwen2.5-0.5B-SFT-2e-5-2ep-DPO_1e-7-2ep_0alp_0lam/results_2025-02-13T18-27-04.338360.json,,,,,
JayHyeon/Qwen2.5-0.5B-SFT-2e-5-2ep-DPO_1e-7-3ep_0alp_0lam,1.432291666666666,True,real_attachments/C_efficiency_evolution/detailed_results/JayHyeon_Qwen2.5-0.5B-SFT-2e-5-2ep-DPO_1e-7-3ep_0alp_0lam/results_2025-02-13T18-27-04.338360.json,,,,,
JayHyeon/Qwen2.5-0.5B-SFT-2e-5-2ep-DPO_2e-6-1ep_0alp_0lam,0.9440104166666662,True,real_attachments/C_efficiency_evolution/detailed_results/JayHyeon_Qwen2.5-0.5B-SFT-2e-5-2ep-DPO_2e-6-1ep_0alp_0lam/results_2025-01-02T01-33-30.695249.json,,,,,
JayHyeon/Qwen2.5-0.5B-SFT-2e-5-2ep-DPO_2e-6-2ep_0alp_0lam,0.9440104166666662,True,real_attachments/C_efficiency_evolution/detailed_results/JayHyeon_Qwen2.5-0.5B-SFT-2e-5-2ep-DPO_2e-6-2ep_0alp_0lam/results_2025-02-13T18-27-04.338360.json,,,,,
JayHyeon/Qwen2.5-0.5B-SFT-2e-5-2ep-DPO_2e-6-3ep_0alp_0lam,1.2695312499999996,True,real_attachments/C_efficiency_evolution/detailed_results/JayHyeon_Qwen2.5-0.5B-SFT-2e-5-2ep-DPO_2e-6-3ep_0alp_0lam/results_2025-02-13T18-27-04.338360.json,,,,,
JayHyeon/Qwen2.5-0.5B-SFT-2e-5-2ep-DPO_3e-6-1ep_0alp_0lam,0.9440104166666662,True,real_attachments/C_efficiency_evolution/detailed_results/JayHyeon_Qwen2.5-0.5B-SFT-2e-5-2ep-DPO_3e-6-1ep_0alp_0lam/results_2025-01-02T01-42-47.105367.json,,,,,
JayHyeon/Qwen2.5-0.5B-SFT-2e-5-2ep-DPO_3e-6-2ep_0alp_0lam,1.2695312499999996,True,real_attachments/C_efficiency_evolution/detailed_results/JayHyeon_Qwen2.5-0.5B-SFT-2e-5-2ep-DPO_3e-6-2ep_0alp_0lam/results_2025-02-13T18-27-04.338360.json,,,,,
JayHyeon/Qwen2.5-0.5B-SFT-2e-5-2ep-DPO_3e-6-3ep_0alp_0lam,1.5950520833333328,True,real_attachments/C_efficiency_evolution/detailed_results/JayHyeon_Qwen2.5-0.5B-SFT-2e-5-2ep-DPO_3e-6-3ep_0alp_0lam/results_2025-01-03T06-59-06.233458.json,,,,,
JayHyeon/Qwen2.5-0.5B-SFT-2e-5-2ep-DPO_3e-7-3ep_0alp_0lam,1.2695312499999996,True,real_attachments/C_efficiency_evolution/detailed_results/JayHyeon_Qwen2.5-0.5B-SFT-2e-5-2ep-DPO_3e-7-3ep_0alp_0lam/results_2025-01-08T03-28-31.813523.json,,,,,
JayHyeon/Qwen2.5-0.5B-SFT-2e-5-2ep-DPO_5e-6-1ep_0alp_0lam,1.2695312499999996,True,real_attachments/C_efficiency_evolution/detailed_results/JayHyeon_Qwen2.5-0.5B-SFT-2e-5-2ep-DPO_5e-6-1ep_0alp_0lam/results_2025-01-02T01-51-21.319158.json,,,,,
JayHyeon/Qwen2.5-0.5B-SFT-2e-5-2ep-DPO_5e-6-2ep_0alp_0lam,1.2695312499999996,True,real_attachments/C_efficiency_evolution/detailed_results/JayHyeon_Qwen2.5-0.5B-SFT-2e-5-2ep-DPO_5e-6-2ep_0alp_0lam/results_2025-01-02T01-55-00.773602.json,,,,,
JayHyeon/Qwen2.5-0.5B-SFT-2e-5-2ep-DPO_5e-6-3ep_0alp_0lam,1.698958333333333,True,real_attachments/C_efficiency_evolution/detailed_results/JayHyeon_Qwen2.5-0.5B-SFT-2e-5-2ep-DPO_5e-6-3ep_0alp_0lam/results_2025-02-13T18-27-04.338360.json,,,,,
JayHyeon/Qwen2.5-0.5B-SFT-2e-5-2ep-DPO_5e-7_1ep_0alp_0lam,1.2695312499999996,True,real_attachments/C_efficiency_evolution/detailed_results/JayHyeon_Qwen2.5-0.5B-SFT-2e-5-2ep-DPO_5e-7_1ep_0alp_0lam/results_2025-01-01T02-45-59.875419.json,,,,,
JayHyeon/Qwen2.5-0.5B-SFT-2e-5-2ep-DPO_5e-7_2ep_0alp_0lam,1.2695312499999996,True,real_attachments/C_efficiency_evolution/detailed_results/JayHyeon_Qwen2.5-0.5B-SFT-2e-5-2ep-DPO_5e-7_2ep_0alp_0lam/results_2025-01-01T01-15-16.839837.json,,,,,
JayHyeon/Qwen2.5-0.5B-SFT-2e-5-2ep-DPO_5e-7_3ep_0alp_0lam,1.2695312499999996,True,real_attachments/C_efficiency_evolution/detailed_results/JayHyeon_Qwen2.5-0.5B-SFT-2e-5-2ep-DPO_5e-7_3ep_0alp_0lam/results_2025-02-13T18-27-04.338360.json,,,,,
JayHyeon/Qwen2.5-0.5B-SFT-2e-5-2ep-DPO_7e-7_1ep_0alp_0lam,1.2695312499999996,True,real_attachments/C_efficiency_evolution/detailed_results/JayHyeon_Qwen2.5-0.5B-SFT-2e-5-2ep-DPO_7e-7_1ep_0alp_0lam/results_2025-01-01T02-41-24.803003.json,,,,,
JayHyeon/Qwen2.5-0.5B-SFT-2e-5-2ep-DPO_7e-7_2ep_0alp_0lam,1.1067708333333328,True,real_attachments/C_efficiency_evolution/detailed_results/JayHyeon_Qwen2.5-0.5B-SFT-2e-5-2ep-DPO_7e-7_2ep_0alp_0lam/results_2025-01-01T02-36-55.162456.json,,,,,
JayHyeon/Qwen2.5-0.5B-SFT-2e-5-2ep-DPO_7e-7_3ep_0alp_0lam,1.3734374999999996,True,real_attachments/C_efficiency_evolution/detailed_results/JayHyeon_Qwen2.5-0.5B-SFT-2e-5-2ep-DPO_7e-7_3ep_0alp_0lam/results_2025-01-01T02-37-22.197996.json,,,,,
JayHyeon/Qwen2.5-0.5B-SFT-2e-5-2ep-IRPO_1e-7-1ep_1alp_0lam,1.5950520833333328,True,real_attachments/C_efficiency_evolution/detailed_results/JayHyeon_Qwen2.5-0.5B-SFT-2e-5-2ep-IRPO_1e-7-1ep_1alp_0lam/results_2025-02-13T18-27-04.338360.json,,,,,
JayHyeon/Qwen2.5-0.5B-SFT-2e-5-2ep-IRPO_1e-7-2ep_1alp_0lam,1.432291666666666,True,real_attachments/C_efficiency_evolution/detailed_results/JayHyeon_Qwen2.5-0.5B-SFT-2e-5-2ep-IRPO_1e-7-2ep_1alp_0lam/results_2025-01-07T11-36-11.134717.json,,,,,
JayHyeon/Qwen2.5-0.5B-SFT-2e-5-2ep-IRPO_1e-7-3ep_1alp_0lam,1.432291666666666,True,real_attachments/C_efficiency_evolution/detailed_results/JayHyeon_Qwen2.5-0.5B-SFT-2e-5-2ep-IRPO_1e-7-3ep_1alp_0lam/results_2025-02-13T18-27-04.338360.json,,,,,
JayHyeon/Qwen2.5-0.5B-SFT-2e-5-2ep-IRPO_3e-7-3ep_1alp_0lam,1.1067708333333328,True,real_attachments/C_efficiency_evolution/detailed_results/JayHyeon_Qwen2.5-0.5B-SFT-2e-5-2ep-IRPO_3e-7-3ep_1alp_0lam/results_2025-02-13T18-27-04.338360.json,,,,,
JayHyeon/Qwen2.5-0.5B-SFT-2e-5-2ep-IRPO_5e-6-1ep_1alp_0lam,1.0479166666666664,True,real_attachments/C_efficiency_evolution/detailed_results/JayHyeon_Qwen2.5-0.5B-SFT-2e-5-2ep-IRPO_5e-6-1ep_1alp_0lam/results_2025-02-13T18-27-04.338360.json,,,,,
JayHyeon/Qwen2.5-0.5B-SFT-2e-5-2ep-IRPO_5e-6-2ep_1alp_0lam,0.9890625000000001,True,real_attachments/C_efficiency_evolution/detailed_results/JayHyeon_Qwen2.5-0.5B-SFT-2e-5-2ep-IRPO_5e-6-2ep_1alp_0lam/results_2025-02-13T18-27-04.338360.json,,,,,
JayHyeon/Qwen2.5-0.5B-SFT-2e-5-2ep-IRPO_5e-6-3ep_1alp_0lam,0.9440104166666662,True,real_attachments/C_efficiency_evolution/detailed_results/JayHyeon_Qwen2.5-0.5B-SFT-2e-5-2ep-IRPO_5e-6-3ep_1alp_0lam/results_2025-01-06T12-01-03.647111.json,,,,,
JayHyeon/Qwen2.5-0.5B-SFT-2e-5-2ep-IRPO_5e-7-1ep_1alp_0lam,1.2695312499999996,True,real_attachments/C_efficiency_evolution/detailed_results/JayHyeon_Qwen2.5-0.5B-SFT-2e-5-2ep-IRPO_5e-7-1ep_1alp_0lam/results_2025-01-02T23-19-17.617577.json,,,,,
JayHyeon/Qwen2.5-0.5B-SFT-2e-5-2ep-IRPO_5e-7-2ep_1alp_0lam,1.2695312499999996,True,real_attachments/C_efficiency_evolution/detailed_results/JayHyeon_Qwen2.5-0.5B-SFT-2e-5-2ep-IRPO_5e-7-2ep_1alp_0lam/results_2025-01-02T22-57-37.160585.json,,,,,
JayHyeon/Qwen2.5-0.5B-SFT-2e-5-2ep-IRPO_5e-7-3ep_1alp_0lam,1.1067708333333328,True,real_attachments/C_efficiency_evolution/detailed_results/JayHyeon_Qwen2.5-0.5B-SFT-2e-5-2ep-IRPO_5e-7-3ep_1alp_0lam/results_2025-01-02T23-09-51.306955.json,,,,,
JayHyeon/Qwen2.5-0.5B-SFT-2e-5-2ep-MDPO_0.5_1e-7-1ep_0alp_0lam,1.432291666666666,True,real_attachments/C_efficiency_evolution/detailed_results/JayHyeon_Qwen2.5-0.5B-SFT-2e-5-2ep-MDPO_0.5_1e-7-1ep_0alp_0lam/results_2025-01-07T09-49-10.164062.json,,,,,
JayHyeon/Qwen2.5-0.5B-SFT-2e-5-2ep-MDPO_0.5_1e-7-2ep_0alp_0lam,1.432291666666666,True,real_attachments/C_efficiency_evolution/detailed_results/JayHyeon_Qwen2.5-0.5B-SFT-2e-5-2ep-MDPO_0.5_1e-7-2ep_0alp_0lam/results_2025-02-13T18-27-04.338360.json,,,,,
JayHyeon/Qwen2.5-0.5B-SFT-2e-5-2ep-MDPO_0.5_1e-7-3ep_0alp_0lam,1.432291666666666,True,real_attachments/C_efficiency_evolution/detailed_results/JayHyeon_Qwen2.5-0.5B-SFT-2e-5-2ep-MDPO_0.5_1e-7-3ep_0alp_0lam/results_2025-02-13T18-27-04.338360.json,,,,,
JayHyeon/Qwen2.5-0.5B-SFT-2e-5-2ep-MDPO_1e-6-3ep_0alp_0lam,1.1067708333333328,True,real_attachments/C_efficiency_evolution/detailed_results/JayHyeon_Qwen2.5-0.5B-SFT-2e-5-2ep-MDPO_1e-6-3ep_0alp_0lam/results_2025-01-01T04-51-16.407163.json,,,,,
JayHyeon/Qwen2.5-0.5B-SFT-2e-5-2ep-MDPO_1e-6_1ep_0alp_0lam,1.1067708333333328,True,real_attachments/C_efficiency_evolution/detailed_results/JayHyeon_Qwen2.5-0.5B-SFT-2e-5-2ep-MDPO_1e-6_1ep_0alp_0lam/results_2025-01-01T04-36-32.829954.json,,,,,
JayHyeon/Qwen2.5-0.5B-SFT-2e-5-2ep-MDPO_1e-6_2ep_0alp_0lam,1.1067708333333328,True,real_attachments/C_efficiency_evolution/detailed_results/JayHyeon_Qwen2.5-0.5B-SFT-2e-5-2ep-MDPO_1e-6_2ep_0alp_0lam/results_2025-01-01T04-32-33.474966.json,,,,,
JayHyeon/Qwen2.5-0.5B-SFT-2e-5-2ep-MDPO_2e-6-3ep_0alp_0lam,1.2695312499999996,True,real_attachments/C_efficiency_evolution/detailed_results/JayHyeon_Qwen2.5-0.5B-SFT-2e-5-2ep-MDPO_2e-6-3ep_0alp_0lam/results_2025-01-01T04-56-12.225886.json,,,,,
JayHyeon/Qwen2.5-0.5B-SFT-2e-5-2ep-MDPO_2e-6_1ep_0alp_0lam,0.9440104166666662,True,real_attachments/C_efficiency_evolution/detailed_results/JayHyeon_Qwen2.5-0.5B-SFT-2e-5-2ep-MDPO_2e-6_1ep_0alp_0lam/results_2025-02-13T18-27-04.338360.json,,,,,
JayHyeon/Qwen2.5-0.5B-SFT-2e-5-2ep-MDPO_2e-6_2ep_0alp_0lam,0.9440104166666662,True,real_attachments/C_efficiency_evolution/detailed_results/JayHyeon_Qwen2.5-0.5B-SFT-2e-5-2ep-MDPO_2e-6_2ep_0alp_0lam/results_2025-02-13T18-27-04.338360.json,,,,,
JayHyeon/Qwen2.5-0.5B-SFT-2e-5-2ep-MDPO_3e-6-1ep_0alp_0lam,1.1067708333333328,True,real_attachments/C_efficiency_evolution/detailed_results/JayHyeon_Qwen2.5-0.5B-SFT-2e-5-2ep-MDPO_3e-6-1ep_0alp_0lam/results_2025-02-13T18-27-04.338360.json,,,,,
JayHyeon/Qwen2.5-0.5B-SFT-2e-5-2ep-MDPO_3e-6-2ep_0alp_0lam,0.9440104166666662,True,real_attachments/C_efficiency_evolution/detailed_results/JayHyeon_Qwen2.5-0.5B-SFT-2e-5-2ep-MDPO_3e-6-2ep_0alp_0lam/results_2025-02-13T18-27-04.338360.json,,,,,
JayHyeon/Qwen2.5-0.5B-SFT-2e-5-2ep-MDPO_3e-6-3ep_0alp_0lam,1.432291666666666,True,real_attachments/C_efficiency_evolution/detailed_results/JayHyeon_Qwen2.5-0.5B-SFT-2e-5-2ep-MDPO_3e-6-3ep_0alp_0lam/results_2025-02-13T18-27-04.338360.json,,,,,
JayHyeon/Qwen2.5-0.5B-SFT-2e-5-2ep-MDPO_5e-6-1ep_0alp_0lam,1.2695312499999996,True,real_attachments/C_efficiency_evolution/detailed_results/JayHyeon_Qwen2.5-0.5B-SFT-2e-5-2ep-MDPO_5e-6-1ep_0alp_0lam/results_2025-01-02T01-15-44.734990.json,,,,,
JayHyeon/Qwen2.5-0.5B-SFT-2e-5-2ep-MDPO_5e-6-2ep_0alp_0lam,1.432291666666666,True,real_attachments/C_efficiency_evolution/detailed_results/JayHyeon_Qwen2.5-0.5B-SFT-2e-5-2ep-MDPO_5e-6-2ep_0alp_0lam/results_2025-01-02T01-13-13.802530.json,,,,,
JayHyeon/Qwen2.5-0.5B-SFT-2e-5-2ep-MDPO_5e-6-3ep_0alp_0lam,1.432291666666666,True,real_attachments/C_efficiency_evolution/detailed_results/JayHyeon_Qwen2.5-0.5B-SFT-2e-5-2ep-MDPO_5e-6-3ep_0alp_0lam/results_2025-02-13T18-27-04.338360.json,,,,,
JayHyeon/Qwen2.5-0.5B-SFT-2e-5-2ep-MDPO_5e-7-3ep_0alp_0lam,1.1067708333333328,True,real_attachments/C_efficiency_evolution/detailed_results/JayHyeon_Qwen2.5-0.5B-SFT-2e-5-2ep-MDPO_5e-7-3ep_0alp_0lam/results_2025-02-13T18-27-04.338360.json,,,,,
JayHyeon/Qwen2.5-0.5B-SFT-2e-5-2ep-MDPO_5e-7_1ep_0alp_0lam,1.1067708333333328,True,real_attachments/C_efficiency_evolution/detailed_results/JayHyeon_Qwen2.5-0.5B-SFT-2e-5-2ep-MDPO_5e-7_1ep_0alp_0lam/results_2024-12-31T08-23-05.016642.json,,,,,
JayHyeon/Qwen2.5-0.5B-SFT-2e-5-2ep-MDPO_5e-7_2ep_0alp_0lam,1.1067708333333328,True,real_attachments/C_efficiency_evolution/detailed_results/JayHyeon_Qwen2.5-0.5B-SFT-2e-5-2ep-MDPO_5e-7_2ep_0alp_0lam/results_2024-12-31T08-20-06.028753.json,,,,,
JayHyeon/Qwen2.5-0.5B-SFT-2e-5-2ep-MDPO_7e-7-3ep_0alp_0lam,1.1067708333333328,True,real_attachments/C_efficiency_evolution/detailed_results/JayHyeon_Qwen2.5-0.5B-SFT-2e-5-2ep-MDPO_7e-7-3ep_0alp_0lam/results_2025-01-01T02-50-51.686412.json,,,,,
JayHyeon/Qwen2.5-0.5B-SFT-2e-5-2ep-MDPO_7e-7_1ep_0alp_0lam,1.2695312499999996,True,real_attachments/C_efficiency_evolution/detailed_results/JayHyeon_Qwen2.5-0.5B-SFT-2e-5-2ep-MDPO_7e-7_1ep_0alp_0lam/results_2025-01-01T03-01-18.107162.json,,,,,
JayHyeon/Qwen2.5-0.5B-SFT-2e-5-2ep-MDPO_7e-7_2ep_0alp_0lam,1.1067708333333328,True,real_attachments/C_efficiency_evolution/detailed_results/JayHyeon_Qwen2.5-0.5B-SFT-2e-5-2ep-MDPO_7e-7_2ep_0alp_0lam/results_2025-02-13T18-27-04.338360.json,,,,,
JayHyeon/Qwen2.5-0.5B-SFT-2e-5-3ep,1.432291666666666,True,real_attachments/C_efficiency_evolution/detailed_results/JayHyeon_Qwen2.5-0.5B-SFT-2e-5-3ep/results_2025-02-13T18-27-04.338360.json,1.432291666666666,chat_finetuned,7.452521242968808,2024-12-29,0.0
JayHyeon/Qwen2.5-0.5B-SFT-2e-5-5ep,0.9440104166666662,True,real_attachments/C_efficiency_evolution/detailed_results/JayHyeon_Qwen2.5-0.5B-SFT-2e-5-5ep/results_2024-12-30T07-10-54.556076.json,,,,,
JayHyeon/Qwen2.5-0.5B-SFT-2e-5-5ep-MDPO_5e-7_3ep_0alp_0lam,2.336197916666667,True,real_attachments/C_efficiency_evolution/detailed_results/JayHyeon_Qwen2.5-0.5B-SFT-2e-5-5ep-MDPO_5e-7_3ep_0alp_0lam/results_2024-12-31T02-00-42.876223.json,,,,,
JayHyeon/Qwen2.5-0.5B-SFT-2e-5-5ep-MDPO_5e-7_3ep_0alp_0lam_1ep,1.9067708333333335,True,real_attachments/C_efficiency_evolution/detailed_results/JayHyeon_Qwen2.5-0.5B-SFT-2e-5-5ep-MDPO_5e-7_3ep_0alp_0lam_1ep/results_2024-12-31T02-18-06.890327.json,,,,,
JayHyeon/Qwen2.5-0.5B-SFT-2e-5-5ep-MDPO_5e-7_3ep_0alp_0lam_2ep,1.2695312499999996,True,real_attachments/C_efficiency_evolution/detailed_results/JayHyeon_Qwen2.5-0.5B-SFT-2e-5-5ep-MDPO_5e-7_3ep_0alp_0lam_2ep/results_2025-02-13T18-27-04.338360.json,,,,,
JayHyeon/Qwen2.5-0.5B-SFT-2e-5-5ep-MDPO_7e-7_3ep_0alp_0lam,1.9067708333333335,True,real_attachments/C_efficiency_evolution/detailed_results/JayHyeon_Qwen2.5-0.5B-SFT-2e-5-5ep-MDPO_7e-7_3ep_0alp_0lam/results_2025-02-13T18-27-04.338360.json,,,,,
JayHyeon/Qwen2.5-0.5B-SFT-2e-5-5ep-MDPO_7e-7_3ep_0alp_0lam_1ep,1.3734374999999996,True,real_attachments/C_efficiency_evolution/detailed_results/JayHyeon_Qwen2.5-0.5B-SFT-2e-5-5ep-MDPO_7e-7_3ep_0alp_0lam_1ep/results_2025-02-13T18-27-04.338360.json,,,,,
JayHyeon/Qwen2.5-0.5B-SFT-2e-5-5ep-MDPO_7e-7_3ep_0alp_0lam_2ep,2.1734375000000004,True,real_attachments/C_efficiency_evolution/detailed_results/JayHyeon_Qwen2.5-0.5B-SFT-2e-5-5ep-MDPO_7e-7_3ep_0alp_0lam_2ep/results_2025-02-13T18-27-04.338360.json,,,,,
JayHyeon/Qwen2.5-0.5B-SFT-5e-5,1.5950520833333328,True,real_attachments/C_efficiency_evolution/detailed_results/JayHyeon_Qwen2.5-0.5B-SFT-5e-5/results_2025-02-13T18-27-04.338360.json,1.5950520833333328,chat_finetuned,6.609556986596828,2024-12-28,0.0
JayHyeon/Qwen2.5-0.5B-SFT-5e-5-2ep,1.432291666666666,True,real_attachments/C_efficiency_evolution/detailed_results/JayHyeon_Qwen2.5-0.5B-SFT-5e-5-2ep/results_2024-12-30T00-39-05.683860.json,,,,,
JayHyeon/Qwen2.5-0.5B-SFT-5e-5-3ep,2.0833333333333326,True,real_attachments/C_efficiency_evolution/detailed_results/JayHyeon_Qwen2.5-0.5B-SFT-5e-5-3ep/results_2024-12-29T15-05-41.185341.json,2.0833333333333326,chat_finetuned,7.074425558693155,2024-12-29,0.0
JayHyeon/Qwen2.5-0.5B-SFT-5e-5-5ep,4.979427083333333,True,real_attachments/C_efficiency_evolution/detailed_results/JayHyeon_Qwen2.5-0.5B-SFT-5e-5-5ep/results_2025-02-13T18-27-04.338360.json,,,,,
JayHyeon/Qwen2.5-0.5B-SFT-7e-5,2.4539062499999997,True,real_attachments/C_efficiency_evolution/detailed_results/JayHyeon_Qwen2.5-0.5B-SFT-7e-5/results_2025-02-13T18-27-04.338360.json,2.4539062499999997,chat_finetuned,6.761335194180454,2024-12-28,0.0
JayHyeon/Qwen2.5-0.5B-SFT-7e-5-2ep,1.7578124999999993,True,real_attachments/C_efficiency_evolution/detailed_results/JayHyeon_Qwen2.5-0.5B-SFT-7e-5-2ep/results_2025-02-13T18-27-04.338360.json,,,,,
JayHyeon/Qwen2.5-0.5B-SFT-7e-5-3ep,2.4539062499999997,True,real_attachments/C_efficiency_evolution/detailed_results/JayHyeon_Qwen2.5-0.5B-SFT-7e-5-3ep/results_2025-02-13T18-27-04.338360.json,2.4539062499999997,chat_finetuned,6.894032740125938,2024-12-29,0.0
JayHyeon/Qwen2.5-0.5B-SFT-7e-5-5ep,3.7421874999999996,True,real_attachments/C_efficiency_evolution/detailed_results/JayHyeon_Qwen2.5-0.5B-SFT-7e-5-5ep/results_2025-02-13T18-27-04.338360.json,,,,,
JayHyeon/Qwen2.5-0.5B-SFT-DPO-1epoch_v1,0.7812499999999996,True,real_attachments/C_efficiency_evolution/detailed_results/JayHyeon_Qwen2.5-0.5B-SFT-DPO-1epoch_v1/results_2025-02-13T18-27-04.338360.json,0.7812499999999996,chat_finetuned,6.245597623653178,2024-12-28,0.0
JayHyeon/Qwen2.5-0.5B-SFT-MDPO-1epoch_v1,1.8028645833333332,True,real_attachments/C_efficiency_evolution/detailed_results/JayHyeon_Qwen2.5-0.5B-SFT-MDPO-1epoch_v1/results_2025-02-13T18-27-04.338360.json,1.8028645833333332,chat_finetuned,6.644463688191298,2024-12-27,0.0
JayHyeon/Qwen_0.5-DPOP_1e-6-3ep_0alp_5lam,1.432291666666666,True,real_attachments/C_efficiency_evolution/detailed_results/JayHyeon_Qwen_0.5-DPOP_1e-6-3ep_0alp_5lam/results_2025-01-14T02-50-52.528378.json,,,,,
JayHyeon/Qwen_0.5-DPOP_1e-7-3ep_0alp_5lam,1.432291666666666,True,real_attachments/C_efficiency_evolution/detailed_results/JayHyeon_Qwen_0.5-DPOP_1e-7-3ep_0alp_5lam/results_2025-02-13T18-27-04.338360.json,,,,,
JayHyeon/Qwen_0.5-DPOP_3e-6-1ep_0alp_5lam,1.2695312499999996,True,real_attachments/C_efficiency_evolution/detailed_results/JayHyeon_Qwen_0.5-DPOP_3e-6-1ep_0alp_5lam/results_2025-01-09T03-58-26.030948.json,,,,,
JayHyeon/Qwen_0.5-DPOP_3e-6-2ep_0alp_5lam,1.3734374999999996,True,real_attachments/C_efficiency_evolution/detailed_results/JayHyeon_Qwen_0.5-DPOP_3e-6-2ep_0alp_5lam/results_2025-02-13T18-27-04.338360.json,,,,,
JayHyeon/Qwen_0.5-DPOP_3e-6-3ep_0alp_5lam,1.5950520833333328,True,real_attachments/C_efficiency_evolution/detailed_results/JayHyeon_Qwen_0.5-DPOP_3e-6-3ep_0alp_5lam/results_2025-02-13T18-27-04.338360.json,,,,,
JayHyeon/Qwen_0.5-DPOP_3e-7-1ep_0alp_5lam,1.432291666666666,True,real_attachments/C_efficiency_evolution/detailed_results/JayHyeon_Qwen_0.5-DPOP_3e-7-1ep_0alp_5lam/results_2025-01-15T05-30-28.203370.json,,,,,
JayHyeon/Qwen_0.5-DPOP_3e-7-2ep_0alp_5lam,1.2695312499999996,True,real_attachments/C_efficiency_evolution/detailed_results/JayHyeon_Qwen_0.5-DPOP_3e-7-2ep_0alp_5lam/results_2025-01-15T05-21-45.094032.json,,,,,
JayHyeon/Qwen_0.5-DPOP_3e-7-3ep_0alp_5lam,1.432291666666666,True,real_attachments/C_efficiency_evolution/detailed_results/JayHyeon_Qwen_0.5-DPOP_3e-7-3ep_0alp_5lam/results_2025-02-13T18-27-04.338360.json,,,,,
JayHyeon/Qwen_0.5-DPOP_5e-7-1ep_0alp_5lam,1.432291666666666,True,real_attachments/C_efficiency_evolution/detailed_results/JayHyeon_Qwen_0.5-DPOP_5e-7-1ep_0alp_5lam/results_2025-02-13T18-27-04.338360.json,,,,,
JayHyeon/Qwen_0.5-DPOP_5e-7-2ep_0alp_5lam,1.2695312499999996,True,real_attachments/C_efficiency_evolution/detailed_results/JayHyeon_Qwen_0.5-DPOP_5e-7-2ep_0alp_5lam/results_2025-02-13T18-27-04.338360.json,,,,,
JayHyeon/Qwen_0.5-DPOP_5e-7-3ep_0alp_5lam,1.1067708333333328,True,real_attachments/C_efficiency_evolution/detailed_results/JayHyeon_Qwen_0.5-DPOP_5e-7-3ep_0alp_5lam/results_2025-01-09T03-09-40.868283.json,,,,,
JayHyeon/Qwen_0.5-DPO_1e-6-3ep_0alp_0lam,1.432291666666666,True,real_attachments/C_efficiency_evolution/detailed_results/JayHyeon_Qwen_0.5-DPO_1e-6-3ep_0alp_0lam/results_2025-02-13T18-27-04.338360.json,,,,,
JayHyeon/Qwen_0.5-DPO_1e-7-3ep_0alp_0lam,0.9440104166666662,True,real_attachments/C_efficiency_evolution/detailed_results/JayHyeon_Qwen_0.5-DPO_1e-7-3ep_0alp_0lam/results_2025-01-13T18-49-20.675984.json,,,,,
JayHyeon/Qwen_0.5-DPO_3e-6-1ep_0alp_0lam,1.3734374999999996,True,real_attachments/C_efficiency_evolution/detailed_results/JayHyeon_Qwen_0.5-DPO_3e-6-1ep_0alp_0lam/results_2025-02-13T18-27-04.338360.json,,,,,
JayHyeon/Qwen_0.5-DPO_3e-6-2ep_0alp_0lam,0.7812499999999996,True,real_attachments/C_efficiency_evolution/detailed_results/JayHyeon_Qwen_0.5-DPO_3e-6-2ep_0alp_0lam/results_2025-01-09T03-35-02.133914.json,,,,,
JayHyeon/Qwen_0.5-DPO_3e-6-3ep_0alp_0lam,1.3145833333333334,True,real_attachments/C_efficiency_evolution/detailed_results/JayHyeon_Qwen_0.5-DPO_3e-6-3ep_0alp_0lam/results_2025-01-07T23-53-04.755874.json,,,,,
JayHyeon/Qwen_0.5-DPO_3e-7-1ep_0alp_0lam,1.1067708333333328,True,real_attachments/C_efficiency_evolution/detailed_results/JayHyeon_Qwen_0.5-DPO_3e-7-1ep_0alp_0lam/results_2025-01-15T09-12-32.791967.json,,,,,
JayHyeon/Qwen_0.5-DPO_3e-7-2ep_0alp_0lam,1.2695312499999996,True,real_attachments/C_efficiency_evolution/detailed_results/JayHyeon_Qwen_0.5-DPO_3e-7-2ep_0alp_0lam/results_2025-01-15T09-11-14.790371.json,,,,,
JayHyeon/Qwen_0.5-DPO_3e-7-3ep_0alp_0lam,1.1067708333333328,True,real_attachments/C_efficiency_evolution/detailed_results/JayHyeon_Qwen_0.5-DPO_3e-7-3ep_0alp_0lam/results_2025-01-15T09-23-39.196530.json,,,,,
JayHyeon/Qwen_0.5-DPO_5e-7-1ep_0alp_0lam,1.1067708333333328,True,real_attachments/C_efficiency_evolution/detailed_results/JayHyeon_Qwen_0.5-DPO_5e-7-1ep_0alp_0lam/results_2025-02-13T18-27-04.338360.json,,,,,
JayHyeon/Qwen_0.5-DPO_5e-7-2ep_0alp_0lam,1.432291666666666,True,real_attachments/C_efficiency_evolution/detailed_results/JayHyeon_Qwen_0.5-DPO_5e-7-2ep_0alp_0lam/results_2025-02-13T18-27-04.338360.json,,,,,
JayHyeon/Qwen_0.5-DPO_5e-7-3ep_0alp_0lam,1.432291666666666,True,real_attachments/C_efficiency_evolution/detailed_results/JayHyeon_Qwen_0.5-DPO_5e-7-3ep_0alp_0lam/results_2025-01-08T03-45-44.132699.json,,,,,
JayHyeon/Qwen_0.5-IPO_5e-7-1ep_0alp_0lam,1.1067708333333328,True,real_attachments/C_efficiency_evolution/detailed_results/JayHyeon_Qwen_0.5-IPO_5e-7-1ep_0alp_0lam/results_2025-02-13T18-27-04.338360.json,,,,,
JayHyeon/Qwen_0.5-IPO_5e-7-3ep_0alp_0lam,0.45572916666666624,True,real_attachments/C_efficiency_evolution/detailed_results/JayHyeon_Qwen_0.5-IPO_5e-7-3ep_0alp_0lam/results_2025-01-26T04-48-22.284565.json,,,,,
JayHyeon/Qwen_0.5-IRPO_1e-6-3ep_1alp_0lam,0.7812499999999996,True,real_attachments/C_efficiency_evolution/detailed_results/JayHyeon_Qwen_0.5-IRPO_1e-6-3ep_1alp_0lam/results_2025-02-13T18-27-04.338360.json,,,,,
JayHyeon/Qwen_0.5-IRPO_1e-7-3ep_1alp_0lam,1.2695312499999996,True,real_attachments/C_efficiency_evolution/detailed_results/JayHyeon_Qwen_0.5-IRPO_1e-7-3ep_1alp_0lam/results_2025-02-13T18-27-04.338360.json,,,,,
JayHyeon/Qwen_0.5-IRPO_3e-6-1ep_1alp_0lam,1.2106770833333331,True,real_attachments/C_efficiency_evolution/detailed_results/JayHyeon_Qwen_0.5-IRPO_3e-6-1ep_1alp_0lam/results_2025-01-09T04-15-28.904556.json,,,,,
JayHyeon/Qwen_0.5-IRPO_3e-6-2ep_1alp_0lam,2.602864583333334,True,real_attachments/C_efficiency_evolution/detailed_results/JayHyeon_Qwen_0.5-IRPO_3e-6-2ep_1alp_0lam/results_2025-01-09T04-04-45.876414.json,,,,,
JayHyeon/Qwen_0.5-IRPO_3e-6-3ep_1alp_0lam,1.8028645833333332,True,real_attachments/C_efficiency_evolution/detailed_results/JayHyeon_Qwen_0.5-IRPO_3e-6-3ep_1alp_0lam/results_2025-02-13T18-27-04.338360.json,,,,,
JayHyeon/Qwen_0.5-IRPO_3e-7-1ep_1alp_0lam,0.9440104166666662,True,real_attachments/C_efficiency_evolution/detailed_results/JayHyeon_Qwen_0.5-IRPO_3e-7-1ep_1alp_0lam/results_2025-02-13T18-27-04.338360.json,,,,,
JayHyeon/Qwen_0.5-IRPO_3e-7-3ep_1alp_0lam,1.1067708333333328,True,real_attachments/C_efficiency_evolution/detailed_results/JayHyeon_Qwen_0.5-IRPO_3e-7-3ep_1alp_0lam/results_2025-01-15T09-24-06.937216.json,,,,,
JayHyeon/Qwen_0.5-IRPO_5e-7-1ep_1alp_0lam,0.9440104166666662,True,real_attachments/C_efficiency_evolution/detailed_results/JayHyeon_Qwen_0.5-IRPO_5e-7-1ep_1alp_0lam/results_2025-02-13T18-27-04.338360.json,,,,,
JayHyeon/Qwen_0.5-IRPO_5e-7-2ep_1alp_0lam,0.9440104166666662,True,real_attachments/C_efficiency_evolution/detailed_results/JayHyeon_Qwen_0.5-IRPO_5e-7-2ep_1alp_0lam/results_2025-01-09T03-26-15.034504.json,,,,,
JayHyeon/Qwen_0.5-IRPO_5e-7-3ep_1alp_0lam,0.9440104166666662,True,real_attachments/C_efficiency_evolution/detailed_results/JayHyeon_Qwen_0.5-IRPO_5e-7-3ep_1alp_0lam/results_2025-02-13T18-27-04.338360.json,,,,,
JayHyeon/Qwen_0.5-MDPO_0.1_3e-6-3ep_0alp_0lam,1.3734374999999996,True,real_attachments/C_efficiency_evolution/detailed_results/JayHyeon_Qwen_0.5-MDPO_0.1_3e-6-3ep_0alp_0lam/results_2025-02-13T18-27-04.338360.json,,,,,
JayHyeon/Qwen_0.5-MDPO_0.1_5e-7-3ep_0alp_0lam,1.1067708333333328,True,real_attachments/C_efficiency_evolution/detailed_results/JayHyeon_Qwen_0.5-MDPO_0.1_5e-7-3ep_0alp_0lam/results_2025-01-21T07-13-13.514593.json,,,,,
JayHyeon/Qwen_0.5-MDPO_0.3_3e-6-3ep_0alp_0lam,1.1067708333333328,True,real_attachments/C_efficiency_evolution/detailed_results/JayHyeon_Qwen_0.5-MDPO_0.3_3e-6-3ep_0alp_0lam/results_2025-01-09T04-48-35.371892.json,,,,,
JayHyeon/Qwen_0.5-MDPO_0.3_5e-7-3ep_0alp_0lam,1.2695312499999996,True,real_attachments/C_efficiency_evolution/detailed_results/JayHyeon_Qwen_0.5-MDPO_0.3_5e-7-3ep_0alp_0lam/results_2025-01-09T04-44-39.692037.json,,,,,
JayHyeon/Qwen_0.5-MDPO_0.5_1e-5-3ep_0alp_0lam,1.47734375,True,real_attachments/C_efficiency_evolution/detailed_results/JayHyeon_Qwen_0.5-MDPO_0.5_1e-5-3ep_0alp_0lam/results_2025-02-13T18-27-04.338360.json,,,,,
JayHyeon/Qwen_0.5-MDPO_0.5_3e-7-1ep_0alp_0lam,1.2695312499999996,True,real_attachments/C_efficiency_evolution/detailed_results/JayHyeon_Qwen_0.5-MDPO_0.5_3e-7-1ep_0alp_0lam/results_2025-02-13T18-27-04.338360.json,,,,,
JayHyeon/Qwen_0.5-MDPO_0.5_3e-7-2ep_0alp_0lam,1.2695312499999996,True,real_attachments/C_efficiency_evolution/detailed_results/JayHyeon_Qwen_0.5-MDPO_0.5_3e-7-2ep_0alp_0lam/results_2025-02-13T18-27-04.338360.json,,,,,
JayHyeon/Qwen_0.5-MDPO_0.5_3e-7-3ep_0alp_0lam,1.1067708333333328,True,real_attachments/C_efficiency_evolution/detailed_results/JayHyeon_Qwen_0.5-MDPO_0.5_3e-7-3ep_0alp_0lam/results_2025-02-13T18-27-04.338360.json,,,,,
JayHyeon/Qwen_0.5-MDPO_0.5_4e-6-3ep_0alp_0lam,1.8028645833333332,True,real_attachments/C_efficiency_evolution/detailed_results/JayHyeon_Qwen_0.5-MDPO_0.5_4e-6-3ep_0alp_0lam/results_2025-02-13T18-27-04.338360.json,,,,,
JayHyeon/Qwen_0.5-MDPO_0.5_6e-6-3ep_0alp_0lam,1.5361979166666664,True,real_attachments/C_efficiency_evolution/detailed_results/JayHyeon_Qwen_0.5-MDPO_0.5_6e-6-3ep_0alp_0lam/results_2025-01-13T15-45-01.205704.json,,,,,
JayHyeon/Qwen_0.5-MDPO_0.5_7e-6-3ep_0alp_0lam,1.8028645833333332,True,real_attachments/C_efficiency_evolution/detailed_results/JayHyeon_Qwen_0.5-MDPO_0.5_7e-6-3ep_0alp_0lam/results_2025-01-13T17-57-25.419354.json,,,,,
JayHyeon/Qwen_0.5-MDPO_0.5_7e-7-3ep_0alp_0lam,1.1067708333333328,True,real_attachments/C_efficiency_evolution/detailed_results/JayHyeon_Qwen_0.5-MDPO_0.5_7e-7-3ep_0alp_0lam/results_2025-01-14T01-52-42.526523.json,,,,,
JayHyeon/Qwen_0.5-MDPO_0.7_3e-6-3ep_0alp_0lam,1.2695312499999996,True,real_attachments/C_efficiency_evolution/detailed_results/JayHyeon_Qwen_0.5-MDPO_0.7_3e-6-3ep_0alp_0lam/results_2025-02-13T18-27-04.338360.json,,,,,
JayHyeon/Qwen_0.5-MDPO_0.7_5e-7-3ep_0alp_0lam,1.1067708333333328,True,real_attachments/C_efficiency_evolution/detailed_results/JayHyeon_Qwen_0.5-MDPO_0.7_5e-7-3ep_0alp_0lam/results_2025-02-13T18-27-04.338360.json,,,,,
JayHyeon/Qwen_0.5-MDPO_0.9_5e-7-3ep_0alp_0lam,1.1067708333333328,True,real_attachments/C_efficiency_evolution/detailed_results/JayHyeon_Qwen_0.5-MDPO_0.9_5e-7-3ep_0alp_0lam/results_2025-01-13T17-52-55.439417.json,,,,,
JayHyeon/Qwen_0.5-VDPO_5e-7-1ep_0alp_0lam,1.2695312499999996,True,real_attachments/C_efficiency_evolution/detailed_results/JayHyeon_Qwen_0.5-VDPO_5e-7-1ep_0alp_0lam/results_2025-01-25T09-34-19.451187.json,,,,,
JayHyeon/Qwen_0.5-VDPO_5e-7-1ep_10vpo_const,0.9440104166666662,True,real_attachments/C_efficiency_evolution/detailed_results/JayHyeon_Qwen_0.5-VDPO_5e-7-1ep_10vpo_const/results_2025-02-25T00-37-19.926047.json,,,,,
JayHyeon/Qwen_0.5-VDPO_5e-7-1ep_3vpo_const,0.7812499999999996,True,real_attachments/C_efficiency_evolution/detailed_results/JayHyeon_Qwen_0.5-VDPO_5e-7-1ep_3vpo_const/results_2025-02-25T00-38-16.358599.json,,,,,
JayHyeon/Qwen_0.5-VDPO_5e-7-3ep_0alp_0lam,1.432291666666666,True,real_attachments/C_efficiency_evolution/detailed_results/JayHyeon_Qwen_0.5-VDPO_5e-7-3ep_0alp_0lam/results_2025-02-13T18-27-04.338360.json,,,,,
JayHyeon/Qwen_0.5-VIPO_5e-7-1ep_0alp_0lam,1.2695312499999996,True,real_attachments/C_efficiency_evolution/detailed_results/JayHyeon_Qwen_0.5-VIPO_5e-7-1ep_0alp_0lam/results_2025-02-13T18-27-04.338360.json,,,,,
JayHyeon/Qwen_0.5-VIPO_5e-7-1ep_30vpo_const,1.432291666666666,True,real_attachments/C_efficiency_evolution/detailed_results/JayHyeon_Qwen_0.5-VIPO_5e-7-1ep_30vpo_const/results_2025-02-25T03-20-46.678124.json,,,,,
JayHyeon/Qwen_0.5-VIPO_5e-7-1ep_3vpo_const,1.432291666666666,True,real_attachments/C_efficiency_evolution/detailed_results/JayHyeon_Qwen_0.5-VIPO_5e-7-1ep_3vpo_const/results_2025-02-24T17-43-57.079384.json,,,,,
JayHyeon/Qwen_0.5-VIPO_5e-7-3ep_0alp_0lam,0.7812499999999996,True,real_attachments/C_efficiency_evolution/detailed_results/JayHyeon_Qwen_0.5-VIPO_5e-7-3ep_0alp_0lam/results_2025-01-26T01-45-44.854883.json,,,,,
JayHyeon/Qwen_0.5-cDPO_5e-7-3ep_0vpo_const_0.1,1.1067708333333328,True,real_attachments/C_efficiency_evolution/detailed_results/JayHyeon_Qwen_0.5-cDPO_5e-7-3ep_0vpo_const_0.1/results_2025-02-24T22-44-46.252795.json,,,,,
JayHyeon/Qwen_0.5-cDPO_5e-7-3ep_0vpo_const_0.3,1.1067708333333328,True,real_attachments/C_efficiency_evolution/detailed_results/JayHyeon_Qwen_0.5-cDPO_5e-7-3ep_0vpo_const_0.3/results_2025-02-18T17-55-04.123975.json,,,,,
JayHyeon/Qwen_0.5-rDPO_3e-6-1ep_0vpo_const_0.1,1.1067708333333328,True,real_attachments/C_efficiency_evolution/detailed_results/JayHyeon_Qwen_0.5-rDPO_3e-6-1ep_0vpo_const_0.1/results_2025-02-27T10-38-23.212605.json,,,,,
JayHyeon/Qwen_0.5-rDPO_5e-7-3ep_0vpo_const_0.3,0.7812499999999996,True,real_attachments/C_efficiency_evolution/detailed_results/JayHyeon_Qwen_0.5-rDPO_5e-7-3ep_0vpo_const_0.3/results_2025-02-18T18-02-25.746599.json,,,,,
Jimmy19991222/Llama-3-Instruct-8B-SimPO-v0.2,8.389583333333334,True,real_attachments/C_efficiency_evolution/detailed_results/Jimmy19991222_Llama-3-Instruct-8B-SimPO-v0.2/results_2025-02-13T18-27-04.338360.json,,,,,
Jimmy19991222/llama-3-8b-instruct-gapo-v2-bert-f1-beta10-gamma0.3-lr1.0e-6-1minus-rerun,8.709114583333337,True,real_attachments/C_efficiency_evolution/detailed_results/Jimmy19991222_llama-3-8b-instruct-gapo-v2-bert-f1-beta10-gamma0.3-lr1.0e-6-1minus-rerun/results_2025-02-13T18-27-04.338360.json,8.709114583333337,chat_finetuned,24.144995316075697,2024-09-18,0.0
Jimmy19991222/llama-3-8b-instruct-gapo-v2-bert_f1-beta10-gamma0.3-lr1.0e-6-scale-log,8.167968750000002,True,real_attachments/C_efficiency_evolution/detailed_results/Jimmy19991222_llama-3-8b-instruct-gapo-v2-bert_f1-beta10-gamma0.3-lr1.0e-6-scale-log/results_2024-09-23T10-55-46.640885.json,8.167968750000002,chat_finetuned,24.09614909345055,2024-09-22,0.0
Jimmy19991222/llama-3-8b-instruct-gapo-v2-bert_p-beta10-gamma0.3-lr1.0e-6-scale-log,7.087500000000001,True,real_attachments/C_efficiency_evolution/detailed_results/Jimmy19991222_llama-3-8b-instruct-gapo-v2-bert_p-beta10-gamma0.3-lr1.0e-6-scale-log/results_2025-02-13T18-27-04.338360.json,7.087500000000001,chat_finetuned,23.03715310569549,2024-09-22,0.0
Jimmy19991222/llama-3-8b-instruct-gapo-v2-bleu-beta0.1-no-length-scale-gamma0.4,9.071875000000002,True,real_attachments/C_efficiency_evolution/detailed_results/Jimmy19991222_llama-3-8b-instruct-gapo-v2-bleu-beta0.1-no-length-scale-gamma0.4/results_2024-09-09T07-20-40.829244.json,,,,,
Jimmy19991222/llama-3-8b-instruct-gapo-v2-rouge2-beta10-1minus-gamma0.3-rerun,8.005208333333334,True,real_attachments/C_efficiency_evolution/detailed_results/Jimmy19991222_llama-3-8b-instruct-gapo-v2-rouge2-beta10-1minus-gamma0.3-rerun/results_2025-02-13T18-27-04.338360.json,8.005208333333334,chat_finetuned,24.385612249734205,2024-09-15,0.0
Jimmy19991222/llama-3-8b-instruct-gapo-v2-rouge2-beta10-gamma0.3-lr1.0e-6-scale-log,7.805208333333336,True,real_attachments/C_efficiency_evolution/detailed_results/Jimmy19991222_llama-3-8b-instruct-gapo-v2-rouge2-beta10-gamma0.3-lr1.0e-6-scale-log/results_2025-02-13T18-27-04.338360.json,7.805208333333336,chat_finetuned,24.210850058799164,2024-09-22,0.0
Jimmy19991222/llama-3-8b-instruct-gapo-v2-rougeL-beta10-gamma0.3-lr1.0e-6-scale-log,7.383593750000003,True,real_attachments/C_efficiency_evolution/detailed_results/Jimmy19991222_llama-3-8b-instruct-gapo-v2-rougeL-beta10-gamma0.3-lr1.0e-6-scale-log/results_2024-09-23T10-57-23.954689.json,7.383593750000003,chat_finetuned,24.056972059408523,2024-09-22,0.0
Joseph717171/Hermes-3-Llama-3.1-8B_TIES_with_Base_Embeds_Initialized_to_Special_Instruct_Toks_dtypeF32,13.617187499999995,True,real_attachments/C_efficiency_evolution/detailed_results/Joseph717171_Hermes-3-Llama-3.1-8B_TIES_with_Base_Embeds_Initialized_to_Special_Instruct_Toks_dtypeF32/results_2024-10-29T05-27-54.968559.json,13.617187499999996,chat_finetuned,23.25287703936368,2024-10-25,-1.7763568394002505e-15
Joseph717171/Llama-3.1-SuperNova-8B-Lite_TIES_with_Base,10.74036458333333,True,real_attachments/C_efficiency_evolution/detailed_results/Joseph717171_Llama-3.1-SuperNova-8B-Lite_TIES_with_Base/results_2025-02-13T18-27-04.338360.json,10.74036458333333,chat_finetuned,30.245028049214653,2024-10-03,0.0
Josephgflowers/Cinder-Phi-2-V1-F16-gguf,1.965625,True,real_attachments/C_efficiency_evolution/detailed_results/Josephgflowers_Cinder-Phi-2-V1-F16-gguf/results_2025-02-13T18-27-04.338360.json,1.965625,chat_finetuned,11.258522615146035,2024-06-26,0.0
Josephgflowers/Differential-Attention-Liquid-Metal-Tinyllama,0.9440104166666662,True,real_attachments/C_efficiency_evolution/detailed_results/Josephgflowers_Differential-Attention-Liquid-Metal-Tinyllama/results_2025-02-13T18-27-04.338360.json,0.9440104166666662,chat_finetuned,5.250959952944555,2024-11-07,0.0
Josephgflowers/TinyLlama-Cinder-Agent-v1,2.232291666666667,True,real_attachments/C_efficiency_evolution/detailed_results/Josephgflowers_TinyLlama-Cinder-Agent-v1/results_2025-02-13T18-27-04.338360.json,2.232291666666667,chat_finetuned,6.332677189374276,2024-06-26,0.0
Josephgflowers/TinyLlama-v1.1-Cinders-World,0.6184895833333329,True,real_attachments/C_efficiency_evolution/detailed_results/Josephgflowers_TinyLlama-v1.1-Cinders-World/results_2025-02-13T18-27-04.338360.json,0.6184895833333329,chat_finetuned,5.683002628938165,2024-10-13,0.0
Josephgflowers/TinyLlama_v1.1_math_code-world-test-1,3.6382812500000004,True,real_attachments/C_efficiency_evolution/detailed_results/Josephgflowers_TinyLlama_v1.1_math_code-world-test-1/results_2025-02-13T18-27-04.338360.json,3.63828125,chat_finetuned,2.0028112750677205,2024-09-09,4.440892098500626e-16
Josephgflowers/Tinyllama-STEM-Cinder-Agent-v1,1.432291666666666,True,real_attachments/C_efficiency_evolution/detailed_results/Josephgflowers_Tinyllama-STEM-Cinder-Agent-v1/results_2025-02-13T18-27-04.338360.json,1.432291666666666,chat_finetuned,5.683635033220809,2024-11-27,0.0
JungZoona/T3Q-Qwen2.5-14B-Instruct-1M-e3,38.688020833333326,True,real_attachments/C_efficiency_evolution/detailed_results/JungZoona_T3Q-Qwen2.5-14B-Instruct-1M-e3/results_2025-03-13T11-19-17.541040.json,,,,,
JungZoona/T3Q-qwen2.5-14b-v1.0-e3,38.688020833333326,True,real_attachments/C_efficiency_evolution/detailed_results/JungZoona_T3Q-qwen2.5-14b-v1.0-e3/results_2025-03-13T18-54-06.038301.json,38.688020833333326,chat_finetuned,47.09154471380421,2025-03-13,0.0
Junhoee/Qwen-Megumin,8.187239583333335,True,real_attachments/C_efficiency_evolution/detailed_results/Junhoee_Qwen-Megumin/results_2025-02-13T18-27-04.338360.json,,,,,
KSU-HW-SEC/Llama3-70b-SVA-FT-1415,17.801041666666663,True,real_attachments/C_efficiency_evolution/detailed_results/KSU-HW-SEC_Llama3-70b-SVA-FT-1415/results_2024-09-14T11-15-52.495807.json,,,,,
KSU-HW-SEC/Llama3-70b-SVA-FT-500,16.993229166666666,True,real_attachments/C_efficiency_evolution/detailed_results/KSU-HW-SEC_Llama3-70b-SVA-FT-500/results_2025-02-13T18-27-04.338360.json,,,,,
KSU-HW-SEC/Llama3-70b-SVA-FT-final,17.801041666666663,True,real_attachments/C_efficiency_evolution/detailed_results/KSU-HW-SEC_Llama3-70b-SVA-FT-final/results_2024-09-14T11-20-10.542367.json,,,,,
KSU-HW-SEC/Llama3.1-70b-SVA-FT-1000step,17.830468749999998,True,real_attachments/C_efficiency_evolution/detailed_results/KSU-HW-SEC_Llama3.1-70b-SVA-FT-1000step/results_2024-09-14T13-17-42.155979.json,,,,,
Khetterman/DarkAtom-12B-v3,16.116927083333334,True,real_attachments/C_efficiency_evolution/detailed_results/Khetterman_DarkAtom-12B-v3/results_2025-02-13T18-27-04.338360.json,,,,,
Khetterman/Kosmos-8B-v1,8.819010416666668,True,real_attachments/C_efficiency_evolution/detailed_results/Khetterman_Kosmos-8B-v1/results_2025-02-13T18-27-04.338360.json,,,,,
Kimargin/GPT-NEO-1.3B-wiki,6.932552083333333,True,real_attachments/C_efficiency_evolution/detailed_results/Kimargin_GPT-NEO-1.3B-wiki/results_2025-02-13T18-27-04.338360.json,6.932552083333333,chat_finetuned,5.349183189126563,2024-10-24,0.0
KingNish/Qwen2.5-0.5b-Test-ft,1.432291666666666,True,real_attachments/C_efficiency_evolution/detailed_results/KingNish_Qwen2.5-0.5b-Test-ft/results_2024-09-29T12-44-22.226822.json,1.432291666666666,chat_finetuned,7.865415598812703,2024-09-29,0.0
KingNish/Reasoning-Llama-3b-v0.1,2.3950520833333333,True,real_attachments/C_efficiency_evolution/detailed_results/KingNish_Reasoning-Llama-3b-v0.1/results_2024-10-26T03-53-11.772801.json,2.3950520833333333,chat_finetuned,20.212379567792407,2024-10-26,0.0
KingNish/qwen-1b-continued,5.6677083333333345,True,real_attachments/C_efficiency_evolution/detailed_results/KingNish_qwen-1b-continued/results_2025-03-07T09-37-53.465122.json,5.6677083333333345,continued,4.792600271519794,2025-03-07,0.0
KingNish/qwen-1b-continued-v2.1,10.957812500000003,True,real_attachments/C_efficiency_evolution/detailed_results/KingNish_qwen-1b-continued-v2.1/results_2025-03-08T10-12-52.903270.json,10.957812500000005,continued,5.461814579103264,2025-03-08,-1.7763568394002505e-15
KingNish/qwen-1b-continued-v2.2,2.2460937499999996,True,real_attachments/C_efficiency_evolution/detailed_results/KingNish_qwen-1b-continued-v2.2/results_2025-03-09T05-05-28.063314.json,2.2460937499999996,continued,4.441641963318088,2025-03-09,0.0
Kquant03/CognitiveFusion2-4x7B-BF16,9.95234375,True,real_attachments/C_efficiency_evolution/detailed_results/Kquant03_CognitiveFusion2-4x7B-BF16/results_2025-02-13T18-27-04.338360.json,9.95234375,merge,15.629054867362484,2024-07-31,0.0
Kquant03/L3-Pneuma-8B,10.211197916666668,True,real_attachments/C_efficiency_evolution/detailed_results/Kquant03_L3-Pneuma-8B/results_2025-02-13T18-27-04.338360.json,10.211197916666668,chat_finetuned,16.617570099377616,2024-10-16,0.0
Krystalan/DRT-o1-14B,19.83880208333333,True,real_attachments/C_efficiency_evolution/detailed_results/Krystalan_DRT-o1-14B/results_2025-02-13T18-27-04.338360.json,19.83880208333333,chat_finetuned,36.16608563724584,2024-12-27,0.0
Krystalan/DRT-o1-7B,24.08203125,True,real_attachments/C_efficiency_evolution/detailed_results/Krystalan_DRT-o1-7B/results_2025-02-13T18-27-04.338360.json,24.08203125,merge,31.402661796813607,2025-02-05,0.0
Kukedlc/NeuralExperiment-7b-MagicCoder-v7.5,13.058072916666665,True,real_attachments/C_efficiency_evolution/detailed_results/Kukedlc_NeuralExperiment-7b-MagicCoder-v7.5/results_2025-02-13T18-27-04.338360.json,13.058072916666664,chat_finetuned,18.006004625989025,2024-07-30,1.7763568394002505e-15
Kukedlc/NeuralLLaMa-3-8b-DT-v0.1,9.68932291666667,True,real_attachments/C_efficiency_evolution/detailed_results/Kukedlc_NeuralLLaMa-3-8b-DT-v0.1/results_2024-09-18T14-44-45.615531.json,,,,,
Kukedlc/NeuralLLaMa-3-8b-ORPO-v0.3,3.65390625,True,real_attachments/C_efficiency_evolution/detailed_results/Kukedlc_NeuralLLaMa-3-8b-ORPO-v0.3/results_2025-02-13T18-27-04.338360.json,3.65390625,chat_finetuned,17.748741624089156,2024-07-28,0.0
Kukedlc/NeuralSynthesis-7B-v0.1,13.160156250000005,True,real_attachments/C_efficiency_evolution/detailed_results/Kukedlc_NeuralSynthesis-7B-v0.1/results_2025-02-13T18-27-04.338360.json,13.160156250000004,merge,20.015676781413074,2024-06-29,1.7763568394002505e-15
Kukedlc/NeuralSynthesis-7B-v0.3,13.389583333333329,True,real_attachments/C_efficiency_evolution/detailed_results/Kukedlc_NeuralSynthesis-7B-v0.3/results_2025-02-13T18-27-04.338360.json,13.389583333333327,merge,20.095272707991136,2024-07-31,1.7763568394002505e-15
Kukedlc/NeuralSynthesis-7b-v0.4-slerp,13.056250000000004,True,real_attachments/C_efficiency_evolution/detailed_results/Kukedlc_NeuralSynthesis-7b-v0.4-slerp/results_2025-02-13T18-27-04.338360.json,13.056250000000004,merge,19.530512651958592,2024-07-31,0.0
Kukedlc/Qwen-2.5-7b-Spanish-o1-CoT,18.442968750000002,True,real_attachments/C_efficiency_evolution/detailed_results/Kukedlc_Qwen-2.5-7b-Spanish-o1-CoT/results_2024-12-04T02-31-08.583409.json,18.44296875,chat_finetuned,28.573639430598366,2024-12-04,3.552713678800501e-15
Kumar955/Hemanth-llm,14.503645833333335,True,real_attachments/C_efficiency_evolution/detailed_results/Kumar955_Hemanth-llm/results_2025-02-13T18-27-04.338360.json,,,,,
LEESM/llama-2-7b-hf-lora-oki100p,3.5578125000000003,True,real_attachments/C_efficiency_evolution/detailed_results/LEESM_llama-2-7b-hf-lora-oki100p/results_2024-11-10T03-46-21.542307.json,3.5578125000000003,chat_finetuned,8.782858998727155,2024-11-08,0.0
LEESM/llama-2-7b-hf-lora-oki10p,1.1067708333333328,True,real_attachments/C_efficiency_evolution/detailed_results/LEESM_llama-2-7b-hf-lora-oki10p/results_2024-11-10T03-44-42.609036.json,1.1067708333333328,chat_finetuned,7.168375740980447,2024-11-08,0.0
LEESM/llama-3-8b-bnb-4b-kowiki231101,3.0598958333333326,True,real_attachments/C_efficiency_evolution/detailed_results/LEESM_llama-3-8b-bnb-4b-kowiki231101/results_2025-02-13T18-27-04.338360.json,3.0598958333333326,chat_finetuned,9.47249832488312,2024-11-08,0.0
LEESM/llama-3-Korean-Bllossom-8B-trexlab-oki10p,7.665885416666669,True,real_attachments/C_efficiency_evolution/detailed_results/LEESM_llama-3-Korean-Bllossom-8B-trexlab-oki10p/results_2025-02-13T18-27-04.338360.json,7.665885416666669,chat_finetuned,13.509662923847067,2024-11-08,0.0
LGAI-EXAONE/EXAONE-3.0-7.8B-Instruct,3.298958333333333,True,real_attachments/C_efficiency_evolution/detailed_results/LGAI-EXAONE_EXAONE-3.0-7.8B-Instruct/results_2025-02-13T18-27-04.338360.json,,,,,
LGAI-EXAONE/EXAONE-3.5-2.4B-Instruct,3.165625,True,real_attachments/C_efficiency_evolution/detailed_results/LGAI-EXAONE_EXAONE-3.5-2.4B-Instruct/results_2025-02-13T18-27-04.338360.json,,,,,
LGAI-EXAONE/EXAONE-3.5-32B-Instruct,5.150000000000001,True,real_attachments/C_efficiency_evolution/detailed_results/LGAI-EXAONE_EXAONE-3.5-32B-Instruct/results_2025-02-13T18-27-04.338360.json,,,,,
LGAI-EXAONE/EXAONE-3.5-7.8B-Instruct,4.9421875,True,real_attachments/C_efficiency_evolution/detailed_results/LGAI-EXAONE_EXAONE-3.5-7.8B-Instruct/results_2025-02-13T18-27-04.338360.json,,,,,
LLM360/K2,8.550000000000004,True,real_attachments/C_efficiency_evolution/detailed_results/LLM360_K2/results_2025-02-13T18-27-04.338360.json,8.550000000000004,pretrained,14.643753289939289,2024-06-26,0.0
LLM360/K2-Chat,16.824999999999996,True,real_attachments/C_efficiency_evolution/detailed_results/LLM360_K2-Chat/results_2025-02-13T18-27-04.338360.json,16.824999999999996,chat_finetuned,24.387145154830876,2024-06-12,0.0
LLM4Binary/llm4decompile-1.3b-v2,9.430468750000001,True,real_attachments/C_efficiency_evolution/detailed_results/LLM4Binary_llm4decompile-1.3b-v2/results_2025-02-13T18-27-04.338360.json,9.43046875,chat_finetuned,6.93902486034668,2024-11-16,1.7763568394002505e-15
Lambent/qwen2.5-reinstruct-alternate-lumen-14B,19.624999999999996,True,real_attachments/C_efficiency_evolution/detailed_results/Lambent_qwen2.5-reinstruct-alternate-lumen-14B/results_2024-09-28T11-34-19.772653.json,,,,,
Langboat/Mengzi3-8B-Chat,9.040625,True,real_attachments/C_efficiency_evolution/detailed_results/Langboat_Mengzi3-8B-Chat/results_2025-02-13T18-27-04.338360.json,9.040625,chat_finetuned,20.28829250015946,2024-10-21,0.0
LenguajeNaturalAI/leniachat-gemma-2b-v0,3.6382812500000004,True,real_attachments/C_efficiency_evolution/detailed_results/LenguajeNaturalAI_leniachat-gemma-2b-v0/results_2024-09-03T08-54-22.794959.json,3.63828125,chat_finetuned,5.737240998088876,2024-09-01,4.440892098500626e-16
LenguajeNaturalAI/leniachat-qwen2-1.5B-v0,3.873697916666666,True,real_attachments/C_efficiency_evolution/detailed_results/LenguajeNaturalAI_leniachat-qwen2-1.5B-v0/results_2024-09-30T10-56-03.778577.json,3.873697916666666,chat_finetuned,8.580803348718375,2024-09-30,0.0
LeroyDyer/CheckPoint_A,11.385416666666666,True,real_attachments/C_efficiency_evolution/detailed_results/LeroyDyer_CheckPoint_A/results_2025-02-13T18-27-04.338360.json,,,,,
LeroyDyer/CheckPoint_B,6.830468750000001,True,real_attachments/C_efficiency_evolution/detailed_results/LeroyDyer_CheckPoint_B/results_2025-02-13T18-27-04.338360.json,,,,,
LeroyDyer/CheckPoint_C,12.960156250000002,True,real_attachments/C_efficiency_evolution/detailed_results/LeroyDyer_CheckPoint_C/results_2025-02-13T18-27-04.338360.json,,,,,
LeroyDyer/LCARS_AI_001,13.328906250000003,True,real_attachments/C_efficiency_evolution/detailed_results/LeroyDyer_LCARS_AI_001/results_2025-02-13T18-27-04.338360.json,,,,,
LeroyDyer/LCARS_AI_1x4_003_SuperAI,15.560156250000004,True,real_attachments/C_efficiency_evolution/detailed_results/LeroyDyer_LCARS_AI_1x4_003_SuperAI/results_2025-02-13T18-27-04.338360.json,15.560156250000004,chat_finetuned,19.518229049313643,2024-08-07,0.0
LeroyDyer/LCARS_AI_StarTrek_Computer,7.444270833333334,True,real_attachments/C_efficiency_evolution/detailed_results/LeroyDyer_LCARS_AI_StarTrek_Computer/results_2025-02-13T18-27-04.338360.json,7.444270833333334,chat_finetuned,14.613893572975764,2024-08-07,0.0
LeroyDyer/LCARS_TOP_SCORE,12.426822916666671,True,real_attachments/C_efficiency_evolution/detailed_results/LeroyDyer_LCARS_TOP_SCORE/results_2025-02-13T18-27-04.338360.json,12.426822916666673,chat_finetuned,20.322005404213282,2024-08-08,-1.7763568394002505e-15
LeroyDyer/Mixtral_AI_SwahiliTron_7b,1.920572916666666,True,real_attachments/C_efficiency_evolution/detailed_results/LeroyDyer_Mixtral_AI_SwahiliTron_7b/results_2025-02-13T18-27-04.338360.json,1.920572916666666,chat_finetuned,4.358661915319342,2024-07-12,0.0
LeroyDyer/SpydazWebAI_Human_AGI,7.379427083333333,True,real_attachments/C_efficiency_evolution/detailed_results/LeroyDyer_SpydazWebAI_Human_AGI/results_2025-02-13T18-27-04.338360.json,,,,,
LeroyDyer/SpydazWebAI_Human_AGI_001,8.224479166666667,True,real_attachments/C_efficiency_evolution/detailed_results/LeroyDyer_SpydazWebAI_Human_AGI_001/results_2025-02-13T18-27-04.338360.json,,,,,
LeroyDyer/SpydazWeb_AI_CyberTron_Ultra_7b,10.303125000000003,True,real_attachments/C_efficiency_evolution/detailed_results/LeroyDyer_SpydazWeb_AI_CyberTron_Ultra_7b/results_2025-02-13T18-27-04.338360.json,10.303125000000003,chat_finetuned,13.566675630986595,2024-07-12,0.0
LeroyDyer/SpydazWeb_AI_HumanAGI_001_M2,15.254427083333335,True,real_attachments/C_efficiency_evolution/detailed_results/LeroyDyer_SpydazWeb_AI_HumanAGI_001_M2/results_2025-02-13T18-27-04.338360.json,,,,,
LeroyDyer/SpydazWeb_AI_HumanAGI_002,21.144531249999996,True,real_attachments/C_efficiency_evolution/detailed_results/LeroyDyer_SpydazWeb_AI_HumanAGI_002/results_2025-02-13T18-27-04.338360.json,21.144531249999996,chat_finetuned,21.01474000615888,2025-01-15,0.0
LeroyDyer/SpydazWeb_AI_HumanAI_001,6.053906250000002,True,real_attachments/C_efficiency_evolution/detailed_results/LeroyDyer_SpydazWeb_AI_HumanAI_001/results_2025-02-13T18-27-04.338360.json,,,,,
LeroyDyer/SpydazWeb_AI_HumanAI_006,1.7656250000000016,True,real_attachments/C_efficiency_evolution/detailed_results/LeroyDyer_SpydazWeb_AI_HumanAI_006/results_2025-02-13T18-27-04.338360.json,,,,,
LeroyDyer/SpydazWeb_AI_HumanAI_007,9.236458333333333,True,real_attachments/C_efficiency_evolution/detailed_results/LeroyDyer_SpydazWeb_AI_HumanAI_007/results_2025-02-13T18-27-04.338360.json,,,,,
LeroyDyer/SpydazWeb_AI_HumanAI_009_CHAT,10.31875,True,real_attachments/C_efficiency_evolution/detailed_results/LeroyDyer_SpydazWeb_AI_HumanAI_009_CHAT/results_2025-02-13T18-27-04.338360.json,,,,,
LeroyDyer/SpydazWeb_AI_HumanAI_010_CHAT,10.01484375,True,real_attachments/C_efficiency_evolution/detailed_results/LeroyDyer_SpydazWeb_AI_HumanAI_010_CHAT/results_2025-02-13T18-27-04.338360.json,,,,,
LeroyDyer/SpydazWeb_AI_HumanAI_011_INSTRUCT,5.793229166666667,True,real_attachments/C_efficiency_evolution/detailed_results/LeroyDyer_SpydazWeb_AI_HumanAI_011_INSTRUCT/results_2025-02-13T18-27-04.338360.json,,,,,
LeroyDyer/SpydazWeb_AI_HumanAI_011_INSTRUCT_ML,10.922916666666666,True,real_attachments/C_efficiency_evolution/detailed_results/LeroyDyer_SpydazWeb_AI_HumanAI_011_INSTRUCT_ML/results_2025-02-13T18-27-04.338360.json,,,,,
LeroyDyer/SpydazWeb_AI_HumanAI_011_INSTRUCT_ML_r1,7.250260416666667,True,real_attachments/C_efficiency_evolution/detailed_results/LeroyDyer_SpydazWeb_AI_HumanAI_011_INSTRUCT_ML_r1/results_2025-02-13T18-27-04.338360.json,,,,,
LeroyDyer/SpydazWeb_AI_HumanAI_012_INSTRUCT_IA,11.309114583333333,True,real_attachments/C_efficiency_evolution/detailed_results/LeroyDyer_SpydazWeb_AI_HumanAI_012_INSTRUCT_IA/results_2025-02-13T18-27-04.338360.json,,,,,
LeroyDyer/SpydazWeb_AI_HumanAI_012_INSTRUCT_MX,3.5481770833333326,True,real_attachments/C_efficiency_evolution/detailed_results/LeroyDyer_SpydazWeb_AI_HumanAI_012_INSTRUCT_MX/results_2025-02-13T18-27-04.338360.json,,,,,
LeroyDyer/SpydazWeb_AI_HumanAI_012_INSTRUCT_XA,10.183593750000002,True,real_attachments/C_efficiency_evolution/detailed_results/LeroyDyer_SpydazWeb_AI_HumanAI_012_INSTRUCT_XA/results_2025-02-13T18-27-04.338360.json,,,,,
LeroyDyer/SpydazWeb_AI_HumanAI_RP,5.865885416666665,True,real_attachments/C_efficiency_evolution/detailed_results/LeroyDyer_SpydazWeb_AI_HumanAI_RP/results_2025-02-13T18-27-04.338360.json,5.865885416666665,chat_finetuned,7.78223636896281,2024-11-18,0.0
LeroyDyer/SpydazWeb_AI_HumanAI_TextVision,7.497135416666669,True,real_attachments/C_efficiency_evolution/detailed_results/LeroyDyer_SpydazWeb_AI_HumanAI_TextVision/results_2025-02-13T18-27-04.338360.json,,,,,
LeroyDyer/SpydazWeb_HumanAI_M1,4.289322916666667,True,real_attachments/C_efficiency_evolution/detailed_results/LeroyDyer_SpydazWeb_HumanAI_M1/results_2025-02-13T18-27-04.338360.json,,,,,
LeroyDyer/SpydazWeb_HumanAI_M2,3.9932291666666657,True,real_attachments/C_efficiency_evolution/detailed_results/LeroyDyer_SpydazWeb_HumanAI_M2/results_2025-02-13T18-27-04.338360.json,,,,,
LeroyDyer/SpydazWeb_HumanAI_M3,7.128385416666667,True,real_attachments/C_efficiency_evolution/detailed_results/LeroyDyer_SpydazWeb_HumanAI_M3/results_2025-02-13T18-27-04.338360.json,,,,,
LeroyDyer/_Spydaz_Web_AI_12,2.2028645833333327,True,real_attachments/C_efficiency_evolution/detailed_results/LeroyDyer__Spydaz_Web_AI_12/results_2025-02-13T18-27-04.338360.json,,,,,
LeroyDyer/_Spydaz_Web_AI_14,1.1067708333333328,True,real_attachments/C_efficiency_evolution/detailed_results/LeroyDyer__Spydaz_Web_AI_14/results_2025-02-13T18-27-04.338360.json,,,,,
LeroyDyer/_Spydaz_Web_AI_BIBLE_002,2.4539062499999997,True,real_attachments/C_efficiency_evolution/detailed_results/LeroyDyer__Spydaz_Web_AI_BIBLE_002/results_2025-02-13T18-27-04.338360.json,2.4539062499999997,chat_finetuned,6.86090172693433,2024-09-14,0.0
LeroyDyer/_Spydaz_Web_AI_ChatML_002,2.7890625000000004,True,real_attachments/C_efficiency_evolution/detailed_results/LeroyDyer__Spydaz_Web_AI_ChatML_002/results_2025-02-13T18-27-04.338360.json,,,,,
LeroyDyer/_Spydaz_Web_AI_ChatQA,2.5578125000000003,True,real_attachments/C_efficiency_evolution/detailed_results/LeroyDyer__Spydaz_Web_AI_ChatQA/results_2025-02-13T18-27-04.338360.json,,,,,
LeroyDyer/_Spydaz_Web_AI_ChatQA_003,5.830468750000001,True,real_attachments/C_efficiency_evolution/detailed_results/LeroyDyer__Spydaz_Web_AI_ChatQA_003/results_2025-02-13T18-27-04.338360.json,,,,,
LightningRodLabs/Flashlight-v1.0,9.92838541666667,True,real_attachments/C_efficiency_evolution/detailed_results/LightningRodLabs_Flashlight-v1.0/results_2025-02-13T18-27-04.338360.json,9.92838541666667,chat_finetuned,40.5748695700393,2025-01-18,0.0
LightningRodLabs/Flashlight-v1.1,8.995052083333334,True,real_attachments/C_efficiency_evolution/detailed_results/LightningRodLabs_Flashlight-v1.1/results_2025-02-13T18-27-04.338360.json,,,,,
LightningRodLabs/Flashlight-v1.2,16.45390625,True,real_attachments/C_efficiency_evolution/detailed_results/LightningRodLabs_Flashlight-v1.2/results_2025-02-13T18-27-04.338360.json,,,,,
Lil-R/2_PRYMMAL-ECE-2B-SLERP-V1,13.916927083333334,True,real_attachments/C_efficiency_evolution/detailed_results/Lil-R_2_PRYMMAL-ECE-2B-SLERP-V1/results_2025-02-13T18-27-04.338360.json,13.916927083333334,merge,21.160448654695188,2024-11-07,0.0
Lil-R/2_PRYMMAL-ECE-2B-SLERP-V2,15.620833333333335,True,real_attachments/C_efficiency_evolution/detailed_results/Lil-R_2_PRYMMAL-ECE-2B-SLERP-V2/results_2025-02-13T18-27-04.338360.json,15.620833333333335,merge,21.073953219725933,2024-11-05,0.0
Lil-R/2_PRYMMAL-ECE-7B-SLERP,13.483854166666669,True,real_attachments/C_efficiency_evolution/detailed_results/Lil-R_2_PRYMMAL-ECE-7B-SLERP/results_2025-02-13T18-27-04.338360.json,13.483854166666667,merge,31.51530852235753,2024-11-04,1.7763568394002505e-15
Lil-R/2_PRYMMAL-ECE-7B-SLERP-V1,7.318749999999999,True,real_attachments/C_efficiency_evolution/detailed_results/Lil-R_2_PRYMMAL-ECE-7B-SLERP-V1/results_2025-02-13T18-27-04.338360.json,7.318749999999999,merge,3.733001542831197,2024-10-28,0.0
Lil-R/2_PRYMMAL-ECE-7B-SLERP-V2,7.318749999999999,True,real_attachments/C_efficiency_evolution/detailed_results/Lil-R_2_PRYMMAL-ECE-7B-SLERP-V2/results_2025-02-13T18-27-04.338360.json,7.318749999999999,merge,3.733001542831197,2024-10-28,0.0
Lil-R/2_PRYMMAL-ECE-7B-SLERP-V3,9.738541666666668,True,real_attachments/C_efficiency_evolution/detailed_results/Lil-R_2_PRYMMAL-ECE-7B-SLERP-V3/results_2025-02-13T18-27-04.338360.json,,,,,
Lil-R/PRYMMAL-ECE-1B-SLERP-V1,7.346354166666667,True,real_attachments/C_efficiency_evolution/detailed_results/Lil-R_PRYMMAL-ECE-1B-SLERP-V1/results_2025-02-13T18-27-04.338360.json,7.346354166666667,merge,14.88329630475093,2024-10-29,0.0
Lil-R/PRYMMAL-ECE-7B-SLERP-V8,3.0598958333333326,True,real_attachments/C_efficiency_evolution/detailed_results/Lil-R_PRYMMAL-ECE-7B-SLERP-V8/results_2025-02-13T18-27-04.338360.json,3.0598958333333326,merge,3.386229392038714,2024-10-28,0.0
LilRg/10PRYMMAL-3B-slerp,15.713281250000001,True,real_attachments/C_efficiency_evolution/detailed_results/LilRg_10PRYMMAL-3B-slerp/results_2025-02-13T18-27-04.338360.json,15.71328125,merge,21.087895754438843,2024-09-24,1.7763568394002505e-15
LilRg/ECE-1B-merge-PRYMMAL,5.279687499999999,True,real_attachments/C_efficiency_evolution/detailed_results/LilRg_ECE-1B-merge-PRYMMAL/results_2025-02-13T18-27-04.338360.json,5.279687499999999,merge,14.497652546900953,2024-10-07,0.0
LilRg/ECE_Finetunning,7.693489583333334,True,real_attachments/C_efficiency_evolution/detailed_results/LilRg_ECE_Finetunning/results_2025-02-13T18-27-04.338360.json,7.693489583333334,chat_finetuned,11.987032259556209,2024-09-28,0.0
LilRg/PRYMMAL-6B-slerp,4.452083333333333,True,real_attachments/C_efficiency_evolution/detailed_results/LilRg_PRYMMAL-6B-slerp/results_2025-02-13T18-27-04.338360.json,4.452083333333333,merge,3.23270592407536,2024-09-24,0.0
LilRg/PRYMMAL-ECE-7B-SLERP-V3,3.193229166666668,True,real_attachments/C_efficiency_evolution/detailed_results/LilRg_PRYMMAL-ECE-7B-SLERP-V3/results_2025-02-13T18-27-04.338360.json,,,,,
LilRg/PRYMMAL-ECE-7B-SLERP-V4,3.193229166666668,True,real_attachments/C_efficiency_evolution/detailed_results/LilRg_PRYMMAL-ECE-7B-SLERP-V4/results_2025-02-13T18-27-04.338360.json,,,,,
LilRg/PRYMMAL-ECE-7B-SLERP-V5,3.193229166666668,True,real_attachments/C_efficiency_evolution/detailed_results/LilRg_PRYMMAL-ECE-7B-SLERP-V5/results_2025-02-13T18-27-04.338360.json,,,,,
LilRg/PRYMMAL-ECE-7B-SLERP-V6,3.193229166666668,True,real_attachments/C_efficiency_evolution/detailed_results/LilRg_PRYMMAL-ECE-7B-SLERP-V6/results_2025-02-13T18-27-04.338360.json,,,,,
LilRg/PRYMMAL-ECE-7B-SLERP-V7,3.193229166666668,True,real_attachments/C_efficiency_evolution/detailed_results/LilRg_PRYMMAL-ECE-7B-SLERP-V7/results_2025-02-13T18-27-04.338360.json,,,,,
LilRg/PRYMMAL-slerp-Merge,17.2015625,True,real_attachments/C_efficiency_evolution/detailed_results/LilRg_PRYMMAL-slerp-Merge/results_2025-02-13T18-27-04.338360.json,17.2015625,merge,23.42765486276747,2024-09-24,0.0
LimYeri/CodeMind-Llama3-8B-unsloth_v2-merged,2.218489583333334,True,real_attachments/C_efficiency_evolution/detailed_results/LimYeri_CodeMind-Llama3-8B-unsloth_v2-merged/results_2025-02-13T18-27-04.338360.json,2.218489583333334,chat_finetuned,22.472907319238214,2024-08-28,0.0
LimYeri/CodeMind-Llama3-8B-unsloth_v3-merged,1.1518229166666667,True,real_attachments/C_efficiency_evolution/detailed_results/LimYeri_CodeMind-Llama3-8B-unsloth_v3-merged/results_2025-02-13T18-27-04.338360.json,,,,,
LimYeri/CodeMind-Llama3-8B-unsloth_v4-one-DPO-merged,3.565625000000001,True,real_attachments/C_efficiency_evolution/detailed_results/LimYeri_CodeMind-Llama3-8B-unsloth_v4-one-DPO-merged/results_2024-09-03T08-41-46.953089.json,3.565625000000001,chat_finetuned,21.711489727026887,2024-08-28,0.0
LimYeri/CodeMind-Llama3-8B-unsloth_v4-one-merged,9.399218750000003,True,real_attachments/C_efficiency_evolution/detailed_results/LimYeri_CodeMind-Llama3-8B-unsloth_v4-one-merged/results_2025-02-13T18-27-04.338360.json,9.399218750000005,chat_finetuned,17.61324636978146,2024-08-28,-1.7763568394002505e-15
LimYeri/CodeMind-Llama3.1-8B-unsloth-merged,6.038281250000002,True,real_attachments/C_efficiency_evolution/detailed_results/LimYeri_CodeMind-Llama3.1-8B-unsloth-merged/results_2025-02-13T18-27-04.338360.json,6.038281250000002,chat_finetuned,22.317695413728828,2024-08-31,0.0
Locutusque/CollectiveLM-Falcon-3-7B,6.957812500000003,True,real_attachments/C_efficiency_evolution/detailed_results/Locutusque_CollectiveLM-Falcon-3-7B/results_2025-02-13T18-27-04.338360.json,,,,,
Locutusque/Hercules-6.0-Llama-3.1-8B,2.432291666666666,True,real_attachments/C_efficiency_evolution/detailed_results/Locutusque_Hercules-6.0-Llama-3.1-8B/results_2024-09-26T10-11-45.568903.json,2.432291666666666,chat_finetuned,23.836013153195413,2024-09-26,0.0
Locutusque/Hercules-6.1-Llama-3.1-8B,3.4166666666666674,True,real_attachments/C_efficiency_evolution/detailed_results/Locutusque_Hercules-6.1-Llama-3.1-8B/results_2025-02-13T18-27-04.338360.json,3.4166666666666674,chat_finetuned,22.723248561634563,2024-10-01,0.0
Locutusque/Llama-3-NeuralHercules-5.0-8B,6.7757812500000005,True,real_attachments/C_efficiency_evolution/detailed_results/Locutusque_Llama-3-NeuralHercules-5.0-8B/results_2024-08-13T01-27-58.645604.json,6.7757812500000005,chat_finetuned,16.042475909115613,2024-06-26,0.0
Locutusque/Llama-3-Yggdrasil-2.0-8B,8.073697916666669,True,real_attachments/C_efficiency_evolution/detailed_results/Locutusque_Llama-3-Yggdrasil-2.0-8B/results_2024-08-13T01-24-48.518321.json,,,,,
Locutusque/TinyMistral-248M-v2.5,5.069531250000002,True,real_attachments/C_efficiency_evolution/detailed_results/Locutusque_TinyMistral-248M-v2.5/results_2024-09-16T04-23-52.850271.json,5.069531250000002,continued,4.035439468453137,2024-09-17,0.0
Luni/StarDust-12b-v1,13.755989583333331,True,real_attachments/C_efficiency_evolution/detailed_results/Luni_StarDust-12b-v1/results_2025-02-13T18-27-04.338360.json,13.755989583333331,merge,23.447979554409255,2024-09-03,0.0
Luni/StarDust-12b-v2,14.259895833333331,True,real_attachments/C_efficiency_evolution/detailed_results/Luni_StarDust-12b-v2/results_2025-02-13T18-27-04.338360.json,14.259895833333331,merge,24.215076436734588,2024-09-03,0.0
Lunzima/NQLSG-Qwen2.5-14B-MegaFusion-v3,19.59375,True,real_attachments/C_efficiency_evolution/detailed_results/Lunzima_NQLSG-Qwen2.5-14B-MegaFusion-v3/results_2025-02-24T23-30-56.918941.json,,,,,
Lunzima/NQLSG-Qwen2.5-14B-MegaFusion-v5,16.846093749999998,True,real_attachments/C_efficiency_evolution/detailed_results/Lunzima_NQLSG-Qwen2.5-14B-MegaFusion-v5/results_2025-02-25T00-00-30.869764.json,16.846093749999998,chat_finetuned,40.96266321754947,2025-02-20,0.0
Lunzima/NQLSG-Qwen2.5-14B-MegaFusion-v6,18.964322916666664,True,real_attachments/C_efficiency_evolution/detailed_results/Lunzima_NQLSG-Qwen2.5-14B-MegaFusion-v6/results_2025-02-26T07-03-41.908628.json,,,,,
Lunzima/NQLSG-Qwen2.5-14B-MegaFusion-v7-rebase,21.33489583333333,True,real_attachments/C_efficiency_evolution/detailed_results/Lunzima_NQLSG-Qwen2.5-14B-MegaFusion-v7-rebase/results_2025-02-28T21-38-57.260500.json,,,,,
Lunzima/NQLSG-Qwen2.5-14B-MegaFusion-v8,21.96249999999999,True,real_attachments/C_efficiency_evolution/detailed_results/Lunzima_NQLSG-Qwen2.5-14B-MegaFusion-v8/results_2025-02-28T15-01-10.974713.json,15.18723958333333,merge,42.7836905135922,2025-03-09,6.7752604166666615
Lunzima/NQLSG-Qwen2.5-14B-MegaFusion-v8.5,19.45442708333333,True,real_attachments/C_efficiency_evolution/detailed_results/Lunzima_NQLSG-Qwen2.5-14B-MegaFusion-v8.5/results_2025-02-28T23-25-38.441600.json,,,,,
Lunzima/NQLSG-Qwen2.5-14B-MegaFusion-v8.6,22.082031249999996,True,real_attachments/C_efficiency_evolution/detailed_results/Lunzima_NQLSG-Qwen2.5-14B-MegaFusion-v8.6/results_2025-03-01T02-45-12.512000.json,,,,,
Lunzima/NQLSG-Qwen2.5-14B-MegaFusion-v8.7,21.007552083333326,True,real_attachments/C_efficiency_evolution/detailed_results/Lunzima_NQLSG-Qwen2.5-14B-MegaFusion-v8.7/results_2025-03-01T08-45-31.657703.json,15.157812499999997,merge,43.093410973736184,2025-03-09,5.84973958333333
Lunzima/NQLSG-Qwen2.5-14B-MegaFusion-v8.9,21.370312499999997,True,real_attachments/C_efficiency_evolution/detailed_results/Lunzima_NQLSG-Qwen2.5-14B-MegaFusion-v8.9/results_2025-03-06T11-00-17.588392.json,14.269531249999996,merge,42.523098714975845,2025-03-09,7.100781250000001
Lunzima/NQLSG-Qwen2.5-14B-MegaFusion-v9-stock,19.711458333333336,True,real_attachments/C_efficiency_evolution/detailed_results/Lunzima_NQLSG-Qwen2.5-14B-MegaFusion-v9-stock/results_2025-03-07T07-26-34.728949.json,,,,,
Lyte/Llama-3.1-8B-Instruct-Reasoner-1o1_v0.3,4.8989583333333355,True,real_attachments/C_efficiency_evolution/detailed_results/Lyte_Llama-3.1-8B-Instruct-Reasoner-1o1_v0.3/results_2025-02-13T18-27-04.338360.json,,,,,
Lyte/Llama-3.2-1B-Instruct-COT-RL-Expriement1-EP04,2.5440104166666675,True,real_attachments/C_efficiency_evolution/detailed_results/Lyte_Llama-3.2-1B-Instruct-COT-RL-Expriement1-EP04/results_2024-09-26T03-14-13.908783.json,,,,,
Lyte/Llama-3.2-3B-Overthinker,3.9049479166666674,True,real_attachments/C_efficiency_evolution/detailed_results/Lyte_Llama-3.2-3B-Overthinker/results_2024-10-18T15-15-40.654668.json,3.9049479166666674,chat_finetuned,21.167473631942162,2024-10-18,0.0
M4-ai/TinyMistral-248M-v3,5.150000000000001,True,real_attachments/C_efficiency_evolution/detailed_results/M4-ai_TinyMistral-248M-v3/results_2024-10-18T08-51-04.559101.json,5.150000000000001,pretrained,4.20563631018843,2024-10-18,0.0
MEscriva/ECE-PRYMMAL-0.5B-FT-V5-MUSR-Mathis,8.614843750000002,True,real_attachments/C_efficiency_evolution/detailed_results/MEscriva_ECE-PRYMMAL-0.5B-FT-V5-MUSR-Mathis/results_2025-02-13T18-27-04.338360.json,,,,,
MLP-KTLim/llama-3-Korean-Bllossom-8B,3.6322916666666694,True,real_attachments/C_efficiency_evolution/detailed_results/MLP-KTLim_llama-3-Korean-Bllossom-8B/results_2025-02-13T18-27-04.338360.json,3.63229166666667,chat_finetuned,20.39691634614766,2024-07-09,-4.440892098500626e-16
MTSAIR/Cotype-Nano,2.114583333333334,True,real_attachments/C_efficiency_evolution/detailed_results/MTSAIR_Cotype-Nano/results_2025-02-13T18-27-04.338360.json,,,,,
MTSAIR/MultiVerse_70B,18.815364583333327,True,real_attachments/C_efficiency_evolution/detailed_results/MTSAIR_MultiVerse_70B/results_2025-02-13T18-27-04.338360.json,,,,,
Magpie-Align/Llama-3-8B-Magpie-Align-SFT-v0.1,0.0,True,real_attachments/C_efficiency_evolution/detailed_results/Magpie-Align_Llama-3-8B-Magpie-Align-SFT-v0.1/results_2024-09-18T06-08-40.741828.json,0.0,chat_finetuned,15.954087586908154,2024-09-17,0.0
Magpie-Align/Llama-3-8B-Magpie-Align-SFT-v0.3,0.3968749999999998,True,real_attachments/C_efficiency_evolution/detailed_results/Magpie-Align_Llama-3-8B-Magpie-Align-SFT-v0.3/results_2024-08-13T01-20-48.160312.json,0.3968749999999998,chat_finetuned,17.55322537025943,2024-08-06,0.0
Magpie-Align/Llama-3-8B-Magpie-Align-v0.1,1.920572916666666,True,real_attachments/C_efficiency_evolution/detailed_results/Magpie-Align_Llama-3-8B-Magpie-Align-v0.1/results_2025-02-13T18-27-04.338360.json,1.920572916666666,chat_finetuned,16.473094269110153,2024-07-03,0.0
Magpie-Align/Llama-3-8B-Magpie-Align-v0.3,3.7421875000000004,True,real_attachments/C_efficiency_evolution/detailed_results/Magpie-Align_Llama-3-8B-Magpie-Align-v0.3/results_2025-02-13T18-27-04.338360.json,3.7421875,chat_finetuned,17.402494793203847,2024-08-06,4.440892098500626e-16
Magpie-Align/Llama-3.1-8B-Magpie-Align-SFT-v0.1,1.8666666666666683,True,real_attachments/C_efficiency_evolution/detailed_results/Magpie-Align_Llama-3.1-8B-Magpie-Align-SFT-v0.1/results_2025-02-13T18-27-04.338360.json,1.8666666666666685,chat_finetuned,17.975799245688165,2024-09-17,-2.220446049250313e-16
Magpie-Align/Llama-3.1-8B-Magpie-Align-v0.1,3.091145833333334,True,real_attachments/C_efficiency_evolution/detailed_results/Magpie-Align_Llama-3.1-8B-Magpie-Align-v0.1/results_2024-09-18T06-41-31.872133.json,3.091145833333334,chat_finetuned,17.54685483954604,2024-09-17,0.0
Magpie-Align/MagpieLM-8B-Chat-v0.1,2.824479166666667,True,real_attachments/C_efficiency_evolution/detailed_results/Magpie-Align_MagpieLM-8B-Chat-v0.1/results_2025-02-13T18-27-04.338360.json,2.824479166666667,chat_finetuned,15.026344312964895,2024-09-19,0.0
Magpie-Align/MagpieLM-8B-SFT-v0.1,3.877343750000002,True,real_attachments/C_efficiency_evolution/detailed_results/Magpie-Align_MagpieLM-8B-SFT-v0.1/results_2025-02-13T18-27-04.338360.json,3.877343750000002,chat_finetuned,17.78392950063439,2024-09-19,0.0
ManoloPueblo/ContentCuisine_1-7B-slerp,17.26640625,True,real_attachments/C_efficiency_evolution/detailed_results/ManoloPueblo_ContentCuisine_1-7B-slerp/results_2025-02-13T18-27-04.338360.json,,,,,
ManoloPueblo/LLM_MERGE_CC2,16.444791666666664,True,real_attachments/C_efficiency_evolution/detailed_results/ManoloPueblo_LLM_MERGE_CC2/results_2025-02-13T18-27-04.338360.json,16.444791666666664,merge,20.747367714260108,2024-11-12,0.0
ManoloPueblo/LLM_MERGE_CC3,17.42916666666667,True,real_attachments/C_efficiency_evolution/detailed_results/ManoloPueblo_LLM_MERGE_CC3/results_2025-02-13T18-27-04.338360.json,17.42916666666667,merge,21.67864029208779,2024-11-12,0.0
MarinaraSpaghetti/NemoReRemix-12B,15.668229166666665,True,real_attachments/C_efficiency_evolution/detailed_results/MarinaraSpaghetti_NemoReRemix-12B/results_2025-02-13T18-27-04.338360.json,,,,,
MarinaraSpaghetti/Nemomix-v4.0-12B,12.75598958333333,True,real_attachments/C_efficiency_evolution/detailed_results/MarinaraSpaghetti_Nemomix-v4.0-12B/results_2025-02-13T18-27-04.338360.json,,,,,
Marsouuu/MiniMathExpert-2_61B-ECE-PRYMMAL-Martial,9.273697916666668,True,real_attachments/C_efficiency_evolution/detailed_results/Marsouuu_MiniMathExpert-2_61B-ECE-PRYMMAL-Martial/results_2025-02-13T18-27-04.338360.json,9.273697916666668,merge,12.494620122547147,2024-10-06,0.0
Marsouuu/MiniQwenMathExpert-ECE-PRYMMAL-Martial,6.509114583333333,True,real_attachments/C_efficiency_evolution/detailed_results/Marsouuu_MiniQwenMathExpert-ECE-PRYMMAL-Martial/results_2025-02-13T18-27-04.338360.json,,,,,
Marsouuu/MistralBase-4x7B-MoE-ECE-PRYMMAL-Martial,7.8520833333333355,True,real_attachments/C_efficiency_evolution/detailed_results/Marsouuu_MistralBase-4x7B-MoE-ECE-PRYMMAL-Martial/results_2024-10-04T02-05-16.789490.json,7.852083333333336,merge,6.761759514131008,2024-10-03,-8.881784197001252e-16
Marsouuu/general3B-ECE-PRYMMAL-Martial,18.223177083333326,True,real_attachments/C_efficiency_evolution/detailed_results/Marsouuu_general3B-ECE-PRYMMAL-Martial/results_2025-02-13T18-27-04.338360.json,18.22317708333333,merge,22.978904737174783,2024-10-23,-3.552713678800501e-15
Marsouuu/general3Bv2-ECE-PRYMMAL-Martial,13.28385416666667,True,real_attachments/C_efficiency_evolution/detailed_results/Marsouuu_general3Bv2-ECE-PRYMMAL-Martial/results_2025-02-13T18-27-04.338360.json,13.28385416666667,chat_finetuned,31.917859287211872,2024-11-06,0.0
Marsouuu/lareneg1_78B-ECE-PRYMMAL-Martial,6.509114583333333,True,real_attachments/C_efficiency_evolution/detailed_results/Marsouuu_lareneg1_78B-ECE-PRYMMAL-Martial/results_2025-02-13T18-27-04.338360.json,6.509114583333333,merge,15.081989145779028,2024-10-23,0.0
Marsouuu/lareneg3B-ECE-PRYMMAL-Martial,18.39192708333333,True,real_attachments/C_efficiency_evolution/detailed_results/Marsouuu_lareneg3B-ECE-PRYMMAL-Martial/results_2025-02-13T18-27-04.338360.json,18.39192708333333,merge,23.942055269453448,2024-11-06,0.0
Marsouuu/lareneg3Bv2-ECE-PRYMMAL-Martial,12.817187500000003,True,real_attachments/C_efficiency_evolution/detailed_results/Marsouuu_lareneg3Bv2-ECE-PRYMMAL-Martial/results_2025-02-13T18-27-04.338360.json,12.817187500000005,merge,32.11266584096438,2024-11-06,-1.7763568394002505e-15
MaziyarPanahi/Calme-4x7B-MoE-v0.1,10.619010416666669,True,real_attachments/C_efficiency_evolution/detailed_results/MaziyarPanahi_Calme-4x7B-MoE-v0.1/results_2025-02-13T18-27-04.338360.json,10.619010416666669,merge,20.023903328526014,2024-08-05,0.0
MaziyarPanahi/Calme-4x7B-MoE-v0.2,12.536718750000004,True,real_attachments/C_efficiency_evolution/detailed_results/MaziyarPanahi_Calme-4x7B-MoE-v0.2/results_2025-02-13T18-27-04.338360.json,12.536718750000004,merge,20.176360946073107,2024-08-05,0.0
MaziyarPanahi/Llama-3-70B-Instruct-v0.1,15.312760416666672,True,real_attachments/C_efficiency_evolution/detailed_results/MaziyarPanahi_Llama-3-70B-Instruct-v0.1/results_2024-10-05T14-21-45.746802.json,15.312760416666672,chat_finetuned,26.33391343739024,2024-06-26,0.0
MaziyarPanahi/Llama-3-8B-Instruct-v0.10,10.813020833333333,True,real_attachments/C_efficiency_evolution/detailed_results/MaziyarPanahi_Llama-3-8B-Instruct-v0.10/results_2024-07-18T10-57-13.925740.json,,,,,
MaziyarPanahi/Llama-3-8B-Instruct-v0.8,10.924739583333334,True,real_attachments/C_efficiency_evolution/detailed_results/MaziyarPanahi_Llama-3-8B-Instruct-v0.8/results_2024-07-04T03-47-33.210245.json,,,,,
MaziyarPanahi/Llama-3-8B-Instruct-v0.9,9.850260416666666,True,real_attachments/C_efficiency_evolution/detailed_results/MaziyarPanahi_Llama-3-8B-Instruct-v0.9/results_2025-02-13T18-27-04.338360.json,,,,,
MaziyarPanahi/Qwen1.5-MoE-A2.7B-Wikihow,2.010677083333334,True,real_attachments/C_efficiency_evolution/detailed_results/MaziyarPanahi_Qwen1.5-MoE-A2.7B-Wikihow/results_2025-02-13T18-27-04.338360.json,2.010677083333334,chat_finetuned,12.325434589632001,2024-09-12,0.0
MaziyarPanahi/Qwen2-7B-Instruct-v0.1,13.868229166666667,True,real_attachments/C_efficiency_evolution/detailed_results/MaziyarPanahi_Qwen2-7B-Instruct-v0.1/results_2024-07-29T18-41-30.681992.json,13.868229166666667,chat_finetuned,22.98150895877193,2024-07-07,0.0
MaziyarPanahi/Qwen2-7B-Instruct-v0.8,12.0640625,True,real_attachments/C_efficiency_evolution/detailed_results/MaziyarPanahi_Qwen2-7B-Instruct-v0.8/results_2025-02-13T18-27-04.338360.json,12.0640625,chat_finetuned,19.558137588276004,2024-07-07,0.0
MaziyarPanahi/calme-2.1-llama3.1-70b,13.720572916666663,True,real_attachments/C_efficiency_evolution/detailed_results/MaziyarPanahi_calme-2.1-llama3.1-70b/results_2025-02-13T18-27-04.338360.json,,,,,
MaziyarPanahi/calme-2.1-phi3-4b,8.258072916666668,True,real_attachments/C_efficiency_evolution/detailed_results/MaziyarPanahi_calme-2.1-phi3-4b/results_2024-07-18T11-08-51.380541.json,8.258072916666668,chat_finetuned,25.985365252885945,2024-06-26,0.0
MaziyarPanahi/calme-2.1-phi3.5-4b,9.765624999999998,True,real_attachments/C_efficiency_evolution/detailed_results/MaziyarPanahi_calme-2.1-phi3.5-4b/results_2024-09-03T09-41-32.172139.json,9.765624999999998,chat_finetuned,28.000378443622285,2024-08-23,0.0
MaziyarPanahi/calme-2.1-qwen2-72b,20.15234375,True,real_attachments/C_efficiency_evolution/detailed_results/MaziyarPanahi_calme-2.1-qwen2-72b/results_2024-07-18T06-00-38.574165.json,,,,,
MaziyarPanahi/calme-2.1-qwen2-7b,13.795572916666666,True,real_attachments/C_efficiency_evolution/detailed_results/MaziyarPanahi_calme-2.1-qwen2-7b/results_2025-02-13T18-27-04.338360.json,13.795572916666666,chat_finetuned,23.5418799100886,2024-09-18,0.0
MaziyarPanahi/calme-2.1-qwen2.5-72b,13.297135416666663,True,real_attachments/C_efficiency_evolution/detailed_results/MaziyarPanahi_calme-2.1-qwen2.5-72b/results_2024-10-05T22-25-27.320099.json,,,,,
MaziyarPanahi/calme-2.1-rys-78b,18.99739583333333,True,real_attachments/C_efficiency_evolution/detailed_results/MaziyarPanahi_calme-2.1-rys-78b/results_2025-02-13T18-27-04.338360.json,18.99739583333333,chat_finetuned,44.64399850290042,2024-08-08,0.0
MaziyarPanahi/calme-2.2-llama3-70b,15.30494791666667,True,real_attachments/C_efficiency_evolution/detailed_results/MaziyarPanahi_calme-2.2-llama3-70b/results_2024-07-17T08-13-13.687245.json,15.30494791666667,chat_finetuned,38.14006369052438,2024-06-26,0.0
MaziyarPanahi/calme-2.2-llama3.1-70b,17.06953125,True,real_attachments/C_efficiency_evolution/detailed_results/MaziyarPanahi_calme-2.2-llama3.1-70b/results_2025-02-13T18-27-04.338360.json,,,,,
MaziyarPanahi/calme-2.2-phi3-4b,7.695312500000001,True,real_attachments/C_efficiency_evolution/detailed_results/MaziyarPanahi_calme-2.2-phi3-4b/results_2024-07-18T09-39-19.713557.json,7.695312500000001,chat_finetuned,25.232640533631113,2024-06-26,0.0
MaziyarPanahi/calme-2.2-qwen2-72b,16.516927083333332,True,real_attachments/C_efficiency_evolution/detailed_results/MaziyarPanahi_calme-2.2-qwen2-72b/results_2025-02-13T18-27-04.338360.json,,,,,
MaziyarPanahi/calme-2.2-qwen2-7b,13.277864583333338,True,real_attachments/C_efficiency_evolution/detailed_results/MaziyarPanahi_calme-2.2-qwen2-7b/results_2025-02-13T18-27-04.338360.json,13.277864583333338,chat_finetuned,23.58331943928233,2024-09-18,0.0
MaziyarPanahi/calme-2.2-qwen2.5-72b,12.016666666666671,True,real_attachments/C_efficiency_evolution/detailed_results/MaziyarPanahi_calme-2.2-qwen2.5-72b/results_2025-02-13T18-27-04.338360.json,,,,,
MaziyarPanahi/calme-2.2-rys-78b,16.82864583333333,True,real_attachments/C_efficiency_evolution/detailed_results/MaziyarPanahi_calme-2.2-rys-78b/results_2025-02-13T18-27-04.338360.json,16.82864583333333,chat_finetuned,44.38633440385336,2024-08-08,0.0
MaziyarPanahi/calme-2.3-llama3-70b,12.565625000000002,True,real_attachments/C_efficiency_evolution/detailed_results/MaziyarPanahi_calme-2.3-llama3-70b/results_2025-02-13T18-27-04.338360.json,12.565625000000002,chat_finetuned,37.067032265745496,2024-08-30,0.0
MaziyarPanahi/calme-2.3-llama3.1-70b,17.736197916666658,True,real_attachments/C_efficiency_evolution/detailed_results/MaziyarPanahi_calme-2.3-llama3.1-70b/results_2025-02-13T18-27-04.338360.json,,,,,
MaziyarPanahi/calme-2.3-phi3-4b,7.754166666666667,True,real_attachments/C_efficiency_evolution/detailed_results/MaziyarPanahi_calme-2.3-phi3-4b/results_2025-02-13T18-27-04.338360.json,7.754166666666667,chat_finetuned,24.981612770364112,2024-06-26,0.0
MaziyarPanahi/calme-2.3-qwen2-72b,11.23828125,True,real_attachments/C_efficiency_evolution/detailed_results/MaziyarPanahi_calme-2.3-qwen2-72b/results_2024-09-28T03-12-45.476266.json,,,,,
MaziyarPanahi/calme-2.3-qwen2-7b,13.313281249999998,True,real_attachments/C_efficiency_evolution/detailed_results/MaziyarPanahi_calme-2.3-qwen2-7b/results_2025-02-13T18-27-04.338360.json,13.313281249999998,chat_finetuned,23.08170100435127,2024-09-18,0.0
MaziyarPanahi/calme-2.3-rys-78b,16.999218749999997,True,real_attachments/C_efficiency_evolution/detailed_results/MaziyarPanahi_calme-2.3-rys-78b/results_2025-02-13T18-27-04.338360.json,16.999218749999997,chat_finetuned,44.55737382877076,2024-09-03,0.0
MaziyarPanahi/calme-2.4-llama3-70b,13.098958333333336,True,real_attachments/C_efficiency_evolution/detailed_results/MaziyarPanahi_calme-2.4-llama3-70b/results_2024-07-18T09-03-39.762026.json,13.098958333333336,chat_finetuned,32.486225248764676,2024-06-26,0.0
MaziyarPanahi/calme-2.4-qwen2-7b,14.426822916666667,True,real_attachments/C_efficiency_evolution/detailed_results/MaziyarPanahi_calme-2.4-qwen2-7b/results_2025-02-13T18-27-04.338360.json,14.426822916666667,chat_finetuned,22.85144077010553,2024-09-18,0.0
MaziyarPanahi/calme-2.4-rys-78b,34.56614583333333,True,real_attachments/C_efficiency_evolution/detailed_results/MaziyarPanahi_calme-2.4-rys-78b/results_2025-02-13T18-27-04.338360.json,34.56614583333333,chat_finetuned,50.76504719022304,2024-09-03,0.0
MaziyarPanahi/calme-2.5-qwen2-7b,15.791927083333334,True,real_attachments/C_efficiency_evolution/detailed_results/MaziyarPanahi_calme-2.5-qwen2-7b/results_2025-02-13T18-27-04.338360.json,15.791927083333334,chat_finetuned,22.659538685051796,2024-09-29,0.0
MaziyarPanahi/calme-2.6-qwen2-7b,16.560156250000002,True,real_attachments/C_efficiency_evolution/detailed_results/MaziyarPanahi_calme-2.6-qwen2-7b/results_2025-02-13T18-27-04.338360.json,16.560156250000002,chat_finetuned,21.23233085446529,2024-09-29,0.0
MaziyarPanahi/calme-2.7-qwen2-7b,19.93671875,True,real_attachments/C_efficiency_evolution/detailed_results/MaziyarPanahi_calme-2.7-qwen2-7b/results_2024-09-19T06-16-21.919709.json,19.93671875,chat_finetuned,22.355267151114735,2024-09-18,0.0
MaziyarPanahi/calme-3.1-baguette-3b,8.565625000000002,True,real_attachments/C_efficiency_evolution/detailed_results/MaziyarPanahi_calme-3.1-baguette-3b/results_2025-02-13T18-27-04.338360.json,,,,,
MaziyarPanahi/calme-3.1-instruct-3b,7.401041666666669,True,real_attachments/C_efficiency_evolution/detailed_results/MaziyarPanahi_calme-3.1-instruct-3b/results_2025-02-13T18-27-04.338360.json,,,,,
MaziyarPanahi/calme-3.1-instruct-78b,36.49947916666666,True,real_attachments/C_efficiency_evolution/detailed_results/MaziyarPanahi_calme-3.1-instruct-78b/results_2025-02-13T18-27-04.338360.json,,,,,
MaziyarPanahi/calme-3.1-llamaloi-3b,1.1067708333333328,True,real_attachments/C_efficiency_evolution/detailed_results/MaziyarPanahi_calme-3.1-llamaloi-3b/results_2024-11-10T07-21-06.518071.json,1.1067708333333328,chat_finetuned,24.0933506270088,2024-11-08,0.0
MaziyarPanahi/calme-3.2-baguette-3b,8.595052083333334,True,real_attachments/C_efficiency_evolution/detailed_results/MaziyarPanahi_calme-3.2-baguette-3b/results_2025-02-13T18-27-04.338360.json,,,,,
MaziyarPanahi/calme-3.2-instruct-3b,8.787239583333333,True,real_attachments/C_efficiency_evolution/detailed_results/MaziyarPanahi_calme-3.2-instruct-3b/results_2025-02-13T18-27-04.338360.json,,,,,
MaziyarPanahi/calme-3.2-instruct-78b,38.52890624999999,True,real_attachments/C_efficiency_evolution/detailed_results/MaziyarPanahi_calme-3.2-instruct-78b/results_2025-02-13T18-27-04.338360.json,,,,,
MaziyarPanahi/calme-3.3-baguette-3b,7.136197916666667,True,real_attachments/C_efficiency_evolution/detailed_results/MaziyarPanahi_calme-3.3-baguette-3b/results_2025-02-13T18-27-04.338360.json,,,,,
MaziyarPanahi/calme-3.3-instruct-3b,9.395052083333335,True,real_attachments/C_efficiency_evolution/detailed_results/MaziyarPanahi_calme-3.3-instruct-3b/results_2025-02-13T18-27-04.338360.json,,,,,
Minami-su/Amara-o1-7B-Qwen,8.35,True,real_attachments/C_efficiency_evolution/detailed_results/Minami-su_Amara-o1-7B-Qwen/results_2025-02-13T18-27-04.338360.json,8.35,chat_finetuned,34.488976713679584,2025-01-08,0.0
Minami-su/Amara-o2-7B-Qwen,5.128385416666668,True,real_attachments/C_efficiency_evolution/detailed_results/Minami-su_Amara-o2-7B-Qwen/results_2025-02-13T18-27-04.338360.json,5.128385416666668,chat_finetuned,31.034506834602485,2025-01-09,0.0
Minami-su/test-7B-00,10.342187500000001,True,real_attachments/C_efficiency_evolution/detailed_results/Minami-su_test-7B-00/results_2025-02-13T18-27-04.338360.json,,,,,
Minami-su/test-7B-01,10.979427083333336,True,real_attachments/C_efficiency_evolution/detailed_results/Minami-su_test-7B-01/results_2025-02-13T18-27-04.338360.json,,,,,
Minami-su/test-v2-7B-00,10.995052083333336,True,real_attachments/C_efficiency_evolution/detailed_results/Minami-su_test-v2-7B-00/results_2025-02-13T18-27-04.338360.json,,,,,
ModelCloud/Llama-3.2-1B-Instruct-gptqmodel-4bit-vortex-v1,1.0479166666666664,True,real_attachments/C_efficiency_evolution/detailed_results/ModelCloud_Llama-3.2-1B-Instruct-gptqmodel-4bit-vortex-v1/results_2025-01-10T11-16-08.038199.json,1.0479166666666664,chat_finetuned,12.430004377968435,2025-01-02,0.0
ModelSpace/GemmaX2-28-9B-v0.1,3.873697916666666,True,real_attachments/C_efficiency_evolution/detailed_results/ModelSpace_GemmaX2-28-9B-v0.1/results_2025-02-24T20-52-51.514794.json,3.873697916666666,chat_finetuned,5.991108905848541,2025-02-24,0.0
NAPS-ai/naps-gemma-2-27b-v0.1.0,4.524739583333332,True,real_attachments/C_efficiency_evolution/detailed_results/NAPS-ai_naps-gemma-2-27b-v0.1.0/results_2024-11-11T10-10-02.008201.json,4.524739583333332,chat_finetuned,1.6796019124036488,2024-11-11,0.0
NAPS-ai/naps-llama-3_1-instruct-v0.5.0,3.675520833333333,True,real_attachments/C_efficiency_evolution/detailed_results/NAPS-ai_naps-llama-3_1-instruct-v0.5.0/results_2024-09-30T03-13-20.847203.json,3.675520833333333,chat_finetuned,16.000822862572466,2024-09-30,0.0
NCSOFT/Llama-VARCO-8B-Instruct,10.775781249999996,True,real_attachments/C_efficiency_evolution/detailed_results/NCSOFT_Llama-VARCO-8B-Instruct/results_2024-12-21T17-40-41.330448.json,10.775781249999996,chat_finetuned,20.983509272665156,2024-12-21,0.0
Naveenpoliasetty/llama3-8B-V2,9.183593750000002,True,real_attachments/C_efficiency_evolution/detailed_results/Naveenpoliasetty_llama3-8B-V2/results_2024-07-25T01-07-18.059419.json,,,,,
NbAiLab/nb-llama-3.1-8B-Instruct,1.5950520833333328,True,real_attachments/C_efficiency_evolution/detailed_results/NbAiLab_nb-llama-3.1-8B-Instruct/results_2024-12-11T04-48-05.360067.json,,,,,
Nekochu/Llama-3.1-8B-German-ORPO,16.860416666666666,True,real_attachments/C_efficiency_evolution/detailed_results/Nekochu_Llama-3.1-8B-German-ORPO/results_2024-09-24T17-07-03.925941.json,16.860416666666666,chat_finetuned,23.254052215833834,2024-09-24,0.0
Nexesenex/Llama_3.1_8b_DeepDive_3_R1_Prev_v1.0,10.003385416666669,True,real_attachments/C_efficiency_evolution/detailed_results/Nexesenex_Llama_3.1_8b_DeepDive_3_R1_Prev_v1.0/results_2025-02-27T15-36-48.522598.json,10.003385416666667,merge,27.472783833453928,2025-02-27,1.7763568394002505e-15
Nexesenex/Llama_3.1_8b_DobHerWild_R1_v1.1R,9.885677083333336,True,real_attachments/C_efficiency_evolution/detailed_results/Nexesenex_Llama_3.1_8b_DobHerWild_R1_v1.1R/results_2025-02-27T18-15-40.531386.json,9.885677083333336,merge,29.728397716509164,2025-02-27,0.0
Nexesenex/Llama_3.1_8b_DoberWild_v2.02,9.456250000000002,True,real_attachments/C_efficiency_evolution/detailed_results/Nexesenex_Llama_3.1_8b_DoberWild_v2.02/results_2025-02-28T10-15-57.545121.json,9.456250000000002,merge,29.47563015963895,2025-02-28,0.0
Nexesenex/Llama_3.1_8b_DodoWild_v2.01,12.521093749999997,True,real_attachments/C_efficiency_evolution/detailed_results/Nexesenex_Llama_3.1_8b_DodoWild_v2.01/results_2025-02-28T00-40-44.676114.json,12.521093749999997,merge,30.309648600363573,2025-02-27,0.0
Nexesenex/Llama_3.1_8b_DodoWild_v2.02,11.232812499999994,True,real_attachments/C_efficiency_evolution/detailed_results/Nexesenex_Llama_3.1_8b_DodoWild_v2.02/results_2025-02-28T10-12-03.740197.json,11.232812499999994,merge,30.733559169624357,2025-02-28,0.0
Nexesenex/Llama_3.1_8b_DodoWild_v2.03,10.31510416666667,True,real_attachments/C_efficiency_evolution/detailed_results/Nexesenex_Llama_3.1_8b_DodoWild_v2.03/results_2025-02-28T11-23-06.488083.json,10.31510416666667,merge,30.60438973869286,2025-02-28,0.0
Nexesenex/Llama_3.1_8b_Dolermed_R1_V1.01,9.33854166666667,True,real_attachments/C_efficiency_evolution/detailed_results/Nexesenex_Llama_3.1_8b_Dolermed_R1_V1.01/results_2025-02-28T10-08-59.607397.json,9.33854166666667,merge,29.312043044222406,2025-02-28,0.0
Nexesenex/Llama_3.1_8b_Dolermed_V1.01,10.211197916666668,True,real_attachments/C_efficiency_evolution/detailed_results/Nexesenex_Llama_3.1_8b_Dolermed_V1.01/results_2025-02-28T01-33-57.969777.json,10.211197916666668,merge,23.45268314376055,2025-02-28,0.0
Nexesenex/Llama_3.1_8b_Dolerstormed_V1.04,9.169791666666667,True,real_attachments/C_efficiency_evolution/detailed_results/Nexesenex_Llama_3.1_8b_Dolerstormed_V1.04/results_2025-03-01T05-53-20.770746.json,9.169791666666669,merge,30.113033386800094,2025-03-01,-1.7763568394002505e-15
Nexesenex/Llama_3.1_8b_Hermedive_R1_V1.01,12.63880208333333,True,real_attachments/C_efficiency_evolution/detailed_results/Nexesenex_Llama_3.1_8b_Hermedive_R1_V1.01/results_2025-02-28T01-44-22.380618.json,12.63880208333333,merge,23.809186985379387,2025-02-28,0.0
Nexesenex/Llama_3.1_8b_Mediver_V1.01,6.622656250000001,True,real_attachments/C_efficiency_evolution/detailed_results/Nexesenex_Llama_3.1_8b_Mediver_V1.01/results_2025-02-27T22-32-16.425943.json,6.622656250000001,merge,11.98427245937036,2025-02-27,0.0
Nexesenex/Llama_3.1_8b_Smarteaz_0.2_R1,12.316927083333331,True,real_attachments/C_efficiency_evolution/detailed_results/Nexesenex_Llama_3.1_8b_Smarteaz_0.2_R1/results_2025-02-27T14-51-34.008698.json,12.316927083333333,merge,28.105107642426063,2025-02-27,-1.7763568394002505e-15
Nexesenex/Llama_3.1_8b_Smarteaz_V1.01,8.199218750000002,True,real_attachments/C_efficiency_evolution/detailed_results/Nexesenex_Llama_3.1_8b_Smarteaz_V1.01/results_2025-02-27T21-57-29.777655.json,8.199218750000002,merge,30.623634123187415,2025-02-27,0.0
Nexesenex/Llama_3.2_1b_AquaSyn_0.1,1.920572916666666,True,real_attachments/C_efficiency_evolution/detailed_results/Nexesenex_Llama_3.2_1b_AquaSyn_0.1/results_2025-02-24T19-23-39.554871.json,1.920572916666666,merge,6.988906174606645,2025-02-22,0.0
Nexesenex/Llama_3.2_1b_Odyssea_V1,1.920572916666666,True,real_attachments/C_efficiency_evolution/detailed_results/Nexesenex_Llama_3.2_1b_Odyssea_V1/results_2025-02-24T19-38-32.014384.json,1.920572916666666,merge,5.724136311067048,2025-02-22,0.0
Nexesenex/Llama_3.2_1b_Odyssea_V1.01,1.920572916666666,True,real_attachments/C_efficiency_evolution/detailed_results/Nexesenex_Llama_3.2_1b_Odyssea_V1.01/results_2025-02-27T06-52-42.473198.json,,,,,
Nexesenex/Llama_3.2_1b_SunOrca_V1,2.114583333333334,True,real_attachments/C_efficiency_evolution/detailed_results/Nexesenex_Llama_3.2_1b_SunOrca_V1/results_2025-03-06T02-41-14.753353.json,2.114583333333334,merge,14.008724276561884,2025-03-06,0.0
Nexesenex/Llama_3.2_1b_Sydonia_0.1,1.9067708333333335,True,real_attachments/C_efficiency_evolution/detailed_results/Nexesenex_Llama_3.2_1b_Sydonia_0.1/results_2025-02-24T19-31-30.175948.json,1.9067708333333335,merge,5.524505982897409,2025-02-22,0.0
Nexesenex/Llama_3.2_3b_Kermes_v2,4.659895833333333,True,real_attachments/C_efficiency_evolution/detailed_results/Nexesenex_Llama_3.2_3b_Kermes_v2/results_2025-02-18T15-08-36.633055.json,4.659895833333333,merge,18.49497166284455,2025-02-12,0.0
NikolaSigmoid/AceMath-1.5B-Instruct-dolphin-r1-200,4.303125,True,real_attachments/C_efficiency_evolution/detailed_results/NikolaSigmoid_AceMath-1.5B-Instruct-dolphin-r1-200/results_2025-03-06T03-21-29.997810.json,4.303125,chat_finetuned,4.389863637734279,2025-03-06,0.0
NikolaSigmoid/DeepSeek-R1-Distill-Qwen-1.5B-500,2.2460937499999996,True,real_attachments/C_efficiency_evolution/detailed_results/NikolaSigmoid_DeepSeek-R1-Distill-Qwen-1.5B-500/results_2025-03-04T17-04-50.228012.json,2.2460937499999996,chat_finetuned,3.5788564701687924,2025-03-04,0.0
NikolaSigmoid/phi-4-14b,23.985937499999995,True,real_attachments/C_efficiency_evolution/detailed_results/NikolaSigmoid_phi-4-14b/results_2025-02-28T06-10-09.004119.json,23.985937499999995,chat_finetuned,29.913839706837063,2025-02-28,0.0
NotASI/FineTome-Llama3.2-3B-1002,3.963802083333334,True,real_attachments/C_efficiency_evolution/detailed_results/NotASI_FineTome-Llama3.2-3B-1002/results_2024-10-05T07-19-46.651384.json,3.963802083333334,chat_finetuned,16.7624003049829,2024-10-05,0.0
NotASI/FineTome-v1.5-Llama3.2-1B-1007,2.498958333333334,True,real_attachments/C_efficiency_evolution/detailed_results/NotASI_FineTome-v1.5-Llama3.2-1B-1007/results_2024-10-07T14-10-32.000639.json,2.498958333333334,chat_finetuned,9.242570192951709,2024-10-07,0.0
NotASI/FineTome-v1.5-Llama3.2-3B-1007,4.067708333333334,True,real_attachments/C_efficiency_evolution/detailed_results/NotASI_FineTome-v1.5-Llama3.2-3B-1007/results_2024-10-07T14-36-28.367357.json,4.067708333333334,chat_finetuned,17.113696212626593,2024-10-07,0.0
NousResearch/DeepHermes-3-Mistral-24B-Preview,15.95833333333333,True,real_attachments/C_efficiency_evolution/detailed_results/NousResearch_DeepHermes-3-Mistral-24B-Preview/results_2025-03-13T18-57-43.884131.json,15.95833333333333,chat_finetuned,31.98701372074271,2025-03-13,0.0
NousResearch/Hermes-2-Pro-Llama-3-8B,11.246614583333335,True,real_attachments/C_efficiency_evolution/detailed_results/NousResearch_Hermes-2-Pro-Llama-3-8B/results_2024-06-16T17-24-34.509503.json,11.246614583333336,chat_finetuned,22.06997572152565,2024-06-13,-1.7763568394002505e-15
NousResearch/Hermes-2-Pro-Mistral-7B,14.132552083333337,True,real_attachments/C_efficiency_evolution/detailed_results/NousResearch_Hermes-2-Pro-Mistral-7B/results_2024-06-16T17-23-03.425460.json,14.132552083333335,chat_finetuned,21.840576807207686,2024-06-12,1.7763568394002505e-15
NousResearch/Hermes-3-Llama-3.1-70B,23.42864583333333,True,real_attachments/C_efficiency_evolution/detailed_results/NousResearch_Hermes-3-Llama-3.1-70B/results_2024-08-28T23-42-29.435150.json,23.42864583333333,chat_finetuned,38.51477067349896,2024-08-28,0.0
NousResearch/Nous-Hermes-2-Mistral-7B-DPO,8.330729166666668,True,real_attachments/C_efficiency_evolution/detailed_results/NousResearch_Nous-Hermes-2-Mistral-7B-DPO/results_2024-06-17T09-36-01.123340.json,8.330729166666668,chat_finetuned,21.10058697437334,2024-06-12,0.0
NousResearch/Yarn-Llama-2-13b-128k,3.385416666666666,True,real_attachments/C_efficiency_evolution/detailed_results/NousResearch_Yarn-Llama-2-13b-128k/results_2024-06-26T13-35-58.419685.json,,,,,
Open-Orca/Mistral-7B-OpenOrca,5.889322916666667,True,real_attachments/C_efficiency_evolution/detailed_results/Open-Orca_Mistral-7B-OpenOrca/results_2024-06-16T17-32-32.802384.json,5.889322916666667,chat_finetuned,17.72165111279921,2024-06-12,0.0
OpenBuddy/openbuddy-llama3-70b-v21.2-32k,18.04609375,True,real_attachments/C_efficiency_evolution/detailed_results/OpenBuddy_openbuddy-llama3-70b-v21.2-32k/results_2024-10-15T17-12-00.837354.json,,,,,
OpenBuddy/openbuddy-llama3-8b-v21.1-8k,10.346354166666663,True,real_attachments/C_efficiency_evolution/detailed_results/OpenBuddy_openbuddy-llama3-8b-v21.1-8k/results_2024-08-12T12-02-09.854304.json,,,,,
OpenBuddy/openbuddy-llama3.1-70b-v22.1-131k,18.23645833333333,True,real_attachments/C_efficiency_evolution/detailed_results/OpenBuddy_openbuddy-llama3.1-70b-v22.1-131k/results_2024-09-14T13-07-38.561128.json,,,,,
OpenBuddy/openbuddy-llama3.1-8b-v22.3-131k,8.316927083333335,True,real_attachments/C_efficiency_evolution/detailed_results/OpenBuddy_openbuddy-llama3.1-8b-v22.3-131k/results_2024-10-02T02-14-42.968052.json,,,,,
OpenBuddy/openbuddy-yi1.5-34b-v21.3-32k,14.693489583333337,True,real_attachments/C_efficiency_evolution/detailed_results/OpenBuddy_openbuddy-yi1.5-34b-v21.3-32k/results_2024-09-03T10-53-41.358514.json,14.693489583333337,chat_finetuned,30.92470371318825,2024-08-30,0.0
OpenLeecher/llama3-8b-lima,3.7421874999999996,True,real_attachments/C_efficiency_evolution/detailed_results/OpenLeecher_llama3-8b-lima/results_2024-10-02T01-58-49.544644.json,,,,,
OpenScholar/Llama-3.1_OpenScholar-8B,11.838802083333334,True,real_attachments/C_efficiency_evolution/detailed_results/OpenScholar_Llama-3.1_OpenScholar-8B/results_2024-12-03T20-18-02.470239.json,11.838802083333334,chat_finetuned,25.961332257431867,2024-12-03,0.0
Orenguteng/Llama-3.1-8B-Lexi-Uncensored-V2,7.76979166666667,True,real_attachments/C_efficiency_evolution/detailed_results/Orenguteng_Llama-3.1-8B-Lexi-Uncensored-V2/results_2024-09-02T17-57-37.858974.json,7.76979166666667,chat_finetuned,28.390881228317323,2024-08-28,0.0
Orion-zhen/phi-4-abliterated,23.178124999999994,True,real_attachments/C_efficiency_evolution/detailed_results/Orion-zhen_phi-4-abliterated/results_2024-12-20T14-55-57.931598.json,23.17812499999999,chat_finetuned,29.97907708859113,2024-12-20,3.552713678800501e-15
PJMixers-Dev/LLaMa-3.1-Instruct-Interleaved-Zeroed-13B,8.407031249999996,True,real_attachments/C_efficiency_evolution/detailed_results/PJMixers-Dev_LLaMa-3.1-Instruct-Interleaved-Zeroed-13B/results_2024-12-18T10-25-04.014332.json,8.407031249999996,chat_finetuned,28.894562181103485,2024-12-18,0.0
PJMixers-Dev/LLaMa-3.1-RomboTiesTest-8B,8.407031249999996,True,real_attachments/C_efficiency_evolution/detailed_results/PJMixers-Dev_LLaMa-3.1-RomboTiesTest-8B/results_2024-12-20T03-32-25.776285.json,,,,,
PJMixers-Dev/LLaMa-3.1-RomboTiesTest2-8B,8.407031249999996,True,real_attachments/C_efficiency_evolution/detailed_results/PJMixers-Dev_LLaMa-3.1-RomboTiesTest2-8B/results_2024-12-21T06-01-29.891396.json,,,,,
PJMixers-Dev/LLaMa-3.2-Instruct-JankMix-v0.2-SFT-3B,4.867708333333335,True,real_attachments/C_efficiency_evolution/detailed_results/PJMixers-Dev_LLaMa-3.2-Instruct-JankMix-v0.2-SFT-3B/results_2024-10-16T08-59-35.330807.json,4.867708333333335,chat_finetuned,21.772674131965854,2024-10-14,0.0
PJMixers-Dev/LLaMa-3.2-Instruct-JankMixBread-v0.1-3B,4.677343750000003,True,real_attachments/C_efficiency_evolution/detailed_results/PJMixers-Dev_LLaMa-3.2-Instruct-JankMixBread-v0.1-3B/results_2024-10-12T20-37-49.184725.json,4.677343750000003,merge,19.737295916446044,2024-10-12,0.0
PJMixers/LLaMa-3-CursedStock-v2.0-8B,8.036458333333336,True,real_attachments/C_efficiency_evolution/detailed_results/PJMixers_LLaMa-3-CursedStock-v2.0-8B/results_2024-07-18T22-31-46.079432.json,8.036458333333336,merge,24.166133893343382,2024-06-27,0.0
Quazim0t0/Lo-Phi-14b,12.30494791666667,True,real_attachments/C_efficiency_evolution/detailed_results/Quazim0t0_Lo-Phi-14b/results_2025-03-09T16-24-52.723278.json,,,,,
Quazim0t0/Phi4.Turn.R1Distill.16bit,6.944010416666667,True,real_attachments/C_efficiency_evolution/detailed_results/Quazim0t0_Phi4.Turn.R1Distill.16bit/results_2025-02-01T01-30-01.897993.json,6.944010416666667,chat_finetuned,27.502616984496523,2025-01-30,0.0
Quazim0t0/Phi4Basis-14B-sce,14.022656249999997,True,real_attachments/C_efficiency_evolution/detailed_results/Quazim0t0_Phi4Basis-14B-sce/results_2025-02-04T08-19-51.830517.json,,,,,
Quazim0t0/graphite-14b-sce,8.098958333333334,True,real_attachments/C_efficiency_evolution/detailed_results/Quazim0t0_graphite-14b-sce/results_2025-02-05T15-47-09.281719.json,,,,,
Qwen/QwQ-32B-Preview,9.80703125,True,real_attachments/C_efficiency_evolution/detailed_results/Qwen_QwQ-32B-Preview/results_2024-11-29T18-47-19.440839.json,9.80703125,chat_finetuned,34.119853368264465,2024-11-29,0.0
Qwen/Qwen1.5-0.5B,4.303125,True,real_attachments/C_efficiency_evolution/detailed_results/Qwen_Qwen1.5-0.5B/results_2024-06-16T18-29-53.027471.json,,,,,
Qwen/Qwen1.5-1.8B,3.963802083333334,True,real_attachments/C_efficiency_evolution/detailed_results/Qwen_Qwen1.5-1.8B/results_2024-06-16T18-43-23.280850.json,,,,,
Qwen/Qwen1.5-110B,13.705468750000001,True,real_attachments/C_efficiency_evolution/detailed_results/Qwen_Qwen1.5-110B/results_2024-06-25T12-07-08.632481.json,,,,,
Qwen/Qwen1.5-14B-Chat,13.930729166666667,True,real_attachments/C_efficiency_evolution/detailed_results/Qwen_Qwen1.5-14B-Chat/results_2024-06-16T18-40-14.610140.json,,,,,
Qwen/Qwen1.5-32B,12.040625000000004,True,real_attachments/C_efficiency_evolution/detailed_results/Qwen_Qwen1.5-32B/results_2024-06-26T06-37-24.381705.json,,,,,
Qwen/Qwen1.5-32B-Chat,10.197395833333335,True,real_attachments/C_efficiency_evolution/detailed_results/Qwen_Qwen1.5-32B-Chat/results_2024-06-25T21-18-30.710867.json,,,,,
Qwen/Qwen1.5-4B-Chat,7.355989583333333,True,real_attachments/C_efficiency_evolution/detailed_results/Qwen_Qwen1.5-4B-Chat/results_2024-06-16T18-29-56.853847.json,,,,,
Qwen/Qwen1.5-MoE-A2.7B,7.967968750000003,True,real_attachments/C_efficiency_evolution/detailed_results/Qwen_Qwen1.5-MoE-A2.7B/results_2024-06-17T00-13-15.397461.json,,,,,
Qwen/Qwen2-0.5B-Instruct,2.408854166666666,True,real_attachments/C_efficiency_evolution/detailed_results/Qwen_Qwen2-0.5B-Instruct/results_2024-06-17T10-54-45.875940.json,2.408854166666666,chat_finetuned,6.586780633287707,2024-06-12,0.0
Qwen/Qwen2-1.5B-Instruct,12.026822916666667,True,real_attachments/C_efficiency_evolution/detailed_results/Qwen_Qwen2-1.5B-Instruct/results_2024-06-17T09-51-37.025715.json,12.026822916666667,chat_finetuned,14.141936815181689,2024-06-12,0.0
Qwen/Qwen2-57B-A14B,10.538541666666669,True,real_attachments/C_efficiency_evolution/detailed_results/Qwen_Qwen2-57B-A14B/results_2024-07-04T08-36-42.751894.json,10.538541666666667,pretrained,25.0338731324107,2024-06-13,1.7763568394002505e-15
Qwen/Qwen2-7B,14.322916666666666,True,real_attachments/C_efficiency_evolution/detailed_results/Qwen_Qwen2-7B/results_2024-06-16T18-53-46.134214.json,14.322916666666666,pretrained,23.9251621404824,2024-06-09,0.0
Qwen/Qwen2-7B-Instruct,7.3656250000000005,True,real_attachments/C_efficiency_evolution/detailed_results/Qwen_Qwen2-7B-Instruct/results_2024-06-16T18-34-11.511342.json,7.365625,chat_finetuned,27.93668778218485,2024-06-12,8.881784197001252e-16
Qwen/Qwen2-Math-72B-Instruct,15.728906249999994,True,real_attachments/C_efficiency_evolution/detailed_results/Qwen_Qwen2-Math-72B-Instruct/results_2024-09-21T18-32-21.222955.json,,,,,
Qwen/Qwen2-VL-72B-Instruct,15.885677083333329,True,real_attachments/C_efficiency_evolution/detailed_results/Qwen_Qwen2-VL-72B-Instruct/results_2024-10-22T04-20-31.971941.json,,,,,
Qwen/Qwen2-VL-7B-Instruct,13.554166666666669,True,real_attachments/C_efficiency_evolution/detailed_results/Qwen_Qwen2-VL-7B-Instruct/results_2024-10-21T10-26-59.679844.json,13.554166666666667,other,26.493258763428173,2024-10-20,1.7763568394002505e-15
Qwen/Qwen2.5-1.5B-Instruct,3.1890625000000004,True,real_attachments/C_efficiency_evolution/detailed_results/Qwen_Qwen2.5-1.5B-Instruct/results_2024-09-19T16-22-58.240552.json,3.1890625000000004,chat_finetuned,18.430509141644382,2024-09-19,0.0
Qwen/Qwen2.5-14B-Instruct,10.157812500000004,True,real_attachments/C_efficiency_evolution/detailed_results/Qwen_Qwen2.5-14B-Instruct/results_2024-09-19T08-51-03.564190.json,10.157812500000004,chat_finetuned,41.30945747711163,2024-09-18,0.0
Qwen/Qwen2.5-32B-Instruct,13.498958333333329,True,real_attachments/C_efficiency_evolution/detailed_results/Qwen_Qwen2.5-32B-Instruct/results_2024-09-19T12-58-54.557932.json,13.498958333333327,chat_finetuned,46.59714569921449,2024-09-19,1.7763568394002505e-15
Qwen/Qwen2.5-3B-Instruct,7.565625,True,real_attachments/C_efficiency_evolution/detailed_results/Qwen_Qwen2.5-3B-Instruct/results_2024-09-19T10-05-30.339220.json,,,,,
Qwen/Qwen2.5-72B,19.640624999999996,True,real_attachments/C_efficiency_evolution/detailed_results/Qwen_Qwen2.5-72B/results_2024-09-20T03-02-35.170648.json,,,,,
Qwen/Qwen2.5-7B-Instruct,8.691145833333335,True,real_attachments/C_efficiency_evolution/detailed_results/Qwen_Qwen2.5-7B-Instruct/results_2024-09-19T08-24-07.576642.json,8.453906250000001,chat_finetuned,35.200108659947965,2024-09-18,0.23723958333333428
Qwen/Qwen2.5-Math-72B-Instruct,16.342187499999998,True,real_attachments/C_efficiency_evolution/detailed_results/Qwen_Qwen2.5-Math-72B-Instruct/results_2024-09-28T23-18-59.974937.json,,,,,
Qwen/Qwen2.5-Math-7B,4.995052083333334,True,real_attachments/C_efficiency_evolution/detailed_results/Qwen_Qwen2.5-Math-7B/results_2024-09-27T23-55-14.959617.json,4.995052083333334,continued,17.836657156289718,2024-09-21,0.0
RESMPDEV/Qwen2-Wukong-0.5B,3.3265624999999996,True,real_attachments/C_efficiency_evolution/detailed_results/RESMPDEV_Qwen2-Wukong-0.5B/results_2024-08-12T22-32-49.035473.json,3.3265624999999996,chat_finetuned,4.975539710746782,2024-06-30,0.0
RLHFlow/ArmoRM-Llama3-8B-v0.1,6.650260416666666,True,real_attachments/C_efficiency_evolution/detailed_results/RLHFlow_ArmoRM-Llama3-8B-v0.1/results_2024-10-08T16-02-16.474038.json,6.650260416666666,chat_finetuned,4.705487409302649,2024-10-08,0.0
Replete-AI/Llama3-8B-Instruct-Replete-Adapted,2.824479166666667,True,real_attachments/C_efficiency_evolution/detailed_results/Replete-AI_Llama3-8B-Instruct-Replete-Adapted/results_2024-08-13T01-22-15.449243.json,,,,,
Rombo-Org/Rombo-LLM-V2.5-Qwen-7b,7.8539062500000005,True,real_attachments/C_efficiency_evolution/detailed_results/Rombo-Org_Rombo-LLM-V2.5-Qwen-7b/results_2025-01-14T09-46-40.725016.json,7.85390625,merge,35.259585169099566,2025-01-13,8.881784197001252e-16
SaisExperiments/Gemma-2-2B-Stheno-Filtered,8.103125000000002,True,real_attachments/C_efficiency_evolution/detailed_results/SaisExperiments_Gemma-2-2B-Stheno-Filtered/results_2024-10-08T11-23-44.995228.json,8.103125000000002,chat_finetuned,15.491102762862866,2024-10-08,0.0
SaisExperiments/RightSheep-Llama3.2-3B,4.824479166666667,True,real_attachments/C_efficiency_evolution/detailed_results/SaisExperiments_RightSheep-Llama3.2-3B/results_2025-01-25T13-41-22.073426.json,4.824479166666667,chat_finetuned,15.857393775364821,2025-01-25,0.0
Sakalti/Llama3.2-3B-Uranus-1,6.924739583333334,True,real_attachments/C_efficiency_evolution/detailed_results/Sakalti_Llama3.2-3B-Uranus-1/results_2025-01-09T11-57-15.735520.json,6.924739583333334,chat_finetuned,21.030483022816096,2025-01-09,0.0
Sakalti/Phi3.5-Comets-3.8B,5.3109375000000005,True,real_attachments/C_efficiency_evolution/detailed_results/Sakalti_Phi3.5-Comets-3.8B/results_2024-12-21T09-18-24.309772.json,5.3109375000000005,merge,5.760043006242388,2024-12-21,0.0
Sakalti/Qwen2.5-1B-Instruct,0.9440104166666662,True,real_attachments/C_efficiency_evolution/detailed_results/Sakalti_Qwen2.5-1B-Instruct/results_2025-01-18T07-20-14.657826.json,0.9440104166666662,chat_finetuned,4.275488298707521,2025-01-18,0.0
SentientAGI/Dobby-Mini-Leashed-Llama-3.1-8B,11.938541666666671,True,real_attachments/C_efficiency_evolution/detailed_results/SentientAGI_Dobby-Mini-Leashed-Llama-3.1-8B/results_2025-02-05T00-54-44.743677.json,11.938541666666673,chat_finetuned,29.438992188094076,2025-02-04,-1.7763568394002505e-15
SentientAGI/Dobby-Mini-Unhinged-Llama-3.1-8B,7.960156250000001,True,real_attachments/C_efficiency_evolution/detailed_results/SentientAGI_Dobby-Mini-Unhinged-Llama-3.1-8B/results_2025-02-04T08-18-57.668288.json,7.960156250000001,chat_finetuned,27.45756521473049,2025-02-04,0.0
Sicarius-Prototyping/Brainy_LLAMA,9.491666666666669,True,real_attachments/C_efficiency_evolution/detailed_results/Sicarius-Prototyping_Brainy_LLAMA/results_2024-12-05T09-38-14.561375.json,9.491666666666667,chat_finetuned,24.22551281841119,2024-12-04,1.7763568394002505e-15
SicariusSicariiStuff/LLAMA-3_8B_Unaligned_BETA,9.56015625,True,real_attachments/C_efficiency_evolution/detailed_results/SicariusSicariiStuff_LLAMA-3_8B_Unaligned_BETA/results_2024-10-18T16-55-14.789774.json,9.56015625,chat_finetuned,19.14075237978403,2024-10-18,0.0
SicariusSicariiStuff/Phi-Line_14B,14.781770833333335,True,real_attachments/C_efficiency_evolution/detailed_results/SicariusSicariiStuff_Phi-Line_14B/results_2025-02-19T15-13-18.540442.json,14.781770833333336,chat_finetuned,37.56208119420943,2025-02-18,-1.7763568394002505e-15
SicariusSicariiStuff/Qwen2.5-14B_Uncensored,15.291666666666666,True,real_attachments/C_efficiency_evolution/detailed_results/SicariusSicariiStuff_Qwen2.5-14B_Uncensored/results_2024-09-23T16-39-42.907470.json,,,,,
SicariusSicariiStuff/Qwen2.5-14B_Uncensored_Instruct,4.40703125,True,real_attachments/C_efficiency_evolution/detailed_results/SicariusSicariiStuff_Qwen2.5-14B_Uncensored_Instruct/results_2024-09-23T18-19-07.561604.json,,,,,
SkyOrbis/SKY-Ko-Llama3.2-1B-lora-epoch5,4.1265625,True,real_attachments/C_efficiency_evolution/detailed_results/SkyOrbis_SKY-Ko-Llama3.2-1B-lora-epoch5/results_2024-12-27T23-22-01.016739.json,4.1265625,chat_finetuned,12.134493116614278,2024-12-27,0.0
SkyOrbis/SKY-Ko-Llama3.2-1B-lora-v2-epoch3,4.1265625,True,real_attachments/C_efficiency_evolution/detailed_results/SkyOrbis_SKY-Ko-Llama3.2-1B-lora-v2-epoch3/results_2024-12-27T14-47-03.733196.json,4.1265625,chat_finetuned,12.134493116614278,2024-12-27,0.0
SkyOrbis/SKY-Ko-Llama3.2-3B-lora-epoch1,5.961979166666667,True,real_attachments/C_efficiency_evolution/detailed_results/SkyOrbis_SKY-Ko-Llama3.2-3B-lora-epoch1/results_2024-12-27T19-38-23.716546.json,5.961979166666667,chat_finetuned,20.420216620430267,2024-12-27,0.0
SkyOrbis/SKY-Ko-Qwen2.5-3B-Instruct,9.262239583333335,True,real_attachments/C_efficiency_evolution/detailed_results/SkyOrbis_SKY-Ko-Qwen2.5-3B-Instruct/results_2025-01-09T05-49-19.366368.json,,,,,
SkyOrbis/SKY-Ko-Qwen2.5-7B-Instruct-SFT-step-15000,13.950520833333334,True,real_attachments/C_efficiency_evolution/detailed_results/SkyOrbis_SKY-Ko-Qwen2.5-7B-Instruct-SFT-step-15000/results_2025-02-01T12-03-40.542422.json,,,,,
SkyOrbis/SKY-Ko-Qwen2.5-7B-Instruct-SFT-step-5000,10.907291666666667,True,real_attachments/C_efficiency_evolution/detailed_results/SkyOrbis_SKY-Ko-Qwen2.5-7B-Instruct-SFT-step-5000/results_2025-02-05T00-10-46.826517.json,,,,,
Sorawiz/Gemma-9B-Base,9.363802083333338,True,real_attachments/C_efficiency_evolution/detailed_results/Sorawiz_Gemma-9B-Base/results_2025-02-25T02-06-43.469016.json,,,,,
Sorawiz/Gemma-Creative-9B-Base,8.201041666666667,True,real_attachments/C_efficiency_evolution/detailed_results/Sorawiz_Gemma-Creative-9B-Base/results_2025-02-25T02-11-01.948666.json,,,,,
Sourjayon/DeepSeek-R1-ForumNXT,2.5716145833333326,True,real_attachments/C_efficiency_evolution/detailed_results/Sourjayon_DeepSeek-R1-ForumNXT/results_2025-02-04T23-50-28.463200.json,2.5716145833333326,chat_finetuned,11.959695622199478,2025-02-03,0.0
Supichi/BBAI_135_Gemma,4.859895833333333,True,real_attachments/C_efficiency_evolution/detailed_results/Supichi_BBAI_135_Gemma/results_2025-02-27T11-18-58.504826.json,,,,,
Syed-Hasan-8503/Phi-3-mini-4K-instruct-cpo-simpo,8.777604166666663,True,real_attachments/C_efficiency_evolution/detailed_results/Syed-Hasan-8503_Phi-3-mini-4K-instruct-cpo-simpo/results_2024-08-27T22-39-22.007233.json,8.777604166666663,chat_finetuned,27.216374484698875,2024-06-26,0.0
T145/Meta-Llama-3.1-8B-Instruct-TIES,8.036458333333336,True,real_attachments/C_efficiency_evolution/detailed_results/T145_Meta-Llama-3.1-8B-Instruct-TIES/results_2024-12-23T12-02-34.528121.json,,,,,
T145/qwen-2.5-3B-merge-test,8.291145833333333,True,real_attachments/C_efficiency_evolution/detailed_results/T145_qwen-2.5-3B-merge-test/results_2024-11-18T11-53-58.718004.json,,,,,
TIGER-Lab/AceCoder-Qwen2.5-Coder-7B-Base-Rule,0.9440104166666662,True,real_attachments/C_efficiency_evolution/detailed_results/TIGER-Lab_AceCoder-Qwen2.5-Coder-7B-Base-Rule/results_2025-03-07T08-59-54.639763.json,0.9440104166666662,chat_finetuned,21.333370512930014,2025-03-07,0.0
TIGER-Lab/Qwen2.5-Math-7B-CFT,6.61666666666667,True,real_attachments/C_efficiency_evolution/detailed_results/TIGER-Lab_Qwen2.5-Math-7B-CFT/results_2025-03-07T07-37-24.019712.json,6.61666666666667,chat_finetuned,23.521464490408093,2025-03-07,0.0
TTTXXX01/Mistral-7B-Base-SimPO2-5e-7,5.252083333333334,True,real_attachments/C_efficiency_evolution/detailed_results/TTTXXX01_Mistral-7B-Base-SimPO2-5e-7/results_2024-09-03T07-49-40.799646.json,5.252083333333334,chat_finetuned,16.417452751929584,2024-09-01,0.0
Tarek07/Thalassic-Alpha-LLaMa-70B,20.72473958333333,True,real_attachments/C_efficiency_evolution/detailed_results/Tarek07_Thalassic-Alpha-LLaMa-70B/results_2025-01-28T19-49-48.861442.json,20.72473958333333,merge,42.2203763514307,2025-01-28,0.0
Telugu-LLM-Labs/Indic-gemma-2b-finetuned-sft-Navarasa-2.0,7.075520833333336,True,real_attachments/C_efficiency_evolution/detailed_results/Telugu-LLM-Labs_Indic-gemma-2b-finetuned-sft-Navarasa-2.0/results_2025-02-06T10-10-57.836787.json,,,,,
Telugu-LLM-Labs/Indic-gemma-7b-finetuned-sft-Navarasa-2.0,9.140364583333332,True,real_attachments/C_efficiency_evolution/detailed_results/Telugu-LLM-Labs_Indic-gemma-7b-finetuned-sft-Navarasa-2.0/results_2025-02-06T10-00-03.236662.json,,,,,
TheDrummer/Gemmasutra-9B-v1,20.940885416666664,True,real_attachments/C_efficiency_evolution/detailed_results/TheDrummer_Gemmasutra-9B-v1/results_2024-09-20T02-41-16.900874.json,,,,,
TheDrummer/Tiger-Gemma-9B-v2,9.31875,True,real_attachments/C_efficiency_evolution/detailed_results/TheDrummer_Tiger-Gemma-9B-v2/results_2025-01-08T03-45-37.327645.json,,,,,
TheTsar1209/qwen-carpmuscle-r-v0.3,12.003385416666669,True,real_attachments/C_efficiency_evolution/detailed_results/TheTsar1209_qwen-carpmuscle-r-v0.3/results_2024-10-23T18-42-27.012961.json,,,,,
TheTsar1209/qwen-carpmuscle-v0.1,10.146354166666669,True,real_attachments/C_efficiency_evolution/detailed_results/TheTsar1209_qwen-carpmuscle-v0.1/results_2024-10-11T00-59-37.703224.json,10.146354166666669,chat_finetuned,33.445029423216624,2024-10-10,0.0
TinyLlama/TinyLlama-1.1B-Chat-v0.1,3.9049479166666674,True,real_attachments/C_efficiency_evolution/detailed_results/TinyLlama_TinyLlama-1.1B-Chat-v0.1/results_2024-12-02T17-54-49.516141.json,3.9049479166666674,chat_finetuned,3.9575773348190606,2024-12-02,0.0
TinyLlama/TinyLlama-1.1B-Chat-v1.0,4.306770833333336,True,real_attachments/C_efficiency_evolution/detailed_results/TinyLlama_TinyLlama-1.1B-Chat-v1.0/results_2024-08-07T01-00-11.175718.json,4.306770833333336,chat_finetuned,2.818859486124847,2024-08-04,0.0
TinyLlama/TinyLlama-1.1B-intermediate-step-1431k-3T,2.187239583333333,True,real_attachments/C_efficiency_evolution/detailed_results/TinyLlama_TinyLlama-1.1B-intermediate-step-1431k-3T/results_2024-11-27T22-50-39.774473.json,2.187239583333333,pretrained,5.230318100791095,2024-11-27,0.0
Triangle104/DS-Distilled-Hermes-Llama-3.1,9.781770833333335,True,real_attachments/C_efficiency_evolution/detailed_results/Triangle104_DS-Distilled-Hermes-Llama-3.1/results_2025-01-27T15-23-30.338588.json,,,,,
Triangle104/DSR1-Distill-Llama-Lit-8B,6.716927083333334,True,real_attachments/C_efficiency_evolution/detailed_results/Triangle104_DSR1-Distill-Llama-Lit-8B/results_2025-02-25T00-07-41.414817.json,6.716927083333334,merge,17.835032823738523,2025-02-11,0.0
Triangle104/DSR1-Distill-Qwen-7B-RP,8.801041666666668,True,real_attachments/C_efficiency_evolution/detailed_results/Triangle104_DSR1-Distill-Qwen-7B-RP/results_2025-02-24T23-56-33.577219.json,8.801041666666668,merge,24.099711456808993,2025-02-09,0.0
Triangle104/Dolphin3-Llama3.2-Smart,8.154166666666669,True,real_attachments/C_efficiency_evolution/detailed_results/Triangle104_Dolphin3-Llama3.2-Smart/results_2025-01-27T14-48-04.135846.json,,,,,
Triangle104/Llama3.1-Allades-Lit-8b,5.220833333333332,True,real_attachments/C_efficiency_evolution/detailed_results/Triangle104_Llama3.1-Allades-Lit-8b/results_2025-02-24T23-59-58.348172.json,,,,,
Triangle104/Mistral-Small-24b-Harmony,11.483854166666667,True,real_attachments/C_efficiency_evolution/detailed_results/Triangle104_Mistral-Small-24b-Harmony/results_2025-02-25T03-44-29.665726.json,11.483854166666667,merge,27.168346239791443,2025-02-20,0.0
Triangle104/Phi-4-AbliteratedRP,24.429166666666664,True,real_attachments/C_efficiency_evolution/detailed_results/Triangle104_Phi-4-AbliteratedRP/results_2025-01-27T14-22-32.819976.json,24.429166666666664,merge,37.374976244999196,2025-01-27,0.0
Triangle104/Phi4-RP-o1,19.17994791666666,True,real_attachments/C_efficiency_evolution/detailed_results/Triangle104_Phi4-RP-o1/results_2025-02-01T01-52-07.473628.json,19.17994791666666,merge,28.809089491248006,2025-01-30,0.0
Triangle104/Phi4-RP-o1-Ablit,18.927083333333332,True,real_attachments/C_efficiency_evolution/detailed_results/Triangle104_Phi4-RP-o1-Ablit/results_2025-02-25T02-45-03.072006.json,,,,,
Triangle104/Porpoise-R1-Llama3.2-3b,6.436458333333334,True,real_attachments/C_efficiency_evolution/detailed_results/Triangle104_Porpoise-R1-Llama3.2-3b/results_2025-02-18T19-24-07.519824.json,6.436458333333334,merge,13.626836330964721,2025-02-08,0.0
Triangle104/RomboHermes3-R1-Llama3.2-3b,4.40703125,True,real_attachments/C_efficiency_evolution/detailed_results/Triangle104_RomboHermes3-R1-Llama3.2-3b/results_2025-02-18T14-53-48.172245.json,4.40703125,merge,14.65828137567246,2025-02-09,0.0
UCLA-AGI/Gemma-2-9B-It-SPPO-Iter2,10.942187500000003,True,real_attachments/C_efficiency_evolution/detailed_results/UCLA-AGI_Gemma-2-9B-It-SPPO-Iter2/results_2024-08-13T00-42-58.730890.json,10.942187500000005,chat_finetuned,22.563072986134326,2024-08-07,-1.7763568394002505e-15
UCLA-AGI/Gemma-2-9B-It-SPPO-Iter3,11.342187500000001,True,real_attachments/C_efficiency_evolution/detailed_results/UCLA-AGI_Gemma-2-9B-It-SPPO-Iter3/results_2024-08-12T11-41-39.699261.json,11.3421875,chat_finetuned,22.65046295673854,2024-07-31,1.7763568394002505e-15
UCLA-AGI/Llama-3-Instruct-8B-SPPO-Iter3,3.0911458333333326,True,real_attachments/C_efficiency_evolution/detailed_results/UCLA-AGI_Llama-3-Instruct-8B-SPPO-Iter3/results_2024-06-27T00-39-40.520034.json,2.891145833333335,chat_finetuned,23.05947024187678,2024-06-28,0.1999999999999975
UCLA-AGI/Mistral7B-PairRM-SPPO,7.793229166666667,True,real_attachments/C_efficiency_evolution/detailed_results/UCLA-AGI_Mistral7B-PairRM-SPPO/results_2024-09-27T19-16-54.672314.json,7.793229166666667,chat_finetuned,16.44469675653773,2024-09-21,0.0
UCLA-AGI/Mistral7B-PairRM-SPPO-Iter2,9.801041666666668,True,real_attachments/C_efficiency_evolution/detailed_results/UCLA-AGI_Mistral7B-PairRM-SPPO-Iter2/results_2024-08-12T23-18-02.723037.json,9.801041666666668,chat_finetuned,17.118139500757714,2024-08-07,0.0
UCLA-AGI/Mistral7B-PairRM-SPPO-Iter3,9.489322916666671,True,real_attachments/C_efficiency_evolution/detailed_results/UCLA-AGI_Mistral7B-PairRM-SPPO-Iter3/results_2024-08-12T23-19-55.089024.json,9.489322916666673,chat_finetuned,16.488657432502865,2024-08-07,-1.7763568394002505e-15
UKzExecution/LlamaExecutor-8B-3.0.5,4.653906250000001,True,real_attachments/C_efficiency_evolution/detailed_results/UKzExecution_LlamaExecutor-8B-3.0.5/results_2024-08-13T05-48-33.833062.json,,,,,
VAGOsolutions/Llama-3-SauerkrautLM-70b-Instruct,13.542187500000002,True,real_attachments/C_efficiency_evolution/detailed_results/VAGOsolutions_Llama-3-SauerkrautLM-70b-Instruct/results_2024-07-21T07-14-53.671049.json,,,,,
VAGOsolutions/Llama-3-SauerkrautLM-8b-Instruct,11.2796875,True,real_attachments/C_efficiency_evolution/detailed_results/VAGOsolutions_Llama-3-SauerkrautLM-8b-Instruct/results_2024-07-25T10-20-19.611472.json,,,,,
VAGOsolutions/Llama-3.1-SauerkrautLM-8b-Instruct,11.51692708333333,True,real_attachments/C_efficiency_evolution/detailed_results/VAGOsolutions_Llama-3.1-SauerkrautLM-8b-Instruct/results_2024-07-30T04-09-12.174878.json,11.51692708333333,chat_finetuned,29.931073085077475,2024-07-29,0.0
VAGOsolutions/SauerkrautLM-Gemma-2b,3.514583333333334,True,real_attachments/C_efficiency_evolution/detailed_results/VAGOsolutions_SauerkrautLM-Gemma-2b/results_2024-07-18T11-45-39.813638.json,,,,,
VAGOsolutions/SauerkrautLM-gemma-2-9b-it,12.344531250000001,True,real_attachments/C_efficiency_evolution/detailed_results/VAGOsolutions_SauerkrautLM-gemma-2-9b-it/results_2024-09-02T17-46-00.346913.json,12.34453125,chat_finetuned,23.14181422578697,2024-08-26,1.7763568394002505e-15
VIRNECT/llama-3-Korean-8B-r-v-0.1,3.73619791666667,True,real_attachments/C_efficiency_evolution/detailed_results/VIRNECT_llama-3-Korean-8B-r-v-0.1/results_2024-09-14T02-33-08.958613.json,3.73619791666667,chat_finetuned,18.749278536149728,2024-07-18,0.0
ValiantLabs/Llama3.1-70B-ShiningValiant2,18.4796875,True,real_attachments/C_efficiency_evolution/detailed_results/ValiantLabs_Llama3.1-70B-ShiningValiant2/results_2024-10-31T06-27-05.966661.json,18.4796875,chat_finetuned,36.493183854101574,2024-10-30,0.0
ValiantLabs/Llama3.1-8B-Fireplace2,4.379427083333335,True,real_attachments/C_efficiency_evolution/detailed_results/ValiantLabs_Llama3.1-8B-Fireplace2/results_2024-07-25T21-07-29.515450.json,4.379427083333335,chat_finetuned,18.312602016344886,2024-07-25,0.0
ValiantLabs/Llama3.2-3B-Esper2,4.036458333333333,True,real_attachments/C_efficiency_evolution/detailed_results/ValiantLabs_Llama3.2-3B-Esper2/results_2024-10-10T08-27-15.528214.json,4.036458333333333,chat_finetuned,10.944295126634552,2024-10-09,0.0
Weyaxi/Einstein-v6.1-Llama3-8B,11.22682291666667,True,real_attachments/C_efficiency_evolution/detailed_results/Weyaxi_Einstein-v6.1-Llama3-8B/results_2024-07-17T10-00-42.383986.json,,,,,
Weyaxi/Einstein-v6.1-developed-by-Weyaxi-Llama3-8B,13.389583333333329,True,real_attachments/C_efficiency_evolution/detailed_results/Weyaxi_Einstein-v6.1-developed-by-Weyaxi-Llama3-8B/results_2024-07-18T10-30-14.113211.json,,,,,
Weyaxi/Einstein-v7-Qwen2-7B,14.0640625,True,real_attachments/C_efficiency_evolution/detailed_results/Weyaxi_Einstein-v7-Qwen2-7B/results_2024-07-18T09-58-17.163893.json,,,,,
Xiaojian9992024/Llama3.2-1B-THREADRIPPER,2.3223958333333345,True,real_attachments/C_efficiency_evolution/detailed_results/Xiaojian9992024_Llama3.2-1B-THREADRIPPER/results_2025-02-03T12-11-47.982597.json,,,,,
Xiaojian9992024/Llama3.2-1B-THREADRIPPER-v0.2,4.189062500000003,True,real_attachments/C_efficiency_evolution/detailed_results/Xiaojian9992024_Llama3.2-1B-THREADRIPPER-v0.2/results_2025-02-05T00-27-48.058628.json,,,,,
Xiaojian9992024/Qwen2.5-THREADRIPPER-Medium-Censored,10.683333333333335,True,real_attachments/C_efficiency_evolution/detailed_results/Xiaojian9992024_Qwen2.5-THREADRIPPER-Medium-Censored/results_2025-02-18T17-17-02.948632.json,,,,,
Xiaojian9992024/Qwen2.5-Ultra-1.5B-25.02-Exp,1.255729166666667,True,real_attachments/C_efficiency_evolution/detailed_results/Xiaojian9992024_Qwen2.5-Ultra-1.5B-25.02-Exp/results_2025-02-25T00-14-30.453157.json,,,,,
YOYO-AI/Qwen2.5-14B-YOYO-0505,19.46223958333333,True,real_attachments/C_efficiency_evolution/detailed_results/YOYO-AI_Qwen2.5-14B-YOYO-0505/results_2025-01-27T16-50-10.808851.json,,,,,
YOYO-AI/Qwen2.5-14B-YOYO-0805,19.46223958333333,True,real_attachments/C_efficiency_evolution/detailed_results/YOYO-AI_Qwen2.5-14B-YOYO-0805/results_2025-01-27T10-13-49.522292.json,,,,,
YOYO-AI/Qwen2.5-14B-YOYO-1010,19.29947916666666,True,real_attachments/C_efficiency_evolution/detailed_results/YOYO-AI_Qwen2.5-14B-YOYO-1010/results_2025-01-25T10-29-09.986638.json,19.29947916666666,merge,40.008009214120385,2025-01-25,0.0
YOYO-AI/Qwen2.5-14B-YOYO-SCE,18.736718749999998,True,real_attachments/C_efficiency_evolution/detailed_results/YOYO-AI_Qwen2.5-14B-YOYO-SCE/results_2025-02-01T13-00-06.843853.json,18.73671875,merge,39.669216951931844,2025-01-31,-3.552713678800501e-15
YOYO-AI/Qwen2.5-14B-YOYO-V4,10.640104166666669,True,real_attachments/C_efficiency_evolution/detailed_results/YOYO-AI_Qwen2.5-14B-YOYO-V4/results_2025-03-03T07-41-39.178588.json,10.640104166666667,merge,42.28551883596217,2025-03-03,1.7763568394002505e-15
YOYO-AI/Qwen2.5-14B-YOYO-V4-p2,15.965624999999998,True,real_attachments/C_efficiency_evolution/detailed_results/YOYO-AI_Qwen2.5-14B-YOYO-V4-p2/results_2025-03-01T12-31-25.964204.json,15.965624999999998,merge,41.58466487593814,2025-03-01,0.0
YOYO-AI/Qwen2.5-14B-YOYO-latest,18.907291666666666,True,real_attachments/C_efficiency_evolution/detailed_results/YOYO-AI_Qwen2.5-14B-YOYO-latest/results_2025-02-04T03-18-38.619840.json,18.907291666666666,merge,40.078312739638136,2025-02-02,0.0
YOYO-AI/Qwen2.5-14B-YOYO-latest-V2,13.675520833333332,True,real_attachments/C_efficiency_evolution/detailed_results/YOYO-AI_Qwen2.5-14B-YOYO-latest-V2/results_2025-02-24T23-24-51.650002.json,13.675520833333332,merge,41.84546724325599,2025-02-18,0.0
YOYO-AI/Qwen2.5-7B-it-restore,8.25390625,True,real_attachments/C_efficiency_evolution/detailed_results/YOYO-AI_Qwen2.5-7B-it-restore/results_2025-03-10T05-50-55.816942.json,8.25390625,merge,35.33330306100891,2025-03-10,0.0
YOYO-AI/ZYH-LLM-Qwen2.5-14B,19.86223958333333,True,real_attachments/C_efficiency_evolution/detailed_results/YOYO-AI_ZYH-LLM-Qwen2.5-14B/results_2025-02-05T07-57-59.664680.json,19.86223958333333,merge,39.823588693279426,2025-02-05,0.0
YOYO-AI/ZYH-LLM-Qwen2.5-14B-V2,18.379947916666662,True,real_attachments/C_efficiency_evolution/detailed_results/YOYO-AI_ZYH-LLM-Qwen2.5-14B-V2/results_2025-02-18T21-18-55.492202.json,18.379947916666666,merge,36.566362481938945,2025-02-08,-3.552713678800501e-15
Youlln/ECE-Qwen0.5B-FT-V2,0.8851562499999998,True,real_attachments/C_efficiency_evolution/detailed_results/Youlln_ECE-Qwen0.5B-FT-V2/results_2024-10-12T07-11-52.657109.json,0.8851562499999998,chat_finetuned,7.5746869620543364,2024-10-11,0.0
Yuma42/Llama3.1-IgneousIguana-8B,12.465885416666666,True,real_attachments/C_efficiency_evolution/detailed_results/Yuma42_Llama3.1-IgneousIguana-8B/results_2025-03-10T16-47-02.867519.json,12.465885416666666,merge,31.476166913247212,2025-03-10,0.0
ZeroXClem/Llama-3.1-8B-AthenaSky-MegaMix,6.897135416666669,True,real_attachments/C_efficiency_evolution/detailed_results/ZeroXClem_Llama-3.1-8B-AthenaSky-MegaMix/results_2025-03-12T15-57-21.995435.json,6.897135416666669,merge,26.791594885986026,2025-03-11,0.0
ZeroXClem/Llama-3.1-8B-SuperNova-EtherealHermes,11.322916666666663,True,real_attachments/C_efficiency_evolution/detailed_results/ZeroXClem_Llama-3.1-8B-SuperNova-EtherealHermes/results_2025-03-12T16-02-34.311760.json,11.322916666666664,merge,28.405539774407757,2025-03-11,-1.7763568394002505e-15
ZeroXClem/Qwen-2.5-Aether-SlerpFusion-7B,11.28932291666667,True,real_attachments/C_efficiency_evolution/detailed_results/ZeroXClem_Qwen-2.5-Aether-SlerpFusion-7B/results_2024-11-21T13-44-53.382689.json,11.28932291666667,merge,30.118329802811974,2024-11-20,0.0
ZeroXClem/Qwen2.5-7B-HomerAnvita-NerdMix,14.414843750000003,True,real_attachments/C_efficiency_evolution/detailed_results/ZeroXClem_Qwen2.5-7B-HomerAnvita-NerdMix/results_2024-11-22T00-34-20.371295.json,14.414843750000005,merge,35.64186520551806,2024-11-21,-1.7763568394002505e-15
abacusai/Liberated-Qwen1.5-14B,10.316927083333333,True,real_attachments/C_efficiency_evolution/detailed_results/abacusai_Liberated-Qwen1.5-14B/results_2024-09-05T12-34-33.126455.json,,,,,
abacusai/bigyi-15b,4.289322916666667,True,real_attachments/C_efficiency_evolution/detailed_results/abacusai_bigyi-15b/results_2024-09-18T06-37-06.680694.json,,,,,
abideen/MedPhi-4-14B-v1,10.832291666666668,True,real_attachments/C_efficiency_evolution/detailed_results/abideen_MedPhi-4-14B-v1/results_2025-01-13T23-03-42.989646.json,,,,,
agentlans/Llama3.1-8B-drill,4.704947916666668,True,real_attachments/C_efficiency_evolution/detailed_results/agentlans_Llama3.1-8B-drill/results_2024-12-27T23-35-02.383650.json,,,,,
agentlans/Llama3.1-Daredevilish,11.603385416666663,True,real_attachments/C_efficiency_evolution/detailed_results/agentlans_Llama3.1-Daredevilish/results_2025-01-23T10-50-23.011610.json,11.603385416666663,merge,25.570843048894687,2025-01-22,0.0
agentlans/Qwen2.5-0.5B-Instruct-CrashCourse-dropout,1.1067708333333328,True,real_attachments/C_efficiency_evolution/detailed_results/agentlans_Qwen2.5-0.5B-Instruct-CrashCourse-dropout/results_2025-01-01T06-48-50.303492.json,1.1067708333333328,chat_finetuned,8.433362269175692,2025-01-01,0.0
akhadangi/Llama3.2.1B.0.01-First,1.7578124999999993,True,real_attachments/C_efficiency_evolution/detailed_results/akhadangi_Llama3.2.1B.0.01-First/results_2025-03-10T11-47-38.291006.json,1.7578124999999991,chat_finetuned,3.1098917488910103,2025-03-10,2.220446049250313e-16
akhadangi/Llama3.2.1B.0.1-First,1.432291666666666,True,real_attachments/C_efficiency_evolution/detailed_results/akhadangi_Llama3.2.1B.0.1-First/results_2025-03-10T11-38-49.477216.json,1.432291666666666,chat_finetuned,3.269240763959394,2025-03-10,0.0
akhadangi/Llama3.2.1B.BaseFiT,1.7578124999999993,True,real_attachments/C_efficiency_evolution/detailed_results/akhadangi_Llama3.2.1B.BaseFiT/results_2025-03-10T11-54-29.662487.json,1.7578124999999991,chat_finetuned,3.318002610011419,2025-03-10,2.220446049250313e-16
allenai/Llama-3.1-Tulu-3-70B,23.754166666666666,True,real_attachments/C_efficiency_evolution/detailed_results/allenai_Llama-3.1-Tulu-3-70B/results_2024-11-28T10-27-03.067415.json,23.754166666666663,chat_finetuned,42.33178738532094,2024-11-27,3.552713678800501e-15
allenai/Llama-3.1-Tulu-3-8B-DPO,10.516927083333336,True,real_attachments/C_efficiency_evolution/detailed_results/allenai_Llama-3.1-Tulu-3-8B-DPO/results_2024-11-22T10-05-59.254446.json,10.516927083333336,chat_finetuned,26.463980035063702,2024-11-22,0.0
allenai/Llama-3.1-Tulu-3-8B-RM,4.252083333333335,True,real_attachments/C_efficiency_evolution/detailed_results/allenai_Llama-3.1-Tulu-3-8B-RM/results_2024-11-22T10-23-40.491308.json,4.252083333333335,chat_finetuned,4.235057018188027,2024-11-22,0.0
allenai/Llama-3.1-Tulu-3-8B-SFT,12.013020833333334,True,real_attachments/C_efficiency_evolution/detailed_results/allenai_Llama-3.1-Tulu-3-8B-SFT/results_2024-11-22T10-12-59.705361.json,12.013020833333334,chat_finetuned,22.596940551752763,2024-11-22,0.0
allknowingroger/Gemma2Slerp1-2.6B,16.820833333333336,True,real_attachments/C_efficiency_evolution/detailed_results/allknowingroger_Gemma2Slerp1-2.6B/results_2024-12-06T19-34-34.054813.json,,,,,
allknowingroger/Gemma2Slerp1-27B,19.356510416666662,True,real_attachments/C_efficiency_evolution/detailed_results/allknowingroger_Gemma2Slerp1-27B/results_2024-12-06T21-29-35.095408.json,19.356510416666666,merge,36.507639433632995,2024-12-06,-3.552713678800501e-15
allknowingroger/Gemma2Slerp2-27B,16.927083333333332,True,real_attachments/C_efficiency_evolution/detailed_results/allknowingroger_Gemma2Slerp2-27B/results_2024-12-06T21-42-19.850532.json,16.927083333333332,merge,37.93170029272168,2024-12-06,0.0
allknowingroger/Gemma2Slerp4-27B,15.179947916666668,True,real_attachments/C_efficiency_evolution/detailed_results/allknowingroger_Gemma2Slerp4-27B/results_2024-12-06T21-42-08.193662.json,15.179947916666668,merge,37.36755448762331,2024-12-06,0.0
allknowingroger/GemmaSlerp5-10B,16.764322916666668,True,real_attachments/C_efficiency_evolution/detailed_results/allknowingroger_GemmaSlerp5-10B/results_2024-11-22T21-11-53.068712.json,16.764322916666668,merge,34.382403041414115,2024-11-22,0.0
allknowingroger/GemmaStock1-27B,15.985937499999997,True,real_attachments/C_efficiency_evolution/detailed_results/allknowingroger_GemmaStock1-27B/results_2024-12-06T21-32-03.119459.json,15.985937499999997,merge,37.51365913910503,2024-12-06,0.0
allknowingroger/Llama3.1-60B,2.18125,True,real_attachments/C_efficiency_evolution/detailed_results/allknowingroger_Llama3.1-60B/results_2024-10-11T14-34-09.525837.json,,,,,
allknowingroger/MistralPhi3-11B,12.23463541666667,True,real_attachments/C_efficiency_evolution/detailed_results/allknowingroger_MistralPhi3-11B/results_2024-09-03T06-29-04.715113.json,12.23463541666667,merge,21.627095011873774,2024-09-02,0.0
allknowingroger/Mistralmash2-7B-s,13.65625,True,real_attachments/C_efficiency_evolution/detailed_results/allknowingroger_Mistralmash2-7B-s/results_2024-09-03T06-57-24.156090.json,13.65625,merge,21.389680975325334,2024-09-02,0.0
allknowingroger/Phi3mash1-17B-pass,14.840624999999994,True,real_attachments/C_efficiency_evolution/detailed_results/allknowingroger_Phi3mash1-17B-pass/results_2024-09-03T06-44-10.031807.json,14.840624999999994,merge,21.34996880563698,2024-09-02,0.0
allknowingroger/Qwen2.5-42B-AGI,2.2539062500000013,True,real_attachments/C_efficiency_evolution/detailed_results/allknowingroger_Qwen2.5-42B-AGI/results_2024-10-22T00-42-05.989075.json,,,,,
allknowingroger/Qwen2.5-7B-task3,12.846614583333334,True,real_attachments/C_efficiency_evolution/detailed_results/allknowingroger_Qwen2.5-7B-task3/results_2024-11-06T18-32-30.118491.json,12.846614583333334,merge,28.738760798626867,2024-11-04,0.0
allknowingroger/Qwen2.5-7B-task4,13.209375000000001,True,real_attachments/C_efficiency_evolution/detailed_results/allknowingroger_Qwen2.5-7B-task4/results_2024-11-06T18-31-18.397337.json,13.209375,merge,30.06180942847573,2024-11-04,1.7763568394002505e-15
allknowingroger/QwenSlerp12-7B,16.134895833333335,True,real_attachments/C_efficiency_evolution/detailed_results/allknowingroger_QwenSlerp12-7B/results_2024-11-22T20-03-47.750767.json,16.134895833333335,merge,29.989027415795306,2024-11-22,0.0
allknowingroger/QwenSlerp4-14B,17.58776041666667,True,real_attachments/C_efficiency_evolution/detailed_results/allknowingroger_QwenSlerp4-14B/results_2024-12-06T19-49-12.629259.json,,,,,
allknowingroger/QwenSlerp6-14B,18.32109375,True,real_attachments/C_efficiency_evolution/detailed_results/allknowingroger_QwenSlerp6-14B/results_2024-12-06T19-39-20.271977.json,18.32109375,merge,39.53457080924675,2024-12-06,0.0
allknowingroger/QwenStock1-14B,18.787760416666668,True,real_attachments/C_efficiency_evolution/detailed_results/allknowingroger_QwenStock1-14B/results_2024-12-06T20-08-10.157704.json,18.787760416666668,merge,38.14564924678278,2024-12-06,0.0
allknowingroger/QwenStock2-14B,19.28385416666666,True,real_attachments/C_efficiency_evolution/detailed_results/allknowingroger_QwenStock2-14B/results_2024-12-06T20-07-24.006733.json,19.28385416666666,merge,38.41917529577626,2024-12-06,0.0
allknowingroger/Qwenslerp3-14B,18.017187499999995,True,real_attachments/C_efficiency_evolution/detailed_results/allknowingroger_Qwenslerp3-14B/results_2024-10-21T20-32-17.784584.json,18.017187499999995,merge,38.080923366964626,2024-10-21,0.0
allknowingroger/Qwenslerp3-7B,14.972135416666667,True,real_attachments/C_efficiency_evolution/detailed_results/allknowingroger_Qwenslerp3-7B/results_2024-11-06T18-37-23.836740.json,14.972135416666667,merge,30.63274991183272,2024-11-04,0.0
allknowingroger/ROGERphi-7B-slerp,17.53307291666667,True,real_attachments/C_efficiency_evolution/detailed_results/allknowingroger_ROGERphi-7B-slerp/results_2024-08-13T08-08-29.741245.json,17.53307291666667,merge,20.70747082131683,2024-06-26,0.0
allknowingroger/Rombos-LLM-V2.5-Qwen-42b,2.4166666666666683,True,real_attachments/C_efficiency_evolution/detailed_results/allknowingroger_Rombos-LLM-V2.5-Qwen-42b/results_2024-10-29T06-38-37.491206.json,,,,,
allknowingroger/Yi-1.5-34B,5.6070312499999995,True,real_attachments/C_efficiency_evolution/detailed_results/allknowingroger_Yi-1.5-34B/results_2024-10-29T01-57-59.713822.json,,,,,
allknowingroger/Yislerp-34B,15.778125000000003,True,real_attachments/C_efficiency_evolution/detailed_results/allknowingroger_Yislerp-34B/results_2024-09-21T13-56-11.768462.json,15.778125000000005,merge,29.3989257958803,2024-09-19,-1.7763568394002505e-15
allknowingroger/Yislerp2-34B,15.854427083333327,True,real_attachments/C_efficiency_evolution/detailed_results/allknowingroger_Yislerp2-34B/results_2024-09-27T23-49-27.470228.json,15.854427083333327,merge,30.433865107288046,2024-10-08,0.0
allura-org/Mistral-Small-24b-Sertraline-0304,13.505468750000004,True,real_attachments/C_efficiency_evolution/detailed_results/allura-org_Mistral-Small-24b-Sertraline-0304/results_2025-03-05T17-04-59.040521.json,13.505468750000004,chat_finetuned,35.369805475643055,2025-03-04,0.0
amazon/MegaBeam-Mistral-7B-300k,8.350000000000003,True,real_attachments/C_efficiency_evolution/detailed_results/amazon_MegaBeam-Mistral-7B-300k/results_2024-10-07T13-52-28.283899.json,8.350000000000003,chat_finetuned,17.022470504123003,2024-10-07,0.0
anakin87/gemma-2b-orpo,4.128385416666667,True,real_attachments/C_efficiency_evolution/detailed_results/anakin87_gemma-2b-orpo/results_2024-07-29T09-00-07.856925.json,,,,,
arcee-ai/Llama-3.1-SuperNova-Lite,11.673697916666663,True,real_attachments/C_efficiency_evolution/detailed_results/arcee-ai_Llama-3.1-SuperNova-Lite/results_2024-09-18T15-23-41.201451.json,11.673697916666663,chat_finetuned,30.193463980461605,2024-09-17,0.0
asharsha30/LLAMA_Harsha_8_B_ORDP_10k,7.07369791666667,True,real_attachments/C_efficiency_evolution/detailed_results/asharsha30_LLAMA_Harsha_8_B_ORDP_10k/results_2024-12-02T04-58-31.780769.json,7.07369791666667,chat_finetuned,16.221361486666726,2024-12-01,0.0
awnr/Mistral-7B-v0.1-signtensors-1-over-4,4.524739583333332,True,real_attachments/C_efficiency_evolution/detailed_results/awnr_Mistral-7B-v0.1-signtensors-1-over-4/results_2024-07-22T12-11-38.418833.json,2.187239583333333,pretrained,8.747197547964134,2024-07-29,2.337499999999999
axolotl-ai-co/romulus-mistral-nemo-12b-simpo,12.979427083333333,True,real_attachments/C_efficiency_evolution/detailed_results/axolotl-ai-co_romulus-mistral-nemo-12b-simpo/results_2024-07-26T17-54-00.090079.json,12.979427083333333,chat_finetuned,25.176086393973254,2024-09-21,0.0
bedio/DistMerge_Llama-3.1-8B-Instruct,14.882031249999995,True,real_attachments/C_efficiency_evolution/detailed_results/bedio_DistMerge_Llama-3.1-8B-Instruct/results_2024-09-12T00-20-16.819235.json,,,,,
bigscience/bloom-1b1,3.416666666666666,True,real_attachments/C_efficiency_evolution/detailed_results/bigscience_bloom-1b1/results_2024-06-16T21-45-03.222205.json,3.416666666666666,pretrained,4.025155876068456,2024-06-13,0.0
bosonai/Higgs-Llama-3-70B,15.518750000000002,True,real_attachments/C_efficiency_evolution/detailed_results/bosonai_Higgs-Llama-3-70B/results_2024-10-06T02-29-41.562725.json,,,,,
braindao/DeepSeek-R1-Distill-Qwen-1.5B-Blunt,2.240104166666669,True,real_attachments/C_efficiency_evolution/detailed_results/braindao_DeepSeek-R1-Distill-Qwen-1.5B-Blunt/results_2025-02-23T21-30-24.799148.json,,,,,
braindao/DeepSeek-R1-Distill-Qwen-14B-Blunt,16.86171875,True,real_attachments/C_efficiency_evolution/detailed_results/braindao_DeepSeek-R1-Distill-Qwen-14B-Blunt/results_2025-03-03T22-24-01.916394.json,,,,,
braindao/DeepSeek-R1-Distill-Qwen-14B-Blunt-Uncensored,15.453906249999998,True,real_attachments/C_efficiency_evolution/detailed_results/braindao_DeepSeek-R1-Distill-Qwen-14B-Blunt-Uncensored/results_2025-03-06T14-15-38.238783.json,,,,,
braindao/DeepSeek-R1-Distill-Qwen-14B-Blunt-Uncensored-Blunt,16.120572916666667,True,real_attachments/C_efficiency_evolution/detailed_results/braindao_DeepSeek-R1-Distill-Qwen-14B-Blunt-Uncensored-Blunt/results_2025-03-03T22-23-13.808613.json,,,,,
braindao/DeepSeek-R1-Distill-Qwen-7B-Reflective,6.483333333333332,True,real_attachments/C_efficiency_evolution/detailed_results/braindao_DeepSeek-R1-Distill-Qwen-7B-Reflective/results_2025-03-03T20-24-38.352295.json,,,,,
braindao/Qwen2.5-14B,10.444270833333336,True,real_attachments/C_efficiency_evolution/detailed_results/braindao_Qwen2.5-14B/results_2025-03-06T09-37-30.014109.json,10.444270833333336,pretrained,32.436238941896505,2025-03-06,0.0
bunnycore/FuseCyberMix-Qwen-2.5-7B-Instruct,8.720572916666667,True,real_attachments/C_efficiency_evolution/detailed_results/bunnycore_FuseCyberMix-Qwen-2.5-7B-Instruct/results_2024-12-20T09-17-49.550984.json,,,,,
bunnycore/Gemma2-9B-TitanFusion,10.036458333333334,True,real_attachments/C_efficiency_evolution/detailed_results/bunnycore_Gemma2-9B-TitanFusion/results_2025-02-19T15-04-16.854720.json,,,,,
bunnycore/HyperLlama-3.1-8B,7.932552083333335,True,real_attachments/C_efficiency_evolution/detailed_results/bunnycore_HyperLlama-3.1-8B/results_2024-09-07T00-47-53.210821.json,7.932552083333335,merge,28.44897570570595,2024-09-05,0.0
bunnycore/Llama-3.1-8B-TitanFusion-v3,11.942708333333334,True,real_attachments/C_efficiency_evolution/detailed_results/bunnycore_Llama-3.1-8B-TitanFusion-v3/results_2024-09-27T16-43-14.678628.json,,,,,
bunnycore/Llama-3.2-3B-Deep-Test,2.7500000000000018,True,real_attachments/C_efficiency_evolution/detailed_results/bunnycore_Llama-3.2-3B-Deep-Test/results_2025-01-01T18-12-28.548987.json,,,,,
bunnycore/Llama-3.2-3B-Della,7.202864583333337,True,real_attachments/C_efficiency_evolution/detailed_results/bunnycore_Llama-3.2-3B-Della/results_2025-01-20T06-12-21.388884.json,,,,,
bunnycore/Llama-3.2-3B-Long-Think,1.2106770833333331,True,real_attachments/C_efficiency_evolution/detailed_results/bunnycore_Llama-3.2-3B-Long-Think/results_2024-10-24T00-00-00.000000.json,,,,,
bunnycore/Llama-3.2-3B-Mix-Skill,2.751822916666668,True,real_attachments/C_efficiency_evolution/detailed_results/bunnycore_Llama-3.2-3B-Mix-Skill/results_2024-10-28T14-55-48.361579.json,,,,,
bunnycore/Llama-3.2-3B-ProdigyPlus,3.1500000000000004,True,real_attachments/C_efficiency_evolution/detailed_results/bunnycore_Llama-3.2-3B-ProdigyPlus/results_2024-10-25T19-54-51.799388.json,,,,,
bunnycore/Llama-3.2-3B-ToxicKod,1.432291666666666,True,real_attachments/C_efficiency_evolution/detailed_results/bunnycore_Llama-3.2-3B-ToxicKod/results_2025-03-10T22-39-13.540337.json,,,,,
bunnycore/Phi-3.5-mini-TitanFusion-0.1,15.797395833333333,True,real_attachments/C_efficiency_evolution/detailed_results/bunnycore_Phi-3.5-mini-TitanFusion-0.1/results_2024-10-15T16-43-12.313024.json,,,,,
bunnycore/Phi-4-Model-Stock-v4,17.299479166666664,True,real_attachments/C_efficiency_evolution/detailed_results/bunnycore_Phi-4-Model-Stock-v4/results_2025-01-25T10-05-56.730634.json,,,,,
bunnycore/Phi-4-RP-v0,10.861718750000003,True,real_attachments/C_efficiency_evolution/detailed_results/bunnycore_Phi-4-RP-v0/results_2025-01-14T02-53-40.099872.json,10.861718750000003,merge,38.21180801915013,2025-01-10,0.0
bunnycore/Phi-4-RR-Shoup,14.93854166666666,True,real_attachments/C_efficiency_evolution/detailed_results/bunnycore_Phi-4-RR-Shoup/results_2025-02-02T12-54-45.987972.json,,,,,
bunnycore/Phi-4-ReasoningRP,15.136718750000002,True,real_attachments/C_efficiency_evolution/detailed_results/bunnycore_Phi-4-ReasoningRP/results_2025-01-28T13-39-38.811621.json,15.136718750000002,chat_finetuned,40.953870582332804,2025-01-28,0.0
bunnycore/Phi-4-Sce-exp-v0.1,15.10911458333333,True,real_attachments/C_efficiency_evolution/detailed_results/bunnycore_Phi-4-Sce-exp-v0.1/results_2025-02-07T16-42-39.879750.json,,,,,
bunnycore/Phi-4-Stock-Ex,17.462239583333332,True,real_attachments/C_efficiency_evolution/detailed_results/bunnycore_Phi-4-Stock-Ex/results_2025-01-16T19-58-42.857768.json,,,,,
bunnycore/Phi-4-Stock-RP,18.53489583333333,True,real_attachments/C_efficiency_evolution/detailed_results/bunnycore_Phi-4-Stock-RP/results_2025-01-13T18-58-31.199413.json,18.53489583333333,chat_finetuned,39.044084455528825,2025-01-12,0.0
bunnycore/Phi-4-Trim-Exp1,10.577604166666667,True,real_attachments/C_efficiency_evolution/detailed_results/bunnycore_Phi-4-Trim-Exp1/results_2025-02-18T15-28-01.718723.json,,,,,
bunnycore/Qwen-2.5-7B-Deep-Stock-v1,9.96197916666667,True,real_attachments/C_efficiency_evolution/detailed_results/bunnycore_Qwen-2.5-7B-Deep-Stock-v1/results_2025-01-25T12-15-50.445689.json,,,,,
bunnycore/Qwen-2.5-7B-Deep-Stock-v5,3.202864583333336,True,real_attachments/C_efficiency_evolution/detailed_results/bunnycore_Qwen-2.5-7B-Deep-Stock-v5/results_2025-02-18T17-48-11.735090.json,,,,,
bunnycore/Qwen-2.5-7B-Exp-Sce,15.177604166666661,True,real_attachments/C_efficiency_evolution/detailed_results/bunnycore_Qwen-2.5-7B-Exp-Sce/results_2025-02-18T20-49-55.995211.json,,,,,
bunnycore/Qwen-2.5-7b-S1k,9.259895833333333,True,real_attachments/C_efficiency_evolution/detailed_results/bunnycore_Qwen-2.5-7b-S1k/results_2025-02-24T22-40-58.147391.json,,,,,
bunnycore/Qwen2.5-1.5B-Model-Stock,3.128385416666666,True,real_attachments/C_efficiency_evolution/detailed_results/bunnycore_Qwen2.5-1.5B-Model-Stock/results_2025-02-28T19-58-44.405602.json,,,,,
bunnycore/Qwen2.5-3B-Model-Stock-v2,6.765625,True,real_attachments/C_efficiency_evolution/detailed_results/bunnycore_Qwen2.5-3B-Model-Stock-v2/results_2025-01-15T21-40-54.951808.json,,,,,
bunnycore/Qwen2.5-3B-Model-Stock-v3.2,6.965625,True,real_attachments/C_efficiency_evolution/detailed_results/bunnycore_Qwen2.5-3B-Model-Stock-v3.2/results_2025-02-26T09-09-35.582526.json,,,,,
bunnycore/Qwen2.5-3B-Model-Stock-v4.1,7.128385416666667,True,real_attachments/C_efficiency_evolution/detailed_results/bunnycore_Qwen2.5-3B-Model-Stock-v4.1/results_2025-02-28T20-09-24.661001.json,,,,,
bunnycore/Qwen2.5-3B-RP-Mix,12.555989583333334,True,real_attachments/C_efficiency_evolution/detailed_results/bunnycore_Qwen2.5-3B-RP-Mix/results_2024-10-23T17-42-13.231593.json,,,,,
bunnycore/Qwen2.5-7B-Instruct-Fusion,12.948177083333334,True,real_attachments/C_efficiency_evolution/detailed_results/bunnycore_Qwen2.5-7B-Instruct-Fusion/results_2024-11-06T17-58-12.254186.json,,,,,
bunnycore/Qwen2.5-7B-MixStock-Sce-V0.3,3.6911458333333336,True,real_attachments/C_efficiency_evolution/detailed_results/bunnycore_Qwen2.5-7B-MixStock-Sce-V0.3/results_2025-02-19T14-26-51.712601.json,,,,,
bunnycore/Qwen2.5-7B-MixStock-V0.1,14.903124999999998,True,real_attachments/C_efficiency_evolution/detailed_results/bunnycore_Qwen2.5-7B-MixStock-V0.1/results_2025-02-05T19-27-09.819898.json,,,,,
bunnycore/Qwen2.5-7B-R1-Bespoke-Stock,6.979427083333332,True,real_attachments/C_efficiency_evolution/detailed_results/bunnycore_Qwen2.5-7B-R1-Bespoke-Stock/results_2025-01-25T06-59-40.273507.json,,,,,
bunnycore/Qwen2.5-7B-R1-Bespoke-Task,1.6773437499999992,True,real_attachments/C_efficiency_evolution/detailed_results/bunnycore_Qwen2.5-7B-R1-Bespoke-Task/results_2025-01-25T06-55-46.740522.json,,,,,
bunnycore/Qwen2.5-7B-Sky-R1-Mini,1.2695312499999996,True,real_attachments/C_efficiency_evolution/detailed_results/bunnycore_Qwen2.5-7B-Sky-R1-Mini/results_2025-02-19T15-06-20.141651.json,,,,,
bunnycore/Smol-Llama-3.2-3B,3.1500000000000004,True,real_attachments/C_efficiency_evolution/detailed_results/bunnycore_Smol-Llama-3.2-3B/results_2024-12-29T21-03-54.900088.json,,,,,
byroneverson/Mistral-Small-Instruct-2409-abliterated,3.5481770833333326,True,real_attachments/C_efficiency_evolution/detailed_results/byroneverson_Mistral-Small-Instruct-2409-abliterated/results_2024-10-15T19-32-32.570391.json,,,,,
byroneverson/Yi-1.5-9B-Chat-abliterated,13.658072916666667,True,real_attachments/C_efficiency_evolution/detailed_results/byroneverson_Yi-1.5-9B-Chat-abliterated/results_2024-09-18T14-49-52.560572.json,13.658072916666669,chat_finetuned,26.270006043497983,2024-09-17,-1.7763568394002505e-15
carsenk/phi3.5_mini_exp_825_uncensored,3.385416666666666,True,real_attachments/C_efficiency_evolution/detailed_results/carsenk_phi3.5_mini_exp_825_uncensored/results_2024-09-02T23-26-41.313457.json,3.385416666666666,chat_finetuned,3.6431087408611895,2024-08-29,0.0
cat-searcher/gemma-2-9b-it-sppo-iter-1,7.1499999999999995,True,real_attachments/C_efficiency_evolution/detailed_results/cat-searcher_gemma-2-9b-it-sppo-iter-1/results_2024-08-13T03-41-28.069452.json,,,,,
cckm/tinymistral_950m,2.053906250000001,True,real_attachments/C_efficiency_evolution/detailed_results/cckm_tinymistral_950m/results_2025-01-13T21-36-28.245477.json,2.053906250000001,pretrained,5.219822920055283,2025-01-13,0.0
chujiezheng/Mistral7B-PairRM-SPPO-ExPO,8.658072916666667,True,real_attachments/C_efficiency_evolution/detailed_results/chujiezheng_Mistral7B-PairRM-SPPO-ExPO/results_2024-09-22T08-23-37.171869.json,8.658072916666667,chat_finetuned,13.617148888995521,2024-09-21,0.0
cloudyu/Llama-3-70Bx2-MOE,20.848437499999996,True,real_attachments/C_efficiency_evolution/detailed_results/cloudyu_Llama-3-70Bx2-MOE/results_2024-07-27T07-27-59.261852.json,20.848437499999996,chat_finetuned,35.66646489034437,2024-06-27,0.0
cognitivecomputations/Dolphin3.0-Qwen2.5-0.5B,1.9656249999999986,True,real_attachments/C_efficiency_evolution/detailed_results/cognitivecomputations_Dolphin3.0-Qwen2.5-0.5B/results_2025-03-03T13-08-49.788475.json,1.9656249999999984,chat_finetuned,10.626273337296174,2025-03-02,2.220446049250313e-16
cognitivecomputations/Dolphin3.0-R1-Mistral-24B,7.230468750000003,True,real_attachments/C_efficiency_evolution/detailed_results/cognitivecomputations_Dolphin3.0-R1-Mistral-24B/results_2025-02-07T18-14-36.451324.json,,,,,
cognitivecomputations/dolphin-2.9-llama3-8b,13.791406250000003,True,real_attachments/C_efficiency_evolution/detailed_results/cognitivecomputations_dolphin-2.9-llama3-8b/results_2024-06-16T19-05-03.780835.json,,,,,
cognitivecomputations/dolphin-2.9.1-llama-3-70b,23.695312499999996,True,real_attachments/C_efficiency_evolution/detailed_results/cognitivecomputations_dolphin-2.9.1-llama-3-70b/results_2024-10-05T20-41-16.262145.json,23.695312499999996,chat_finetuned,25.53438611403665,2024-06-27,0.0
cognitivecomputations/dolphin-2.9.1-yi-1.5-9b,13.516927083333336,True,real_attachments/C_efficiency_evolution/detailed_results/cognitivecomputations_dolphin-2.9.1-yi-1.5-9b/results_2024-08-12T11-27-37.056736.json,13.516927083333336,chat_finetuned,25.639724124308234,2024-08-02,0.0
cognitivecomputations/dolphin-2.9.3-mistral-7B-32k,17.932552083333338,True,real_attachments/C_efficiency_evolution/detailed_results/cognitivecomputations_dolphin-2.9.3-mistral-7B-32k/results_2024-07-22T09-19-12.455984.json,17.932552083333338,chat_finetuned,19.348695949526363,2024-07-04,0.0
cognitivecomputations/dolphin-2.9.4-gemma2-2b,10.912760416666666,True,real_attachments/C_efficiency_evolution/detailed_results/cognitivecomputations_dolphin-2.9.4-gemma2-2b/results_2024-09-01T05-44-15.827438.json,10.912760416666666,chat_finetuned,9.835205324051353,2024-08-25,0.0
cognitivecomputations/dolphin-2.9.4-llama3.1-8b,0.6184895833333329,True,real_attachments/C_efficiency_evolution/detailed_results/cognitivecomputations_dolphin-2.9.4-llama3.1-8b/results_2024-08-31T20-29-37.223117.json,0.6184895833333329,chat_finetuned,7.1318611826224165,2024-09-17,0.0
cstr/llama3.1-8b-spaetzle-v90,11.146354166666663,True,real_attachments/C_efficiency_evolution/detailed_results/cstr_llama3.1-8b-spaetzle-v90/results_2024-09-16T04-03-46.320177.json,11.146354166666663,merge,27.855367438578327,2024-09-15,0.0
deepseek-ai/DeepSeek-R1-Distill-Llama-8B,0.45572916666666624,True,real_attachments/C_efficiency_evolution/detailed_results/deepseek-ai_DeepSeek-R1-Distill-Llama-8B/results_2025-01-20T21-34-30.383569.json,0.4557291666666662,chat_finetuned,13.059950104920146,2025-01-20,5.551115123125783e-17
deepseek-ai/DeepSeek-R1-Distill-Qwen-1.5B,2.9656249999999993,True,real_attachments/C_efficiency_evolution/detailed_results/deepseek-ai_DeepSeek-R1-Distill-Qwen-1.5B/results_2025-01-20T22-52-38.383912.json,2.9656249999999993,chat_finetuned,10.351036796154286,2025-01-20,0.0
deepseek-ai/DeepSeek-R1-Distill-Qwen-7B,3.5518229166666675,True,real_attachments/C_efficiency_evolution/detailed_results/deepseek-ai_DeepSeek-R1-Distill-Qwen-7B/results_2025-01-20T22-51-25.465135.json,3.5518229166666675,chat_finetuned,14.99492256865316,2025-01-20,0.0
deepseek-ai/deepseek-llm-7b-base,3.755989583333332,True,real_attachments/C_efficiency_evolution/detailed_results/deepseek-ai_deepseek-llm-7b-base/results_2024-06-17T16-08-00.757449.json,,,,,
deepseek-ai/deepseek-moe-16b-base,3.3559895833333346,True,real_attachments/C_efficiency_evolution/detailed_results/deepseek-ai_deepseek-moe-16b-base/results_2024-06-17T15-10-41.581210.json,,,,,
dnhkng/RYS-Llama-3-8B-Instruct,0.29296874999999956,True,real_attachments/C_efficiency_evolution/detailed_results/dnhkng_RYS-Llama-3-8B-Instruct/results_2024-08-12T19-09-35.366165.json,0.2929687499999995,chat_finetuned,21.922774736650833,2024-08-07,5.551115123125783e-17
dnhkng/RYS-Llama-3-Large-Instruct,11.453906250000003,True,real_attachments/C_efficiency_evolution/detailed_results/dnhkng_RYS-Llama-3-Large-Instruct/results_2024-08-13T00-58-36.953051.json,11.453906250000005,chat_finetuned,35.981216135127745,2024-08-07,-1.7763568394002505e-15
dnhkng/RYS-Llama-3.1-8B-Instruct,7.679687500000001,True,real_attachments/C_efficiency_evolution/detailed_results/dnhkng_RYS-Llama-3.1-8B-Instruct/results_2024-09-02T22-11-07.496089.json,7.679687500000001,chat_finetuned,26.763955214988574,2024-08-30,0.0
duyhv1411/Llama-3.2-3B-en-vi,1.0929687500000003,True,real_attachments/C_efficiency_evolution/detailed_results/duyhv1411_Llama-3.2-3B-en-vi/results_2025-03-06T15-14-49.975526.json,,,,,
dwikitheduck/gemma-2-2b-id-inst,10.728385416666667,True,real_attachments/C_efficiency_evolution/detailed_results/dwikitheduck_gemma-2-2b-id-inst/results_2024-11-25T00-09-52.794752.json,10.728385416666669,chat_finetuned,14.849648233221265,2024-11-24,-1.7763568394002505e-15
ehristoforu/Gemma2-9B-it-psy10k-mental_health,9.3421875,True,real_attachments/C_efficiency_evolution/detailed_results/ehristoforu_Gemma2-9B-it-psy10k-mental_health/results_2024-08-13T06-16-47.307542.json,9.3421875,chat_finetuned,27.19248947734485,2024-07-31,0.0
ehristoforu/Gemma2-9b-it-train6,9.652083333333337,True,real_attachments/C_efficiency_evolution/detailed_results/ehristoforu_Gemma2-9b-it-train6/results_2024-08-13T06-07-44.550913.json,9.652083333333335,chat_finetuned,30.5339867395368,2024-07-31,1.7763568394002505e-15
ehristoforu/QwenQwen2.5-7B-IT,8.720572916666669,True,real_attachments/C_efficiency_evolution/detailed_results/ehristoforu_QwenQwen2.5-7B-IT/results_2025-02-01T10-51-49.455261.json,,,,,
ehristoforu/coolqwen-3b-it,9.763802083333333,True,real_attachments/C_efficiency_evolution/detailed_results/ehristoforu_coolqwen-3b-it/results_2025-01-06T11-19-50.562735.json,,,,,
ehristoforu/qwen2.5-test-32b-it,19.126562500000002,True,real_attachments/C_efficiency_evolution/detailed_results/ehristoforu_qwen2.5-test-32b-it/results_2025-02-03T22-53-55.289898.json,,,,,
ehristoforu/rufalcon3-3b-it,10.391406249999998,True,real_attachments/C_efficiency_evolution/detailed_results/ehristoforu_rufalcon3-3b-it/results_2025-01-06T10-46-25.510674.json,10.391406249999998,chat_finetuned,20.64141899254107,2025-01-02,0.0
ehristoforu/ruphi-4b,3.163802083333333,True,real_attachments/C_efficiency_evolution/detailed_results/ehristoforu_ruphi-4b/results_2025-01-06T10-48-51.382397.json,3.163802083333333,chat_finetuned,4.080739303536478,2025-01-02,0.0
ell44ot/gemma-2b-def,5.3109375000000005,True,real_attachments/C_efficiency_evolution/detailed_results/ell44ot_gemma-2b-def/results_2024-11-28T07-07-27.154882.json,5.3109375000000005,pretrained,8.12291928068411,2024-11-28,0.0
ewre324/Thinker-Qwen2.5-0.5B-Instruct-Reasoning,1.47734375,True,real_attachments/C_efficiency_evolution/detailed_results/ewre324_Thinker-Qwen2.5-0.5B-Instruct-Reasoning/results_2025-01-08T03-30-46.210771.json,1.47734375,chat_finetuned,8.066116427700267,2025-01-07,0.0
facebook/opt-1.3b,2.0833333333333326,True,real_attachments/C_efficiency_evolution/detailed_results/facebook_opt-1.3b/results_2024-06-17T13-53-58.344286.json,,,,,
facebook/opt-30b,4.185416666666667,True,real_attachments/C_efficiency_evolution/detailed_results/facebook_opt-30b/results_2024-06-17T17-08-46.250569.json,,,,,
failspy/Meta-Llama-3-70B-Instruct-abliterated-v3.5,7.9734375,True,real_attachments/C_efficiency_evolution/detailed_results/failspy_Meta-Llama-3-70B-Instruct-abliterated-v3.5/results_2024-09-02T23-54-59.562583.json,7.9734375,chat_finetuned,30.12935413704135,2024-08-30,0.0
failspy/Phi-3-medium-4k-instruct-abliterated-v3,18.518749999999997,True,real_attachments/C_efficiency_evolution/detailed_results/failspy_Phi-3-medium-4k-instruct-abliterated-v3/results_2024-07-30T04-20-55.435914.json,18.518749999999997,chat_finetuned,31.85112078051007,2024-07-29,0.0
fhai50032/Unaligned-Thinker-PHI-4,18.78177083333333,True,real_attachments/C_efficiency_evolution/detailed_results/fhai50032_Unaligned-Thinker-PHI-4/results_2025-01-17T21-33-15.880671.json,18.78177083333333,chat_finetuned,28.899268178294438,2025-01-17,0.0
flammenai/Mahou-1.2a-mistral-7B,6.969791666666668,True,real_attachments/C_efficiency_evolution/detailed_results/flammenai_Mahou-1.2a-mistral-7B/results_2024-08-13T08-47-02.760508.json,6.969791666666668,chat_finetuned,19.578990668864712,2024-09-03,0.0
flammenai/Mahou-1.5-mistral-nemo-12B,16.471874999999997,True,real_attachments/C_efficiency_evolution/detailed_results/flammenai_Mahou-1.5-mistral-nemo-12B/results_2024-10-07T04-22-59.176979.json,16.471874999999997,chat_finetuned,26.88532589921436,2024-10-07,0.0
fluently-lm/Llama-TI-8B,12.683854166666663,True,real_attachments/C_efficiency_evolution/detailed_results/fluently-lm_Llama-TI-8B/results_2024-12-07T20-23-25.091439.json,12.683854166666665,chat_finetuned,21.062119760175154,2024-12-07,-1.7763568394002505e-15
fluently-lm/Llama-TI-8B-Instruct,9.234635416666668,True,real_attachments/C_efficiency_evolution/detailed_results/fluently-lm_Llama-TI-8B-Instruct/results_2025-01-16T20-38-11.058635.json,9.234635416666668,chat_finetuned,29.67161684095501,2025-01-16,0.0
fluently-sets/FalconThink3-10B-IT,15.552343749999997,True,real_attachments/C_efficiency_evolution/detailed_results/fluently-sets_FalconThink3-10B-IT/results_2024-12-29T19-40-47.934216.json,15.552343749999997,chat_finetuned,34.620674425220905,2024-12-29,0.0
freewheelin/free-evo-qwen72b-v0.8-re,20.962499999999995,True,real_attachments/C_efficiency_evolution/detailed_results/freewheelin_free-evo-qwen72b-v0.8-re/results_2024-10-05T14-32-52.988483.json,20.962499999999995,chat_finetuned,32.4749309635116,2024-09-15,0.0
fulim/FineLlama-3.1-8B,8.109114583333335,True,real_attachments/C_efficiency_evolution/detailed_results/fulim_FineLlama-3.1-8B/results_2024-12-18T04-47-10.406336.json,8.109114583333335,chat_finetuned,13.250843761720356,2024-12-15,0.0
gaverfraxz/Meta-Llama-3.1-8B-Instruct-HalfAbliterated-DELLA,3.463541666666668,True,real_attachments/C_efficiency_evolution/detailed_results/gaverfraxz_Meta-Llama-3.1-8B-Instruct-HalfAbliterated-DELLA/results_2024-09-28T01-30-12.053735.json,3.463541666666668,merge,12.108403733798744,2024-09-23,0.0
gaverfraxz/Meta-Llama-3.1-8B-Instruct-HalfAbliterated-TIES,6.58541666666667,True,real_attachments/C_efficiency_evolution/detailed_results/gaverfraxz_Meta-Llama-3.1-8B-Instruct-HalfAbliterated-TIES/results_2024-09-19T08-18-53.778310.json,6.58541666666667,merge,20.99904174519205,2024-09-19,0.0
gbueno86/Brinebreath-Llama-3.1-70B,17.49114583333333,True,real_attachments/C_efficiency_evolution/detailed_results/gbueno86_Brinebreath-Llama-3.1-70B/results_2024-09-03T03-48-42.670969.json,17.49114583333333,merge,36.25499179659365,2024-08-29,0.0
gmonsoon/gemma2-9b-sahabatai-v1-instruct-BaseTIES,19.12526041666666,True,real_attachments/C_efficiency_evolution/detailed_results/gmonsoon_gemma2-9b-sahabatai-v1-instruct-BaseTIES/results_2024-11-20T02-23-13.828344.json,19.12526041666666,merge,33.8045690236527,2024-11-17,0.0
godlikehhd/ifd_new_correct_all_sample_2500_qwen,6.554166666666667,True,real_attachments/C_efficiency_evolution/detailed_results/godlikehhd_ifd_new_correct_all_sample_2500_qwen/results_2024-12-31T09-00-40.891610.json,,,,,
godlikehhd/ifd_new_qwen_2500,6.169791666666669,True,real_attachments/C_efficiency_evolution/detailed_results/godlikehhd_ifd_new_qwen_2500/results_2024-12-31T04-09-10.782723.json,,,,,
godlikehhd/qwen-2.5-1.5b-cherry,4.569791666666666,True,real_attachments/C_efficiency_evolution/detailed_results/godlikehhd_qwen-2.5-1.5b-cherry/results_2024-12-29T15-12-23.640073.json,,,,,
google/codegemma-1.1-2b,5.9265625,True,real_attachments/C_efficiency_evolution/detailed_results/google_codegemma-1.1-2b/results_2024-08-13T09-01-51.651456.json,5.9265625,pretrained,7.133867903047553,2024-08-12,0.0
google/gemma-1.1-2b-it,2.024479166666666,True,real_attachments/C_efficiency_evolution/detailed_results/google_gemma-1.1-2b-it/results_2024-06-17T09-00-56.334963.json,2.024479166666666,chat_finetuned,8.053373854341979,2024-06-12,0.0
google/gemma-2-27b-it,9.112760416666667,True,real_attachments/C_efficiency_evolution/detailed_results/google_gemma-2-27b-it/results_2024-08-26T14-00-19.311199.json,9.112760416666667,chat_finetuned,36.17428251510342,2024-08-07,0.0
google/gemma-2-2b,11.430468750000001,True,real_attachments/C_efficiency_evolution/detailed_results/google_gemma-2-2b/results_2024-07-29T16-38-17.664954.json,11.43046875,pretrained,10.129463155055184,2024-07-31,1.7763568394002505e-15
google/gemma-2-2b-it,7.077343750000001,True,real_attachments/C_efficiency_evolution/detailed_results/google_gemma-2-2b-it/results_2024-07-29T16-25-50.870458.json,7.077343750000001,chat_finetuned,17.046939294966545,2024-07-31,0.0
google/gemma-2-2b-jpn-it,7.681510416666669,True,real_attachments/C_efficiency_evolution/detailed_results/google_gemma-2-2b-jpn-it/results_2024-10-11T13-51-38.420715.json,7.681510416666669,pretrained,17.11540570593849,2024-10-11,0.0
google/gemma-7b-it,,False,real_attachments/C_efficiency_evolution/detailed_results/google_gemma-7b-it/results_2024-06-16T15-52-57.979737.json,12.528385416666667,chat_finetuned,13.067087110466217,2024-06-12,
google/recurrentgemma-9b,6.599218750000001,True,real_attachments/C_efficiency_evolution/detailed_results/google_recurrentgemma-9b/results_2024-07-04T22-34-03.508539.json,6.599218750000001,pretrained,13.709460856107865,2024-07-04,0.0
google/recurrentgemma-9b-it,13.971614583333336,True,real_attachments/C_efficiency_evolution/detailed_results/google_recurrentgemma-9b-it/results_2024-07-05T20-12-40.169257.json,13.771614583333337,chat_finetuned,19.218115006306835,2024-07-05,0.1999999999999993
grimjim/DeepSauerHuatuoSkywork-R1-o1-Llama-3.1-8B,14.097656249999998,True,real_attachments/C_efficiency_evolution/detailed_results/grimjim_DeepSauerHuatuoSkywork-R1-o1-Llama-3.1-8B/results_2025-02-01T09-55-26.563110.json,14.097656249999998,merge,26.940480296007976,2025-01-30,0.0
grimjim/Gigantes-v2-gemma2-9b-it,17.13489583333333,True,real_attachments/C_efficiency_evolution/detailed_results/grimjim_Gigantes-v2-gemma2-9b-it/results_2024-12-29T16-40-54.211241.json,17.13489583333333,merge,33.876785775265446,2024-12-29,0.0
grimjim/Gigantes-v3-gemma2-9b-it,17.33489583333333,True,real_attachments/C_efficiency_evolution/detailed_results/grimjim_Gigantes-v3-gemma2-9b-it/results_2024-12-29T22-04-51.345542.json,17.33489583333333,merge,33.49043715511172,2024-12-29,0.0
grimjim/HuatuoSkywork-o1-Llama-3.1-8B,11.115104166666663,True,real_attachments/C_efficiency_evolution/detailed_results/grimjim_HuatuoSkywork-o1-Llama-3.1-8B/results_2025-01-06T12-09-54.318043.json,11.115104166666663,merge,24.47799926837126,2025-01-03,0.0
grimjim/Llama-3-Instruct-8B-SPPO-Iter3-SimPO-merge,9.540364583333334,True,real_attachments/C_efficiency_evolution/detailed_results/grimjim_Llama-3-Instruct-8B-SPPO-Iter3-SimPO-merge/results_2024-08-12T16-20-28.765484.json,9.540364583333334,merge,20.83668391168813,2024-06-29,0.0
grimjim/Llama-3.1-Bonsaikraft-8B-Instruct,11.038802083333335,True,real_attachments/C_efficiency_evolution/detailed_results/grimjim_Llama-3.1-Bonsaikraft-8B-Instruct/results_2025-01-25T04-57-46.509667.json,11.038802083333335,merge,22.856640245514402,2025-01-25,0.0
grimjim/Llama-Nephilim-Metamorphosis-v2-8B,9.470052083333334,True,real_attachments/C_efficiency_evolution/detailed_results/grimjim_Llama-Nephilim-Metamorphosis-v2-8B/results_2025-01-02T22-56-26.602076.json,9.470052083333334,merge,23.00221313012307,2025-01-02,0.0
grimjim/Magot-v2-Gemma2-8k-9B,13.099479166666669,True,real_attachments/C_efficiency_evolution/detailed_results/grimjim_Magot-v2-Gemma2-8k-9B/results_2024-12-30T14-09-02.992490.json,13.099479166666669,merge,32.97995555494225,2024-12-30,0.0
grimjim/llama-3-Nephilim-v2-8B,7.887500000000002,True,real_attachments/C_efficiency_evolution/detailed_results/grimjim_llama-3-Nephilim-v2-8B/results_2024-09-18T15-30-41.248227.json,7.887500000000002,merge,20.600249913059073,2024-09-18,0.0
grimjim/llama-3-Nephilim-v2.1-8B,7.887500000000002,True,real_attachments/C_efficiency_evolution/detailed_results/grimjim_llama-3-Nephilim-v2.1-8B/results_2024-09-18T15-31-10.573478.json,7.887500000000002,merge,20.434967127814037,2024-09-18,0.0
grimjim/llama-3-Nephilim-v3-8B,8.332552083333338,True,real_attachments/C_efficiency_evolution/detailed_results/grimjim_llama-3-Nephilim-v3-8B/results_2024-09-02T21-29-15.009684.json,8.332552083333338,merge,20.600988872221105,2024-08-26,0.0
gz987/qwen2.5-7b-cabs-v0.4,15.169791666666663,True,real_attachments/C_efficiency_evolution/detailed_results/gz987_qwen2.5-7b-cabs-v0.4/results_2025-02-18T15-56-13.630751.json,15.169791666666663,merge,36.88194596713293,2025-02-18,0.0
hotmailuser/FalconSlerp2-7B,15.285677083333335,True,real_attachments/C_efficiency_evolution/detailed_results/hotmailuser_FalconSlerp2-7B/results_2024-12-23T14-32-27.002312.json,,,,,
hotmailuser/FalconSlerp3-7B,15.901302083333329,True,real_attachments/C_efficiency_evolution/detailed_results/hotmailuser_FalconSlerp3-7B/results_2024-12-23T14-31-56.117330.json,,,,,
hotmailuser/Gemma2Crono-27B,16.05260416666667,True,real_attachments/C_efficiency_evolution/detailed_results/hotmailuser_Gemma2Crono-27B/results_2024-12-04T04-36-27.482016.json,16.05260416666667,merge,36.28874920037128,2024-12-02,0.0
hotmailuser/Gemma2atlas-27B,14.799739583333329,True,real_attachments/C_efficiency_evolution/detailed_results/hotmailuser_Gemma2atlas-27B/results_2024-12-02T06-39-45.019030.json,14.799739583333327,merge,35.809591577124344,2024-12-01,1.7763568394002505e-15
hotmailuser/Llama-Hermes-slerp-8B,10.640625000000002,True,real_attachments/C_efficiency_evolution/detailed_results/hotmailuser_Llama-Hermes-slerp-8B/results_2024-12-23T15-03-34.457004.json,10.640625000000002,merge,19.59642323585999,2024-12-23,0.0
hotmailuser/LlamaStock-8B,12.417187499999997,True,real_attachments/C_efficiency_evolution/detailed_results/hotmailuser_LlamaStock-8B/results_2025-01-08T14-58-46.780812.json,12.417187499999995,merge,24.411960823539548,2025-01-08,1.7763568394002505e-15
hotmailuser/Qwen2.5-HomerSlerp-7B,13.225000000000003,True,real_attachments/C_efficiency_evolution/detailed_results/hotmailuser_Qwen2.5-HomerSlerp-7B/results_2024-12-07T17-49-11.339082.json,13.225000000000003,merge,29.43258692955959,2024-12-07,0.0
hotmailuser/QwenSlerp-14B,16.830989583333334,True,real_attachments/C_efficiency_evolution/detailed_results/hotmailuser_QwenSlerp-14B/results_2025-01-08T15-42-43.646675.json,16.830989583333334,merge,40.34991665759889,2025-01-08,0.0
hotmailuser/QwenSlerp-7B,13.68385416666667,True,real_attachments/C_efficiency_evolution/detailed_results/hotmailuser_QwenSlerp-7B/results_2024-12-23T12-45-04.291866.json,13.68385416666667,merge,30.086749997612042,2024-12-23,0.0
hotmailuser/QwenSlerp2-14B,19.348697916666666,True,real_attachments/C_efficiency_evolution/detailed_results/hotmailuser_QwenSlerp2-14B/results_2025-01-08T15-19-32.893685.json,19.348697916666666,merge,40.85962754388034,2025-01-08,0.0
hotmailuser/QwenSparse-7B,4.361979166666665,True,real_attachments/C_efficiency_evolution/detailed_results/hotmailuser_QwenSparse-7B/results_2025-01-08T14-15-37.706847.json,4.361979166666665,merge,3.4771858660491386,2025-01-08,0.0
hotmailuser/QwenStock-1.7B,13.952343750000002,True,real_attachments/C_efficiency_evolution/detailed_results/hotmailuser_QwenStock-1.7B/results_2025-01-08T14-37-07.779979.json,13.952343750000002,merge,16.75925374781586,2025-01-08,0.0
hotmailuser/QwenStock1-14B,19.29765625,True,real_attachments/C_efficiency_evolution/detailed_results/hotmailuser_QwenStock1-14B/results_2025-01-08T15-38-22.540908.json,19.29765625,merge,39.99889430195756,2025-01-08,0.0
huihui-ai/DeepSeek-R1-Distill-Qwen-14B-abliterated-v2,18.62447916666667,True,real_attachments/C_efficiency_evolution/detailed_results/huihui-ai_DeepSeek-R1-Distill-Qwen-14B-abliterated-v2/results_2025-01-29T05-41-09.046383.json,,,,,
iFaz/llama31_8B_en_emo_v4,6.703125000000003,True,real_attachments/C_efficiency_evolution/detailed_results/iFaz_llama31_8B_en_emo_v4/results_2025-02-28T20-05-25.513225.json,,,,,
iFaz/llama32_1B_en_emo_v1,2.010677083333334,True,real_attachments/C_efficiency_evolution/detailed_results/iFaz_llama32_1B_en_emo_v1/results_2025-01-14T15-27-35.797200.json,2.010677083333334,chat_finetuned,10.934841101081998,2025-01-14,0.0
iFaz/llama32_3B_en_emo_2000_stp,3.2539062500000004,True,real_attachments/C_efficiency_evolution/detailed_results/iFaz_llama32_3B_en_emo_2000_stp/results_2025-03-07T12-22-43.575886.json,3.2539062500000004,chat_finetuned,23.911624360048616,2025-03-07,0.0
iFaz/llama32_3B_en_emo_300_stp,3.8911458333333346,True,real_attachments/C_efficiency_evolution/detailed_results/iFaz_llama32_3B_en_emo_300_stp/results_2025-03-07T10-26-09.297087.json,3.891145833333334,chat_finetuned,23.75197000352155,2025-03-07,4.440892098500626e-16
iFaz/llama32_3B_en_emo_5000_stp,5.075520833333335,True,real_attachments/C_efficiency_evolution/detailed_results/iFaz_llama32_3B_en_emo_5000_stp/results_2025-03-08T13-11-39.019377.json,5.075520833333335,chat_finetuned,23.22281886664426,2025-03-08,0.0
iFaz/llama32_3B_en_emo_v3,3.7421875000000004,True,real_attachments/C_efficiency_evolution/detailed_results/iFaz_llama32_3B_en_emo_v3/results_2025-02-28T06-09-36.993032.json,3.7421875,chat_finetuned,18.26359573830477,2025-02-28,4.440892098500626e-16
ifable/gemma-2-Ifable-9B,8.522916666666669,True,real_attachments/C_efficiency_evolution/detailed_results/ifable_gemma-2-Ifable-9B/results_2024-09-27T17-11-40.930590.json,8.522916666666669,chat_finetuned,23.56844886390901,2024-09-25,0.0
jayasuryajsk/Qwen2.5-3B-reasoner,10.303125000000003,True,real_attachments/C_efficiency_evolution/detailed_results/jayasuryajsk_Qwen2.5-3B-reasoner/results_2025-02-18T19-05-53.560318.json,10.303125000000003,chat_finetuned,22.088475922135004,2025-02-07,0.0
jebish7/Llama-3-Nanda-10B-Chat,12.883854166666667,True,real_attachments/C_efficiency_evolution/detailed_results/jebish7_Llama-3-Nanda-10B-Chat/results_2025-02-18T16-16-25.862303.json,,,,,
jebish7/Llama-3.1-8B-Instruct,8.507291666666667,True,real_attachments/C_efficiency_evolution/detailed_results/jebish7_Llama-3.1-8B-Instruct/results_2025-02-06T12-17-02.420246.json,8.507291666666667,pretrained,24.022312491744717,2025-02-06,0.0
jebish7/gemma-2-9b-it,16.23098958333333,True,real_attachments/C_efficiency_evolution/detailed_results/jebish7_gemma-2-9b-it/results_2025-02-06T20-01-35.038625.json,16.23098958333333,pretrained,21.76298915231794,2025-02-06,0.0
jeffmeloy/Qwen2.5-7B-minperplexity-2,16.907291666666666,True,real_attachments/C_efficiency_evolution/detailed_results/jeffmeloy_Qwen2.5-7B-minperplexity-2/results_2024-12-03T20-09-20.636372.json,16.907291666666666,chat_finetuned,30.04145905845039,2024-12-03,0.0
jeffmeloy/Qwen2.5-7B-nerd-uncensored-v0.9,19.548697916666665,True,real_attachments/C_efficiency_evolution/detailed_results/jeffmeloy_Qwen2.5-7B-nerd-uncensored-v0.9/results_2024-11-13T03-54-51.081772.json,19.548697916666665,chat_finetuned,31.896915034467217,2024-11-13,0.0
jeffmeloy/Qwen2.5-7B-nerd-uncensored-v1.0,16.822656250000005,True,real_attachments/C_efficiency_evolution/detailed_results/jeffmeloy_Qwen2.5-7B-nerd-uncensored-v1.0/results_2024-11-14T12-55-04.681817.json,16.822656250000005,merge,36.19369887340693,2024-11-14,0.0
jeffmeloy/Qwen2.5-7B-nerd-uncensored-v1.1,5.303125,True,real_attachments/C_efficiency_evolution/detailed_results/jeffmeloy_Qwen2.5-7B-nerd-uncensored-v1.1/results_2024-11-10T05-48-20.418763.json,5.303125,chat_finetuned,24.684283405688316,2024-11-09,0.0
jeffmeloy/Qwen2.5-7B-nerd-uncensored-v1.2,10.856249999999998,True,real_attachments/C_efficiency_evolution/detailed_results/jeffmeloy_Qwen2.5-7B-nerd-uncensored-v1.2/results_2024-11-10T05-48-59.875913.json,10.856249999999998,chat_finetuned,23.398595020008255,2024-11-09,0.0
jeffmeloy/Qwen2.5-7B-nerd-uncensored-v1.3,11.309114583333331,True,real_attachments/C_efficiency_evolution/detailed_results/jeffmeloy_Qwen2.5-7B-nerd-uncensored-v1.3/results_2024-11-10T05-52-36.690886.json,11.309114583333333,chat_finetuned,24.061986396753653,2024-11-09,-1.7763568394002505e-15
jeffmeloy/Qwen2.5-7B-nerd-uncensored-v1.5,22.409375,True,real_attachments/C_efficiency_evolution/detailed_results/jeffmeloy_Qwen2.5-7B-nerd-uncensored-v1.5/results_2024-11-20T01-39-50.321433.json,22.409375,chat_finetuned,31.834944840883523,2024-11-17,0.0
jeffmeloy/Qwen2.5-7B-olm-v1.2,17.697656249999998,True,real_attachments/C_efficiency_evolution/detailed_results/jeffmeloy_Qwen2.5-7B-olm-v1.2/results_2025-01-01T22-43-57.626039.json,17.697656249999998,chat_finetuned,28.53753917623895,2025-01-01,0.0
jeffmeloy/Qwen2.5-7B-olm-v1.3,18.08984375,True,real_attachments/C_efficiency_evolution/detailed_results/jeffmeloy_Qwen2.5-7B-olm-v1.3/results_2025-01-18T04-41-41.249302.json,18.08984375,chat_finetuned,29.296766711779103,2025-01-18,0.0
jeffmeloy/Qwen2.5-7B-olm-v1.5,15.407552083333336,True,real_attachments/C_efficiency_evolution/detailed_results/jeffmeloy_Qwen2.5-7B-olm-v1.5/results_2025-02-27T09-43-53.906040.json,15.407552083333336,merge,29.23575275519298,2025-02-27,0.0
jiangxinyang-shanda/Homer-LLama3-8B,9.236458333333337,True,real_attachments/C_efficiency_evolution/detailed_results/jiangxinyang-shanda_Homer-LLama3-8B/results_2024-11-10T09-58-15.357580.json,,,,,
jlzhou/Qwen2.5-3B-Infinity-Instruct-0625,8.128385416666667,True,real_attachments/C_efficiency_evolution/detailed_results/jlzhou_Qwen2.5-3B-Infinity-Instruct-0625/results_2025-02-07T16-35-38.330845.json,,,,,
johnsutor/Llama-3-8B-Instruct_breadcrumbs-density-0.1-gamma-0.01,17.80338541666666,True,real_attachments/C_efficiency_evolution/detailed_results/johnsutor_Llama-3-8B-Instruct_breadcrumbs-density-0.1-gamma-0.01/results_2024-07-22T11-05-35.403491.json,17.80338541666666,merge,22.442126802141008,2024-06-26,0.0
johnsutor/Llama-3-8B-Instruct_breadcrumbs-density-0.1-gamma-0.1,10.777604166666672,True,real_attachments/C_efficiency_evolution/detailed_results/johnsutor_Llama-3-8B-Instruct_breadcrumbs-density-0.1-gamma-0.1/results_2024-07-25T22-26-52.820949.json,10.777604166666672,merge,21.44635595224064,2024-06-26,0.0
johnsutor/Llama-3-8B-Instruct_breadcrumbs-density-0.5-gamma-0.01,23.621354166666674,True,real_attachments/C_efficiency_evolution/detailed_results/johnsutor_Llama-3-8B-Instruct_breadcrumbs-density-0.5-gamma-0.01/results_2024-07-18T12-27-23.979317.json,23.621354166666674,merge,19.44753152983463,2024-06-26,0.0
johnsutor/Llama-3-8B-Instruct_breadcrumbs-density-0.5-gamma-0.1,13.840625000000001,True,real_attachments/C_efficiency_evolution/detailed_results/johnsutor_Llama-3-8B-Instruct_breadcrumbs-density-0.5-gamma-0.1/results_2024-07-25T17-44-56.707499.json,13.840625,merge,22.371145290205714,2024-06-26,1.7763568394002505e-15
johnsutor/Llama-3-8B-Instruct_breadcrumbs-density-0.7-gamma-0.01,24.472395833333337,True,real_attachments/C_efficiency_evolution/detailed_results/johnsutor_Llama-3-8B-Instruct_breadcrumbs-density-0.7-gamma-0.01/results_2024-07-22T11-15-24.947259.json,24.472395833333337,merge,18.480197691407646,2024-06-26,0.0
johnsutor/Llama-3-8B-Instruct_breadcrumbs-density-0.7-gamma-0.1,12.877864583333336,True,real_attachments/C_efficiency_evolution/detailed_results/johnsutor_Llama-3-8B-Instruct_breadcrumbs-density-0.7-gamma-0.1/results_2024-07-22T10-53-11.821902.json,12.877864583333336,merge,21.77274590923878,2024-06-26,0.0
johnsutor/Llama-3-8B-Instruct_breadcrumbs_ties-density-0.1-gamma-0.01,16.344531249999992,True,real_attachments/C_efficiency_evolution/detailed_results/johnsutor_Llama-3-8B-Instruct_breadcrumbs_ties-density-0.1-gamma-0.01/results_2024-07-22T10-53-56.880012.json,16.344531249999992,merge,22.174229898217675,2024-06-26,0.0
johnsutor/Llama-3-8B-Instruct_breadcrumbs_ties-density-0.5-gamma-0.01,21.058593749999996,True,real_attachments/C_efficiency_evolution/detailed_results/johnsutor_Llama-3-8B-Instruct_breadcrumbs_ties-density-0.5-gamma-0.01/results_2024-07-26T05-39-04.636359.json,21.058593749999996,merge,20.250340892451284,2024-06-26,0.0
johnsutor/Llama-3-8B-Instruct_breadcrumbs_ties-density-0.5-gamma-0.1,13.262239583333335,True,real_attachments/C_efficiency_evolution/detailed_results/johnsutor_Llama-3-8B-Instruct_breadcrumbs_ties-density-0.5-gamma-0.1/results_2024-07-25T17-23-23.363454.json,13.262239583333336,merge,21.442231277824096,2024-06-26,-1.7763568394002505e-15
johnsutor/Llama-3-8B-Instruct_breadcrumbs_ties-density-0.7-gamma-0.01,22.250781249999992,True,real_attachments/C_efficiency_evolution/detailed_results/johnsutor_Llama-3-8B-Instruct_breadcrumbs_ties-density-0.7-gamma-0.01/results_2024-07-25T21-50-59.490636.json,22.250781249999992,merge,19.28808146621785,2024-06-26,0.0
johnsutor/Llama-3-8B-Instruct_breadcrumbs_ties-density-0.9-gamma-0.01,21.976302083333326,True,real_attachments/C_efficiency_evolution/detailed_results/johnsutor_Llama-3-8B-Instruct_breadcrumbs_ties-density-0.9-gamma-0.01/results_2024-07-25T21-10-19.778206.json,21.976302083333326,merge,19.06061039400886,2024-06-26,0.0
johnsutor/Llama-3-8B-Instruct_breadcrumbs_ties-density-0.9-gamma-0.1,12.499479166666669,True,real_attachments/C_efficiency_evolution/detailed_results/johnsutor_Llama-3-8B-Instruct_breadcrumbs_ties-density-0.9-gamma-0.1/results_2024-07-22T11-17-36.167672.json,12.499479166666667,merge,21.361497158834098,2024-06-26,1.7763568394002505e-15
johnsutor/Llama-3-8B-Instruct_linear,10.14817708333333,True,real_attachments/C_efficiency_evolution/detailed_results/johnsutor_Llama-3-8B-Instruct_linear/results_2024-07-26T05-49-40.770735.json,10.14817708333333,merge,21.370872595590694,2024-06-26,0.0
johnsutor/Llama-3-8B-Instruct_ties-density-0.1,10.671875000000002,True,real_attachments/C_efficiency_evolution/detailed_results/johnsutor_Llama-3-8B-Instruct_ties-density-0.1/results_2024-07-26T04-03-34.116430.json,10.671875000000002,merge,20.428512140604372,2024-06-26,0.0
johnsutor/Llama-3-8B-Instruct_ties-density-0.7,7.575781250000001,True,real_attachments/C_efficiency_evolution/detailed_results/johnsutor_Llama-3-8B-Instruct_ties-density-0.7/results_2024-07-26T03-41-46.435458.json,7.575781250000001,merge,18.056542734095075,2024-06-26,0.0
kayfour/T3Q-Qwen2.5-7B-it-KOR-Safe,11.632812500000002,True,real_attachments/C_efficiency_evolution/detailed_results/kayfour_T3Q-Qwen2.5-7B-it-KOR-Safe/results_2025-02-24T23-12-05.080927.json,11.632812500000002,chat_finetuned,32.418098677759176,2025-02-20,0.0
keeeeenw/MicroLlama,4.793229166666666,True,real_attachments/C_efficiency_evolution/detailed_results/keeeeenw_MicroLlama/results_2024-09-16T04-12-27.701485.json,4.793229166666666,pretrained,5.266088341806957,2024-09-15,0.0
kevin009/llamaRAGdrama,12.113281250000002,True,real_attachments/C_efficiency_evolution/detailed_results/kevin009_llamaRAGdrama/results_2024-08-13T01-41-28.966642.json,12.113281250000002,chat_finetuned,13.348717196012394,2024-06-26,0.0
khoantap/llama-3-8b-stock-merge,8.389583333333334,True,real_attachments/C_efficiency_evolution/detailed_results/khoantap_llama-3-8b-stock-merge/results_2025-01-21T20-42-27.642353.json,,,,,
khoantap/llama-linear-0.5-0.5-1-merge,9.483854166666667,True,real_attachments/C_efficiency_evolution/detailed_results/khoantap_llama-linear-0.5-0.5-1-merge/results_2025-01-21T16-21-35.674922.json,,,,,
khoantap/llama-linear-0.5-1-0.5-merge,10.181770833333333,True,real_attachments/C_efficiency_evolution/detailed_results/khoantap_llama-linear-0.5-1-0.5-merge/results_2025-01-21T16-53-28.419235.json,,,,,
khoantap/llama-slerp-merge,10.19739583333333,True,real_attachments/C_efficiency_evolution/detailed_results/khoantap_llama-slerp-merge/results_2025-01-21T16-55-28.551903.json,,,,,
khulaifi95/Llama-3.1-8B-Reason-Blend-888k,2.9421874999999997,True,real_attachments/C_efficiency_evolution/detailed_results/khulaifi95_Llama-3.1-8B-Reason-Blend-888k/results_2024-12-27T08-01-29.233950.json,,,,,
kms7530/chemeng_llama-3-8b-Instruct-bnb-4bit_24_1_100_1,5.491145833333334,True,real_attachments/C_efficiency_evolution/detailed_results/kms7530_chemeng_llama-3-8b-Instruct-bnb-4bit_24_1_100_1/results_2024-10-15T06-58-05.271446.json,5.491145833333334,chat_finetuned,17.99671713302148,2024-10-14,0.0
kms7530/chemeng_qwen-math-7b_24_1_100_1_nonmath,9.453906249999998,True,real_attachments/C_efficiency_evolution/detailed_results/kms7530_chemeng_qwen-math-7b_24_1_100_1_nonmath/results_2024-11-22T02-26-03.950276.json,9.453906249999998,chat_finetuned,16.982090044361417,2024-11-22,0.0
langgptai/Qwen-las-v0.1,3.66171875,True,real_attachments/C_efficiency_evolution/detailed_results/langgptai_Qwen-las-v0.1/results_2024-09-14T05-01-27.615839.json,,,,,
langgptai/qwen1.5-7b-chat-sa-v0.1,3.0598958333333326,True,real_attachments/C_efficiency_evolution/detailed_results/langgptai_qwen1.5-7b-chat-sa-v0.1/results_2024-09-14T04-40-26.591950.json,,,,,
lars1234/Mistral-Small-24B-Instruct-2501-writer,17.133072916666663,True,real_attachments/C_efficiency_evolution/detailed_results/lars1234_Mistral-Small-24B-Instruct-2501-writer/results_2025-03-07T11-12-43.340060.json,17.133072916666663,chat_finetuned,39.855790317231644,2025-03-07,0.0
lemon07r/Gemma-2-Ataraxy-9B,14.47005208333333,True,real_attachments/C_efficiency_evolution/detailed_results/lemon07r_Gemma-2-Ataraxy-9B/results_2024-09-03T02-22-52.690100.json,14.47005208333333,chat_finetuned,23.711508058895607,2024-08-27,0.0
lemon07r/Gemma-2-Ataraxy-Advanced-9B,6.509114583333333,True,real_attachments/C_efficiency_evolution/detailed_results/lemon07r_Gemma-2-Ataraxy-Advanced-9B/results_2024-10-02T04-48-56.751637.json,,,,,
lemon07r/Gemma-2-Ataraxy-v3j-9B,1.920572916666666,True,real_attachments/C_efficiency_evolution/detailed_results/lemon07r_Gemma-2-Ataraxy-v3j-9B/results_2024-10-09T12-11-13.469254.json,,,,,
lemon07r/Gemma-2-Ataraxy-v4-Advanced-9B,16.289843750000003,True,real_attachments/C_efficiency_evolution/detailed_results/lemon07r_Gemma-2-Ataraxy-v4-Advanced-9B/results_2024-10-15T17-45-28.399685.json,,,,,
lemon07r/Gemma-2-Ataraxy-v4b-9B,15.868229166666667,True,real_attachments/C_efficiency_evolution/detailed_results/lemon07r_Gemma-2-Ataraxy-v4b-9B/results_2024-10-23T19-06-41.963096.json,,,,,
lemon07r/Gemma-2-Ataraxy-v4c-9B,15.297656249999998,True,real_attachments/C_efficiency_evolution/detailed_results/lemon07r_Gemma-2-Ataraxy-v4c-9B/results_2024-10-16T19-20-43.025260.json,,,,,
lemon07r/Llama-3-RedMagic4-8B,4.379427083333333,True,real_attachments/C_efficiency_evolution/detailed_results/lemon07r_Llama-3-RedMagic4-8B/results_2024-07-25T13-29-35.436402.json,4.379427083333333,chat_finetuned,19.430990497953946,2024-06-26,0.0
lemon07r/llama-3-NeuralMahou-8b,6.142187500000001,True,real_attachments/C_efficiency_evolution/detailed_results/lemon07r_llama-3-NeuralMahou-8b/results_2024-08-13T08-55-19.395372.json,6.142187500000001,chat_finetuned,19.846074213837827,2024-06-26,0.0
lightblue/suzume-llama-3-8B-multilingual,7.8442708333333355,True,real_attachments/C_efficiency_evolution/detailed_results/lightblue_suzume-llama-3-8B-multilingual/results_2024-08-12T10-41-49.479020.json,,,,,
lightblue/suzume-llama-3-8B-multilingual-orpo-borda-half,2.114583333333334,True,real_attachments/C_efficiency_evolution/detailed_results/lightblue_suzume-llama-3-8B-multilingual-orpo-borda-half/results_2024-07-25T14-17-45.167820.json,2.114583333333334,chat_finetuned,21.50979670721306,2024-06-29,0.0
lightblue/suzume-llama-3-8B-multilingual-orpo-borda-top25,4.808854166666668,True,real_attachments/C_efficiency_evolution/detailed_results/lightblue_suzume-llama-3-8B-multilingual-orpo-borda-top25/results_2024-07-25T14-18-43.997470.json,4.808854166666668,chat_finetuned,23.684768112420983,2024-06-29,0.0
lkoenig/BBAI_200_Gemma,4.289322916666667,True,real_attachments/C_efficiency_evolution/detailed_results/lkoenig_BBAI_200_Gemma/results_2025-02-27T11-24-52.773192.json,,,,,
lkoenig/BBAI_456_QwenKoen,13.238802083333335,True,real_attachments/C_efficiency_evolution/detailed_results/lkoenig_BBAI_456_QwenKoen/results_2025-03-01T16-19-14.615825.json,,,,,
lkoenig/BBAI_7B_KoenQwenDyan,12.942708333333336,True,real_attachments/C_efficiency_evolution/detailed_results/lkoenig_BBAI_7B_KoenQwenDyan/results_2025-03-08T20-01-53.125995.json,,,,,
lkoenig/BBAI_7B_Qwen2.5koen,13.046614583333335,True,real_attachments/C_efficiency_evolution/detailed_results/lkoenig_BBAI_7B_Qwen2.5koen/results_2025-03-01T17-02-53.917814.json,,,,,
lkoenig/BBAI_7B_QwenDyanKoenLo,12.721093750000001,True,real_attachments/C_efficiency_evolution/detailed_results/lkoenig_BBAI_7B_QwenDyanKoenLo/results_2025-03-08T19-57-59.849642.json,,,,,
llmat/Mistral-v0.3-7B-ORPO,2.973437500000001,True,real_attachments/C_efficiency_evolution/detailed_results/llmat_Mistral-v0.3-7B-ORPO/results_2024-08-12T12-37-49.752603.json,2.973437500000001,chat_finetuned,12.024321589275658,2024-08-06,0.0
magnifi/Phi3_intent_v56_3_w_unknown_5_lr_0.002,9.569791666666667,True,real_attachments/C_efficiency_evolution/detailed_results/magnifi_Phi3_intent_v56_3_w_unknown_5_lr_0.002/results_2025-03-10T21-31-33.519419.json,9.569791666666667,chat_finetuned,7.1244683931064765,2025-03-10,0.0
maldv/badger-lambda-llama-3-8b,4.520572916666667,True,real_attachments/C_efficiency_evolution/detailed_results/maldv_badger-lambda-llama-3-8b/results_2024-07-18T22-08-35.167678.json,4.520572916666667,merge,20.943850248259498,2024-06-26,0.0
marcuscedricridia/Hush-Qwen2.5-7B-MST,6.987239583333333,True,real_attachments/C_efficiency_evolution/detailed_results/marcuscedricridia_Hush-Qwen2.5-7B-MST/results_2025-03-09T12-03-06.802478.json,,,,,
marcuscedricridia/Hush-Qwen2.5-7B-MST-v1.3,13.081510416666669,True,real_attachments/C_efficiency_evolution/detailed_results/marcuscedricridia_Hush-Qwen2.5-7B-MST-v1.3/results_2025-03-09T12-51-36.770537.json,,,,,
marcuscedricridia/Hush-Qwen2.5-7B-Preview,12.7265625,True,real_attachments/C_efficiency_evolution/detailed_results/marcuscedricridia_Hush-Qwen2.5-7B-Preview/results_2025-03-07T02-14-20.812691.json,,,,,
marcuscedricridia/Hush-Qwen2.5-7B-RP-v1.4-1M,14.942187500000003,True,real_attachments/C_efficiency_evolution/detailed_results/marcuscedricridia_Hush-Qwen2.5-7B-RP-v1.4-1M/results_2025-03-10T18-54-33.706076.json,,,,,
marcuscedricridia/Hush-Qwen2.5-7B-v1.1,11.075520833333336,True,real_attachments/C_efficiency_evolution/detailed_results/marcuscedricridia_Hush-Qwen2.5-7B-v1.1/results_2025-03-08T14-26-26.531812.json,,,,,
marcuscedricridia/Hush-Qwen2.5-7B-v1.3,12.379427083333335,True,real_attachments/C_efficiency_evolution/detailed_results/marcuscedricridia_Hush-Qwen2.5-7B-v1.3/results_2025-03-08T18-53-52.937772.json,,,,,
marcuscedricridia/Qwen2.5-7B-Preview,10.587239583333336,True,real_attachments/C_efficiency_evolution/detailed_results/marcuscedricridia_Qwen2.5-7B-Preview/results_2025-03-09T15-22-35.247692.json,,,,,
marcuscedricridia/Yell-Qwen2.5-7B-Preview-v1.1,9.608854166666667,True,real_attachments/C_efficiency_evolution/detailed_results/marcuscedricridia_Yell-Qwen2.5-7B-Preview-v1.1/results_2025-03-08T08-51-49.160851.json,,,,,
mattshumer/Reflection-Llama-3.1-70B,17.540364583333332,True,real_attachments/C_efficiency_evolution/detailed_results/mattshumer_Reflection-Llama-3.1-70B/results_2024-09-09T18-34-06.815867.json,17.540364583333332,chat_finetuned,24.392555308681647,2024-12-25,0.0
meditsolutions/Llama-3.2-SUN-1B-chat,1.6401041666666665,True,real_attachments/C_efficiency_evolution/detailed_results/meditsolutions_Llama-3.2-SUN-1B-chat/results_2024-11-06T17-51-53.110040.json,1.0479166666666664,chat_finetuned,13.641365564259702,2024-11-07,0.5921875000000001
meditsolutions/Llama-3.2-SUN-2.4B-checkpoint-34800,8.846614583333333,True,real_attachments/C_efficiency_evolution/detailed_results/meditsolutions_Llama-3.2-SUN-2.4B-checkpoint-34800/results_2024-10-05T13-51-49.717401.json,8.846614583333333,chat_finetuned,8.193102548827737,2024-10-05,0.0
meditsolutions/Llama-3.2-SUN-2.5B-chat,1.1067708333333328,True,real_attachments/C_efficiency_evolution/detailed_results/meditsolutions_Llama-3.2-SUN-2.5B-chat/results_2024-10-24T00-00-00.000000.json,1.1067708333333328,chat_finetuned,13.987710143191569,2024-10-26,0.0
meta-llama/Llama-2-13b-hf,3.385416666666666,True,real_attachments/C_efficiency_evolution/detailed_results/meta-llama_Llama-2-13b-hf/results_2024-06-17T11-35-38.123827.json,3.385416666666666,pretrained,11.065185981273993,2024-06-12,0.0
meta-llama/Llama-2-70b-chat-hf,3.4833333333333356,True,real_attachments/C_efficiency_evolution/detailed_results/meta-llama_Llama-2-70b-chat-hf/results_2024-06-17T09-38-51.358362.json,3.4833333333333356,chat_finetuned,13.073695775827504,2024-06-12,0.0
meta-llama/Llama-2-70b-hf,9.777604166666668,True,real_attachments/C_efficiency_evolution/detailed_results/meta-llama_Llama-2-70b-hf/results_2024-06-17T14-10-55.365075.json,9.777604166666668,pretrained,18.372598605703004,2024-06-12,0.0
meta-llama/Llama-2-7b-chat-hf,3.4773437500000006,True,real_attachments/C_efficiency_evolution/detailed_results/meta-llama_Llama-2-7b-chat-hf/results_2024-06-17T15-57-01.774754.json,3.27734375,pretrained,9.609483264152255,2024-08-30,0.20000000000000062
meta-llama/Llama-3.1-70B,16.581770833333337,True,real_attachments/C_efficiency_evolution/detailed_results/meta-llama_Llama-3.1-70B/results_2024-07-18T20-24-37.562222.json,16.581770833333337,pretrained,26.200215843375947,2024-07-23,0.0
meta-llama/Llama-3.1-70B-Instruct,17.320572916666666,True,real_attachments/C_efficiency_evolution/detailed_results/meta-llama_Llama-3.1-70B-Instruct/results_2024-07-19T19-54-46.793254.json,17.691145833333334,chat_finetuned,43.409948245645786,2024-08-15,-0.37057291666666714
meta-llama/Llama-3.1-8B-Instruct,8.611197916666667,True,real_attachments/C_efficiency_evolution/detailed_results/meta-llama_Llama-3.1-8B-Instruct/results_2025-02-06T09-49-35.437423.json,8.611197916666667,pretrained,23.763729445470883,2025-02-06,0.0
meta-llama/Llama-3.2-1B,2.5578125000000003,True,real_attachments/C_efficiency_evolution/detailed_results/meta-llama_Llama-3.2-1B/results_2024-09-23T09-45-37.626278.json,2.5578125000000003,pretrained,4.195140014045501,2024-09-23,0.0
meta-llama/Llama-3.2-3B-Instruct,4.365625000000002,True,real_attachments/C_efficiency_evolution/detailed_results/meta-llama_Llama-3.2-3B-Instruct/results_2024-09-23T09-53-31.373398.json,1.3734374999999996,chat_finetuned,24.204650807793456,2024-09-27,2.9921875000000027
meta-llama/Meta-Llama-3-70B,16.011197916666664,True,real_attachments/C_efficiency_evolution/detailed_results/meta-llama_Meta-Llama-3-70B/results_2024-06-17T10-04-04.013818.json,16.011197916666664,pretrained,26.705350171613343,2024-06-12,0.0
meta-llama/Meta-Llama-3-70B-Instruct,10.92057291666667,True,real_attachments/C_efficiency_evolution/detailed_results/meta-llama_Meta-Llama-3-70B-Instruct/results_2024-06-19T08-22-58.348428.json,10.92057291666667,chat_finetuned,36.37222412927012,2024-06-12,0.0
meta-llama/Meta-Llama-3-8B-Instruct,1.602864583333335,True,real_attachments/C_efficiency_evolution/detailed_results/meta-llama_Meta-Llama-3-8B-Instruct/results_2024-06-17T11-25-17.966751.json,1.602864583333335,chat_finetuned,23.908735693936837,2024-06-12,0.0
microsoft/Phi-3-medium-128k-instruct,11.351822916666663,True,real_attachments/C_efficiency_evolution/detailed_results/microsoft_Phi-3-medium-128k-instruct/results_2024-09-02T07-32-20.832197.json,11.351822916666665,chat_finetuned,32.026356176108685,2024-08-21,-1.7763568394002505e-15
microsoft/Phi-3-medium-4k-instruct,13.052083333333334,True,real_attachments/C_efficiency_evolution/detailed_results/microsoft_Phi-3-medium-4k-instruct/results_2024-06-17T10-38-50.763081.json,13.052083333333334,chat_finetuned,33.09765943937642,2024-06-12,0.0
microsoft/Phi-3-mini-128k-instruct,7.710937500000003,True,real_attachments/C_efficiency_evolution/detailed_results/microsoft_Phi-3-mini-128k-instruct/results_2024-06-25T07-10-31.918768.json,7.710937500000003,chat_finetuned,26.343809931865636,2024-08-21,0.0
microsoft/Phi-4-mini-instruct,6.446093750000002,True,real_attachments/C_efficiency_evolution/detailed_results/microsoft_Phi-4-mini-instruct/results_2025-02-28T12-41-07.003145.json,6.446093750000002,chat_finetuned,29.412433568419846,2025-02-28,0.0
microsoft/phi-1,3.697135416666667,True,real_attachments/C_efficiency_evolution/detailed_results/microsoft_phi-1/results_2024-06-21T13-03-02.514754.json,3.697135416666667,pretrained,5.574318195377169,2024-06-13,0.0
microsoft/phi-1_5,3.385416666666666,True,real_attachments/C_efficiency_evolution/detailed_results/microsoft_phi-1_5/results_2024-06-17T10-46-09.252711.json,3.385416666666666,pretrained,7.170966845799231,2024-06-09,0.0
microsoft/phi-4,23.719270833333326,True,real_attachments/C_efficiency_evolution/detailed_results/microsoft_phi-4/results_2025-01-08T16-41-36.968588.json,23.71927083333333,pretrained,29.48341679122318,2025-01-08,-3.552713678800501e-15
migtissera/Tess-3-Mistral-Nemo-12B,15.489322916666671,True,real_attachments/C_efficiency_evolution/detailed_results/migtissera_Tess-3-Mistral-Nemo-12B/results_2024-09-03T12-01-51.063796.json,15.489322916666673,chat_finetuned,16.720173026027776,2024-09-16,-1.7763568394002505e-15
minghaowu/Qwen1.5-1.8B-OpenHermes-2.5,1.0773437500000014,True,real_attachments/C_efficiency_evolution/detailed_results/minghaowu_Qwen1.5-1.8B-OpenHermes-2.5/results_2024-09-18T13-54-12.323880.json,,,,,
mistral-community/Mixtral-8x22B-v0.1,1.6666666666666659,True,real_attachments/C_efficiency_evolution/detailed_results/mistral-community_Mixtral-8x22B-v0.1/results_2025-02-13T18-27-04.338360.json,,,,,
mistralai/Codestral-22B-v0.1,10.738541666666668,True,real_attachments/C_efficiency_evolution/detailed_results/mistralai_Codestral-22B-v0.1/results_2024-09-28T11-41-42.167336.json,,,,,
mistralai/Mistral-7B-Instruct-v0.1,5.765625000000003,True,real_attachments/C_efficiency_evolution/detailed_results/mistralai_Mistral-7B-Instruct-v0.1/results_2024-06-17T09-16-22.960059.json,6.12838541666667,chat_finetuned,12.771229395030618,2024-06-27,-0.36276041666666714
mistralai/Mistral-7B-Instruct-v0.3,4.304947916666669,True,real_attachments/C_efficiency_evolution/detailed_results/mistralai_Mistral-7B-Instruct-v0.3/results_2024-06-17T14-37-59.603167.json,4.304947916666669,chat_finetuned,19.225098776905867,2024-06-12,0.0
mistralai/Mistral-7B-v0.3,,False,real_attachments/C_efficiency_evolution/detailed_results/mistralai_Mistral-7B-v0.3/results_2024-06-16T16-00-54.042738.json,8.363802083333333,pretrained,14.229760590840252,2024-06-12,
mistralai/Mistral-Large-Instruct-2411,17.216666666666665,True,real_attachments/C_efficiency_evolution/detailed_results/mistralai_Mistral-Large-Instruct-2411/results_2024-11-20T12-25-36.264064.json,,,,,
mistralai/Mistral-Nemo-Instruct-2407,8.483333333333333,True,real_attachments/C_efficiency_evolution/detailed_results/mistralai_Mistral-Nemo-Instruct-2407/results_2024-07-19T11-53-04.051251.json,8.483333333333333,chat_finetuned,24.665599941304677,2024-08-29,0.0
mistralai/Mistral-Small-Instruct-2409,3.001041666666666,True,real_attachments/C_efficiency_evolution/detailed_results/mistralai_Mistral-Small-Instruct-2409/results_2024-09-19T10-04-43.281334.json,,,,,
mistralai/Mixtral-8x22B-Instruct-v0.1,13.489322916666664,True,real_attachments/C_efficiency_evolution/detailed_results/mistralai_Mixtral-8x22B-Instruct-v0.1/results_2024-06-26T15-18-07.434042.json,13.489322916666664,chat_finetuned,33.88568028808198,2024-06-12,0.0
mistralai/Mixtral-8x22B-v0.1,7.462239583333335,True,real_attachments/C_efficiency_evolution/detailed_results/mistralai_Mixtral-8x22B-v0.1/results_2024-06-24T22-38-47.314637.json,7.462239583333335,pretrained,25.740936275222655,2024-06-12,0.0
mistralai/Mixtral-8x7B-v0.1,12.554166666666669,True,real_attachments/C_efficiency_evolution/detailed_results/mistralai_Mixtral-8x7B-v0.1/results_2024-06-17T17-56-38.031288.json,13.6640625,chat_finetuned,19.665108918316083,2024-06-27,-1.109895833333331
mkurman/llama-3.2-MEDIT-3B-o1,3.001041666666666,True,real_attachments/C_efficiency_evolution/detailed_results/mkurman_llama-3.2-MEDIT-3B-o1/results_2025-01-08T00-40-26.314883.json,3.001041666666666,chat_finetuned,17.028893537984814,2025-01-07,0.0
mkurman/phi-4-MedIT-11B-exp-1,6.232291666666669,True,real_attachments/C_efficiency_evolution/detailed_results/mkurman_phi-4-MedIT-11B-exp-1/results_2025-01-13T20-26-24.993942.json,,,,,
mkxu/llama-3-8b-po1,6.8520833333333355,True,real_attachments/C_efficiency_evolution/detailed_results/mkxu_llama-3-8b-po1/results_2024-11-30T06-55-29.252571.json,,,,,
mlabonne/BigQwen2.5-52B-Instruct,10.446093750000001,True,real_attachments/C_efficiency_evolution/detailed_results/mlabonne_BigQwen2.5-52B-Instruct/results_2024-09-29T02-46-54.207954.json,10.44609375,merge,43.55000484859215,2024-09-25,1.7763568394002505e-15
mlabonne/ChimeraLlama-3-8B-v2,5.252083333333334,True,real_attachments/C_efficiency_evolution/detailed_results/mlabonne_ChimeraLlama-3-8B-v2/results_2024-09-02T14-04-32.528223.json,,,,,
mlabonne/OrpoLlama-3-8B,4.0088541666666675,True,real_attachments/C_efficiency_evolution/detailed_results/mlabonne_OrpoLlama-3-8B/results_2024-06-17T09-44-13.592676.json,,,,,
mlabonne/phixtral-2x2_8,7.710937500000003,True,real_attachments/C_efficiency_evolution/detailed_results/mlabonne_phixtral-2x2_8/results_2024-06-17T09-44-36.496962.json,7.710937500000003,merge,15.553113591688318,2024-06-12,0.0
mlx-community/Josiefied-Qwen2.5-0.5B-Instruct-abliterated-v1-float32,0.7812499999999996,True,real_attachments/C_efficiency_evolution/detailed_results/mlx-community_Josiefied-Qwen2.5-0.5B-Instruct-abliterated-v1-float32/results_2025-01-08T03-58-22.402554.json,0.7812499999999996,chat_finetuned,9.708088086359409,2025-01-07,0.0
mlx-community/Mistral-Small-24B-Instruct-2501-bf16,16.3625,True,real_attachments/C_efficiency_evolution/detailed_results/mlx-community_Mistral-Small-24B-Instruct-2501-bf16/results_2025-02-07T06-30-17.181165.json,16.3625,chat_finetuned,38.66942426997438,2025-02-06,0.0
mmnga/Llama-3-70B-japanese-suzume-vector-v0.1,10.757812500000002,True,real_attachments/C_efficiency_evolution/detailed_results/mmnga_Llama-3-70B-japanese-suzume-vector-v0.1/results_2024-09-29T00-30-29.453759.json,10.757812500000002,chat_finetuned,30.38004447303165,2024-09-19,0.0
mobiuslabsgmbh/DeepSeek-R1-ReDistill-Llama3-8B-v1.1,0.9440104166666662,True,real_attachments/C_efficiency_evolution/detailed_results/mobiuslabsgmbh_DeepSeek-R1-ReDistill-Llama3-8B-v1.1/results_2025-02-18T17-01-07.249399.json,0.9440104166666662,chat_finetuned,15.806892418961331,2025-02-16,0.0
mobiuslabsgmbh/DeepSeek-R1-ReDistill-Qwen-7B-v1.1,8.410677083333333,True,real_attachments/C_efficiency_evolution/detailed_results/mobiuslabsgmbh_DeepSeek-R1-ReDistill-Qwen-7B-v1.1/results_2025-02-18T17-47-32.642827.json,8.410677083333333,chat_finetuned,17.737904923149653,2025-02-16,0.0
monsterapi/Llama-3_1-8B-Instruct-orca-ORPO,3.0598958333333326,True,real_attachments/C_efficiency_evolution/detailed_results/monsterapi_Llama-3_1-8B-Instruct-orca-ORPO/results_2024-09-13T23-58-00.534893.json,3.0598958333333326,chat_finetuned,4.832138103419669,2024-08-30,0.0
monsterapi/gemma-2-2b-LoRA-MonsterInstruct,5.41484375,True,real_attachments/C_efficiency_evolution/detailed_results/monsterapi_gemma-2-2b-LoRA-MonsterInstruct/results_2024-08-13T06-06-06.413253.json,5.41484375,chat_finetuned,12.519872991689503,2024-08-05,0.0
mukaj/Llama-3.1-Hawkish-8B,8.557812499999997,True,real_attachments/C_efficiency_evolution/detailed_results/mukaj_Llama-3.1-Hawkish-8B/results_2024-12-18T08-18-26.443505.json,,,,,
natong19/Mistral-Nemo-Instruct-2407-abliterated,10.149999999999999,True,real_attachments/C_efficiency_evolution/detailed_results/natong19_Mistral-Nemo-Instruct-2407-abliterated/results_2024-09-23T16-03-15.478274.json,10.15,chat_finetuned,25.017625420548132,2024-09-21,-1.7763568394002505e-15
natong19/Qwen2-7B-Instruct-abliterated,8.92838541666667,True,real_attachments/C_efficiency_evolution/detailed_results/natong19_Qwen2-7B-Instruct-abliterated/results_2024-07-30T07-08-14.647283.json,8.92838541666667,chat_finetuned,28.515341600524966,2024-07-29,0.0
nazimali/Mistral-Nemo-Kurdish-Instruct,8.40104166666667,True,real_attachments/C_efficiency_evolution/detailed_results/nazimali_Mistral-Nemo-Kurdish-Instruct/results_2024-10-15T18-24-20.801908.json,8.40104166666667,chat_finetuned,18.555957634452803,2024-10-14,0.0
nbeerbower/Dumpling-Qwen2.5-1.5B,4.728385416666668,True,real_attachments/C_efficiency_evolution/detailed_results/nbeerbower_Dumpling-Qwen2.5-1.5B/results_2025-01-29T14-03-52.354879.json,4.728385416666668,chat_finetuned,15.625094396198312,2025-01-29,0.0
nbeerbower/Dumpling-Qwen2.5-14B,14.357812499999996,True,real_attachments/C_efficiency_evolution/detailed_results/nbeerbower_Dumpling-Qwen2.5-14B/results_2025-02-19T15-17-34.318477.json,14.357812499999996,chat_finetuned,34.79872132286164,2025-02-15,0.0
nbeerbower/Gemma2-Gutenberg-Doppel-9B,17.29765625,True,real_attachments/C_efficiency_evolution/detailed_results/nbeerbower_Gemma2-Gutenberg-Doppel-9B/results_2024-10-02T02-10-48.497344.json,17.29765625,chat_finetuned,32.54244427540016,2024-10-01,0.0
nbeerbower/Gutensuppe-mistral-nemo-12B,14.328906249999998,True,real_attachments/C_efficiency_evolution/detailed_results/nbeerbower_Gutensuppe-mistral-nemo-12B/results_2024-09-03T13-15-04.026140.json,,,,,
nbeerbower/Hermes2-Gutenberg2-Mistral-7B,16.92109375,True,real_attachments/C_efficiency_evolution/detailed_results/nbeerbower_Hermes2-Gutenberg2-Mistral-7B/results_2024-10-02T01-22-35.817848.json,16.92109375,chat_finetuned,19.363860758860653,2024-10-01,0.0
nbeerbower/Llama-3.1-Nemotron-lorablated-70B,14.92057291666667,True,real_attachments/C_efficiency_evolution/detailed_results/nbeerbower_Llama-3.1-Nemotron-lorablated-70B/results_2024-10-18T18-21-36.549778.json,18.354166666666668,chat_finetuned,40.87645031021374,2024-11-27,-3.4335937499999982
nbeerbower/Mahou-1.5-mistral-nemo-12B-lorablated,16.554166666666664,True,real_attachments/C_efficiency_evolution/detailed_results/nbeerbower_Mahou-1.5-mistral-nemo-12B-lorablated/results_2024-10-19T14-15-30.943516.json,16.554166666666664,merge,27.050923083044733,2024-10-19,0.0
nbeerbower/Mistral-Gutenberg-Doppel-7B-FFT,9.342187500000001,True,real_attachments/C_efficiency_evolution/detailed_results/nbeerbower_Mistral-Gutenberg-Doppel-7B-FFT/results_2024-11-19T23-58-30.543865.json,9.3421875,chat_finetuned,18.338275728656757,2024-11-18,1.7763568394002505e-15
nbeerbower/Mistral-Nemo-Moderne-12B-FFT-experimental,4.002864583333334,True,real_attachments/C_efficiency_evolution/detailed_results/nbeerbower_Mistral-Nemo-Moderne-12B-FFT-experimental/results_2024-11-26T14-21-45.562933.json,4.002864583333334,chat_finetuned,18.119465502148433,2024-11-26,0.0
nbeerbower/Mistral-Nemo-Prism-12B,17.960156249999997,True,real_attachments/C_efficiency_evolution/detailed_results/nbeerbower_Mistral-Nemo-Prism-12B/results_2024-11-12T14-48-16.155912.json,17.960156249999997,chat_finetuned,27.924007108863105,2024-11-12,0.0
nbeerbower/Mistral-Nemo-Prism-12B-v2,17.6640625,True,real_attachments/C_efficiency_evolution/detailed_results/nbeerbower_Mistral-Nemo-Prism-12B-v2/results_2024-11-26T14-01-51.878225.json,17.6640625,chat_finetuned,28.07046513725069,2024-11-26,0.0
nbeerbower/Mistral-Small-Drummer-22B,9.795572916666668,True,real_attachments/C_efficiency_evolution/detailed_results/nbeerbower_Mistral-Small-Drummer-22B/results_2024-10-02T02-03-59.903701.json,,,,,
nbeerbower/Mistral-Small-Gutenberg-Doppel-22B,8.566145833333334,True,real_attachments/C_efficiency_evolution/detailed_results/nbeerbower_Mistral-Small-Gutenberg-Doppel-22B/results_2024-09-25T13-19-50.574919.json,,,,,
nbeerbower/Qwen2.5-Gutenberg-Doppel-14B,10.024479166666667,True,real_attachments/C_efficiency_evolution/detailed_results/nbeerbower_Qwen2.5-Gutenberg-Doppel-14B/results_2024-11-11T15-47-45.295181.json,10.024479166666667,chat_finetuned,41.327794892427,2024-11-11,0.0
nbeerbower/Stella-mistral-nemo-12B-v2,14.432812499999997,True,real_attachments/C_efficiency_evolution/detailed_results/nbeerbower_Stella-mistral-nemo-12B-v2/results_2024-09-14T18-16-38.368634.json,,,,,
nbeerbower/gemma2-gutenberg-27B,4.1578125,True,real_attachments/C_efficiency_evolution/detailed_results/nbeerbower_gemma2-gutenberg-27B/results_2024-09-30T00-44-40.185741.json,4.1578125,chat_finetuned,10.4236638747709,2024-09-23,0.0
nbeerbower/gemma2-gutenberg-9B,16.705468749999994,True,real_attachments/C_efficiency_evolution/detailed_results/nbeerbower_gemma2-gutenberg-9B/results_2024-08-12T22-31-28.823844.json,16.705468749999994,chat_finetuned,23.719246452807738,2024-08-03,0.0
nbeerbower/mistral-nemo-cc-12B,14.262239583333338,True,real_attachments/C_efficiency_evolution/detailed_results/nbeerbower_mistral-nemo-cc-12B/results_2024-09-14T18-04-27.947372.json,14.262239583333338,chat_finetuned,17.20341027317436,2024-09-14,0.0
nbeerbower/mistral-nemo-gutenberg-12B-v3,14.995572916666662,True,real_attachments/C_efficiency_evolution/detailed_results/nbeerbower_mistral-nemo-gutenberg-12B-v3/results_2024-09-03T12-12-12.650925.json,14.995572916666662,chat_finetuned,19.290512133580634,2024-09-03,0.0
nbeerbower/mistral-nemo-gutenberg2-12B-test,10.966145833333336,True,real_attachments/C_efficiency_evolution/detailed_results/nbeerbower_mistral-nemo-gutenberg2-12B-test/results_2024-09-25T02-09-49.175236.json,10.966145833333336,chat_finetuned,20.970579950625815,2024-09-25,0.0
nbeerbower/mistral-nemo-kartoffel-12B,18.426822916666666,True,real_attachments/C_efficiency_evolution/detailed_results/nbeerbower_mistral-nemo-kartoffel-12B/results_2025-01-13T21-02-32.803522.json,18.426822916666666,chat_finetuned,28.219957942673386,2025-01-12,0.0
nbeerbower/mistral-nemo-wissenschaft-12B,12.289322916666665,True,real_attachments/C_efficiency_evolution/detailed_results/nbeerbower_mistral-nemo-wissenschaft-12B/results_2024-09-02T22-18-50.596772.json,12.289322916666665,chat_finetuned,25.50992586494861,2024-08-30,0.0
necva/IE-cont-Llama3.1-8B,4.524739583333332,True,real_attachments/C_efficiency_evolution/detailed_results/necva_IE-cont-Llama3.1-8B/results_2025-03-06T07-54-31.179464.json,4.524739583333332,chat_finetuned,5.093186530380667,2025-03-06,0.0
neopolita/jessi-v0.1-bf16-falcon3-7b-instruct,20.544531249999995,True,real_attachments/C_efficiency_evolution/detailed_results/neopolita_jessi-v0.1-bf16-falcon3-7b-instruct/results_2025-01-08T12-08-21.824117.json,,,,,
neopolita/jessi-v0.1-qwen2.5-7b-instruct,11.364322916666666,True,real_attachments/C_efficiency_evolution/detailed_results/neopolita_jessi-v0.1-qwen2.5-7b-instruct/results_2025-01-08T15-19-06.068963.json,7.053906250000002,merge,32.775632974338876,2025-01-26,4.310416666666664
neopolita/jessi-v0.2-falcon3-10b-instruct,12.916927083333329,True,real_attachments/C_efficiency_evolution/detailed_results/neopolita_jessi-v0.2-falcon3-10b-instruct/results_2025-01-21T23-37-09.659225.json,,,,,
neopolita/jessi-v0.2-falcon3-7b-instruct,15.552343749999997,True,real_attachments/C_efficiency_evolution/detailed_results/neopolita_jessi-v0.2-falcon3-7b-instruct/results_2025-01-08T21-05-35.811465.json,,,,,
netcat420/DeepSeek-R1-MFANN-TIES-unretrained-7b,1.7578124999999993,True,real_attachments/C_efficiency_evolution/detailed_results/netcat420_DeepSeek-R1-MFANN-TIES-unretrained-7b/results_2025-01-22T04-15-19.603999.json,,,,,
netcat420/MFANN-Llama3.1-Abliterated-SLERP-TIES-V3,4.491145833333334,True,real_attachments/C_efficiency_evolution/detailed_results/netcat420_MFANN-Llama3.1-Abliterated-SLERP-TIES-V3/results_2024-11-26T08-19-33.493259.json,,,,,
netcat420/MFANN-Llama3.1-Abliterated-Slerp-TIES,4.587239583333335,True,real_attachments/C_efficiency_evolution/detailed_results/netcat420_MFANN-Llama3.1-Abliterated-Slerp-TIES/results_2024-10-29T15-47-55.490741.json,,,,,
netcat420/MFANN-Llama3.1-Abliterated-Slerp-V3.2,5.128385416666671,True,real_attachments/C_efficiency_evolution/detailed_results/netcat420_MFANN-Llama3.1-Abliterated-Slerp-V3.2/results_2024-10-29T16-33-43.166964.json,,,,,
netcat420/MFANN-llama3.1-abliterated-v2,6.201041666666668,True,real_attachments/C_efficiency_evolution/detailed_results/netcat420_MFANN-llama3.1-abliterated-v2/results_2024-10-07T21-53-39.588918.json,,,,,
netcat420/MFANN-phigments-slerp-V3.3,11.219010416666663,True,real_attachments/C_efficiency_evolution/detailed_results/netcat420_MFANN-phigments-slerp-V3.3/results_2025-02-07T13-31-54.238006.json,,,,,
netcat420/Qwen2.5-Coder-Scholar-7B-Abliterated-MFANN,9.63046875,True,real_attachments/C_efficiency_evolution/detailed_results/netcat420_Qwen2.5-Coder-Scholar-7B-Abliterated-MFANN/results_2025-01-01T06-39-22.095522.json,9.63046875,chat_finetuned,25.396741920049962,2025-01-01,0.0
netcat420/Qwen2.5-DeepSeek-R1-MFANN-Slerp-7b,2.232291666666667,True,real_attachments/C_efficiency_evolution/detailed_results/netcat420_Qwen2.5-DeepSeek-R1-MFANN-Slerp-7b/results_2025-01-23T15-12-53.603377.json,,,,,
netcat420/qwen2.5-MFANN-7b-SLERPv1.1,10.112760416666669,True,real_attachments/C_efficiency_evolution/detailed_results/netcat420_qwen2.5-MFANN-7b-SLERPv1.1/results_2025-02-04T21-31-25.930696.json,,,,,
newsbang/Homer-v1.0-Qwen2.5-72B,17.89947916666667,True,real_attachments/C_efficiency_evolution/detailed_results/newsbang_Homer-v1.0-Qwen2.5-72B/results_2024-12-26T12-15-06.766575.json,17.89947916666667,chat_finetuned,47.464376408361055,2024-12-16,0.0
newsbang/Homer-v1.0-Qwen2.5-7B,11.877864583333334,True,real_attachments/C_efficiency_evolution/detailed_results/newsbang_Homer-v1.0-Qwen2.5-7B/results_2024-12-04T09-06-52.510223.json,11.877864583333334,chat_finetuned,32.62357604568507,2024-12-04,0.0
nhyha/N3N_gemma-2-9b-it_20241110_2026,9.779427083333337,True,real_attachments/C_efficiency_evolution/detailed_results/nhyha_N3N_gemma-2-9b-it_20241110_2026/results_2024-11-12T08-54-24.495501.json,9.779427083333337,chat_finetuned,29.119584296103525,2024-11-12,0.0
nhyha/merge_Qwen2.5-7B-Instruct_20241023_0314,11.099479166666669,True,real_attachments/C_efficiency_evolution/detailed_results/nhyha_merge_Qwen2.5-7B-Instruct_20241023_0314/results_2024-11-06T18-12-26.688718.json,11.099479166666669,chat_finetuned,31.4495497347518,2024-11-04,0.0
nisten/franqwenstein-35b,22.119270833333328,True,real_attachments/C_efficiency_evolution/detailed_results/nisten_franqwenstein-35b/results_2024-10-05T10-03-58.318391.json,22.119270833333328,merge,36.57133162829882,2024-10-03,0.0
nisten/tqwendo-36b,15.103124999999997,True,real_attachments/C_efficiency_evolution/detailed_results/nisten_tqwendo-36b/results_2024-12-22T23-45-54.604790.json,15.103124999999997,chat_finetuned,37.04172043230399,2024-12-21,0.0
nlpguy/Mistral-NeMo-Minitron-Upscale-v3,9.430468750000001,True,real_attachments/C_efficiency_evolution/detailed_results/nlpguy_Mistral-NeMo-Minitron-Upscale-v3/results_2024-10-05T08-21-18.309431.json,,,,,
noname0202/gemma-2-2b-it-ties,7.144010416666667,True,real_attachments/C_efficiency_evolution/detailed_results/noname0202_gemma-2-2b-it-ties/results_2025-01-29T05-25-09.210151.json,,,,,
noname0202/gemma-2-9b-sft-jp-en-zh-v1,9.101302083333335,True,real_attachments/C_efficiency_evolution/detailed_results/noname0202_gemma-2-9b-sft-jp-en-zh-v1/results_2025-01-08T04-41-53.656589.json,,,,,
noname0202/gemma-2-9b-sft-jp-en-zh-v2,7.011197916666666,True,real_attachments/C_efficiency_evolution/detailed_results/noname0202_gemma-2-9b-sft-jp-en-zh-v2/results_2025-01-07T20-57-33.217458.json,,,,,
noname0202/llama-math-1b-r16-0to512tokens-test,1.255729166666667,True,real_attachments/C_efficiency_evolution/detailed_results/noname0202_llama-math-1b-r16-0to512tokens-test/results_2025-01-25T01-09-20.202486.json,,,,,
noname0202/llama-math-1b-r32-0to512tokens-test,1.6851562500000004,True,real_attachments/C_efficiency_evolution/detailed_results/noname0202_llama-math-1b-r32-0to512tokens-test/results_2025-01-24T17-05-57.480718.json,,,,,
noname0202/llama-math-1b-r32-test,2.3223958333333345,True,real_attachments/C_efficiency_evolution/detailed_results/noname0202_llama-math-1b-r32-test/results_2025-01-24T02-10-47.083582.json,,,,,
notbdq/Qwen2.5-14B-Instruct-1M-GRPO-Reasoning,11.350000000000003,True,real_attachments/C_efficiency_evolution/detailed_results/notbdq_Qwen2.5-14B-Instruct-1M-GRPO-Reasoning/results_2025-02-06T03-51-24.710492.json,,,,,
nvidia/Mistral-NeMo-Minitron-8B-Base,9.773958333333335,True,real_attachments/C_efficiency_evolution/detailed_results/nvidia_Mistral-NeMo-Minitron-8B-Base/results_2024-08-22T14-14-50.709024.json,,,,,
oopere/Llama-FinSent-S,5.371614583333334,True,real_attachments/C_efficiency_evolution/detailed_results/oopere_Llama-FinSent-S/results_2025-02-18T20-22-42.735112.json,5.371614583333334,chat_finetuned,5.811805794594786,2025-02-08,0.0
oopere/pruned20-llama-1b,4.393229166666667,True,real_attachments/C_efficiency_evolution/detailed_results/oopere_pruned20-llama-1b/results_2024-11-18T11-38-47.380381.json,4.393229166666667,merge,4.989519628599489,2024-11-16,0.0
oopere/pruned20-llama-3.2-3b,2.897135416666666,True,real_attachments/C_efficiency_evolution/detailed_results/oopere_pruned20-llama-3.2-3b/results_2024-12-18T02-55-41.663089.json,2.897135416666666,pretrained,5.656559779770029,2024-12-12,0.0
oopere/pruned40-llama-1b,12.483333333333334,True,real_attachments/C_efficiency_evolution/detailed_results/oopere_pruned40-llama-1b/results_2024-11-26T09-36-00.519182.json,12.483333333333334,pretrained,6.608357202270273,2024-11-26,0.0
oopere/pruned40-llama-3.2-1B,13.238281250000002,True,real_attachments/C_efficiency_evolution/detailed_results/oopere_pruned40-llama-3.2-1B/results_2025-02-24T17-19-19.767214.json,13.238281250000002,pretrained,6.877693765654211,2025-02-19,0.0
oopere/pruned60-llama-1b,9.432291666666666,True,real_attachments/C_efficiency_evolution/detailed_results/oopere_pruned60-llama-1b/results_2024-11-25T21-20-53.829333.json,9.432291666666666,pretrained,5.46756672622325,2024-11-25,0.0
orai-nlp/Llama-eus-8B,8.285677083333335,True,real_attachments/C_efficiency_evolution/detailed_results/orai-nlp_Llama-eus-8B/results_2024-09-30T09-13-52.100084.json,,,,,
pankajmathur/orca_mini_phi-4,18.254427083333336,True,real_attachments/C_efficiency_evolution/detailed_results/pankajmathur_orca_mini_phi-4/results_2025-01-22T03-35-35.081545.json,18.254427083333336,chat_finetuned,40.67628242552744,2025-01-22,0.0
princeton-nlp/Llama-3-8B-ProLong-64k-Base,9.099479166666667,True,real_attachments/C_efficiency_evolution/detailed_results/princeton-nlp_Llama-3-8B-ProLong-64k-Base/results_2024-09-18T14-45-43.303270.json,14.62317708333333,continued,21.65219829915355,2024-10-16,-5.523697916666663
princeton-nlp/Llama-3-8B-ProLong-64k-Instruct,11.232812499999994,True,real_attachments/C_efficiency_evolution/detailed_results/princeton-nlp_Llama-3-8B-ProLong-64k-Instruct/results_2024-09-18T14-44-03.560285.json,14.595572916666669,chat_finetuned,23.020991799409,2024-10-16,-3.3627604166666742
princeton-nlp/Llama-3-Base-8B-SFT-DPO,7.842447916666668,True,real_attachments/C_efficiency_evolution/detailed_results/princeton-nlp_Llama-3-Base-8B-SFT-DPO/results_2024-10-07T05-21-18.044555.json,,,,,
princeton-nlp/Llama-3-Base-8B-SFT-IPO,7.960156250000001,True,real_attachments/C_efficiency_evolution/detailed_results/princeton-nlp_Llama-3-Base-8B-SFT-IPO/results_2024-10-07T05-40-23.259485.json,,,,,
princeton-nlp/Llama-3-Base-8B-SFT-KTO,5.5914062499999995,True,real_attachments/C_efficiency_evolution/detailed_results/princeton-nlp_Llama-3-Base-8B-SFT-KTO/results_2024-10-07T05-49-48.712363.json,,,,,
princeton-nlp/Llama-3-Base-8B-SFT-ORPO,7.634635416666668,True,real_attachments/C_efficiency_evolution/detailed_results/princeton-nlp_Llama-3-Base-8B-SFT-ORPO/results_2024-10-07T05-31-32.253469.json,,,,,
princeton-nlp/Llama-3-Base-8B-SFT-RDPO,8.909114583333336,True,real_attachments/C_efficiency_evolution/detailed_results/princeton-nlp_Llama-3-Base-8B-SFT-RDPO/results_2024-10-07T05-55-40.287392.json,,,,,
princeton-nlp/Llama-3-Base-8B-SFT-RRHF,7.561979166666668,True,real_attachments/C_efficiency_evolution/detailed_results/princeton-nlp_Llama-3-Base-8B-SFT-RRHF/results_2024-10-07T05-47-57.293676.json,,,,,
princeton-nlp/Llama-3-Base-8B-SFT-SLiC-HF,10.270052083333335,True,real_attachments/C_efficiency_evolution/detailed_results/princeton-nlp_Llama-3-Base-8B-SFT-SLiC-HF/results_2024-10-07T06-16-48.580292.json,,,,,
princeton-nlp/Llama-3-Instruct-8B-CPO-v0.2,2.8382812499999996,True,real_attachments/C_efficiency_evolution/detailed_results/princeton-nlp_Llama-3-Instruct-8B-CPO-v0.2/results_2024-09-29T00-09-50.771451.json,,,,,
princeton-nlp/Llama-3-Instruct-8B-DPO,3.9265625000000015,True,real_attachments/C_efficiency_evolution/detailed_results/princeton-nlp_Llama-3-Instruct-8B-DPO/results_2024-09-29T01-09-15.396608.json,,,,,
princeton-nlp/Llama-3-Instruct-8B-RDPO,4.201041666666666,True,real_attachments/C_efficiency_evolution/detailed_results/princeton-nlp_Llama-3-Instruct-8B-RDPO/results_2024-09-29T00-03-19.447694.json,,,,,
princeton-nlp/Llama-3-Instruct-8B-RRHF-v0.2,5.089322916666668,True,real_attachments/C_efficiency_evolution/detailed_results/princeton-nlp_Llama-3-Instruct-8B-RRHF-v0.2/results_2024-10-07T05-52-18.234908.json,,,,,
princeton-nlp/Llama-3-Instruct-8B-SimPO,8.154166666666669,True,real_attachments/C_efficiency_evolution/detailed_results/princeton-nlp_Llama-3-Instruct-8B-SimPO/results_2024-09-28T23-44-35.094681.json,,,,,
princeton-nlp/Mistral-7B-Base-SFT-CPO,9.252083333333333,True,real_attachments/C_efficiency_evolution/detailed_results/princeton-nlp_Mistral-7B-Base-SFT-CPO/results_2024-10-07T05-44-33.093002.json,,,,,
princeton-nlp/Mistral-7B-Base-SFT-DPO,9.628645833333332,True,real_attachments/C_efficiency_evolution/detailed_results/princeton-nlp_Mistral-7B-Base-SFT-DPO/results_2024-10-07T05-17-08.148062.json,,,,,
princeton-nlp/Mistral-7B-Base-SFT-RDPO,4.275520833333334,True,real_attachments/C_efficiency_evolution/detailed_results/princeton-nlp_Mistral-7B-Base-SFT-RDPO/results_2024-10-07T05-48-52.432475.json,,,,,
princeton-nlp/Mistral-7B-Base-SFT-SLiC-HF,11.527083333333332,True,real_attachments/C_efficiency_evolution/detailed_results/princeton-nlp_Mistral-7B-Base-SFT-SLiC-HF/results_2024-10-07T05-56-14.688403.json,,,,,
princeton-nlp/Mistral-7B-Base-SFT-SimPO,8.0328125,True,real_attachments/C_efficiency_evolution/detailed_results/princeton-nlp_Mistral-7B-Base-SFT-SimPO/results_2024-09-21T10-30-35.004520.json,,,,,
princeton-nlp/Mistral-7B-Instruct-DPO,5.750000000000001,True,real_attachments/C_efficiency_evolution/detailed_results/princeton-nlp_Mistral-7B-Instruct-DPO/results_2024-10-07T05-16-04.705100.json,,,,,
princeton-nlp/Mistral-7B-Instruct-IPO,12.785416666666668,True,real_attachments/C_efficiency_evolution/detailed_results/princeton-nlp_Mistral-7B-Instruct-IPO/results_2024-10-07T05-39-53.799634.json,,,,,
princeton-nlp/Mistral-7B-Instruct-KTO,7.408854166666667,True,real_attachments/C_efficiency_evolution/detailed_results/princeton-nlp_Mistral-7B-Instruct-KTO/results_2024-10-07T05-54-00.828203.json,,,,,
princeton-nlp/Mistral-7B-Instruct-SLiC-HF,6.712760416666666,True,real_attachments/C_efficiency_evolution/detailed_results/princeton-nlp_Mistral-7B-Instruct-SLiC-HF/results_2024-10-16T17-55-37.345668.json,,,,,
princeton-nlp/Sheared-LLaMA-1.3B,3.5794270833333326,True,real_attachments/C_efficiency_evolution/detailed_results/princeton-nlp_Sheared-LLaMA-1.3B/results_2024-07-30T07-27-05.879406.json,3.5794270833333326,pretrained,5.580925572139816,2024-07-29,0.0
princeton-nlp/gemma-2-9b-it-DPO,5.653906250000001,True,real_attachments/C_efficiency_evolution/detailed_results/princeton-nlp_gemma-2-9b-it-DPO/results_2024-09-20T04-06-40.646930.json,,,,,
princeton-nlp/gemma-2-9b-it-SimPO,10.340364583333338,True,real_attachments/C_efficiency_evolution/detailed_results/princeton-nlp_gemma-2-9b-it-SimPO/results_2024-08-12T11-27-16.600007.json,10.340364583333338,chat_finetuned,22.3449346084354,2024-08-10,0.0
prithivMLmods/Galactic-Qwen-14B-Exp2,28.489843749999995,True,real_attachments/C_efficiency_evolution/detailed_results/prithivMLmods_Galactic-Qwen-14B-Exp2/results_2025-03-13T12-44-48.264475.json,28.489843749999995,chat_finetuned,43.56371836153858,2025-03-13,0.0
prithivMLmods/Llama-3.1-8B-Open-SFT,8.72890625,True,real_attachments/C_efficiency_evolution/detailed_results/prithivMLmods_Llama-3.1-8B-Open-SFT/results_2025-01-13T20-41-48.426106.json,8.72890625,chat_finetuned,21.04370403547396,2025-01-12,0.0
prithivMLmods/Llama-3.2-6B-AlgoCode,7.701302083333332,True,real_attachments/C_efficiency_evolution/detailed_results/prithivMLmods_Llama-3.2-6B-AlgoCode/results_2025-01-13T20-08-17.772449.json,7.701302083333332,chat_finetuned,9.301000017101474,2025-01-12,0.0
prithivMLmods/Llama-Express.1-Math,0.8263020833333333,True,real_attachments/C_efficiency_evolution/detailed_results/prithivMLmods_Llama-Express.1-Math/results_2025-01-25T08-10-21.262789.json,0.8263020833333333,chat_finetuned,12.170622691501343,2025-01-25,0.0
prithivMLmods/Magellanic-Qwen-25B-R999,5.155989583333334,True,real_attachments/C_efficiency_evolution/detailed_results/prithivMLmods_Magellanic-Qwen-25B-R999/results_2025-03-05T16-27-25.331314.json,,,,,
prithivMLmods/Phi-4-Empathetic,22.725260416666668,True,real_attachments/C_efficiency_evolution/detailed_results/prithivMLmods_Phi-4-Empathetic/results_2025-01-13T19-33-26.604717.json,22.725260416666668,chat_finetuned,28.208396720096133,2025-01-12,0.0
prithivMLmods/Phi-4-Math-IO,20.64479166666666,True,real_attachments/C_efficiency_evolution/detailed_results/prithivMLmods_Phi-4-Math-IO/results_2025-01-13T19-05-26.192612.json,20.64479166666666,chat_finetuned,31.821782745368306,2025-01-12,0.0
prithivMLmods/Phi-4-o1,22.154687499999994,True,real_attachments/C_efficiency_evolution/detailed_results/prithivMLmods_Phi-4-o1/results_2025-01-13T10-17-40.927521.json,22.15468749999999,chat_finetuned,30.20428963456544,2025-01-09,3.552713678800501e-15
prithivMLmods/Phi4-Super,23.28020833333333,True,real_attachments/C_efficiency_evolution/detailed_results/prithivMLmods_Phi4-Super/results_2025-01-23T15-21-28.283497.json,,,,,
prithivMLmods/Primal-Opus-14B-Optimus-v1,20.489843749999995,True,real_attachments/C_efficiency_evolution/detailed_results/prithivMLmods_Primal-Opus-14B-Optimus-v1/results_2025-02-05T03-05-18.841754.json,20.489843749999995,chat_finetuned,36.0644115881976,2025-02-03,0.0
prithivMLmods/Primal-Opus-14B-Optimus-v2,21.14869791666666,True,real_attachments/C_efficiency_evolution/detailed_results/prithivMLmods_Primal-Opus-14B-Optimus-v2/results_2025-02-27T21-05-40.220144.json,21.14869791666666,chat_finetuned,40.91271332337514,2025-02-27,0.0
prithivMLmods/Qwen2.5-14B-DeepSeek-R1-1M,27.097656249999996,True,real_attachments/C_efficiency_evolution/detailed_results/prithivMLmods_Qwen2.5-14B-DeepSeek-R1-1M/results_2025-01-30T04-27-35.041591.json,,,,,
qingy2019/LLaMa_3.2_3B_Catalysts,7.946354166666668,True,real_attachments/C_efficiency_evolution/detailed_results/qingy2019_LLaMa_3.2_3B_Catalysts/results_2024-10-29T15-22-23.624392.json,7.946354166666668,chat_finetuned,19.930930685006384,2024-10-29,0.0
qingy2019/OpenMath2-Llama3.1-8B,2.010677083333334,True,real_attachments/C_efficiency_evolution/detailed_results/qingy2019_OpenMath2-Llama3.1-8B/results_2024-11-23T05-44-15.106083.json,,,,,
qingy2019/Qwen2.5-Ultimate-14B-Instruct,9.887500000000003,True,real_attachments/C_efficiency_evolution/detailed_results/qingy2019_Qwen2.5-Ultimate-14B-Instruct/results_2024-12-04T01-04-16.559323.json,,,,,
qingy2024/QwEnlarge-16B-Instruct,9.898958333333333,True,real_attachments/C_efficiency_evolution/detailed_results/qingy2024_QwEnlarge-16B-Instruct/results_2025-03-07T00-57-57.081072.json,,,,,
qingy2024/Qwen2.5-4B,16.528906250000002,True,real_attachments/C_efficiency_evolution/detailed_results/qingy2024_Qwen2.5-4B/results_2025-01-16T20-58-17.085742.json,,,,,
qingy2024/Qwen2.5-Coder-Draft-1.5B-Instruct,2.6166666666666667,True,real_attachments/C_efficiency_evolution/detailed_results/qingy2024_Qwen2.5-Coder-Draft-1.5B-Instruct/results_2025-02-01T05-41-05.748637.json,,,,,
qingy2024/Qwen2.5-Math-14B-Instruct-Preview,10.165625,True,real_attachments/C_efficiency_evolution/detailed_results/qingy2024_Qwen2.5-Math-14B-Instruct-Preview/results_2024-12-11T02-56-45.077518.json,10.165625,chat_finetuned,39.91810674601417,2024-12-10,0.0
qingy2024/Qwen2.6-14B-Instruct,16.017187500000002,True,real_attachments/C_efficiency_evolution/detailed_results/qingy2024_Qwen2.6-14B-Instruct/results_2024-12-05T10-23-22.933498.json,,,,,
qq8933/OpenLongCoT-Base-Gemma2-2B,2.114583333333334,True,real_attachments/C_efficiency_evolution/detailed_results/qq8933_OpenLongCoT-Base-Gemma2-2B/results_2024-11-12T14-30-23.544874.json,,,,,
rasyosef/Phi-1_5-Instruct-v0.1,3.4028645833333346,True,real_attachments/C_efficiency_evolution/detailed_results/rasyosef_Phi-1_5-Instruct-v0.1/results_2024-08-12T09-47-31.671049.json,3.402864583333334,chat_finetuned,6.864747864349624,2024-07-25,4.440892098500626e-16
rasyosef/phi-2-instruct-apo,3.6106770833333353,True,real_attachments/C_efficiency_evolution/detailed_results/rasyosef_phi-2-instruct-apo/results_2024-09-18T08-11-57.792002.json,3.6106770833333353,chat_finetuned,12.547052522669906,2024-09-17,0.0
recoilme/Gemma-2-Ataraxy-Gemmasutra-9B-slerp,12.39322916666667,True,real_attachments/C_efficiency_evolution/detailed_results/recoilme_Gemma-2-Ataraxy-Gemmasutra-9B-slerp/results_2024-09-14T00-39-37.734233.json,12.39322916666667,chat_finetuned,29.873991757143997,2024-09-12,0.0
rhysjones/phi-2-orange-v2,6.969791666666668,True,real_attachments/C_efficiency_evolution/detailed_results/rhysjones_phi-2-orange-v2/results_2024-08-13T01-27-07.339858.json,6.969791666666668,chat_finetuned,15.324185096371076,2024-06-28,0.0
riaz/FineLlama-3.1-8B,7.76979166666667,True,real_attachments/C_efficiency_evolution/detailed_results/riaz_FineLlama-3.1-8B/results_2024-10-12T19-57-08.713841.json,7.76979166666667,chat_finetuned,17.660648060300424,2024-10-12,0.0
rombodawg/Rombos-Coder-V2.5-Qwen-14b,6.965625,True,real_attachments/C_efficiency_evolution/detailed_results/rombodawg_Rombos-Coder-V2.5-Qwen-14b/results_2025-02-06T11-46-45.885563.json,6.965625,chat_finetuned,32.44560837708102,2025-02-06,0.0
rombodawg/Rombos-LLM-V2.5-Qwen-0.5b,0.7812499999999996,True,real_attachments/C_efficiency_evolution/detailed_results/rombodawg_Rombos-LLM-V2.5-Qwen-0.5b/results_2024-09-29T12-43-27.493254.json,0.7812499999999996,chat_finetuned,9.38591999487923,2024-09-29,0.0
rombodawg/Rombos-LLM-V2.5-Qwen-14b,18.832812499999992,True,real_attachments/C_efficiency_evolution/detailed_results/rombodawg_Rombos-LLM-V2.5-Qwen-14b/results_2024-09-29T13-44-29.673248.json,18.832812499999992,chat_finetuned,39.50095591766085,2024-09-29,0.0
rombodawg/Rombos-LLM-V2.5-Qwen-32b,24.727083333333336,True,real_attachments/C_efficiency_evolution/detailed_results/rombodawg_Rombos-LLM-V2.5-Qwen-32b/results_2024-10-10T04-14-28.109800.json,24.727083333333336,chat_finetuned,45.83301184834238,2024-10-07,0.0
rombodawg/Rombos-LLM-V2.5.1-Qwen-3b,7.822656250000001,True,real_attachments/C_efficiency_evolution/detailed_results/rombodawg_Rombos-LLM-V2.5.1-Qwen-3b/results_2024-10-08T16-02-31.462708.json,,,,,
rombodawg/rombos_Replete-Coder-Llama3-8B,7.712760416666666,True,real_attachments/C_efficiency_evolution/detailed_results/rombodawg_rombos_Replete-Coder-Llama3-8B/results_2024-10-15T15-33-39.386678.json,,,,,
rsh345/mistral-ft-optimized-1218-NeuralHermes-2.5-Mistral-7B,17.26640625,True,real_attachments/C_efficiency_evolution/detailed_results/rsh345_mistral-ft-optimized-1218-NeuralHermes-2.5-Mistral-7B/results_2025-01-27T23-02-49.046436.json,,,,,
sabersaleh/Llama2-7B-SimPO,8.587239583333334,True,real_attachments/C_efficiency_evolution/detailed_results/sabersaleh_Llama2-7B-SimPO/results_2024-12-02T04-10-10.920662.json,8.587239583333334,chat_finetuned,7.610783251808889,2024-11-30,0.0
sabersaleh/Llama3,7.101302083333334,True,real_attachments/C_efficiency_evolution/detailed_results/sabersaleh_Llama3/results_2024-11-30T01-19-25.401264.json,7.101302083333334,chat_finetuned,17.458608830485915,2024-11-29,0.0
sabersalehk/Llama3-001-300,9.366145833333334,True,real_attachments/C_efficiency_evolution/detailed_results/sabersalehk_Llama3-001-300/results_2024-12-03T20-07-28.344986.json,9.366145833333334,chat_finetuned,17.12107684025811,2024-12-03,0.0
sabersalehk/Llama3_01_300,9.144531250000002,True,real_attachments/C_efficiency_evolution/detailed_results/sabersalehk_Llama3_01_300/results_2024-12-03T20-08-26.893164.json,9.144531250000002,chat_finetuned,16.69882386756007,2024-12-03,0.0
sequelbox/Llama3.1-70B-PlumChat,20.40520833333333,True,real_attachments/C_efficiency_evolution/detailed_results/sequelbox_Llama3.1-70B-PlumChat/results_2024-11-28T10-33-34.389076.json,20.138541666666665,merge,37.409205844366646,2024-11-27,0.2666666666666657
sequelbox/Llama3.1-8B-MOTH,3.7872395833333345,True,real_attachments/C_efficiency_evolution/detailed_results/sequelbox_Llama3.1-8B-MOTH/results_2024-09-11T21-30-25.104353.json,4.047916666666668,chat_finetuned,20.83650360825358,2024-09-19,-0.26067708333333384
sequelbox/Llama3.1-8B-PlumCode,8.967968750000002,True,real_attachments/C_efficiency_evolution/detailed_results/sequelbox_Llama3.1-8B-PlumCode/results_2024-10-04T01-24-56.330833.json,8.967968750000002,chat_finetuned,9.823999899420981,2024-10-03,0.0
sequelbox/Llama3.1-8B-PlumMath,8.981770833333334,True,real_attachments/C_efficiency_evolution/detailed_results/sequelbox_Llama3.1-8B-PlumMath/results_2024-10-04T01-24-04.196002.json,8.981770833333334,chat_finetuned,13.936685074512214,2024-10-03,0.0
sethuiyer/Llama-3.1-8B-Experimental-1208-Instruct,7.607031250000003,True,real_attachments/C_efficiency_evolution/detailed_results/sethuiyer_Llama-3.1-8B-Experimental-1208-Instruct/results_2025-01-18T17-10-57.107525.json,,,,,
sethuiyer/Llamaverse-3.1-8B-Instruct,8.420833333333336,True,real_attachments/C_efficiency_evolution/detailed_results/sethuiyer_Llamaverse-3.1-8B-Instruct/results_2025-01-14T13-12-45.227965.json,8.420833333333336,merge,26.19209991300966,2025-01-14,0.0
sethuiyer/Qwen2.5-7B-Anvita,13.473697916666671,True,real_attachments/C_efficiency_evolution/detailed_results/sethuiyer_Qwen2.5-7B-Anvita/results_2024-10-27T11-40-06.834908.json,13.473697916666673,merge,29.898362120988242,2024-10-27,-1.7763568394002505e-15
shastraai/Shastra-LLAMA2-Math-Commonsense-SFT,4.8226562500000005,True,real_attachments/C_efficiency_evolution/detailed_results/shastraai_Shastra-LLAMA2-Math-Commonsense-SFT/results_2024-10-27T21-01-52.917860.json,,,,,
shivank21/mistral_dpo_self,3.683333333333334,True,real_attachments/C_efficiency_evolution/detailed_results/shivank21_mistral_dpo_self/results_2025-02-05T16-15-31.122108.json,,,,,
siqi00/Mistral-7B-DFT,10.622656249999999,True,real_attachments/C_efficiency_evolution/detailed_results/siqi00_Mistral-7B-DFT/results_2025-02-06T03-27-45.600986.json,10.62265625,chat_finetuned,20.75522180931725,2025-02-05,-1.7763568394002505e-15
skymizer/Llama2-7b-sft-chat-custom-template-dpo,14.124739583333332,True,real_attachments/C_efficiency_evolution/detailed_results/skymizer_Llama2-7b-sft-chat-custom-template-dpo/results_2024-07-22T09-51-58.414875.json,14.124739583333332,chat_finetuned,10.140548181946363,2024-07-01,0.0
someon98/qwen-CoMa-0.5b,8.704947916666667,True,real_attachments/C_efficiency_evolution/detailed_results/someon98_qwen-CoMa-0.5b/results_2024-12-29T16-17-57.730788.json,,,,,
sometimesanotion/Qwen2.5-14B-Vimarckoso-v2,19.503645833333334,True,real_attachments/C_efficiency_evolution/detailed_results/sometimesanotion_Qwen2.5-14B-Vimarckoso-v2/results_2024-12-26T12-16-22.404204.json,,,,,
sometimesanotion/Qwen2.5-14B-Vimarckoso-v3,19.385937499999997,True,real_attachments/C_efficiency_evolution/detailed_results/sometimesanotion_Qwen2.5-14B-Vimarckoso-v3/results_2024-12-27T12-07-58.633030.json,19.385937499999997,merge,41.026521660758924,2024-12-27,0.0
sometimesanotion/Qwen2.5-14B-Vimarckoso-v3-IF-Variant,28.389583333333334,True,real_attachments/C_efficiency_evolution/detailed_results/sometimesanotion_Qwen2.5-14B-Vimarckoso-v3-IF-Variant/results_2024-12-28T09-42-11.707881.json,,,,,
sometimesanotion/Qwen2.5-7B-Gordion-v0.1-Prose,14.70546875,True,real_attachments/C_efficiency_evolution/detailed_results/sometimesanotion_Qwen2.5-7B-Gordion-v0.1-Prose/results_2025-02-18T19-58-57.959022.json,,,,,
sometimesanotion/Qwentessential-14B-v1,20.778124999999996,True,real_attachments/C_efficiency_evolution/detailed_results/sometimesanotion_Qwentessential-14B-v1/results_2025-02-18T15-25-19.264487.json,,,,,
sometimesanotion/Qwentinuum-14B-v1,19.156510416666666,True,real_attachments/C_efficiency_evolution/detailed_results/sometimesanotion_Qwentinuum-14B-v1/results_2024-12-21T18-45-12.892338.json,,,,,
sometimesanotion/Qwentinuum-14B-v2,18.193750000000005,True,real_attachments/C_efficiency_evolution/detailed_results/sometimesanotion_Qwentinuum-14B-v2/results_2024-12-22T02-16-47.237976.json,,,,,
sometimesanotion/Qwentinuum-14B-v6,21.178124999999994,True,real_attachments/C_efficiency_evolution/detailed_results/sometimesanotion_Qwentinuum-14B-v6/results_2024-12-22T14-21-58.905643.json,,,,,
sometimesanotion/Qwentinuum-14B-v7,19.94869791666666,True,real_attachments/C_efficiency_evolution/detailed_results/sometimesanotion_Qwentinuum-14B-v7/results_2024-12-22T18-57-51.290456.json,,,,,
sometimesanotion/Qwentinuum-14B-v8,20.74869791666666,True,real_attachments/C_efficiency_evolution/detailed_results/sometimesanotion_Qwentinuum-14B-v8/results_2024-12-22T19-01-02.783885.json,,,,,
sometimesanotion/Qwenvergence-14B-v0.6-004-model_stock,23.348697916666662,True,real_attachments/C_efficiency_evolution/detailed_results/sometimesanotion_Qwenvergence-14B-v0.6-004-model_stock/results_2025-01-03T08-49-30.636647.json,,,,,
sometimesanotion/Qwenvergence-14B-v3,20.740885416666668,True,real_attachments/C_efficiency_evolution/detailed_results/sometimesanotion_Qwenvergence-14B-v3/results_2024-12-21T06-57-25.308738.json,,,,,
sometimesanotion/Qwenvergence-14B-v3-Prose,21.7703125,True,real_attachments/C_efficiency_evolution/detailed_results/sometimesanotion_Qwenvergence-14B-v3-Prose/results_2024-12-21T04-28-21.825696.json,21.7703125,merge,37.52186681948957,2024-12-21,0.0
sometimesanotion/Qwenvergence-14B-v3-Reason,18.45260416666667,True,real_attachments/C_efficiency_evolution/detailed_results/sometimesanotion_Qwenvergence-14B-v3-Reason/results_2024-12-21T06-54-07.153436.json,,,,,
sometimesanotion/Qwenvergence-14B-v8,19.09765625,True,real_attachments/C_efficiency_evolution/detailed_results/sometimesanotion_Qwenvergence-14B-v8/results_2025-01-16T01-39-52.248754.json,,,,,
sometimesanotion/Qwenvergence-14B-v9,25.23098958333333,True,real_attachments/C_efficiency_evolution/detailed_results/sometimesanotion_Qwenvergence-14B-v9/results_2025-01-17T15-31-48.086833.json,,,,,
spmurrayzzz/Mistral-Syndicate-7B,13.619010416666669,True,real_attachments/C_efficiency_evolution/detailed_results/spmurrayzzz_Mistral-Syndicate-7B/results_2024-07-25T14-22-01.504229.json,13.619010416666669,chat_finetuned,14.012817664482597,2024-06-27,0.0
ssmits/Qwen2.5-95B-Instruct,13.61484375,True,real_attachments/C_efficiency_evolution/detailed_results/ssmits_Qwen2.5-95B-Instruct/results_2024-10-06T06-27-47.292101.json,,,,,
suayptalha/DeepSeek-R1-Distill-Llama-3B,2.9145833333333346,True,real_attachments/C_efficiency_evolution/detailed_results/suayptalha_DeepSeek-R1-Distill-Llama-3B/results_2025-02-24T20-06-57.063798.json,2.914583333333334,chat_finetuned,23.27368245692195,2025-02-24,4.440892098500626e-16
suayptalha/Komodo-Llama-3.2-3B-v2-fp16,3.3716145833333333,True,real_attachments/C_efficiency_evolution/detailed_results/suayptalha_Komodo-Llama-3.2-3B-v2-fp16/results_2024-11-20T01-03-58.085488.json,3.3716145833333333,chat_finetuned,20.317372826484497,2024-11-19,0.0
sumink/Qwenftmodel,4.61484375,True,real_attachments/C_efficiency_evolution/detailed_results/sumink_Qwenftmodel/results_2024-12-05T12-23-41.024721.json,,,,,
sumink/bbhqwen,13.371614583333335,True,real_attachments/C_efficiency_evolution/detailed_results/sumink_bbhqwen/results_2025-02-25T21-41-00.885835.json,,,,,
sumink/bbhqwen2,14.414843750000001,True,real_attachments/C_efficiency_evolution/detailed_results/sumink_bbhqwen2/results_2025-02-26T02-23-52.551465.json,,,,,
sumink/bbhqwen4,8.295312499999998,True,real_attachments/C_efficiency_evolution/detailed_results/sumink_bbhqwen4/results_2025-02-26T02-24-49.960421.json,,,,,
sumink/bbhqwen5,10.142187499999999,True,real_attachments/C_efficiency_evolution/detailed_results/sumink_bbhqwen5/results_2025-02-26T03-28-13.192529.json,,,,,
sumink/bbhqwen6,2.2460937499999996,True,real_attachments/C_efficiency_evolution/detailed_results/sumink_bbhqwen6/results_2025-02-26T02-59-59.806428.json,,,,,
synergetic/FrankenQwen2.5-14B,5.532552083333332,True,real_attachments/C_efficiency_evolution/detailed_results/synergetic_FrankenQwen2.5-14B/results_2024-12-02T04-24-32.113248.json,,,,,
tangledgroup/tangled-llama-pints-1.5b-v0.1-instruct,4.850260416666665,True,real_attachments/C_efficiency_evolution/detailed_results/tangledgroup_tangled-llama-pints-1.5b-v0.1-instruct/results_2024-09-03T07-42-32.532079.json,4.850260416666665,chat_finetuned,4.366498008182751,2024-08-29,0.0
tanliboy/lambda-qwen2.5-14b-dpo-test,12.587239583333336,True,real_attachments/C_efficiency_evolution/detailed_results/tanliboy_lambda-qwen2.5-14b-dpo-test/results_2024-09-27T22-59-32.436873.json,12.587239583333336,chat_finetuned,42.61740082662663,2024-09-20,0.0
tanliboy/lambda-qwen2.5-32b-dpo-test,13.328385416666663,True,real_attachments/C_efficiency_evolution/detailed_results/tanliboy_lambda-qwen2.5-32b-dpo-test/results_2024-10-07T14-01-59.393600.json,13.328385416666665,chat_finetuned,45.924592588188716,2024-09-30,-1.7763568394002505e-15
tensopolis/falcon3-10b-tensopolis-v1,8.095312500000002,True,real_attachments/C_efficiency_evolution/detailed_results/tensopolis_falcon3-10b-tensopolis-v1/results_2025-02-01T06-40-26.814340.json,,,,,
tensopolis/mistral-small-2501-tensopolis-v1,11.930729166666666,True,real_attachments/C_efficiency_evolution/detailed_results/tensopolis_mistral-small-2501-tensopolis-v1/results_2025-02-18T18-47-42.969024.json,11.930729166666666,merge,39.245150466059876,2025-02-08,0.0
tensopolis/phi-4-tensopolis-v1,9.995052083333336,True,real_attachments/C_efficiency_evolution/detailed_results/tensopolis_phi-4-tensopolis-v1/results_2025-02-18T14-54-38.286634.json,10.624479166666667,merge,40.45533321662008,2025-03-09,-0.6294270833333311
tensopolis/qwen2.5-14b-tensopolis-v1,9.706770833333335,True,real_attachments/C_efficiency_evolution/detailed_results/tensopolis_qwen2.5-14b-tensopolis-v1/results_2025-02-01T13-12-37.238511.json,11.283333333333331,merge,41.14159022263494,2025-03-09,-1.576562499999996
tensopolis/qwen2.5-7b-tensopolis-v1,10.038281250000002,True,real_attachments/C_efficiency_evolution/detailed_results/tensopolis_qwen2.5-7b-tensopolis-v1/results_2025-02-25T00-48-31.801446.json,13.467708333333334,merge,35.49167672948769,2025-03-07,-3.429427083333332
theo77186/Qwen2.5-Coder-7B-Instruct-20241106,9.475520833333334,True,real_attachments/C_efficiency_evolution/detailed_results/theo77186_Qwen2.5-Coder-7B-Instruct-20241106/results_2025-01-19T17-54-18.644052.json,9.475520833333334,chat_finetuned,28.330798858289842,2025-01-19,0.0
theprint/CleverBoi-Llama-3.1-8B-Instruct,8.279687500000003,True,real_attachments/C_efficiency_evolution/detailed_results/theprint_CleverBoi-Llama-3.1-8B-Instruct/results_2024-09-14T02-44-59.748963.json,8.279687500000003,chat_finetuned,13.970394725475051,2024-09-13,0.0
theprint/CleverBoi-Llama-3.1-8B-v2,6.716927083333334,True,real_attachments/C_efficiency_evolution/detailed_results/theprint_CleverBoi-Llama-3.1-8B-v2/results_2024-09-23T16-37-17.327998.json,6.716927083333334,chat_finetuned,14.145587569893708,2024-09-22,0.0
theprint/ReWiz-Llama-3.1-8B-v2,9.33854166666667,True,real_attachments/C_efficiency_evolution/detailed_results/theprint_ReWiz-Llama-3.1-8B-v2/results_2024-11-06T19-12-21.680195.json,9.33854166666667,chat_finetuned,15.893327785890378,2024-11-03,0.0
thomas-yanxin/XinYuan-Qwen2-1_5B,2.6244791666666685,True,real_attachments/C_efficiency_evolution/detailed_results/thomas-yanxin_XinYuan-Qwen2-1_5B/results_2024-09-18T07-53-12.933479.json,,,,,
tianyil1/MistralForCausalLM_Cal_DPO,7.540364583333335,True,real_attachments/C_efficiency_evolution/detailed_results/tianyil1_MistralForCausalLM_Cal_DPO/results_2025-01-25T10-12-42.974648.json,7.540364583333335,chat_finetuned,18.088644447193257,2025-01-25,0.0
tiiuae/Falcon3-10B-Base,14.173958333333331,True,real_attachments/C_efficiency_evolution/detailed_results/tiiuae_Falcon3-10B-Base/results_2024-12-12T21-20-43.803477.json,,,,,
tiiuae/Falcon3-1B-Instruct,10.561979166666667,True,real_attachments/C_efficiency_evolution/detailed_results/tiiuae_Falcon3-1B-Instruct/results_2024-12-16T10-36-28.445098.json,,,,,
tiiuae/Falcon3-3B-Base,6.273697916666667,True,real_attachments/C_efficiency_evolution/detailed_results/tiiuae_Falcon3-3B-Base/results_2024-12-13T11-06-08.865143.json,,,,,
tiiuae/Falcon3-7B-Instruct,21.167968749999996,True,real_attachments/C_efficiency_evolution/detailed_results/tiiuae_Falcon3-7B-Instruct/results_2024-12-16T13-16-31.959114.json,,,,,
tiiuae/Falcon3-Mamba-7B-Instruct,8.258072916666668,True,real_attachments/C_efficiency_evolution/detailed_results/tiiuae_Falcon3-Mamba-7B-Instruct/results_2024-12-13T11-42-41.018624.json,,,,,
tiiuae/falcon-11B,7.530729166666667,True,real_attachments/C_efficiency_evolution/detailed_results/tiiuae_falcon-11B/results_2024-06-17T17-56-25.833143.json,,,,,
tiiuae/falcon-40b,5.193229166666668,True,real_attachments/C_efficiency_evolution/detailed_results/tiiuae_falcon-40b/results_2024-06-20T06-09-03.551737.json,5.193229166666668,pretrained,11.40130446230009,2024-06-09,0.0
tiiuae/falcon-mamba-7b,10.862239583333334,True,real_attachments/C_efficiency_evolution/detailed_results/tiiuae_falcon-mamba-7b/results_2024-07-23T11-58-56.964566.json,,,,,
tinycompany/ShawtyIsBad-bgem3,5.916927083333333,True,real_attachments/C_efficiency_evolution/detailed_results/tinycompany_ShawtyIsBad-bgem3/results_2025-03-08T08-32-58.921643.json,5.916927083333333,pretrained,12.610397878155718,2025-03-08,0.0
tinycompany/ShawtyIsBad-e5-large,6.138541666666666,True,real_attachments/C_efficiency_evolution/detailed_results/tinycompany_ShawtyIsBad-e5-large/results_2025-03-08T08-45-33.614567.json,6.138541666666666,pretrained,12.316339936795012,2025-03-08,0.0
tinycompany/ShawtyIsBad-nomic1.5,5.4875,True,real_attachments/C_efficiency_evolution/detailed_results/tinycompany_ShawtyIsBad-nomic1.5/results_2025-03-08T17-51-05.875611.json,5.4875,pretrained,12.504999335501656,2025-03-08,0.0
tugstugi/Qwen2.5-7B-Instruct-QwQ-v0.1,5.061718750000002,True,real_attachments/C_efficiency_evolution/detailed_results/tugstugi_Qwen2.5-7B-Instruct-QwQ-v0.1/results_2025-01-20T01-06-51.096821.json,5.061718750000002,chat_finetuned,28.427900675364572,2025-01-19,0.0
unsloth/Llama-3.2-1B-Instruct-no-system-message,2.291145833333333,True,real_attachments/C_efficiency_evolution/detailed_results/unsloth_Llama-3.2-1B-Instruct-no-system-message/results_2025-01-24T03-48-55.154490.json,,,,,
unsloth/phi-4-unsloth-bnb-4bit,8.7578125,True,real_attachments/C_efficiency_evolution/detailed_results/unsloth_phi-4-unsloth-bnb-4bit/results_2025-01-09T10-28-37.423992.json,8.7578125,chat_finetuned,39.21645140571378,2025-01-09,0.0
uukuguy/speechless-code-mistral-7b-v1.0,14.772135416666666,True,real_attachments/C_efficiency_evolution/detailed_results/uukuguy_speechless-code-mistral-7b-v1.0/results_2024-07-22T12-34-36.172307.json,14.772135416666666,chat_finetuned,18.192591690325422,2024-06-26,0.0
uukuguy/speechless-instruct-mistral-7b-v0.2,21.172135416666666,True,real_attachments/C_efficiency_evolution/detailed_results/uukuguy_speechless-instruct-mistral-7b-v0.2/results_2024-08-13T03-33-29.481718.json,21.172135416666663,chat_finetuned,18.10671348498029,2024-06-26,3.552713678800501e-15
uukuguy/speechless-llama2-hermes-orca-platypus-wizardlm-13b,17.754166666666666,True,real_attachments/C_efficiency_evolution/detailed_results/uukuguy_speechless-llama2-hermes-orca-platypus-wizardlm-13b/results_2024-08-13T04-12-53.046407.json,,,,,
v000000/Qwen2.5-14B-Gutenberg-1e-Delta,9.379427083333335,True,real_attachments/C_efficiency_evolution/detailed_results/v000000_Qwen2.5-14B-Gutenberg-1e-Delta/results_2024-09-28T11-15-58.328773.json,9.379427083333336,chat_finetuned,40.87901381911441,2024-09-28,-1.7763568394002505e-15
v000000/Qwen2.5-Lumen-14B,10.291145833333337,True,real_attachments/C_efficiency_evolution/detailed_results/v000000_Qwen2.5-Lumen-14B/results_2024-10-02T02-58-23.331254.json,10.291145833333337,chat_finetuned,41.137851148922614,2024-09-20,0.0
vhab10/Llama-3.1-8B-Base-Instruct-SLERP,9.366145833333334,True,real_attachments/C_efficiency_evolution/detailed_results/vhab10_Llama-3.1-8B-Base-Instruct-SLERP/results_2024-10-04T14-02-43.313749.json,9.366145833333334,merge,19.27479354795199,2024-09-29,0.0
vhab10/Llama-3.2-Instruct-3B-TIES,3.873697916666666,True,real_attachments/C_efficiency_evolution/detailed_results/vhab10_Llama-3.2-Instruct-3B-TIES/results_2024-11-23T13-02-17.445185.json,3.873697916666666,merge,17.33432617767801,2024-11-23,0.0
vhab10/llama-3-8b-merged-linear,11.681510416666667,True,real_attachments/C_efficiency_evolution/detailed_results/vhab10_llama-3-8b-merged-linear/results_2024-09-26T16-47-03.367890.json,11.681510416666669,merge,23.911368336894068,2024-09-26,-1.7763568394002505e-15
vicgalle/Configurable-Hermes-2-Pro-Llama-3-8B,10.062239583333334,True,real_attachments/C_efficiency_evolution/detailed_results/vicgalle_Configurable-Hermes-2-Pro-Llama-3-8B/results_2024-07-31T15-11-17.909344.json,10.062239583333334,chat_finetuned,22.56595247127864,2024-07-24,0.0
vicgalle/Humanish-RP-Llama-3.1-8B,8.26770833333333,True,real_attachments/C_efficiency_evolution/detailed_results/vicgalle_Humanish-RP-Llama-3.1-8B/results_2024-08-12T18-10-33.666915.json,8.26770833333333,chat_finetuned,25.423199454688373,2024-08-03,0.0
vicgalle/Roleplay-Llama-3-8B,1.6773437499999992,True,real_attachments/C_efficiency_evolution/detailed_results/vicgalle_Roleplay-Llama-3-8B/results_2024-06-28T08-38-22.786427.json,1.6773437499999992,chat_finetuned,24.020182936148974,2024-06-26,0.0
vonjack/Qwen2.5-Coder-0.5B-Merged,0.8263020833333333,True,real_attachments/C_efficiency_evolution/detailed_results/vonjack_Qwen2.5-Coder-0.5B-Merged/results_2024-11-20T00-06-17.841413.json,,,,,
wave-on-discord/qwent-7b,5.473697916666668,True,real_attachments/C_efficiency_evolution/detailed_results/wave-on-discord_qwent-7b/results_2024-10-01T03-14-19.789003.json,,,,,
weathermanj/Menda-3b-Optim-100,7.979427083333333,True,real_attachments/C_efficiency_evolution/detailed_results/weathermanj_Menda-3b-Optim-100/results_2025-03-10T22-28-20.086194.json,,,,,
win10/EVA-Norns-Qwen2.5-v0.1,8.563802083333334,True,real_attachments/C_efficiency_evolution/detailed_results/win10_EVA-Norns-Qwen2.5-v0.1/results_2024-11-19T23-36-26.139733.json,,,,,
win10/Norns-Qwen2.5-12B,2.2028645833333327,True,real_attachments/C_efficiency_evolution/detailed_results/win10_Norns-Qwen2.5-12B/results_2024-11-20T02-10-23.946831.json,,,,,
win10/Norns-Qwen2.5-7B,9.1265625,True,real_attachments/C_efficiency_evolution/detailed_results/win10_Norns-Qwen2.5-7B/results_2024-11-19T23-36-10.410545.json,,,,,
win10/Qwen2.5-2B-Instruct,13.63046875,True,real_attachments/C_efficiency_evolution/detailed_results/win10_Qwen2.5-2B-Instruct/results_2024-12-20T23-57-48.525040.json,,,,,
wzhouad/gemma-2-9b-it-WPO-HB,3.9656250000000006,True,real_attachments/C_efficiency_evolution/detailed_results/wzhouad_gemma-2-9b-it-WPO-HB/results_2025-01-08T04-51-06.266732.json,,,,,
x0000001/Deepseek-Lumen-R1-Qwen2.5-14B,19.04609375,True,real_attachments/C_efficiency_evolution/detailed_results/x0000001_Deepseek-Lumen-R1-Qwen2.5-14B/results_2025-01-30T04-29-30.938714.json,19.04609375,chat_finetuned,26.028524707214856,2025-01-29,0.0
xinchen9/Llama3.1_8B_Instruct_CoT,8.462239583333334,True,real_attachments/C_efficiency_evolution/detailed_results/xinchen9_Llama3.1_8B_Instruct_CoT/results_2024-09-18T04-49-40.558012.json,13.166145833333337,chat_finetuned,16.316624597778073,2024-09-19,-4.703906250000003
xinchen9/Llama3.1_CoT_V1,16.419010416666666,True,real_attachments/C_efficiency_evolution/detailed_results/xinchen9_Llama3.1_CoT_V1/results_2024-09-10T17-43-01.266913.json,16.419010416666666,chat_finetuned,14.734826092960331,2024-09-07,0.0
xinchen9/Mistral-7B-CoT,8.195052083333335,True,real_attachments/C_efficiency_evolution/detailed_results/xinchen9_Mistral-7B-CoT/results_2024-09-19T06-54-45.305377.json,8.195052083333335,chat_finetuned,11.26567589705759,2024-09-23,0.0
xkp24/Llama-3-8B-Instruct-SPPO-Iter2_gp_2b-table,2.291145833333333,True,real_attachments/C_efficiency_evolution/detailed_results/xkp24_Llama-3-8B-Instruct-SPPO-Iter2_gp_2b-table/results_2024-09-30T08-02-09.476119.json,,,,,
xkp24/Llama-3-8B-Instruct-SPPO-Iter2_gp_8b-table,5.001041666666667,True,real_attachments/C_efficiency_evolution/detailed_results/xkp24_Llama-3-8B-Instruct-SPPO-Iter2_gp_8b-table/results_2024-09-30T08-55-19.449352.json,,,,,
xkp24/Llama-3-8B-Instruct-SPPO-score-Iter2_gp_8b-table-0.002,7.334375000000001,True,real_attachments/C_efficiency_evolution/detailed_results/xkp24_Llama-3-8B-Instruct-SPPO-score-Iter2_gp_8b-table-0.002/results_2024-10-02T02-36-39.927047.json,,,,,
xukp20/Llama-3-8B-Instruct-SPPO-Iter3_bt_2b-table,2.9794270833333325,True,real_attachments/C_efficiency_evolution/detailed_results/xukp20_Llama-3-8B-Instruct-SPPO-Iter3_bt_2b-table/results_2024-09-29T03-19-27.914131.json,,,,,
xukp20/Llama-3-8B-Instruct-SPPO-Iter3_bt_8b-table,3.904947916666666,True,real_attachments/C_efficiency_evolution/detailed_results/xukp20_Llama-3-8B-Instruct-SPPO-Iter3_bt_8b-table/results_2024-09-29T02-50-37.872205.json,,,,,
xukp20/Llama-3-8B-Instruct-SPPO-Iter3_gp_2b-table,3.187239583333333,True,real_attachments/C_efficiency_evolution/detailed_results/xukp20_Llama-3-8B-Instruct-SPPO-Iter3_gp_2b-table/results_2024-09-29T03-03-23.153786.json,,,,,
yam-peleg/Hebrew-Mistral-7B,7.673697916666668,True,real_attachments/C_efficiency_evolution/detailed_results/yam-peleg_Hebrew-Mistral-7B/results_2024-07-29T09-03-40.276470.json,7.673697916666668,chat_finetuned,13.302117179699644,2024-07-11,0.0
yfzp/Llama-3-8B-Instruct-SPPO-Iter1_bt_2b-table,3.85390625,True,real_attachments/C_efficiency_evolution/detailed_results/yfzp_Llama-3-8B-Instruct-SPPO-Iter1_bt_2b-table/results_2024-09-30T03-09-25.381758.json,,,,,
yfzp/Llama-3-8B-Instruct-SPPO-Iter1_bt_8b-table,5.008854166666667,True,real_attachments/C_efficiency_evolution/detailed_results/yfzp_Llama-3-8B-Instruct-SPPO-Iter1_bt_8b-table/results_2024-09-30T03-04-53.482652.json,,,,,
yfzp/Llama-3-8B-Instruct-SPPO-Iter1_gp_2b-table,2.7500000000000018,True,real_attachments/C_efficiency_evolution/detailed_results/yfzp_Llama-3-8B-Instruct-SPPO-Iter1_gp_2b-table/results_2024-09-29T15-12-59.528765.json,,,,,
yfzp/Llama-3-8B-Instruct-SPPO-Iter1_gp_8b-table,3.683333333333333,True,real_attachments/C_efficiency_evolution/detailed_results/yfzp_Llama-3-8B-Instruct-SPPO-Iter1_gp_8b-table/results_2024-09-29T15-24-35.214199.json,,,,,
yfzp/Llama-3-8B-Instruct-SPPO-score-Iter1_bt_2b-table-0.001,4.8460937500000005,True,real_attachments/C_efficiency_evolution/detailed_results/yfzp_Llama-3-8B-Instruct-SPPO-score-Iter1_bt_2b-table-0.001/results_2024-09-30T03-05-19.684483.json,,,,,
yfzp/Llama-3-8B-Instruct-SPPO-score-Iter1_gp_2b-table-0.001,2.853906249999999,True,real_attachments/C_efficiency_evolution/detailed_results/yfzp_Llama-3-8B-Instruct-SPPO-score-Iter1_gp_2b-table-0.001/results_2024-09-29T15-18-45.245227.json,,,,,
yfzp/Llama-3-8B-Instruct-SPPO-score-Iter1_gp_8b-table-0.002,4.6382812499999995,True,real_attachments/C_efficiency_evolution/detailed_results/yfzp_Llama-3-8B-Instruct-SPPO-score-Iter1_gp_8b-table-0.002/results_2024-09-29T15-31-50.382131.json,,,,,
yifAI/Llama-3-8B-Instruct-SPPO-score-Iter3_gp_8b-table-0.002,7.134375000000002,True,real_attachments/C_efficiency_evolution/detailed_results/yifAI_Llama-3-8B-Instruct-SPPO-score-Iter3_gp_8b-table-0.002/results_2024-09-30T03-03-28.510156.json,,,,,
ymcki/gemma-2-2b-ORPO-jpn-it-abliterated-18,5.328385416666669,True,real_attachments/C_efficiency_evolution/detailed_results/ymcki_gemma-2-2b-ORPO-jpn-it-abliterated-18/results_2024-10-30T19-59-00.170912.json,4.728385416666668,chat_finetuned,15.288362728327092,2024-11-16,0.6000000000000014
ymcki/gemma-2-2b-ORPO-jpn-it-abliterated-18-merge,2.6479166666666676,True,real_attachments/C_efficiency_evolution/detailed_results/ymcki_gemma-2-2b-ORPO-jpn-it-abliterated-18-merge/results_2024-10-30T17-06-58.119904.json,3.357812500000001,chat_finetuned,16.505537805625195,2024-11-16,-0.7098958333333334
ymcki/gemma-2-2b-jpn-it-abliterated-17,2.0833333333333326,True,real_attachments/C_efficiency_evolution/detailed_results/ymcki_gemma-2-2b-jpn-it-abliterated-17/results_2024-10-17T11-26-10.721815.json,3.891145833333333,chat_finetuned,15.644976187098441,2024-10-18,-1.8078125000000003
ymcki/gemma-2-2b-jpn-it-abliterated-17-18-24,2.0695312500000003,True,real_attachments/C_efficiency_evolution/detailed_results/ymcki_gemma-2-2b-jpn-it-abliterated-17-18-24/results_2024-11-06T19-05-49.169139.json,2.0695312500000003,chat_finetuned,14.44776069045957,2024-11-06,0.0
ymcki/gemma-2-2b-jpn-it-abliterated-17-ORPO-alpaca,7.9145833333333355,True,real_attachments/C_efficiency_evolution/detailed_results/ymcki_gemma-2-2b-jpn-it-abliterated-17-ORPO-alpaca/results_2024-10-27T13-22-32.303741.json,,,,,
yuvraj17/Llama3-8B-SuperNova-Spectrum-Hermes-DPO,9.619010416666669,True,real_attachments/C_efficiency_evolution/detailed_results/yuvraj17_Llama3-8B-SuperNova-Spectrum-Hermes-DPO/results_2024-10-01T08-33-11.491722.json,9.619010416666669,chat_finetuned,18.088167586242665,2024-09-30,0.0
yuvraj17/Llama3-8B-SuperNova-Spectrum-dare_ties,11.003385416666667,True,real_attachments/C_efficiency_evolution/detailed_results/yuvraj17_Llama3-8B-SuperNova-Spectrum-dare_ties/results_2024-09-27T19-05-22.624706.json,11.003385416666667,merge,19.17256512798472,2024-09-23,0.0
yuvraj17/Llama3-8B-abliterated-Spectrum-slerp,11.011197916666662,True,real_attachments/C_efficiency_evolution/detailed_results/yuvraj17_Llama3-8B-abliterated-Spectrum-slerp/results_2024-09-23T18-22-53.409708.json,11.011197916666662,merge,17.72531595014861,2024-09-23,0.0
zake7749/gemma-2-2b-it-chinese-kyara-dpo,16.761979166666666,True,real_attachments/C_efficiency_evolution/detailed_results/zake7749_gemma-2-2b-it-chinese-kyara-dpo/results_2024-10-17T04-10-42.957748.json,16.761979166666666,chat_finetuned,19.62411186744714,2024-10-17,0.0
zelk12/MT-Gen1-gemma-2-9B,11.577604166666667,True,real_attachments/C_efficiency_evolution/detailed_results/zelk12_MT-Gen1-gemma-2-9B/results_2024-10-23T21-24-17.413275.json,,,,,
zelk12/MT-Gen2-GI-gemma-2-9B,12.673697916666669,True,real_attachments/C_efficiency_evolution/detailed_results/zelk12_MT-Gen2-GI-gemma-2-9B/results_2024-11-29T22-30-55.978828.json,,,,,
zelk12/MT-Gen2-gemma-2-9B,13.303125000000003,True,real_attachments/C_efficiency_evolution/detailed_results/zelk12_MT-Gen2-gemma-2-9B/results_2024-11-10T22-32-55.379788.json,,,,,
zelk12/MT-Gen3-gemma-2-9B,11.577604166666667,True,real_attachments/C_efficiency_evolution/detailed_results/zelk12_MT-Gen3-gemma-2-9B/results_2024-11-30T14-08-57.787789.json,,,,,
zelk12/MT-Gen6-gemma-2-9B,8.86588541666667,True,real_attachments/C_efficiency_evolution/detailed_results/zelk12_MT-Gen6-gemma-2-9B/results_2025-01-24T01-42-30.885051.json,8.86588541666667,merge,19.816468872767587,2025-01-23,0.0
zelk12/MT-Gen7-gemma-2-9B,9.755989583333333,True,real_attachments/C_efficiency_evolution/detailed_results/zelk12_MT-Gen7-gemma-2-9B/results_2025-02-25T02-04-11.408754.json,9.755989583333331,merge,20.391800709714477,2025-02-15,1.7763568394002505e-15
zelk12/MT-Merge-gemma-2-9B,12.103125,True,real_attachments/C_efficiency_evolution/detailed_results/zelk12_MT-Merge-gemma-2-9B/results_2024-10-23T19-38-04.039402.json,,,,,
zelk12/MT-Merge2-MU-gemma-2-MTg2MT1g2-9B,13.228645833333337,True,real_attachments/C_efficiency_evolution/detailed_results/zelk12_MT-Merge2-MU-gemma-2-MTg2MT1g2-9B/results_2024-11-29T22-29-59.697100.json,,,,,
zelk12/MT-Merge4-gemma-2-9B,12.479687500000002,True,real_attachments/C_efficiency_evolution/detailed_results/zelk12_MT-Merge4-gemma-2-9B/results_2024-12-21T19-08-08.651796.json,12.479687500000002,merge,34.59930867791183,2024-12-21,0.0
zelk12/MT-Merge6-gemma-2-9B,9.822656250000001,True,real_attachments/C_efficiency_evolution/detailed_results/zelk12_MT-Merge6-gemma-2-9B/results_2025-02-25T03-01-55.229984.json,9.82265625,merge,20.203466199919276,2025-02-13,1.7763568394002505e-15
zelk12/MT1-Gen2-gemma-2-9B,12.844270833333335,True,real_attachments/C_efficiency_evolution/detailed_results/zelk12_MT1-Gen2-gemma-2-9B/results_2024-11-11T20-13-38.140139.json,,,,,
zelk12/MT1-Gen5-gemma-2-9B,11.459895833333334,True,real_attachments/C_efficiency_evolution/detailed_results/zelk12_MT1-Gen5-gemma-2-9B/results_2024-12-25T20-34-21.650551.json,11.459895833333334,merge,33.556617199966034,2024-12-24,0.0
zelk12/MT1-gemma-2-9B,13.161979166666669,True,real_attachments/C_efficiency_evolution/detailed_results/zelk12_MT1-gemma-2-9B/results_2024-10-17T12-20-18.137349.json,,,,,
zelk12/MT2-Gen1-gemma-2-9B,12.007031250000002,True,real_attachments/C_efficiency_evolution/detailed_results/zelk12_MT2-Gen1-gemma-2-9B/results_2024-10-27T22-45-53.785140.json,,,,,
zelk12/MT2-Gen2-gemma-2-9B,12.577604166666669,True,real_attachments/C_efficiency_evolution/detailed_results/zelk12_MT2-Gen2-gemma-2-9B/results_2024-11-12T18-32-55.388652.json,,,,,
zelk12/MT2-Gen3-gemma-2-9B,12.052083333333336,True,real_attachments/C_efficiency_evolution/detailed_results/zelk12_MT2-Gen3-gemma-2-9B/results_2024-12-05T10-21-35.003790.json,,,,,
zelk12/MT2-Gen4-gemma-2-9B,10.467708333333336,True,real_attachments/C_efficiency_evolution/detailed_results/zelk12_MT2-Gen4-gemma-2-9B/results_2024-12-18T05-23-35.675576.json,10.467708333333336,merge,34.202321593914604,2024-12-15,0.0
zelk12/MT2-Gen5-gemma-2-9B,12.385416666666663,True,real_attachments/C_efficiency_evolution/detailed_results/zelk12_MT2-Gen5-gemma-2-9B/results_2024-12-25T21-16-19.023125.json,12.385416666666664,merge,34.04923355550058,2024-12-25,-1.7763568394002505e-15
zelk12/MT2-Gen6-gemma-2-9B,10.748177083333331,True,real_attachments/C_efficiency_evolution/detailed_results/zelk12_MT2-Gen6-gemma-2-9B/results_2025-02-06T03-58-58.215439.json,10.748177083333331,merge,20.837841635914646,2025-02-05,0.0
zelk12/MT2-Max-Merge_02012025163610-gemma-2-9B,11.354166666666666,True,real_attachments/C_efficiency_evolution/detailed_results/zelk12_MT2-Max-Merge_02012025163610-gemma-2-9B/results_2025-01-08T05-03-03.850406.json,11.354166666666666,merge,34.675340724715895,2025-01-07,0.0
zelk12/MT3-Gen1-gemma-2-9B,10.755989583333337,True,real_attachments/C_efficiency_evolution/detailed_results/zelk12_MT3-Gen1-gemma-2-9B/results_2024-10-29T01-41-50.029786.json,,,,,
zelk12/MT3-Gen2-gemma-2-9B,10.022656250000002,True,real_attachments/C_efficiency_evolution/detailed_results/zelk12_MT3-Gen2-gemma-2-9B/results_2024-11-21T18-43-33.559212.json,,,,,
zelk12/MT3-Gen3-gemma-2-9B,12.518750000000002,True,real_attachments/C_efficiency_evolution/detailed_results/zelk12_MT3-Gen3-gemma-2-9B/results_2024-12-08T00-57-24.501650.json,,,,,
zelk12/MT3-Gen4-gemma-2-9B,14.721093750000001,True,real_attachments/C_efficiency_evolution/detailed_results/zelk12_MT3-Gen4-gemma-2-9B/results_2024-12-18T05-51-16.035979.json,14.72109375,merge,34.517532467321914,2024-12-16,1.7763568394002505e-15
zelk12/MT3-Gen5-gemma-2-9B,11.422656250000003,True,real_attachments/C_efficiency_evolution/detailed_results/zelk12_MT3-Gen5-gemma-2-9B/results_2024-12-26T15-15-01.178166.json,11.422656250000005,merge,34.7576818343369,2024-12-26,-1.7763568394002505e-15
zelk12/MT3-Gen5-gemma-2-9B_v1,11.481510416666671,True,real_attachments/C_efficiency_evolution/detailed_results/zelk12_MT3-Gen5-gemma-2-9B_v1/results_2024-12-28T00-24-09.037062.json,11.481510416666673,merge,34.734556510838615,2024-12-27,-1.7763568394002505e-15
zelk12/MT3-Gen6-gemma-2-9B,10.638281250000004,True,real_attachments/C_efficiency_evolution/detailed_results/zelk12_MT3-Gen6-gemma-2-9B/results_2025-02-25T02-19-01.013692.json,10.638281250000004,merge,21.10285538804693,2025-02-12,0.0
zelk12/MT3-Max-Merge_02012025163610-gemma-2-9B,11.78359375,True,real_attachments/C_efficiency_evolution/detailed_results/zelk12_MT3-Max-Merge_02012025163610-gemma-2-9B/results_2025-01-14T02-07-53.374345.json,11.78359375,merge,22.46770825046867,2025-01-09,0.0
zelk12/MT3-gemma-2-9B,11.903125000000001,True,real_attachments/C_efficiency_evolution/detailed_results/zelk12_MT3-gemma-2-9B/results_2024-10-17T17-43-50.543791.json,,,,,
zelk12/MT4-Gen2-gemma-2-9B,12.207031250000002,True,real_attachments/C_efficiency_evolution/detailed_results/zelk12_MT4-Gen2-gemma-2-9B/results_2024-11-22T19-52-54.972355.json,,,,,
zelk12/MT4-Gen3-gemma-2-9B,11.940364583333334,True,real_attachments/C_efficiency_evolution/detailed_results/zelk12_MT4-Gen3-gemma-2-9B/results_2024-12-08T13-20-29.805102.json,,,,,
zelk12/MT4-Gen5-gemma-2-9B,12.020833333333334,True,real_attachments/C_efficiency_evolution/detailed_results/zelk12_MT4-Gen5-gemma-2-9B/results_2024-12-28T22-03-36.293690.json,12.020833333333334,merge,34.72051149657049,2024-12-28,0.0
zelk12/MT4-gemma-2-9B,12.999218750000002,True,real_attachments/C_efficiency_evolution/detailed_results/zelk12_MT4-gemma-2-9B/results_2024-10-21T19-43-45.509063.json,,,,,
zelk12/MT5-Gen1-gemma-2-9B,11.614843750000004,True,real_attachments/C_efficiency_evolution/detailed_results/zelk12_MT5-Gen1-gemma-2-9B/results_2024-11-06T18-23-09.006291.json,,,,,
zelk12/MT5-Gen2-gemma-2-9B,10.436458333333333,True,real_attachments/C_efficiency_evolution/detailed_results/zelk12_MT5-Gen2-gemma-2-9B/results_2024-11-23T14-41-47.446807.json,,,,,
zelk12/MT5-Gen3-gemma-2-9B,12.081510416666669,True,real_attachments/C_efficiency_evolution/detailed_results/zelk12_MT5-Gen3-gemma-2-9B/results_2024-12-08T19-48-01.131041.json,,,,,
zelk12/MT5-gemma-2-9B,11.481510416666671,True,real_attachments/C_efficiency_evolution/detailed_results/zelk12_MT5-gemma-2-9B/results_2024-10-21T21-26-23.941227.json,,,,,
zelk12/MTM-Merge-gemma-2-9B,11.946354166666666,True,real_attachments/C_efficiency_evolution/detailed_results/zelk12_MTM-Merge-gemma-2-9B/results_2025-01-01T19-29-02.979642.json,11.946354166666666,merge,34.61498534418492,2025-01-01,0.0
zelk12/Rv0.4DMv1t0.25-gemma-2-9B,12.932552083333334,True,real_attachments/C_efficiency_evolution/detailed_results/zelk12_Rv0.4DMv1t0.25-gemma-2-9B/results_2024-12-31T17-18-49.680300.json,,,,,
zelk12/Test01012025155054t0.5_gemma-2,3.7109374999999996,True,real_attachments/C_efficiency_evolution/detailed_results/zelk12_Test01012025155054t0.5_gemma-2/results_2025-01-02T01-12-02.762534.json,,,,,
zelk12/gemma-2-S2MTM-9B,12.163802083333328,True,real_attachments/C_efficiency_evolution/detailed_results/zelk12_gemma-2-S2MTM-9B/results_2024-12-12T18-13-21.682997.json,12.163802083333328,merge,33.89283041556518,2024-12-11,0.0
zelk12/recoilme-gemma-2-Gutenberg-Doppel-9B-v0.1,13.310937499999996,True,real_attachments/C_efficiency_evolution/detailed_results/zelk12_recoilme-gemma-2-Gutenberg-Doppel-9B-v0.1/results_2024-10-08T20-36-56.622261.json,,,,,
zelk12/recoilme-gemma-2-Ifable-9B-v0.1,11.0953125,True,real_attachments/C_efficiency_evolution/detailed_results/zelk12_recoilme-gemma-2-Ifable-9B-v0.1/results_2024-10-08T20-39-10.045354.json,,,,,
zelk12/recoilme-gemma-2-psy10k-mental_healt-9B-v0.1,12.18359375,True,real_attachments/C_efficiency_evolution/detailed_results/zelk12_recoilme-gemma-2-psy10k-mental_healt-9B-v0.1/results_2024-10-09T13-20-24.603938.json,,,,,
zetasepic/Qwen2.5-32B-Instruct-abliterated-v2,14.928385416666664,True,real_attachments/C_efficiency_evolution/detailed_results/zetasepic_Qwen2.5-32B-Instruct-abliterated-v2/results_2025-01-11T00-05-13.596997.json,14.928385416666664,chat_finetuned,46.88867299768722,2024-12-07,0.0
zetasepic/Qwen2.5-72B-Instruct-abliterated,19.122916666666665,True,real_attachments/C_efficiency_evolution/detailed_results/zetasepic_Qwen2.5-72B-Instruct-abliterated/results_2024-11-12T12-05-07.437154.json,,,,,
