N_B,D_B,u,Q,z,z0,u_max,t,tn,td,reducible_loss,loss,C_train,C_att,C_quality,c,M,kkt_log_residual,bracket_expansions,logN_margin,C,L_ctx,cost,recipe,s_Q,keep,mapping,state,near_optimal_states,near_optimal_t_min,near_optimal_t_max,candidate_count,grid,share_train,share_att,share_quality,budget_relative_error,baseline_loss,baseline_N_B,baseline_D_B,loss_gain,reducible_gain_fraction,scenario,within_B1_ND_rectangle,within_B7_ND_rectangle,quality_positive_extrapolation,mixture_transfer_assumption
0.24582181710870354,5.798047241858668,0.1115116258349447,0.016961507846929666,0.6303215467235005,0.5611627867660474,0.1115116258349447,1.0,0.5703547459359424,0.7583698337789978,1.2712331209179124,2.9610708910724806,8.551719052054826e+18,5.837973539536095e+17,8.64483593991563e+17,1.4909909456247158e+17,-0.3260013737674019,1.479372180313021e-13,0,0.8949651322365262,1e+19,2048,exponential,p0,1.0,0.5,A1_balanced_q01_q99,R2,R2,1.0,1.0,2,65,0.8551719052054826,0.05837973539536095,0.08644835939915631,2.048e-16,2.998925629084826,0.22131169335137127,7.049603826773096,0.03785473801234529,0.028916881135295752,main,True,False,True,False
0.2577368539148081,6.229666101410439,0.1115116258349447,0.016961507846929666,0.6303215467235005,0.5611627867660474,0.1115116258349447,1.0,0.5612499119141154,0.7432812150270466,1.2480864741673958,2.937924244321964,9.633687251503526e+18,6.576597163693075e+17,9.288375751468187e+17,1.4909909456247158e+17,-0.3287603089573775,1.6464607455191071e-13,0,0.8996170935965113,1.1220184543019653e+19,2048,exponential,p0,1.0,0.5,A1_balanced_q01_q99,R2,R2,1.0,1.0,2,65,0.8586032800589608,0.058613983918691735,0.08278273602234741,0.0,2.9759922698286045,0.23312066894011918,7.509106981982359,0.038068025506640346,0.029598330151073087,main,True,False,True,False
0.2702783234583141,6.691161919791274,0.1115116258349447,0.016961507846929666,0.6303215467235005,0.5611627867660474,0.1115116258349447,1.0,0.5522564423798914,0.7285614686539993,1.22539928532103,2.915237055475598,1.0850856154015801e+19,7.407517801141453e+17,9.97646183811768e+17,1.4909909456247158e+17,-0.33099336938156143,1.822986206434507e-13,0,0.9040880831957141,1.2589254117941713e+19,2048,exponential,p0,1.0,0.5,A1_balanced_q01_q99,R2,R2,1.0,1.0,2,65,0.861914141406645,0.05884000538669362,0.07924585320666153,1.6267842247153233e-16,2.95346067044143,0.24555975992107099,7.998561203214029,0.03822361496583193,0.0302492262186407,main,True,False,True,False
0.2834799144341751,7.184493795739871,0.1115116258349447,0.016961507846929666,0.6303215467235005,0.5611627867660474,0.1115116258349447,1.0,0.543374591440402,0.7141986477873521,1.2031603675378075,2.8929981376923757,1.2219958118815203e+19,8.342158075777844e+17,1.0712015198345094e+18,1.4909909456247158e+17,-0.3327335005500769,1.7175150190951172e-13,0,0.9083831937052527,1.4125375446227497e+19,2048,exponential,p0,1.0,0.5,A1_balanced_q01_q99,R2,R2,1.0,1.0,2,65,0.8651067835565972,0.05905795642413036,0.07583526001927249,0.0,2.931323792661244,0.2586625886355142,8.519918743343126,0.03832565496886842,0.030870790547835043,main,True,False,True,False
0.29737711315185467,7.711747288174243,0.1115116258349447,0.016961507846929666,0.6303215467235005,0.5611627867660474,0.1115116258349447,1.0,0.5346045432730692,0.7001812532066936,1.181358895355753,2.871196665510321,1.37597828754834e+19,9.393345109663334e+17,1.1498145381613752e+18,1.4909909456247158e+17,-0.3340121645082754,1.5520917884259688e-13,0,0.9125075181184059,1.5848931924611109e+19,2048,exponential,p0,1.0,0.5,A1_balanced_q01_q99,R2,R2,1.0,1.0,2,65,0.8681836063739058,0.059268000861791965,0.07254839276430224,0.0,2.909574721526333,0.2724645714799972,9.075259105850384,0.038378056016012074,0.03146420707583725,main,True,False,True,False
0.3120072988655223,8.275142714543486,0.1115116258349447,0.016961507846929666,0.6303215467235005,0.5611627867660474,0.1115116258349447,1.0,0.5259464123112074,0.6864982189651859,1.1599843911131094,2.8498221612676775,1.5491429556548514e+19,1.0575482577270452e+18,1.233816286113667e+18,1.4909909456247158e+17,-0.33485937899694906,1.3000711618360583e-13,0,0.916466138324808,1.7782794100389229e+19,2048,exponential,p0,1.0,0.5,A1_balanced_q01_q99,R2,R2,1.0,1.0,2,65,0.8711471025922433,0.059470308870297146,0.06938258853745945,1.1516750339898348e-16,2.8882066632152927,0.28700301463535877,9.6667973391966,0.038384501947615224,0.032030622765564364,main,True,False,True,False
0.3274098442178605,8.877043994398951,0.1115116258349447,0.016961507846929666,0.6303215467235005,0.5611627867660474,0.1115116258349447,1.0,0.5174002437129535,0.6731388981882095,1.1390267118100874,2.8288644819646556,1.743858954792753e+19,1.190474379805186e+18,1.3235592219561096e+18,1.4909909456247158e+17,-0.335303757299783,1.1168843627729075e-13,0,0.9202641142408545,1.9952623149688828e+19,2048,exponential,p0,1.0,0.5,A1_balanced_q01_q99,R2,R2,1.0,1.0,2,65,0.8739998453887249,0.05966505611187029,0.06633509849940464,2.052862908937304e-16,2.867212942924815,0.3023172149037784,10.29689287183629,0.038348460960159425,0.03257114796291272,main,True,False,True,False
0.34362622107455604,9.519968072973466,0.1115116258349447,0.016961507846929666,0.6303215467235005,0.5611627867660474,0.1115116258349447,1.0,0.5089660140961527,0.6600930490606635,1.1184760364055601,2.808313806560128,1.962786392199777e+19,1.3399288437417147e+18,1.419418619943981e+18,1.4909909456247158e+17,-0.33537254868690114,9.892087149410145e-14,0,0.9239064735261702,2.238721138568347e+19,2048,exponential,p0,1.0,0.5,A1_balanced_q01_q99,R2,R2,1.0,1.0,2,65,0.8767444762928227,0.059852422914923376,0.06340310079225381,0.0,2.8465870027846627,0.3184485659263772,10.96805892311021,0.03827319622453462,0.03308685680950318,main,True,False,True,False
0.3607001120378571,10.20659496190778,0.1115116258349447,0.016961507846929666,0.6303215467235005,0.5611627867660474,0.1115116258349447,1.0,0.5006436325224807,0.6473508210133972,1.0983228535427223,2.7881606236972907,2.2089119677710983e+19,1.507950569998403e+18,1.521794067386334e+18,1.4909909456247158e+17,-0.3350916793534569,8.104628079763643e-14,0,0.927398201919557,2.511886431509572e+19,2048,exponential,p0,1.0,0.5,A1_balanced_q01_q99,R2,R2,1.0,1.0,2,65,0.8793836934911127,0.06003259347565996,0.06058371303322735,0.0,2.826322399809168,0.33544067006850076,11.682972527552675,0.03816177611187754,0.03357878770738471,main,True,True,True,False
0.37867752794351334,10.939778436682209,0.1115116258349447,0.016961507846929666,0.6303215467235005,0.5611627867660474,0.1115116258349447,1.0,0.4924329417123483,0.6349027411206105,1.078557949697387,2.768395719851955,2.485588952791543e+19,1.6968287251056934e+18,1.6311110596233682e+18,1.4909909456247158e+17,-0.3344857937460751,6.583622536027178e-14,0,0.9307442342172104,2.8183829312644493e+19,2048,exponential,p0,1.0,0.5,A1_balanced_q01_q99,R2,R2,1.0,1.0,2,65,0.8819202405815023,0.0602057550903639,0.05787400432813368,1.4533156423007274e-16,2.806412803884613,0.3533394562750783,12.444485212598307,0.03801708403265813,0.03404794383200325,main,True,True,True,False
0.3976069316611977,11.722557432916783,0.1115116258349447,0.016961507846929666,0.6303215467235005,0.5611627867660474,0.1115116258349447,1.0,0.4843337194713826,0.6227397007204575,1.059172397742253,2.749010167896821,2.7965820552745255e+19,1.909133349734076e+18,1.7478226992044636e+18,1.4909909456247158e+17,-0.3335782961653876,5.2735593669694936e-14,0,0.9339494459092537,3.162277660168379e+19,2048,exponential,p0,1.0,0.5,A1_balanced_q01_q99,R2,R2,1.0,1.0,2,65,0.8843568958222404,0.06037209742146494,0.055271006756294726,1.2952689296049681e-16,2.7868519957918823,0.37219330421464086,13.255634372275473,0.037841827895061186,0.03449529368962981,main,True,True,True,False
0.4175393685352926,12.558168186485766,0.1115116258349447,0.016961507846929666,0.6303215467235005,0.5611627867660474,0.1115116258349447,1.0,0.4763456803087125,0.6108529422712031,1.0401575459200345,2.7299953160746027,3.1461177687271604e+19,2.1477497301177413e+18,1.8724115059682634e+18,1.4909909456247158e+17,-0.3323913925302756,4.440892098500626e-14,0,0.9370186454839511,3.5481338923357606e+19,2048,exponential,p0,1.0,0.5,A1_balanced_q01_q99,R2,R2,1.0,1.0,2,65,0.8866964619128422,0.06053181179991669,0.05277172628724116,1.1544096486459184e-16,2.7676338652637416,0.39205317504752946,14.119655382254567,0.03763854918913889,0.034921771715387545,main,True,True,True,False
0.4385286038204455,13.450057165360578,0.1115116258349447,0.016961507846929666,0.6303215467235005,0.5611627867660474,0.1115116258349447,1.0,0.46846847722707,0.5992340464551579,1.0215050072180345,2.711342777372603,3.538940874018452e+19,2.415916969996596e+18,2.0053913451687452e+18,1.4909909456247158e+17,-0.3309461321885863,3.341771304121721e-14,0,0.9399565674029309,3.981071705534986e+19,2048,exponential,p0,1.0,0.5,A1_balanced_q01_q99,R2,R2,1.0,1.0,2,65,0.8889417563361574,0.06068509056588167,0.05037315309796099,0.0,2.7487524090761566,0.4129727491717783,15.039994504571412,0.037409631703553714,0.03532827890796953,main,True,True,True,False
0.46063126748512384,14.401894844255906,0.1115116258349447,0.016961507846929666,0.6303215467235005,0.5611627867660474,0.1115116258349447,1.0,0.4607017036645897,0.58787491954232,1.0032066491363165,2.6930444192908847,3.980377845778241e+19,2.7172712760512794e+18,2.1473094812624835e+18,1.4909909456247158e+17,-0.3292624496599099,2.9531932455029164e-14,0,0.942767865744498,4.466835921509617e+19,2048,exponential,p0,1.0,0.5,A1_balanced_q01_q99,R2,R2,1.0,1.0,2,65,0.8910956022832888,0.060832126449205846,0.04807227126750553,0.0,2.730201729173049,0.4350085713189811,16.02032263349886,0.03715730988216448,0.035715683497167965,main,True,True,True,False
0.4839070067757523,15.417590376536028,0.1115116258349447,0.016961507846929666,0.6303215467235005,0.5611627867660474,0.1115116258349447,1.0,0.4530448955684932,0.5767677810249817,0.9852545838413017,2.6750923539958698,4.476408006482516e+19,3.055894532425398e+18,2.298748765476597e+18,1.4909909456247158e+17,-0.32735920619823544,1.887379141862766e-14,0,0.9454571085075499,5.011872336272715e+19,2048,exponential,p0,1.0,0.5,A1_balanced_q01_q99,R2,R2,1.0,1.0,2,65,0.8931608201759547,0.06097311199067851,0.04586606783336696,1.6345188884225088e-16,2.7119760308239007,0.4582202033923289,17.064549937394478,0.036883676828030953,0.0360848216403506,main,True,True,True,False
0.50841864695502,16.50130722142383,0.1115116258349447,0.016961507846929666,0.6303215467235005,0.5611627867660474,0.1115116258349447,1.0,0.44549753358111666,0.5659051515339572,0.9676411586962798,2.657478928850848,5.033743374303243e+19,3.4363688101910134e+18,2.460329965811467e+18,1.4909909456247158e+17,-0.32525423106591245,2.0095036745715333e-14,0,0.9480287725630967,5.6234132519034905e+19,2048,exponential,p0,1.0,0.5,A1_balanced_q01_q99,R2,R2,1.0,1.0,2,65,0.8951402197943308,0.06110823900462631,0.043751541201042986,0.0,2.6940696208136408,0.4826703854599355,18.176841454923302,0.03659069196279274,0.03643649814410742,main,True,True,True,False
0.5342323606495532,17.657479788397072,0.1115116258349447,0.016961507846929666,0.6303215467235005,0.5611627867660474,0.1115116258349447,1.0,0.43805904531938666,0.5552798410460634,0.9503589471599778,2.640196717314546,5.659918266286284e+19,3.8638375364514365e+18,2.632714248705146e+18,1.4909909456247158e+17,-0.3229643624149946,1.0325074129013956e-14,0,0.9504872392368998,6.309573444801943e+19,2048,exponential,p0,1.0,0.5,A1_balanced_q01_q99,R2,R2,1.0,1.0,2,65,0.8970365930123424,0.06123769808297591,0.04172570890468154,1.298344503264142e-16,2.6764769056642357,0.5084252053386034,19.36163370786604,0.03628018834968971,0.03677148720737545,main,True,True,True,False
0.5614178462653977,18.89083116472735,0.1115116258349447,0.016961507846929666,0.6303215467235005,0.5611627867660474,0.1115116258349447,1.0,0.4307288077294965,0.5448849373915979,0.933400740044093,2.6232385101986613,6.363389847998689e+19,4.344074136233772e+18,2.816605822193368e+18,1.4909909456247158e+17,-0.32050548767770143,1.0103029524088925e-14,0,0.9528367905025404,7.0794578438414025e+19,2048,exponential,p0,1.0,0.5,A1_balanced_q01_q99,R2,R2,1.0,1.0,2,65,0.8988527071369401,0.061361678140548444,0.03978561472251161,1.1571507565549565e-16,2.659192389887441,0.5355542772264354,20.623652396772066,0.03595387968877972,0.037090533182466925,main,True,True,True,False
0.5900485159537953,20.206391996473883,0.1115116258349447,0.016961507846929666,0.6303215467235005,0.5611627867660474,0.1115116258349447,1.0,0.42350614949944765,0.5347137950693471,0.9167595371204086,2.606597307274977,7.153650966180037e+19,4.883559059578905e+18,3.012754751048628e+18,1.4909909456247158e+17,-0.31789258337409376,6.439293542825908e-15,0,0.9550816057617589,7.94328234724279e+19,2048,exponential,p0,1.0,0.5,A1_balanced_q01_q99,R2,R2,1.0,1.0,2,65,0.9005912988429974,0.06148036600101529,0.037928335155987404,2.0626233946835702e-16,2.6422106742681573,0.5641309298670842,21.967931250041065,0.035613366993180406,0.03739435135056419,main,True,True,True,False
0.6202016936357069,21.60952059786221,0.1115116258349447,0.016961507846929666,0.6303215467235005,0.5611627867660474,0.1115116258349447,1.0,0.41639035351296305,0.5247600243755957,0.9004285390679091,2.590266309222477,8.041356764069901e+19,5.489566217605053e+18,3.2219599550703355e+18,1.4909909456247158e+17,-0.31513975425208196,8.770761894538737e-15,0,0.9572257591856994,8.91250938133744e+19,2048,exponential,p0,1.0,0.5,A1_balanced_q01_q99,R2,R2,1.0,1.0,2,65,0.9022550686912364,0.06159394602265508,0.036150985286108474,0.0,2.625526454177861,0.594232404754275,23.39983210161484,0.035260144955383765,0.03768362870839838,main,True,True,True,False
0.6519588236201258,23.10592436891636,0.1115116258349447,0.016961507846929666,0.6303215467235005,0.5611627867660474,0.1115116258349447,1.0,0.40938065932941375,0.5150174808523106,0.8844011397501462,2.5742389099047145,9.038466762128584e+19,6.17025997627978e+18,3.4450724024343767e+18,1.4909909456247158e+17,-0.3122602716822726,3.6637359812630166e-15,0,0.959273217589384,1e+20,2048,exponential,p0,1.0,0.5,A1_balanced_q01_q99,R2,R2,1.0,1.0,2,65,0.9038466762128584,0.0617025997627978,0.034450724024343765,0.0,2.609134517917584,0.6259400649123174,24.925066277360123,0.034895608012869506,0.037959024762986876,main,True,True,True,False
0.6854056903801754,24.701682606450852,0.1115116258349447,0.016961507846929666,0.6303215467235005,0.5611627867660474,0.1115116258349447,1.0,0.4024762656753554,0.5054802550585237,0.8686709188129278,2.558508688967496,1.015840429225585e+20,6.934803996846661e+18,3.6829985107913754e+18,1.4909909456247158e+17,-0.3092666112378967,6.772360450213455e-15,0,0.9612278388095015,1.1220184543019654e+20,2048,exponential,p0,1.0,0.5,A1_balanced_q01_q99,R2,R2,1.0,1.0,2,65,0.9053687355414879,0.06180650567963224,0.032824758778879956,0.0,2.59302974508992,0.6593396148169515,26.549717375447486,0.03452105612242384,0.038221172331491075,main,True,True,True,False
0.7206326500805644,26.40327079912462,0.1115116258349447,0.016961507846929666,0.6303215467235005,0.5611627867660474,0.1115116258349447,1.0,0.39567633293449506,0.49614266266764956,0.8532316345923354,2.5430694047469036,1.1416235404060774e+20,7.793483369172154e+18,3.9367037696372265e+18,1.4909909456247158e+17,-0.30617048939789315,3.552713678800501e-15,0,0.9630933705551281,1.2589254117941713e+20,2048,exponential,p0,1.0,0.5,A1_balanced_q01_q99,R2,R2,1.0,1.0,2,65,0.9068238115704409,0.06190583886987543,0.031270349559683525,1.3014273797722585e-16,2.577207104999548,0.6945213320509591,28.280265531586526,0.03413770025264462,0.038470678343430195,main,True,True,True,False
0.757734874481972,28.217586503198287,0.1115116258349447,0.016961507846929666,0.6303215467235005,0.5611627867660474,0.1115116258349447,1.0,0.3889799856239606,0.48699923489232866,0.8380772173229946,2.527914987477563,1.2828869620311084e+20,8.757841660799034e+18,4.207216598365083e+18,1.4909909456247158e+17,-0.302982899319125,6.106226635438361e-15,0,0.9648734496998304,1.4125375446227496e+20,2048,exponential,p0,1.0,0.5,A1_balanced_q01_q99,R2,R2,1.0,1.0,2,65,0.9082144166112999,0.06200077084066474,0.02978481254803543,0.0,2.561661655081785,0.7315803113206742,30.123613265904087,0.03374666760422196,0.038708124642673085,main,True,True,True,False
0.7968126078810356,30.15197690197798,0.1115116258349447,0.016961507846929666,0.6303215467235005,0.5611627867660474,0.1115116258349447,1.0,0.38238631484593394,0.4780447092371656,0.8232017626364793,2.5130395327910473,1.4415285208820295e+20,9.840834702554655e+18,4.495632455353474e+18,1.4909909456247158e+17,-0.29971414563148824,1.5543122344752192e-15,0,0.9665716019836634,1.5848931924611108e+20,2048,exponential,p0,1.0,0.5,A1_balanced_q01_q99,R2,R2,1.0,1.0,2,65,0.9095430075281877,0.06209146931392428,0.028365523157888036,0.0,2.546388539358652,0.7706167214929923,32.087113014559115,0.03334900656760453,0.03893406878683056,main,True,True,True,False
0.8379714377800168,32.21426815865801,0.1115116258349447,0.016961507846929666,0.6303215467235005,0.5611627867660474,0.1115116258349447,1.0,0.3758943807047901,0.469274020578679,0.8085995253397706,2.498437295494339,1.6196781963565e+20,1.1057003153793708e+19,4.803118214448567e+18,1.4909909456247158e+17,-0.29637387821731986,1.887379141862766e-15,0,0.9681912420932148,1.778279410038923e+20,2048,exponential,p0,1.0,0.5,A1_balanced_q01_q99,R2,R2,1.0,1.0,2,65,0.9108119833210286,0.06217809806138223,0.027009918617589106,0.0,2.5313829869220097,0.8117360763476082,34.17859645590537,0.0329456914276709,0.03914904484184731,main,True,True,True,False
0.8813225800169339,34.41279667947275,0.1115116258349447,0.016961507846929666,0.6303215467235005,0.5611627867660474,0.1115116258349447,1.0,0.3695032146810407,0.46068229257062543,0.7942649134636832,2.4841026836182514,1.8197264853090658e+20,1.242266613970989e+19,5.130916826271816e+18,1.4909909456247158e+17,-0.292971124943857,3.3306690738754696e-16,0,0.9697356740887093,1.995262314968883e+20,2048,exponential,p0,1.0,0.5,A1_balanced_q01_q99,R2,R2,1.0,1.0,2,65,0.9120236831303283,0.06226081676836375,0.02571550010130791,0.0,2.5166403104432487,0.8550495197763555,36.406405748176134,0.03253762682499728,0.039353564169791584,main,True,True,True,False
0.9269831791264074,36.75644241168865,0.1115116258349447,0.016961507846929666,0.6303215467235005,0.5611627867660474,0.1115116258349447,1.0,0.3632118219543798,0.45226482937197293,0.7801924825712858,2.470030252725854,2.0443562304098314e+20,1.3956138532931117e+19,5.480352282920407e+18,1.4909909456247158e+17,-0.28951432332458144,1.1102230246251565e-15,0,0.9712080921471157,2.238721138568347e+20,2048,exponential,p0,1.0,0.5,A1_balanced_q01_q99,R2,R2,1.0,1.0,2,65,0.9131803846356625,0.062339780924461234,0.024479834439876107,1.463692794760271e-16,2.502155904709098,0.9006741262004644,38.77942680328603,0.03212565198324402,0.039548116208019055,main,True,True,True,False
0.9750766247421362,39.25466430912679,0.1115116258349447,0.016961507846929666,0.6303215467235005,0.5611627867660474,0.1115116258349447,1.0,0.35701918366922514,0.44401710769378533,0.7663769303164191,2.456214700470987,2.2965783347957367e+20,1.5677974765538898e+19,5.852834905844573e+18,1.4909909456247158e+17,-0.28601135109194226,8.881784197001252e-16,0,0.9726115815916251,2.5118864315095718e+20,2048,exponential,p0,1.0,0.5,A1_balanced_q01_q99,R2,R2,1.0,1.0,2,65,0.9142843028199961,0.062415141739178406,0.023300555440825352,1.3045175764697042e-16,2.4879252451830793,0.9487332170178204,41.307124729464846,0.031710544712092226,0.039733169238070264,main,True,True,True,False
1.0257328848956766,41.917538106557494,0.1115116258349447,0.016961507846929666,0.6303215467235005,0.5611627867660474,0.1115116258349447,1.0,0.3509242591370618,0.43593476916050006,0.7528130912425374,2.4426508613971056,2.5797718373858204e+20,1.7611242409887201e+19,6.249866977975622e+18,1.4909909456247158e+17,-0.2824695556702344,6.661338147750939e-16,0,0.9739491201783542,2.818382931264449e+20,2048,exponential,p0,1.0,0.5,A1_balanced_q01_q99,R2,R2,1.0,1.0,2,65,0.9153375890721928,0.0624870460806617,0.02217536484714538,1.162652513840582e-16,2.4739438865921626,0.9993566939355534,43.99958158409354,0.031293025195056945,0.03990917114284188,main,True,True,True,False
1.079088857111514,44.755796553543334,0.1115116258349447,0.016961507846929666,0.6303215467235005,0.5611627867660474,0.1115116258349447,1.0,0.3449259879708646,0.42801361298029156,0.7394959318122832,2.4293337019668515,2.897728881124711e+20,1.978182916181136e+19,6.673048742555497e+18,1.4909909456247158e+17,-0.2788957825432415,2.220446049250313e-15,0,0.9752235796125698,3.1622776601683794e+20,2048,exponential,p0,1.0,0.5,A1_balanced_q01_q99,R2,R2,1.0,1.0,2,65,0.9163423306005387,0.06255563643566345,0.021102032963797944,0.0,2.4602074615381877,1.0526813900888652,46.86753658732283,0.0308737595713362,0.04007655015072792,main,True,True,True,False
1.1352887382467072,47.78087226813715,0.1115116258349447,0.016961507846929666,0.6303215467235005,0.5611627867660474,0.1115116258349447,1.0,0.33902329214770843,0.4202495889185245,0.72642054565833,2.416258315812898,3.25470517137723e+20,2.221878730326856e+19,7.124084792584357e+18,1.4909909456247158e+17,-0.27529640251661935,4.440892098500626e-15,0,0.9764377272678721,3.54813389233576e+20,2048,exponential,p0,1.0,0.5,A1_balanced_q01_q99,R2,R2,1.0,1.0,2,65,0.917300550130772,0.06262105088892737,0.020078398980300387,1.8470554378334696e-16,2.446711679133604,1.1088514398952758,49.92242895687315,0.03045336332070603,0.0402357155656024,main,True,True,True,False
1.194484414074056,51.00494338129633,0.1115116258349447,0.016961507846929666,0.6303215467235005,0.5611627867660474,0.1115116258349447,1.0,0.33321507799648376,0.412638790567733,0.713582149046269,2.403419919200837,3.655476594581289e+20,2.4954720219008266e+19,7.604790876361411e+18,1.4909909456247158e+17,-0.27167733787991694,4.440892098500626e-16,0,0.9775942280830173,3.9810717055349857e+20,2048,exponential,p0,1.0,0.5,A1_balanced_q01_q99,R2,R2,1.0,1.0,2,65,0.9182142058629555,0.06268342312024443,0.019102371016800013,0.0,2.4334523236611147,1.1680186686439238,53.17644353486597,0.03003240446027755,0.040387058481653214,main,True,True,True,False
1.2568358696608937,54.44098215403422,0.1115116258349447,0.016961507846929666,0.6303215467235005,0.5611627867660474,0.1115116258349447,1.0,0.3275002381083963,0.4051774489070008,0.7009760765404978,2.3908138466950657,4.105402749045527e+20,2.8026216100150796e+19,8.117101146258176e+18,1.4909909456247158e+17,-0.2680440874775599,1.3322676295501878e-15,0,0.9786956466127119,4.466835921509617e+20,2048,exponential,p0,1.0,0.5,A1_balanced_q01_q99,R2,R2,1.0,1.0,2,65,0.9190851916624824,0.06274288241749212,0.018171925920025537,1.4671682853721517e-16,2.4204252532567994,1.2303430028729223,56.64255938867867,0.029611406561733666,0.04053095248223641,main,True,True,True,False
1.3225116216521733,58.10280676118706,0.1115116258349447,0.016961507846929666,0.6303215467235005,0.5611627867660474,0.1115116258349447,1.0,0.3218776531685708,0.39786192614321103,0.6885977768643019,2.37843554701887,4.610498231536822e+20,3.1474334593958035e+19,8.663075879631243e+18,1.4909909456247158e+17,-0.264401750702107,3.552713678800501e-15,0,0.9797444492098455,5.0118723362727146e+20,2048,exponential,p0,1.0,0.5,A1_balanced_q01_q99,R2,R2,1.0,1.0,2,65,0.91991533746161,0.0627995537040459,0.017285108834344125,0.0,2.4076263986163067,1.2959929026441264,60.33460157967084,0.02919085159743684,0.04066775432204082,main,True,True,True,False
1.3916891736254002,62.00513644832087,0.1115116258349447,0.016961507846929666,0.6303215467235005,0.5611627867660474,0.1115116258349447,1.0,0.3163461937077324,0.3906887098262502,0.6764428089455728,2.366280579100141,5.177512626257631e+20,3.534515286191876e+19,9.244909702667147e+18,1.4909909456247158e+17,-0.2607550504266113,2.220446049250313e-16,0,0.98074300631832,5.6234132519034906e+20,2048,exponential,p0,1.0,0.5,A1_balanced_q01_q99,R2,R2,1.0,1.0,2,65,0.9207064098490494,0.06285355757902844,0.016440032571922048,0.0,2.395051761723719,1.3651458168835722,64.26729630626862,0.028771182623577918,0.04079780459199328,main,True,True,True,False
1.4645554957476086,66.16365028177115,0.1115116258349447,0.016961507846929666,0.6303215467235005,0.5611627867660474,0.1115116258349447,1.0,0.31090472177347,0.38365440722994887,0.6645068381398253,2.3543446082943933,5.814020258333445e+20,3.969037829688965e+19,9.864940349960098e+18,1.4909909456247158e+17,-0.25710835489600203,2.220446049250313e-16,0,0.981693594856994,6.309573444801943e+20,2048,exponential,p0,1.0,0.5,A1_balanced_q01_q99,R2,R2,1.0,1.0,2,65,0.9214601128263666,0.06290501036894662,0.015634876804686688,0.0,2.3826974146026743,1.4379886630185217,68.45632964135424,0.028352806308280964,0.040921428366441005,main,True,True,True,False
1.541307530030143,70.59504972614003,0.1115116258349447,0.016961507846929666,0.6303215467235005,0.5611627867660474,0.1115116258349447,1.0,0.30555209252109616,0.37675573999032724,0.6527856326224626,2.342623402777031,6.528520903545122e+20,4.456803603486803e+19,1.0525657994760137e+19,1.4909909456247158e+17,-0.2534656986000771,3.9968028886505635e-15,0,0.9825984006767043,7.079457843841402e+20,2048,exponential,p0,1.0,0.5,A1_balanced_q01_q99,R2,R2,1.0,1.0,2,65,0.9221780887111921,0.06295402418935071,0.014867887099457298,1.8514412104879305e-16,2.3705594980893774,1.5147183322073985,72.91841009824255,0.02793609531234642,0.041038935832267136,main,True,True,True,False
1.62215272254621,75.31712529885775,0.1115116258349447,0.016961507846929666,0.6303215467235005,0.5611627867660474,0.1115116258349447,1.0,0.3002871557245654,0.36998953899253106,0.6412750599424893,2.3311128300970574,7.330552791473768e+20,5.004324038979425e+19,1.1229715187107912e+19,1.4909909456247158e+17,-0.2498308021529635,6.661338147750939e-16,0,0.9834595210738232,7.943282347242789e+20,2048,exponential,p0,1.0,0.5,A1_balanced_q01_q99,R2,R2,1.0,1.0,2,65,0.9228619191685026,0.06300070701523643,0.014137373816261086,0.0,2.3586342206270987,1.5955422215283572,77.67133527479385,0.027521390530041323,0.04115062289968254,main,True,True,True,False
1.7073095840492427,80.34882756767762,0.1115116258349447,0.016961507846929666,0.6303215467235005,0.5611627867660474,0.1115116258349447,1.0,0.29510875720828283,0.36335273949774216,0.629971083730128,2.3198088538846964,8.230819402404961e+20,5.618906045375119e+19,1.1979937439496888e+19,1.4909909456247158e+17,-0.2462070912058033,3.1086244689504383e-15,0,0.9842789673450819,8.91250938133744e+20,2048,exponential,p0,1.0,0.5,A1_balanced_q01_q99,R2,R2,1.0,1.0,2,65,0.9235131263525039,0.0630451627589976,0.013441710888498543,1.470652028422672e-16,2.3469178570817935,1.6806787945648718,82.73406284148936,0.02710900319709708,0.04125677179454665,main,True,True,True,False
1.797008280506703,85.71034277429831,0.1115116258349447,0.016961507846929666,0.6303215467235005,0.5611627867660474,0.1115116258349447,1.0,0.2900157402009981,0.356842376501296,0.6188697605510959,2.308707530705664,9.241331741428915e+20,6.308749135482139e+19,1.2779334502286957e+19,1.4909909456247158e+17,-0.24259771442098027,8.881784197001252e-16,0,0.9850586673697919,1e+21,2048,exponential,p0,1.0,0.5,A1_balanced_q01_q99,R2,R2,1.0,1.0,2,65,0.9241331741428914,0.06308749135482139,0.012779334502286957,1.31072e-16,2.335406747578475,1.7703581719036487,88.12678615660221,0.02669921687281107,0.0413576516321339,main,True,True,True,False
1.8914912551449126,91.42317338578167,0.1115116258349447,0.016961507846929666,0.6303215467235005,0.5611627867660474,0.1115116258349447,1.0,0.28500694661325743,0.3504555803132023,0.6079672369005271,2.2978050070550955,1.0375567978608187e+21,7.083054406729856e+19,1.3631112373847896e+19,1.4909909456247158e+17,-0.23900556053741842,1.1102230246251565e-15,0,0.985800468206957,1.1220184543019653e+21,2048,exponential,p0,1.0,0.5,A1_balanced_q01_q99,R2,R2,1.0,1.0,2,65,0.9247234694604981,0.06312778884850334,0.012148741690998425,1.168180429630661e-16,2.324097296357965,1.8648227531409332,93.87101481007892,0.02629228930286942,0.041453518972355045,main,True,True,True,False
1.9910138836858384,97.51022389506579,0.1115116258349447,0.016961507846929666,0.6303215467235005,0.5611627867660474,0.1115116258349447,1.0,0.28008121824013565,0.34418957235233827,0.597259746329836,2.2870975164844043,1.1648652574583436e+21,7.952146824248959e+19,1.453868609333819e+19,1.4909909456247158e+17,-0.23543327455743546,1.9984014443252818e-15,0,0.9865061386957982,1.2589254117941712e+21,2048,exponential,p0,1.0,0.5,A1_balanced_q01_q99,R2,R2,1.0,1.0,2,65,0.9252853636485289,0.06316614749173957,0.011548488859731748,0.0,2.312985970653677,1.9643278720784043,99.98966041738441,0.025888454169272546,0.04154461835649573,main,True,True,True,False
2.0958451645462897,103.99589221283483,0.1115116258349447,0.016961507846929666,0.6303215467235005,0.5611627867660474,0.1115116258349447,1.0,0.27523739789118484,0.3380416611456252,0.5867436067000594,2.2765813768546277,1.3077557269616822e+21,8.92761242939175e+19,1.5505693367150064e+19,1.4909909456247158e+17,-0.2318832730862862,4.440892098500626e-16,0,0.9871773720495625,1.4125375446227498e+21,2048,exponential,p0,1.0,0.5,A1_balanced_q01_q99,R2,R2,1.0,1.0,2,65,0.9258201539067396,0.06320265584003343,0.010977190253227012,0.0,2.3020692995880765,2.069142486879799,106.50712800550565,0.025487922733448798,0.04163118282560915,main,True,True,True,False
2.2062684458647035,110.90616701530337,0.1115116258349447,0.016961507846929666,0.6303215467235005,0.5611627867660474,0.1115116258349447,1.0,0.2704743304497019,0.33200923852361697,0.5764152175554902,2.2662529877100583,1.4681326604259877e+21,1.0022452295174742e+20,1.6536009083375985e+19,1.4909909456247158e+17,-0.22835775885595783,6.661338147750939e-16,0,0.9878157884334959,1.584893192461111e+21,2048,exponential,p0,1.0,0.5,A1_balanced_q01_q99,R2,R2,1.0,1.0,2,65,0.9263290847670239,0.06323739885342883,0.010433516379547283,1.6540168211141605e-16,2.2913438730884694,2.1795499070535223,113.44941335563311,0.025090885378411087,0.04171343442074449,main,True,True,True,False
2.322582191320025,118.26873143622663,0.1115116258349447,0.016961507846929666,0.6303215467235005,0.5611627867660474,0.1115116258349447,1.0,0.2657908638635638,0.32608977600407035,0.5662710576116871,2.2561088277662553,1.6481330965427443e+21,1.125125527239847e+20,1.763376077219351e+19,1.4909909456247158e+17,-0.2248587344649855,5.10702591327572e-15,0,0.9884229375189366,1.7782794100389228e+21,2048,exponential,p0,1.0,0.5,A1_balanced_q01_q99,R2,R2,1.0,1.0,2,65,0.9268133495999203,0.06327045799935457,0.009916192400724892,1.4741440435069888e-16,2.2808063408217922,2.2958485592263664,120.84420669076624,0.024697513055536913,0.04179158466524297,main,True,True,True,False
2.445100786812452,126.11307351676376,0.1115116258349447,0.016961507846929666,0.6303215467235005,0.5611627867660474,0.1115116258349447,1.0,0.26118585006996964,0.320280821355218,0.5563076823521791,2.246145452506747,1.8501550516990543e+21,1.2630391819598877e+20,1.880334507383989e+19,1.4909909456247158e+17,-0.22138801536605557,1.7763568394002505e-15,0,0.9890003010063889,1.995262314968883e+21,2048,exponential,p0,1.0,0.5,A1_balanced_q01_q99,R2,R2,1.0,1.0,2,65,0.9272740921425704,0.0633019113569328,0.009423996500496797,0.0,2.270453411148056,2.4183527937781286,128.72100312183443,0.024307958641308858,0.04186583502937579,main,True,True,True,False
2.5741553901858896,134.47060385376773,0.1115116258349447,0.016961507846929666,0.6303215467235005,0.5611627867660474,0.1115116258349447,1.0,0.256658145856527,0.31457999533065945,0.5465217217284605,2.2363594918830287,2.0768893783903657e+21,1.4178231489811566e+20,2.004944527986557e+19,1.4909909456247158e+17,-0.21794724213300887,0.0,0,0.9895492951114093,2.238721138568347e+21,2048,exponential,p0,1.0,0.5,A1_balanced_q01_q99,R2,R2,1.0,1.0,2,65,0.9277124080395863,0.0633318337221691,0.008955758238244495,1.1709542358082168e-16,2.2602818500921265,2.547393734517591,137.1112202928413,0.023922358209097716,0.04193637737763291,main,True,True,True,False
2.7100948262886106,143.37478091578967,0.1115116258349447,0.016961507846929666,0.6303215467235005,0.5611627867660474,0.1115116258349447,1.0,0.2522066136611617,0.3089849885679839,0.5369098779581032,2.2267476481126716,2.3313555118808676e+21,1.5915386961106724e+20,2.137705001763697e+19,1.4909909456247158e+17,-0.21453789203853688,2.4424906541753444e-15,0,0.9900712730079098,2.5118864315095717e+21,2048,exponential,p0,1.0,0.5,A1_balanced_q01_q99,R2,R2,1.0,1.0,2,65,0.9281293463891955,0.06336029671350242,0.008510356897302071,0.0,2.250288480333521,2.683320173696219,146.04832369429434,0.02354083222084924,0.042003394399005835,main,True,True,True,False
2.8532865297910384,152.86124452668017,0.1115116258349447,0.016961507846929666,0.6303215467235005,0.5611627867660474,0.1115116258349447,1.0,0.247830122313369,0.303493558643451,0.5274689234160551,2.2173066935706234,2.616941579610424e+21,1.786498785014049e+20,2.2791473152620577e+19,1.4909909456247158e+17,-0.21116128997341627,3.552713678800501e-15,0,0.990567527224324,2.818382931264449e+21,2048,exponential,p0,1.0,0.5,A1_balanced_q01_q99,R2,R2,1.0,1.0,2,65,0.9285259112878427,0.06338736887725005,0.008086719834907363,1.8602440221449313e-16,2.240470180213893,2.826499514779042,155.56796014474028,0.023163486643269504,0.042067060020629925,main,True,True,True,False
3.0041175383086687,162.9679580492233,0.1115116258349447,0.016961507846929666,0.6303215467235005,0.5611627867660474,0.1115116258349447,1.0,0.24352754771933896,0.2981035272753001,0.5181956986144379,2.208033468769006,2.9374494057481387e+21,2.0052987943240627e+20,2.429837498783405e+19,1.4909909456247158e+17,-0.20781861873757712,4.440892098500626e-16,0,0.991039291988709,3.1622776601683794e+21,2048,exponential,p0,1.0,0.5,A1_balanced_q01_q99,R2,R2,1.0,1.0,2,65,0.9289030633672221,0.0634131157925357,0.007683820840242173,0.0,2.2308238827619187,2.9773187655207525,165.7080999728105,0.022790413992912484,0.04212753980517417,main,True,True,True,False
3.162995538514356,173.73535983597077,0.1115116258349447,0.016961507846929666,0.6303215467235005,0.5611627867660474,0.1115116258349447,1.0,0.23929777349347747,0.2928127776684795,0.5090871102663619,2.19892488042093,3.297145008260171e+21,2.25085099230561e+20,2.5903784845028434e+19,1.4909909456247158e+17,-0.20451092873263735,8.881784197001252e-16,0,0.9914877455195694,3.5481338923357606e+21,2048,exponential,p0,1.0,0.5,A1_balanced_q01_q99,R2,R2,1.0,1.0,2,65,0.9292617213184247,0.0634376001753378,0.007300678506237485,1.4776443502667755e-16,2.2213465747352528,3.1361855840314763,176.5091884668992,0.02242169431432295,0.04218499133238504,main,True,True,True,False
3.3303499680671065,185.20652455138259,0.1115116258349447,0.016961507846929666,0.6303215467235005,0.5611627867660474,0.1115116258349447,1.0,0.23513969153883715,0.2876192519938469,0.5001401294295124,2.1899778995840804,3.700815258753101e+21,2.5264232166421165e+20,2.761412511767331e+19,1.4909909456247158e+17,-0.20123914708481117,2.886579864025407e-15,0,0.9919140122597572,3.9810717055349854e+21,2048,exponential,p0,1.0,0.5,A1_balanced_q01_q99,R2,R2,1.0,1.0,2,65,0.9296027633985501,0.063460881981341,0.006936354620109124,2.633903826806581e-16,2.2120352956792737,3.303529380659556,188.01430719654243,0.022057396095193305,0.04223956456520883,main,True,True,True,False
3.506633176335705,197.42733500876113,0.1115116258349447,0.016961507846929666,0.6303215467235005,0.5611627867660474,0.1115116258349447,1.0,0.23105220257893225,0.2825209489951389,0.4913517897254668,2.181189559880035,4.153831457143592e+21,2.835682274743359e+20,2.9436236891688034e+19,1.4909909456247158e+17,-0.1980040862263029,6.661338147750939e-16,0,0.992319165051333,4.4668359215096167e+21,2048,exponential,p0,1.0,0.5,A1_balanced_q01_q99,R2,R2,1.0,1.0,2,65,0.9299270289157517,0.06348301850731532,0.006589952576932741,1.1737346282977215e-16,2.20288713700232,3.479802478669707,200.26934584895304,0.02169757712228515,0.04229140220091969,main,True,True,True,False
3.6923216470542832,210.44666520741524,0.1115116258349447,0.016961507846929666,0.6303215467235005,0.5611627867660474,0.1115116258349447,1.0,0.2270342166433765,0.2775159217172565,0.4827191856308971,2.172556955785465,4.662220664974349e+21,3.182742640622489e+20,3.1377407236117205e+19,1.4909909456247158e+17,-0.19480645196244342,5.10702591327572e-15,0,0.9927042272497903,5.011872336272714e+21,2048,exponential,p0,1.0,0.5,A1_balanced_q01_q99,R2,R2,1.0,1.0,2,65,0.9302353196892484,0.06350406449078602,0.006260615819965659,2.0921841771808115e-16,2.1938992410671223,3.665481336853811,213.32318526611294,0.02134228528165716,0.04234064000769375,main,True,True,True,False
3.8879172862145204,224.31657530012205,0.1115116258349447,0.016961507846929666,0.6303215467235005,0.5611627867660474,0.1115116258349447,1.0,0.223084653509726,0.27260227534968284,0.4742394708370249,2.164077240991593,5.232745744162714e+21,3.5722210946817465e+20,3.3445398272602677e+19,1.4909909456247158e+17,-0.19164685105094928,2.220446049250313e-16,0,0.9930701747763879,5.623413251903491e+21,2048,exponential,p0,1.0,0.5,A1_balanced_q01_q99,R2,R2,1.0,1.0,2,65,0.9305284014813354,0.0635240722077925,0.005947526310872069,0.0,2.185068800298156,3.8610678373790788,227.22789241246355,0.020991559306562824,0.04238740714707731,main,True,True,True,False
4.09394877867498,239.09251926862564,0.1115116258349447,0.016961507846929666,0.6303215467235005,0.5611627867660474,0.1115116258349447,1.0,0.21920244310386378,0.26777816517907255,0.46590985667385837,2.1557476268284264,5.872995163500684e+21,4.009298031616467e+20,3.5648478139612373e+19,1.4909909456247158e+17,-0.18852579831875357,4.218847493575595e-15,0,0.9934179381079824,6.309573444801943e+21,2048,exponential,p0,1.0,0.5,A1_balanced_q01_q99,R2,R2,1.0,1.0,2,65,0.9308070053989262,0.0635430915685667,0.005649903032507037,0.0,2.1763930563046303,4.067090642354494,242.03892805088367,0.020645429476203958,0.04243182648279002,main,True,True,True,False
4.3109730171547564,254.83356613549097,0.1115116258349447,0.016961507846929666,0.6303215467235005,0.5611627867660474,0.1115116258349447,1.0,0.21538652586117868,0.2630417946453416,0.45772761059594363,2.1475653807505117,6.591483764852542e+21,4.4997862501393354e+20,3.7995453974927426e+19,1.4909909456247158e+17,-0.18544372334093376,1.9984014443252818e-15,0,0.9937484042037421,7.079457843841402e+21,2048,exponential,p0,1.0,0.5,A1_balanced_q01_q99,R2,R2,1.0,1.0,2,65,0.9310718292625527,0.06356117021099027,0.005367000526457068,0.0,2.1678692990188426,4.284106622782315,257.8153679552745,0.02030391826833089,0.042474014876319036,main,True,True,True,False
4.539576607473719,271.6026355946833,0.1115116258349447,0.016961507846929666,0.6303215467235005,0.5611627867660474,0.1115116258349447,1.0,0.2116358530507347,0.25839141349581396,0.4496900547265206,2.139527824881089,7.397765826442999e+21,5.0502081375184205e+20,4.04957070479482e+19,1.4909909456247158e+17,-0.18240097670530414,1.5543122344752192e-15,0,0.9940624183686624,7.943282347242789e+21,2048,exponential,p0,1.0,0.5,A1_balanced_q01_q99,R2,R2,1.0,1.0,2,65,0.93132353894116,0.06357835359171653,0.005098107467123431,0.0,2.159494865849626,4.51270236375701,274.62013854209385,0.019967040968536853,0.04251408346974379,main,True,True,True,False
4.780377454107342,289.4667490007823,0.1115116258349447,0.016961507846929666,0.6303215467235005,0.5611627867660474,0.1115116258349447,1.0,0.20794938706456031,0.2538253160322152,0.4417945644571384,2.1316323346117065,8.302561923822531e+21,5.6678822733295144e+20,4.315923018195886e+19,1.4909909456247158e+17,-0.1793978358852895,1.3322676295501878e-15,0,0.9943607860541679,8.912509381337441e+21,2048,exponential,p0,1.0,0.5,A1_balanced_q01_q99,R2,R2,1.0,1.0,2,65,0.9315627696513707,0.0635946850748669,0.004842545273762421,1.1765216227381376e-16,2.1512671408506256,4.753495749980318,292.5202678606885,0.01963480623891911,0.04255213795623884,main,True,True,True,False
5.03402643034205,308.4972967179056,0.1115116258349447,0.016961507846929666,0.6303215467235005,0.5611627867660474,0.1115116258349447,1.0,0.20432610167409498,0.24934183944557498,0.43403856709995436,2.1238763372545226,9.317901272202063e+21,6.361020601823275e+20,4.5996667615609864e+19,1.4909909456247158e+17,-0.17643451074274916,2.220446049250313e-15,0,0.9946442745960635,1e+22,2048,exponential,p0,1.0,0.5,A1_balanced_q01_q99,R2,R2,1.0,1.0,2,65,0.9317901272202064,0.06361020601823275,0.004599666761560987,0.0,2.1431835539031523,5.007137635877468,311.58715294353055,0.019307216648629666,0.042588278838690895,main,False,True,True,False
5.301209137545248,328.77032289477086,0.1115116258349447,0.016961507846929666,0.6303215467235005,0.5611627867660474,0.1115116258349447,1.0,0.20076498225576248,0.24493936223429885,0.42641954059006576,2.116257310744634,1.0457281439300766e+22,7.138837462562655e+20,4.901935746262176e+19,1.4909909456247158e+17,-0.1735111486814672,2.4424906541753444e-15,0,0.9949136148905149,1.1220184543019653e+22,2048,exponential,p0,1.0,0.5,A1_balanced_q01_q99,R2,R2,1.0,1.0,2,65,0.9320061893105397,0.06362495585693284,0.004368854832527499,0.0,2.135241579913343,5.274313604829525,331.896844582723,0.018984269168708767,0.04262260167687019,main,False,True,True,False
5.5826477583052805,350.3668288017415,0.1115116258349447,0.016961507846929666,0.6303215467235005,0.5611627867660474,0.1115116258349447,1.0,0.19726502598755769,0.24061630270092702,0.41893501223539203,2.10877278238996,1.1735847548367434e+22,8.011671926352169e+20,5.223937693906415e+19,1.4909909456247158e+17,-0.17062783947110316,2.886579864025407e-15,0,0.9951695030088088,1.2589254117941714e+22,2048,exponential,p0,1.0,0.5,A1_balanced_q01_q99,R2,R2,1.0,1.0,2,65,0.932211506608796,0.06363897218449381,0.004149521206710302,0.0,2.1274387380233915,5.555745822276551,353.53035066863447,0.01866595563343143,0.04265519732357294,main,False,True,True,False
5.879103008449651,373.37309593982184,0.1115116258349447,0.016961507846929666,0.6303215467235005,0.5611627867660474,0.1115116258349447,1.0,0.19382524201846404,0.236371117523292,0.411582557511743,2.101420327666311,1.3170593349683802e+22,8.991125060050808e+20,5.566959053861427e+19,1.4909909456247158e+17,-0.16778461976047396,2.886579864025407e-15,0,0.9954126017519462,1.4125375446227496e+22,2048,exponential,p0,1.0,0.5,A1_balanced_q01_q99,R2,R2,1.0,1.0,2,65,0.932406603974644,0.0636522908313357,0.003941105194020319,0.0,2.1197725908365967,5.8521949877003445,376.57395930058726,0.01835226317028571,0.04268615215016179,main,False,True,True,False
6.191376193218496,397.8810302103488,0.1115116258349447,0.016961507846929666,0.6303215467235005,0.5611627867660474,0.1115116258349447,1.0,0.19044465161241939,0.232202300396024,0.4043597989008402,2.0941975690554084,1.4780586829065616e+22,1.0090213941975461e+21,5.9323701347946406e+19,1.4909909456247158e+17,-0.16498147729814241,2.220446049250313e-16,0,0.9956435421460352,1.584893192461111e+22,2048,exponential,p0,1.0,0.5,A1_balanced_q01_q99,R2,R2,1.0,1.0,2,65,0.9325919815526176,0.0636649459406587,0.0037430725067236384,0.0,2.112240743655983,6.164462390763536,401.1195829583443,0.018043174600574474,0.04271554826191094,main,False,True,True,False
6.52031137314983,423.988528518193,0.1115116258349447,0.016961507846929666,0.6303215467235005,0.5611627867660474,0.1115116258349447,1.0,0.18712228826849667,0.22810838073854145,0.3972644047691914,2.0871021749237597,1.6587223347493408e+22,1.1323544471888834e+21,6.321630570693724e+19,1.4909909456247158e+17,-0.16221835487741718,2.6645352591003757e-15,0,0.9958629248798261,1.7782794100389228e+22,2048,exponential,p0,1.0,0.5,A1_balanced_q01_q99,R2,R2,1.0,1.0,2,65,0.9327681158457741,0.06367697004173818,0.0035549141124877315,1.179315234805591e-16,2.104840843736263,6.493392077161531,427.26512510719476,0.01773866881250319,0.04274346370355627,main,False,True,True,False
6.866797645531842,451.7998692707289,0.1115116258349447,0.016961507846929666,0.6303215467235005,0.5611627867660474,0.1115116258349447,1.0,0.18385719781885954,0.2240879224658727,0.3902940882858135,2.0801318584403816,1.861450967135901e+22,1.2707505268981086e+21,6.7362951431708705e+19,1.4909909456247158e+17,-0.15949515402200964,1.7763568394002505e-15,0,0.9960713216855899,1.995262314968883e+22,2048,exponential,p0,1.0,0.5,A1_balanced_q01_q99,R2,R2,1.0,1.0,2,65,0.9329354607516513,0.06368839412064607,0.0033761451277026333,0.0,2.0975705795489055,6.83987313004301,455.1148706988576,0.017438721108523847,0.04276997265544579,main,False,True,True,False
7.231771547588468,481.42612833012765,0.1115116258349447,0.016961507846929666,0.6303215467235005,0.5611627867660474,0.1115116258349447,1.0,0.18064843850599627,0.22013952281884558,0.3834466063769299,2.073284376531498,2.0889382662740952e+22,1.426048523109782e+21,7.178019983273828e+19,1.4909909456247158e+17,-0.15681173842777757,1.5543122344752192e-15,0,0.996269276664727,2.238721138568347e+22,2048,exponential,p0,1.0,0.5,A1_balanced_q01_q99,R2,R2,1.0,1.0,2,65,0.9330944485609148,0.06369924768842511,0.0032063037506601393,1.873526777293147e-16,2.090427680060074,7.20484207316421,484.77990212580835,0.01714330352857596,0.04279514562066651,main,False,True,True,False
7.616219587893445,512.985622078113,0.1115116258349447,0.016961507846929666,0.6303215467235005,0.5611627867660474,0.1115116258349447,1.0,0.1774950810406581,0.21626181125035604,0.37671975871585955,2.066557528870428,2.344206685907417e+22,1.60031176424613e+21,7.648569177541288e+19,1.4909909456247158e+17,-0.15416793717518174,2.6645352591003757e-15,0,0.9964573075596319,2.511886431509572e+22,2048,exponential,p0,1.0,0.5,A1_balanced_q01_q99,R2,R2,1.0,1.0,2,65,0.9332454909191957,0.06370955884675043,0.0030449502340536617,1.6697824978812212e-16,2.083409914021218,7.5892854022733,516.3785422880883,0.016852385150790017,0.042819049603520745,main,False,True,True,False
8.021180912855662,546.604379360408,0.1115116258349447,0.016961507846929666,0.6303215467235005,0.5611627867660474,0.1115116258349447,1.0,0.1743962086418457,0.21245344836461263,0.370111386746415,2.0599491569009833,2.630647568765412e+22,1.7958554069438547e+21,8.149821804651856e+19,1.4909909456247158e+17,-0.15156354772631386,2.4424906541753444e-15,0,0.9966359069732325,2.8183829312644493e+22,2048,exponential,p0,1.0,0.5,A1_balanced_q01_q99,R2,R2,1.0,1.0,2,65,0.9333889797527226,0.0637193543511192,0.002891665896158224,0.0,2.07651508927209,7.994242251567243,550.0368265398383,0.016565932371106484,0.042841748279712065,main,False,True,True,False
8.447750115482958,582.4166441932482,0.1115116258349447,0.016961507846929666,0.6303215467235005,0.5611627867660474,0.1115116258349447,1.0,0.17135091706012665,0.20871312490642385,0.3636193727382297,2.053457142892798,2.952066163945625e+22,2.0152771679202137e+21,8.683779430732648e+19,1.4909909456247158e+17,-0.14899833871961723,1.9984014443252818e-15,0,0.9968055435377101,3.1622776601683792e+22,2048,exponential,p0,1.0,0.5,A1_balanced_q01_q99,R2,R2,1.0,1.0,2,65,0.9335252881584215,0.06372865967161491,0.0027460521699635538,0.0,2.0697410520559774,8.420807202427774,585.8890053979586,0.016283909163179455,0.04286330215858859,main,False,True,True,False
8.897080194016304,620.5654112371743,0.1115116258349447,0.016961507846929666,0.6303215467235005,0.5611627867660474,0.1115116258349447,1.0,0.16835831458549227,0.20503956079774005,0.3572416388725039,2.047079409027072,3.312732137645908e+22,2.261491805966273e+21,9.252574093225052e+19,1.4909909456247158e+17,-0.14647205257470292,1.7763568394002505e-15,0,0.9969666630340073,3.5481338923357603e+22,2048,exponential,p0,1.0,0.5,A1_balanced_q01_q99,R2,R2,1.0,1.0,2,65,0.9336547712592419,0.06373749905129758,0.0026077296894605126,1.1821154802134204e-16,2.0630856863469242,8.870133242029071,624.0780800180563,0.01600627731985238,0.042883768737782046,main,False,False,True,False
9.37038566843096,661.202996173893,0.1115116258349447,0.016961507846929666,0.6303215467235005,0.5611627867660474,0.1115116258349447,1.0,0.16541752204090338,0.20143150421883046,0.3509761463567625,2.040813916511331,3.717436247562874e+22,2.537769811669589e+21,9.858476805152082e+19,1.4909909456247158e+17,-0.14398440791898987,2.220446049250313e-16,0,0.9971196894636929,3.981071705534985e+22,2048,exponential,p0,1.0,0.5,A1_balanced_q01_q99,R2,R2,1.0,1.0,2,65,0.9337777670255042,0.06374589556227442,0.002476337412221335,0.0,2.056546913188742,9.343434879813524,664.756372573472,0.015732996677411126,0.042903202650568024,main,False,False,True,False
9.868945863229339,704.4916432611935,0.1115116258349447,0.016961507846929666,0.6303215467235005,0.5611627867660474,0.1115116258349447,1.0,0.16252767276259694,0.19788773073162044,0.3448208945672829,2.034658664721851,4.171553933065317e+22,2.847780818305923e+21,1.050390661370717e+20,1.4909909456247158e+17,-0.14153510184724077,7.327471962526033e-15,0,0.9972650260746478,4.466835921509617e+22,2048,exponential,p0,1.0,0.5,A1_balanced_q01_q99,R2,R2,1.0,1.0,2,65,0.9338945970631252,0.06375387115950934,0.0023515317773654103,0.0,2.050122690045602,9.841991430260142,708.0861338123794,0.015464025323750796,0.04292165580626599,main,False,False,True,False
10.394108365396923,750.6041724894114,0.1115116258349447,0.016961507846929666,0.6303215467235005,0.5611627867660474,0.1115116258349447,1.0,0.15968791256818596,0.19440704244283624,0.3387739202179283,2.0286116903724967,4.681116665024415e+22,3.195642309990001e+21,1.119144024929845e+20,1.4909909456247158e+17,-0.13912381202444146,8.237854842718662e-14,0,0.9974030563423595,5.011872336272714e+22,2048,exponential,p0,1.0,0.5,A1_balanced_q01_q99,R2,R2,1.0,1.0,2,65,0.9340055673696032,0.06376144673243159,0.0022329858979651157,0.0,2.0438110101639997,10.36715047081782,754.2401902163783,0.015199319791503019,0.04293917752397996,main,False,False,True,False
10.947292666873144,799.7246689202594,0.1115116258349447,0.016961507846929666,0.6303215467235005,0.5611627867660474,0.1115116258349447,1.0,0.15689739971348354,0.1909882672047837,0.33283329655420063,2.0226710667087686,5.2528920021529856e+22,3.585974273469771e+21,1.1923822403528304e+20,1.4909909456247158e+17,-0.13675019864188093,1.3922196728799463e-13,0,0.9975341449077941,5.623413251903491e+22,2048,exponential,p0,1.0,0.5,A1_balanced_q01_q99,R2,R2,1.0,1.0,2,65,0.9341109690586787,0.0637686421544058,0.0021203887869155206,0.0,2.0376099019459017,10.920331484350582,803.4026333417397,0.01493883523713313,0.042955814659974806,main,False,False,True,False
11.529994001372101,852.0492169584248,0.1115116258349447,0.016961507846929666,0.6303215467235005,0.5611627867660474,0.1115116258349447,1.0,0.15415530483901344,0.18763025785161344,0.3269971325713747,2.0168349027259427,5.894473416242661e+22,4.023960518821656e+21,1.2703976677116405e+20,1.4909909456247158e+17,-0.1344139062357147,1.8340884366807586e-13,0,0.9976586384745385,6.309573444801943e+22,2048,exponential,p0,1.0,0.5,A1_balanced_q01_q99,R2,R2,1.0,1.0,2,65,0.9342110790545981,0.06377547633012723,0.0020134446152746516,0.0,2.03151742833287,11.503029695940263,855.7695540929374,0.014682525606927399,0.042971611728976164,main,False,False,True,False
12.143787385942835,907.7866824832253,0.1115116258349447,0.016961507846929666,0.6303215467235005,0.5611627867660474,0.1115116258349447,1.0,0.1514608109069615,0.18433189146921117,0.3212635722556596,2.0111013424102278,6.614381078320011e+22,4.515417482799794e+21,1.3535017241411877e+20,1.4909909456247158e+17,-0.13211456537676336,1.603162047558726e-13,0,0.9977768666648688,7.079457843841402e+22,2048,exponential,p0,1.0,0.5,A1_balanced_q01_q99,R2,R2,1.0,1.0,2,65,0.9343061607569324,0.06378196724100658,0.0019118720020610516,0.0,2.025531686200979,12.116820114417264,911.5498248571382,0.014430343790751365,0.04298661101965358,main,False,False,True,False
12.790331878142018,967.1595459637897,0.1115116258349447,0.016961507846929666,0.6303215467235005,0.5611627867660474,0.1115116258349447,1.0,0.14881311312959622,0.1810920686966309,0.3156307938473748,2.005468564001943,7.4221749431940116e+22,5.066871427887112e+21,1.4420261260065217e+20,1.4909909456247158e+17,-0.12985179423977625,1.2922996006636822e-13,0,0.9978891428406689,7.94328234724279e+22,2048,exponential,p0,1.0,0.5,A1_balanced_q01_q99,R2,R2,1.0,1.0,2,65,0.9343964646768901,0.06378813198860903,0.001815403334500714,2.112126356155976e-16,2.01965080576633,12.763361789543355,970.9659326193268,0.014182241764387093,0.043000852704565655,main,False,False,True,False
13.471375060439332,1030.4047898723902,0.1115116258349447,0.016961507846929666,0.6303215467235005,0.5611627867660474,0.1115116258349447,1.0,0.146211418889415,0.1779097130578199,0.3100970091251914,1.9999347792797595,8.328581633066489e+22,5.685645061506723e+21,1.5363242120280716e+20,1.4909909456247158e+17,-0.12762520005991504,1.0769163338864018e-13,0,0.9979957648811615,8.91250938133744e+22,2048,exponential,p0,1.0,0.5,A1_balanced_q01_q99,R2,R2,1.0,1.0,2,65,0.9344822290461,0.06379398683621375,0.0017237841176864217,1.8824345963810202e-16,2.01387295000098,13.444402296353697,1034.2548663810867,0.013938170721220722,0.04301437494480464,main,False,False,True,False
14.188757763827773,1097.7748439464303,0.1115116258349447,0.016961507846929666,0.6303215467235005,0.5611627867660474,0.1115116258349447,1.0,0.14365494765237222,0.17478377032134546,0.304660462710545,1.994498232865113,9.345636803987841e+22,6.379954724855699e+21,1.636772352658713e+20,1.4909909456247158e+17,-0.12543438048373612,8.992806499463768e-14,0,0.9980970159314131,1e+23,2048,exponential,p0,1.0,0.5,A1_balanced_q01_q99,R2,R2,1.0,1.0,2,65,0.9345636803987841,0.063799547248557,0.0016367723526587133,1.6777216000000002e-16,2.0081963140591084,14.16178245877864,1101.6690624225378,0.013698081193995293,0.04302721398959028,main,False,False,True,False
14.944419043518801,1169.5385920612498,0.1115116258349447,0.016961507846929666,0.6303215467235005,0.5611627867660474,0.1115116258349447,1.0,0.14114293087435234,0.17171320788706507,0.2993194313913633,1.9891572015459316,1.0486844884398184e+23,7.159019441082494e+21,1.7437714513220017e+20,1.4909909456247158e+17,-0.12327892482152449,7.482903185973555e-14,0,0.9981931651135443,1.1220184543019653e+23,2048,exponential,p0,1.0,0.5,A1_balanced_q01_q99,R2,R2,1.0,1.0,2,65,0.9346410341282936,0.06380482792982485,0.0015541379418815744,1.495270949927246e-16,2.0026191247132252,14.917441325313755,1173.4774111778372,0.013461923167293666,0.04303940427104109,main,False,False,True,False
15.740401420125032,1245.9824447331084,0.1115116258349447,0.016961507846929666,0.6303215467235005,0.5611627867660474,0.1115116258349447,1.0,0.13867461190171101,0.1686970141980837,0.29407222346431183,1.98390999361888,1.1767358305516726e+23,8.03318326989942e+21,1.8577485435044125e+20,1.4909909456247158e+17,-0.12115841520741281,5.88418203051333e-14,0,0.9982844682059286,1.2589254117941714e+23,2048,exponential,p0,1.0,0.5,A1_balanced_q01_q99,R2,R2,1.0,1.0,2,65,0.9347144950189182,0.06380984285995817,0.0014756621211234602,1.3326616368867927e-16,1.99713963980027,15.713421410186733,1249.9663297402071,0.013229646181390109,0.04305097849434838,main,False,False,True,False
16.578856400507025,1327.4114815294924,0.1115116258349447,0.016961507846929666,0.6303215467235005,0.5611627867660474,0.1115116258349447,1.0,0.13624924586642065,0.16573419817666613,0.28891717809479495,1.9787549482493632,1.3204178601997042e+23,9.014052592296649e+21,1.979158500078763e+20,1.4909909456247158e+17,-0.1190724276733284,5.10702591327572e-14,0,0.9983711682909151,1.4125375446227497e+23,2048,exponential,p0,1.0,0.5,A1_balanced_q01_q99,R2,R2,1.0,1.0,2,65,0.9347842577539076,0.06381460532933343,0.0014011369167587983,1.1877359340902148e-16,1.9917561476774024,16.55187421418737,1331.4409042743969,0.013001199428039234,0.04306196772356463,main,False,False,True,False
17.46205029320391,1414.1506679436734,0.1115116258349447,0.016961507846929666,0.6303215467235005,0.5611627867660474,0.1115116258349447,1.0,0.1338660995763688,0.16282378868280298,0.28385266469399445,1.9736904348485627,1.4816382051480194e+23,1.0114650147143813e+22,2.108485841653161e+20,1.4909909456247158e+17,-0.11702053314243971,3.6415315207705135e-14,0,0.9984534963725973,1.584893192461111e+23,2048,exponential,p0,1.0,0.5,A1_balanced_q01_q99,R2,R2,1.0,1.0,2,65,0.9348505074005957,0.06381912797188066,0.001330364627523566,0.0,1.9864669666873316,17.43506604008434,1418.2261068932012,0.012776531838768923,0.043072401463210896,main,False,False,True,False
18.392370334170344,1506.5461515867532,0.1115116258349447,0.016961507846929666,0.6303215467235005,0.5611627867660474,0.1115116258349447,1.0,0.13152445140130387,0.15996483399423195,0.2788770823122695,1.9687148524668376,1.662537284730162e+23,1.1349587863757906e+22,2.2462466711816097e+20,1.4909909456247158e+17,-0.11500229834742734,3.064215547965432e-14,0,0.9985316719655808,1.7782794100389228e+23,2048,exponential,p0,1.0,0.5,A1_balanced_q01_q99,R2,R2,1.0,1.0,2,65,0.9349134198735239,0.06382342279669924,0.0012631573297766767,1.8869043756889456e-16,1.9812704446330143,18.36538411834636,1510.66809185165,0.012555592166176632,0.043082307735899106,main,False,False,True,False
19.3723311393726,1604.9666428678338,0.1115116258349447,0.016961507846929666,0.6303215467235005,0.5611627867660474,0.1115116258349447,1.0,0.12922359115491153,0.15715640130674982,0.2739888590482681,1.9638266292028361,1.8655167163969705e+23,1.2735260783936652e+22,2.392990732545637e+20,1.4909909456247158e+17,-0.11301728667856957,2.5757174171303632e-14,0,0.9986059036563586,1.9952623149688827e+23,2048,exponential,p0,1.0,0.5,A1_balanced_q01_q99,R2,R2,1.0,1.0,2,65,0.9349731623764288,0.06382750121823087,0.0011993364053402458,1.6817052950014394e-16,1.9761649582615515,19.345343059725934,1609.1355762290711,0.012338329058715347,0.04309171315615754,main,False,False,True,False
20.404581501690423,1709.8048856687346,0.1115116258349447,0.016961507846929666,0.6303215467235005,0.5611627867660474,0.1115116258349447,1.0,0.12696281997344624,0.15439757625376058,0.26918645147314635,1.9590242216277145,2.0932711884969706e+23,1.4290064646805983e+22,2.5493036033169857e+20,1.4909909456247158e+17,-0.11106505896632629,1.865174681370263e-14,0,0.9986763896380833,2.238721138568347e+23,2048,exponential,p0,1.0,0.5,A1_balanced_q01_q99,R2,R2,1.0,1.0,2,65,0.9350298938239395,0.06383137408504759,0.0011387320910130213,1.4988214218345175e-16,1.9711489127571291,20.377591652146847,1714.0213106058966,0.012124691129414611,0.04310064300063823,main,False,False,True,False
21.491911550491746,1821.4792238796729,0.1115116258349447,0.016961507846929666,0.6303215467235005,0.5611627867660474,0.1115116258349447,1.0,0.1247414501913397,0.1516874624440327,0.26446834406931696,1.9543061142238851,2.348824222240817e+23,1.6034640023830644e+22,2.715809030448127e+20,1.4909909456247158e+17,-0.10914517420280895,1.687538997430238e-14,0,0.998743318220177,2.5118864315095718e+23,2048,exponential,p0,1.0,0.5,A1_balanced_q01_q99,R2,R2,1.0,1.0,2,65,0.9350837652438135,0.063835051707311,0.0010811830488753442,1.335825998304977e-16,1.9662207412428399,21.464920020266955,1825.7436456012545,0.011914627018954738,0.0431091212748752,main,False,False,True,False
22.63726029323412,1940.4352700441866,0.1115116258349447,0.016961507846929666,0.6303215467235005,0.5611627867660474,0.1115116258349447,1.0,0.12255880521416099,0.14902518101671744,0.25983304868317775,1.9496708188377458,2.6355682974097376e+23,1.7992146243650476e+22,2.8931714182067326e+20,1.4909909456247158e+17,-0.10725719020624819,1.199040866595169e-14,0,0.9988068683137779,2.818382931264449e+23,2048,exponential,p0,1.0,0.5,A1_balanced_q01_q99,R2,R2,1.0,1.0,2,65,0.9351349201605146,0.0638385438829578,0.0010265359565276428,0.0,1.9613789042912324,22.610267167068276,1944.7482005197749,0.01170808545348656,0.04311717077676296,main,False,False,True,False
23.843723559479155,2067.1476827685415,0.1115116258349447,0.016961507846929666,0.6303215467235005,0.5611627867660474,0.1115116258349447,1.0,0.12041421938928021,0.1464098702127399,0.2552791039913076,1.9451168741458758,2.9573098742730608e+23,2.0188568741704095e+22,3.082098478277008e+20,1.4909909456247158e+17,-0.10540066423231276,1.2878587085651816e-14,0,0.998867209893969,3.162277660168379e+23,2048,exponential,p0,1.0,0.5,A1_balanced_q01_q99,R2,R2,1.0,1.0,2,65,0.9351834949609059,0.06384185992266452,0.0009746451164294339,2.12216861426478e-16,1.9566218894434386,23.81672891785818,2071.509640763067,0.01150501529756287,0.04312481315690789,main,False,False,True,False
25.1145623687875,2202.122059985777,0.1115116258349447,0.016961507846929666,0.6303215467235005,0.5611627867660474,0.1115116258349447,1.0,0.11830703787457418,0.14384068496170427,0.25080507497963245,1.9406428451342006,3.318319909151736e+23,2.265306391314252e+22,3.283344052599241e+20,1.4909909456247158e+17,-0.1035751535358851,9.325873406851315e-15,0,0.9989245044401107,3.5481338923357603e+23,2048,exponential,p0,1.0,0.5,A1_balanced_q01_q99,R2,R2,1.0,1.0,2,65,0.9352296192428251,0.06384500867364354,0.0009253720835314344,0.0,1.9519482107367199,25.087566288155887,2206.533571095449,0.011305365602519268,0.043132068976000575,main,False,False,True,False
26.453211745119265,2345.896955625117,0.1115116258349447,0.016961507846929666,0.6303215467235005,0.5611627867660474,0.1115116258349447,1.0,0.11623661650546667,0.1413167964835375,0.24640955243509777,1.936247322589666,3.723390533962912e+23,2.541834604518681e+22,3.497711120205635e+20,1.4909909456247158e+17,-0.10178021588667194,7.105427357601002e-15,0,0.9989789053549063,3.9810717055349855e+23,2048,exponential,p0,1.0,0.5,A1_balanced_q01_q99,R2,R2,1.0,1.0,2,65,0.9352734161472619,0.06384799854231973,0.000878585310418468,1.6856984491562117e-16,1.9473564082402939,26.42621429808072,2350.3585523153774,0.011109085650627959,0.04313895775935969,main,False,False,True,False
27.86329000155806,2499.0460277311654,0.1115116258349447,0.016961507846929666,0.6303215467235005,0.5611627867660474,0.1115116258349447,1.0,0.11420232166059947,0.13883739190411234,0.24209115244940654,1.9319289226039746,4.17789865187491e+23,2.8521121463466052e+22,3.72605500004658e+20,1.4909909456247158e+17,-0.10001541004181098,3.552713678800501e-15,0,0.999030558363446,4.466835921509616e+23,2048,exponential,p0,1.0,0.5,A1_balanced_q01_q99,R2,R2,1.0,1.0,2,65,0.9353150026748561,0.06385083751593684,0.0008341598092072562,3.004760648442167e-16,1.9428450475992913,27.83629125706708,2503.5582493764105,0.01091612499531669,0.04314549804877243,main,False,False,True,False
29.34860852045959,2662.1803266006395,0.1115116258349447,0.016961507846929666,0.6303215467235005,0.5611627867660474,0.1115116258349447,1.0,0.11220353012638848,0.13640167388415317,0.23784851593439793,1.927686286088966,4.687877292976285e+23,3.2002575653384774e+22,3.9692867625818024e+20,1.4909909456247158e+17,-0.09828029617842969,3.552713678800501e-15,0,0.9990796018929897,5.011872336272715e+23,2048,exponential,p0,1.0,0.5,A1_balanced_q01_q99,R2,R2,1.0,1.0,2,65,0.9353544899873922,0.06385353318313931,0.0007919768294684309,0.0,1.9384127195867011,29.321608544003666,2666.7437195257553,0.010726433497735055,0.04315170745177434,main,False,False,True,False
30.91318205545736,2835.9507320631324,0.1115116258349447,0.016961507846929666,0.6303215467235005,0.5611627867660474,0.1115116258349447,1.0,0.11023962896071274,0.13400886026076575,0.23368030814867446,1.9235180783032426,5.260095676834511e+23,3.59089198205236e+22,4.228376863743915e+20,1.4909909456247158e+17,-0.0965744362889256,1.3322676295501878e-15,0,0.9991261674344054,5.623413251903491e+23,2048,exponential,p0,1.0,0.5,A1_balanced_q01_q99,R2,R2,1.0,1.0,2,65,0.9353919836949564,0.06385609275357569,0.000751923551468076,0.0,1.9340580396631681,30.886180909229708,2840.565849586864,0.01053996135992552,0.043157602688479846,main,False,False,True,False
32.56123958317381,3021.0505496275023,0.1115116258349447,0.016961507846929666,0.6303215467235005,0.5611627867660474,0.1115116258349447,1.0,0.10831001535595805,0.13165818370096508,0.22958521823509032,1.9194229883896585,5.9021490443580014e+23,4.029200414281729e+22,4.5043590157691775e+20,1.4909909456247158e+17,-0.09489739454155222,5.773159728050814e-15,0,0.9991703798860883,6.309573444801942e+23,2048,exponential,p0,1.0,0.5,A1_balanced_q01_q99,R2,R2,1.0,1.0,2,65,0.9354275841293849,0.063858523076566,0.00071389279404934,2.1272076341479705e-16,1.9297796475444997,32.534237326238085,3025.717952107552,0.010356659154841186,0.04316319963609582,main,False,False,True,False
34.297235733965394,3218.2182758489676,0.1115116258349447,0.016961507846929666,0.6303215467235005,0.5611627867660474,0.1115116258349447,1.0,0.10641409650162723,0.1293488913666176,0.22556195876874605,1.9153997289233142,6.622559451008862e+23,4.5210005852220505e+22,4.798334310334795e+20,1.4909909456247158e+17,-0.09324873760873219,8.881784197001252e-16,0,0.9992123578812304,7.079457843841402e+23,2048,exponential,p0,1.0,0.5,A1_balanced_q01_q99,R2,R2,1.0,1.0,2,65,0.9354613866046244,0.0638608306588757,0.0006777827364999406,0.0,1.9255762067767486,34.27023242241272,3222.938530728792,0.01017647785343434,0.043168513371217146,main,False,False,True,False
36.12586283260242,3428.2405439466684,0.1115116258349447,0.016961507846929666,0.6303215467235005,0.5611627867660474,0.1115116258349447,1.0,0.10455128944670396,0.12708024459025005,0.2216092653151435,1.9114470354697117,7.430888858867019e+23,5.072820127653218e+22,5.111475610448033e+20,1.4909909456247158e+17,-0.09162803496535805,8.881784197001252e-16,0,0.9992522140991023,7.94328234724279e+23,2048,exponential,p0,1.0,0.5,A1_balanced_q01_q99,R2,R2,1.0,1.0,2,65,0.9354934816645881,0.06386302168163588,0.0006434966537759153,1.6897010849247808e-16,1.9214464043187425,36.09885851969909,3433.0142258041537,0.009999368849030743,0.04317355821002313,main,False,False,True,False
38.05206358142506,3651.9552614212025,0.1115116258349447,0.016961507846929666,0.6303215467235005,0.5611627867660474,0.1115116258349447,1.0,0.10272102096195192,0.12485151856120044,0.21772589599817357,1.9075636661527418,8.337866028247162e+23,5.691983208616729e+22,5.445032228605555e+20,1.4909909456247158e+17,-0.09003485915919354,3.9968028886505635e-15,0,0.9992900555612394,8.912509381337441e+23,2048,exponential,p0,1.0,0.5,A1_balanced_q01_q99,R2,R2,1.0,1.0,2,65,0.9355239553190747,0.06386510201644884,0.000610942664476439,1.505947677104816e-16,1.9173889501319241,38.02505831775473,3656.7829520188666,0.009825283979182364,0.043178347746472466,main,False,False,True,False
40.08104442026033,3890.2549521862798,0.1115116258349447,0.016961507846929666,0.6303215467235005,0.5611627867660474,0.1115116258349447,1.0,0.10092272740230859,0.12266200202163031,0.21391063107762948,1.9037484012321977,9.35552889268296e+23,6.386707724071568e+22,5.800334909881455e+20,1.4909909456247158e+17,-0.08846878605535163,4.440892098500626e-16,0,0.999325983913085,1e+24,2048,exponential,p0,1.0,0.5,A1_balanced_q01_q99,R2,R2,1.0,1.0,2,65,0.935552889268296,0.06386707724071568,0.0005800334909881455,1.3421772800000001e-16,1.9134025767773792,40.05403825385832,3895.137240523242,0.009654175545181554,0.04318289488859385,main,False,False,True,False
0.2661265483383006,5.001999738279331,0.1115116258349447,0.016961507846929666,0.6303215467235005,0.5611627867660474,0.1115116258349447,1.0,0.5551706751124882,0.7903743108694715,1.2873257392681485,2.9771635094227165,7.986989550824167e+18,5.452451533362631e+17,1.4677652958395702e+18,2.934357002474526e+17,-0.18999793883771454,1.4160894679093872e-13,0,0.815600143742254,1e+19,2048,power,p0,1.0,0.5,A1_balanced_q01_q99,R2,R2,1.0,1.0,2,65,0.7986989550824167,0.05452451533362631,0.146776529583957,0.0,2.998925629084826,0.22131169335137127,7.049603826773096,0.02176211966210939,0.016623880141927387,main,True,False,True,False
0.278245954497832,5.402420602831509,0.1115116258349447,0.016961507846929666,0.6303215467235005,0.5611627867660474,0.1115116258349447,1.0,0.5468282922384302,0.7735206082042821,1.2632198418203542,2.9530576119749226,9.019210063401638e+18,6.157114069948852e+17,1.585263072623129e+18,2.934357002474526e+17,-0.19991520121175943,1.7880141811588146e-13,0,0.8230507609939421,1.1220184543019653e+19,2048,power,p0,1.0,0.5,A1_balanced_q01_q99,R2,R2,1.0,1.0,2,65,0.8038379430232014,0.0548753369103839,0.14128672006641455,1.8252819212979077e-16,2.9759922698286045,0.23312066894011918,7.509106981982359,0.022934657853681983,0.017831961758478128,main,True,False,True,False
0.29098751631097736,5.832275504027443,0.1115116258349447,0.016961507846929666,0.6303215467235005,0.5611627867660474,0.1115116258349447,1.0,0.5385670633337332,0.7571214765029132,1.23962648947721,2.929464259631778,1.0182716180149795e+19,6.951400912315593e+17,1.7113978465603574e+18,2.934357002474526e+17,-0.2089901799842862,1.8512968935624485e-13,0,0.8302599719032184,1.2589254117941713e+19,2048,power,p0,1.0,0.5,A1_balanced_q01_q99,R2,R2,1.0,1.0,2,65,0.8088418968076739,0.05521694015540387,0.1359411630369221,1.6267842247153233e-16,2.95346067044143,0.24555975992107099,7.998561203214029,0.02399641080965198,0.018990167718711523,main,True,False,True,False
0.304384828139509,6.293550705375075,0.1115116258349447,0.016961507846929666,0.6303215467235005,0.5611627867660474,0.1115116258349447,1.0,0.5303878125636986,0.7411616903084374,1.2165319040643845,2.9063696742189524,1.1493968099057267e+19,7.846548888956429e+17,1.8467524582745846e+18,2.934357002474526e+17,-0.21726524098399208,1.5132339825640884e-13,0,0.8372316829155342,1.4125375446227497e+19,2048,power,p0,1.0,0.5,A1_balanced_q01_q99,R2,R2,1.0,1.0,2,65,0.8137106261573381,0.05554931207900763,0.130740061763654,1.4498729664187191e-16,2.931323792661244,0.2586625886355142,8.519918743343126,0.024954118442291673,0.02010020088015712,main,True,False,True,False
0.3184732941413008,6.788358985236194,0.1115116258349447,0.016961507846929666,0.6303215467235005,0.5611627867660474,0.1115116258349447,1.0,0.5222913295206396,0.7256265409957309,1.193922768799912,2.8837605389544803,1.2971466287051213e+19,8.855187651960294e+17,1.9919468723638692e+18,2.934357002474526e+17,-0.22478128556117433,1.2034817586936697e-13,0,0.8439699700866581,1.5848931924611109e+19,2048,power,p0,1.0,0.5,A1_balanced_q01_q99,R2,R2,1.0,1.0,2,65,0.8184441922492198,0.05587245685754674,0.12568335089323354,2.584401282990876e-16,2.909574721526333,0.2724645714799972,9.075259105850384,0.02581418257185275,0.021163729230979575,main,True,False,True,False
0.33329022360295824,7.318947771729251,0.1115116258349447,0.016961507846929666,0.6303215467235005,0.5611627867660474,0.1115116258349447,1.0,0.5142783661757814,0.7105018233816651,1.1717862125675242,2.8616239827220924,1.463600243626809e+19,9.99151099649235e+17,2.1476405644719055e+18,2.934357002474526e+17,-0.2315777727733313,9.681144774731365e-14,0,0.8504790669012496,1.7782794100389229e+19,2048,power,p0,1.0,0.5,A1_balanced_q01_q99,R2,R2,1.0,1.0,2,65,0.8230429005500175,0.05618639534421453,0.12077070410576807,1.1516750339898348e-16,2.8882066632152927,0.28700301463535877,9.6667973391966,0.02658268049320034,0.022182385279799738,main,True,False,True,False
0.34887493131032954,7.887707829250657,0.1115116258349447,0.016961507846929666,0.6303215467235005,0.5611627867660474,0.1115116258349447,1.0,0.5063496340331453,0.6957738225610711,1.1501097945992271,2.8399475647537953,1.651094116275463e+19,1.127146916710716e+18,2.314535070223481e+18,2.934357002474526e+17,-0.23769274179464714,8.038014698286133e-14,0,0.8567633516199686,1.9952623149688828e+19,2048,power,p0,1.0,0.5,A1_balanced_q01_q99,R2,R2,1.0,1.0,2,65,0.8275072925943638,0.056491164507775235,0.1160015428978609,2.052862908937304e-16,2.867212942924815,0.3023172149037784,10.29689287183629,0.027265378171019705,0.023157765512302416,main,True,False,True,False
0.36526884323609393,8.497182532864507,0.1115116258349447,0.016961507846929666,0.6303215467235005,0.5611627867660474,0.1115116258349447,1.0,0.498505801501323,0.681429300945685,1.128881489560542,2.81871925971511,1.862253620727217e+19,1.2712984717497797e+18,2.4933767066615194e+18,2.934357002474526e+17,-0.24316283467581884,6.838973831690964e-14,0,0.8628273342454775,2.238721138568347e+19,2048,power,p0,1.0,0.5,A1_balanced_q01_q99,R2,R2,1.0,1.0,2,65,0.8318381368025678,0.056786816805721944,0.11137504639171021,0.0,2.8465870027846627,0.3184485659263772,10.96805892311021,0.027867743069552642,0.024091429917087664,main,True,False,True,False
0.38251560783772365,9.150077768927588,0.1115116258349447,0.016961507846929666,0.6303215467235005,0.5611627867660474,0.1115116258349447,1.0,0.49074749149730046,0.6674554854857081,1.1080896730324645,2.7979274431870325,2.100028535726267e+19,1.4336194803891318e+18,2.684959477443916e+18,2.934357002474526e+17,-0.24802331956262152,6.361577931102147e-14,0,0.8686756432027001,2.511886431509572e+19,2048,power,p0,1.0,0.5,A1_balanced_q01_q99,R2,R2,1.0,1.0,2,65,0.8360364184395909,0.057073419498809404,0.10689016206159972,0.0,2.826322399809168,0.33544067006850076,11.682972527552675,0.02839495662213576,0.024984901582668216,main,True,False,True,False
0.4006612132747853,9.84927250256375,0.1115116258349447,0.016961507846929666,0.6303215467235005,0.5611627867660474,0.1115116258349447,1.0,0.4830752792939671,0.653840055056735,1.0877231073847833,2.7775608775393517,2.3677328824507036e+19,1.6163723144196805e+18,2.890128173717774e+18,2.934357002474526e+17,-0.25230811446363927,6.505906924303417e-14,0,0.8743130118288979,2.8183829312644493e+19,2048,power,p0,1.0,0.5,A1_balanced_q01_q99,R2,R2,1.0,1.0,2,65,0.8401033288221184,0.05735105391425662,0.10254561726362488,1.4533156423007274e-16,2.806412803884613,0.3533394562750783,12.444485212598307,0.028851926345261347,0.025839666366959897,main,True,False,True,False
0.41975411087108416,10.597830055003055,0.1115116258349447,0.016961507846929666,0.6303215467235005,0.5611627867660474,0.1115116258349447,1.0,0.47548969062028984,0.640571127998004,1.0677709280359007,2.757608698190469,2.6690896391403962e+19,1.8220985269865103e+18,3.1097816832933207e+18,2.934357002474526e+17,-0.25604981163937873,7.338574192772285e-14,0,0.8797442647677107,3.162277660168379e+19,2048,power,p0,1.0,0.5,A1_balanced_q01_q99,R2,R2,1.0,1.0,2,65,0.8440402538840557,0.05761981466515153,0.09833993145079287,0.0,2.7868519957918823,0.37219330421464086,13.255634372275473,0.02924329760141342,0.0266571726400578,main,True,True,True,False
0.4398453451642,11.399010136385296,0.1115116258349447,0.016961507846929666,0.6303215467235005,0.5611627867660474,0.1115116258349447,1.0,0.46799120002054984,0.6276372497908468,1.0482226300946447,2.738060400249213,3.0082809287811633e+19,2.0536531140479406e+18,3.3448765214980296e+18,2.934357002474526e+17,-0.2592797026666568,8.593126210598712e-14,0,0.8849743043595526,3.5481338923357606e+19,2048,power,p0,1.0,0.5,A1_balanced_q01_q99,R2,R2,1.0,1.0,2,65,0.8478487622125195,0.05787980883370799,0.09427142895377251,0.0,2.7676338652637416,0.39205317504752946,14.119655382254567,0.029573465014528733,0.027438831100545902,main,True,True,True,False
0.4609886909029622,12.256281682392228,0.1115116258349447,0.016961507846929666,0.6303215467235005,0.5611627867660474,0.1115116258349447,1.0,0.4605802294764014,0.6150273808692287,1.0290680553799036,2.718905825534472,3.3900043488623686e+19,2.314242968823377e+18,3.5964305979027896e+18,2.934357002474526e+17,-0.26202780421419647,1.0291767438275201e-13,0,0.8900080971172788,3.981071705534986e+19,2048,power,p0,1.0,0.5,A1_balanced_q01_q99,R2,R2,1.0,1.0,2,65,0.8515305926665824,0.05813115512603869,0.09033825220737873,2.0577373646926412e-16,2.7487524090761566,0.4129727491717783,15.039994504571412,0.02984658354168479,0.028186014665054302,main,True,True,True,False
0.48324079737220993,13.173336546046245,0.1115116258349447,0.016961507846929666,0.6303215467235005,0.5611627867660474,0.1115116258349447,1.0,0.4532571472929447,0.60273088455701,1.0102973798140897,2.700135149968658,3.8195361939383165e+19,2.6074700417285576e+18,3.865527233984439e+18,2.934357002474526e+17,-0.264322884547946,1.2068124277675452e-13,0,0.8948506603718865,4.466835921509617e+19,2048,power,p0,1.0,0.5,A1_balanced_q01_q99,R2,R2,1.0,1.0,2,65,0.8550876416896598,0.05837398300601411,0.08653837530432595,1.8339603567151896e-16,2.730201729173049,0.4350085713189811,16.02032263349886,0.030066579204391264,0.028900058430279953,main,True,True,True,False
0.5066613404439281,14.154104099203854,0.1115116258349447,0.016961507846929666,0.6303215467235005,0.5611627867660474,0.1115116258349447,1.0,0.44602226724752314,0.590737515129183,0.991901101186573,2.681738871341141,4.302802413411313e+19,2.9373797808887895e+18,4.1533194477252224e+18,2.934357002474526e+17,-0.2661924907680497,1.4144241333724494e-13,0,0.8995070491678544,5.011872336272715e+19,2048,power,p0,1.0,0.5,A1_balanced_q01_q99,R2,R2,1.0,1.0,2,65,0.8585219504236753,0.05860843181558956,0.08286961776073509,1.6345188884225088e-16,2.7119760308239007,0.4582202033923289,17.064549937394478,0.030237159482759512,0.029582259706196067,main,True,True,True,False
0.531313182774478,15.202766801697255,0.1115116258349447,0.016961507846929666,0.6303215467235005,0.5611627867660474,0.1115116258349447,1.0,0.43887584799762525,0.5790374059967408,0.9738700272832891,2.663707797437857,4.846458249832764e+19,3.3085154985525e+18,4.4610345221547597e+18,2.934357002474526e+17,-0.2676629767638227,1.6497914145929826e-13,0,0.9039823434819428,5.6234132519034905e+19,2048,power,p0,1.0,0.5,A1_balanced_q01_q99,R2,R2,1.0,1.0,2,65,0.8618356917290879,0.05883464988870573,0.07932965838220635,0.0,2.6940696208136408,0.4826703854599355,18.176841454923302,0.030361823375783636,0.030233878118740412,main,True,True,True,False
0.5572625425897638,16.323776799747115,0.1115116258349447,0.016961507846929666,0.6303215467235005,0.5611627867660474,0.1115116258349447,1.0,0.4318180927419699,0.5676210580170642,0.9561952643786628,2.646033034533231,5.457977618456926e+19,3.725979387533261e+18,4.789978875916916e+18,2.934357002474526e+17,-0.2687595318588183,1.765254609153999e-13,0,0.9082816358322074,6.309573444801943e+19,2048,power,p0,1.0,0.5,A1_balanced_q01_q99,R2,R2,1.0,1.0,2,65,0.8650311572097488,0.05905279366551884,0.07591604912473243,1.298344503264142e-16,2.6764769056642357,0.5084252053386034,19.36163370786604,0.030443871131004663,0.030856135779854712,main,True,True,True,False
0.5845791715209426,17.52187361926483,0.1115116258349447,0.016961507846929666,0.6303215467235005,0.5611627867660474,0.1115116258349447,1.0,0.4248491491274056,0.5564793279331178,0.9388682060859481,2.628705976240516,6.145753418306697e+19,4.1955010002307057e+18,5.141543255116342e+18,2.934357002474526e+17,-0.2695062101047931,1.5365486660812167e-13,0,0.9124100193406957,7.0794578438414025e+19,2048,power,p0,1.0,0.5,A1_balanced_q01_q99,R2,R2,1.0,1.0,2,65,0.8681107443351812,0.05926302681328171,0.07262622885153698,1.1571507565549565e-16,2.659192389887441,0.5355542772264354,20.623652396772066,0.030486413646924948,0.031450217522381876,main,True,True,True,False
0.6133365419834022,18.802103023728062,0.1115116258349447,0.016961507846929666,0.6303215467235005,0.5611627867660474,0.1115116258349447,1.0,0.41796910939081566,0.5456034169480124,0.9218805225619118,2.61171829271648,6.9192101103534236e+19,4.723514102001271e+18,5.51720826689239e+18,2.934357002474526e+17,-0.2699259601728701,1.326716514427062e-13,0,0.9163725762950343,7.94328234724279e+19,2048,power,p0,1.0,0.5,A1_balanced_q01_q99,R2,R2,1.0,1.0,2,65,0.8710769437467077,0.05946551935977525,0.06945753689351708,2.0626233946835702e-16,2.6422106742681573,0.5641309298670842,21.967931250041065,0.030492381551677106,0.032017271196998195,main,True,True,True,False
0.6436120446069938,20.16983711110938,0.1115116258349447,0.016961507846929666,0.6303215467235005,0.5611627867660474,0.1115116258349447,1.0,0.411178010726358,0.5349848594401537,0.9052241500616081,2.5950619202161764,7.788930061482679e+19,5.317242921972175e+18,5.918550276575438e+18,2.934357002474526e+17,-0.27004065577870545,1.13464793116691e-13,0,0.9201743672650385,8.91250938133744e+19,2048,power,p0,1.0,0.5,A1_balanced_q01_q99,R2,R2,1.0,1.0,2,65,0.8739323268250907,0.05966044684459285,0.06640722633031643,0.0,2.625526454177861,0.594232404754275,23.39983210161484,0.03046453396168447,0.032558408028076906,main,True,True,True,False
0.6754871962620788,21.630795728917047,0.1115116258349447,0.016961507846929666,0.6303215467235005,0.5611627867660474,0.1115116258349447,1.0,0.40447583586429625,0.5246155118280614,0.8888912808387817,2.57872905099335,8.766795335906353e+19,5.984798949312072e+18,6.34724769162438e+18,2.934357002474526e+17,-0.2698711265718002,9.592326932761353e-14,0,0.9238204208045473,1e+20,2048,power,p0,1.0,0.5,A1_balanced_q01_q99,R2,R2,1.0,1.0,2,65,0.8766795335906353,0.059847989493120715,0.0634724769162438,1.6384e-16,2.609134517917584,0.6259400649123174,24.925066277360123,0.03040546692423396,0.033074703025134995,main,True,True,True,False
0.7090478592482017,23.19106929174993,0.1115116258349447,0.016961507846929666,0.6303215467235005,0.5611627867660474,0.1115116258349447,1.0,0.3978625138481711,0.5144875415931337,0.8728743533871419,2.56271212354171,9.866146820995197e+19,6.735289563132722e+18,6.805087657111836e+18,2.934357002474526e+17,-0.2694371894114712,8.182343691487404e-14,0,0.9273157237721779,1.1220184543019654e+20,2048,power,p0,1.0,0.5,A1_balanced_q01_q99,R2,R2,1.0,1.0,2,65,0.8793212609977225,0.060028331417444535,0.06065040758483286,1.4602255370383262e-16,2.59302974508992,0.6593396148169515,26.549717375447486,0.03031762154820994,0.03356719544632777,main,True,True,True,False
0.7443844722436017,24.857143091257612,0.1115116258349447,0.016961507846929666,0.6303215467235005,0.5611627867660474,0.1115116258349447,1.0,0.39133792099566356,0.5045934164697841,0.8571660430175108,2.547003813172079,1.1101962804881693e+20,7.578939941465902e+18,7.293973189134306e+18,2.934357002474526e+17,-0.2687576799472494,6.639133687258436e-14,0,0.9306652122938508,1.2589254117941713e+20,2048,power,p0,1.0,0.5,A1_balanced_q01_q99,R2,R2,1.0,1.0,2,65,0.8818602516776279,0.0602016598478594,0.057938088474512726,0.0,2.577207104999548,0.6945213320509591,28.280265531586526,0.03020329182746906,0.034036889310295915,main,True,True,True,False
0.781592293644855,26.635923194321162,0.1115116258349447,0.016961507846929666,0.6303215467235005,0.5611627867660474,0.1115116258349447,1.0,0.38490188202788805,0.49492589381265567,0.8417592527655291,2.5315970229200975,1.2491059381678604e+20,8.527229871225926e+18,7.815930774262995e+18,2.934357002474526e+17,-0.2678504844179217,5.440092820663267e-14,0,0.9338737633832386,1.4125375446227496e+20,2048,power,p0,1.0,0.5,A1_balanced_q01_q99,R2,R2,1.0,1.0,2,65,0.8842992831751334,0.06036816439808909,0.055332552426777565,0.0,2.561661655081785,0.7315803113206742,30.123613265904087,0.03006463216168731,0.034484753952568704,main,True,True,True,False
0.8207716579585883,28.534764031598115,0.1115116258349447,0.016961507846929666,0.6303215467235005,0.5611627867660474,0.1115116258349447,1.0,0.3785541713514657,0.48547801015069486,0.8266471046243064,2.5164848747788744,1.4052315350203125e+20,9.593047279072e+18,8.373118465007817e+18,2.934357002474526e+17,-0.26673257158136116,4.374278717023117e-14,0,0.9369461872299469,1.5848931924611108e+20,2048,power,p0,1.0,0.5,A1_balanced_q01_q99,R2,R2,1.0,1.0,2,65,0.8866411577162435,0.060528036366762225,0.05283080591699413,2.0675210263927006e-16,2.546388539358652,0.7706167214929923,32.087113014559115,0.029903664579777445,0.03491172462265622,main,True,True,True,False
0.8620282459422821,30.56149778530209,0.1115116258349447,0.016961507846929666,0.6303215467235005,0.5611627867660474,0.1115116258349447,1.0,0.3722945144774291,0.47624307093786933,0.8118229310961175,2.5016607012506857,1.580692459753974e+20,1.0790860525253798e+19,8.967834503241091e+18,2.934357002474526e+17,-0.26542002468664905,3.8968828164342995e-14,0,0.9398872201583858,1.778279410038923e+20,2048,power,p0,1.0,0.5,A1_balanced_q01_q99,R2,R2,1.0,1.0,2,65,0.8888886925364422,0.060681468077154466,0.05042983938640331,0.0,2.5313829869220097,0.8117360763476082,34.17859645590537,0.029722285671323956,0.03531870311793064,main,True,True,True,False
0.905473369227318,32.72446569230151,0.1115116258349447,0.016961507846929666,0.6303215467235005,0.5611627867660474,0.1115116258349447,1.0,0.36612258956106114,0.46721464050991796,0.7972802670569185,2.4871180372114865,1.7778679323943217e+20,1.21369117518119e+19,9.602526505644233e+18,2.934357002474526e+17,-0.2639280734005228,2.919886554764162e-14,0,0.9427015182552103,1.995262314968883e+20,2048,power,p0,1.0,0.5,A1_balanced_q01_q99,R2,R2,1.0,1.0,2,65,0.891044710791347,0.06082865225668927,0.04812663695196383,0.0,2.5166403104432487,0.8550495197763555,36.406405748176134,0.029522273231762153,0.035706558450406135,main,True,True,True,False
0.9512242701963939,35.032551386270256,0.1115116258349447,0.016961507846929666,0.6303215467235005,0.5611627867660474,0.1115116258349447,1.0,0.36003802904684534,0.4583865322561834,0.7830128419272021,2.4728506120817704,1.9994287875313553e+20,1.3649433856214053e+19,1.027980124748508e+19,2.934357002474526e+17,-0.26227112560193455,2.5202062658991053e-14,0,0.9453936516573304,2.238721138568347e+20,2048,power,p0,1.0,0.5,A1_balanced_q01_q99,R2,R2,1.0,1.0,2,65,0.8931120330645477,0.060969781457206454,0.04591818547824572,2.927385589520542e-16,2.502155904709098,0.9006741262004644,38.77942680328603,0.029305292627327617,0.03607612754256478,main,True,True,True,False
0.9994044379279576,37.49521641080471,0.1115116258349447,0.016961507846929666,0.6303215467235005,0.5611627867660474,0.1115116258349447,1.0,0.35404042140304404,0.44975279901493936,0.7690145721424282,2.4588523422969963,2.2483731409216448e+20,1.534889397535843e+19,1.1002435083434256e+19,2.934357002474526e+17,-0.2604627989611982,2.1760371282653068e-14,0,0.9479680994880367,2.5118864315095718e+20,2048,power,p0,1.0,0.5,A1_balanced_q01_q99,R2,R2,1.0,1.0,2,65,0.8950934694807985,0.06110504751655585,0.04380148300264558,0.0,2.4879252451830793,0.9487332170178204,41.307124729464846,0.029072902886082996,0.036428215948438834,main,True,True,True,False
1.0501439410632534,40.122538044129,0.1115116258349447,0.016961507846929666,0.6303215467235005,0.5611627867660474,0.1115116258349447,1.0,0.34812931293086036,0.44130772369992244,0.7552795539160103,2.4451173240705786,2.5280664136273166e+20,1.725826671702915e+19,1.1773385046684051e+19,2.934357002474526e+17,-0.2585159522237757,1.687538997430238e-14,0,0.9504292454246098,2.818382931264449e+20,2048,power,p0,1.0,0.5,A1_balanced_q01_q99,R2,R2,1.0,1.0,2,65,0.8969918124266798,0.06123464106166135,0.041773546511658724,2.325305027681164e-16,2.4739438865921626,0.9993566939355534,43.99958158409354,0.028826562521583998,0.036763598596260105,main,True,True,True,False
1.1035797784969053,42.925249585277115,0.1115116258349447,0.016961507846929666,0.6303215467235005,0.5611627867660474,0.1115116258349447,1.0,0.3423042096336939,0.4330458101650097,0.7418020562876386,2.4316398264422068,2.8422862457546693e+20,1.9403340771018543e+19,1.2595800670352464e+19,2.934357002474526e+17,-0.25644271612306485,1.0436096431476471e-14,0,0.952781373877004,3.1622776601683794e+20,2048,power,p0,1.0,0.5,A1_balanced_q01_q99,R2,R2,1.0,1.0,2,65,0.8988098298753843,0.06135875105282623,0.03983141907178949,0.0,2.4602074615381877,1.0526813900888652,46.86753658732283,0.028567635095980926,0.03708302054909798,main,True,True,True,False
1.159856248839763,45.9147832615266,0.1115116258349447,0.016961507846929666,0.6303215467235005,0.5611627867660474,0.1115116258349447,1.0,0.33656457913266363,0.4249617743130751,0.7285765144494817,2.41841428460405,3.195272896800299e+20,2.181306297549004e+19,1.3473036578056073e+19,2.934357002474526e+17,-0.254254523851433,3.3306690738754696e-15,0,0.9550286667542189,3.54813389233576e+20,2048,power,p0,1.0,0.5,A1_balanced_q01_q99,R2,R2,1.0,1.0,2,65,0.9005502593073874,0.06147756436871765,0.037972176323894824,1.8470554378334696e-16,2.446711679133604,1.1088514398952758,49.92242895687315,0.028297394529554154,0.03738719778004432,main,True,True,True,False
1.2191253396529702,49.10331592737155,0.1115116258349447,0.016961507846929666,0.6303215467235005,0.5611627867660474,0.1115116258349447,1.0,0.3309098526153282,0.4170505354541552,0.7155975233426707,2.4054352934972387,3.591785802482636e+20,2.4519924411614798e+19,1.4408665893620163e+19,2.934357002474526e+17,-0.2519621410240919,8.215650382226158e-15,0,0.9571752007924237,3.9810717055349857e+20,2048,power,p0,1.0,0.5,A1_balanced_q01_q99,R2,R2,1.0,1.0,2,65,0.9022158022144852,0.06159126543117553,0.03619293235433923,0.0,2.4334523236611147,1.1680186686439238,53.17644353486597,0.028017030163876022,0.03767681795865906,main,True,True,True,False
1.2815471375053635,52.50381773652585,0.1115116258349447,0.016961507846929666,0.6303215467235005,0.5611627867660474,0.1115116258349447,1.0,0.32533942680533534,0.40930720791708436,0.7028598315163103,2.3926976016708785,4.0371670397008826e+20,2.756039365769136e+19,1.5406494523182086e+19,2.934357002474526e+17,-0.24957569507610233,7.549516567451064e-15,0,0.9592249454168684,4.466835921509617e+20,2048,power,p0,1.0,0.5,A1_balanced_q01_q99,R2,R2,1.0,1.0,2,65,0.9038091191709762,0.06170003586873865,0.0344908449602852,0.0,2.4204252532567994,1.2303430028729223,56.64255938867867,0.02772765158592083,0.03795254124555101,main,True,True,True,False
1.3472902599624905,56.130103980366485,0.1115116258349447,0.016961507846929666,0.6303215467235005,0.5611627867660474,0.1115116258349447,1.0,0.31985266594157097,0.4017270929178033,0.6903583352411455,2.3801961053957137,4.537412543005775e+20,3.0975402960252756e+19,1.6470576366441167e+19,2.934357002474526e+17,-0.24710470403870335,2.220446049250313e-15,0,0.9611817611079149,5.0118723362727146e+20,2048,power,p0,1.0,0.5,A1_balanced_q01_q99,R2,R2,1.0,1.0,2,65,0.9053328254526548,0.0618040542175679,0.03286312032977717,1.307615110738007e-16,2.4076263986163067,1.2959929026441264,60.33460157967084,0.027430293220592983,0.03821500109214275,main,True,True,True,False
1.416532310674121,59.996890298929564,0.1115116258349447,0.016961507846929666,0.6303215467235005,0.5611627867660474,0.1115116258349447,1.0,0.3144489037562992,0.39430567068655276,0.6780880728699465,2.3679258430245147,5.099252018904267e+20,3.4810893782386463e+19,1.7605229517535994e+19,2.934357002474526e+17,-0.244558104647187,6.439293542825908e-15,0,0.9630493982406975,5.6234132519034906e+20,2048,power,p0,1.0,0.5,A1_balanced_q01_q99,R2,R2,1.0,1.0,2,65,0.9067894871816866,0.06190349565826981,0.031307017160043735,1.1654131941631085e-16,2.395051761723719,1.3651458168835722,64.26729630626862,0.02712591869920411,0.03846480504285946,main,True,True,True,False
1.4894603587897848,64.1198514840867,0.1115116258349447,0.016961507846929666,0.6303215467235005,0.5611627867660474,0.1115116258349447,1.0,0.3091274454426461,0.3870385928552172,0.6660442194365924,2.3558819895911607,5.730238619822129e+20,3.911842897798573e+19,1.881505351999564e+19,2.934357002474526e+17,-0.24194427973859006,4.218847493575595e-15,0,0.9648314963669951,6.309573444801943e+20,2048,power,p0,1.0,0.5,A1_balanced_q01_q99,R2,R2,1.0,1.0,2,65,0.9081816179733844,0.06199853178698304,0.029819850239632552,0.0,2.3826974146026743,1.4379886630185217,68.45632964135424,0.02681542501151357,0.03870253553715555,main,True,True,True,False
1.5662714439972203,68.51568410891377,0.1115116258349447,0.016961507846929666,0.6303215467235005,0.5611627867660474,0.1115116258349447,1.0,0.30388756960270163,0.379921675105166,0.6542220814858377,2.344059851640406,6.438849569143546e+20,4.395587972535328e+19,2.0104947744432374e+19,2.934357002474526e+17,-0.23927108490346646,2.220446049250313e-16,0,0.966531583907623,7.079457843841402e+20,2048,power,p0,1.0,0.5,A1_balanced_q01_q99,R2,R2,1.0,1.0,2,65,0.9095116760593275,0.06208933041898343,0.028398993521689196,0.0,2.3705594980893774,1.5147183322073985,72.91841009824255,0.026499646448971514,0.03892875070899648,main,True,True,True,False
1.6471731085475767,73.20217323259986,0.1115116258349447,0.016961507846929666,0.6303215467235005,0.5611627867660474,0.1115116258349447,1.0,0.2987285301684169,0.37295089007502347,0.6426170921257339,2.332454862280302,7.234599074158784e+20,4.938819634625729e+19,2.1480130962143273e+19,2.934357002474526e+17,-0.23654587436185484,1.3322676295501878e-15,0,0.9681530782238479,7.943282347242789e+20,2048,power,p0,1.0,0.5,A1_balanced_q01_q99,R2,R2,1.0,1.0,2,65,0.9107820618601078,0.06217605542298335,0.02704188271690895,1.6500987157468562e-16,2.3586342206270987,1.5955422215283572,77.67133527479385,0.026179358346796633,0.03914398518159002,main,True,True,True,False
1.7323839577043727,78.19826344654538,0.1115116258349447,0.016961507846929666,0.6303215467235005,0.5611627867660474,0.1115116258349447,1.0,0.293649558288324,0.3661223605269798,0.6312248062947062,2.3210625764492745,8.128165026908128e+20,5.548827325035949e+19,2.2946162192571822e+19,2.934357002474526e+17,-0.23377552603922547,2.220446049250313e-15,0,0.9696992860364023,8.91250938133744e+20,2048,power,p0,1.0,0.5,A1_balanced_q01_q99,R2,R2,1.0,1.0,2,65,0.9119951159802749,0.06225886658425345,0.02574601743547163,0.0,2.3469178570817935,1.6806787945648718,82.73406284148936,0.025855280632518962,0.03934875085536228,main,True,True,True,False
1.8221342501296203,83.52413454466902,0.1115116258349447,0.016961507846929666,0.6303215467235005,0.5611627867660474,0.1115116258349447,1.0,0.2886498641739791,0.35943235276945845,0.6200408962353615,2.30987866638993,9.13153117597656e+20,6.233791949466665e+19,2.45089629076774e+19,2.934357002474526e+17,-0.23096646582361208,2.220446049250313e-16,0,0.9711734041613822,1e+21,2048,power,p0,1.0,0.5,A1_balanced_q01_q99,R2,R2,1.0,1.0,2,65,0.913153117597656,0.062337919494666647,0.0245089629076774,1.31072e-16,2.335406747578475,1.7703581719036487,88.12678615660221,0.025528081188545215,0.03954353768734838,main,True,True,True,False
1.9166665198016233,89.20128211944808,0.1115116258349447,0.016961507846929666,0.6303215467235005,0.5611627867660474,0.1115116258349447,1.0,0.283728638900824,0.35287727033321,0.6090611471671465,2.298898917321715,1.0258146657703519e+21,7.002894784992268e+19,2.617484068169082e+19,2.934357002474526e+17,-0.22812469099026325,2.886579864025407e-15,0,0.9725785205330933,1.1220184543019653e+21,2048,power,p0,1.0,0.5,A1_balanced_q01_q99,R2,R2,1.0,1.0,2,65,0.9142582832191792,0.06241336546776263,0.023328351313058233,1.168180429630661e-16,2.324097296357965,1.8648227531409332,93.87101481007892,0.025198379036249996,0.03972881446035907,main,True,True,True,False
2.0162362311437625,95.25260340490675,0.1115116258349447,0.016961507846929666,0.6303215467235005,0.5611627867660474,0.1115116258349447,1.0,0.27888505615896403,0.3464536478972398,0.5982814531501154,2.2881192233046836,1.1523105005744443e+21,7.86643968392154e+19,2.79505143805117e+19,2.934357002474526e+17,-0.2252557927849789,2.220446049250313e-16,0,0.9739176154849578,1.2589254117941712e+21,2048,power,p0,1.0,0.5,A1_balanced_q01_q99,R2,R2,1.0,1.0,2,65,0.9153127657755485,0.06248535147694412,0.022201882747507434,0.0,2.312985970653677,1.9643278720784043,99.98966041738441,0.02486674734899319,0.03990502954044679,main,True,True,True,False
2.1211124691338696,101.70248870872534,0.1115116258349447,0.016961507846929666,0.6303215467235005,0.5611627867660474,0.1115116258349447,1.0,0.2741182739500562,0.3401581454603843,0.587697813132157,2.277535583286725,1.2943345016521435e+21,8.8359901979453e+19,2.9843140991153463e+19,2.934357002474526e+17,-0.22236497816178297,1.1102230246251565e-15,0,0.9751935632604779,1.4125375446227498e+21,2048,power,p0,1.0,0.5,A1_balanced_q01_q99,R2,R2,1.0,1.0,2,65,0.916318654027582,0.0625540201149496,0.021127325857468626,0.0,2.3020692995880765,2.069142486879799,106.50712800550565,0.024533716301351483,0.04007261162137788,main,True,True,True,False
2.231578666257755,108.57691879800251,0.1115116258349447,0.016961507846929666,0.6303215467235005,0.5611627867660474,0.1115116258349447,1.0,0.2694274362272253,0.333987542753775,0.5773063271721822,2.2671440973267503,1.4537876138257382e+21,9.924523443717038e+19,3.1860344198202667e+19,2.934357002474526e+17,-0.21945709067471378,5.329070518200751e-15,0,0.9764091337278304,1.584893192461111e+21,2048,power,p0,1.0,0.5,A1_balanced_q01_q99,R2,R2,1.0,1.0,2,65,0.9172779722576859,0.06261950957279135,0.02010251816952292,1.6540168211141605e-16,2.2913438730884694,2.1795499070535223,113.44941335563311,0.024199775761719167,0.04023197045496665,main,True,True,True,False
2.34793336827046,115.90356862695103,0.1115116258349447,0.016961507846929666,0.6303215467235005,0.5611627867660474,0.1115116258349447,1.0,0.2648116744755372,0.3279387338889935,0.5671031928319319,2.2569409629865,1.6328031376850614e+21,1.1146602753263352e+20,3.4010244821228052e+19,2.934357002474526e+17,-0.21653663052730146,6.661338147750939e-16,0,0.9775669942726927,1.7782794100389228e+21,2048,power,p0,1.0,0.5,A1_balanced_q01_q99,R2,R2,1.0,1.0,2,65,0.9181926802207774,0.06268195363640507,0.01912536614281759,0.0,2.2808063408217922,2.2958485592263664,120.84420669076624,0.02386537783529219,0.04038349756628722,main,True,True,True,False
2.4704910408333105,123.71191782018167,0.1115116258349447,0.016961507846929666,0.6303215467235005,0.5611627867660474,0.1115116258349447,1.0,0.26027010923117017,0.32200872223625454,0.5570847017292117,2.2469224718837797,1.8337751077143933e+21,1.2518571401996927e+20,3.630149323452032e+19,2.934357002474526e+17,-0.21360777378670825,1.3322676295501878e-15,0,0.9786697118456211,1.995262314968883e+21,2048,power,p0,1.0,0.5,A1_balanced_q01_q99,R2,R2,1.0,1.0,2,65,0.9190646733299286,0.06274148169932313,0.01819384497074835,0.0,2.270453411148056,2.4183527937781286,128.72100312183443,0.023530939264276185,0.04052756695291989,main,True,True,True,False
2.5995829192059836,132.0333683521467,0.1115116258349447,0.016961507846929666,0.6303215467235005,0.5611627867660474,0.1115116258349447,1.0,0.25580185153793605,0.31619461552666184,0.5472472362455633,2.2370850064001315,2.059390134800835e+21,1.4058769986907033e+20,3.8743303898442015e+19,2.934357002474526e+17,-0.21067439077258396,1.3322676295501878e-15,0,0.9797197551413307,2.238721138568347e+21,2048,power,p0,1.0,0.5,A1_balanced_q01_q99,R2,R2,1.0,1.0,2,65,0.91989578305309,0.06279821878975761,0.017305998157152436,1.1709542358082168e-16,2.2602818500921265,2.547393734517591,137.1112202928413,0.02319684369199493,0.04066453576752767,main,True,True,True,False
2.7355579032884654,140.90136989209407,0.1115116258349447,0.016961507846929666,0.6303215467235005,0.5611627867660474,0.1115116258349447,1.0,0.2514060043403279,0.3104936211722348,0.5375872663815595,2.2274250365361277,2.312663135954936e+21,1.5787780341452364e+20,4.134549214011196e+19,2.934357002474526e+17,-0.20774006363339473,3.1086244689504383e-15,0,0.9807194968891026,2.5118864315095717e+21,2048,power,p0,1.0,0.5,A1_balanced_q01_q99,R2,R2,1.0,1.0,2,65,0.9206877774984006,0.06285228561055749,0.016459936891041888,0.0,2.250288480333521,2.683320173696219,146.04832369429434,0.022863443797393135,0.04079474498318114,main,True,True,True,False
2.8787835004310014,150.35155331445335,0.1115116258349447,0.016961507846929666,0.6303215467235005,0.5611627867660474,0.1115116258349447,1.0,0.24708166381268737,0.30490304179719724,0.5281013467531015,2.2179391169076696,2.596977425674922e+21,1.77286992259408e+20,4.411851333011883e+19,2.934357002474526e+17,-0.20480810312536682,2.220446049250313e-16,0,0.9816712162347263,2.818382931264449e+21,2048,power,p0,1.0,0.5,A1_balanced_q01_q99,R2,R2,1.0,1.0,2,65,0.9214423621668064,0.06290379859058731,0.015653839242606167,1.8602440221449313e-16,2.240470180213893,2.826499514779042,155.56796014474028,0.02253106330622323,0.040918520040975896,main,True,True,True,False
3.0296468185586223,160.42187290717484,0.1115116258349447,0.016961507846929666,0.6303215467235005,0.5611627867660474,0.1115116258349447,1.0,0.2428279206245071,0.2994202709738233,0.5187861137223221,2.20862388387689,2.9161297012826277e+21,1.9907445427422737e+20,4.70735046115247e+19,2.934357002474526e+17,-0.20188156461124848,2.6645352591003757e-15,0,0.9825771011960334,3.1622776601683794e+21,2048,power,p0,1.0,0.5,A1_balanced_q01_q99,R2,R2,1.0,1.0,2,65,0.9221611808519543,0.06295286994616008,0.014885949201885773,1.6579442298943593e-16,2.2308238827619187,2.9773187655207525,165.7080999728105,0.02219999888502855,0.041036171479583376,main,True,True,True,False
3.1885556122940937,171.15275784522993,0.1115116258349447,0.016961507846929666,0.6303215467235005,0.5611627867660474,0.1115116258349447,1.0,0.2386438611421967,0.2940427891560147,0.5096382826568778,2.199476052811446,3.274380519522119e+21,2.2353104346604333e+20,5.022232934759773e+19,2.934357002474526e+17,-0.19896326329784073,1.9984014443252818e-15,0,0.9834392511751824,3.5481338923357606e+21,2048,power,p0,1.0,0.5,A1_balanced_q01_q99,R2,R2,1.0,1.0,2,65,0.9228458166685959,0.06299960775124282,0.014154575580161106,1.4776443502667755e-16,2.2213465747352528,3.1361855840314763,176.5091884668992,0.021870521923806674,0.04114799554649064,main,True,True,True,False
3.3559393849047976,182.5872735334962,0.1115116258349447,0.016961507846929666,0.6303215467235005,0.5611627867660474,0.1115116258349447,1.0,0.2345285685680036,0.2887681598036709,0.5006546453116517,2.19049241546622,3.6765109346006713e+21,2.5098314646873915e+20,5.3577624465574625e+19,2.934357002474526e+17,-0.19605578873272092,2.220446049250313e-15,0,0.9842596795127052,3.9810717055349854e+21,2048,power,p0,1.0,0.5,A1_balanced_q01_q99,R2,R2,1.0,1.0,2,65,0.9234977931920002,0.06304411601524054,0.013458090792759218,1.3169519134032904e-16,2.2120352956792737,3.303529380659556,188.01430719654243,0.021542880213053728,0.041254274790765016,main,True,True,True,False
3.532250549051405,194.77129346257743,0.1115116258349447,0.016961507846929666,0.6303215467235005,0.5611627867660474,0.1115116258349447,1.0,0.2304811240170055,0.2835940256908934,0.4918320673270881,2.1816698374816563,4.127886049635849e+21,2.8179702098847393e+20,5.71528508852935e+19,2.934357002474526e+17,-0.1931615185817796,2.220446049250313e-15,0,0.9850403160692387,4.4668359215096167e+21,2048,power,p0,1.0,0.5,A1_balanced_q01_q99,R2,R2,1.0,1.0,2,65,0.9241185756921163,0.06308649476724847,0.012794929540635122,1.1737346282977215e-16,2.20288713700232,3.479802478669707,200.26934584895304,0.021217299520663868,0.04135527863727077,main,True,True,True,False
3.7179656494745776,207.7536822630868,0.1115116258349447,0.016961507846929666,0.6303215467235005,0.5611627867660474,0.1115116258349447,1.0,0.22650060753334603,0.27851810539104,0.4831674858385973,2.1730052559931656,4.6345263252360753e+21,3.163836638027827e+20,6.096234723385565e+19,2.934357002474526e+17,-0.19028263171014523,1.3322676295501878e-15,0,0.9857830098223685,5.011872336272714e+21,2048,power,p0,1.0,0.5,A1_balanced_q01_q99,R2,R2,1.0,1.0,2,65,0.9247095724474762,0.0631268401457477,0.01216358740677597,0.0,2.1938992410671223,3.665481336853811,213.32318526611294,0.020893985073956678,0.04145126394233291,main,True,True,True,False
3.913586650923207,221.58649068857574,0.1115116258349447,0.016961507846929666,0.6303215467235005,0.5611627867660474,0.1115116258349447,1.0,0.2225860990470855,0.2735381899316788,0.4746579071916925,2.1644956773462605,5.203187591902376e+21,3.552042729405356e+20,6.502138706057786e+19,2.934357002474526e+17,-0.18742112058979793,0.0,0,0.9864895314672284,5.623413251903491e+21,2048,power,p0,1.0,0.5,A1_balanced_q01_q99,R2,R2,1.0,1.0,2,65,0.9252721361250001,0.0631652444928,0.011562619382199685,1.8646611106609735e-16,2.185068800298156,3.8610678373790788,227.22789241246355,0.020573122951895506,0.04154247553092581,main,True,True,True,False
4.119642294804846,236.32516330489065,0.1115116258349447,0.016961507846929666,0.6303215467235005,0.5611627867660474,0.1115116258349447,1.0,0.21873667927318846,0.26865213961254464,0.4663004047577182,2.1561381749122863,5.841450828464939e+21,3.987763765565398e+20,6.934623978046418e+19,2.934357002474526e+17,-0.18457880305768884,4.440892098500626e-16,0,0.9871615760105603,6.309573444801943e+21,2048,power,p0,1.0,0.5,A1_balanced_q01_q99,R2,R2,1.0,1.0,2,65,0.9258075652130398,0.06320179645187685,0.010990638335083356,1.6618809641781018e-16,2.1763930563046303,4.067090642354494,242.03892805088367,0.020254881392343993,0.041629146715501664,main,True,True,True,False
4.336689528223846,252.02875971442572,0.1115116258349447,0.016961507846929666,0.6303215467235005,0.5611627867660474,0.1115116258349447,1.0,0.21495143055432764,0.26385788097968527,0.4580921168452561,2.1479298869998242,6.557822898388763e+21,4.476807098633395e+20,7.395423558929949e+19,2.934357002474526e+17,-0.18175733344851497,2.6645352591003757e-15,0,0.9878007653492054,7.079457843841402e+21,2048,power,p0,1.0,0.5,A1_balanced_q01_q99,R2,R2,1.0,1.0,2,65,0.9263171054960907,0.06323658106853312,0.010446313435376147,0.0,2.1678692990188426,4.284106622782315,257.8153679552745,0.019939412019018388,0.04171149979665797,main,True,True,True,False
4.565315009269403,268.7601901977039,0.1115116258349447,0.016961507846929666,0.6303215467235005,0.5611627867660474,0.1115116258349447,1.0,0.21122943764927427,0.25915340394909925,0.45003024470249653,2.139868014857065,7.361849581222062e+21,5.025689314114261e+20,7.886383460930178e+19,2.934357002474526e+17,-0.17895821312646304,2.4424906541753444e-15,0,0.9884086508248131,7.943282347242789e+21,2048,power,p0,1.0,0.5,A1_balanced_q01_q99,R2,R2,1.0,1.0,2,65,0.9268019515606732,0.06326967989320863,0.009928368546118267,0.0,2.159494865849626,4.51270236375701,274.62013854209385,0.019626850992561007,0.0417897465458601,main,True,True,True,False
4.806136692620965,286.58646671228433,0.1115116258349447,0.016961507846929666,0.6303215467235005,0.5611627867660474,0.1115116258349447,1.0,0.20756978846874688,0.2545367590732795,0.44211205060606334,2.1319498207606316,8.264242399647039e+21,5.6417228114923795e+20,8.409470054116242e+19,2.934357002474526e+17,-0.17618280044024331,2.886579864025407e-15,0,0.9889867157477799,8.912509381337441e+21,2048,power,p0,1.0,0.5,A1_balanced_q01_q99,R2,R2,1.0,1.0,2,65,0.9272632483228734,0.06330117108550817,0.00943558059161817,2.353043245476275e-16,2.1512671408506256,4.753495749980318,292.5202678606885,0.019317320089994094,0.041864088670503,main,True,True,True,False
5.059805499756364,305.57897025016337,0.1115116258349447,0.016961507846929666,0.6303215467235005,0.5611627867660474,0.1115116258349447,1.0,0.20397157476064087,0.25000605494424843,0.4343348560319959,2.124172626186564,9.277020925689979e+21,6.333112951937692e+20,8.966777911625217e+19,2.934357002474526e+17,-0.17343232012562215,4.884981308350689e-15,0,0.9895363778840682,1e+22,2048,power,p0,1.0,0.5,A1_balanced_q01_q99,R2,R2,1.0,1.0,2,65,0.9277020925689978,0.06333112951937692,0.008966777911625217,0.0,2.1431835539031523,5.007137635877468,311.58715294353055,0.01901092771658819,0.04193471826161525,main,False,True,True,False
5.327007078276234,325.81373562018905,0.1115116258349447,0.016961507846929666,0.6303215467235005,0.5611627867660474,0.1115116258349447,1.0,0.20043389274661516,0.2455594557268,0.426696039904766,2.1165338100593343,1.0413672455090213e+22,7.109067062674918e+20,9.560538166194856e+19,2.934357002474526e+17,-0.17070787217941663,4.440892098500626e-16,0,0.9900589918996217,1.1220184543019653e+22,2048,power,p0,1.0,0.5,A1_balanced_q01_q99,R2,R2,1.0,1.0,2,65,0.9281195345016682,0.06335962688864721,0.00852083860968463,1.8690886874090576e-16,2.135241579913343,5.274313604829525,331.896844582723,0.01870776985400857,0.04200181822454633,main,False,True,True,False
5.608463655099624,347.3717547914167,0.1115116258349447,0.016961507846929666,0.6303215467235005,0.5611627867660474,0.1115116258349447,1.0,0.1969558437120306,0.24119517881586455,0.41919303692041715,2.1090308070749852,1.1689331169335037e+22,7.979916744932718e+20,1.0193127411340576e+20,2.934357002474526e+17,-0.1680104402285844,1.3322676295501878e-15,0,0.9905558517576873,1.2589254117941714e+22,2048,power,p0,1.0,0.5,A1_balanced_q01_q99,R2,R2,1.0,1.0,2,65,0.928516579284539,0.06338673181249119,0.008096688902969818,0.0,2.1274387380233915,5.555745822276551,353.53035066863447,0.018407930948406204,0.04206556269300589,main,False,True,True,False
5.9049359885389805,370.3393000074333,0.1115116258349447,0.016961507846929666,0.6303215467235005,0.5611627867660474,0.1115116258349447,1.0,0.19353653455125502,0.23691149261207617,0.41182333594008935,2.1016611060946575,1.3120979163505362e+22,8.957255108952993e+20,1.0867077182683262e+20,2.934357002474526e+17,-0.1653408994176155,1.5543122344752192e-15,0,0.991028193065199,1.4125375446227496e+22,2048,power,p0,1.0,0.5,A1_balanced_q01_q99,R2,R2,1.0,1.0,2,65,0.9288941885795764,0.06341250994036575,0.0076933014800576955,1.4846699176127685e-16,2.1197725908365967,5.8521949877003445,376.57395930058726,0.018111484741939243,0.04212611742684165,main,False,True,True,False
6.2172254245303975,394.80826796052196,0.1115116258349447,0.016961507846929666,0.6303215467235005,0.5611627867660474,0.1115116258349447,1.0,0.1901750782703401,0.23270671440981766,0.4045844784503718,2.09442224860494,1.4727672008273803e+22,1.0054090757648249e+21,1.1585084057247967e+20,2.934357002474526e+17,-0.16270002383693516,8.881784197001252e-16,0,0.9914771953649784,1.584893192461111e+22,2048,power,p0,1.0,0.5,A1_balanced_q01_q99,R2,R2,1.0,1.0,2,65,0.9292532820715729,0.06343702405608603,0.007309693872341012,2.646426913782657e-16,2.112240743655983,6.164462390763536,401.1195829583443,0.017818495051042937,0.04218364019396053,main,False,True,True,False
6.546176062576748,420.87654639846494,0.1115116258349447,0.016961507846929666,0.6303215467235005,0.5611627867660474,0.1115116258349447,1.0,0.18687059444906062,0.2285792083922258,0.39747405708710815,2.087311827241676,1.653079184000162e+22,1.128502056277444e+21,1.2350020411016303e+20,2.934357002474526e+17,-0.1600884935144734,8.881784197001252e-16,0,0.9919039843709818,1.7782794100389228e+22,2048,power,p0,1.0,0.5,A1_balanced_q01_q99,R2,R2,1.0,1.0,2,65,0.929594738975232,0.06346033418070918,0.006944926844058768,1.179315234805591e-16,2.104840843736263,6.493392077161531,427.26512510719476,0.017529016494586713,0.04223828113681684,main,False,True,True,False
6.892677037257219,448.6484046264044,0.1115116258349447,0.016961507846929666,0.6303215467235005,0.5611627867660474,0.1115116258349447,1.0,0.1836222096642902,0.22452738372781206,0.39048971421942985,2.080327484373998,1.8554331338223018e+22,1.266642352689358e+21,1.3164945877645143e+20,2.934357002474526e+17,-0.15750690099194156,4.440892098500626e-16,0,0.992309634144642,1.995262314968883e+22,2048,power,p0,1.0,0.5,A1_balanced_q01_q99,R2,R2,1.0,1.0,2,65,0.9299193995207784,0.06348249767395181,0.006598102805269721,2.1021316187517993e-16,2.0975705795489055,6.83987313004301,455.1148706988576,0.01724309517490763,0.04229018312389713,main,False,True,True,False
7.257664921470081,478.2349094613279,0.1115116258349447,0.016961507846929666,0.6303215467235005,0.5611627867660474,0.1115116258349447,1.0,0.1804290578766454,0.22054969276358338,0.38362914059097236,2.0734669107455406,2.0825212359719397e+22,1.4216678304235108e+21,1.4033119554056185e+20,2.934357002474526e+17,-0.15495575750671636,3.1086244689504383e-15,0,0.9926951692105241,2.238721138568347e+22,2048,power,p0,1.0,0.5,A1_balanced_q01_q99,R2,R2,1.0,1.0,2,65,0.9302280664146064,0.0635035693339038,0.006268364251489718,0.0,2.090427680060074,7.20484207316421,484.77990212580835,0.016960769314533497,0.0423394820866411,main,False,True,True,False
7.642126257903394,509.7543682983987,0.1115116258349447,0.016961507846929666,0.6303215467235005,0.5611627867660474,0.1115116258349447,1.0,0.17729028078230094,0.21664462930972858,0.376890074015372,2.0667278441699404,2.33736434583249e+22,1.5956407267549797e+21,1.4958013001583847e+20,2.934357002474526e+17,-0.15243549879954818,6.661338147750939e-16,0,0.993061566610248,2.511886431509572e+22,2048,power,p0,1.0,0.5,A1_balanced_q01_q99,R2,R2,1.0,1.0,2,65,0.9305215062720017,0.06352360149483531,0.00595489223316299,0.0,2.083409914021218,7.5892854022733,516.3785422880883,0.016682069851277515,0.042386307342243856,main,False,True,True,False
8.047100225576612,543.3328010563924,0.1115116258349447,0.016961507846929666,0.6303215467235005,0.5611627867660474,0.1115116258349447,1.0,0.17420502813181782,0.21281072701115095,0.3702702981232935,2.0601080682778616,2.6233521035664406e+22,1.7908750360346904e+21,1.594332409453924e+20,2.934357002474526e+17,-0.14994649056761025,1.5543122344752192e-15,0,0.9934097578937622,2.8183829312644493e+22,2048,power,p0,1.0,0.5,A1_balanced_q01_q99,R2,R2,1.0,1.0,2,65,0.93080045101944,0.06354264412292711,0.0056569048576328015,1.488195217715945e-16,2.07651508927209,7.994242251567243,550.0368265398383,0.016407020994228194,0.04243078190278278,main,False,True,True,False
8.473681448659686,579.1044428846985,0.1115116258349447,0.016961507846929666,0.6303215467235005,0.5611627867660474,0.1115116258349447,1.0,0.17117245801778933,0.20904655780132522,0.36376764115838484,2.053605411312953,2.944287944705084e+22,2.0099672369186705e+21,1.6992991771428245e+20,2.934357002474526e+17,-0.1474890335816906,2.220446049250313e-15,0,0.9937406310475736,3.1622776601683792e+22,2048,power,p0,1.0,0.5,A1_balanced_q01_q99,R2,R2,1.0,1.0,2,65,0.9310655992643959,0.06356074490978277,0.0053736558258212636,0.0,2.0697410520559774,8.420807202427774,585.8890053979586,0.016135640743024204,0.042473022771126974,main,False,True,True,False
8.923022955161542,617.2122796371399,0.1115116258349447,0.016961507846929666,0.6303215467235005,0.5611627867660474,0.1115116258349447,1.0,0.16819173713304866,0.20535073043414334,0.35737997481968325,2.0472177449742515,3.3044396036458705e+22,2.2558307694222477e+21,1.8111211747665068e+20,2.934357002474526e+17,-0.14506336848559756,0.0,0,0.9940550323598476,3.5481338923357603e+22,2048,power,p0,1.0,0.5,A1_balanced_q01_q99,R2,R2,1.0,1.0,2,65,0.9313176176309783,0.06357794936360812,0.0051044330054135405,0.0,2.0630856863469242,8.870133242029071,624.0780800180563,0.015867941372672778,0.04251314122406249,main,False,False,True,False
9.39633929348482,657.8086182484211,0.1115116258349447,0.016961507846929666,0.6303215467235005,0.5611627867660474,0.1115116258349447,1.0,0.16526204100112354,0.20172188908962338,0.35110521314813575,2.040942983302704,3.708595780344357e+22,2.531734719381748e+21,1.930245325245347e+20,2.934357002474526e+17,-0.14266968029512458,8.881784197001252e-16,0,0.9943537682224899,3.981071705534985e+22,2048,power,p0,1.0,0.5,A1_balanced_q01_q99,R2,R2,1.0,1.0,2,65,0.9315571420600643,0.06359430089796707,0.004848557041968568,0.0,2.056546913188742,9.343434879813524,664.756372573472,0.015603929886037982,0.04255124308308806,main,False,False,True,False
9.894909815270738,701.0556942882906,0.1115116258349447,0.016961507846929666,0.6303215467235005,0.5611627867660474,0.1115116258349447,1.0,0.16238255418056335,0.19815871204953908,0.34494131145501794,2.034779081609586,4.16212972227879e+22,2.84134722374232e+21,2.057147685659486e+20,2.934357002474526e+17,-0.14030810261318935,3.552713678800501e-15,0,0.9946376068705982,4.466835921509617e+22,2048,power,p0,1.0,0.5,A1_balanced_q01_q99,R2,R2,1.0,1.0,2,65,0.9317847790729129,0.06360984091804418,0.004605380009042845,0.0,2.050122690045602,9.841991430260142,708.0861338123794,0.015343608436015899,0.04258742897331532,main,False,False,True,False
10.420082133407206,747.1263191168115,0.1115116258349447,0.016961507846929666,0.6303215467235005,0.5611627867660474,0.1115116258349447,1.0,0.15955247044470372,0.1946599104392097,0.3388862652901509,2.028724035444719,4.6710705655364266e+22,3.188784172739534e+21,2.192335346233433e+20,2.934357002474526e+17,-0.13797872157703778,8.881784197001252e-16,0,0.9949072800599135,5.011872336272714e+22,2048,power,p0,1.0,0.5,A1_balanced_q01_q99,R2,R2,1.0,1.0,2,65,0.932001106997522,0.06362460890436417,0.004374284098113827,0.0,2.0438110101639997,10.36715047081782,754.2401902163783,0.015086974719280555,0.04262179457090804,main,False,False,True,False
10.973275764545912,796.2045692220406,0.1115116258349447,0.016961507846929666,0.6303215467235005,0.5611627867660474,0.1115116258349447,1.0,0.15677099293837488,0.1912242270318774,0.3329381094479388,2.022775879602507,5.242183381838961e+22,3.578663855335398e+21,2.3363484530989085e+20,2.934357002474526e+17,-0.13568157955269347,8.881784197001252e-16,0,0.9951634846830948,5.623413251903491e+22,2048,power,p0,1.0,0.5,A1_balanced_q01_q99,R2,R2,1.0,1.0,2,65,0.9322066771572434,0.06363864249393449,0.004154680348822077,0.0,2.0376099019459017,10.920331484350582,803.4026333417397,0.014834022343394704,0.042654430839487896,main,False,False,True,False
11.555985965975198,848.4865204896923,0.1115116258349447,0.016961507846929666,0.6303215467235005,0.5611627867660474,0.1115116258349447,1.0,0.15403733431298466,0.18785043511227043,0.3270949170093416,2.01693268716391,5.8830589938588075e+22,4.016168273140946e+21,2.4897623629041743e+20,2.934357002474526e+17,-0.1334166785911255,1.9984014443252818e-15,0,0.9954068843257153,6.309573444801943e+22,2048,power,p0,1.0,0.5,A1_balanced_q01_q99,R2,R2,1.0,1.0,2,65,0.9324020150213936,0.0636519775587938,0.0039460074198127155,1.3295047713424815e-16,2.03151742833287,11.503029695940263,855.7695540929374,0.014584741168960136,0.0426854242559253,main,False,False,True,False
12.169787777218845,904.1810303335229,0.1115116258349447,0.016961507846929666,0.6303215467235005,0.5611627867660474,0.1115116258349447,1.0,0.15135071684135623,0.18453733739612427,0.3213547984180158,2.011192568572584,6.60221475080763e+22,4.507111936551342e+21,2.653189937863805e+20,2.934357002474526e+17,-0.13118398365992506,1.7763568394002505e-15,0,0.9956381107630641,7.079457843841402e+22,2048,power,p0,1.0,0.5,A1_balanced_q01_q99,R2,R2,1.0,1.0,2,65,0.9325876213177908,0.0636646482819612,0.003747730400247925,0.0,2.025531686200979,12.116820114417264,911.5498248571382,0.014339117628395126,0.042714857025924445,main,False,False,True,False
12.816340277283569,963.5105708062392,0.1115116258349447,0.016961507846929666,0.6303215467235005,0.5611627867660474,0.1115116258349447,1.0,0.1487103725136388,0.1812837650025864,0.31571590058894194,2.00555367074351,7.409207601727492e+22,5.058019056112635e+21,2.8272839904035157e+20,2.934357002474526e+17,-0.1289834256636086,2.886579864025407e-15,0,0.9958577653990934,7.94328234724279e+22,2048,power,p0,1.0,0.5,A1_balanced_q01_q99,R2,R2,1.0,1.0,2,65,0.9327639731073287,0.06367668723079364,0.0035593396618778137,2.112126356155976e-16,2.01965080576633,12.763361789543355,970.9659326193268,0.014097135022820062,0.04274280728980732,main,False,False,True,False
13.497391069064799,1026.7121160137972,0.1115116258349447,0.016961507846929666,0.6303215467235005,0.5611627867660474,0.1115116258349447,1.0,0.1461155431155322,0.17808857647660564,0.3101764060479534,2.0000141762025216,8.314760967111148e+22,5.676210153547877e+21,3.012739887150524e+20,2.934357002474526e+17,-0.12681490426501152,8.881784197001252e-16,0,0.9960664206486047,8.91250938133744e+22,2048,power,p0,1.0,0.5,A1_balanced_q01_q99,R2,R2,1.0,1.0,2,65,0.9329315248208365,0.0636881254277691,0.003380349751394508,1.8824345963810202e-16,2.01387295000098,13.444402296353697,1034.2548663810867,0.013858773798458568,0.04276934931888458,main,False,False,True,False
14.214781003029156,1094.038087372786,0.1115116258349447,0.016961507846929666,0.6303215467235005,0.5611627867660474,0.1115116258349447,1.0,0.14356548029002686,0.17495065685854452,0.3047345321006734,1.9945723022552415,9.33090709258622e+22,6.369899241872192e+21,3.2102983226561724e+20,2.934357002474526e+17,-0.12467829051960991,4.440892098500626e-16,0,0.9962646212642245,1e+23,2048,power,p0,1.0,0.5,A1_balanced_q01_q99,R2,R2,1.0,1.0,2,65,0.9330907092586221,0.06369899241872193,0.0032102983226561725,1.6777216000000002e-16,2.0081963140591084,14.16178245877864,1101.6690624225378,0.013624011803866853,0.042794553702795377,main,False,False,True,False
14.970449152943486,1165.757360481217,0.1115116258349447,0.016961507846929666,0.6303215467235005,0.5611627867660474,0.1115116258349447,1.0,0.14105944558378278,0.1718689167984031,0.29938853002943716,1.9892263001840054,1.0471146773852201e+23,7.148302864283102e+21,3.4207482739142794e+20,2.934357002474526e+17,-0.1225734293339874,6.661338147750939e-16,0,0.9964528856095036,1.1220184543019653e+23,2048,power,p0,1.0,0.5,A1_balanced_q01_q99,R2,R2,1.0,1.0,2,65,0.9332419385531902,0.06370931633856444,0.003048745108245487,1.495270949927246e-16,2.0026191247132252,14.917441325313755,1173.4774111778372,0.01339282452921986,0.04281848752818933,main,False,False,True,False
15.766438057097728,1242.156337618815,0.1115116258349447,0.016961507846929666,0.6303215467235005,0.5611627867660474,0.1115116258349447,1.0,0.1385967104792282,0.16884229171218337,0.2941366843168684,1.9839744544714366,1.1750628572579054e+23,8.021762438880633e+21,3.6449301474598814e+20,2.934357002474526e+17,-0.12050014175908286,1.5543122344752192e-15,0,0.9966317068797177,1.2589254117941714e+23,2048,power,p0,1.0,0.5,A1_balanced_q01_q99,R2,R2,1.0,1.0,2,65,0.9333856050957392,0.06371912397453579,0.002895270929725113,1.3326616368867927e-16,1.99713963980027,15.713421410186733,1249.9663297402071,0.013165185328833484,0.042841214549108185,main,False,False,True,False
16.60489923918988,1323.5400901545827,0.1115116258349447,0.016961507846929666,0.6303215467235005,0.5611627867660474,0.1115116258349447,1.0,0.1361765564133891,0.16586974097806015,0.28897731189484566,1.978815082049414,1.3186349901627081e+23,9.001881532844087e+21,3.883739131600865e+20,2.934357002474526e+17,-0.11845822712828195,1.7763568394002505e-15,0,0.9968015542717903,1.4125375446227497e+23,2048,power,p0,1.0,0.5,A1_balanced_q01_q99,R2,R2,1.0,1.0,2,65,0.9335220824271114,0.06372844082702414,0.002749476745864554,1.1877359340902148e-16,1.9917561476774024,16.55187421418737,1331.4409042743969,0.012941065627988468,0.04286279534941473,main,False,False,True,False
17.488099023794472,1410.2335754184558,0.1115116258349447,0.016961507846929666,0.6303215467235005,0.5611627867660474,0.1115116258349447,1.0,0.13379827478441744,0.16295024717014242,0.28390876141766247,1.9737465315722307,1.479738264815861e+23,1.0101679887809612e+22,4.138128767153833e+20,2.934357002474526e+17,-0.11644746504987066,0.0,0,0.9969628741050034,1.584893192461111e+23,2048,power,p0,1.0,0.5,A1_balanced_q01_q99,R2,R2,1.0,1.0,2,65,0.9336517260939462,0.0637372911680134,0.002610982738040483,0.0,1.9864669666873316,17.43506604008434,1418.2261068932012,0.012720435115100903,0.04288328749761438,main,False,False,True,False
18.418424662134214,1502.5829328905286,0.1115116258349447,0.016961507846929666,0.6303215467235005,0.5611627867660474,0.1115116258349447,1.0,0.1314611669467256,0.16008281532774604,0.278929412558263,1.9687671827128312,1.6605126328831722e+23,1.1335766240482457e+22,4.4091147509260334e+20,2.934357002474526e+17,-0.11446761726284914,4.440892098500626e-16,0,0.9971160908939263,1.7782794100389228e+23,2048,power,p0,1.0,0.5,A1_balanced_q01_q99,R2,R2,1.0,1.0,2,65,0.9337748744708387,0.06374569809720927,0.0024794274319520616,0.0,1.9812704446330143,18.36538411834636,1510.66809185165,0.012503261920183029,0.04290274569438422,main,False,False,True,False
19.398390784711555,1600.9568648781787,0.1115116258349447,0.016961507846929666,0.6303215467235005,0.5611627867660474,0.1115116258349447,1.0,0.12916454419558918,0.15726647225819512,0.2740376753264783,1.9638754454810465,1.863359213662414e+23,1.2720532231935412e+22,4.6977789871149475e+20,2.934357002474526e+17,-0.1125184293645978,2.7533531010703882e-14,0,0.9972616083752746,1.9952623149688827e+23,2048,power,p0,1.0,0.5,A1_balanced_q01_q99,R2,R2,1.0,1.0,2,65,0.9338918495493531,0.06375368359590251,0.002354466854744466,1.6817052950014394e-16,1.9761649582615515,19.345343059725934,1609.1355762290711,0.012289512780504941,0.042921221913139435,main,False,False,True,False
20.430646198242354,1705.7481071878972,0.1115116258349447,0.016961507846929666,0.6303215467235005,0.5611627867660474,0.1115116258349447,1.0,0.12690772774202616,0.15450026587130092,0.2692319894082677,1.959069759562836,2.09097216487665e+23,1.4274369978891265e+22,5.0052739027844746e+20,2.934357002474526e+17,-0.1105996324184154,1.0391687510491465e-13,0,0.9973998104901396,2.238721138568347e+23,2048,power,p0,1.0,0.5,A1_balanced_q01_q99,R2,R2,1.0,1.0,2,65,0.9340029576947748,0.06376126857862996,0.0022357737265952323,0.0,1.9711489127571291,20.377591652146847,1714.0213106058966,0.012079153194293202,0.04293876553392981,main,False,False,True,False
21.517981045266446,1817.3749956576112,0.1115116258349447,0.016961507846929666,0.6303215467235005,0.5611627867660474,0.1115116258349447,1.0,0.12469004867871136,0.15178326454376365,0.26451082352501065,1.9543485936795788,2.3463744425221e+23,1.6017916194284202e+22,5.332827044630023e+20,2.934357002474526e+17,-0.10871094444848856,1.5942802633617248e-13,0,0.9975310623230378,2.5118864315095718e+23,2048,power,p0,1.0,0.5,A1_balanced_q01_q99,R2,R2,1.0,1.0,2,65,0.9341084903715158,0.06376847294269547,0.002123036685788834,0.0,1.9662207412428399,21.464920020266955,1825.7436456012545,0.011872147563261048,0.04295542347096773,main,False,False,True,False
22.663334345789625,1936.2831347976976,0.1115116258349447,0.016961507846929666,0.6303215467235005,0.5611627867660474,0.1115116258349447,1.0,0.12251084793764438,0.14911455651184186,0.25987267481195375,1.949710444966522,2.632957924322032e+23,1.797432609670507e+22,5.6817459753669506e+20,2.934357002474526e+17,-0.106852071829418,2.0250467969162855e-13,0,0.9976557109992816,2.818382931264449e+23,2048,power,p0,1.0,0.5,A1_balanced_q01_q99,R2,R2,1.0,1.0,2,65,0.9342087248381016,0.0637753156156144,0.002015959546284178,2.381112348345512e-16,1.9613789042912324,22.610267167068276,1944.7482005197749,0.0116684593247105,0.042971240294068354,main,False,False,True,False
23.869801941270328,2062.9471752022037,0.1115116258349447,0.016961507846929666,0.6303215467235005,0.5611627867660474,0.1115116258349447,1.0,0.12036947624037404,0.14649324929060464,0.25531606821496944,1.9451538383695377,2.954528429242782e+23,2.0169580743630726e+22,6.053423489289629e+20,2.934357002474526e+17,-0.10502271057701311,1.6431300764452317e-13,0,0.9977740865452214,3.162277660168379e+23,2048,power,p0,1.0,0.5,A1_balanced_q01_q99,R2,R2,1.0,1.0,2,65,0.9343039248126822,0.06378181460054577,0.0019142605867719115,0.0,1.9566218894434386,23.81672891785818,2071.509640763067,0.01146805107390092,0.04298625834427373,main,False,False,True,False
25.14064486262997,2197.8727068024496,0.1115116258349447,0.016961507846929666,0.6303215467235005,0.5611627867660474,0.1115116258349447,1.0,0.11826529404103121,0.14391846911867318,0.25083955590481966,1.940677326059388,3.315356230499258e+23,2.2632831866874934e+22,6.449343167753409e+20,2.934357002474526e+17,-0.10322254754667666,1.3322676295501878e-13,0,0.9978865027037238,3.5481338923357603e+23,2048,power,p0,1.0,0.5,A1_balanced_q01_q99,R2,R2,1.0,1.0,2,65,0.9343943411100354,0.06378798701977842,0.0018176718701863202,0.0,1.9519482107367199,25.087566288155887,2206.533571095449,0.01127088467733195,0.04300051784392577,main,False,False,True,False
26.479298144622895,2341.5982755382497,0.1115116258349447,0.016961507846929666,0.6303215467235005,0.5611627867660474,0.1115116258349447,1.0,0.11619767146330257,0.1413893604265325,0.246441716708174,1.9362794868627422,3.7202327323747287e+23,2.5396788786344816e+22,6.871085296807937e+20,2.934357002474526e+17,-0.10145126154531792,1.0880185641326534e-13,0,0.9979932577190818,3.9810717055349855e+23,2048,power,p0,1.0,0.5,A1_balanced_q01_q99,R2,R2,1.0,1.0,2,65,0.9344802122509861,0.06379384915633399,0.0017259385926796777,1.6856984491562117e-16,1.9473564082402939,26.42621429808072,2350.3585523153774,0.011076921377551674,0.0430140570014366,main,False,False,True,False
27.88938011060056,2494.697531472872,0.1115116258349447,0.016961507846929666,0.6303215467235005,0.5611627867660474,0.1115116258349447,1.0,0.11416598823150112,0.13890508532750986,0.24212115555466515,1.9319589257092333,4.17453406297343e+23,2.8498152536565283e+22,7.320333170533336e+20,2.934357002474526e+17,-0.09970852436239047,9.015010959956271e-14,0,0.9980946350831981,4.466835921509616e+23,2048,power,p0,1.0,0.5,A1_balanced_q01_q99,R2,R2,1.0,1.0,2,65,0.9345617650452225,0.06379941649375385,0.001638818461023603,0.0,1.9428450475992913,27.83629125706708,2503.5582493764105,0.010886121890057998,0.043026912111001674,main,False,False,True,False
29.37470215268423,2657.7815169268097,0.1115116258349447,0.016961507846929666,0.6303215467235005,0.5611627867660474,0.1115116258349447,1.0,0.11216963359641836,0.13646482313002697,0.23787650293930573,1.9277142730938739,4.684292426798059e+23,3.1978102966941414e+22,7.798879805241552e+20,2.934357002474526e+17,-0.09799400172530653,7.549516567451064e-14,0,0.9981909042482933,5.011872336272715e+23,2048,power,p0,1.0,0.5,A1_balanced_q01_q99,R2,R2,1.0,1.0,2,65,0.9346392151484301,0.06380470375413283,0.0015560810974370328,0.0,1.9384127195867011,29.321608544003666,2666.7437195257553,0.010698446492827252,0.04303911764748497,main,False,False,True,False
30.939279033795135,2831.5011037554827,0.1115116258349447,0.016961507846929666,0.6303215467235005,0.5611627867660474,0.1115116258349447,1.0,0.11020800625642226,0.13406776986999888,0.23370641439963122,1.9235441845541994,5.2562761640153875e+23,3.588284527967838e+22,8.30863509131925e+20,2.934357002474526e+17,-0.09630735418416693,5.81756864903582e-14,0,0.9982823213068048,5.623413251903491e+23,2048,power,p0,1.0,0.5,A1_balanced_q01_q99,R2,R2,1.0,1.0,2,65,0.9347127675946936,0.06380972493446442,0.0014775074708419887,0.0,1.9340580396631681,30.886180909229708,2840.565849586864,0.01051385510896874,0.043050706356700004,main,False,False,True,False
32.58733973938787,3016.5495894926944,0.1115116258349447,0.016961507846929666,0.6303215467235005,0.5611627867660474,0.1115116258349447,1.0,0.10828051427426165,0.13171313786228153,0.22960957000695964,1.9194473401615277,5.898079578810567e+23,4.0264223258013466e+22,8.851633411239545e+20,2.934357002474526e+17,-0.09464823793044089,4.6629367034256575e-14,0,0.9983691296399027,6.309573444801942e+23,2048,power,p0,1.0,0.5,A1_balanced_q01_q99,R2,R2,1.0,1.0,2,65,0.9347826173050765,0.06381449334135988,0.0014028893535634878,2.1272076341479705e-16,1.9297796475444997,32.534237326238085,3025.717952107552,0.010332307382971972,0.04306170934130351,main,False,False,True,False
34.32333890821717,3213.665462714784,0.1115116258349447,0.016961507846929666,0.6303215467235005,0.5611627867660474,0.1115116258349447,1.0,0.10638657499000831,0.12940015527014423,0.2255846738712012,1.9154224440257694,6.618223728863524e+23,4.518040732237499e+22,9.430041754127664e+20,2.934357002474526e+17,-0.09301630555394974,3.68594044175552e-14,0,0.9984515605359165,7.079457843841402e+23,2048,power,p0,1.0,0.5,A1_balanced_q01_q99,R2,R2,1.0,1.0,2,65,0.9348489495732901,0.06381902162420328,0.00133202880250655,0.0,1.9255762067767486,34.27023242241272,3222.938530728792,0.010153762750979123,0.04307215614249942,main,False,False,True,False
36.15196887303785,3423.635348655329,0.1115116258349447,0.016961507846929666,0.6303215467235005,0.5611627867660474,0.1115116258349447,1.0,0.1045256149305343,0.12712806569180257,0.22163045365867512,1.9114682238132432,7.426269513433172e+23,5.069666654503712e+22,1.004616835924608e+21,2.934357002474526e+17,-0.09141120674223789,2.6201263381153694e-14,0,0.9985298337798643,7.94328234724279e+23,2048,power,p0,1.0,0.5,A1_balanced_q01_q99,R2,R2,1.0,1.0,2,65,0.9349119405293356,0.06382332180680264,0.0012647376638617446,0.0,1.9214464043187425,36.09885851969909,3433.0142258041537,0.009978180505499257,0.043082074817756305,main,False,False,True,False
38.07817234378205,3647.297146819677,0.1115116258349447,0.016961507846929666,0.6303215467235005,0.5611627867660474,0.1115116258349447,1.0,0.10269706971590159,0.12489612776309876,0.21774566012242125,1.9075834302769894,8.332944560735052e+23,5.688623486795129e+22,1.070247192287568e+21,2.934357002474526e+17,-0.08983258892616187,2.708944180085382e-14,0,0.9986041582153748,8.912509381337441e+23,2048,power,p0,1.0,0.5,A1_balanced_q01_q99,R2,R2,1.0,1.0,2,65,0.9349717575819911,0.06382740531759727,0.0012008371004115152,0.0,1.9173889501319241,38.02505831775473,3656.7829520188666,0.009805519854934719,0.04309149201472175,main,False,False,True,False
40.107155767493204,3885.5433731139383,0.1115116258349447,0.016961507846929666,0.6303215467235005,0.5611627867660474,0.1115116258349447,1.0,0.10090038396301516,0.12270361477547555,0.21392906664452543,1.9037668367990936,9.3502855984099e+23,6.383128301847826e+22,1.1401571405315375e+21,2.934357002474526e+17,-0.08828009787529052,2.353672812205332e-14,0,0.9986747322801861,1e+24,2048,power,p0,1.0,0.5,A1_balanced_q01_q99,R2,R2,1.0,1.0,2,65,0.9350285598409901,0.06383128301847826,0.0011401571405315375,1.3421772800000001e-16,1.9134025767773792,40.05403825385832,3895.137240523242,0.009635739978285596,0.04310043304151494,main,False,False,True,False
0.2531415105974368,5.4899642546945655,0.1115116258349447,0.016961507846929666,0.6303215467235005,0.5611627867660474,0.1115116258349447,1.0,0.5646933129263013,0.7700482261004227,1.2769897375118462,2.966827507666414,8.338427067355881e+18,5.6923662113149485e+17,1.0923363115126259e+18,1.9896965824113514e+17,-0.32847217455968686,7.954747971439247e-14,0,0.865623422240374,1e+19,2048,logarithmic,p0,1.0,0.5,A1_balanced_q01_q99,R2,R2,1.0,1.0,2,65,0.8338427067355881,0.05692366211314948,0.1092336311512626,2.048e-16,2.998925629084826,0.22131169335137127,7.049603826773096,0.03209812141841173,0.024519455435665555,main,True,False,True,False
0.2651206401842333,5.910689507911189,0.1115116258349447,0.016961507846929666,0.6303215467235005,0.5611627867660474,0.1115116258349447,1.0,0.5558859263641298,0.7542966119074848,1.2534933593660902,2.9433311295206583,9.402274717605872e+18,6.418619540552276e+17,1.1760478713585526e+18,1.9896965824113514e+17,-0.3308037693873711,7.638334409421077e-14,0,0.8713712435811036,1.1220184543019653e+19,2048,logarithmic,p0,1.0,0.5,A1_balanced_q01_q99,R2,R2,1.0,1.0,2,65,0.8379786162657417,0.05720600687040798,0.10481537686385027,1.8252819212979077e-16,2.9759922698286045,0.23312066894011918,7.509106981982359,0.0326611403079462,0.025394414369520644,main,True,False,True,False
0.2777245902552364,6.3611867257895724,0.1115116258349447,0.016961507846929666,0.6303215467235005,0.5611627867660474,0.1115116258349447,1.0,0.5471770864973508,0.7389475064301367,1.2304763568889867,2.9203141270435546,1.0599947861741746e+19,7.236231073615698e+17,1.2656831488383967e+18,1.9896965824113514e+17,-0.33265844526597854,8.01581023779363e-14,0,0.8769103987742888,1.2589254117941713e+19,2048,logarithmic,p0,1.0,0.5,A1_balanced_q01_q99,R2,R2,1.0,1.0,2,65,0.8419837873186716,0.05747942654762131,0.10053678613370703,1.6267842247153233e-16,2.95346067044143,0.24555975992107099,7.998561203214029,0.03314654339787548,0.02623135698977179,main,True,False,True,False
0.2909870355649919,6.8434238700578955,0.1115116258349447,0.016961507846929666,0.6303215467235005,0.5611627867660474,0.1115116258349447,1.0,0.5385673658452259,0.7239875828153124,1.2079265276032012,2.897764297757769,1.1948085750377107e+19,8.156559872257439e+17,1.361633708624646e+18,1.9896965824113514e+17,-0.3340646447278224,9.625633623500107e-14,0,0.8822457509504793,1.4125375446227497e+19,2048,logarithmic,p0,1.0,0.5,A1_balanced_q01_q99,R2,R2,1.0,1.0,2,65,0.845859693843969,0.05774402176641495,0.09639628438961607,0.0,2.931323792661244,0.2586625886355142,8.519918743343126,0.033559494903474985,0.027031713845408437,main,True,False,True,False
0.304943452633522,7.359495138284176,0.1115116258349447,0.016961507846929666,0.6303215467235005,0.5611627867660474,0.1115116258349447,1.0,0.5300572777324791,0.7094039950616704,1.185832072444259,2.8756698425988274,1.3465379142647976e+19,9.192365494714353e+17,1.4643162324916982e+18,1.9896965824113514e+17,-0.33504965693233946,1.0902390101819037e-13,0,0.8873822345165288,1.5848931924611109e+19,2048,logarithmic,p0,1.0,0.5,A1_balanced_q01_q99,R2,R2,1.0,1.0,2,65,0.8496079866264162,0.05799990522036336,0.09239210815322046,0.0,2.909574721526333,0.2724645714799972,9.075259105850384,0.0339048789275056,0.027796877752514448,main,True,False,True,False
0.3196312149599832,7.911629219933518,0.1115116258349447,0.016961507846929666,0.6303215467235005,0.5611627867660474,0.1115116258349447,1.0,0.5216472748594841,0.6951843641779452,1.1641815811498506,2.8540193513044185,1.5172821959281527e+19,1.0357979790869523e+18,1.5741741620207506e+18,1.9896965824113514e+17,-0.33563964052900197,1.2523315717771766e-13,0,0.892324841701589,1.7782794100389229e+19,2048,logarithmic,p0,1.0,0.5,A1_balanced_q01_q99,R2,R2,1.0,1.0,2,65,0.8532304807459602,0.058247200818924226,0.08852231843511561,1.1516750339898348e-16,2.8882066632152927,0.28700301463535877,9.6667973391966,0.03418731191087421,0.02852820371826975,main,True,False,True,False
0.33508969333122807,8.502198101732192,0.1115116258349447,0.016961507846929666,0.6303215467235005,0.5611627867660474,0.1115116258349447,1.0,0.5133377481733594,0.6813167644840945,1.1429640180736447,2.832801788228213,1.7093993727304739e+19,1.1669499717840036e+18,1.6916794506000822e+18,1.9896965824113514e+17,-0.3358596472285247,1.4299672557172016e-13,0,0.8970786093113641,1.9952623149688828e+19,2048,logarithmic,p0,1.0,0.5,A1_balanced_q01_q99,R2,R2,1.0,1.0,2,65,0.8567291427829793,0.05848604281398473,0.08478481440303577,2.052862908937304e-16,2.867212942924815,0.3023172149037784,10.29689287183629,0.034411154696602164,0.02922700893686789,main,True,False,True,False
0.35136036150230965,9.133726457348367,0.1115116258349447,0.016961507846929666,0.6303215467235005,0.5611627867660474,0.1115116258349447,1.0,0.5051290260372865,0.6677897100533906,1.1221687084192644,2.8120064785738323,1.9255376579502793e+19,1.3145003744940572e+18,1.8173344316866184e+18,1.9896965824113514e+17,-0.3357336460768352,1.6342482922482304e-13,0,0.9016486057678967,2.238721138568347e+19,2048,logarithmic,p0,1.0,0.5,A1_balanced_q01_q99,R2,R2,1.0,1.0,2,65,0.8601060778751805,0.058716574916278984,0.08117734720854052,0.0,2.8465870027846627,0.3184485659263772,10.96805892311021,0.034580524210830355,0.029894572855868506,main,True,False,True,False
0.36848690754055374,9.808901658605008,0.1115116258349447,0.016961507846929666,0.6303215467235005,0.5611627867660474,0.1115116258349447,1.0,0.497021373692631,0.6545921412963155,1.1017853248900686,2.7916230950446366,2.1686711031292604e+19,1.4804794730695752e+18,1.951673810733542e+18,1.9896965824113514e+17,-0.3352845484125514,1.821875983409882e-13,0,0.9060399185053536,2.511886431509572e+19,2048,logarithmic,p0,1.0,0.5,A1_balanced_q01_q99,R2,R2,1.0,1.0,2,65,0.8633635167279243,0.058938949408626304,0.07769753386344946,1.63064697058713e-16,2.826322399809168,0.33544067006850076,11.682972527552675,0.03469930476453165,0.030532137311066854,main,True,False,True,False
0.3865153511399409,10.530584447810327,0.1115116258349447,0.016961507846929666,0.6303215467235005,0.5611627867660474,0.1115116258349447,1.0,0.48901499300605794,0.6417134116894498,1.0818038747503123,2.7716416449048804,2.4421395273325253e+19,1.6671672506590042e+18,2.0952667886602335e+18,1.9896965824113514e+17,-0.33453423347607725,1.6298074001497298e-13,0,0.9102576417855834,2.8183829312644493e+19,2048,logarithmic,p0,1.0,0.5,A1_balanced_q01_q99,R2,R2,1.0,1.0,2,65,0.8665038026741366,0.05915332626255441,0.07434287106330884,1.4533156423007274e-16,2.806412803884613,0.3533394562750783,12.444485212598307,0.0347711589797326,0.031140906727580506,main,True,True,True,False
0.40549416722707693,11.301820313365319,0.1115116258349447,0.016961507846929666,0.6303215467235005,0.5611627867660474,0.1115116258349447,1.0,0.4811100224922056,0.6291432746540636,1.06221468729317,2.7520524574477383,2.7496933296708792e+19,1.8771239797219868e+18,2.2487193252530163e+18,1.9896965824113514e+17,-0.3335035746268954,1.4011014570769476e-13,0,0.9143068649934609,3.162277660168379e+19,2048,logarithmic,p0,1.0,0.5,A1_balanced_q01_q99,R2,R2,1.0,1.0,2,65,0.8695293788732229,0.059359872264412014,0.07111074886236525,1.2952689296049681e-16,2.7868519957918823,0.37219330421464086,13.255634372275473,0.034799538344143954,0.03172204838449297,main,True,True,True,False
0.4254744162010437,12.125851613426589,0.1115116258349447,0.016961507846929666,0.6303215467235005,0.5611627867660474,0.1115116258349447,1.0,0.473306537598664,0.6168718705926872,1.0430084017108594,2.7328461718654276,3.095543781697897e+19,2.1132245549724308e+18,2.4126765514062054e+18,1.9896965824113514e+17,-0.33221246611660404,1.233457780358549e-13,0,0.9181926614534673,3.5481338923357606e+19,2048,logarithmic,p0,1.0,0.5,A1_balanced_q01_q99,R2,R2,1.0,1.0,2,65,0.8724427757319156,0.059558760156632105,0.06799846411145223,0.0,2.7676338652637416,0.39205317504752946,14.119655382254567,0.034787693398314,0.03227669274009573,main,True,True,True,False
0.4465098811597443,13.006130495498013,0.1115116258349447,0.016961507846929666,0.6303215467235005,0.5611627867660474,0.1115116258349447,1.0,0.46560455124152,0.6048897140902321,1.0241759553619174,2.7140137255164856,3.4844194691357667e+19,2.37869702426335e+18,2.5878253397288453e+18,1.9896965824113514e+17,-0.330679850355344,1.0702549957386509e-13,0,0.9219200778204953,3.981071705534986e+19,2048,logarithmic,p0,1.0,0.5,A1_balanced_q01_q99,R2,R2,1.0,1.0,2,65,0.8752465986209917,0.059750167799193024,0.06500323357981534,2.0577373646926412e-16,2.7487524090761566,0.4129727491717783,15.039994504571412,0.034738683559671024,0.03280593381450379,main,True,True,True,False
0.46865721249112796,13.946332662767501,0.1115116258349447,0.016961507846929666,0.6303215467235005,0.5611627867660474,0.1115116258349447,1.0,0.4580040145750804,0.5931876812905549,1.0057085724303765,2.6955463425849446,3.921629634123952e+19,2.677165830228618e+18,2.77489704362803e+18,1.9896965824113514e+17,-0.32892374560383825,8.781864124784988e-14,0,0.9254941240711303,4.466835921509617e+19,2048,logarithmic,p0,1.0,0.5,A1_balanced_q01_q99,R2,R2,1.0,1.0,2,65,0.8779435159549344,0.05993427735585686,0.06212220668920883,0.0,2.730201729173049,0.4350085713189811,16.02032263349886,0.03465538658810452,0.03331082962620115,main,True,True,True,False
0.491976080222877,14.950372041449885,0.1115116258349447,0.016961507846929666,0.6303215467235005,0.5611627867660474,0.1115116258349447,1.0,0.4505048179801782,0.5817569974582543,0.9875977529712838,2.677435523125852,4.4131352608957235e+19,3.0127003381048136e+18,2.9746704156651054e+18,1.9896965824113514e+17,-0.32696127401689545,7.316369732279782e-14,0,0.928919764125826,5.011872336272715e+19,2048,logarithmic,p0,1.0,0.5,A1_balanced_q01_q99,R2,R2,1.0,1.0,2,65,0.8805362476925606,0.06011127450914546,0.05935247779829407,0.0,2.7119760308239007,0.4582202033923289,17.064549937394478,0.03454050769804873,0.03379240267890039,main,True,True,True,False
0.5165293345460652,16.02241640692832,0.1115116258349447,0.016961507846929666,0.6303215467235005,0.5611627867660474,0.1115116258349447,1.0,0.4431067922539565,0.5705892247366786,0.9698352623367013,2.6596730324912694,4.965628850694385e+19,3.3898692954073667e+18,3.187974716683684e+18,1.9896965824113514e+17,-0.32480868996053197,6.250555628639631e-14,0,0.9322019071214361,5.6234132519034905e+19,2048,logarithmic,p0,1.0,0.5,A1_balanced_q01_q99,R2,R2,1.0,1.0,2,65,0.8830275543085065,0.060281347707460714,0.056691097984032636,1.4567664927038856e-16,2.6940696208136408,0.4826703854599355,18.176841454923302,0.03439658832237136,0.034251640494968406,main,True,True,True,False
0.5423831749499255,17.166904030300625,0.1115116258349447,0.016961507846929666,0.6303215467235005,0.5611627867660474,0.1115116258349447,1.0,0.4358097099834373,0.5596762501133062,0.952413120975938,2.642250891130506,5.586623947209074e+19,3.813801947961395e+18,3.4156930279672806e+18,1.9896965824113514e+17,-0.3224814085222144,5.040412531798211e-14,0,0.9353453993470481,6.309573444801943e+19,2048,logarithmic,p0,1.0,0.5,A1_balanced_q01_q99,R2,R2,1.0,1.0,2,65,0.8854202262771882,0.06044468744718939,0.05413508627562222,2.596689006528284e-16,2.6764769056642357,0.5084252053386034,19.36163370786604,0.03422601453372964,0.03468949619158318,main,True,True,True,False
0.569607328427632,18.388561411001437,0.1115116258349447,0.016961507846929666,0.6303215467235005,0.5611627867660474,0.1115116258349447,1.0,0.42861328708484486,0.5490102736036896,0.9353235946034737,2.625161364758042,6.284555603368785e+19,4.2902566252330906e+18,3.6587657794930816e+18,1.9896965824113514e+17,-0.3199940341324168,3.785860513971784e-14,0,0.9383550168496889,7.0794578438414025e+19,2048,logarithmic,p0,1.0,0.5,A1_balanced_q01_q99,R2,R2,1.0,1.0,2,65,0.8877170741027686,0.06060148559208234,0.051681440305148985,0.0,2.659192389887441,0.5355542772264354,20.623652396772066,0.03403102512939915,0.03510688909573366,main,True,True,True,False
0.5982752372371057,19.692422165511243,0.1115116258349447,0.016961507846929666,0.6303215467235005,0.5611627867660474,0.1115116258349447,1.0,0.42151718449049586,0.53858379666492,0.9185591847276531,2.6083969548822212,7.068893125706687e+19,4.825697707149098e+18,3.918194508211926e+18,1.9896965824113514e+17,-0.3173603892155876,2.853273173286652e-14,0,0.9412354587105098,7.94328234724279e+19,2048,logarithmic,p0,1.0,0.5,A1_balanced_q01_q99,R2,R2,1.0,1.0,2,65,0.8899209189209278,0.060751934731668664,0.049327146347403594,0.0,2.6422106742681573,0.5641309298670842,21.967931250041065,0.033813719385936025,0.035504705394162804,main,True,True,True,False
0.6284642567264365,21.08384714678426,0.1115116258349447,0.016961507846929666,0.6303215467235005,0.5611627867660474,0.1115116258349447,1.0,0.41452100996509866,0.5283896108491994,0.9021126195329077,2.591950389687476,7.950266595622542e+19,5.427381995944989e+18,4.1950458612039967e+18,1.9896965824113514e+17,-0.3145935427896517,3.108624468950438e-14,0,0.943991340986253,8.91250938133744e+19,2048,logarithmic,p0,1.0,0.5,A1_balanced_q01_q99,R2,R2,1.0,1.0,2,65,0.8920345836908953,0.060896227579965115,0.047069188729139656,0.0,2.625526454177861,0.594232404754275,23.39983210161484,0.03357606449038508,0.035883798814381355,main,True,True,True,False
0.6602558637601328,22.568545873960456,0.1115116258349447,0.016961507846929666,0.6303215467235005,0.5611627867660474,0.1115116258349447,1.0,0.4076243200336091,0.5184207867074904,0.8859768451079648,2.5758146152625327,8.940608849893165e+19,6.103455641527068e+18,4.4904558595412925e+18,1.9896965824113514e+17,-0.31170583893515635,2.0539125955565396e-14,0,0.9466271913060863,1e+20,2048,logarithmic,p0,1.0,0.5,A1_balanced_q01_q99,R2,R2,1.0,1.0,2,65,0.8940608849893165,0.061034556415270676,0.044904558595412924,1.6384e-16,2.609134517917584,0.6259400649123174,24.925066277360123,0.03331990265505125,0.036244991332918884,main,True,True,True,False
0.6937358763110573,24.152599357175028,0.1115116258349447,0.016961507846929666,0.6303215467235005,0.5611627867660474,0.1115116258349447,1.0,0.40082662200313873,0.5086706629525116,0.8701450170121657,2.5599827871667338,1.0053314808143818e+20,6.863062909026179e+18,4.805634439732176e+18,1.9896965824113514e+17,-0.308708925058053,1.7985612998927536e-14,0,0.9491474441089855,1.1220184543019654e+20,2048,logarithmic,p0,1.0,0.5,A1_balanced_q01_q99,R2,R2,1.0,1.0,2,65,0.8960026254112038,0.06116711256140484,0.04283026202739131,0.0,2.59302974508992,0.6593396148169515,26.549717375447486,0.03304695792318624,0.036589073907074214,main,True,True,True,False
0.7289946848123007,25.84248440788439,0.1115116258349447,0.016961507846929666,0.6303215467235005,0.5611627867660474,0.1115116258349447,1.0,0.39412737606208725,0.4991328358894352,0.8546104921717824,2.5444482623263505,1.1303420265415485e+20,7.716468234523637e+18,5.14187029073862e+18,1.9896965824113514e+17,-0.3056137798736782,1.354472090042691e-14,0,0.9515564365035349,1.2589254117941713e+20,2048,logarithmic,p0,1.0,0.5,A1_balanced_q01_q99,R2,R2,1.0,1.0,2,65,0.8978625865774122,0.061294085910351334,0.04084332751223623,1.3014273797722585e-16,2.577207104999548,0.6945213320509591,28.280265531586526,0.03275884267319773,0.036916807226520486,main,True,True,True,False
0.7661274958952231,27.64509953107574,0.1115116258349447,0.016961507846929666,0.6303215467235005,0.5611627867660474,0.1115116258349447,1.0,0.38752599744026317,0.48980114912176076,0.839366821097957,2.529204591252525,1.2707802526510359e+20,8.675193191431071e+18,5.500536005740305e+18,1.9896965824113514e+17,-0.3024307410437398,1.3766765505351941e-14,0,0.9538584047279557,1.4125375446227496e+20,2048,logarithmic,p0,1.0,0.5,A1_balanced_q01_q99,R2,R2,1.0,1.0,2,65,0.8996435227429135,0.061415664485916226,0.038940812771170265,0.0,2.561661655081785,0.7315803113206742,30.123613265904087,0.032457063829259614,0.037228922481252466,main,True,True,True,False
0.8052345891727127,29.56779250208823,0.1115116258349447,0.016961507846929666,0.6303215467235005,0.5611627867660474,0.1115116258349447,1.0,0.3810218586146454,0.4806696835387421,0.8244077404176757,2.514245510572244,1.428540554889782e+20,9.752170188047577e+18,5.883093569085294e+18,1.9896965824113514e+17,-0.2991695324027847,4.440892098500626e-15,0,0.9560574811859306,1.5848931924611108e+20,2048,logarithmic,p0,1.0,0.5,A1_balanced_q01_q99,R2,R2,1.0,1.0,2,65,0.9013481549955201,0.06153203404769417,0.037119810956785654,0.0,2.546388539358652,0.7706167214929923,32.087113014559115,0.03214302878640796,0.03752612214250372,main,True,True,True,False
0.8464215877620291,31.61838973751882,0.1115116258349447,0.016961507846929666,0.6303215467235005,0.5611627867660474,0.1115116258349447,1.0,0.37461429154626336,0.47173274758973693,0.8097271657090236,2.499564935863592,1.6057492586465595e+20,1.096191493902718e+19,6.291100200209135e+18,1.9896965824113514e+17,-0.29583929071571907,7.105427357601002e-15,0,0.9581576920310039,1.778279410038923e+20,2048,logarithmic,p0,1.0,0.5,A1_balanced_q01_q99,R2,R2,1.0,1.0,2,65,0.9029791660307268,0.061643377734364284,0.03537745623490875,1.8426800543837358e-16,2.5313829869220097,0.8117360763476082,34.17859645590537,0.03181805105841784,0.037809080753423804,main,True,True,True,False
0.8897997432782049,33.80522757690107,0.1115116258349447,0.016961507846929666,0.6303215467235005,0.5611627867660474,0.1115116258349447,1.0,0.3683025899346799,0.46298486784966103,0.7953191846317907,2.485156954786359,1.8047929691632717e+20,1.2320720002821267e+19,6.726214577739803e+18,1.9896965824113514e+17,-0.29244859191325645,6.661338147750939e-15,0,0.9601629552710584,1.995262314968883e+20,2048,logarithmic,p0,1.0,0.5,A1_balanced_q01_q99,R2,R2,1.0,1.0,2,65,0.9045391954848896,0.061749875745101795,0.03371092877000838,3.284580654299686e-16,2.5166403104432487,0.8550495197763555,36.406405748176134,0.031483355656889866,0.03807844572646965,main,True,True,True,False
0.935486236068233,36.13718559948915,0.1115116258349447,0.016961507846929666,0.6303215467235005,0.5611627867660474,0.1115116258349447,1.0,0.36208601147749797,0.4544207798787065,0.7811780503444146,2.471015820498983,2.0283503843139155e+20,1.3846871956916328e+19,7.190203468526826e+18,1.9896965824113514e+17,-0.28900547675768823,2.220446049250313e-16,0,0.9620770793624945,2.238721138568347e+20,2048,logarithmic,p0,1.0,0.5,A1_balanced_q01_q99,R2,R2,1.0,1.0,2,65,0.9060308358061233,0.06185170505769801,0.03211745913617867,0.0,2.502155904709098,0.9006741262004644,38.77942680328603,0.03114008421011505,0.03833483814465386,main,True,True,True,False
0.9836044914970692,38.62372210864913,0.1115116258349447,0.016961507846929666,0.6303215467235005,0.5611627867660474,0.1115116258349447,1.0,0.3559637801233701,0.4460354193783228,0.7672981751981515,2.4571359453527197,2.2794279926641164e+20,1.5560895096587035e+19,7.684948787958493e+18,1.9896965824113514e+17,-0.2855174758969126,6.217248937900877e-15,0,0.9639037622631871,2.5118864315095718e+20,2048,logarithmic,p0,1.0,0.5,A1_balanced_q01_q99,R2,R2,1.0,1.0,2,65,0.9074566286399522,0.06194903918182074,0.03059433217822694,1.3045175764697042e-16,2.4879252451830793,0.9487332170178204,41.307124729464846,0.030789299830359607,0.03857885356396513,main,True,True,True,False
1.034284513139711,41.27491192504756,0.1115116258349447,0.016961507846929666,0.6303215467235005,0.5611627867660474,0.1115116258349447,1.0,0.3499350883080179,0.4378239136443833,0.753674124699321,2.443511894853889,2.561400131116936e+20,1.7485824895091616e+19,8.212455119659666e+18,1.9896965824113514e+17,-0.2819916342702061,1.5543122344752192e-15,0,0.9656465909127946,2.818382931264449e+20,2048,logarithmic,p0,1.0,0.5,A1_balanced_q01_q99,R2,R2,1.0,1.0,2,65,0.9088190617049262,0.062042047945722954,0.029138890349350795,1.162652513840582e-16,2.4739438865921626,0.9993566939355534,43.99958158409354,0.03043199173827338,0.038811062814474814,main,True,True,True,False
1.0876632337794525,44.101486639058244,0.1115116258349447,0.016961507846929666,0.6303215467235005,0.5611627867660474,0.1115116258349447,1.0,0.34399909916376203,0.42978157331747413,0.7403006117304707,2.4301383818850386,2.8780539343391647e+20,1.964751485842203e+19,8.774857724499406e+18,1.9896965824113514e+17,-0.27843453483469544,5.329070518200751e-15,0,0.9673090411084857,3.1622776601683794e+20,2048,logarithmic,p0,1.0,0.5,A1_balanced_q01_q99,R2,R2,1.0,1.0,2,65,0.9101205661320452,0.06213089731461428,0.02774853655334041,2.072430287367949e-16,2.4602074615381877,1.0526813900888652,46.86753658732283,0.03006907965314909,0.03903201279783414,main,True,True,True,False
1.1438848851600059,47.11487748268204,0.1115116258349447,0.016961507846929666,0.6303215467235005,0.5611627867660474,0.1115116258349447,1.0,0.33815494869413043,0.42190388442915944,0.7271724910213027,2.4170102611758706,3.2336397731163295e+20,2.207498085114081e+19,9.374431070802199e+18,1.9896965824113514e+17,-0.2748523215867796,2.4424906541753444e-15,0,0.9688944777449036,3.54813389233576e+20,2048,logarithmic,p0,1.0,0.5,A1_balanced_q01_q99,R2,R2,1.0,1.0,2,65,0.911363514240891,0.06221574923884482,0.02642073652026403,1.8470554378334696e-16,2.446711679133604,1.1088514398952758,49.92242895687315,0.02970141795773351,0.03924222727904362,main,True,True,True,False
1.2031013874903276,50.32726099172631,0.1115116258349447,0.016961507846929666,0.6303215467235005,0.5611627867660474,0.1115116258349447,1.0,0.33240174790603294,0.4141865007422402,0.7142847538602743,2.4041225240148423,3.632927851664026e+20,2.4800787467359752e+19,1.0013597919736197e+19,1.9896965824113514e+17,-0.27125072185788823,2.220446049250313e-16,0,0.9704061553869647,3.9810717055349857e+20,2048,logarithmic,p0,1.0,0.5,A1_balanced_q01_q99,R2,R2,1.0,1.0,2,65,0.9125502177248085,0.0622967615300136,0.025153020745177827,1.646189891754113e-16,2.4334523236611147,1.1680186686439238,53.17644353486597,0.02932979964627247,0.03944220767058161,main,True,True,True,False
1.2654727597537931,53.75160764017919,0.1115116258349447,0.016961507846929666,0.6303215467235005,0.5611627867660474,0.1115116258349447,1.0,0.32673858489300467,0.4066252363820735,0.7016325230378525,2.3914702931924205,4.081271715697238e+20,2.786148157915981e+19,1.0694939002078042e+19,1.9896965824113514e+17,-0.26763506786882313,3.3306690738754696e-15,0,0.9718472191453618,4.466835921509617e+20,2048,logarithmic,p0,1.0,0.5,A1_balanced_q01_q99,R2,R2,1.0,1.0,2,65,0.913682926217251,0.06237408776309767,0.023942986019651172,1.4671682853721517e-16,2.4204252532567994,1.2303430028729223,56.64255938867867,0.02895496006437881,0.03963243380714588,main,True,True,True,False
1.331167551929905,57.401733640587004,0.1115116258349447,0.016961507846929666,0.6303215467235005,0.5611627867660474,0.1115116258349447,1.0,0.3211645268638859,0.3992160587552551,0.6892110480124936,2.3790488181670617,4.584679514812361e+20,3.129807882111905e+19,1.1421203324916265e+19,1.9896965824113514e+17,-0.264010317531534,4.218847493575595e-15,0,0.9732207058251711,5.0118723362727146e+20,2048,logarithmic,p0,1.0,0.5,A1_balanced_q01_q99,R2,R2,1.0,1.0,2,65,0.9147638262114927,0.06244787720270456,0.02278829658580273,1.307615110738007e-16,2.4076263986163067,1.2959929026441264,60.33460157967084,0.028577580449244966,0.039813364709452605,main,True,True,True,False
1.4003633002958196,61.292356116894084,0.1115116258349447,0.016961507846929666,0.6303215467235005,0.5611627867660474,0.1115116258349447,1.0,0.31567862211218517,0.3919550817512447,0.6770157002905748,2.366853470445143,5.149893965685628e+20,3.5156609472413884e+19,1.2195319149372365e+19,1.9896965824113514e+17,-0.2603810744914926,8.881784197001252e-16,0,0.9745295453190546,5.6234132519034906e+20,2048,logarithmic,p0,1.0,0.5,A1_balanced_q01_q99,R2,R2,1.0,1.0,2,65,0.9157950403062447,0.06251827475157297,0.021686684942182267,0.0,2.395051761723719,1.3651458168835722,64.26729630626862,0.02819829127857565,0.039985439335701055,main,True,True,True,False
1.4732470070372725,65.43915186969978,0.1115116258349447,0.016961507846929666,0.6303215467235005,0.5611627867660474,0.1115116258349447,1.0,0.31027990192218846,0.3848385592218141,0.6650419690116094,2.3548797391661775,5.7844820781055646e+20,3.948873098653399e+19,1.3020405683103906e+19,1.9896965824113514e+17,-0.25675160740780184,0.0,0,0.9757765622179261,6.309573444801943e+20,2048,logarithmic,p0,1.0,0.5,A1_balanced_q01_q99,R2,R2,1.0,1.0,2,65,0.9167786267502809,0.06258542091948584,0.02063595233023334,0.0,2.3826974146026743,1.4379886630185217,68.45632964135424,0.027817675436496714,0.040149077319483445,main,True,True,True,False
1.550015645464319,69.85881996821966,0.1115116258349447,0.016961507846929666,0.6303215467235005,0.5611627867660474,0.1115116258349447,1.0,0.30496738240862287,0.37786287873266106,0.6532854567302826,2.3431232268848508,6.49693583546494e+20,4.4352415303440654e+19,1.3899785534205653e+19,1.9896965824113514e+17,-0.25312586847185575,2.886579864025407e-15,0,0.9769644776129816,7.079457843841402e+20,2048,logarithmic,p0,1.0,0.5,A1_balanced_q01_q99,R2,R2,1.0,1.0,2,65,0.9177165792599199,0.06264945181081052,0.01963396892926967,0.0,2.3705594980893774,1.5147183322073985,72.91841009824255,0.02743627120452663,0.04030467969307147,main,True,True,True,False
1.6308766921962616,74.56914841854146,0.1115116258349447,0.016961507846929666,0.6303215467235005,0.5611627867660474,0.1115116258349447,1.0,0.29974006628740696,0.37102455558098224,0.641741875387005,2.331579645541573,7.296785166763379e+20,4.981272007177133e+19,1.4836997976169677e+19,1.9896965824113514e+17,-0.24950751116869133,1.3322676295501878e-15,0,0.978095911064645,7.943282347242789e+20,2048,logarithmic,p0,1.0,0.5,A1_balanced_q01_q99,R2,R2,1.0,1.0,2,65,0.9186108270841187,0.06271049912894251,0.018678673786938698,1.6500987157468562e-16,2.3586342206270987,1.5955422215283572,77.67133527479385,0.027054575085525556,0.04045262959516391,main,True,True,True,False
1.7160486877535237,79.58908517402492,0.1115116258349447,0.016961507846929666,0.6303215467235005,0.5611627867660474,0.1115116258349447,1.0,0.29459694457562835,0.3643202270723925,0.6304070424588827,2.320244812613451,8.194724710343332e+20,5.5942654022610485e+19,1.5835813076800334e+19,1.9896965824113514e+17,-0.245899907288185,3.3306690738754696e-15,0,0.9791733827150604,8.91250938133744e+20,2048,logarithmic,p0,1.0,0.5,A1_balanced_q01_q99,R2,R2,1.0,1.0,2,65,0.9194632352929546,0.06276869019599904,0.01776807451104636,0.0,2.3469178570817935,1.6806787945648718,82.73406284148936,0.02667304446834251,0.04059329296231875,main,True,True,True,False
1.8057618270704114,84.93881377104582,0.1115116258349447,0.016961507846929666,0.6303215467235005,0.5611627867660474,0.1115116258349447,1.0,0.28953699821952666,0.35774664705018344,0.6192768772832271,2.309114647437795,9.202756052663827e+20,6.282414798618506e+19,1.690024674743241e+19,1.9896965824113514e+17,-0.24230616319592674,3.1086244689504383e-15,0,0.9801993155225551,1e+21,2048,logarithmic,p0,1.0,0.5,A1_balanced_q01_q99,R2,R2,1.0,1.0,2,65,0.9202756052663827,0.06282414798618506,0.01690024674743241,1.31072e-16,2.335406747578475,1.7703581719036487,88.12678615660221,0.026292100140679953,0.04072701920342613,main,True,True,True,False
1.900258581524154,90.63983389174484,0.1115116258349447,0.016961507846929666,0.6303215467235005,0.5611627867660474,0.1115116258349447,1.0,0.28455919964975274,0.3513006806696167,0.6083473975459216,2.2981851677004896,1.033434733084272e+21,7.0549144445219635e+19,1.803457677247373e+19,1.9896965824113514e+17,-0.23872913537597434,0.0,0,0.9811760375977343,1.1220184543019653e+21,2048,logarithmic,p0,1.0,0.5,A1_balanced_q01_q99,R2,R2,1.0,1.0,2,65,0.9210496753613527,0.06287699117133502,0.01607333346731224,0.0,2.324097296357965,1.8648227531409332,93.87101481007892,0.025912128657475275,0.040854141856696925,main,True,True,True,False
1.9997943541604661,96.7150471751028,0.1115116258349447,0.016961507846929666,0.6303215467235005,0.5611627867660474,0.1115116258349447,1.0,0.27966251426368277,0.3449792994097119,0.5976147159272168,2.287452486081785,1.1604612318188023e+21,7.922082009216357e+19,1.9243359883205464e+19,1.9896965824113514e+17,-0.23517144525975736,2.220446049250313e-16,0,0.9821057846224251,1.2589254117941712e+21,2048,logarithmic,p0,1.0,0.5,A1_balanced_q01_q99,R2,R2,1.0,1.0,2,65,0.9217871217365915,0.06292733417721798,0.015285544086190603,2.082283807635614e-16,2.312985970653677,1.9643278720784043,99.98966041738441,0.02553348457189175,0.04097497922876258,main,True,True,True,False
2.104638169885841,103.18884861861069,0.1115116258349447,0.016961507846929666,0.6303215467235005,0.5611627867660474,0.1115116258349447,1.0,0.2748459018349805,0.33877957631480227,0.587075036897749,2.2769128070523172,1.3030511370557994e+21,8.895495762300923e+19,2.0531449943941198e+19,1.9896965824113514e+17,-0.23163549335717967,1.3322676295501878e-15,0,0.9829907023340714,1.4125375446227498e+21,2048,logarithmic,p0,1.0,0.5,A1_balanced_q01_q99,R2,R2,1.0,1.0,2,65,0.9224895593156136,0.06297528724927921,0.014535153435107162,0.0,2.3020692995880765,2.069142486879799,106.50712800550565,0.025156492535759245,0.041089835015580126,main,True,True,True,False
2.2150734024912917,110.08722393511565,0.1115116258349447,0.016961507846929666,0.6303215467235005,0.5611627867660474,0.1115116258349447,1.0,0.2701083178509834,0.33269868145800185,0.5767246536578139,2.266562423812382,1.4631076901566643e+21,9.98814849813616e+19,2.190401732308527e+19,1.9896965824113514e+17,-0.22812347270747316,6.661338147750939e-16,0,0.983832849059618,1.584893192461111e+21,2048,logarithmic,p0,1.0,0.5,A1_balanced_q01_q99,R2,R2,1.0,1.0,2,65,0.9231585428697997,0.06302095652657833,0.013820500603622055,1.6540168211141605e-16,2.2913438730884694,2.1795499070535223,113.44941335563311,0.024781449276087386,0.04119899890493775,main,True,True,True,False
2.3313985404716875,117.43785325317592,0.1115116258349447,0.016961507846929666,0.6303215467235005,0.5611627867660474,0.1115116258349447,1.0,0.26544871477882914,0.32673387761865463,0.5665599452131883,2.2563977153677564,1.6427666380234954e+21,1.1214620248907062e+20,2.336656952635699e+19,1.9896965824113514e+17,-0.22463738166861044,2.220446049250313e-16,0,0.9846341982843031,1.7782794100389228e+21,2048,logarithmic,p0,1.0,0.5,A1_balanced_q01_q99,R2,R2,1.0,1.0,2,65,0.9237955682046269,0.0630644441227692,0.013139987672604018,0.0,2.2808063408217922,2.2958485592263664,120.84420669076624,0.02440862545403588,0.04130274716044117,main,True,True,True,False
2.453927993709954,125.2702215745856,0.1115116258349447,0.016961507846929666,0.6303215467235005,0.5611627867660474,0.1115116258349447,1.0,0.26086604326151486,0.3208825161657926,0.5565773735810122,2.2464151437355806,1.8444246210007455e+21,1.2591272079365089e+20,2.4924973174486573e+19,1.9896965824113514e+17,-0.2211790360650929,1.5543122344752192e-15,0,0.9853966412420815,1.995262314968883e+21,2048,logarithmic,p0,1.0,0.5,A1_balanced_q01_q99,R2,R2,1.0,1.0,2,65,0.9244020734333923,0.06310584821305291,0.012492078353554877,0.0,2.270453411148056,2.4183527937781286,128.72100312183443,0.024038267412475278,0.04140134318693822,main,True,True,True,False
2.5829929432059324,133.61573642965672,0.1115116258349447,0.016961507846929666,0.6303215467235005,0.5611627867660474,0.1115116258349447,1.0,0.25635925324532843,0.31514203313966227,0.5467734811195082,2.236611251274076,2.070771025794403e+21,1.4136463536089791e+20,2.6585477413046387e+19,1.9896965824113514e+17,-0.21775008071472962,6.661338147750939e-16,0,0.9861219895155541,2.238721138568347e+21,2048,logarithmic,p0,1.0,0.5,A1_balanced_q01_q99,R2,R2,1.0,1.0,2,65,0.9249794403239755,0.06314526312611674,0.011875296549907816,0.0,2.2602818500921265,2.547393734517591,137.1112202928413,0.023670598818050337,0.04149503807742443,main,True,True,True,False
2.7189422361457667,142.50785319959206,0.1115116258349447,0.016961507846929666,0.6303215467235005,0.5611627867660474,0.1115116258349447,1.0,0.25192729504031547,0.3095099455234006,0.5371448879755591,2.2269826581301273,2.324823726280989e+21,1.5870796638078216e+20,2.835473884780069e+19,1.9896965824113514e+17,-0.21435200035561805,3.774758283725532e-15,0,0.9868119776346851,2.5118864315095717e+21,2048,logarithmic,p0,1.0,0.5,A1_balanced_q01_q99,R2,R2,1.0,1.0,2,65,0.9255289957053657,0.06318277944015296,0.011288224854481301,0.0,2.250288480333521,2.683320173696219,146.04832369429434,0.0233058222033935,0.0415840711415138,main,True,True,True,False
2.8621433287305065,151.98220860585883,0.1115116258349447,0.016961507846929666,0.6303215467235005,0.5611627867660474,0.1115116258349447,1.0,0.24756912031560388,0.30398384769703063,0.5276882896443909,2.217526059798959,2.609969186681922e+21,1.7817389647748586e+20,3.0239848105040638e+19,1.9896965824113514e+17,-0.210986129994944,8.881784197001252e-16,0,0.9874682656645997,2.818382931264449e+21,2048,logarithmic,p0,1.0,0.5,A1_balanced_q01_q99,R2,R2,1.0,1.0,2,65,0.9260520129218128,0.06321848408212907,0.010729502996058002,0.0,2.240470180213893,2.826499514779042,155.56796014474028,0.022944120414933877,0.04166867041564444,main,True,True,True,False
3.012983279311983,162.076762899015,0.1115116258349447,0.016961507846929666,0.6303215467235005,0.5611627867660474,0.1115116258349447,1.0,0.2432836830315471,0.298561408066078,0.5184004546358731,2.208238224790441,2.9300074594784693e+21,2.0002184256706354e+20,3.2248358122846503e+19,1.9896965824113514e+17,-0.20765366470147686,4.440892098500626e-16,0,0.9880924417736894,3.1622776601683794e+21,2048,logarithmic,p0,1.0,0.5,A1_balanced_q01_q99,R2,R2,1.0,1.0,2,65,0.9265497133235471,0.06325246042955415,0.010197826246898698,0.0,2.2308238827619187,2.9773187655207525,165.7080999728105,0.022585657971477602,0.04174905315521495,main,True,True,True,False
3.171869794519269,172.83195131422065,0.1115116258349447,0.016961507846929666,0.6303215467235005,0.5611627867660474,0.1115116258349447,1.0,0.2390699403107812,0.29324036585719465,0.5092782222421596,2.199115992396728,3.2892026754084084e+21,2.2454290264121403e+20,3.438831428613899e+19,1.9896965824113514e+17,-0.20435566886372522,1.9984014443252818e-15,0,0.9886860247746587,3.5481338923357606e+21,2048,logarithmic,p0,1.0,0.5,A1_balanced_q01_q99,R2,R2,1.0,1.0,2,65,0.9270232677840419,0.06328478841405726,0.009691943801901155,2.955288700533551e-16,2.2213465747352528,3.1361855840314763,176.5091884668992,0.02223058233852493,0.04182542630890729,main,True,True,True,False
3.3392323312034087,184.29084539753381,0.1115116258349447,0.016961507846929666,0.6303215467235005,0.5611627867660474,0.1115116258349447,1.0,0.23492685325034204,0.2880185280733912,0.5003185004016392,2.190156270556207,3.6923396957775226e+21,2.5206372323174557e+20,3.6668286525717176e+19,1.9896965824113514e+17,-0.20109308493569814,1.3322676295501878e-15,0,0.9892504666315454,3.9810717055349854e+21,2048,logarithmic,p0,1.0,0.5,A1_balanced_q01_q99,R2,R2,1.0,1.0,2,65,0.927473798234774,0.06331554462616058,0.009210657139065425,0.0,2.2120352956792737,3.303529380659556,188.01430719654243,0.021879025123066498,0.0418979869754882,main,True,True,True,False
3.5155232571779256,196.49932484653905,0.1115116258349447,0.016961507846929666,0.6303215467235005,0.5611627867660474,0.1115116258349447,1.0,0.23085338767708488,0.2828937666016073,0.4915182636543912,2.1813560338089593,4.1447876791066097e+21,2.8295083889367787e+20,3.909740350932967e+19,1.9896965824113514e+17,-0.19786674169206697,4.440892098500626e-16,0,0.9897871549271002,4.4668359215096167e+21,2048,logarithmic,p0,1.0,0.5,A1_balanced_q01_q99,R2,R2,1.0,1.0,2,65,0.9279023792093605,0.06334480242069233,0.00875281836994726,1.1737346282977215e-16,2.20288713700232,3.479802478669707,200.26934584895304,0.021531103193360934,0.041966922843412094,main,True,True,True,False
3.701219073892173,209.5062605507689,0.1115116258349447,0.016961507846929666,0.6303215467235005,0.5611627867660474,0.1115116258349447,1.0,0.22684851484866847,0.2778640154655608,0.4828745511845519,2.17271232133912,4.652571405901975e+21,3.176155413095748e+20,4.16853890611647e+19,1.9896965824113514e+17,-0.19467736201427838,1.1102230246251565e-15,0,0.99029741528547,5.011872336272714e+21,2048,logarithmic,p0,1.0,0.5,A1_balanced_q01_q99,R2,R2,1.0,1.0,2,65,0.9283100393898005,0.06337263202234371,0.008317328587855805,0.0,2.1938992410671223,3.665481336853811,213.32318526611294,0.02118691972800235,0.04203241261357546,main,True,True,True,False
3.8968217043421403,223.36370956201196,0.1115116258349447,0.016961507846929666,0.6303215467235005,0.5611627867660474,0.1115116258349447,1.0,0.22291121210238848,0.27292726821702773,0.4743844649452291,2.164222235099797,5.222451308301734e+21,3.565193426467317e+20,4.444260095502569e+19,1.9896965824113514e+17,-0.19152557022884034,4.440892098500626e-15,0,0.9907825137458046,5.623413251903491e+21,2048,logarithmic,p0,1.0,0.5,A1_balanced_q01_q99,R2,R2,1.0,1.0,2,65,0.9286977631483808,0.06339910063092946,0.007903136220689834,0.0,2.185068800298156,3.8610678373790788,227.22789241246355,0.020846565198358924,0.042094626405607634,main,True,True,True,False
4.1028598496993585,238.12712277225575,0.1115116258349447,0.016961507846929666,0.6303215467235005,0.5611627867660474,0.1115116258349447,1.0,0.21904046345415745,0.26808157545889305,0.4660451678617887,2.1558829380163567,5.862013266880308e+21,4.0018010568569566e+20,4.738007223594055e+19,1.9896965824113514e+17,-0.18841189901858896,1.3322676295501878e-15,0,0.9912436590833107,6.309573444801943e+21,2048,logarithmic,p0,1.0,0.5,A1_balanced_q01_q99,R2,R2,1.0,1.0,2,65,0.9290664920795317,0.0634242725259627,0.007509235394505786,1.6618809641781018e-16,2.1763930563046303,4.067090642354494,242.03892805088367,0.02051011828827365,0.042153726148086074,main,True,True,True,False
4.319890418323777,253.85556612767826,0.1115116258349447,0.016961507846929666,0.6303215467235005,0.5611627867660474,0.1115116258349447,1.0,0.21523526014992822,0.26332504249354033,0.45785388210955874,2.1476916522641267,6.579769366518693e+21,4.4917892208767605e+20,5.050955523503402e+19,1.9896965824113514e+17,-0.18533679592728286,4.218847493575595e-15,0,0.9916820050748953,7.079457843841402e+21,2048,logarithmic,p0,1.0,0.5,A1_balanced_q01_q99,R2,R2,1.0,1.0,2,65,0.9294171265166299,0.06344820917020193,0.007134664313168211,1.4811529683903444e-16,2.1678692990188426,4.284106622782315,257.8153679552745,0.020177646754715894,0.042209865953098204,main,True,True,True,False
4.548500031024428,270.61195626099084,0.1115116258349447,0.016961507846929666,0.6303215467235005,0.5611627867660474,0.1115116258349447,1.0,0.2114946011717934,0.25865582709040774,0.44980788746218053,2.139645657616749,7.385270948692188e+21,5.0416783009738673e+20,5.3843568453214355e+19,1.9896965824113514e+17,-0.18230062947734788,2.6645352591003757e-15,0,0.992098652706612,7.943282347242789e+21,2048,logarithmic,p0,1.0,0.5,A1_balanced_q01_q99,R2,R2,1.0,1.0,2,65,0.9297505270293843,0.06347096931187264,0.006778503658743053,0.0,2.159494865849626,4.51270236375701,274.62013854209385,0.019849208232876947,0.042263192475569575,main,True,True,True,False
4.78930660663417,288.46331148215586,0.1115116258349447,0.016961507846929666,0.6303215467235005,0.5611627867660474,0.1115116258349447,1.0,0.20781749370102906,0.2540721373666948,0.4419045197070223,2.1317422898615903,8.289235460718357e+21,5.658784741183732e+20,5.739544650071066e+19,1.9896965824113514e+17,-0.17930369492002945,2.220446049250313e-16,0,0.9924946523215528,8.912509381337441e+21,2048,logarithmic,p0,1.0,0.5,A1_balanced_q01_q99,R2,R2,1.0,1.0,2,65,0.9300675158980249,0.06349260908530517,0.0064398750166698515,0.0,2.1512671408506256,4.753495749980318,292.5202678606885,0.019524850989035336,0.04231384525779601,main,True,True,True,False
5.042961032185587,307.4810191285085,0.1115116258349447,0.016961507846929666,0.6303215467235005,0.5611627867660474,0.1115116258349447,1.0,0.2042029535402433,0.2495722297755172,0.43414116912426515,2.1239789392788335,9.303688785610675e+21,6.351318210976888e+20,6.117939329163527e+19,1.9896965824113514e+17,-0.17634621963662173,4.440892098500626e-15,0,0.992871005706331,1e+22,2048,logarithmic,p0,1.0,0.5,A1_balanced_q01_q99,R2,R2,1.0,1.0,2,65,0.9303688785610675,0.06351318210976888,0.006117939329163527,0.0,2.1431835539031523,5.007137635877468,311.58715294353055,0.019204614624318772,0.04236195705962328,main,False,True,True,False
5.310148922201164,327.7411203407877,0.1115116258349447,0.016961507846929666,0.6303215467235005,0.5611627867660474,0.1115116258349447,1.0,0.2006500054967847,0.2451544071959669,0.42651527902642244,2.1163530491809905,1.0442124941631815e+22,7.128490626820652e+20,6.521053870577327e+19,1.9896965824113514e+17,-0.17342836820881002,8.881784197001252e-16,0,0.9932286681154425,1.1220184543019653e+22,2048,logarithmic,p0,1.0,0.5,A1_balanced_q01_q99,R2,R2,1.0,1.0,2,65,0.9306553650339122,0.06353273958631507,0.0058118953797727255,0.0,2.135241579913343,5.274313604829525,331.896844582723,0.018888530732352304,0.042407654174718076,main,False,True,True,False
5.591592471853674,349.3246134009001,0.1115116258349447,0.016961507846929666,0.6303215467235005,0.5611627867660474,0.1115116258349447,1.0,0.19715768372948425,0.24081701711981765,0.41902434435524183,2.10886211450981,1.1719685271154007e+22,8.000638478441135e+20,6.950499894359374e+19,1.9896965824113514e+17,-0.17055024717553513,5.329070518200751e-15,0,0.9935685502326674,1.2589254117941714e+22,2048,logarithmic,p0,1.0,0.5,A1_balanced_q01_q99,R2,R2,1.0,1.0,2,65,0.9309276912959894,0.06355133039247288,0.005520978311537768,0.0,2.1274387380233915,5.555745822276551,353.53035066863447,0.01857662351358158,0.04245105673337988,main,False,True,True,False
5.888052409004309,372.31777684144436,0.1115116258349447,0.016961507846929666,0.6303215467235005,0.5611627867660474,0.1115116258349447,1.0,0.1937250320607703,0.2365584499297994,0.41166591033308625,2.1015036804876543,1.315335949707837e+22,8.979360083338835e+20,7.40799408152414e+19,1.9896965824113514e+17,-0.16771190949312714,1.7763568394002505e-15,0,0.9938915200694702,1.4125375446227496e+22,2048,logarithmic,p0,1.0,0.5,A1_balanced_q01_q99,R2,R2,1.0,1.0,2,65,0.9311865406445726,0.0635690011746695,0.005244458180757676,1.4846699176127685e-16,2.1197725908365967,5.8521949877003445,376.57395930058726,0.018268910348942402,0.04249227899233981,main,False,True,True,False
6.200330050395798,396.8125136157464,0.1115116258349447,0.016961507846929666,0.6303215467235005,0.5611627867660474,0.1115116258349447,1.0,0.19035110425610066,0.23237713726462328,0.40443757116604245,2.0942753413206106,1.4762211315268826e+22,1.0077669591223518e+21,7.895365021993085e+19,1.9896965824113514e+17,-0.16491335871480323,1.1102230246251565e-15,0,0.9941984048002075,1.584893192461111e+22,2048,logarithmic,p0,1.0,0.5,A1_balanced_q01_q99,R2,R2,1.0,1.0,2,65,0.9314325650137494,0.06358579643827196,0.004981638547978567,1.3232134568913284e-16,2.112240743655983,6.164462390763536,401.1195829583443,0.01796540233537236,0.0425314296119933,main,False,True,True,False
6.529269467557734,422.9067177011859,0.1115116258349447,0.016961507846929666,0.6303215467235005,0.5611627867660474,0.1115116258349447,1.0,0.18703496427261013,0.22827155046614592,0.3973369687961628,2.087174738950731,1.6567631517068466e+22,1.131016978231874e+21,8.414560508888518e+19,1.9896965824113514e+17,-0.16215455290496394,2.220446049250313e-16,0,0.9944899925344308,1.7782794100389228e+22,2048,logarithmic,p0,1.0,0.5,A1_balanced_q01_q99,R2,R2,1.0,1.0,2,65,0.9316663862573675,0.06360175863516962,0.004731855107462747,2.358630469611182e-16,2.104840843736263,6.493392077161531,427.26512510719476,0.01766610478553199,0.04256861192150763,main,False,True,True,False
6.875759768277647,450.7046645981986,0.1115116258349447,0.016961507846929666,0.6303215467235005,0.5611627867660474,0.1115116258349447,1.0,0.18377568647880219,0.22424019910425888,0.39036179170036656,2.0801995618549345,1.8593622001316188e+22,1.2693245952898517e+21,8.9676553082789e+19,1.9896965824113514e+17,-0.15943540830306074,0.0,0,0.9947670340269763,1.995262314968883e+22,2048,logarithmic,p0,1.0,0.5,A1_balanced_q01_q99,R2,R2,1.0,1.0,2,65,0.9318885973950831,0.06361692824883768,0.004494474356079218,0.0,2.0975705795489055,6.83987313004301,455.1148706988576,0.01737101769397098,0.04260392417224033,main,False,True,True,False
7.24073749980569,480.3174272824163,0.1115116258349447,0.016961507846929666,0.6303215467235005,0.5611627867660474,0.1115116258349447,1.0,0.18057235584702322,0.22028162957533567,0.3835097737336746,2.073347543888243,2.0867114445203906e+22,1.42452834612592e+21,9.556859435364365e+19,1.9896965824113514e+17,-0.15675580275116166,1.1102230246251565e-15,0,0.995030244326256,2.238721138568347e+22,2048,logarithmic,p0,1.0,0.5,A1_balanced_q01_q99,R2,R2,1.0,1.0,2,65,0.9320997638208902,0.06363134387683944,0.004268892302270366,0.0,2.090427680060074,7.20484207316421,484.77990212580835,0.01708013617183113,0.04263745977990327,main,False,True,True,False
7.6251891802869505,511.8633192691757,0.1115116258349447,0.016961507846929666,0.6303215467235005,0.5611627867660474,0.1115116258349447,1.0,0.1774240681204152,0.21639442377023294,0.3767786930145739,2.066616463169142,2.34183278632625e+22,1.5986911821320531e+21,1.0184526970116093e+20,1.9896965824113514e+17,-0.154115578898697,6.661338147750939e-16,0,0.9952803043619061,2.511886431509572e+22,2048,logarithmic,p0,1.0,0.5,A1_balanced_q01_q99,R2,R2,1.0,1.0,2,65,0.932300424473759,0.06364504231074196,0.004054533215498713,3.3395649957624423e-16,2.083409914021218,7.5892854022733,516.3785422880883,0.016793450852075953,0.042669307555886625,main,False,True,True,False
8.030153965265045,545.4683665575773,0.1115116258349447,0.016961507846929666,0.6303215467235005,0.5611627867660474,0.1115116258349447,1.0,0.17432992995594018,0.2125771978080688,0.3701663708504182,2.0600041410049865,2.6281169799833857e+22,1.7941278583353246e+21,1.0853165447531138e+20,1.9896965824113514e+17,-0.15151454719723578,2.886579864025407e-15,0,0.9955178624726067,2.8183829312644493e+22,2048,logarithmic,p0,1.0,0.5,A1_balanced_q01_q99,R2,R2,1.0,1.0,2,65,0.9324910929702154,0.06365805861343336,0.0038508484163512643,0.0,2.07651508927209,7.994242251567243,550.0368265398383,0.01651094826710331,0.042699551928168454,main,False,True,True,False
8.456726456463274,581.2668103365418,0.1115116258349447,0.016961507846929666,0.6303215467235005,0.5611627867660474,0.1115116258349447,1.0,0.17128905904502384,0.20882860083217963,0.36367067070090536,2.0535084408554733,2.9493686479422317e+22,2.0134356636618968e+21,1.1565445859957644e+20,1.9896965824113514e+17,-0.14895248869753203,1.3322676295501878e-15,0,0.9957435358753273,3.1622776601683792e+22,2048,logarithmic,p0,1.0,0.5,A1_balanced_q01_q99,R2,R2,1.0,1.0,2,65,0.9326722586988737,0.06367042619384311,0.003657315107283093,1.3263553839154874e-16,2.0697410520559774,8.420807202427774,585.8890053979586,0.01623261120050401,0.04272827315220854,main,False,True,True,False
8.906059660436268,619.4016424580186,0.1115116258349447,0.016961507846929666,0.6303215467235005,0.5611627867660474,0.1115116258349447,1.0,0.16830058421327374,0.2051473138648392,0.3572894971777544,2.0471272673323226,3.309856788901997e+22,2.2595289012237634e+21,1.2324213311386975e+20,1.9896965824113514e+17,-0.14642915766047238,4.440892098500626e-16,0,0.995957912077174,3.5481338923357603e+22,2048,logarithmic,p0,1.0,0.5,A1_balanced_q01_q99,R2,R2,1.0,1.0,2,65,0.9328443878771148,0.0636821768790777,0.0034734352438075167,1.1821154802134204e-16,2.0630856863469242,8.870133242029071,624.0780800180563,0.0159584190146016,0.04275554751222579,main,False,False,True,False
9.379368105087309,660.0251758132397,0.1115116258349447,0.016961507846929666,0.6303215467235005,0.5611627867660474,0.1115116258349447,1.0,0.1653636455006822,0.20153204871749883,0.35102079507882983,2.040858565233398,3.7143714495464066e+22,2.53567757622368e+21,1.3132498366210543e+20,1.9896965824113514e+17,-0.14394428399297965,2.220446049250313e-16,0,0.9961615502313563,3.981071705534985e+22,2048,logarithmic,p0,1.0,0.5,A1_balanced_q01_q99,R2,R2,1.0,1.0,2,65,0.933007924570216,0.0636933409839934,0.0032987344457905887,0.0,2.056546913188742,9.343434879813524,664.756372573472,0.015688347955344017,0.0427814475132461,main,False,False,True,False
9.877931122477763,703.2996518869024,0.1115116258349447,0.016961507846929666,0.6303215467235005,0.5611627867660474,0.1115116258349447,1.0,0.1624773942236205,0.1979815469534982,0.3448625484550465,2.0347003186096146,4.168287311880846e+22,2.845550804910658e+21,1.3993529137704629e+20,1.9896965824113514e+17,-0.1414975755193582,1.1102230246251565e-15,0,0.9963549824383762,4.466835921509617e+22,2048,logarithmic,p0,1.0,0.5,A1_balanced_q01_q99,R2,R2,1.0,1.0,2,65,0.9331632916733881,0.06370394737823663,0.0031327609483751445,1.8779754052763542e-16,2.050122690045602,9.841991430260142,708.0861338123794,0.015422371435987348,0.04280604206429696,main,False,False,True,False
10.403096306799313,749.3978879128174,0.1115116258349447,0.016961507846929666,0.6303215467235005,0.5611627867660474,0.1115116258349447,1.0,0.15964099301990292,0.19449457890032437,0.3388127797084797,2.028650549863048,4.677635040041422e+22,3.193265520668277e+21,1.4910744164464178e+20,1.9896965824113514e+17,-0.13908872009802167,2.6645352591003757e-15,0,0.9965387149942195,5.011872336272714e+22,2048,logarithmic,p0,1.0,0.5,A1_balanced_q01_q99,R2,R2,1.0,1.0,2,65,0.9333108918572611,0.06371402355078902,0.002975084591949756,1.673747341744649e-16,2.0438110101639997,10.36715047081782,754.2401902163783,0.015160460300951861,0.04282939665311413,main,False,False,True,False
10.956283156856689,798.5039662121613,0.1115116258349447,0.016961507846929666,0.6303215467235005,0.5611627867660474,0.1115116258349447,1.0,0.1568536158781068,0.19106994270868605,0.33286954872020397,2.022707318874772,5.24918133341614e+22,3.5834411236120844e+21,1.5887806126142466e+20,1.9896965824113514e+17,-0.13671738759301955,2.6645352591003757e-15,0,0.996713229586863,5.623413251903491e+22,2048,logarithmic,p0,1.0,0.5,A1_balanced_q01_q99,R2,R2,1.0,1.0,2,65,0.9334511084774579,0.06372359567206112,0.0028252958504809407,0.0,2.0376099019459017,10.920331484350582,803.4026333417397,0.014902583071129794,0.04285157351271379,main,False,False,True,False
11.538986912906815,850.8139684639444,0.1115116258349447,0.016961507846929666,0.6303215467235005,0.5611627867660474,0.1115116258349447,1.0,0.15411444815227843,0.18770646345579883,0.3270309520064461,2.016868722161014,5.8905187484542595e+22,4.021260798944775e+21,1.6928616453205495e+20,1.9896965824113514e+17,-0.1343832317092681,2.886579864025407e-15,0,0.996878984442688,6.309573444801943e+22,2048,logarithmic,p0,1.0,0.5,A1_balanced_q01_q99,R2,R2,1.0,1.0,2,65,0.9335843064489698,0.06373268865358302,0.0026830048974470543,0.0,2.03151742833287,11.503029695940263,855.7695540929374,0.014648706171855874,0.04287263178017931,main,False,False,True,False
12.152782598224109,906.536757836444,0.1115116258349447,0.016961507846929666,0.6303215467235005,0.5611627867660474,0.1115116258349447,1.0,0.1514226865631002,0.18440299229042756,0.32129512190173753,2.0111328920563056,6.610166481171144e+22,4.512540317812834e+21,1.8037330888974395e+20,1.9896965824113514e+17,-0.1320858916999105,4.884981308350689e-15,0,0.9970364154243754,7.079457843841402e+22,2048,logarithmic,p0,1.0,0.5,A1_balanced_q01_q99,R2,R2,1.0,1.0,2,65,0.9337108330861089,0.06374132620534503,0.002547840708545997,0.0,2.025531686200979,12.116820114417264,911.5498248571382,0.014398794144673488,0.042892627647987194,main,False,False,True,False
12.799329276316898,965.8948120992216,0.1115116258349447,0.016961507846929666,0.6303215467235005,0.5611627867660474,0.1115116258349447,1.0,0.14877753918652664,0.18115840561736898,0.3156602257678099,2.005497995922378,7.4176834478065056e+22,5.063805233702574e+21,1.9218376066026757e+20,1.9896965824113514e+17,-0.12982499395376293,6.661338147750939e-16,0,0.997185937081801,7.94328234724279e+22,2048,logarithmic,p0,1.0,0.5,A1_balanced_q01_q99,R2,R2,1.0,1.0,2,65,0.9338310189088613,0.06374953089084492,0.002419450200293798,0.0,2.01965080576633,12.763361789543355,970.9659326193268,0.014152809843952063,0.0429116145082024,main,False,False,True,False
13.480374535299921,1029.1251110389162,0.1115116258349447,0.016961507846929666,0.6303215467235005,0.5611627867660474,0.1115116258349447,1.0,0.14617822543085102,0.17797160431917414,0.3101244652270514,1.9999622353816195,8.323795164292027e+22,5.682377498823356e+21,2.047646716307834e+20,1.9896965824113514e+17,-0.1276001534703562,5.950795411990839e-14,0,0.9973279436576754,8.91250938133744e+22,2048,logarithmic,p0,1.0,0.5,A1_balanced_q01_q99,R2,R2,1.0,1.0,2,65,0.9339451784165114,0.0637573241799005,0.002297497403588211,0.0,2.01387295000098,13.444402296353697,1034.2548663810867,0.013910714619360665,0.042929643089846745,main,False,False,True,False
14.197759211550656,1096.4800817177904,0.1115116258349447,0.016961507846929666,0.6303215467235005,0.5611627867660474,0.1115116258349447,1.0,0.1436239760030775,0.17484151301307632,0.30468607541941317,1.9945238455739813,9.340536108294345e+22,6.376472649928939e+21,2.1816626712760068e+20,1.9896965824113514e+17,-0.12541097522966335,1.1457501614131615e-13,0,0.9974628100489231,1e+23,2048,logarithmic,p0,1.0,0.5,A1_balanced_q01_q99,R2,R2,1.0,1.0,2,65,0.9340536108294346,0.0637647264992894,0.002181662671276007,0.0,2.0081963140591084,14.16178245877864,1101.6690624225378,0.013672468485127043,0.04294676158974555,main,False,False,True,False
14.953422365405752,1168.2286053463492,0.1115116258349447,0.016961507846929666,0.6303215467235005,0.5611627867660474,0.1115116258349447,1.0,0.14111403286549126,0.17176707934112187,0.2993433242817041,1.9891810944362722,1.0481409453055721e+23,7.155308853286039e+21,2.3244204635328106e+20,1.9896965824113514e+17,-0.12325705546318938,1.687538997430238e-13,0,0.9975908927263202,1.1220184543019653e+23,2048,logarithmic,p0,1.0,0.5,A1_balanced_q01_q99,R2,R2,1.0,1.0,2,65,0.9341566007999804,0.06377175728127867,0.0020716419187408897,0.0,2.0026191247132252,14.917441325313755,1173.4774111778372,0.013438030276953006,0.04296301579713561,main,False,False,True,False
15.749406522366735,1244.6570897844413,0.1115116258349447,0.016961507846929666,0.6303215467235005,0.5611627867660474,0.1115116258349447,1.0,0.1386476491831533,0.1687472732917413,0.2940945118482828,1.9839322820028509,1.1761566292776648e+23,8.029229255868857e+21,2.4764899578181612e+20,1.9896965824113514e+17,-0.12113798283272077,1.8207657603852567e-13,0,0.9977125306124304,1.2589254117941714e+23,2048,logarithmic,p0,1.0,0.5,A1_balanced_q01_q99,R2,R2,1.0,1.0,2,65,0.9342544190933856,0.06377843501010845,0.0019671458965061037,0.0,1.99713963980027,15.713421410186733,1249.9663297402071,0.013207357797419217,0.042978449212321405,main,False,False,True,False
16.587863193917364,1326.0706119537517,0.1115116258349447,0.016961507846929666,0.6303215467235005,0.5611627867660474,0.1115116258349447,1.0,0.13622408926326982,0.16578108655082677,0.2889379695722054,1.9787757397267736,1.3198006737937868e+23,9.009839266432252e+21,2.638478164640509e+20,1.9896965824113514e+17,-0.11905333952265912,1.4876988529977098e-13,0,0.9978280459235611,1.4125375446227497e+23,2048,logarithmic,p0,1.0,0.5,A1_balanced_q01_q99,R2,R2,1.0,1.0,2,65,0.9343473232396592,0.06378477726649408,0.001867899493846852,0.0,1.9917561476774024,16.55187421418737,1331.4409042743969,0.012980407950628825,0.042993103159634956,main,False,False,True,False
17.471058693025284,1412.7941347066271,0.1115116258349447,0.016961507846929666,0.6303215467235005,0.5611627867660474,0.1115116258349447,1.0,0.13384262848667908,0.1628675318811406,0.2838720596659378,1.973709829820506,1.4809805549172811e+23,1.0110160588235306e+22,2.8110316614765783e+20,1.9896965824113514e+17,-0.11700270225152105,1.247890679678676e-13,0,0.9979377449675555,1.584893192461111e+23,2048,logarithmic,p0,1.0,0.5,A1_balanced_q01_q99,R2,R2,1.0,1.0,2,65,0.9344355581574123,0.06379080077021268,0.0017736410723750103,2.1171415310261256e-16,1.9864669666873316,17.43506604008434,1418.2261068932012,0.012757136866825558,0.04300701689496857,main,False,False,True,False
18.401380259848978,1505.1738030202648,0.1115116258349447,0.016961507846929666,0.6303215467235005,0.5611627867660474,0.1115116258349447,1.0,0.1315025532327311,0.16000564252790803,0.2788951744607967,1.9687329446153647,1.661836530392335e+23,1.134480404747834e+22,2.9948391718045175e+20,1.9896965824113514e+17,-0.11498564320784582,9.636735853746359e-14,0,0.9980419189116918,1.7782794100389228e+23,2048,logarithmic,p0,1.0,0.5,A1_balanced_q01_q99,R2,R2,1.0,1.0,2,65,0.9345193567505575,0.06379652142083805,0.0016841218286045199,1.8869043756889456e-16,1.9812704446330143,18.36538411834636,1510.66809185165,0.012537500017649528,0.0430202277081205,main,False,False,True,False
19.381342514355573,1603.5783246749372,0.1115116258349447,0.016961507846929666,0.6303215467235005,0.5611627867660474,0.1115116258349447,1.0,0.1292031607977155,0.15719447164960088,0.2740057357843197,1.963843505938888,1.8647700455472867e+23,1.2730163510936143e+22,3.190634312234643e+20,1.9896965824113514e+17,-0.11300173091544576,8.393286066166183e-14,0,0.9981408445125002,1.9952623149688827e+23,2048,logarithmic,p0,1.0,0.5,A1_balanced_q01_q99,R2,R2,1.0,1.0,2,65,0.9345989404788457,0.0638019543366892,0.0015991051844651328,0.0,1.9761649582615515,19.345343059725934,1609.1355762290711,0.012321452322663573,0.04303277102019349,main,False,False,True,False
20.413594253229626,1708.4004409279107,0.1115116258349447,0.016961507846929666,0.6303215467235005,0.5611627867660474,0.1115116258349447,1.0,0.1269437593076099,0.15443309177236103,0.2692021943548187,1.9590399645093868,2.0924756053884575e+23,1.4284633466118536e+22,3.3991985187043095e+20,1.9896965824113514e+17,-0.11105053103263436,6.927791673660977e-14,0,0.9982347848128317,2.238721138568347e+23,2048,logarithmic,p0,1.0,0.5,A1_balanced_q01_q99,R2,R2,1.0,1.0,2,65,0.9346745199031743,0.06380711389205669,0.0015183662047690686,0.0,1.9711489127571291,20.377591652146847,1714.0213106058966,0.012108948247742335,0.0430446804762722,main,False,False,True,False
21.50092560945845,1820.0584930479956,0.1115116258349447,0.016961507846929666,0.6303215467235005,0.5611627867660474,0.1115116258349447,1.0,0.12472366762565076,0.15172059426681747,0.2644830291924039,1.954320799346972,2.3479765358332798e+23,1.6028853151288525e+22,3.621364163406351e+20,1.9896965824113514e+17,-0.10913160708978462,5.0182080713057076e-14,0,0.9983239898066905,2.5118864315095718e+23,2048,logarithmic,p0,1.0,0.5,A1_balanced_q01_q99,R2,R2,1.0,1.0,2,65,0.9347462952065922,0.06381201375277004,0.0014416910406375397,1.335825998304977e-16,1.9662207412428399,21.464920020266955,1825.7436456012545,0.01189994189586785,0.04305598803360089,main,False,False,True,False
22.64627559394313,1938.9980909593903,0.1115116258349447,0.016961507846929666,0.6303215467235005,0.5611627867660474,0.1115116258349447,1.0,0.12254221525524263,0.14905608884607832,0.2598467470458071,1.9496845172003754,2.6346651086397576e+23,1.7985980474980745e+22,3.858017874884033e+20,1.9896965824113514e+17,-0.10724452116930426,4.618527782440651e-14,0,0.9984086970733261,2.818382931264449e+23,2048,logarithmic,p0,1.0,0.5,A1_balanced_q01_q99,R2,R2,1.0,1.0,2,65,0.9348144566919202,0.06381666691016842,0.0013688763979113224,0.0,1.9613789042912324,22.610267167068276,1944.7482005197749,0.011694387090857017,0.0430667240454678,main,False,False,True,False
23.852740039518473,2065.6938906503365,0.1115116258349447,0.016961507846929666,0.6303215467235005,0.5611627867660474,0.1115116258349447,1.0,0.1203987422386823,0.14643870308376186,0.255291881834373,1.9451296519889412,2.9563475624942385e+23,2.018199935996067e+22,4.110104074534982e+20,1.9896965824113514e+17,-0.10538883453186527,3.5083047578154947e-14,0,0.9984891323818696,3.162277660168379e+23,2048,logarithmic,p0,1.0,0.5,A1_balanced_q01_q99,R2,R2,1.0,1.0,2,65,0.9348791852568772,0.06382108571353616,0.0012997290295869005,4.24433722852956e-16,1.9566218894434386,23.81672891785818,2071.509640763067,0.011492237454497456,0.04307691734099697,main,False,False,True,False
25.12357996885909,2200.651487435909,0.1115116258349447,0.016961507846929666,0.6303215467235005,0.5611627867660474,0.1115116258349447,1.0,0.11829259905213171,0.14386758195099783,0.25081699410461045,1.9406547642591785,3.317294617691086e+23,2.264606459010448e+22,4.3786287436296854e+20,1.9896965824113514e+17,-0.10356410819248277,2.886579864025407e-14,0,0.9985655102676021,3.5481338923357603e+23,2048,logarithmic,p0,1.0,0.5,A1_balanced_q01_q99,R2,R2,1.0,1.0,2,65,0.9349406528475984,0.06382528190106272,0.0012340652513389806,0.0,1.9519482107367199,25.087566288155887,2206.533571095449,0.01129344647754138,0.04308659530104308,main,False,False,True,False
26.4622304088853,2344.409432626643,0.1115116258349447,0.016961507846929666,0.6303215467235005,0.5611627867660474,0.1115116258349447,1.0,0.11622314649726224,0.1413418873713869,0.24642067050074085,1.936258440655309,3.7222981547358174e+23,2.5410888736329846e+22,4.6646634358701674e+20,1.9896965824113514e+17,-0.10176990344981933,2.398081733190338e-14,0,0.9986380345812251,3.9810717055349855e+23,2048,logarithmic,p0,1.0,0.5,A1_balanced_q01_q99,R2,R2,1.0,1.0,2,65,0.9349990228914017,0.06382926662938636,0.0011717104792121093,1.6856984491562117e-16,1.9473564082402939,26.42621429808072,2350.3585523153774,0.011097967584984936,0.043095783930367254,main,False,False,True,False
27.872309675495412,2497.5413816466735,0.1115116258349447,0.016961507846929666,0.6303215467235005,0.5611627867660474,0.1115116258349447,1.0,0.11418975558995254,0.13886079779297053,0.24210152324870174,1.93193929340327,4.176734808997246e+23,2.851317629608786e+22,4.969349551493311e+20,1.9896965824113514e+17,-0.10000578237187648,1.4654943925052066e-14,0,0.9987068990122108,4.466835921509616e+23,2048,logarithmic,p0,1.0,0.5,A1_balanced_q01_q99,R2,R2,1.0,1.0,2,65,0.9350544507096361,0.06383305050177782,0.001112498788586321,3.004760648442167e-16,1.9428450475992913,27.83629125706708,2503.5582493764105,0.010905754196021356,0.043104507926275015,main,False,False,True,False
29.357629153721433,2660.658382169504,0.1115116258349447,0.016961507846929666,0.6303215467235005,0.5611627867660474,0.1115116258349447,1.0,0.11219180744639802,0.1364235077763188,0.23785818965309474,1.9276959598076628,4.686637325308364e+23,3.1994110807438434e+22,5.293902889966777e+20,1.9896965824113514e+17,-0.09827130824103673,1.865174681370263e-14,0,0.9987722875873821,5.011872336272715e+23,2048,logarithmic,p0,1.0,0.5,A1_balanced_q01_q99,R2,R2,1.0,1.0,2,65,0.9351070839114339,0.06383664359502056,0.001056272493545557,0.0,1.9384127195867011,29.321608544003666,2666.7437195257553,0.010716759779038298,0.04311279074388035,main,False,False,True,False
30.922203599740325,2834.411311397927,0.1115116258349447,0.016961507846929666,0.6303215467235005,0.5611627867660474,0.1115116258349447,1.0,0.11022869316697068,0.13402922759789584,0.2336893316065974,1.9235271017611655,5.2587746193872206e+23,3.5899901401683424e+22,5.6396184994365315e+20,1.9896965824113514e+17,-0.09656604596123335,1.2434497875801753e-14,0,0.9988343751458513,5.623413251903491e+23,2048,logarithmic,p0,1.0,0.5,A1_balanced_q01_q99,R2,R2,1.0,1.0,2,65,0.9351570627691568,0.0638400554850411,0.001002881745802259,1.1933831108230231e-16,1.9340580396631681,30.886180909229708,2840.565849586864,0.010530937902002657,0.04312065465815827,main,False,False,True,False
32.57026199259254,3019.493472209389,0.1115116258349447,0.016961507846929666,0.6303215467235005,0.5611627867660474,0.1115116258349447,1.0,0.10829981371813188,0.13167718286791463,0.229593635111375,1.9194314052659431,5.900741608486964e+23,4.028239604727101e+22,6.007875842268405e+20,1.9896965824113514e+17,-0.09488956242984566,1.199040866595169e-14,0,0.9988933277912291,6.309573444801942e+23,2048,logarithmic,p0,1.0,0.5,A1_balanced_q01_q99,R2,R2,1.0,1.0,2,65,0.9352045205763015,0.0638432952713422,0.0009521841523562759,0.0,1.9297796475444997,32.534237326238085,3025.717952107552,0.010348242278556574,0.04312812082294218,main,False,False,True,False
34.306258964933456,3216.643358522141,0.1115116258349447,0.016961507846929666,0.6303215467235005,0.5611627867660474,0.1115116258349447,1.0,0.10640457981269566,0.12936661416193398,0.2255698098120619,1.9154075799666301,6.621060003317631e+23,4.519976962264837e+22,6.400144297287676e+20,1.9896965824113514e+17,-0.09324142687675518,7.105427357601002e-15,0,0.9989493033222843,7.079457843841402e+23,2048,logarithmic,p0,1.0,0.5,A1_balanced_q01_q99,R2,R2,1.0,1.0,2,65,0.9352495839886182,0.06384637160028968,0.0009040444110922028,0.0,1.9255762067767486,34.27023242241272,3222.938530728792,0.01016862681011843,0.04313520932700463,main,False,False,True,False
36.134886843717275,3426.6476009120543,0.1115116258349447,0.016961507846929666,0.6303215467235005,0.5611627867660474,0.1115116258349447,1.0,0.1045424117887058,0.12709677666550076,0.221616588539897,1.9114543586944652,7.429291398735141e+23,5.0717295948698564e+22,6.817989020662771e+20,1.9896965824113514e+17,-0.09162121117283945,8.43769498715119e-15,0,0.9990024516429368,7.94328234724279e+23,2048,logarithmic,p0,1.0,0.5,A1_balanced_q01_q99,R2,R2,1.0,1.0,2,65,0.9352923733491532,0.06384929268730219,0.0008583339635446017,0.0,1.9214464043187425,36.09885851969909,3433.0142258041537,0.009992045624277246,0.043141939247371225,main,False,False,True,False
38.061088333361006,3650.3441042290397,0.1115116258349447,0.016961507846929666,0.6303215467235005,0.5611627867660474,0.1115116258349447,1.0,0.10271273948717376,0.12486693983117964,0.21773272686762135,1.9075704970221894,8.336164163893502e+23,5.690821402551298e+22,7.263077188809947e+20,1.9896965824113514e+17,-0.09002849011003393,8.881784197001252e-16,0,0.9990529151524874,8.912509381337441e+23,2048,logarithmic,p0,1.0,0.5,A1_balanced_q01_q99,R2,R2,1.0,1.0,2,65,0.9353330029979221,0.06385206633799148,0.0008149306640864399,0.0,1.9173889501319241,38.02505831775473,3656.7829520188666,0.009818453109734726,0.043148328699994846,main,False,False,True,False
40.09006987566481,3888.6253897280008,0.1115116258349447,0.016961507846929666,0.6303215467235005,0.5611627867660474,0.1115116258349447,1.0,0.10091500212891329,0.12267638704734977,0.21391700267476918,1.9037547728293374,9.35371581566879e+23,6.385469996829895e+22,7.737184648219812e+20,1.9896965824113514e+17,-0.0884628416549571,4.440892098500626e-15,0,0.9991008291170749,1e+24,2048,logarithmic,p0,1.0,0.5,A1_balanced_q01_q99,R2,R2,1.0,1.0,2,65,0.935371581566879,0.06385469996829896,0.0007737184648219812,0.0,1.9134025767773792,40.05403825385832,3895.137240523242,0.009647803948041878,0.04315439488791864,main,False,False,True,False
0.23831081501296952,5.63638061383211,0.1115116258349447,0.016961507846929666,0.6303215467235005,0.5611627867660474,0.1115116258349447,1.0,0.5764039283295253,0.7643962206692396,1.2827862026188848,2.972623972773453,8.05926274683379e+18,1.1003580070343735e+18,8.403792461318355e+17,1.4909909456247158e+17,-0.3348440230467552,1.602051824534101e-13,0,0.8980262579961336,1e+19,4096,exponential,p0,1.0,0.5,A1_balanced_q01_q99,R2,R2,1.0,1.0,2,65,0.805926274683379,0.11003580070343735,0.08403792461318355,2.048e-16,3.0114336635835866,0.21520735927882478,6.814114917171282,0.038809690810133635,0.029365777393146726,main,True,False,True,False
0.24989149070049654,6.054625451595993,0.1115116258349447,0.016961507846929666,0.6303215467235005,0.5611627867660474,0.1115116258349447,1.0,0.5671796090690541,0.7492340780792652,1.259454897938017,2.949292668092585,9.077996278394939e+18,1.2394490918768558e+18,9.027391727478582e+17,1.4909909456247158e+17,-0.337306780883863,1.7918999617450027e-13,0,0.9025593655793596,1.1220184543019653e+19,4096,exponential,p0,1.0,0.5,A1_balanced_q01_q99,R2,R2,1.0,1.0,2,65,0.8090772699494126,0.11046601659042649,0.08045671346016087,0.0,2.988281181335129,0.22669061356944856,7.258268571949375,0.03898851324254382,0.030027117783357822,main,True,False,True,False
0.2620814805205314,6.5017563505821565,0.1115116258349447,0.016961507846929666,0.6303215467235005,0.5611627867660474,0.1115116258349447,1.0,0.5580692022568852,0.7344406320820072,1.2365853206962008,2.926423090850769,1.022393958206603e+19,1.395908550938082e+18,9.694059849375991e+17,1.4909909456247158e+17,-0.3392546353132354,1.8174350913113813e-13,0,0.9069148291835982,1.2589254117941713e+19,4096,exponential,p0,1.0,0.5,A1_balanced_q01_q99,R2,R2,1.0,1.0,2,65,0.8121163880150192,0.11088095751031729,0.0770026544746634,1.6267842247153233e-16,2.9655342976791985,0.2387866030822554,7.731372790586555,0.03911120682842961,0.030658707603697457,main,True,False,True,False
0.2749135440227114,6.979666219823287,0.1115116258349447,0.016961507846929666,0.6303215467235005,0.5611627867660474,0.1115116258349447,1.0,0.5490729207255337,0.7200039819998092,1.2141662887597713,2.9040040589143397,1.1512828659523324e+19,1.5718848729802514e+18,1.0406619137239208e+18,1.4909909456247158e+17,-0.34072023837953835,1.588729148238599e-13,0,0.9110977430109382,1.4125375446227497e+19,4096,exponential,p0,1.0,0.5,A1_balanced_q01_q99,R2,R2,1.0,1.0,2,65,0.8150458515846449,0.11128092693635687,0.07367322147899816,1.4498729664187191e-16,2.9431859071047564,0.25152802276965136,8.235314611810793,0.0391818481904167,0.031261743673038155,main,True,False,True,False
0.2884221884274912,7.49037023698271,0.1115116258349447,0.016961507846929666,0.6303215467235005,0.5611627867660474,0.1115116258349447,1.0,0.5401909059796716,0.7059126747175902,1.1921869799508114,2.8820247501053795,1.2962333855296193e+19,1.769790649043107e+18,1.1168074202718079e+18,1.4909909456247158e+17,-0.341734753143641,1.3589129821411916e-13,0,0.9151131940566806,1.5848931924611109e+19,4096,exponential,p0,1.0,0.5,A1_balanced_q01_q99,R2,R2,1.0,1.0,2,65,0.8178679747603405,0.11166624082061183,0.07046578441904762,0.0,2.9212290285792135,0.26494931215474016,8.772104074205338,0.03920427847383401,0.03183738572579213,main,True,False,True,False
0.3026437613425136,8.036013872176834,0.1115116258349447,0.016961507846929666,0.6303215467235005,0.5611627867660474,0.1115116258349447,1.0,0.5314232285769365,0.6921556901150839,1.1706369184740477,2.860474688628616,1.4592296786857286e+19,1.9923349212989148e+18,1.1981623922330273e+18,1.4909909456247158e+17,-0.3423278941449231,1.1890488593735427e-13,0,0.9189662510443759,1.7782794100389229e+19,4096,exponential,p0,1.0,0.5,A1_balanced_q01_q99,R2,R2,1.0,1.0,2,65,0.8205851512692198,0.11203722598662416,0.06737762274415594,0.0,2.89965680336776,0.27908674841990583,9.343882233513112,0.039182114739144236,0.032386756749130795,main,True,False,True,False
0.31761654845494036,8.618881438336862,0.1115116258349447,0.016961507846929666,0.6303215467235005,0.5611627867660474,0.1115116258349447,1.0,0.522769888786098,0.6787224266881094,1.1495059617899472,2.839343731944515,1.6424996243921437e+19,2.2425594871700733e+18,1.285067418597319e+18,1.4909909456247158e+17,-0.34252796850607337,1.0336176359260207e-13,0,0.9226619539344372,1.9952623149688828e+19,4096,exponential,p0,1.0,0.5,A1_balanced_q01_q99,R2,R2,1.0,1.0,2,65,0.8231998429829309,0.11239421856193617,0.06440593845513291,0.0,2.878462492890872,0.2939785444625164,9.95292970252084,0.0391187609463568,0.032910943376899024,main,True,False,True,False
0.3333808764659497,9.241405201809492,0.1115116258349447,0.016961507846929666,0.6303215467235005,0.5611627867660474,0.1115116258349447,1.0,0.5142308175060594,0.6656026873691749,1.1287842879280778,2.8186220580826458,1.848544659573741e+19,2.523879641871348e+18,1.3778851480747103e+18,1.4909909456247158e+17,-0.34236191757994094,8.459899447643693e-14,0,0.9262053040426999,2.238721138568347e+19,4096,exponential,p0,1.0,0.5,A1_balanced_q01_q99,R2,R2,1.0,1.0,2,65,0.8257145687898753,0.11273756245877765,0.06154786875134713,0.0,2.8576394766193642,0.30966495218278767,10.601675747584485,0.03901741853671847,0.03341099633672668,main,True,False,True,False
0.3499792215485367,9.906175089084504,0.1115116258349447,0.016961507846929666,0.6303215467235005,0.5611627867660474,0.1115116258349447,1.0,0.505805877427151,0.6527866655593302,1.1084623832343818,2.7983001533889498,2.0801732677207806e+19,2.840129901528106e+18,1.4770017363598108e+18,1.4909909456247158e+17,-0.34185535903107,7.249756350802272e-14,0,0.9296012547939445,2.511886431509572e+19,4096,exponential,p0,1.0,0.5,A1_balanced_q01_q99,R2,R2,1.0,1.0,2,65,0.8281318938733452,0.11306760791017408,0.05880049821648087,0.0,2.8371812500063176,0.32618837128297645,11.292707978079346,0.03888109661736783,0.03388793094670439,main,True,False,True,False
0.36745632362419245,10.615949027903824,0.1115116258349447,0.016961507846929666,0.6303215467235005,0.5611627867660474,0.1115116258349447,1.0,0.4974948644153798,0.6402649313835963,1.0885310305456646,2.7783688007002327,2.3405385609452155e+19,3.1956153152105334e+18,1.5828283879818104e+18,1.4909909456247158e+17,-0.3410326292391387,5.972999872483342e-14,0,0.9328547031290133,2.8183829312644493e+19,4096,exponential,p0,1.0,0.5,A1_balanced_q01_q99,R2,R2,1.0,1.0,2,65,0.8304544194408486,0.11338471006765717,0.05616087049149438,2.906631284601455e-16,2.817081422455228,0.34359346387199946,12.028782667422496,0.03871262175499535,0.03434272765784415,main,True,True,True,False
0.3858593067695616,11.373663963524873,0.1115116258349447,0.016961507846929666,0.6303215467235005,0.5611627867660474,0.1115116258349447,1.0,0.4892975090996053,0.6280284181826121,1.0689812977842235,2.7588190679387914,2.633180455437391e+19,3.5951690484905175e+18,1.6958029988193705e+18,1.4909909456247158e+17,-0.3399168259082093,4.5075054799781356e-14,0,0.93597048157704,3.162277660168379e+19,4096,exponential,p0,1.0,0.5,A1_balanced_q01_q99,R2,R2,1.0,1.0,2,65,0.832684772942166,0.11368922766570373,0.0536259993921304,1.2952689296049681e-16,2.7973337153237674,0.3619272751852385,12.812835746833278,0.03851464738497601,0.034776332638483336,main,True,True,True,False
0.40523780608042215,12.182447593606133,0.1115116258349447,0.016961507846929666,0.6303215467235005,0.5611627867660474,0.1115116258349447,1.0,0.48121347864126174,0.616068409253038,1.049804526965119,2.739642297119687,2.9620730013136003e+19,4.0442170044601687e+18,1.8163919057614351e+18,1.4909909456247158e+17,-0.3385298507642033,4.118927421359331e-14,0,0.938953350998161,3.5481338923357606e+19,4096,exponential,p0,1.0,0.5,A1_balanced_q01_q99,R2,R2,1.0,1.0,2,65,0.8348255988061509,0.1139815217569998,0.051192879436849324,0.0,2.7779319599624968,0.3812393607458455,13.64799451568326,0.03828966284280977,0.035189658396731896,main,True,True,True,False
0.42564410133745406,13.045630868052664,0.1115116258349447,0.016961507846929666,0.6303215467235005,0.5611627867660474,0.1115116258349447,1.0,0.4732423786661466,0.6043765248489993,1.030992323608247,2.720830093762815,3.3316774963274564e+19,4.54885034165242e+18,1.9450917504228823e+18,1.4909909456247158e+17,-0.3368924522232689,3.3084646133829665e-14,0,0.9418079939961359,3.981071705534986e+19,4096,exponential,p0,1.0,0.5,A1_balanced_q01_q99,R2,R2,1.0,1.0,2,65,0.8368795497190719,0.11426195452164394,0.0488584957592844,2.0577373646926412e-16,2.758870095787954,0.4015819203112337,14.537590115143523,0.0380400020251388,0.03558358443707552,main,True,True,True,False
0.44713325783653646,13.966761303217554,0.1115116258349447,0.016961507846929666,0.6303215467235005,0.5611627867660474,0.1115116258349447,1.0,0.46538375533784465,0.5929447094563949,1.0125365465469733,2.7023743167015413,3.747002089759761e+19,5.11590685321866e+18,2.082431464279903e+18,1.4909909456247158e+17,-0.3350242679155506,2.353672812205332e-14,0,0.9445390089945158,4.466835921509617e+19,4096,exponential,p0,1.0,0.5,A1_balanced_q01_q99,R2,R2,1.0,1.0,2,65,0.8388492784604947,0.11453088815247288,0.04661983338703254,0.0,2.740142168389485,0.4230099389668418,15.485170814881204,0.03776785168794383,0.035958957947252596,main,True,True,True,False
0.4697632747652515,14.949617163123017,0.1115116258349447,0.016961507846929666,0.6303215467235005,0.5611627867660474,0.1115116258349447,1.0,0.45763709755275617,0.5817652193511155,0.9944292981247396,2.6842670682793077,4.213668669021286e+19,5.753062289437063e+18,2.228974383077227e+18,1.4909909456247158e+17,-0.3329438669520354,1.8540724511240114e-14,0,0.947150904965548,5.011872336272715e+19,4096,exponential,p0,1.0,0.5,A1_balanced_q01_q99,R2,R2,1.0,1.0,2,65,0.8407374303063263,0.11478868381782376,0.04447388587585005,1.6345188884225088e-16,2.72174232766925,0.4455813357485118,16.494516165802786,0.03747525938994212,0.03631659451160932,main,True,True,True,False
0.4935952415275184,15.998222563836679,0.1115116258349447,0.016961507846929666,0.6303215467235005,0.5611627867660474,0.1115116258349447,1.0,0.45000183923717707,0.5708306104514359,0.97666291477075,2.6665006849253183,4.7379879182447755e+19,6.468932837710201e+18,2.3853204988769516e+18,1.4909909456247158e+17,-0.3306687918265927,1.1657341758564144e-14,0,0.9496480967963087,5.6234132519034905e+19,4096,exponential,p0,1.0,0.5,A1_balanced_q01_q99,R2,R2,1.0,1.0,2,65,0.8425466360027863,0.11503570070224711,0.042417663294966546,0.0,2.703664826014812,0.4693571201952093,17.569652075292037,0.03716414108949362,0.03665727884718943,main,True,True,True,False
0.5186935024395786,17.11686356084481,0.1115116258349447,0.016961507846929666,0.6303215467235005,0.5611627867660474,0.1115116258349447,1.0,0.4424773617275389,0.5601337264738078,0.9592299579454909,2.649067728100059,5.327043546692994e+19,7.273190122418169e+18,2.552108858671324e+18,1.4909909456247158e+17,-0.32821559985074394,1.4765966227514582e-14,0,0.9520349012728211,6.309573444801943e+19,4096,exponential,p0,1.0,0.5,A1_balanced_q01_q99,R2,R2,1.0,1.0,2,65,0.8442795053097617,0.11527229512495948,0.040448199565278765,0.0,2.6859040165037382,0.4944015572552518,18.714866865074296,0.03683628840367925,0.03698176555896084,main,True,True,True,False
0.5451258302428605,18.310105283208195,0.1115116258349447,0.016961507846929666,0.6303215467235005,0.5611627867660474,0.1115116258349447,1.0,0.4350629962157769,0.5496676874001988,0.9421232054466303,2.6319609756011983,5.988786806605833e+19,8.176690253285831e+18,2.730020119069869e+18,1.4909909456247158e+17,-0.32559990402498074,1.1102230246251565e-14,0,0.9543155336597701,7.0794578438414025e+19,4096,exponential,p0,1.0,0.5,A1_balanced_q01_q99,R2,R2,1.0,1.0,2,65,0.8459386211072121,0.11549881973517136,0.0385625591576166,0.0,2.668454351139652,0.5207823409917745,19.934728375754304,0.036493375538453776,0.03729077991067646,main,True,True,True,False
0.5729636089030321,19.582810182485076,0.1115116258349447,0.016961507846929666,0.6303215467235005,0.5611627867660474,0.1115116258349447,1.0,0.4277580262426714,0.5394258782639695,0.9253356430655668,2.615173413220135,6.732142556771817e+19,9.191618637512453e+18,2.9197792671972736e+18,1.4909909456247158e+17,-0.32283641325739676,8.104628079763643e-15,0,0.9564941048505021,7.94328234724279e+19,4096,exponential,p0,1.0,0.5,A1_balanced_q01_q99,R2,R2,1.0,1.0,2,65,0.8475265340541025,0.11571562278285345,0.03675784316304411,0.0,2.6513103791191917,0.5485707775569303,21.23410218625278,0.03613696589905668,0.03758501860804079,main,True,True,True,False
0.6022820261893449,20.940157468882756,0.1115116258349447,0.016961507846929666,0.6303215467235005,0.5611627867660474,0.1115116258349447,1.0,0.420561690223068,0.5294019382600162,0.908860456584716,2.598698226739284,7.56712828144959e+19,1.0331652480272507e+19,3.1221585186059955e+18,1.4909909456247158e+17,-0.3199389718478348,1.7763568394002505e-15,0,0.9585746190600721,8.91250938133744e+19,4096,exponential,p0,1.0,0.5,A1_balanced_q01_q99,R2,R2,1.0,1.0,2,65,0.8490457577856756,0.11592304746300425,0.03503119475132013,0.0,2.6344667451293233,0.5778419779294545,22.618171020810937,0.03576851839003936,0.03786515059099772,main,True,True,True,False
0.6331602765547898,22.38766381185473,0.1115116258349447,0.016961507846929666,0.6303215467235005,0.5611627867660474,0.1115116258349447,1.0,0.4134731839879232,0.519589750183726,0.8926910241054776,2.5825287942600457,8.50498764631776e+19,1.1612143133105848e+19,3.337980403716551e+18,1.4909909456247158e+17,-0.31692059816355095,2.55351295663786e-15,0,0.9605609720320682,1e+20,4096,exponential,p0,1.0,0.5,A1_balanced_q01_q99,R2,R2,1.0,1.0,2,65,0.850498764631776,0.11612143133105848,0.03337980403716551,0.0,2.6179181876744897,0.6086750609364531,24.09245542097181,0.035389393414444026,0.0381318178321379,main,True,True,True,False
0.6656817748651788,23.931205387439636,0.1115116258349447,0.016961507846929666,0.6303215467235005,0.5611627867660474,0.1115116258349447,1.0,0.40649166332928277,0.50998343020196,0.876820908696672,2.56665867885124,9.558340366184368e+19,1.3050320713297056e+19,3.5681210550557916e+18,1.4909909456247158e+17,-0.3137935224403652,3.9968028886505635e-15,0,0.9624569497290456,1.1220184543019654e+20,4096,exponential,p0,1.0,0.5,A1_balanced_q01_q99,R2,R2,1.0,1.0,2,65,0.8518879818363452,0.11631110578672232,0.03180091237693239,1.4602255370383262e-16,2.601659537433061,0.6411533671083088,25.66283576498941,0.03500085858182089,0.0383856361383953,main,True,True,True,False
0.6999343815545754,25.577041360028204,0.1115116258349447,0.016961507846929666,0.6303215467235005,0.5611627867660474,0.1115116258349447,1.0,0.3996162465354262,0.500577317958119,0.8612438513531944,2.5510816215077625,1.0741350375796282e+20,1.4665523713087193e+19,3.813513708367092e+18,1.4909909456247158e+17,-0.3105692236513401,4.440892098500626e-15,0,0.964266227475284,1.2589254117941713e+20,4096,exponential,p0,1.0,0.5,A1_balanced_q01_q99,R2,R2,1.0,1.0,2,65,0.8532157882561231,0.11649239562323602,0.03029181612064071,2.602854759544517e-16,2.585685715642575,0.6753646839446253,27.3355757224953,0.03460409413481269,0.03862719595339637,main,True,True,True,False
0.7360106398152079,27.331838891997243,0.1115116258349447,0.016961507846929666,0.6303215467235005,0.5611627867660474,0.1115116258349447,1.0,0.3928460169045899,0.4913659670120835,0.8459537642545599,2.535791534409128,1.2069914538135044e+20,1.647945664940038e+19,4.0751524315241354e+18,1.4909909456247158e+17,-0.3072584653930226,1.1102230246251565e-15,0,0.9659923695203533,1.4125375446227496e+20,4096,exponential,p0,1.0,0.5,A1_balanced_q01_q99,R2,R2,1.0,1.0,2,65,0.8544845115149552,0.11666561863884188,0.028849869846202907,0.0,2.5699917325132757,0.7114014832001524,29.117347237973032,0.03420019810414754,0.038857063158012704,main,True,True,True,False
0.7740080254625021,29.20269978076753,0.1115116258349447,0.016961507846929666,0.6303215467235005,0.5611627867660474,0.1115116258349447,1.0,0.38618002522682493,0.4823441356146871,0.8309447243130214,2.5207824944675896,1.356187439729167e+20,1.8516479177102234e+19,4.354096096092126e+18,1.4909909456247158e+17,-0.30387133074715184,5.995204332975845e-15,0,0.9676388289917932,1.5848931924611108e+20,4096,exponential,p0,1.0,0.5,A1_balanced_q01_q99,R2,R2,1.0,1.0,2,65,0.8556964255889088,0.1168310853070724,0.02747248910401869,0.0,2.5545726856694273,0.7493611708320712,31.015257142691393,0.03379019120183768,0.039075779866849784,main,True,True,True,False
0.8140292101499973,31.1971888293557,0.1115116258349447,0.016961507846929666,0.6303215467235005,0.5611627867660474,0.1115116258349447,1.0,0.3796172922246905,0.4735067778152711,0.8162109670009724,2.5060487371555404,1.5237253788996443e+20,2.080393050657648e+19,4.651472607351387e+18,1.4909909456247158e+17,-0.30041725608336084,5.773159728050814e-15,0,0.969208948205476,1.778279410038923e+20,4096,exponential,p0,1.0,0.5,A1_balanced_q01_q99,R2,R2,1.0,1.0,2,65,0.8568537487965926,0.11698909850236146,0.02615715270104587,1.8426800543837358e-16,2.539423758617956,0.7893463502842077,33.03687550123932,0.03337502146241578,0.0392838652186107,main,True,True,True,False
0.8561823386450478,33.323364063430546,0.1115116258349447,0.016961507846929666,0.6303215467235005,0.5611627867660474,0.1115116258349447,1.0,0.37315681094457065,0.464849034899822,0.8017468804473896,2.4915846506019577,1.7118525465208986e+20,2.3372493435165336e+19,4.968483409633099e+18,1.4909909456247158e+17,-0.2969050637757213,5.551115123125783e-16,0,0.9707059593026794,1.995262314968883e+20,4096,exponential,p0,1.0,0.5,A1_balanced_q01_q99,R2,R2,1.0,1.0,2,65,0.8579586421686092,0.11713995327742077,0.024901404553970063,0.0,2.524540219243904,0.8314650998198443,35.1902658057301,0.032955568641946265,0.039481816158441645,main,True,True,True,False
0.9005813209140568,35.58980891526767,0.1115116258349447,0.016961507846929666,0.6303215467235005,0.5611627867660474,0.1115116258349447,1.0,0.36679754909148354,0.4563662271562348,0.7875469997931845,2.4773847699477525,1.923091027439438e+20,2.625660282797313e+19,5.306408284917789e+18,1.4909909456247158e+17,-0.2933429938129437,3.552713678800501e-15,0,0.972132985183678,2.238721138568347e+20,4096,exponential,p0,1.0,0.5,A1_balanced_q01_q99,R2,R2,1.0,1.0,2,65,0.8590132081699318,0.11728393668880135,0.023702855141267014,1.463692794760271e-16,2.5099174183322397,0.8758312646527102,37.484017138106516,0.03253264838448722,0.039670108210561224,main,True,True,True,False
0.9473461398060659,38.00566650286224,0.1115116258349447,0.016961507846929666,0.6303215467235005,0.5611627867660474,0.1115116258349447,1.0,0.36053845130125495,0.44805384596235454,0.773606001795441,2.463443771950009,2.1602712871345947e+20,2.9494903973677666e+19,5.666610463820016e+18,1.4909909456247158e+17,-0.289738734288599,1.5543122344752192e-15,0,0.9734930407085383,2.5118864315095718e+20,4096,exponential,p0,1.0,0.5,A1_balanced_q01_q99,R2,R2,1.0,1.0,2,65,0.8600194897491179,0.11742132766707958,0.022559182583802347,1.3045175764697042e-16,2.495550788115578,0.922564764665853,39.92727842882807,0.03210701616556877,0.0398491962396498,main,True,True,True,False
0.9966031751656228,40.580676140837554,0.1115116258349447,0.016961507846929666,0.6303215467235005,0.5611627867660474,0.1115116258349447,1.0,0.35437844134489394,0.43990754619162936,0.7599186996706593,2.4497564698252274,2.4265698415395924e+20,3.31307669031539e+19,6.050542069331772e+18,1.4909909456247158e+17,-0.28609945076383797,1.9984014443252818e-15,0,0.9747890341369448,2.818382931264449e+20,4096,exponential,p0,1.0,0.5,A1_balanced_q01_q99,R2,R2,1.0,1.0,2,65,0.8609794696886444,0.11755239692815625,0.02146813338319941,1.162652513840582e-16,2.4814358408473227,0.9717919185500368,42.52979494859176,0.03167937102209528,0.04001951519964086,main,True,True,True,False
1.048485545250326,43.32521222869561,0.1115116258349447,0.016961507846929666,0.6303215467235005,0.5611627867660474,0.1115116258349447,1.0,0.34831642426090315,0.43192313893052225,0.7464800381673197,2.436317808321888,2.7255515260014002e+20,3.721286350167246e+19,6.459749915025438e+18,1.4909909456247158e+17,-0.2824318145007514,3.9968028886505635e-15,0,0.9760237687799318,3.1622776601683794e+20,4096,exponential,p0,1.0,0.5,A1_balanced_q01_q99,R2,R2,1.0,1.0,2,65,0.8618950702312064,0.11767740692223405,0.020427522846559527,2.072430287367949e-16,2.4675681673998247,1.0236457852378662,45.301947178630826,0.03125035907793672,0.040181480868726124,main,True,True,True,False
1.1031334663750665,46.250325671470335,0.1115116258349447,0.016961507846929666,0.6303215467235005,0.5611627867660474,0.1115116258349447,1.0,0.3423512884121112,0.4240965845011235,0.733285088858232,2.4231228590128002,3.061216924736688e+20,4.179581507907158e+19,6.895881680835663e+18,1.4909909456247158e+17,-0.2787420295696703,6.661338147750939e-16,0,0.9771999448380007,3.54813389233576e+20,4096,exponential,p0,1.0,0.5,A1_balanced_q01_q99,R2,R2,1.0,1.0,2,65,0.862768152957573,0.11779661181714063,0.019435235225286434,0.0,2.4539434358870875,1.0782665235564977,48.254792214638044,0.030820576874287298,0.040335490569541686,main,True,True,True,False
1.1606946317544493,49.3677879979402,0.1115116258349447,0.016961507846929666,0.6303215467235005,0.5611627867660474,0.1115116258349447,1.0,0.33648190746437645,0.41642398578191414,0.720329045643385,2.410166815797953,3.438055590648055e+20,4.694091899764811e+19,7.360692491044936e+18,1.4909909456247158e+17,-0.2750358588384289,1.3322676295501878e-15,0,0.97832016140114,3.9810717055349857e+20,4096,exponential,p0,1.0,0.5,A1_balanced_q01_q99,R2,R2,1.0,1.0,2,65,0.8636005188924476,0.11791025751278218,0.018489223594770163,0.0,2.4405573903116,1.135801771071077,51.40010786945329,0.030390574513647017,0.04048192387364239,main,True,True,True,False
1.2213246105665865,52.6901383523421,0.1115116258349447,0.016961507846929666,0.6303215467235005,0.5611627867660474,0.1115116258349447,1.0,0.3307071422852409,0.4089015818191056,0.7076072204542149,2.397444990608783,3.861105762232427e+20,5.27169640070134e+19,7.856051920705566e+18,1.4909909456247158e+17,-0.2713186488558205,1.3322676295501878e-15,0,0.9793869185879807,4.466835921509617e+20,4096,exponential,p0,1.0,0.5,A1_balanced_q01_q99,R2,R2,1.0,1.0,2,65,0.8643939088157783,0.1180185816836476,0.01758750950057401,1.4671682853721517e-16,2.427405849234882,1.1964070431428901,54.750439650426635,0.029960858626098652,0.040621143289521794,main,True,True,True,False
1.2851872683163204,56.23073354699396,0.1115116258349447,0.016961507846929666,0.6303215467235005,0.5611627867660474,0.1115116258349447,1.0,0.3250258427612507,0.4015257417206004,0.6951150391504515,2.3849528093050196,4.336021370561043e+20,5.9201145112726766e+19,8.383951458440396e+18,1.4909909456247158e+17,-0.26759535364524434,1.1102230246251565e-15,0,0.9804026198025707,5.0118723362727146e+20,4096,exponential,p0,1.0,0.5,A1_balanced_q01_q99,R2,R2,1.0,1.0,2,65,0.8651500037580174,0.11812181384642798,0.016728182395554524,1.307615110738007e-16,2.414484704471312,1.2602461532808675,58.3191507988347,0.029531895166292177,0.04075349493355307,main,True,True,True,False
1.3524552096332243,60.003801375455325,0.1115116258349447,0.016961507846929666,0.6303215467235005,0.5611627867660474,0.1115116258349447,1.0,0.31943684953327367,0.3942929588242822,0.682848037600969,2.3726858077555373,4.869147226081907e+20,6.648009012677164e+19,8.946512455386776e+18,1.4909909456247158e+17,-0.2638705574278407,1.3322676295501878e-15,0,0.9813695740889123,5.6234132519034906e+20,4096,exponential,p0,1.0,0.5,A1_balanced_q01_q99,R2,R2,1.0,1.0,2,65,0.8658704256589592,0.11822017544996989,0.01590939889107107,1.1654131941631085e-16,2.4017899198048456,1.3274916559226047,62.120475590933864,0.029104112049308295,0.04087930918335538,main,True,True,True,False
1.4233102447009096,64.0244973988618,0.1115116258349447,0.016961507846929666,0.6303215467235005,0.5611627867660474,0.1115116258349447,1.0,0.31393899564962746,0.3871998451321,0.6708018579402973,2.3606396280948654,5.467603383577604e+20,7.465101153044623e+19,9.545994591987612e+18,1.4909909456247158e+17,-0.2601484962972871,0.0,0,0.9822899985645623,6.309573444801943e+20,4096,exponential,p0,1.0,0.5,A1_balanced_q01_q99,R2,R2,1.0,1.0,2,65,0.866556738170948,0.11831387998494011,0.015129381844111745,2.0773512052226271e-16,2.389317529728207,1.3983253128417923,66.16957611325383,0.02867790163334183,0.04099890131320206,main,True,True,True,False
1.4979438805773753,68.30896543194434,0.1115116258349447,0.016961507846929666,0.6303215467235005,0.5611627867660474,0.1115116258349447,1.0,0.30853110813736606,0.38024312600118837,0.6589722449927479,2.348810015147316,6.139379805441149e+20,8.382299894362317e+19,1.0184804896402072e+19,1.4909909456247158e+17,-0.2564330788708809,1.9984014443252818e-15,0,0.9831660209164441,7.079457843841402e+20,4096,exponential,p0,1.0,0.5,A1_balanced_q01_q99,R2,R2,1.0,1.0,2,65,0.8672104475884336,0.11840313311074081,0.01438641930082554,1.8514412104879305e-16,2.3770636382041763,1.4729385844426686,70.48260273858395,0.02825362305686019,0.04111257211118381,main,True,True,True,False
1.5765578387341366,72.87440196998531,0.1115116258349447,0.016961507846929666,0.6303215467235005,0.5611627867660474,0.1115116258349447,1.0,0.3032120094924278,0.37341963508317655,0.6473550428563609,2.337192813010929,6.893442580130566e+20,9.411846936071599e+19,1.0865507350506406e+19,1.4909909456247158e+17,-0.2527279059436115,1.3322676295501878e-15,0,0.9839996819429584,7.943282347242789e+20,4096,exponential,p0,1.0,0.5,A1_balanced_q01_q99,R2,R2,1.0,1.0,2,65,0.8678330038870348,0.11848813279737647,0.013678863315588872,0.0,2.3650244174485673,1.5515331472694585,75.07675854387011,0.027831604437638102,0.04122060847793897,main,True,True,True,False
1.6593646002121678,77.73912481371498,0.1115116258349447,0.016961507846929666,0.6303215467235005,0.5611627867660474,0.1115116258349447,1.0,0.2979805190897602,0.36672630950271223,0.6359461916391577,2.325783961793726,7.739853106041238e+20,1.0567479440781638e+20,1.159083312180387e+19,1.4909909456247158e+17,-0.2490362891736161,3.552713678800501e-15,0,0.9847929381282734,8.91250938133744e+20,4096,exponential,p0,1.0,0.5,A1_balanced_q01_q99,R2,R2,1.0,1.0,2,65,0.8684258018564656,0.1185690694801361,0.013005128663398402,0.0,2.3531961067345333,1.634321439129606,79.97036792696444,0.027412144940807348,0.041323284006852805,main,True,True,True,False
1.7465879798678698,82.92264616586644,0.1115116258349447,0.016961507846929666,0.6303215467235005,0.5611627867660474,0.1115116258349447,1.0,0.2928354545148143,0.3601601852662565,0.6247417243404711,2.3145794944950393,8.689901823128329e+20,1.1864612622511214e+20,1.2363691462054892e+19,1.4909909456247158e+17,-0.245361268828798,1.5543122344752192e-15,0,0.9855476642355583,1e+21,4096,exponential,p0,1.0,0.5,A1_balanced_q01_q99,R2,R2,1.0,1.0,2,65,0.8689901823128329,0.11864612622511214,0.012363691462054892,0.0,2.34157501121782,1.7215272333042826,85.18294969590427,0.026995516722780888,0.041420859545696784,main,True,True,True,False
1.8384637312605208,88.445750490985,0.1115116258349447,0.016961507846929666,0.6303215467235005,0.5611627867660474,0.1115116258349447,1.0,0.2877756328181002,0.35371839289216617,0.6137377638703797,2.3035755340249477,9.7562582677076e+20,1.3320544621510109e+20,1.318718131610414e+19,1.4909909456247158e+17,-0.241705630625423,4.440892098500626e-16,0,0.986265655907564,1.1220184543019653e+21,4096,exponential,p0,1.0,0.5,A1_balanced_q01_q99,R2,R2,1.0,1.0,2,65,0.8695274333769495,0.11871947890373283,0.011753087719317597,1.168180429630661e-16,2.3301575007825956,1.8133862433981514,90.73529492226247,0.0265819667576479,0.04151358373976095,main,True,True,True,False
1.9352401838157514,94.33057744905959,0.1115116258349447,0.016961507846929666,0.6303215467235005,0.5611627867660474,0.1115116258349447,1.0,0.28279987169470344,0.3473981532531888,0.6029305202005706,2.2927682903551387,1.0953139442517842e+21,1.4954686385517694e+20,1.4064603687209886e+19,1.4909909456247158e+17,-0.23807192169029595,4.440892098500626e-16,0,0.9869486322638715,1.2589254117941712e+21,4096,exponential,p0,1.0,0.5,A1_balanced_q01_q99,R2,R2,1.0,1.0,2,65,0.8700387918064071,0.11878929637463478,0.011171911818958014,0.0,2.318940008907498,1.9101467604633722,96.64954986908407,0.026171718552359113,0.041601693556582074,main,True,True,True,False
2.0371789139869794,100.6007102337885,0.1115116258349447,0.016961507846929666,0.6303215467235005,0.5611627867660474,0.1115116258349447,1.0,0.27790699059084745,0.34119677362257744,0.5923162876402159,2.2821540577947843,1.2296498737223285e+21,1.678881960922219e+20,1.4999474808199434e+19,1.4909909456247158e+17,-0.23446246567862858,3.774758283725532e-15,0,0.9875982384852544,1.4125375446227498e+21,4096,exponential,p0,1.0,0.5,A1_balanced_q01_q99,R2,R2,1.0,1.0,2,65,0.8705254443702127,0.11885574067134638,0.010618814958440899,0.0,2.3079190315515525,2.0120703241199145,102.94930432418309,0.025764973756768228,0.04168541479244135,main,True,True,True,False
2.144555452228086,107.28126966787997,0.1115116258349447,0.016961507846929666,0.6303215467235005,0.5611627867660474,0.1115116258349447,1.0,0.2730958117397678,0.3351116439151362,0.5818914422307144,2.2717292123852824,1.3804237907292214e+21,1.8847386156089636e+20,1.599554017099325e+19,1.4909909456247158e+17,-0.23087937707998643,8.881784197001252e-16,0,0.9882160483769687,1.584893192461111e+21,4096,exponential,p0,1.0,0.5,A1_balanced_q01_q99,R2,R2,1.0,1.0,2,65,0.8709885292557928,0.11891896719439092,0.010092503549816173,0.0,2.297091126059603,2.119432429486177,109.65968569113359,0.025361913674320835,0.041764962560843916,main,True,True,True,False
2.257660027688337,114.39901443069303,0.1115116258349447,0.016961507846929666,0.6303215467235005,0.5611627867660474,0.1115116258349447,1.0,0.26836516112923725,0.32914023311472285,0.5716524392534321,2.2614902094080005,1.5496444925227015e+21,2.1157812804576615e+20,1.7056789470455452e+19,1.4909909456247158e+17,-0.22732457474478995,4.440892098500626e-16,0,0.9888035669032402,1.7782794100389228e+21,4096,exponential,p0,1.0,0.5,A1_balanced_q01_q99,R2,R2,1.0,1.0,2,65,0.871429137499142,0.1189791249065495,0.009591737594308711,1.4741440435069888e-16,2.286452910086921,2.232523271830715,116.80745921323768,0.02496270067892059,0.04184054176323987,main,True,True,True,False
2.3767983526415426,121.98244781806045,0.1115116258349447,0.016961507846929666,0.6303215467235005,0.5611627867660474,0.1115116258349447,1.0,0.2637138694032216,0.32328008587984136,0.5615958108448073,2.2514335809993753,1.7395660861508939e+21,2.3750875629580206e+20,1.818747252218675e+19,1.4909909456247158e+17,-0.2237997946637187,4.440892098500626e-15,0,0.9893622326867487,1.995262314968883e+21,4096,exponential,p0,1.0,0.5,A1_balanced_q01_q99,R2,R2,1.0,1.0,2,65,0.8718483144297863,0.11903635653014683,0.00911532904006679,0.0,2.2760010605426513,2.351648530957901,124.4211347302393,0.024567479543275983,0.04191234754228706,main,True,True,True,False
2.502292448769788,130.0619314601187,0.1115116258349447,0.016961507846929666,0.6303215467235005,0.5611627867660474,0.1115116258349447,1.0,0.25914077270016705,0.31752881931922705,0.5517181637134659,2.241555933868034,1.9527179337904127e+21,2.6661108856018433e+20,1.9392116217749934e+19,1.4909909456247158e+17,-0.22030660203211272,0.0,0,0.9898934204672178,2.238721138568347e+21,4096,exponential,p0,1.0,0.5,A1_balanced_q01_q99,R2,R2,1.0,1.0,2,65,0.8722470611231052,0.11909079874534129,0.008662140131553461,0.0,2.2657323125517688,2.4771301974476416,132.53108039358762,0.02417637868373479,0.04198056571798517,main,True,True,True,False
2.634481517534628,138.66980645076728,0.1115116258349447,0.016961507846929666,0.6303215467235005,0.5611627867660474,0.1115116258349447,1.0,0.25464471343048867,0.3118841199295011,0.5420161769542269,2.231853947108795,2.1919382528079034e+21,2.9927263611670574e+20,2.0675542584962585e+19,1.4909909456247158e+17,-0.2168464026310447,4.440892098500626e-16,0,0.9903984435143659,2.5118864315095717e+21,4096,exponential,p0,1.0,0.5,A1_balanced_q01_q99,R2,R2,1.0,1.0,2,65,0.8726263358533337,0.11914258238850849,0.008231081758157822,0.0,2.255643458435221,2.6093074429823417,141.16964379382654,0.023789511326425927,0.04204537320703973,main,True,True,True,False
2.773722856987949,147.84052237193907,0.1115116258349447,0.016961507846929666,0.6303215467235005,0.5611627867660474,0.1115116258349447,1.0,0.25022454099584346,0.30634374068721026,0.5324865999541144,2.222324370108683,2.4604118165525134e+21,3.359282266866365e+20,2.204288802529894e+19,1.4909909456247158e+17,-0.21342045355620481,2.220446049250313e-15,0,0.9908785559911228,2.818382931264449e+21,4096,exponential,p0,1.0,0.5,A1_balanced_q01_q99,R2,R2,1.0,1.0,2,65,0.8729870555413369,0.11919183264991054,0.007821111808752525,0.0,2.2457313467079327,2.7485375371138656,150.37128098323453,0.02340697659924995,0.04210693842583544,main,True,True,True,False
2.9203928275003697,157.61077472732364,0.1115116258349447,0.016961507846929666,0.6303215467235005,0.5611627867660474,0.1115116258349447,1.0,0.24587911245276825,0.30090549828782587,0.5231262503857448,2.212964020540313,2.761712256302715e+21,3.770657800605307e+20,2.3499623805133636e+19,1.4909909456247158e+17,-0.2100298733251131,2.220446049250313e-15,0,0.9913349552635833,3.1622776601683794e+21,4096,exponential,p0,1.0,0.5,A1_balanced_q01_q99,R2,R2,1.0,1.0,2,65,0.8733300971919284,0.11923866926993797,0.007431233538133514,0.0,2.2359928810943703,2.895196812947974,160.17269390834744,0.023028860554057395,0.042165421677424646,main,True,True,True,False
3.0748878690173638,168.01965133376262,0.1115116258349447,0.016961507846929666,0.6303215467235005,0.5611627867660474,0.1115116258349447,1.0,0.2416072931232495,0.2955672705245042,0.513932012283654,2.203769782438222,3.099849525856283e+21,4.232327885969112e+20,2.5051577882566177e+19,1.4909909456247158e+17,-0.20667565139244148,2.4424906541753444e-15,0,0.9917687841548783,3.5481338923357606e+21,4096,exponential,p0,1.0,0.5,A1_balanced_q01_q99,R2,R2,1.0,1.0,2,65,0.8736562993161544,0.11928320673329894,0.00706049395054665,1.4776443502667755e-16,2.226425019561349,3.049681684357093,170.61297680052056,0.02265523712312678,0.04222097552294278,main,True,True,True,False
3.237625572592233,179.10878825424373,0.1115116258349447,0.016961507846929666,0.6303215467235005,0.5611627867660474,0.1115116258349447,1.0,0.23740795715477464,0.29032699379967586,0.5049008341993751,2.1947386043539434,3.4793231587676814e+21,4.750435886104141e+20,2.6704958156889186e+19,1.4909909456247158e+17,-0.2033586571024452,4.6629367034256575e-15,0,0.9921811331407009,3.9810717055349854e+21,4096,exponential,p0,1.0,0.5,A1_balanced_q01_q99,R2,R2,1.0,1.0,2,65,0.8739664633345563,0.11932555446061142,0.006707982204832081,1.3169519134032904e-16,2.2170247733677826,3.2124097174703103,181.73377210844217,0.022286169013839174,0.04227374513788215,main,True,True,True,False
3.409045809092136,190.92253589448163,0.1115116258349447,0.016961507846929666,0.6303215467235005,0.5611627867660474,0.1115116258349447,1.0,0.2332799880323658,0.28518266076278925,0.4960297274312714,2.1858674975858396,3.9051820251139523e+21,5.33187519162225e+20,2.846637723343819e+19,1.4909909456247158e+17,-0.20007964810665024,2.6645352591003757e-15,0,0.9925730424846892,4.4668359215096167e+21,4096,exponential,p0,1.0,0.5,A1_balanced_q01_q99,R2,R2,1.0,1.0,2,65,0.874261354957975,0.11936581699692886,0.0063728280450958815,2.347469256595443e-16,2.207789206131082,3.3838207593370884,193.57943659454583,0.021921708545242335,0.04232386865365633,main,True,True,True,False
3.5896119181278596,203.50813592561707,0.1115116258349447,0.016961507846929666,0.6303215467235005,0.5611627867660474,0.1115116258349447,1.0,0.22922227904504877,0.2801323180677899,0.4873157643253305,2.1771535344798987,4.383091380927477e+21,5.984380765426314e+20,3.03428788026059e+19,1.4909909456247158e+17,-0.19683927827404776,3.3306690738754696e-15,0,0.9929455043123312,5.011872336272714e+21,4096,exponential,p0,1.0,0.5,A1_balanced_q01_q99,R2,R2,1.0,1.0,2,65,0.8745417055429516,0.11940409419679764,0.00605420026025077,0.0,2.1987154329099083,3.5643781268154835,206.197218257823,0.021561898430009663,0.04237147748490656,main,True,True,True,False
3.7798119604206093,216.9159097387289,0.1115116258349447,0.016961507846929666,0.6303215467235005,0.5611627867660474,0.1115116258349447,1.0,0.22523373370916203,0.27517406424418317,0.47875607664333664,2.1685938467979047,4.919408100215789e+21,6.716631859494625e+20,3.234196573823929e+19,1.4909909456247158e+17,-0.19363810512012558,0.0,0,0.9932994646224795,5.623413251903491e+21,4096,exponential,p0,1.0,0.5,A1_balanced_q01_q99,R2,R2,1.0,1.0,2,65,0.8748082134192432,0.11944048140550735,0.005751305175249522,1.8646611106609735e-16,2.189800619302997,3.7545698588980745,219.6374447887113,0.021206772505092175,0.042416696642986175,main,True,True,True,False
3.980160036990811,231.1994591828869,0.1115116258349447,0.016961507846929666,0.6303215467235005,0.5611627867660474,0.1115116258349447,1.0,0.2213132661508359,0.2703060476757717,0.4703478539949929,2.160185624149561,5.521265088081687e+21,7.538367266927532e+20,3.4471630027501543e+19,1.4909909456247158e+17,-0.19047659678010515,1.5543122344752192e-15,0,0.9936358252359652,6.309573444801943e+21,4096,exponential,p0,1.0,0.5,A1_balanced_q01_q99,R2,R2,1.0,1.0,2,65,0.8750615451873862,0.11947506963625115,0.005463385176362521,0.0,2.181041980563765,3.9549100358609977,233.9537243077416,0.02085635641420369,0.04245964503608255,main,True,True,True,False
4.191197678734456,246.41588038742162,0.1115116258349447,0.016961507846929666,0.6303215467235005,0.5611627867660474,0.1115116258349447,1.0,0.21745980144991003,0.2655264646814326,0.4620883423307778,2.151926112485346,6.196665995298413e+21,8.460514638914101e+20,3.6740384651578864e+19,1.4909909456247158e+17,-0.18735513855079797,0.0,0,0.9939554456810484,7.079457843841402e+21,4096,exponential,p0,1.0,0.5,A1_balanced_q01_q99,R2,R2,1.0,1.0,2,65,0.8753023369846108,0.11950794574296554,0.0051897172724236565,0.0,2.1724367807304334,4.165940168801256,249.20315918862053,0.020510668245087516,0.04250043575641213,main,True,True,True,False
4.413495310143039,262.6259915212873,0.1115116258349447,0.016961507846929666,0.6303215467235005,0.5611627867660474,0.1115116258349447,1.0,0.21367227594747618,0.2608335576925416,0.45397484249246406,2.1438126126470323,6.954591491405202e+21,9.495335582931903e+20,3.915729754439528e+19,1.4909909456247158e+17,-0.18427403902451486,1.7763568394002505e-15,0,0.9942591450157212,7.943282347242789e+21,4096,exponential,p0,1.0,0.5,A1_balanced_q01_q99,R2,R2,1.0,1.0,2,65,0.8755311957177534,0.11953919258866393,0.004929611693582471,2.64015794519497e-16,2.1639823317713875,4.388230663318628,265.4465738185881,0.02016971912435528,0.04253917635494389,main,True,True,True,False
4.6476537911228215,279.8945753980318,0.1115116258349447,0.016961507846929666,0.6303215467235005,0.5611627867660474,0.1115116258349447,1.0,0.20994963751917264,0.25622561352188616,0.44600470881840276,2.135842478972971,7.80511850678025e+21,1.0656588467923967e+21,4.1732027764793975e+19,1.4909909456247158e+17,-0.18123353583748977,4.440892098500626e-16,0,0.9945477035873402,8.912509381337441e+21,4096,exponential,p0,1.0,0.5,A1_balanced_q01_q99,R2,R2,1.0,1.0,2,65,0.8757487002621239,0.11956888920912198,0.004682410528754084,1.1765216227381376e-16,2.155675992745505,4.6223823612980315,282.74875720454014,0.01983351377253406,0.042575969104085426,main,True,True,True,False
4.894306041081143,298.29063789400516,0.1115116258349447,0.016961507846929666,0.6303215467235005,0.5611627867660474,0.1115116258349447,1.0,0.20629084581625928,0.251700961719178,0.43817534780083317,2.128013117955401,8.759554026255463e+21,1.1959711097180793e+21,4.447486402645824e+19,1.4909909456247158e+17,-0.1782338010543174,1.7763568394002505e-15,0,0.9948218647299758,1e+22,4096,exponential,p0,1.0,0.5,A1_balanced_q01_q99,R2,R2,1.0,1.0,2,65,0.8759554026255464,0.11959711097180793,0.004447486402645824,2.097152e-16,2.1475151689771996,4.869028164959939,301.1787213925358,0.019502051021798472,0.04261091124876835,main,True,True,True,False
5.154118749669532,317.8876832106049,0.1115116258349447,0.016961507846929666,0.6303215467235005,0.5611627867660474,0.1115116258349447,1.0,0.20269487247643045,0.2472579730084806,0.43048421679261206,2.12032198694718,9.830585209948725e+21,1.342202567331666e+21,4.739676573926299e+19,1.4909909456247158e+17,-0.17527494620893855,3.774758283725532e-15,0,0.995082336400285,1.1220184543019653e+22,4096,exponential,p0,1.0,0.5,A1_balanced_q01_q99,R2,R2,1.0,1.0,2,65,0.876151829077051,0.1196239297299867,0.004224241192962344,0.0,2.139497311245917,5.128834747568518,320.80997673147743,0.019175324298736918,0.04264409524636622,main,False,True,True,False
5.427794178807225,338.7640070784897,0.1115116258349447,0.016961507846929666,0.6303215467235005,0.5611627867660474,0.1115116258349447,1.0,0.1991607013062477,0.24289505780311316,0.4229288227609138,2.1127665929154817,1.1032447833660216e+22,1.5062968775557414e+21,5.0509406725757534e+19,1.4909909456247158e+17,-0.1723570270217733,1.9984014443252818e-15,0,0.9953297927528455,1.2589254117941714e+22,4096,exponential,p0,1.0,0.5,A1_balanced_q01_q99,R2,R2,1.0,1.0,2,65,0.8763384812399013,0.11964941397195453,0.00401210478814416,0.0,2.1316199149898227,5.402504355421524,341.72082507885324,0.018853322074340984,0.0426756089958582,main,False,True,True,False
5.7160720608562805,361.0030090732446,0.1115116258349447,0.016961507846929666,0.6303215467235005,0.5611627867660474,0.1115116258349447,1.0,0.19568732843697878,0.23861066479381124,0.415506721085575,2.1053444912401433,1.2381115284291718e+22,1.690434940148629e+21,5.3825221787148485e+19,1.4909909456247158e+17,-0.16948004781167436,8.881784197001252e-16,0,0.9955648756559035,1.4125375446227496e+22,4096,exponential,p0,1.0,0.5,A1_balanced_q01_q99,R2,R2,1.0,1.0,2,65,0.8765158371488369,0.11967362896538784,0.003810533885775315,0.0,2.123880519523449,5.69077670599262,363.9946721180442,0.018536028283305583,0.042705536056662455,main,False,True,True,False
6.019731598078526,384.69352528826937,0.1115116258349447,0.016961507846929666,0.6303215467235005,0.5611627867660474,0.1115116258349447,1.0,0.19227376245556455,0.2344032796061263,0.408215514399886,2.098053284554454,1.3894510618524095e+22,1.8970638497824896e+21,5.735745630452623e+19,1.4909909456247158e+17,-0.16664396562047254,3.3306690738754696e-15,0,0.9957881961488153,1.584893192461111e+22,4096,exponential,p0,1.0,0.5,A1_balanced_q01_q99,R2,R2,1.0,1.0,2,65,0.8766843522715825,0.11969663689681338,0.003619010831604265,0.0,2.116276707269038,5.994430987356715,387.7203600329301,0.018223422714584103,0.04273395585753446,main,False,True,True,False
6.33959356877846,409.930182691789,0.1115116258349447,0.016961507846929666,0.6303215467235005,0.5611627867660474,0.1115116258349447,1.0,0.18891902451234835,0.2302714235232672,0.4010528514717607,2.090890621626329,1.559274449904627e+22,2.128929382269784e+21,6.11202190731743e+19,1.4909909456247158e+17,-0.16384869406701041,8.881784197001252e-16,0,0.9960003358424181,1.7782794100389228e+22,4096,exponential,p0,1.0,0.5,A1_balanced_q01_q99,R2,R2,1.0,1.0,2,65,0.8768444604948206,0.11971849700622615,0.0034370424989533287,0.0,2.1088061030013616,6.31428796430253,412.99252186667593,0.017915481375032627,0.04276094389592987,main,False,True,True,False
6.676522545825833,436.8137765814021,0.1115116258349447,0.016961507846929666,0.6303215467235005,0.5611627867660474,0.1115116258349447,1.0,0.18562214840711488,0.2262136522707761,0.3940164261233136,2.0838541962778816,1.7498382166038357e+22,2.38911244506977e+21,6.512853858070081e+19,1.4909909456247158e+17,-0.1610941069467046,6.661338147750939e-16,0,0.9962018482636061,1.995262314968883e+22,4096,exponential,p0,1.0,0.5,A1_balanced_q01_q99,R2,R2,1.0,1.0,2,65,0.8769965750749547,0.11973926571690047,0.003264159208144846,0.0,2.1014663731057635,6.651212196825493,439.9119589781434,0.017612176827881854,0.04278657192821379,main,False,True,True,False
7.031429233553413,465.45167264172983,0.1115116258349447,0.016961507846929666,0.6303215467235005,0.5611627867660474,0.1115116258349447,1.0,0.18238218065492823,0.2222285548596202,0.38710397618699816,2.0769417463415665,1.9636742986916356e+22,2.6810699758136465e+21,6.9398422953469846e+19,1.4909909456247158e+17,-0.15838004159185648,3.1086244689504383e-15,0,0.996393260145642,2.238721138568347e+22,4096,exponential,p0,1.0,0.5,A1_balanced_q01_q99,R2,R2,1.0,1.0,2,65,0.8771410895541002,0.11975899676045315,0.003099913685446766,1.873526777293147e-16,2.0942552248491975,7.006114376997197,468.58604310143176,0.017313478507630986,0.04281090815109452,main,False,True,True,False
7.405272929346512,495.9582352088514,0.1115116258349447,0.016961507846929666,0.6303215467235005,0.5611627867660474,0.1115116258349447,1.0,0.17919818053317202,0.21831475248446394,0.38031328249655355,2.0701510526511218,2.2036236559671466e+22,3.0086808316138105e+21,7.394692381044107e+19,1.4909909456247158e+17,-0.1557063020071344,3.3306690738754696e-15,0,0.9965750726656801,2.511886431509572e+22,4096,exponential,p0,1.0,0.5,A1_balanced_q01_q99,R2,R2,1.0,1.0,2,65,0.8772783786418369,0.11977774129723212,0.0029438800609309828,0.0,2.087170405664046,7.379953790527737,499.1291446122411,0.01701935301292412,0.04283401737463979,main,False,True,True,False
7.799064116578604,528.4552834496997,0.1115116258349447,0.016961507846929666,0.6303215467235005,0.5611627867660474,0.1115116258349447,1.0,0.17606922011111426,0.2144708974740673,0.37364216791110255,2.0634799380656705,2.472873983021357e+22,3.3762972781518253e+21,7.879220427910449e+19,1.4909909456247158e+17,-0.15307266179388127,3.9968028886505635e-15,0,0.9967477626308971,2.8183829312644493e+22,4096,exponential,p0,1.0,0.5,A1_balanced_q01_q99,R2,R2,1.0,1.0,2,65,0.8774087990633401,0.11979554803211469,0.0027956529045453336,1.488195217715945e-16,2.080209702444473,7.7737409096749275,531.6630887092421,0.016729764378802248,0.042855961187235135,main,False,True,True,False
8.21386719590061,563.0725772759645,0.1115116258349447,0.016961507846929666,0.6303215467235005,0.5611627867660474,0.1115116258349447,1.0,0.17299438426326802,0.21069567229091607,0.36708849637084906,2.056926266525417,2.7750020228389536e+22,3.7888027618494513e+21,8.395361144480362e+19,1.4909909456247158e+17,-0.15047886687617146,1.7763568394002505e-15,0,0.9969117836148818,3.1622776601683792e+22,4096,exponential,p0,1.0,0.5,A1_balanced_q01_q99,R2,R2,1.0,1.0,2,65,0.8775326903745686,0.11981246332580776,0.0026548462996235887,0.0,2.073370940855113,8.18854012450834,566.3176413299709,0.016444674329695985,0.0428767981128168,main,False,True,True,False
8.650803362267132,599.9483349306835,0.1115116258349447,0.016961507846929666,0.6303215467235005,0.5611627867660474,0.1115116258349447,1.0,0.16997277066773173,0.20698778857734532,0.36065017198288585,2.050487942137454,3.1140210438029544e+22,4.2516767318056333e+21,8.945175352242735e+19,1.4909909456247158e+17,-0.14792463804082426,1.9984014443252818e-15,0,0.9970675670457898,3.5481338923357603e+22,4096,exponential,p0,1.0,0.5,A1_balanced_q01_q99,R2,R2,1.0,1.0,2,65,0.8776503757452551,0.11982853130175215,0.0025210929529928382,0.0,2.066651984651867,8.625472619910992,603.2310267394465,0.01616404251441317,0.04289658376071965,main,False,True,True,False
9.111053635475018,639.2297843120035,0.1115116258349447,0.016961507846929666,0.6303215467235005,0.5611627867660474,0.1115116258349447,1.0,0.1670034897906441,0.2033459862455754,0.3543251381357307,2.044162908290299,3.494434110155875e+22,4.771067371732821e+21,9.530858205828373e+19,1.4909909456247158e+17,-0.14540967330291366,2.4424906541753444e-15,0,0.9972155232479181,3.981071705534985e+22,4096,exponential,p0,1.0,0.5,A1_balanced_q01_q99,R2,R2,1.0,1.0,2,65,0.8777621627104768,0.11984379394873709,0.0023940433407861955,0.0,2.0600507350145976,9.085719406095109,642.5504788559208,0.01588782672429856,0.042915370968452216,main,False,False,True,False
9.595862052406451,681.0737502331248,0.1115116258349447,0.016961507846929666,0.6303215467235005,0.5611627867660474,0.1115116258349447,1.0,0.16408566485780865,0.19976903260922557,0.34811137664127,2.037949146795838,3.921293852851315e+22,5.353873207092996e+21,1.0154747949002582e+20,1.4909909456247158e+17,-0.1429336501076619,6.039613253960852e-14,0,0.9973560424381733,4.466835921509617e+22,4096,exponential,p0,1.0,0.5,A1_balanced_q01_q99,R2,R2,1.0,1.0,2,65,0.8778683438916355,0.11985829121933798,0.0022733648890265645,1.8779754052763542e-16,2.0535651298915134,9.570524510823276,684.432828512817,0.015615983095675467,0.042933209937710166,main,False,False,True,False
10.106539029607731,725.6472799606328,0.1115116258349447,0.016961507846929666,0.6303215467235005,0.5611627867660474,0.1115116258349447,1.0,0.16121843181447504,0.1962557215540167,0.34200690690286517,2.031844677057433,4.400269533990494e+22,6.007834670408355e+21,1.0819335241385068e+20,1.4909909456247158e+17,-0.14049622737898662,1.1679546219056647e-13,0,0.9974894956787406,5.011872336272714e+22,4096,exponential,p0,1.0,0.5,A1_balanced_q01_q99,R2,R2,1.0,1.0,2,65,0.8779691976876921,0.1198720611242929,0.002158741188015039,0.0,2.0471931433550403,10.081198341963237,729.045128999271,0.01534846629760711,0.04295014836392731,main,False,False,True,False
10.644464905284815,773.1283095267468,0.1115116258349447,0.016961507846929666,0.6303215467235005,0.5611627867660474,0.1115116258349447,1.0,0.15840093927426843,0.19280487274545322,0.3360097851084559,2.025847555263024,4.9377222948237796e+22,6.741636839866066e+21,1.1527273093105222e+20,1.4909909456247158e+17,-0.13809704742438683,1.6542323066914832e-13,0,0.9976162357882901,5.623413251903491e+22,4096,exponential,p0,1.0,0.5,A1_balanced_q01_q99,R2,R2,1.0,1.0,2,65,0.8780649889375267,0.11988513982293696,0.00204987123953647,1.4917288885287788e-16,2.040932784968977,10.61912122946546,776.565322374228,0.01508522970595294,0.04296623155964547,main,False,False,True,False
11.211093670304559,823.7063734721946,0.1115116258349447,0.016961507846929666,0.6303215467235005,0.5611627867660474,0.1115116258349447,1.0,0.15563234845806834,0.18941533087151274,0.3301181034475405,2.019955873602109,5.540789585894186e+22,7.565024714607529e+21,1.2281387447004129e+20,1.4909909456247158e+17,-0.13573573770528555,1.758593271006248e-13,0,0.9977365982118007,6.309573444801943e+22,4096,exponential,p0,1.0,0.5,A1_balanced_q01_q99,R2,R2,1.0,1.0,2,65,0.8781559695543114,0.11989756170981532,0.0019464687358734187,0.0,2.034782099166737,11.185747156336868,827.182949211908,0.014826225564628093,0.04298150257198556,main,False,False,True,False
11.807956898241525,877.5833608538203,0.1115116258349447,0.016961507846929666,0.6303215467235005,0.5611627867660474,0.1115116258349447,1.0,0.15291183312389314,0.1860859649181998,0.3243299893509936,2.0141677595055616,6.217479899745509e+22,8.488932556452535e+21,1.3084688450639538e+20,1.4909909456247158e+17,-0.13341191248141784,1.4233059175694507e-13,0,0.9978509018545729,7.079457843841402e+22,4096,exponential,p0,1.0,0.5,A1_balanced_q01_q99,R2,R2,1.0,1.0,2,65,0.8782423791327822,0.11990935949759586,0.0018482613696220024,1.1849223747122755e-16,2.028739164640481,11.782607688696363,881.0999046094112,0.014571405134919502,0.04299600229448131,main,False,False,True,False
12.436667885195543,934.9743205249105,0.1115116258349447,0.016961507846929666,0.6303215467235005,0.5611627867660474,0.1115116258349447,1.0,0.15023857948807717,0.18281566747663983,0.3186436047527282,2.0084813749072965,6.976779063332806e+22,9.525629014470392e+21,1.3940382462942624e+20,1.4909909456247158e+17,-0.13112517433735246,1.1435297153639112e-13,0,0.9979594498726287,7.94328234724279e+22,4096,exponential,p0,1.0,0.5,A1_balanced_q01_q99,R2,R2,1.0,1.0,2,65,0.8783244455303206,0.11992056429640645,0.0017549901732728287,2.112126356155976e-16,2.0228020937409537,12.411316115533465,938.5312434720245,0.014320718833657153,0.04300976957353212,main,False,False,True,False
13.098926010434859,996.1083189100934,0.1115116258349447,0.016961507846929666,0.6303215467235005,0.5611627867660474,0.1115116258349447,1.0,0.14761178613913417,0.17960335407933914,0.3130571453722653,2.0028949155268334,7.828769500669178e+22,1.0688879958246986e+22,1.4851884843564063e+20,1.4909909456247158e+17,-0.12887511559873838,9.880984919163893e-14,0,0.9980625304333124,8.91250938133744e+22,4096,exponential,p0,1.0,0.5,A1_balanced_q01_q99,R2,R2,1.0,1.0,2,65,0.87840238542272,0.11993120568971538,0.0016664088875646536,0.0,2.0169690318878315,13.073571809361066,999.7060382881551,0.01407411636099809,0.043022841309718715,main,False,False,True,False
13.79652132975149,1061.2293536887817,0.1115116258349447,0.016961507846929666,0.6303215467235005,0.5611627867660474,0.1115116258349447,1.0,0.14503066394450095,0.17644796256449954,0.3075688400173316,1.9974066101718997,8.784764048355399e+22,1.1994131180687905e+22,1.5822833575811426e+20,1.4909909456247158e+17,-0.12666131964543212,7.926992395823618e-14,0,0.998160417438215,1e+23,4096,exponential,p0,1.0,0.5,A1_balanced_q01_q99,R2,R2,1.0,1.0,2,65,0.8784764048355399,0.11994131180687906,0.0015822833575811427,1.6777216000000002e-16,2.0112381569904048,13.77116481954766,1064.8682928152243,0.01383154681850507,0.04303525255422243,main,False,False,True,False
14.531339413905974,1130.5973270344514,0.1115116258349447,0.016961507846929666,0.6303215467235005,0.5611627867660474,0.1115116258349447,1.0,0.14249443595100056,0.1733484524666656,0.30217694990564276,1.992014720060211,9.857456099755478e+22,1.3458713394866146e+22,1.6857103777558728e+20,1.4909909456247158e+17,-0.12448336212821551,6.394884621840902e-14,0,0.9982533712134787,1.1220184543019653e+23,4096,exponential,p0,1.0,0.5,A1_balanced_q01_q99,R2,R2,1.0,1.0,2,65,0.8785466996519268,0.11995090939247639,0.0015023909555967098,1.495270949927246e-16,2.0056076788784027,14.505980710746226,1134.277915320905,0.01359295881819178,0.04304703660056388,main,False,False,True,False
15.305366445244406,1204.4890822912073,0.1115116258349447,0.016961507846929666,0.6303215467235005,0.5611627867660474,0.1115116258349447,1.0,0.1400023372796024,0.17030380443230714,0.2968797680050859,1.986717538159654,1.1061088070257843e+23,1.5102072245258709e+22,1.7958823158000134e+20,1.4909909456247158e+17,-0.12234081209541373,4.973799150320701e-14,0,0.9983416391683173,1.2589254117941714e+23,4096,exponential,p0,1.0,0.5,A1_balanced_q01_q99,R2,R2,1.0,1.0,2,65,0.8786134560977692,0.11996002387254877,0.0014265200296819745,0.0,2.000075838742794,15.280005659496176,1208.2117552616232,0.013358300583140137,0.043058225071889694,main,False,False,True,False
16.120694586264328,1283.1995082225508,0.1115116258349447,0.016961507846929666,0.6303215467235005,0.5611627867660474,0.1115116258349447,1.0,0.137553615015041,0.16731301965899203,0.29167561839155337,1.9815133885461216,1.2411640419180193e+23,1.6946026385654023e+22,1.9132388481899112e+20,1.4909909456247158e+17,-0.12023323303533501,3.730349362740526e-14,0,0.9984254564230035,1.4125375446227497e+23,4096,exponential,p0,1.0,0.5,A1_balanced_q01_q99,R2,R2,1.0,1.0,2,65,0.878676851205042,0.11996867941786174,0.0013544693770960157,1.1877359340902148e-16,1.9946409085863848,16.09533182277489,1286.9647075332364,0.013127520040263185,0.04306884800400398,main,False,False,True,False
16.979527634642157,1367.0427152367258,0.1115116258349447,0.016961507846929666,0.6303215467235005,0.5611627867660474,0.1115116258349447,1.0,0.13514752809081576,0.16437511935688456,0.28656285562371636,1.9764006257782845,1.3927043736658941e+23,1.9015057048451674e+22,2.038248310700185e+20,1.4909909456247158e+17,-0.1181601838400882,3.375077994860476e-14,0,0.9985050464075251,1.584893192461111e+23,4096,exponential,p0,1.0,0.5,A1_balanced_q01_q99,R2,R2,1.0,1.0,2,65,0.8787370532541848,0.1199768990043047,0.0012860477415106307,0.0,1.9893011906840337,16.95416299301124,1370.8508886982818,0.012900564905749201,0.04307893392435119,main,False,False,True,False
17.884186980003417,1456.3532882803368,0.1115116258349447,0.016961507846929666,0.6303215467235005,0.5611627867660474,0.1115116258349447,1.0,0.13278334717007706,0.1614891442313709,0.28153986413407656,1.9713776342886447,1.5627416709929018e+23,2.133663294795642e+22,2.171409566456764e+20,1.4909909456247158e+17,-0.11612121969599498,2.5757174171303632e-14,0,0.9985806214323532,1.7782794100389228e+23,4096,exponential,p0,1.0,0.5,A1_balanced_q01_q99,R2,R2,1.0,1.0,2,65,0.878794222196329,0.11998470447053877,0.001221073333132298,0.0,1.984055017052333,17.858820554842985,1460.2048898814464,0.01267738276368835,0.04308850992713408,main,False,False,True,False
18.837117878542003,1551.4876213973707,0.1115116258349447,0.016961507846929666,0.6303215467235005,0.5611627867660474,0.1115116258349447,1.0,0.1304603545228415,0.1586541539856973,0.2766050576356517,1.9664428277902197,1.753533312681661e+23,2.3941574829146947e+22,2.3132539957523068e+20,1.4909909456247158e+17,-0.11411589290548178,2.5757174171303632e-14,0,0.9986523832322414,1.9952623149688827e+23,4096,exponential,p0,1.0,0.5,A1_balanced_q01_q99,R2,R2,1.0,1.0,2,65,0.8788485100561869,0.11999211657300474,0.0011593733708083307,0.0,1.978900748928575,18.811749759722968,1555.3831113304755,0.01245792113835531,0.04309760174475704,main,False,False,True,False
19.840896062442905,1652.8253392769793,0.1115116258349447,0.016961507846929666,0.6303215467235005,0.5611627867660474,0.1115116258349447,1.0,0.1281778438999808,0.15586922684255625,0.27175687854370345,1.9615946486982716,1.9676121459579886e+23,2.686446449947974e+22,2.4643476155610753e+20,1.4909909456247158e+17,-0.11214375364503872,1.9539925233402755e-14,0,0.9987205234845096,2.238721138568347e+23,4096,exponential,p0,1.0,0.5,A1_balanced_q01_q99,R2,R2,1.0,1.0,2,65,0.8789000613163765,0.11999915503839596,0.0011007836452274781,0.0,1.9738367762588456,19.815526335330762,1656.7651839657128,0.012242127560573968,0.04310623381575798,main,False,False,True,False
20.89823470197889,1760.7708114596696,0.1115116258349447,0.016961507846929666,0.6303215467235005,0.5611627867660474,0.1115116258349447,1.0,0.12593512040436824,0.1531334590836385,0.26699379741193363,1.9568315675665018,2.2078201004566797e+23,3.0144103771568534e+22,2.625293337206651e+20,1.4909909456247158e+17,-0.11020435066353895,1.8207657603852567e-14,0,0.9987852243026323,2.5118864315095718e+23,4096,exponential,p0,1.0,0.5,A1_balanced_q01_q99,R2,R2,1.0,1.0,2,65,0.8789490132839497,0.12000583861370194,0.0010451481023482916,0.0,1.9688615171950872,20.872863447656634,1764.7554835882004,0.01202994962858539,0.043114429349407436,main,False,False,True,False
22.01199173909423,1875.7547652420144,0.1115116258349447,0.016961507846929666,0.6303215467235005,0.5611627867660474,0.1115116258349447,1.0,0.12373150035956668,0.15044596460620333,0.26231431238261027,1.9521520825371783,2.4773459038244317e+23,3.3824029406882905e+22,2.796733371188258e+20,1.4909909456247158e+17,-0.10829723192494282,1.3322676295501878e-14,0,0.9988466587064981,2.818382931264449e+23,4096,exponential,p0,1.0,0.5,A1_balanced_q01_q99,R2,R2,1.0,1.0,2,65,0.8789954964398634,0.12001218511392267,0.0009923184462139508,0.0,1.9639734176009727,21.986619034575785,1879.7847437860553,0.011821335063794347,0.04312221038712374,main,False,False,True,False
23.18517761230205,1998.2360037126145,0.1115116258349447,0.016961507846929666,0.6303215467235005,0.5611627867660474,0.1115116258349447,1.0,0.12156631117639277,0.1478058744958016,0.2577169486501166,1.9475547188046847,2.7797673994424176e+23,3.795309089372047e+22,2.979351788756824e+20,1.4909909456247158e+17,-0.1064219451991575,9.769962616701378e-15,0,0.9989049910701264,3.162277660168379e+23,4096,exponential,p0,1.0,0.5,A1_balanced_q01_q99,R2,R2,1.0,1.0,2,65,0.8790396347721109,0.1200182114675522,0.0009421537603368406,2.12216861426478e-16,1.9591709505664356,23.159803530734244,2002.3117739722768,0.011616231761750972,0.043129597860862484,main,False,False,True,False
24.420963393772073,2128.703235772487,0.1115116258349447,0.016961507846929666,0.6303215467235005,0.5611627867660474,0.1115116258349447,1.0,0.11943889121768525,0.14521233661431193,0.25320025793743084,1.943038028091999,3.119099027820244e+23,4.258609872650574e+22,3.173877250458813e+20,1.4909909456247158e+17,-0.10457803860457844,6.217248937900877e-15,0,0.9989603775480531,3.5481338923357603e+23,4096,exponential,p0,1.0,0.5,A1_balanced_q01_q99,R2,R2,1.0,1.0,2,65,0.8790815460932113,0.12002393375992647,0.000894520146862166,1.8913847683414727e-16,1.9544526159307043,24.395588004627395,2132.825289406818,0.011414587838705303,0.04313661164862243,main,False,False,True,False
25.72268936060576,2267.677025438725,0.1115116258349447,0.016961507846929666,0.6303215467235005,0.5611627867660474,0.1115116258349447,1.0,0.11734858966156875,0.14266451520252096,0.24876281798508268,1.9386005881396509,3.4998451017325683e+23,4.778455178898867e+22,3.381085912530328e+20,1.4909909456247158e+17,-0.10276506110561744,5.329070518200751e-15,0,0.9990129664811809,3.9810717055349855e+23,4096,exponential,p0,1.0,0.5,A1_balanced_q01_q99,R2,R2,1.0,1.0,2,65,0.8791213423427275,0.1200293672745271,0.000849290382745309,0.0,1.949816939813692,25.69731272986547,2271.84586050197,0.011216351674041114,0.04314327062721125,main,False,False,True,False
27.093874023464686,2415.711868206711,0.1115116258349447,0.016961507846929666,0.6303215467235005,0.5611627867660474,0.1115116258349447,1.0,0.11529476636349241,0.14016159049651117,0.2444032320521472,1.9342410022067154,3.92705958205087e+23,5.361745349360121e+22,3.6018045227343734e+20,1.4909909456247158e+17,-0.10098256296830818,3.9968028886505635e-15,0,0.9990628987831225,4.466835921509616e+23,4096,exponential,p0,1.0,0.5,A1_balanced_q01_q99,R2,R2,1.0,1.0,2,65,0.8791591298754661,0.1200345265323303,0.0008063435922036518,0.0,1.9452624741555975,27.068496213792688,2419.927989186295,0.011021471948882144,0.04314959272239298,main,False,False,True,False
28.538223636957085,2573.398402752769,0.1115116258349447,0.016961507846929666,0.6303215467235005,0.5611627867660474,0.1115116258349447,1.0,0.11327679171729724,0.1377027583571665,0.24012012842885963,1.9299578985834278,4.406413147484801e+23,6.016222750699248e+22,3.836913717989484e+20,1.4909909456247158e+17,-0.09923009617687965,3.552713678800501e-15,0,0.9991103083079125,5.011872336272715e+23,4096,exponential,p0,1.0,0.5,A1_balanced_q01_q99,R2,R2,1.0,1.0,2,65,0.8791950097359845,0.12003942532928641,0.0007655649347291561,1.3389978733957193e-16,1.9407877962645688,28.512844707865668,2577.6623206089016,0.010829897681140954,0.04315559495655814,main,False,False,True,False
30.059642217487426,2741.365766798741,0.1115116258349447,0.016961507846929666,0.6303215467235005,0.5611627867660474,0.1115116258349447,1.0,0.11129404651554974,0.1352872299121511,0.23591215996046197,1.92574993011503,4.944268448234294e+23,6.750574521322555e+22,4.087351536942479e+20,1.4909909456247158e+17,-0.0975072148140045,3.9968028886505635e-15,0,0.9991553221999148,5.623413251903491e+23,4096,exponential,p0,1.0,0.5,A1_balanced_q01_q99,R2,R2,1.0,1.0,2,65,0.879229077920014,0.12004407677201258,0.0007268453079735756,2.3867662216460463e-16,1.936391508372294,30.034262225494697,2745.6779990056925,0.010641578257263973,0.04316129349402366,main,False,False,True,False
31.6622420956496,2920.2841065353305,0.1115116258349447,0.016961507846929666,0.6303215467235005,0.5611627867660474,0.1115116258349447,1.0,0.10934592180935652,0.13291423120974802,0.23177800358189946,1.9216157737364676,5.547764542151965e+23,7.574547854884816e+22,4.354117161495941e+20,1.4909909456247158e+17,-0.09581347540724826,8.881784197001252e-16,0,0.999198061226735,6.309573444801942e+23,4096,exponential,p0,1.0,0.5,A1_balanced_q01_q99,R2,R2,1.0,1.0,2,65,0.8792614256233782,0.12004849331177855,0.0006900810648433012,0.0,1.9320722371973769,31.636861094429324,2924.645177124309,0.010456463460909227,0.04316670368408554,main,False,False,True,False
33.35035503168388,3110.867249613302,0.1115116258349447,0.016961507846929666,0.6303215467235005,0.5611627867660474,0.1115116258349447,1.0,0.1074318187678652,0.13058300288398436,0.22771635986301525,1.9175541300175833,6.224911633862495e+23,8.499079350766928e+22,4.6382749022138964e+20,1.4909909456247158e+17,-0.09414843724408585,3.1086244689504383e-15,0,0.9992386400959754,7.079457843841402e+23,4096,exponential,p0,1.0,0.5,A1_balanced_q01_q99,R2,R2,1.0,1.0,2,65,0.8792921394789718,0.1200526867768623,0.0006551737441658542,1.8958757995396408e-16,1.9278286335163592,33.32497307220706,3115.2776892170255,0.0102745034987759,0.04317184010193138,main,False,False,True,False
35.12854392404138,3313.8755523643076,0.1115116258349447,0.016961507846929666,0.6303215467235005,0.5611627867660474,0.1115116258349447,1.0,0.10555114853763757,0.1282927998305007,0.22372595256390218,1.9135637227184703,6.984697374002188e+23,9.536440147970987e+22,4.940958443502286e+20,1.4909909456247158e+17,-0.09251166265769395,1.3322676295501878e-15,0,0.9992771677565901,7.94328234724279e+23,4096,exponential,p0,1.0,0.5,A1_balanced_q01_q99,R2,R2,1.0,1.0,2,65,0.8793213017823371,0.12005666840334843,0.0006220298143144003,0.0,1.9236593717422612,35.10316105471248,3318.3358982629975,0.010095649023790898,0.04317671658751563,main,False,False,True,False
37.001615142709305,3530.118932607481,0.1115116258349447,0.016961507846929666,0.6303215467235005,0.5611627867660474,0.1115116258349447,1.0,0.10370333210206037,0.12604289089265988,0.21980552820008686,1.909643298354655,7.837206129140026e+23,1.0700398768319184e+23,5.2633753654961406e+20,1.4909909456247158e+17,-0.0909027172855838,8.881784197001252e-16,0,0.9993137476854344,8.912509381337441e+23,4096,exponential,p0,1.0,0.5,A1_balanced_q01_q99,R2,R2,1.0,1.0,2,65,0.879348990706358,0.12006044886444142,0.0005905604292005021,1.505947677104816e-16,1.9195631495105023,36.97623140949399,3534.629728776602,0.00991985115584737,0.04318134628250042,main,False,False,True,False
38.974631520625266,3760.4601001389306,0.1115116258349447,0.016961507846929666,0.6303215467235005,0.5611627867660474,0.1115116258349447,1.0,0.10188780014096001,0.12383255855741102,0.2159538556172421,1.9057916257718102,8.793752805055705e+23,1.2006403829836055e+23,5.606811960690158e+20,1.4909909456247158e+17,-0.08932117030300436,3.1086244689504383e-15,0,0.9993484781599022,1e+24,4096,exponential,p0,1.0,0.5,A1_balanced_q01_q99,R2,R2,1.0,1.0,2,65,0.8793752805055705,0.12006403829836056,0.0005606811960690158,0.0,1.9155386872720805,38.949246967173174,3765.0218972983394,0.009747061500270382,0.04318574166535371,main,False,False,True,False
0.25752192529780626,4.87916929185899,0.1115116258349447,0.016961507846929666,0.6303215467235005,0.5611627867660474,0.1115116258349447,1.0,0.5614091243701574,0.795893637257188,1.2985747776745449,2.988412547829113,7.538958419360767e+18,1.0293191228567233e+18,1.4317224577825103e+18,2.934357002474526e+17,-0.20076102329471923,1.6925350010410511e-13,0,0.8204971618286114,1e+19,4096,power,p0,1.0,0.5,A1_balanced_q01_q99,R2,R2,1.0,1.0,2,65,0.7538958419360767,0.10293191228567233,0.14317224577825102,0.0,3.0114336635835866,0.21520735927882478,6.814114917171282,0.02302111575447352,0.017419179243015514,main,True,False,True,False
0.2692920779038187,5.268206139271088,0.1115116258349447,0.016961507846929666,0.6303215467235005,0.5611627867660474,0.1115116258349447,1.0,0.5529432552506177,0.7789864277050961,1.2742995452603498,2.964137315414918,8.512117068419795e+18,1.162187717074916e+18,1.5458797575249405e+18,2.934357002474526e+17,-0.21032218076828507,1.9972912213006566e-13,0,0.8277895700015372,1.1220184543019653e+19,4096,power,p0,1.0,0.5,A1_balanced_q01_q99,R2,R2,1.0,1.0,2,65,0.7586432322733397,0.10358008931305333,0.1377766784136068,1.8252819212979077e-16,2.988281181335129,0.22669061356944856,7.258268571949375,0.024143865920210672,0.018594469125349695,main,True,False,True,False
0.28166746522069197,5.685734683968026,0.1115116258349447,0.016961507846929666,0.6303215467235005,0.5611627867660474,0.1115116258349447,1.0,0.5445608213152309,0.7625332409867874,1.250538516048183,2.940376286202751,9.608918858103876e+18,1.3119377214264492e+18,1.6683975384113864e+18,2.934357002474526e+17,-0.21905157642083567,1.6547874182037958e-13,0,0.8348431051610545,1.2589254117941713e+19,4096,power,p0,1.0,0.5,A1_balanced_q01_q99,R2,R2,1.0,1.0,2,65,0.7632635554166486,0.10421091743288642,0.1325255271504649,1.6267842247153233e-16,2.9655342976791985,0.2387866030822554,7.731372790586555,0.025158011476447584,0.019721000201563883,main,True,False,True,False
0.29468076561034046,6.133673081313898,0.1115116258349447,0.016961507846929666,0.6303215467235005,0.5611627867660474,0.1115116258349447,1.0,0.5362626415563129,0.7465188741246075,1.2272779284211885,2.9171156985757567,1.0844852877630691e+19,1.4806839128925107e+18,1.799838655704294e+18,2.934357002474526e+17,-0.22699149772084282,1.3289369604763124e-13,0,0.8416617859572961,1.4125375446227497e+19,4096,power,p0,1.0,0.5,A1_balanced_q01_q99,R2,R2,1.0,1.0,2,65,0.767756787698486,0.10482439341376665,0.12741881888774728,1.4498729664187191e-16,2.9431859071047564,0.25152802276965136,8.235314611810793,0.02607020852899966,0.020800452612022794,main,True,False,True,False
0.3083664165650778,6.614061706333752,0.1115116258349447,0.016961507846929666,0.6303215467235005,0.5611627867660474,0.1115116258349447,1.0,0.5280494976002719,0.7309286430081224,1.2045044814301509,2.8943422515847192,1.2237327043934659e+19,1.6708030523985454e+18,1.9408018282779057e+18,2.934357002474526e+17,-0.23418275127836968,1.0536016503692736e-13,0,0.848249792746848,1.5848931924611109e+19,4096,power,p0,1.0,0.5,A1_balanced_q01_q99,R2,R2,1.0,1.0,2,65,0.7721231375176678,0.10542054570907891,0.12245631677325335,0.0,2.9212290285792135,0.26494931215474016,8.772104074205338,0.026886776994494266,0.021834471221512098,main,True,False,True,False
0.3227607073796569,7.129071029648962,0.1115116258349447,0.016961507846929666,0.6303215467235005,0.5611627867660474,0.1115116258349447,1.0,0.5199221307276315,0.7157483688726939,1.182205319006078,2.872043089160646,1.3805904050935908e+19,1.8849660997544494e+18,2.0919239496988713e+18,2.934357002474526e+17,-0.2406646856366594,8.548717289613705e-14,0,0.854611455093762,1.7782794100389229e+19,4096,power,p0,1.0,0.5,A1_balanced_q01_q99,R2,R2,1.0,1.0,2,65,0.7763630379454107,0.10599943344748008,0.11763752860710924,0.0,2.89965680336776,0.27908674841990583,9.343882233513112,0.027613714207114004,0.022824665052403725,main,True,False,True,False
0.33790187672888977,7.681010026802663,0.1115116258349447,0.016961507846929666,0.6303215467235005,0.5611627867660474,0.1115116258349447,1.0,0.511881239109969,0.7009643649933015,1.1603680145862474,2.8502057847408153,1.5572566219380238e+19,2.1261743744860485e+18,2.2538825558225441e+18,2.934357002474526e+17,-0.24647521437902226,6.927791673660977e-14,0,0.8607512388566252,1.9952623149688828e+19,4096,power,p0,1.0,0.5,A1_balanced_q01_q99,R2,R2,1.0,1.0,2,65,0.7804771383968679,0.1065611452957857,0.11296171630734651,2.052862908937304e-16,2.878462492890872,0.2939785444625164,9.95292970252084,0.028256708150056653,0.023772606786276136,main,True,False,True,False
0.35383021542142234,8.272335155873199,0.1115116258349447,0.016961507846929666,0.6303215467235005,0.5611627867660474,0.1115116258349447,1.0,0.5039274752791731,0.6865634235716614,1.138980556147456,2.828818326302024,1.7562012781444915e+19,2.397800145093279e+18,2.4273984591452723e+18,2.934357002474526e+17,-0.25165083966786655,6.394884621840902e-14,0,0.8666737329570458,2.238721138568347e+19,4096,power,p0,1.0,0.5,A1_balanced_q01_q99,R2,R2,1.0,1.0,2,65,0.7844662954616917,0.1071057982070363,0.10842790633127196,0.0,2.8576394766193642,0.30966495218278767,10.601675747584485,0.028821150317340116,0.0246798323360809,main,True,False,True,False
0.37058817461500393,8.905659940305643,0.1115116258349447,0.016961507846929666,0.6303215467235005,0.5611627867660474,0.1115116258349447,1.0,0.49606144384174355,0.6725328027979894,1.1180313316407906,2.807869101795359,1.9801993566119e+19,2.7036321882274473e+18,2.6132385607492736e+18,2.934357002474526e+17,-0.25622667631470647,7.205347429817266e-14,0,0.8723836359248291,2.511886431509572e+19,4096,power,p0,1.0,0.5,A1_balanced_q01_q99,R2,R2,1.0,1.0,2,65,0.7883315629926216,0.10763353606725928,0.10403490094011901,0.0,2.8371812500063176,0.32618837128297645,11.292707978079346,0.029312148210958622,0.02554784049040513,main,True,False,True,False
0.388220479793716,9.583765196071058,0.1115116258349447,0.016961507846929666,0.6303215467235005,0.5611627867660474,0.1115116258349447,1.0,0.48828369944826033,0.6588602140719052,1.09750911482279,2.7873468849773584,2.2323683535894135e+19,3.0479269254340797e+18,2.8122188513162757e+18,2.934357002474526e+17,-0.2602364764613452,7.394085344003543e-14,0,0.8778857423147314,2.8183829312644493e+19,4096,power,p0,1.0,0.5,A1_balanced_q01_q99,R2,R2,1.0,1.0,2,65,0.7920741815548379,0.10814452825495388,0.09978129019020818,0.0,2.817081422455228,0.34359346387199946,12.028782667422496,0.029734537477869694,0.026378092630801406,main,True,False,True,False
0.4067742508234939,10.309609944597039,0.1115116258349447,0.016961507846929666,0.6303215467235005,0.5611627867660474,0.1115116258349447,1.0,0.4805947450254749,0.6455338093701276,1.0774030514783004,2.7672408216328686,2.5162103168975417e+19,3.435465819337444e+18,3.025207613370933e+18,2.934357002474526e+17,-0.2637126549337337,8.01581023779363e-14,0,0.8831849290878576,3.162277660168379e+19,4096,power,p0,1.0,0.5,A1_balanced_q01_q99,R2,R2,1.0,1.0,2,65,0.7956955673410295,0.10863896812762856,0.09566546453134202,1.2952689296049681e-16,2.7973337153237674,0.3619272751852385,12.812835746833278,0.030092893690898848,0.02717201252262928,main,True,True,True,False
0.4262991284189072,11.086343055420233,0.1115116258349447,0.016961507846929666,0.6303215467235005,0.5611627867660474,0.1115116258349447,1.0,0.4729950302757807,0.6325421687515985,1.0577026460306251,2.7475404161851933,2.83565902912719e+19,3.87161979443499e+18,3.253128837650719e+18,2.934357002474526e+17,-0.26668631531151443,9.581224702515101e-14,0,0.8882861420479541,3.5481338923357606e+19,4096,power,p0,1.0,0.5,A1_balanced_q01_q99,R2,R2,1.0,1.0,2,65,0.7991973006577991,0.1091170714498115,0.09168562789238945,1.1544096486459184e-16,2.7779319599624968,0.3812393607458455,13.64799451568326,0.030391543777303465,0.02793098617930165,main,True,True,True,False
0.4468474073715265,11.917315665199224,0.1115116258349447,0.016961507846929666,0.6303215467235005,0.5611627867660474,0.1115116258349447,1.0,0.46548495044619026,0.6198742879936195,1.0383977485348646,2.7282355186894325,3.195132964693411e+19,4.3624215411280707e+18,3.496965867287671e+18,2.934357002474526e+17,-0.26918727673823456,1.1657341758564144e-13,0,0.8931943824189073,3.981071705534986e+19,4096,power,p0,1.0,0.5,A1_balanced_q01_q99,R2,R2,1.0,1.0,2,65,0.8025811140882331,0.10957907477684675,0.08783981113492002,2.0577373646926412e-16,2.758870095787954,0.4015819203112337,14.537590115143523,0.030634577098521465,0.028656361799322308,main,True,True,True,False
0.4684741769084569,12.8060944226147,0.1115116258349447,0.016961507846929666,0.6303215467235005,0.5611627867660474,0.1115116258349447,1.0,0.4580648453663669,0.6075195663552835,1.0194785420504553,2.7093163122050234,3.5995947264278413e+19,4.914646666482813e+18,3.7577652843349417e+18,2.934357002474526e+17,-0.2712441014799535,1.411093464298574e-13,0,0.8979146936449445,4.466835921509617e+19,4096,power,p0,1.0,0.5,A1_balanced_q01_q99,R2,R2,1.0,1.0,2,65,0.8058488804333154,0.11002523380849533,0.08412588575818929,0.0,2.740142168389485,0.4230099389668418,15.485170814881204,0.030825856184461653,0.029349449775004356,main,True,True,True,False
0.49123746856875905,13.75647561178386,0.1115116258349447,0.016961507846929666,0.6303215467235005,0.5611627867660474,0.1115116258349447,1.0,0.45073499875281064,0.595467794467025,1.0009355303890106,2.6907733005435786,4.054617753576344e+19,5.535904772882902e+18,4.036641054080801e+18,2.934357002474526e+17,-0.2728841232236958,1.5587531265737198e-13,0,0.9024521484894078,5.011872336272715e+19,4096,power,p0,1.0,0.5,A1_balanced_q01_q99,R2,R2,1.0,1.0,2,65,0.8090026005314667,0.11045582172589626,0.0805415777426369,1.6345188884225088e-16,2.72174232766925,0.4455813357485118,16.494516165802786,0.03096902712567129,0.030011522771310816,main,True,True,True,False
0.5151984120054933,14.772500210143312,0.1115116258349447,0.016961507846929666,0.6303215467235005,0.5611627867660474,0.1115116258349447,1.0,0.443495637774019,0.5837091423474087,0.9827595262335749,2.672597296388143,4.56646118976999e+19,6.234741677765961e+18,4.3347789435690435e+18,2.934357002474526e+17,-0.2741334760920935,1.759703494030873e-13,0,0.9068118365017666,5.6234132519034905e+19,4096,power,p0,1.0,0.5,A1_balanced_q01_q99,R2,R2,1.0,1.0,2,65,0.8120443910509816,0.11087112752482738,0.07708448142419104,0.0,2.703664826014812,0.4693571201952093,17.569652075292037,0.03106752962666892,0.030643815872824567,main,True,True,True,False
0.540421399142681,15.858469940315924,0.1115116258349447,0.016961507846929666,0.6303215467235005,0.5611627867660474,0.1115116258349447,1.0,0.43634693286919296,0.5722341475504128,0.9649416396253025,2.654779409779871,5.1421539080446075e+19,7.020754135783571e+18,4.653441231789781e+18,2.934357002474526e+17,-0.2750171243369052,1.616484723854228e-13,0,0.9109988519149915,6.309573444801943e+19,4096,power,p0,1.0,0.5,A1_balanced_q01_q99,R2,R2,1.0,1.0,2,65,0.8149764723447195,0.11127145435746572,0.0737520732978147,1.298344503264142e-16,2.6859040165037382,0.4944015572552518,18.714866865074296,0.0311246067238673,0.03124752679648259,main,True,True,True,False
0.5669742571364794,17.018964379359936,0.1115116258349447,0.016961507846929666,0.6303215467235005,0.5611627867660474,0.1115116258349447,1.0,0.42928899781176166,0.5610337034476798,0.947473266813491,2.6373110369680592,5.789588811731882e+19,7.904718590951264e+18,4.993971730143935e+18,2.934357002474526e+17,-0.2755588926615057,1.396660564978447e-13,0,0.9150182820322589,7.0794578438414025e+19,4096,power,p0,1.0,0.5,A1_balanced_q01_q99,R2,R2,1.0,1.0,2,65,0.8178011564499096,0.111657117893961,0.0705417256561294,0.0,2.668454351139652,0.5207823409917745,19.934728375754304,0.031143314171592884,0.03182381616735295,main,True,True,True,False
0.5949284306193333,18.258859192737077,0.1115116258349447,0.016961507846929666,0.6303215467235005,0.5611627867660474,0.1115116258349447,1.0,0.42232189000558423,0.5500990476534011,0.9303460794646841,2.620183849619252,6.517628666660674e+19,8.898735672880707e+18,5.357801132940442e+18,2.934357002474526e+17,-0.27578149711274674,1.1401990462900358e-13,0,0.9188751961431197,7.94328234724279e+19,4096,power,p0,1.0,0.5,A1_balanced_q01_q99,R2,R2,1.0,1.0,2,65,0.8205208353097284,0.11202844471428826,0.06745071997598323,0.0,2.6513103791191917,0.5485707775569303,21.23410218625278,0.031126529499939437,0.03237380785445228,main,True,True,True,False
0.6243591737205684,19.58334556499288,0.1115116258349447,0.016961507846929666,0.6303215467235005,0.5611627867660474,0.1115116258349447,1.0,0.4154456110030233,0.539421750597949,0.9135520142263596,2.6033897843809277,7.336224873385987e+19,1.0016392360463e+19,5.746452719051531e+18,2.934357002474526e+17,-0.2757065764719637,1.0047518372857667e-13,0,0.9225746350204614,8.91250938133744e+19,4096,power,p0,1.0,0.5,A1_balanced_q01_q99,R2,R2,1.0,1.0,2,65,0.8231379692848176,0.11238577073968709,0.06447625997549525,1.83831503552834e-16,2.6344667451293233,0.5778419779294545,22.618171020810937,0.03107696074839561,0.03289858936332745,main,True,True,True,False
0.6553457523924914,20.99795090357831,0.1115116258349447,0.016961507846929666,0.6303215467235005,0.5611627867660474,0.1115116258349447,1.0,0.408660107230089,0.528993704260114,0.8970832626404707,2.586921032795039,8.256550760163672e+19,1.1272943971210136e+19,6.161548427153132e+18,2.934357002474526e+17,-0.2753547240691271,8.548717289613705e-14,0,0.9261216010235573,1e+20,4096,power,p0,1.0,0.5,A1_balanced_q01_q99,R2,R2,1.0,1.0,2,65,0.8256550760163672,0.11272943971210135,0.061615484271531316,1.6384e-16,2.6179181876744897,0.6086750609364531,24.09245542097181,0.03099715487945076,0.03339921228193108,main,True,True,True,False
0.6879716575928001,22.50856089741745,0.1115116258349447,0.016961507846929666,0.6303215467235005,0.5611627867660474,0.1115116258349447,1.0,0.4019652709044816,0.5188071110668525,0.8809322614018004,2.5707700315563686,9.29115117037486e+19,1.268551839795181e+19,6.60481532849612e+18,2.934357002474526e+17,-0.2747455199374588,7.227551890309769e-14,0,0.9295210488359852,1.1220184543019654e+20,4096,power,p0,1.0,0.5,A1_balanced_q01_q99,R2,R2,1.0,1.0,2,65,0.8280747196939028,0.1130598017288742,0.05886547857722299,0.0,2.601659537433061,0.6411533671083088,25.66283576498941,0.030889505876692258,0.033876692776142026,main,True,True,True,False
0.722324829904457,24.121443017146948,0.1115116258349447,0.016961507846929666,0.6303215467235005,0.5611627867660474,0.1115116258349447,1.0,0.39536094113113707,0.5088544729703968,0.8650916829558298,2.554929453110398,1.0454110334646434e+20,1.4273345310237264e+19,7.07809252271554e+18,2.934357002474526e+17,-0.27389756322199754,6.117328865684613e-14,0,0.9327778768568245,1.2589254117941713e+20,4096,power,p0,1.0,0.5,A1_balanced_q01_q99,R2,R2,1.0,1.0,2,65,0.8303995007732543,0.11337721183890831,0.05622328738783753,1.3014273797722585e-16,2.585685715642575,0.6753646839446253,27.3355757224953,0.030756262532177114,0.03433201213116928,main,True,True,True,False
0.7584978962045958,25.84327154968401,0.1115116258349447,0.016961507846929666,0.6303215467235005,0.5611627867660474,0.1115116258349447,1.0,0.3888469051593577,0.4991285807127655,0.8495544264304891,2.539392196585057,1.1761240260887645e+20,1.605801336953193e+19,7.583338483866597e+18,2.934357002474526e+17,-0.272828504752976,4.629630012686903e-14,0,0.9358969192567708,1.4125375446227496e+20,4096,power,p0,1.0,0.5,A1_balanced_q01_q99,R2,R2,1.0,1.0,2,65,0.8326320461824435,0.11368202870544294,0.05368592511211375,1.1598983731349755e-16,2.5699917325132757,0.7114014832001524,29.117347237973032,0.030599535928218735,0.03476611733498898,main,True,True,True,False
0.7965884190258814,27.681154265900577,0.1115116258349447,0.016961507846929666,0.6303215467235005,0.5611627867660474,0.1115116258349447,1.0,0.3824228997853493,0.48962250328764756,0.8343136088958586,2.524151379050427,1.3230292148091165e+20,1.8063758879527135e+19,8.122638885672295e+18,2.934357002474526e+17,-0.2715550796936914,3.6193270602780103e-14,0,0.9388829387046667,1.5848931924611108e+20,4096,power,p0,1.0,0.5,A1_balanced_q01_q99,R2,R2,1.0,1.0,2,65,0.8347750000456767,0.11397461333956972,0.05125038661475356,0.0,2.5545726856694273,0.7493611708320712,31.015257142691393,0.030421306619000443,0.03517992169992076,main,True,True,True,False
0.8366991592874463,29.64266082670335,0.1115116258349447,0.016961507846929666,0.6303215467235005,0.5611627867660474,0.1115116258349447,1.0,0.37608861288388923,0.4803295776094317,0.8193625569455958,2.5092003271001637,1.4881193635647367e+20,2.0317789710537204e+19,8.69821493688143e+18,2.934357002474526e+17,-0.270093140172711,3.5416114485542494e-14,0,0.9417406197639738,1.778279410038923e+20,4096,power,p0,1.0,0.5,A1_balanced_q01_q99,R2,R2,1.0,1.0,2,65,0.8368310149484128,0.1142553279076233,0.04891365714396391,0.0,2.539423758617956,0.7893463502842077,33.03687550123932,0.0302234315177925,0.035574305518451865,main,True,True,True,False
0.8789383531083268,31.735853039776586,0.1115116258349447,0.016961507846929666,0.6303215467235005,0.5611627867660474,0.1115116258349447,1.0,0.3698436850529063,0.471243398398753,0.8046947985935381,2.4945325687481064,1.673631504316147e+20,2.2850648805596463e+19,9.31243225967709e+18,2.934357002474526e+17,-0.26845768781162094,2.6978419498391304e-14,0,0.9444745629531164,1.995262314968883e+20,4096,power,p0,1.0,0.5,A1_balanced_q01_q99,R2,R2,1.0,1.0,2,65,0.8388027437596586,0.11452453461465206,0.04667272162568921,1.642290327149843e-16,2.524540219243904,0.8314650998198443,35.1902658057301,0.030007650495797566,0.035950116749431084,main,True,True,True,False
0.9234200034537668,33.96931708665571,0.1115116258349447,0.016961507846929666,0.6303215467235005,0.5611627867660474,0.1115116258349447,1.0,0.3636877113550302,0.4623578082933939,0.7903040554786822,2.4801418256332504,1.8820768140889027e+20,2.569662210169382e+19,9.967810346250574e+18,2.934357002474526e+17,-0.2666629060619587,2.0539125955565396e-14,0,0.9470892794587515,2.238721138568347e+20,4096,power,p0,1.0,0.5,A1_balanced_q01_q99,R2,R2,1.0,1.0,2,65,0.8406928320212687,0.1147825946653039,0.04452457331342727,1.463692794760271e-16,2.5099174183322397,0.8758312646527102,37.484017138106516,0.029775592698989328,0.036308171730825116,main,True,True,True,False
0.9702641874043141,36.35219784770603,0.1115116258349447,0.016961507846929666,0.6303215467235005,0.5611627867660474,0.1115116258349447,1.0,0.3576202431405816,0.45366688819266665,0.77618423537146,2.4660220055260282,2.1162741423039208e+20,2.889419628958953e+19,1.0667032630975558e+19,2.934357002474526e+17,-0.2647221922683197,1.4876988529977098e-14,0,0.9495891864867659,2.5118864315095718e+20,4096,power,p0,1.0,0.5,A1_balanced_q01_q99,R2,R2,1.0,1.0,2,65,0.8425039109081459,0.11502986730265885,0.04246622178919521,0.0,2.495550788115578,0.922564764665853,39.92727842882807,0.029528782589549607,0.03664925591531002,main,True,True,True,False
1.0195973798796076,38.894235460991865,0.1115116258349447,0.016961507846929666,0.6303215467235005,0.5611627867660474,0.1115116258349447,1.0,0.35164078993698283,0.4451649478426508,0.7623294249739948,2.452167195128563,2.3793876341068697e+20,3.2486572497672462e+19,1.141295721808545e+19,2.934357002474526e+17,-0.2626481893787944,1.1324274851176597e-14,0,0.9519786032317603,2.818382931264449e+20,4096,power,p0,1.0,0.5,A1_balanced_q01_q99,R2,R2,1.0,1.0,2,65,0.8442385907579184,0.11526670892481447,0.04049470031726704,1.162652513840582e-16,2.4814358408473227,0.9717919185500368,42.52979494859176,0.029268645718759867,0.03697412462507084,main,True,True,True,False
1.0715527946926564,41.60580425998462,0.1115116258349447,0.016961507846929666,0.6303215467235005,0.5611627867660474,0.1115116258349447,1.0,0.3457488213902342,0.43684651666878366,0.7487338830068213,2.4385716531613895,2.6749689498133293e+20,3.6522242728117985e+19,1.2208628307387036e+19,2.934357002474526e+17,-0.2604528172286845,7.105427357601002e-15,0,0.9542617474426416,3.1622776601683794e+20,4096,power,p0,1.0,0.5,A1_balanced_q01_q99,R2,R2,1.0,1.0,2,65,0.8458994551638761,0.11549347227837455,0.03860707255774932,0.0,2.4675681673998247,1.0236457852378662,45.301947178630826,0.02899651423843519,0.037283503822329554,main,True,True,True,False
1.1262707438569661,44.49795424461185,0.1115116258349447,0.016961507846929666,0.6303215467235005,0.5611627867660474,0.1115116258349447,1.0,0.33994376924482905,0.42870633486135123,0.7353920335743382,2.4252298037289064,3.007004641631534e+20,4.1055636707075875e+19,1.3057288363346784e+19,2.934357002474526e+17,-0.25814730332876323,5.329070518200751e-15,0,0.9564427325592426,3.54813389233576e+20,4096,power,p0,1.0,0.5,A1_balanced_q01_q99,R2,R2,1.0,1.0,2,65,0.8474890556207287,0.11571050572741683,0.03680043865185449,0.0,2.4539434358870875,1.0782665235564977,48.254792214638044,0.028713632158181124,0.03757809089225172,main,True,True,True,False
1.1838990161178977,47.58245525030289,0.1115116258349447,0.016961507846929666,0.6303215467235005,0.5611627867660474,0.1115116258349447,1.0,0.33422502934927895,0.4207393447184948,0.7222984598011368,2.412136229955705,3.3799693173184496e+20,4.6147847745787896e+19,1.3962391075865706e+19,2.934357002474526e+17,-0.2557422130950543,9.103828801926284e-15,0,0.9585255653925359,3.9810717055349857e+20,4096,power,p0,1.0,0.5,A1_balanced_q01_q99,R2,R2,1.0,1.0,2,65,0.8490099067090884,0.11591815259601419,0.0350719406948974,0.0,2.4405573903116,1.135801771071077,51.40010786945329,0.028421160355895037,0.037858555435050206,main,True,True,True,False
1.2445932757311535,50.87184399052066,0.1115116258349447,0.016961507846929666,0.6303215467235005,0.5611627867660474,0.1115116258349447,1.0,0.3285919636752974,0.4129406822503212,0.7094478977312036,2.399285667885772,3.798885297278779e+20,5.186744725884626e+19,1.4927615164237593e+19,2.934357002474526e+17,-0.2532474794630659,8.215650382226158e-15,0,0.9605141443195031,4.466835921509617e+20,4096,power,p0,1.0,0.5,A1_balanced_q01_q99,R2,R2,1.0,1.0,2,65,0.8504644818014501,0.11611675058195797,0.033418767616592106,1.4671682853721517e-16,2.427405849234882,1.1964070431428901,54.750439650426635,0.028120181349109874,0.038125540064279255,main,True,True,True,False
1.308517482566058,54.37947415978124,0.1115116258349447,0.016961507846929666,0.6303215467235005,0.5611627867660474,0.1115116258349447,1.0,0.32304390233955294,0.4053056690467447,0.6968352304819007,2.3866730006364687,4.269389557849377e+20,5.829139876317016e+19,1.5956879079163662e+19,2.934357002474526e+17,-0.250672431835549,3.552713678800501e-15,0,0.9624122579622029,5.0118723362727146e+20,4096,power,p0,1.0,0.5,A1_balanced_q01_q99,R2,R2,1.0,1.0,2,65,0.8518552092698523,0.11630663123897717,0.03183815949117062,1.307615110738007e-16,2.414484704471312,1.2602461532808675,58.3191507988347,0.027811703834843104,0.03837966120848375,main,True,True,True,False
1.3758443346683273,58.11956979643753,0.1115116258349447,0.016961507846929666,0.6303215467235005,0.5611627867660474,0.1115116258349447,1.0,0.3175801456178559,0.3978298044106791,0.6844554826445771,2.3742932527991454,4.797808850267341e+20,6.550608350231676e+19,1.7054356661298344e+19,2.934357002474526e+17,-0.24802582431902404,3.1086244689504383e-15,0,0.9642235843200051,5.6234132519034906e+20,4096,power,p0,1.0,0.5,A1_balanced_q01_q99,R2,R2,1.0,1.0,2,65,0.8531844691732929,0.11648811952446025,0.030327411302246993,2.330826388326217e-16,2.4017899198048456,1.3274916559226047,62.120475590933864,0.027496667005700193,0.038621509913562176,main,True,True,True,False
1.4467557344778106,62.10728211756821,0.1115116258349447,0.016961507846929666,0.6303215467235005,0.5611627867660474,0.1115116258349447,1.0,0.3121999659425384,0.3905087577572432,0.6723038149236037,2.362141585078172,5.391243993385379e+20,7.360845132302171e+19,1.822449381863472e+19,2.934357002474526e+17,-0.24531586321046803,6.661338147750939e-16,0,0.9659516903234204,6.309573444801943e+20,4096,power,p0,1.0,0.5,A1_balanced_q01_q99,R2,R2,1.0,1.0,2,65,0.8544545904013341,0.11666153340946216,0.02888387618920376,0.0,2.389317529728207,1.3983253128417923,66.16957611325383,0.027175944650035255,0.038851652643388,main,True,True,True,False
1.5214432799604998,66.35875005220343,0.1115116258349447,0.016961507846929666,0.6303215467235005,0.5611627867660474,0.1115116258349447,1.0,0.3069026098747024,0.3833383612787423,0.6603755190056398,2.350213289160208,6.057664460010202e+20,8.270731209400597e+19,1.9472026289113997e+19,2.934357002474526e+17,-0.24255023370159537,8.881784197001252e-16,0,0.9676000317777104,7.079457843841402e+20,4096,power,p0,1.0,0.5,A1_balanced_q01_q99,R2,R2,1.0,1.0,2,65,0.8556678482491306,0.11682718354761465,0.02750496820325472,0.0,2.3770636382041763,1.4729385844426686,70.48260273858395,0.026850349043968436,0.039070632076425575,main,True,True,True,False
1.6001087819809867,70.89116471394603,0.1115116258349447,0.016961507846929666,0.6303215467235005,0.5611627867660474,0.1115116258349447,1.0,0.3016873000439418,0.37631460287427254,0.648666012650954,2.338503782805522,6.806014513418741e+20,9.292478482321052e+19,2.0801998559194255e+19,2.934357002474526e+17,-0.23973612577401635,8.881784197001252e-16,0,0.9691719536650105,7.943282347242789e+20,4096,power,p0,1.0,0.5,A1_balanced_q01_q99,R2,R2,1.0,1.0,2,65,0.8568264623982794,0.11698537299944507,0.026188164602275386,1.6500987157468562e-16,2.3650244174485673,1.5515331472694585,75.07675854387011,0.026520634643045327,0.03927896789626102,main,True,True,True,False
1.68296480931271,75.72283806979858,0.1115116258349447,0.016961507846929666,0.6303215467235005,0.5611627867660474,0.1115116258349447,1.0,0.2965532370489889,0.36943361934199187,0.637170834998663,2.3270086051532313,7.646332303965347e+20,1.0439792372347355e+20,2.221978401373581e+19,2.934357002474526e+17,-0.23688025926419182,1.7763568394002505e-15,0,0.9706706907739169,8.91250938133744e+20,4096,power,p0,1.0,0.5,A1_balanced_q01_q99,R2,R2,1.0,1.0,2,65,0.8579325952774384,0.11713639700854626,0.02493100771401537,0.0,2.3531961067345333,1.634321439129606,79.97036792696444,0.02618750158130201,0.03947715757416311,main,True,True,True,False
1.7702352627578806,80.8732760787838,0.1115116258349447,0.016961507846929666,0.6303215467235005,0.5611627867660474,0.1115116258349447,1.0,0.29149960131359276,0.36269168983134303,0.6258856420778415,2.3157234122324097,8.589883507764987e+20,1.1728054282601796e+20,2.3731106397483483e+19,2.934357002474526e+17,-0.2339889080824524,2.4424906541753444e-15,0,0.972099368626221,1e+21,4096,power,p0,1.0,0.5,A1_balanced_q01_q99,R2,R2,1.0,1.0,2,65,0.8589883507764987,0.11728054282601796,0.023731106397483482,1.31072e-16,2.34157501121782,1.7215272333042826,85.18294969590427,0.02585159898541045,0.03966567714196591,main,True,True,True,False
1.862155979927387,86.36325659184752,0.1115116258349447,0.016961507846929666,0.6303215467235005,0.5611627867660474,0.1115116258349447,1.0,0.28652555489275483,0.35608522955176153,0.6148062025165267,2.3046439726710948,9.649311282510732e+20,1.3174526337721316e+20,2.5342062673679204e+19,2.934357002474526e+17,-0.2310679235753831,3.1086244689504383e-15,0,0.9734610046716351,1.1220184543019653e+21,4096,power,p0,1.0,0.5,A1_balanced_q01_q99,R2,R2,1.0,1.0,2,65,0.8599957732882211,0.11741808957961843,0.02258613713216073,2.336360859261322e-16,2.3301575007825956,1.8133862433981514,90.73529492226247,0.02551352811150087,0.03984498195374523,main,True,True,True,False
1.9589753723140515,92.21491232353716,0.1115116258349447,0.016961507846929666,0.6303215467235005,0.5611627867660474,0.1115116258349447,1.0,0.2816302432251957,0.3496107837338078,0.6039283934407819,2.29376616359535,1.083880453211453e+21,1.4798581121180372e+20,2.7059147370914574e+19,2.934357002474526e+17,-0.22812275702558793,1.7763568394002505e-15,0,0.9747585097221663,1.2589254117941712e+21,4096,power,p0,1.0,0.5,A1_balanced_q01_q99,R2,R2,1.0,1.0,2,65,0.8609568470516049,0.11754930818411247,0.021493844764282687,2.082283807635614e-16,2.318940008907498,1.9101467604633722,96.64954986908407,0.025173845312147947,0.0400155074349282,main,True,True,True,False
2.060955096379967,98.45181922622147,0.1115116258349447,0.016961507846929666,0.6303215467235005,0.5611627867660474,0.1115116258349447,1.0,0.2768127968286424,0.3432650218380687,0.5932481965561032,2.2830859667106713,1.2174286714929624e+21,1.6621959461450577e+20,2.8889278515281916e+19,2.934357002474526e+17,-0.22515848128719163,1.5543122344752192e-15,0,0.9759946895990255,1.4125375446227498e+21,4096,power,p0,1.0,0.5,A1_balanced_q01_q99,R2,R2,1.0,1.0,2,65,0.8618734957718269,0.11767446128938008,0.020452042938793144,1.8558373970159605e-16,2.3079190315515525,2.0120703241199145,102.94930432418309,0.024833064840881214,0.04017766981764477,main,True,True,True,False
2.1683707604699958,105.09909061922897,0.1115116258349447,0.016961507846929666,0.6303215467235005,0.5611627867660474,0.1115116258349447,1.0,0.27207233293522504,0.33704473200663465,0.5827616944036069,2.272599464558175,1.3673627703043353e+21,1.866905969055519e+20,3.0839825251223933e+19,2.934357002474526e+17,-0.22217981155942051,4.6629367034256575e-15,0,0.9771722469665807,1.584893192461111e+21,4096,power,p0,1.0,0.5,A1_balanced_q01_q99,R2,R2,1.0,1.0,2,65,0.8627475824923052,0.11779380326294939,0.01945861424474549,1.6540168211141605e-16,2.297091126059603,2.119432429486177,109.65968569113359,0.02449166150142812,0.04033186686128126,main,True,True,True,False
2.2815126694612826,112.18347744821034,0.1115116258349447,0.016961507846929666,0.6303215467235005,0.5611627867660474,0.1115116258349447,1.0,0.26740795706484277,0.33094681575157486,0.5724650667836142,2.2623028369381823,1.5356881506138957e+21,2.0967262216381723e+20,3.2918637261209907e+19,2.934357002474526e+17,-0.21919112530423168,3.9968028886505635e-15,0,0.9782937833286943,1.7782794100389228e+21,4096,power,p0,1.0,0.5,A1_balanced_q01_q99,R2,R2,1.0,1.0,2,65,0.8635809096953345,0.11790758020373635,0.018511510100929184,0.0,2.286452910086921,2.232523271830715,116.80745921323768,0.024150073148738738,0.040478478557344336,main,True,True,True,False
2.400686609159617,119.73347507458264,0.1115116258349447,0.016961507846929666,0.6303215467235005,0.5611627867660474,0.1115116258349447,1.0,0.26281876453497954,0.3249682828743755,0.5623545873394048,2.252192357493973,1.7246553016781837e+21,2.3547293718912804e+20,3.513407610157107e+19,2.934357002474526e+17,-0.21619648131719915,1.1102230246251565e-15,0,0.9793618011648372,1.995262314968883e+21,4096,power,p0,1.0,0.5,A1_balanced_q01_q99,R2,R2,1.0,1.0,2,65,0.8643752196086962,0.11801602998390734,0.017608750407396435,0.0,2.2760010605426513,2.351648530957901,124.4211347302393,0.023808703048678215,0.04061786781788265,main,True,True,True,False
2.5262146725618786,127.77943702091481,0.1115116258349447,0.016961507846929666,0.6303215467235005,0.5611627867660474,0.1115116258349447,1.0,0.2583038419059245,0.3191062466100541,0.5524266202941245,2.2422643904486925,1.936789731923589e+21,2.6443635806530067e+20,3.749504857945741e+19,2.934357002474526e+17,-0.21319963796377528,5.773159728050814e-15,0,0.9803787061842625,2.238721138568347e+21,4096,power,p0,1.0,0.5,A1_balanced_q01_q99,R2,R2,1.0,1.0,2,65,0.8651321946967268,0.11811938231592642,0.016748422987346846,1.1709542358082168e-16,2.2657323125517688,2.4771301974476416,132.53108039358762,0.023467922103076244,0.04075038114684903,main,True,True,True,False
2.6584361302164794,136.3536961259181,0.1115116258349447,0.016961507846929666,0.6303215467235005,0.5611627867660474,0.1115116258349447,1.0,0.2538622683608476,0.3133579189893627,0.54267761733402,2.232515387488588,2.174925553618197e+21,2.9694983558733785e+20,4.001104230403714e+19,2.934357002474526e+17,-0.21020407059558582,8.881784197001252e-16,0,0.9813468096783222,2.5118864315095717e+21,4096,power,p0,1.0,0.5,A1_balanced_q01_q99,R2,R2,1.0,1.0,2,65,0.8658534583154418,0.11821785884200167,0.015928682842556562,0.0,2.255643458435221,2.6093074429823417,141.16964379382654,0.023128070946632828,0.040876349293895525,main,True,True,True,False
2.7977083470327293,145.49069359229338,0.1115116258349447,0.016961507846929666,0.6303215467235005,0.5611627867660474,0.1115116258349447,1.0,0.24949311702060692,0.30772060641228044,0.5331041146313756,2.2229418847859437,2.4422431672724425e+21,3.3344760043826414e+20,4.269216355374218e+19,2.934357002474526e+17,-0.20721298816362896,1.9984014443252818e-15,0,0.9822683309525022,2.818382931264449e+21,4096,power,p0,1.0,0.5,A1_balanced_q01_q99,R2,R2,1.0,1.0,2,65,0.8665405755124788,0.11831167324330376,0.015147751244217413,0.0,2.2457313467079327,2.7485375371138656,150.37128098323453,0.02278946192198905,0.04099608789021686,main,True,True,True,False
2.944407748016461,155.22711644212262,0.1115116258349447,0.016961507846929666,0.6303215467235005,0.5611627867660474,0.1115116258349447,1.0,0.24519545619351046,0.3021917054258854,0.5237027300007568,2.213540500155325,2.7423115461266354e+21,3.7441693643115666e+20,4.554917761058712e+19,2.934357002474526e+17,-0.20422934904715703,1.9984014443252818e-15,0,0.9831453998208208,3.1622776601683794e+21,4096,power,p0,1.0,0.5,A1_balanced_q01_q99,R2,R2,1.0,1.0,2,65,0.8671950539538067,0.11840103136649309,0.014403914679700137,1.6579442298943593e-16,2.2359928810943703,2.895196812947974,160.17269390834744,0.022452380939045113,0.0411098980661559,main,True,True,True,False
3.098930835540824,165.60204392811386,0.1115116258349447,0.016961507846929666,0.6303215467235005,0.5611627867660474,0.1115116258349447,1.0,0.2409683505606159,0.29676869869953704,0.5144701601823519,2.20430793033692,3.0791356821445086e+21,4.204046584687969e+20,4.85935517224555e+19,2.934357002474526e+17,-0.20125587611860235,1.5543122344752192e-15,0,0.9839800591470411,3.5481338923357606e+21,4096,power,p0,1.0,0.5,A1_balanced_q01_q99,R2,R2,1.0,1.0,2,65,0.8678183449603399,0.11848613136525174,0.013695523674408475,1.4776443502667755e-16,2.226425019561349,3.049681684357093,170.61297680052056,0.0221170892244289,0.041218067050382494,main,True,True,True,False
3.261695260900621,176.65710348470034,0.1115116258349447,0.016961507846929666,0.6303215467235005,0.5611627867660474,0.1115116258349447,1.0,0.23681086229743348,0.2914491511902699,0.5054031782464518,2.19524094840102,3.457209823442866e+21,4.720243812273994e+20,5.183750086471975e+19,2.934357002474526e+17,-0.19829507106623873,2.220446049250313e-16,0,0.9847742674183104,3.9810717055349854e+21,4096,power,p0,1.0,0.5,A1_balanced_q01_q99,R2,R2,1.0,1.0,2,65,0.8684118446387739,0.11856716385468061,0.013020991506545523,0.0,2.2170247733677826,3.2124097174703103,181.73377210844217,0.021783824966762566,0.041320868750537976,main,True,True,True,False
3.4331409530456547,188.43663684106082,0.1115116258349447,0.016961507846929666,0.6303215467235005,0.5611627867660474,0.1115116258349447,1.0,0.23272205213314023,0.2862307064912722,0.496498631113307,2.186336401267875,3.8815772099594247e+21,5.299646750664602e+20,5.52940364837316e+19,2.934357002474526e+17,-0.1953492279973217,2.220446049250313e-15,0,0.9855299013381327,4.4668359215096167e+21,4096,power,p0,1.0,0.5,A1_balanced_q01_q99,R2,R2,1.0,1.0,2,65,0.868976895092131,0.11864431207657897,0.012378792831289932,0.0,2.207789206131082,3.3838207593370884,193.57943659454583,0.021452804863206776,0.041418564315322814,main,True,True,True,False
3.613731307542905,200.98787695868256,0.1115116258349447,0.016961507846929666,0.6303215467235005,0.5611627867660474,0.1115116258349447,1.0,0.22870098034863642,0.2811110833563317,0.48775343718282616,2.1775912073373944,4.3578971004130343e+21,5.949982174430597e+20,5.897701841661986e+19,2.934357002474526e+17,-0.1924204463452719,1.5543122344752192e-15,0,0.9862487584268884,5.011872336272714e+21,4096,power,p0,1.0,0.5,A1_balanced_q01_q99,R2,R2,1.0,1.0,2,65,0.8695147856966293,0.11871775207377981,0.01176746222959074,0.0,2.1987154329099083,3.5643781268154835,206.197218257823,0.02112422557251392,0.04151140267807414,main,True,True,True,False
3.8039544389804374,214.361136499231,0.1115116258349447,0.016961507846929666,0.6303215467235005,0.5611627867660474,0.1115116258349447,1.0,0.22474670771495012,0.27608807239319394,0.479164584068809,2.169002354223377,4.892519980386847e+21,6.67992061322151e+20,6.290121019449162e+19,2.934357002474526e+17,-0.1895106431050686,8.881784197001252e-16,0,0.9869325596191956,5.623413251903491e+21,4096,power,p0,1.0,0.5,A1_balanced_q01_q99,R2,R2,1.0,1.0,2,65,0.8700267544325965,0.11878765287186385,0.011185592695539483,1.8646611106609735e-16,2.189800619302997,3.7545698588980745,219.6374447887113,0.020798265079619682,0.04159962108193563,main,True,True,True,False
4.004324500196755,228.61000857457447,0.1115116258349447,0.016961507846929666,0.6303215467235005,0.5611627867660474,0.1115116258349447,1.0,0.22085829637366194,0.2711595329188203,0.47072912643260106,2.160566896587169,5.492571949952152e+21,7.499191569001337e+20,6.70823379496564e+19,2.934357002474526e+17,-0.1866215644214153,3.552713678800501e-15,0,0.9875829518488282,6.309573444801943e+21,4096,power,p0,1.0,0.5,A1_balanced_q01_q99,R2,R2,1.0,1.0,2,65,0.8705139892582014,0.11885417666671977,0.010631834075078606,1.6618809641781018e-16,2.181041980563765,3.9549100358609977,233.9537243077416,0.020475083976595698,0.041683445586793336,main,True,True,True,False
4.215383071901416,243.79158057967723,0.1115116258349447,0.016961507846929666,0.6303215467235005,0.5611627867660474,0.1115116258349447,1.0,0.21703481066111086,0.2663233899696866,0.4624441839112958,2.152281954065864,6.166049411085967e+21,8.418712795936041e+20,7.153715316183086e+19,2.934357002474526e+17,-0.18375479655447233,1.1102230246251565e-15,0,0.9882015106124709,7.079457843841402e+21,4096,power,p0,1.0,0.5,A1_balanced_q01_q99,R2,R2,1.0,1.0,2,65,0.8709776295157924,0.1189174790165562,0.010104891467651414,1.4811529683903444e-16,2.1724367807304334,4.165940168801256,249.20315918862053,0.02015482666456947,0.04176309155818546,main,True,True,True,False
4.437700626441264,259.9666619613873,0.1115116258349447,0.016961507846929666,0.6303215467235005,0.5611627867660474,0.1115116258349447,1.0,0.2132753178782783,0.2615776314603369,0.4543069391358048,2.144144709290373,6.921925311839355e+21,9.450735359097999e+20,7.628349949363248e+19,2.934357002474526e+17,-0.1809117762480069,2.220446049250313e-16,0,0.9887897425051067,7.943282347242789e+21,4096,power,p0,1.0,0.5,A1_balanced_q01_q99,R2,R2,1.0,1.0,2,65,0.8714187673615857,0.11897770903710184,0.009603523601312173,2.64015794519497e-16,2.1639823317713875,4.388230663318628,265.4465738185881,0.019837622481014616,0.04183876413844967,main,True,True,True,False
4.671878069669045,277.2000268316271,0.1115116258349447,0.016961507846929666,0.6303215467235005,0.5611627867660474,0.1115116258349447,1.0,0.20957888900827912,0.2569203054835894,0.44631463583432507,2.136152405988893,7.770268357598097e+21,1.0609006397573935e+21,8.134038398195116e+19,2.934357002474526e+17,-0.17809380052473858,4.440892098500626e-16,0,0.9893490877202853,8.912509381337441e+21,4096,power,p0,1.0,0.5,A1_balanced_q01_q99,R2,R2,1.0,1.0,2,65,0.8718384492103687,0.11903500959885567,0.009126541190775717,1.1765216227381376e-16,2.155675992745505,4.6223823612980315,282.74875720454014,0.0195235867566117,0.0419106587004038,main,True,True,True,False
4.91854836508,295.56067239279554,0.1115116258349447,0.016961507846929666,0.6303215467235005,0.5611627867660474,0.1115116258349447,1.0,0.2059445993834835,0.25234951774592046,0.43846457701694663,2.128302347171515,8.722376771877181e+21,1.1908951752536312e+21,8.67280528691879e+19,2.934357002474526e+17,-0.17530203593345436,2.886579864025407e-15,0,0.9898809225098564,1e+22,4096,power,p0,1.0,0.5,A1_balanced_q01_q99,R2,R2,1.0,1.0,2,65,0.872237677187718,0.11908951752536312,0.00867280528691879,0.0,2.1475151689771996,4.869028164959939,301.1787213925358,0.019212821805684843,0.04197896128388588,main,True,True,True,False
5.1783782446071145,315.1220942061813,0.1115116258349447,0.016961507846929666,0.6303215467235005,0.5611627867660474,0.1115116258349447,1.0,0.2023715293042802,0.2478634291317488,0.4307541232373156,2.1205918933918837,9.79092838219394e+21,1.336788088448879e+21,9.246807237683454e+19,2.934357002474526e+17,-0.17253752727215504,1.7763568394002505e-15,0,0.9903865615980403,1.1220184543019653e+22,4096,power,p0,1.0,0.5,A1_balanced_q01_q99,R2,R2,1.0,1.0,2,65,0.872617410583065,0.11914136379160778,0.008241225625327272,0.0,2.139497311245917,5.128834747568518,320.80997673147743,0.018905417854033324,0.0420438490155213,main,False,True,True,False
5.452070010697641,335.9625794014271,0.1115116258349447,0.016961507846929666,0.6303215467235005,0.5611627867660474,0.1115116258349447,1.0,0.19885876461154817,0.24346025339050853,0.4231806909274852,2.1130184610820533,1.0990149023226875e+22,1.5005216799712425e+21,9.858341474359815e+19,2.934357002474526e+17,-0.16980120581109456,2.220446049250313e-16,0,0.9908672605458801,1.2589254117941714e+22,4096,power,p0,1.0,0.5,A1_balanced_q01_q99,R2,R2,1.0,1.0,2,65,0.8729785672976561,0.11919067372170664,0.007830758980637377,0.0,2.1316199149898227,5.402504355421524,341.72082507885324,0.01860145390776946,0.04210549051208531,main,False,True,True,False
5.740363434541609,358.16551899661135,0.1115116258349447,0.016961507846929666,0.6303215467235005,0.5611627867660474,0.1115116258349447,1.0,0.19540539721488226,0.23913825494060034,0.41574175080225667,2.105579520956825,1.2336001492570595e+22,1.6842754037856385e+21,1.0509854987126294e+20,2.934357002474526e+17,-0.16709389703908928,1.9984014443252818e-15,0,0.9913242180625217,1.4125375446227496e+22,4096,power,p0,1.0,0.5,A1_balanced_q01_q99,R2,R2,1.0,1.0,2,65,0.8733220252821815,0.11923756718519384,0.007440407532624692,0.0,2.123880519523449,5.69077670599262,363.9946721180442,0.018300998566624038,0.0421640462678723,main,False,True,True,False
6.04403775558278,381.8197405747543,0.1115116258349447,0.016961507846929666,0.6303215467235005,0.5611627867660474,0.1115116258349447,1.0,0.19201052557861426,0.23489574678450323,0.4084348263294915,2.0982725964840596,1.3846397567163823e+22,1.890494814503434e+21,1.1203954294385372e+20,2.934357002474526e+17,-0.16441632795592329,3.3306690738754696e-15,0,0.991758578260475,1.584893192461111e+22,4096,power,p0,1.0,0.5,A1_balanced_q01_q99,R2,R2,1.0,1.0,2,65,0.8736486239594708,0.11928215879126641,0.007069217249262863,0.0,2.116276707269038,5.994430987356715,387.7203600329301,0.018004110784978433,0.042219669026483116,main,False,True,True,False
6.363913787715751,407.01986264372044,0.1115116258349447,0.016961507846929666,0.6303215467235005,0.5611627867660474,0.1115116258349447,1.0,0.18867325516765487,0.23073108852953805,0.40125749226306456,2.0910952624176327,1.554143589451526e+22,2.1219240474644835e+21,1.194341584094821e+20,2.934357002474526e+17,-0.16176913393307701,1.5543122344752192e-15,0,0.9921714328525582,1.7782794100389228e+22,4096,power,p0,1.0,0.5,A1_balanced_q01_q99,R2,R2,1.0,1.0,2,65,0.873959165628257,0.11932455808044469,0.006716276291298224,1.179315234805591e-16,2.1088061030013616,6.31428796430253,412.99252186667593,0.01771084058372896,0.04227250413745599,main,False,True,True,False
6.700856137862119,433.8666720930325,0.1115116258349447,0.016961507846929666,0.6303215467235005,0.5611627867660474,0.1115116258349447,1.0,0.18539269885514117,0.2266426845089668,0.39420737323526905,2.084045143389837,1.744366891625045e+22,2.3816422626987276e+21,1.2731197073965089e+20,2.934357002474526e+17,-0.15915286516434843,3.9968028886505635e-15,0,0.992563823288753,1.995262314968883e+22,4096,power,p0,1.0,0.5,A1_balanced_q01_q99,R2,R2,1.0,1.0,2,65,0.8742544168445587,0.11936486971317706,0.006380713442264176,0.0,2.1014663731057635,6.651212196825493,439.9119589781434,0.017421229715926412,0.042322689898183725,main,False,True,True,False
7.055775542921763,462.4675262531685,0.1115116258349447,0.016961507846929666,0.6303215467235005,0.5611627867660474,0.1115116258349447,1.0,0.18216797729384496,0.22262898199833206,0.3872821424056699,2.077119912560238,1.957840236679581e+22,2.6731045364798545e+21,1.3570448240780567e+20,2.934357002474526e+17,-0.1565679927272637,1.7763568394002505e-15,0,0.9929367428316009,2.238721138568347e+22,4096,power,p0,1.0,0.5,A1_balanced_q01_q99,R2,R2,1.0,1.0,2,65,0.8745351097777241,0.11940319365498527,0.006061696567290562,0.0,2.0942552248491975,7.006114376997197,468.58604310143176,0.01713531228895926,0.04237035788155619,main,False,True,True,False
7.429631331415618,492.93678116108345,0.1115116258349447,0.016961507846929666,0.6303215467235005,0.5611627867660474,0.1115116258349447,1.0,0.17899821925324705,0.21868846952213808,0.3804795201635412,2.0703172903181093,2.1974031322329295e+22,3.000187743208694e+21,1.4464524955772782e+20,2.934357002474526e+17,-0.15401491427545733,4.440892098500626e-16,0,0.9932911385692442,2.511886431509572e+22,4096,power,p0,1.0,0.5,A1_balanced_q01_q99,R2,R2,1.0,1.0,2,65,0.8748019435386468,0.11943962535780994,0.005758431103543171,1.6697824978812212e-16,2.087170405664046,7.379953790527737,499.1291446122411,0.016853115345936587,0.04241563324977553,main,False,True,True,False
7.823434016473325,525.3962477402298,0.1115116258349447,0.016961507846929666,0.6303215467235005,0.5611627867660474,0.1115116258349447,1.0,0.17588256192413398,0.21481967524617976,0.37379727288117365,2.0636350430357417,2.466241726019016e+22,3.367242036591297e+21,1.541700158630384e+20,2.934357002474526e+17,-0.15149395938147647,2.4424906541753444e-15,0,0.9936279133655468,2.8183829312644493e+22,4096,power,p0,1.0,0.5,A1_balanced_q01_q99,R2,R2,1.0,1.0,2,65,0.8750555854780715,0.1194742559372727,0.005470158584655884,0.0,2.080209702444473,7.7737409096749275,531.6630887092421,0.01657465940873104,0.04245863505479201,main,False,True,True,False
8.238248027174016,559.9756777146223,0.1115116258349447,0.016961507846929666,0.6303215467235005,0.5611627867660474,0.1115116258349447,1.0,0.1728201511925187,0.21102116545103855,0.36723321171548834,2.0570709818700563,2.767931113318752e+22,3.779148613384536e+21,1.6431685511173204e+20,2.934357002474526e+17,-0.14900539454872858,3.1086244689504383e-15,0,0.9939479277470511,3.1622776601683792e+22,4096,power,p0,1.0,0.5,A1_balanced_q01_q99,R2,R2,1.0,1.0,2,65,0.875296672453288,0.11950717234562226,0.005196155201089546,2.652710767830975e-16,2.073370940855113,8.18854012450834,566.3176413299709,0.01629995898505676,0.04249947652580791,main,False,True,True,False
8.67519458562285,596.8132811952038,0.1115116258349447,0.016961507846929666,0.6303215467235005,0.5611627867660474,0.1115116258349447,1.0,0.16981014188462773,0.20729154308244682,0.3607851914555106,2.050622961610079,3.106482807391463e+22,4.2413845263584775e+21,1.7512632308449447e+20,2.934357002474526e+17,-0.14654942791053882,1.7763568394002505e-15,0,0.9942520017268581,3.5481338923357603e+22,4096,power,p0,1.0,0.5,A1_balanced_q01_q99,R2,R2,1.0,1.0,2,65,0.8755258120618568,0.11953845754017883,0.0049357303979644255,0.0,2.066651984651867,8.625472619910992,603.2310267394465,0.016029023041788104,0.04253826534429564,main,False,True,True,False
9.135454737539579,636.05627800297,0.1115116258349447,0.016961507846929666,0.6303215467235005,0.5611627867660474,0.1115116258349447,1.0,0.16685169798463675,0.20362944637443575,0.3544511094134069,2.0442888795679752,3.486398002934414e+22,4.76009540667312e+21,1.8664161933258988e+20,2.934357002474526e+17,-0.14412621363354786,2.220446049250313e-16,0,0.9945409165657106,3.981071705534985e+22,4096,power,p0,1.0,0.5,A1_balanced_q01_q99,R2,R2,1.0,1.0,2,65,0.8757435838413024,0.11956819064713248,0.004688225511565071,2.107123061445265e-16,2.0600507350145976,9.085719406095109,642.5504788559208,0.01576185544662234,0.04257510390696817,main,False,False,True,False
9.620272544550438,677.8614849279589,0.1115116258349447,0.016961507846929666,0.6303215467235005,0.5611627867660474,0.1115116258349447,1.0,0.16394399282677527,0.20003354754136127,0.3482289043568967,2.038066674511465,3.9127273394763804e+22,5.342177060831752e+21,1.9890875950061368e+20,2.934357002474526e+17,-0.14173585604193245,1.1102230246251565e-15,0,0.9948154164708454,4.466835921509617e+22,4096,power,p0,1.0,0.5,A1_balanced_q01_q99,R2,R2,1.0,1.0,2,65,0.8759505404340061,0.11959644712058964,0.004453012445404313,0.0,2.0535651298915134,9.570524510823276,684.432828512817,0.015498455380048348,0.042610089577142095,main,False,False,True,False
10.13095844681144,722.3959412665583,0.1115116258349447,0.016961507846929666,0.6303215467235005,0.5611627867660474,0.1115116258349447,1.0,0.16108620926335815,0.19650255153508975,0.3421165554809737,2.031954325635542,4.391137957870044e+22,5.995367025145234e+21,2.119767588814702e+20,2.934357002474526e+17,-0.13937841347820193,3.3306690738754696e-15,0,0.9950762102333823,5.011872336272714e+22,4096,power,p0,1.0,0.5,A1_balanced_q01_q99,R2,R2,1.0,1.0,2,65,0.8761472087167518,0.11962329889679385,0.004229492386454429,0.0,2.0471931433550403,10.081198341963237,729.045128999271,0.015238817719498421,0.04264331492491529,main,False,False,True,False
10.668892805052765,769.8375751320852,0.1115116258349447,0.016961507846929666,0.6303215467235005,0.5611627867660474,0.1115116258349447,1.0,0.15827753981023032,0.19303519486382031,0.33611208141698706,2.0259498515715553,4.927988739831583e+22,6.728347292783388e+21,2.2589782793568433e+20,2.934357002474526e+17,-0.137053901915603,1.5543122344752192e-15,0,0.9953239728050245,5.623413251903491e+22,4096,power,p0,1.0,0.5,A1_balanced_q01_q99,R2,R2,1.0,1.0,2,65,0.8763340908946162,0.11964881454347827,0.004017094561905428,0.0,2.040932784968977,10.61912122946546,776.565322374228,0.01498293339742185,0.04267486795658998,main,False,False,True,False
11.235529631616703,820.3759131965492,0.1115116258349447,0.016961507846929666,0.6303215467235005,0.5611627867660474,0.1115116258349447,1.0,0.1555171867710605,0.18963024446916857,0.33021353927722746,2.020051309431796,5.530414729070665e+22,7.550859576757814e+21,2.407275805549728e+20,2.934357002474526e+17,-0.1347622983364529,4.440892098500626e-16,0,0.9955593468153183,6.309573444801943e+22,4096,power,p0,1.0,0.5,A1_balanced_q01_q99,R2,R2,1.0,1.0,2,65,0.8765116655590756,0.11967305940433244,0.003815275036592101,1.3295047713424815e-16,2.034782099166737,11.185747156336868,827.182949211908,0.01473078973494113,0.04270483233374664,main,False,False,True,False
11.832400520575074,874.2128366943776,0.1115116258349447,0.016961507846929666,0.6303215467235005,0.5611627867660474,0.1115116258349447,1.0,0.15280436234183936,0.18628649665833674,0.32441902373327697,2.0142567938878453,6.20642185439758e+22,8.473834638537496e+21,2.5652525590072662e+20,2.934357002474526e+17,-0.1325035438900365,0.0,0,0.9957829440304593,7.079457843841402e+22,4096,power,p0,1.0,0.5,A1_balanced_q01_q99,R2,R2,1.0,1.0,2,65,0.876680388710373,0.11969609573858961,0.0036235155510373493,0.0,2.028739164640481,11.782607688696363,881.0999046094112,0.01448237075263581,0.04273328758237923,main,False,False,True,False
12.461118787548742,931.5633867036026,0.1115116258349447,0.016961507846929666,0.6303215467235005,0.5611627867660474,0.1115116258349447,1.0,0.15013828869688464,0.1830027760883398,0.31872666612646955,2.0085644362810378,6.964993211906878e+22,9.509537398656858e+21,2.733539547022601e+20,2.934357002474526e+17,-0.13027754684302476,6.661338147750939e-16,0,0.9959953467549552,7.94328234724279e+22,4096,power,p0,1.0,0.5,A1_balanced_q01_q99,R2,R2,1.0,1.0,2,65,0.8768406947443473,0.11971798285576157,0.0034413223998910804,0.0,2.0228020937409537,12.411316115533465,938.5312434720245,0.014237657459915898,0.04276030929248247,main,False,False,True,False
13.123383830417719,992.6566219166385,0.1115116258349447,0.016961507846929666,0.6303215467235005,0.5611627867660474,0.1115116258349447,1.0,0.14751819805759497,0.1797779347994128,0.31313463360890015,2.002972403763468,7.816208316730734e+22,1.0671729755109695e+22,2.9128089095737963e+20,2.934357002474526e+17,-0.12808418533472227,4.440892098500626e-16,0,0.996197109177622,8.91250938133744e+22,4096,power,p0,1.0,0.5,A1_balanced_q01_q99,R2,R2,1.0,1.0,2,65,0.8769929974040385,0.11973877724556471,0.003268225350396984,1.8824345963810202e-16,2.0169690318878315,13.073571809361066,999.7060382881551,0.013996628124363308,0.04278596930847898,main,False,False,True,False
13.820985722709528,1057.7365323218462,0.1115116258349447,0.016961507846929666,0.6303215467235005,0.5611627867660474,0.1115116258349447,1.0,0.14494333274512494,0.17661085129489307,0.30764112831351476,1.997478898468083,8.771376906965113e+22,1.1975853270309701e+22,3.1037766003917324e+20,2.934357002474526e+17,-0.1259233099488191,8.881784197001252e-16,0,0.996388758663179,1e+23,4096,power,p0,1.0,0.5,A1_balanced_q01_q99,R2,R2,1.0,1.0,2,65,0.8771376906965114,0.11975853270309703,0.003103776600391733,1.6777216000000002e-16,2.0112381569904048,13.77116481954766,1064.8682928152243,0.013759258522321849,0.042810335910857936,main,False,False,True,False
14.555810052081876,1127.0630124403688,0.1115116258349447,0.016961507846929666,0.6303215467235005,0.5611627867660474,0.1115116258349447,1.0,0.14241294521809633,0.17350042966499718,0.302244386551879,1.9920821567064473,9.84318907548552e+22,1.3439234151062895e+22,3.30720524278443e+20,2.934357002474526e+17,-0.12379474611271002,2.6645352591003757e-15,0,0.9965707969909574,1.1220184543019653e+23,4096,power,p0,1.0,0.5,A1_balanced_q01_q99,R2,R2,1.0,1.0,2,65,0.8772751497754291,0.11977730044933857,0.00294754977523246,1.495270949927246e-16,2.0056076788784027,14.505980710746226,1134.277915320905,0.013525522171955462,0.04283347398939297,main,False,False,True,False
15.329843016976538,1200.9128980001428,0.1115116258349447,0.016961507846929666,0.6303215467235005,0.5611627867660474,0.1115116258349447,1.0,0.13992629809640958,0.17044559875206095,0.29694267803831853,1.9867804481928868,1.1045883722042727e+23,1.5081313241829005e+22,3.523907171608695e+20,2.934357002474526e+17,-0.12169829633485921,3.3306690738754696e-15,0,0.9967437015422971,1.2589254117941714e+23,4096,power,p0,1.0,0.5,A1_balanced_q01_q99,R2,R2,1.0,1.0,2,65,0.8774057317899846,0.11979512924705925,0.0027991389629561615,1.3326616368867927e-16,2.000075838742794,15.280005659496176,1208.2117552616232,0.01329539054990736,0.042855445208287234,main,False,False,True,False
16.145176795220372,1279.5810701820683,0.1115116258349447,0.016961507846929666,0.6303215467235005,0.5611627867660474,0.1115116258349447,1.0,0.13748266417215754,0.16744531135493937,0.2917343051391839,1.981572075293752,1.2395437561144068e+23,1.6923904083482034e+22,3.7547476735226e+20,2.934357002474526e+17,-0.11963374229012178,3.9968028886505635e-15,0,0.9969079264381522,1.4125375446227497e+23,4096,power,p0,1.0,0.5,A1_balanced_q01_q99,R2,R2,1.0,1.0,2,65,0.8775297767008772,0.11981206551222642,0.002658157786896483,0.0,1.9946409085863848,16.09533182277489,1286.9647075332364,0.013068833292632753,0.04287630816359262,main,False,False,True,False
17.004015199087156,1363.3816318426475,0.1115116258349447,0.016961507846929666,0.6303215467235005,0.5611627867660474,0.1115116258349447,1.0,0.13508132640858103,0.16449854347039825,0.2866176021460671,1.9764553723006353,1.3909777194005178e+23,1.8991482462215067e+22,4.000648438442619e+20,2.934357002474526e+17,-0.11760084676239163,5.329070518200751e-15,0,0.9970639036283289,1.584893192461111e+23,4096,power,p0,1.0,0.5,A1_balanced_q01_q99,R2,R2,1.0,1.0,2,65,0.8776476080640675,0.11982815342101401,0.002524238514918591,2.1171415310261256e-16,1.9893011906840337,16.95416299301124,1370.8508886982818,0.012845818383398377,0.042896118533229576,main,False,False,True,False
17.908679632100725,1452.6491604048651,0.1115116258349447,0.016961507846929666,0.6303215467235005,0.5611627867660474,0.1115116258349447,1.0,0.1327215779279772,0.16160429356943398,0.2815909345718649,1.9714287047264332,1.5609017058918498e+23,2.1311511291110055e+22,4.262591235972757e+20,2.934357002474526e+17,-0.11559935545342767,8.881784197001252e-16,0,0.9972120439341805,1.7782794100389228e+23,4096,power,p0,1.0,0.5,A1_balanced_q01_q99,R2,R2,1.0,1.0,2,65,0.8777595337830993,0.11984343501251916,0.002397031204381688,1.8869043756889456e-16,1.984055017052333,17.858820554842985,1460.2048898814464,0.012626312325899836,0.042914929219929336,main,False,False,True,False
18.861615363682528,1547.7400424147052,0.1115116258349447,0.016961507846929666,0.6303215467235005,0.5611627867660474,0.1115116258349447,1.0,0.1304027219893977,0.15876158190658313,0.27665269846863666,1.9664904686232048,1.751572641779751e+23,2.39148051357662e+22,4.54162183146981e+20,2.934357002474526e+17,-0.11362899866621042,8.038014698286133e-14,0,0.9973527380462186,1.9952623149688827e+23,4096,power,p0,1.0,0.5,A1_balanced_q01_q99,R2,R2,1.0,1.0,2,65,0.8778658468308053,0.11985795028729927,0.0022762028818955763,1.6817052950014394e-16,1.978900748928575,18.811749759722968,1555.3831113304755,0.01241028030537028,0.042932790487407405,main,False,False,True,False
19.865398138613454,1649.0338950854273,0.1115116258349447,0.016961507846929666,0.6303215467235005,0.5611627867660474,0.1115116258349447,1.0,0.12812407195691053,0.15596944986041905,0.2718013197662713,1.9616390899208396,1.9655228921964325e+23,2.683593922145529e+22,4.838854157361767e+20,2.934357002474526e+17,-0.11168949287071155,1.3944401189291966e-13,0,0.9974863574776522,2.238721138568347e+23,4096,power,p0,1.0,0.5,A1_balanced_q01_q99,R2,R2,1.0,1.0,2,65,0.8779668259412498,0.1198717373018453,0.0021614367569049685,1.4988214218345175e-16,1.9738367762588456,19.815526335330762,1656.7651839657128,0.012197686338005997,0.04294975009006656,main,False,False,True,False
20.922741139150443,1756.9350805016838,0.1115116258349447,0.016961507846929666,0.6303215467235005,0.5611627867660474,0.1115116258349447,1.0,0.1258849512592373,0.15322695930344768,0.26703525363103037,1.9568730237855985,2.2055938732577507e+23,3.011370834954582e+22,5.155474756363261e+20,2.934357002474526e+17,-0.10978054215950382,1.9184653865522705e-13,0,0.9976132554767667,2.5118864315095718e+23,4096,power,p0,1.0,0.5,A1_balanced_q01_q99,R2,R2,1.0,1.0,2,65,0.8780627362727749,0.11988483225910951,0.0020524314681157653,1.335825998304977e-16,1.9688615171950872,20.872863447656634,1764.7554835882004,0.01198849340948871,0.04296585339651295,main,False,False,True,False
22.036502318656897,1871.8743185198348,0.1115116258349447,0.016961507846929666,0.6303215467235005,0.5611627867660474,0.1115116258349447,1.0,0.12368469334137656,0.1505331919998658,0.2623529838430806,1.9521907539976486,2.4749737656177983e+23,3.3791641813235005e+22,5.492747514300909e+20,2.934357002474526e+17,-0.10790183960021049,1.7319479184152442e-13,0,0.9977337678975511,2.818382931264449e+23,4096,power,p0,1.0,0.5,A1_balanced_q01_q99,R2,R2,1.0,1.0,2,65,0.8781538300430373,0.11989726959520935,0.0019489003617534058,1.190556174172756e-16,1.9639734176009727,21.986619034575785,1879.7847437860553,0.011782663603324028,0.04298114350716652,main,False,False,True,False
23.209692126468337,1994.3104048060245,0.1115116258349447,0.016961507846929666,0.6303215467235005,0.5611627867660474,0.1115116258349447,1.0,0.12152264160908222,0.14788724902944908,0.2577530221921902,1.9475907923467584,2.777239830009616e+23,3.791858114573129e+22,5.852018701450365e+20,2.934357002474526e+17,-0.10605306849138295,1.3944401189291966e-13,0,0.997848214034831,3.162277660168379e+23,4096,power,p0,1.0,0.5,A1_balanced_q01_q99,R2,R2,1.0,1.0,2,65,0.8782403471369236,0.11990908206242797,0.0018505708006484058,0.0,1.9591709505664356,23.159803530734244,2002.3117739722768,0.011580158219677283,0.0429956613662261,main,False,False,True,False
24.445481645091274,2124.7320408465494,0.1115116258349447,0.016961507846929666,0.6303215467235005,0.5611627867660474,0.1115116258349447,1.0,0.11939814936639083,0.14528825023654401,0.25323390789079203,1.94307167804536,3.116405886315099e+23,4.254932836782215e+22,6.234722342440063e+20,2.934357002474526e+17,-0.10423390352801166,1.1857181902996672e-13,0,0.9979568974153308,3.5481338923357603e+23,4096,power,p0,1.0,0.5,A1_balanced_q01_q99,R2,R2,1.0,1.0,2,65,0.8783225156882531,0.11992030080863617,0.0017571835031106179,0.0,1.9544526159307043,24.395588004627395,2132.825289406818,0.011380937885344222,0.043009445868250236,main,False,False,True,False
25.74721116144686,2263.659783253417,0.1115116258349447,0.016961507846929666,0.6303215467235005,0.5611627867660474,0.1115116258349447,1.0,0.11731057974734238,0.14273533370224803,0.24879420700367666,1.9386319771582448,3.4969755862260457e+23,4.774537333727294e+22,6.642385936209632e+20,2.934357002474526e+17,-0.10244401188249636,9.814371537686384e-14,0,0.9980601065592558,3.9810717055349855e+23,4096,power,p0,1.0,0.5,A1_balanced_q01_q99,R2,R2,1.0,1.0,2,65,0.8784005526361435,0.11993095545325479,0.001668491910601498,1.6856984491562117e-16,1.949816939813692,25.69731272986547,2271.84586050197,0.011184962655447217,0.04302253395959617,main,False,False,True,False
27.118399195536643,2411.648120122607,0.1115116258349447,0.016961507846929666,0.6303215467235005,0.5611627867660474,0.1115116258349447,1.0,0.11525930564202318,0.14022765523891143,0.24443251189360923,1.9342702820481774,3.924002186439022e+23,5.357570985218078e+22,7.076636548786299e+20,2.934357002474526e+17,-0.10068305420656505,7.949196856316121e-14,0,0.9981581157039856,4.466835921509616e+23,4096,power,p0,1.0,0.5,A1_balanced_q01_q99,R2,R2,1.0,1.0,2,65,0.8784746642569451,0.11994107415988156,0.001584261583173324,0.0,1.9452624741555975,27.068496213792688,2419.927989186295,0.010992192107420085,0.0430349607349486,main,False,False,True,False
28.562752010851902,2569.2876827339155,0.1115116258349447,0.016961507846929666,0.6303215467235005,0.5611627867660474,0.1115116258349447,1.0,0.11324370961761143,0.13776438790558346,0.240147440682203,1.9299852108367712,4.4031556155879105e+23,6.0117751338160265e+22,7.539207303201814e+20,2.934357002474526e+17,-0.0989506855592906,5.950795411990839e-14,0,0.998251185495203,5.011872336272715e+23,4096,power,p0,1.0,0.5,A1_balanced_q01_q99,R2,R2,1.0,1.0,2,65,0.878545046672617,0.1199506837057013,0.001504269621681676,0.0,1.9407877962645688,28.512844707865668,2577.6623206089016,0.01080258542779755,0.043046759529175464,main,False,False,True,False
30.084173632244866,2737.207601412775,0.1115116258349447,0.016961507846929666,0.6303215467235005,0.5611627867660474,0.1115116258349447,1.0,0.1112631838348806,0.13534472154329616,0.23593763672542672,1.9257754068799948,4.9407977249041455e+23,6.745835827069126e+22,8.031944292432078e+20,2.934357002474526e+17,-0.09724655626604725,5.1958437552457326e-14,0,0.9983395636461467,5.623413251903491e+23,4096,power,p0,1.0,0.5,A1_balanced_q01_q99,R2,R2,1.0,1.0,2,65,0.8786118863364196,0.11995980954779915,0.001428304115781161,0.0,1.936391508372294,30.034262225494697,2745.6779990056925,0.01061610149229919,0.04305796200471459,main,False,False,True,False
31.686776398342353,2916.078014950878,0.1115116258349447,0.016961507846929666,0.6303215467235005,0.5611627867660474,0.1115116258349447,1.0,0.10931712996060548,0.13296786232911148,0.23180176810314337,1.9216395382577116,5.544066721192229e+23,7.569499096667791e+22,8.556813942933125e+20,2.934357002474526e+17,-0.0955703127129479,4.04121180963557e-14,0,0.9984234855662857,6.309573444801942e+23,4096,power,p0,1.0,0.5,A1_balanced_q01_q99,R2,R2,1.0,1.0,2,65,0.8786753604967756,0.1199684758864931,0.0013561636167311027,2.1272076341479705e-16,1.9320722371973769,31.636861094429324,2924.645177124309,0.010432698939665253,0.04306859823470818,main,False,False,True,False
33.374892077021855,3106.6127435947265,0.1115116258349447,0.016961507846929666,0.6303215467235005,0.5611627867660474,0.1115116258349447,1.0,0.1074049590762948,0.1306330323479254,0.22773852712212322,1.9175762972766914,6.220971902554485e+23,8.493700304287725e+22,9.115910858143785e+20,2.934357002474526e+17,-0.09392159808102836,3.419486915845482e-14,0,0.9985031749607463,7.079457843841402e+23,4096,power,p0,1.0,0.5,A1_balanced_q01_q99,R2,R2,1.0,1.0,2,65,0.8787356376401428,0.11997670572580085,0.0012876566340562286,1.8958757995396408e-16,1.9278286335163592,33.32497307220706,3115.2776892170255,0.010252336239667814,0.043078696782079325,main,False,False,True,False
35.15308357399641,3309.572136263641,0.1115116258349447,0.016961507846929666,0.6303215467235005,0.5611627867660474,0.1115116258349447,1.0,0.10552609158363972,0.1283394691810808,0.22374662983199614,1.9135843999865643,6.980499954014736e+23,9.53070927054812e+22,9.711466173239791e+20,2.934357002474526e+17,-0.09230005302417818,2.9753977059954195e-14,0,0.9985788444016577,7.94328234724279e+23,4096,power,p0,1.0,0.5,A1_balanced_q01_q99,R2,R2,1.0,1.0,2,65,0.8787928779137195,0.11998452093115318,0.001222601155127107,1.6897010849247808e-16,1.9236593717422612,35.10316105471248,3318.3358982629975,0.010074971755696938,0.04308828477474231,main,False,False,True,False
37.02615726615604,3525.7661033538866,0.1115116258349447,0.016961507846929666,0.6303215467235005,0.5611627867660474,0.1115116258349447,1.0,0.10367995710704427,0.12608642551089463,0.2198248155536378,1.909662585708206,7.83273421358779e+23,1.0694293112951863e+23,1.0345856454463801e+21,2.934357002474526e+17,-0.0907053162945688,2.6201263381153694e-14,0,0.9986506958726546,8.912509381337441e+23,4096,power,p0,1.0,0.5,A1_balanced_q01_q99,R2,R2,1.0,1.0,2,65,0.8788472335287891,0.11999194228446401,0.0011608241867467485,0.0,1.9195631495105023,36.97623140949399,3534.629728776602,0.009900563802296425,0.04309738797713155,main,False,False,True,False
38.9991759930009,3756.0573472253964,0.1115116258349447,0.016961507846929666,0.6303215467235005,0.5611627867660474,0.1115116258349447,1.0,0.10186599439357955,0.12387316874026294,0.215971846419517,1.9058096165740852,8.788988491454839e+23,1.199989895366634e+23,1.1021613178526735e+21,2.934357002474526e+17,-0.08913702531909763,1.687538997430238e-14,0,0.9987189212876921,1e+24,4096,power,p0,1.0,0.5,A1_balanced_q01_q99,R2,R2,1.0,1.0,2,65,0.8788988491454839,0.1199989895366634,0.0011021613178526736,0.0,1.9155386872720805,38.949246967173174,3765.0218972983394,0.009729070697995335,0.043106030858217105,main,False,False,True,False
0.24523038977031525,5.344036420314488,0.1115116258349447,0.016961507846929666,0.6303215467235005,0.5611627867660474,0.1115116258349447,1.0,0.570822036639224,0.7758766762755573,1.2884295465671844,2.9782673167217526,7.863120805802893e+18,1.0735780940189549e+18,1.063301100178153e+18,1.9896965824113514e+17,-0.33707626665365703,8.22675261247241e-14,0,0.8694038900085426,1e+19,4096,logarithmic,p0,1.0,0.5,A1_balanced_q01_q99,R2,R2,1.0,1.0,2,65,0.7863120805802893,0.10735780940189549,0.1063301100178153,2.048e-16,3.0114336635835866,0.21520735927882478,6.814114917171282,0.03316634686183395,0.025095679418146638,main,True,False,True,False
0.25687031971838065,5.75211267411983,0.1115116258349447,0.016961507846929666,0.6303215467235005,0.5611627867660474,0.1115116258349447,1.0,0.5618929038348572,0.760060039993482,1.2647544812108857,2.9545922513654537,8.86528212994386e+18,1.2104065201416686e+18,1.1444958929341244e+18,1.9896965824113514e+17,-0.33913580395798437,8.143485885625523e-14,0,0.8750147870121019,1.1220184543019653e+19,4096,logarithmic,p0,1.0,0.5,A1_balanced_q01_q99,R2,R2,1.0,1.0,2,65,0.7901191015132782,0.10787759465994627,0.10200330382677554,0.0,2.988281181335129,0.22669061356944856,7.258268571949375,0.03368892996967521,0.025945628188019668,main,True,False,True,False
0.26911803937649686,6.188982999514188,0.1115116258349447,0.016961507846929666,0.6303215467235005,0.5611627867660474,0.1115116258349447,1.0,0.5530648040831846,0.744645527632012,1.241560802154836,2.931398572309404,9.993401823382372e+18,1.3644324622858068e+18,1.2314198322735334e+18,1.9896965824113514e+17,-0.34072739098273475,9.103828801926284e-14,0,0.8804201875043578,1.2589254117941713e+19,4096,logarithmic,p0,1.0,0.5,A1_balanced_q01_q99,R2,R2,1.0,1.0,2,65,0.793804122925771,0.10838072291679862,0.09781515415743035,0.0,2.9655342976791985,0.2387866030822554,7.731372790586555,0.03413572536979448,0.02675849987303144,main,True,False,True,False
0.2820062977526467,6.656548394731465,0.1115116258349447,0.016961507846929666,0.6303215467235005,0.5611627867660474,0.1115116258349447,1.0,0.5443382827586689,0.7296198512582577,1.2188363181875803,2.9086740883421482,1.1263131411657263e+19,1.5377928754049382e+18,1.3244511591652964e+18,1.9896965824113514e+17,-0.341879303166447,1.0746958878371515e-13,0,0.8856250027311678,1.4125375446227497e+19,4096,logarithmic,p0,1.0,0.5,A1_balanced_q01_q99,R2,R2,1.0,1.0,2,65,0.797368640184735,0.10886739833988913,0.09376396147537595,0.0,2.9431859071047564,0.25152802276965136,8.235314611810793,0.034511818762608115,0.027535700373390575,main,True,False,True,False
0.2955695953576347,7.15683189250273,0.1115116258349447,0.016961507846929666,0.6303215467235005,0.5611627867660474,0.1115116258349447,1.0,0.535713823792118,0.714970204769713,1.1965692402950334,2.8864070104496014,1.2692051439057883e+19,1.7328880898127027e+18,1.4239923957405245e+18,1.9896965824113514e+17,-0.3426186532053887,1.192379528447418e-13,0,0.8906342064020445,1.5848931924611109e+19,4096,logarithmic,p0,1.0,0.5,A1_balanced_q01_q99,R2,R2,1.0,1.0,2,65,0.8008143071993991,0.10933784674295793,0.08984784605764314,1.292200641495438e-16,2.9212290285792135,0.26494931215474016,8.772104074205338,0.034822018129612164,0.02827859779852649,main,True,False,True,False
0.3098442768006896,7.6919865470952455,0.1115116258349447,0.016961507846929666,0.6303215467235005,0.5611627867660474,0.1115116258349447,1.0,0.52719184841148,0.700684249853668,1.174748167022685,2.864585937177253,1.4299908053072159e+19,1.952414112846119e+18,1.5304719344709501e+18,1.9896965824113514e+17,-0.34297141487573235,1.3633538742396922e-13,0,0.8954528213632902,1.7782794100389229e+19,4096,logarithmic,p0,1.0,0.5,A1_balanced_q01_q99,R2,R2,1.0,1.0,2,65,0.8041429244664742,0.10979231395382262,0.08606476157970312,0.0,2.89965680336776,0.27908674841990583,9.343882233513112,0.03507086619050703,0.028988522438237185,main,True,False,True,False
0.32486862834267294,8.264303951840274,0.1115116258349447,0.016961507846929666,0.6303215467235005,0.5611627867660474,0.1115116258349447,1.0,0.5187727141884445,0.6867501020909135,1.1533620702684197,2.843199840422988,1.6108878534247688e+19,2.1993988825426176e+18,1.6443457328985219e+18,1.9896965824113514e+17,-0.3429624475770733,1.609823385706477e-13,0,0.9000859065304738,1.9952623149688828e+19,4096,logarithmic,p0,1.0,0.5,A1_balanced_q01_q99,R2,R2,1.0,1.0,2,65,0.8073564269417335,0.11023106415844468,0.08241250889982184,0.0,2.878462492890872,0.2939785444625164,9.95292970252084,0.03526265246788407,0.029666766804838957,main,True,False,True,False
0.34068298067610997,8.876223320943373,0.1115116258349447,0.016961507846929666,0.6303215467235005,0.5611627867660474,0.1115116258349447,1.0,0.5104567143863039,0.673156317203665,1.1324002815015506,2.822238051656119,1.8143869308754725e+19,2.477242956288645e+18,1.7660991206400965e+18,1.9896965824113514e+17,-0.3426155215823281,1.773026170326375e-13,0,0.9045385441533158,2.238721138568347e+19,4096,logarithmic,p0,1.0,0.5,A1_balanced_q01_q99,R2,R2,1.0,1.0,2,65,0.8104568718352146,0.11065437823456797,0.0788887499302173,0.0,2.8576394766193642,0.30966495218278767,10.601675747584485,0.035401424963245276,0.030314585744538734,main,True,False,True,False
0.35732981721545576,9.530341171511818,0.1115116258349447,0.016961507846929666,0.6303215467235005,0.5611627867660474,0.1115116258349447,1.0,0.5022440776018674,0.6598918774502238,1.1118524784035628,2.801690248558131,2.04328504129035e+19,2.7897651763750917e+18,1.896248725817126e+18,1.9896965824113514e+17,-0.3419533439657973,1.7041923427996153e-13,0,0.9088158274788272,2.511886431509572e+19,4096,logarithmic,p0,1.0,0.5,A1_balanced_q01_q99,R2,R2,1.0,1.0,2,65,0.8134464264223897,0.11106255208753696,0.07549102149007328,0.0,2.8371812500063176,0.32618837128297645,11.292707978079346,0.0354910014481864,0.030933196615866493,main,True,False,True,False
0.37485388819431376,10.229421644068848,0.1115116258349447,0.016961507846929666,0.6303215467235005,0.5611627867660474,0.1115116258349447,1.0,0.4941349676925602,0.6469461781704432,1.0917086719259876,2.781546442080556,2.3007230863549665e+19,3.141253920569981e+18,2.0353445285248494e+18,1.9896965824113514e+17,-0.34099758516885775,1.4865886299730846e-13,0,0.9129228488753858,2.8183829312644493e+19,4096,logarithmic,p0,1.0,0.5,A1_balanced_q01_q99,R2,R2,1.0,1.0,2,65,0.816327355957539,0.11145589500006933,0.07221674904239167,0.0,2.817081422455228,0.34359346387199946,12.028782667422496,0.03553498037467229,0.03152377953262063,main,True,True,True,False
0.39330233088574257,10.976407502191982,0.1115116258349447,0.016961507846929666,0.6303215467235005,0.5611627867660474,0.1115116258349447,1.0,0.48612948397582983,0.6343090144899243,1.0719591937606607,2.761796963915229,2.590227993218315e+19,3.5365246200740726e+18,2.1839720494265705e+18,1.9896965824113514e+17,-0.3397689061530694,1.2922996006636822e-13,0,0.9168646884617153,3.162277660168379e+19,4096,logarithmic,p0,1.0,0.5,A1_balanced_q01_q99,R2,R2,1.0,1.0,2,65,0.8191020117697051,0.11183472800695705,0.06906326022333796,1.2952689296049681e-16,2.7973337153237674,0.3619272751852385,12.812835746833278,0.035536751408538514,0.03208747766847049,main,True,True,True,False
0.4127247962713766,11.774431854719554,0.1115116258349447,0.016961507846929666,0.6303215467235005,0.5611627867660474,0.1115116258349447,1.0,0.47822766168942454,0.6219705681891347,1.0525946842173537,2.742432454371922,2.9157599930702004e+19,3.980984310538514e+18,2.3427546821170847e+18,1.9896965824113514e+17,-0.33828698607980195,1.1102230246251565e-13,0,0.9206464032963438,3.5481338923357606e+19,4096,logarithmic,p0,1.0,0.5,A1_balanced_q01_q99,R2,R2,1.0,1.0,2,65,0.8217728196132801,0.11219938230453319,0.06602779808218662,1.1544096486459184e-16,2.7779319599624968,0.3812393607458455,13.64799451568326,0.03549950559057491,0.03262539762007325,main,True,True,True,False
0.43317358250876364,12.62683064663551,0.1115116258349447,0.016961507846929666,0.6303215467235005,0.5611627867660474,0.1115116258349447,1.0,0.470429472696304,0.6099213947482214,1.0336060805035436,2.7234438506581116,3.2817656801607315e+19,4.4807040753127854e+18,2.5123561784297585e+18,1.9896965824113514e+17,-0.3365705504494496,8.992806499463768e-14,0,0.9242730171565188,3.981071705534986e+19,4096,logarithmic,p0,1.0,0.5,A1_balanced_q01_q99,R2,R2,1.0,1.0,2,65,0.8243422683389522,0.11255019770387828,0.0631075339571695,0.0,2.758870095787954,0.4015819203112337,14.537590115143523,0.03542624512984238,0.03313860982534147,main,True,True,True,False
0.45470377556049624,13.537155967861594,0.1115116258349447,0.016961507846929666,0.6303215467235005,0.5611627867660474,0.1115116258349447,1.0,0.46273482641859837,0.5981524105772827,1.0149846054007567,2.7048223755553247,3.693237557362782e+19,5.042500344985985e+18,2.6934832964823644e+18,1.9896965824113514e+17,-0.3346373996262754,7.760458942129844e-14,0,0.9277495109393317,4.466835921509617e+19,4096,logarithmic,p0,1.0,0.5,A1_balanced_q01_q99,R2,R2,1.0,1.0,2,65,0.8268128989422587,0.11288752113558306,0.06029957992215823,0.0,2.740142168389485,0.4230099389668418,15.485170814881204,0.035319792834160424,0.03362814903328682,main,True,True,True,False
0.477373397368808,14.509190232393214,0.1115116258349447,0.016961507846929666,0.6303215467235005,0.5611627867660474,0.1115116258349447,1.0,0.4551435709834554,0.586654880443099,0.9967217563315884,2.686559526486157,4.155780860584724e+19,5.67402613498501e+18,2.886888621894894e+18,1.9896965824113514e+17,-0.3325044376706177,6.827871601444713e-14,0,0.9310808137072076,5.011872336272715e+19,4096,logarithmic,p0,1.0,0.5,A1_balanced_q01_q99,R2,R2,1.0,1.0,2,65,0.8291872940393652,0.11321170521284134,0.05760100074779334,1.6345188884225088e-16,2.72174232766925,0.4455813357485118,16.494516165802786,0.035182801183093027,0.034095014821749044,main,True,True,True,False
0.5012435619793862,15.546961283664647,0.1115116258349447,0.016961507846929666,0.6303215467235005,0.5611627867660474,0.1115116258349447,1.0,0.4476554945628809,0.5754204051037248,0.9788092948111935,2.6686470649657617,4.675688551067808e+19,6.383873435057913e+18,3.0933735732989143e+18,1.9896965824113514e+17,-0.3301877013970379,5.573319583618286e-14,0,0.9342717943927902,5.6234132519034905e+19,4096,logarithmic,p0,1.0,0.5,A1_balanced_q01_q99,R2,R2,1.0,1.0,2,65,0.8314680678118608,0.11352310685857937,0.055008825329559884,0.0,2.703664826014812,0.4693571201952093,17.569652075292037,0.0350177610490503,0.03454017215918305,main,True,True,True,False
0.526378640039005,16.654758485726713,0.1115116258349447,0.016961507846929666,0.6303215467235005,0.5611627867660474,0.1115116258349447,1.0,0.4402703268892939,0.5644409091623104,0.9612392362766293,2.6510770064311977,5.260025473136943e+19,7.181688112656306e+18,3.3137916039936896e+18,1.9896965824113514e+17,-0.32770238957515274,4.318767565791859e-14,0,0.9373272541723313,6.309573444801943e+19,4096,logarithmic,p0,1.0,0.5,A1_balanced_q01_q99,R2,R2,1.0,1.0,2,65,0.8336578564546775,0.11382208600127863,0.05252005754404384,1.298344503264142e-16,2.6859040165037382,0.4944015572552518,18.714866865074296,0.03482701007254052,0.03496455200664652,main,True,True,True,False
0.5528464321140919,17.83714986374332,0.1115116258349447,0.016961507846929666,0.6303215467235005,0.5611627867660474,0.1115116258349447,1.0,0.4329877409282025,0.5537086291515214,0.9440038402871426,2.633841610441711,5.916722796752912e+19,8.078298858499977e+18,3.5490516123849185e+18,1.9896965824113514e+17,-0.32506289218943046,3.419486915845482e-14,0,0.9402519195098132,7.0794578438414025e+19,4096,logarithmic,p0,1.0,0.5,A1_balanced_q01_q99,R2,R2,1.0,1.0,2,65,0.8357593091538807,0.1141090043431432,0.05013168650297604,0.0,2.668454351139652,0.5207823409917745,19.934728375754304,0.03461274069794129,0.03536905195607835,main,True,True,True,False
0.5807183513005626,19.099000361518176,0.1115116258349447,0.016961507846929666,0.6303215467235005,0.5611627867660474,0.1115116258349447,1.0,0.4258073546894718,0.5432161018594684,0.9270956010881126,2.6169333712426806,6.6546840008578105e+19,9.085861889171197e+18,3.800121574678588e+18,1.9896965824113514e+17,-0.32228281967484834,2.3647750424515834e-14,0,0.943050435868909,7.94328234724279e+19,4096,logarithmic,p0,1.0,0.5,A1_balanced_q01_q99,R2,R2,1.0,1.0,2,65,0.8377750796140002,0.11438422420329816,0.04784069618270156,0.0,2.6513103791191917,0.5485707775569303,21.23410218625278,0.0343770078765111,0.0357545369009841,main,True,True,True,False
0.6100696156203005,20.445491288227636,0.1115116258349447,0.016961507846929666,0.6303215467235005,0.5611627867660474,0.1115116258349447,1.0,0.4187287331587712,0.5329561529076027,0.910507238531038,2.600345008685606,7.483903806826342e+19,1.021802333092023e+19,4.0680324141907584e+18,1.9896965824113514e+17,-0.3193750320470504,2.1649348980190553e-14,0,0.9457273620841258,8.91250938133744e+19,4096,logarithmic,p0,1.0,0.5,A1_balanced_q01_q99,R2,R2,1.0,1.0,2,65,0.8397078181479887,0.11464810743780536,0.04564407441420607,1.83831503552834e-16,2.6344667451293233,0.5778419779294545,22.618171020810937,0.03412173644371741,0.036121839735679145,main,True,True,True,False
0.6409794507254772,21.882141031308223,0.1115116258349447,0.016961507846929666,0.6303215467235005,0.5611627867660474,0.1115116258349447,1.0,0.41175139033124414,0.522921885590273,0.8942316893416608,2.584069459496229,8.415601643367222e+19,1.149010144374405e+19,4.3538821225837174e+18,1.9896965824113514e+17,-0.3163516678482521,2.1094237467877974e-14,0,0.948287165378294,1e+20,4096,logarithmic,p0,1.0,0.5,A1_balanced_q01_q99,R2,R2,1.0,1.0,2,65,0.8415601643367222,0.1149010144374405,0.043538821225837174,0.0,2.6179181876744897,0.6086750609364531,24.09245542097181,0.03384872817826068,0.036471762079318334,main,True,True,True,False
0.6735313034597948,23.41482711752066,0.1115116258349447,0.016961507846929666,0.6303215467235005,0.5611627867660474,0.1115116258349447,1.0,0.4048747913298937,0.513106669984851,0.8782620987280042,2.5680998688825722,9.462371417249664e+19,1.2919291108351541e+19,4.658840149348349e+18,1.9896965824113514e+17,-0.31322417283358744,1.1213252548714081e-14,0,0.9507342170089861,1.1220184543019654e+20,4096,logarithmic,p0,1.0,0.5,A1_balanced_q01_q99,R2,R2,1.0,1.0,2,65,0.8433347402593688,0.11514330320341248,0.04152195653721868,0.0,2.601659537433061,0.6411533671083088,25.66283576498941,0.03355966855048864,0.03680507502102501,main,True,True,True,False
0.7078130668544976,25.049809709625208,0.1115116258349447,0.016961507846929666,0.6303215467235005,0.5611627867660474,0.1115116258349447,1.0,0.39809835459192394,0.5035041323403523,0.8625918123198708,2.552429582474439,1.0638349580814834e+20,1.4524893294339189e+19,4.984152076929596e+18,1.9896965824113514e+17,-0.3100033283266802,8.881784197001252e-15,0,0.9530727885232707,1.2589254117941713e+20,4096,logarithmic,p0,1.0,0.5,A1_balanced_q01_q99,R2,R2,1.0,1.0,2,65,0.845034144290842,0.11537532850050963,0.03959052720864835,0.0,2.585685715642575,0.6753646839446253,27.3355757224953,0.03325613316813625,0.037122519882568136,main,True,True,True,False
0.7439173171677875,26.793756631862692,0.1115116258349447,0.016961507846929666,0.6303215467235005,0.5611627867660474,0.1115116258349447,1.0,0.3914214541070264,0.4941081447514709,0.847214368431102,2.53705213858567,1.1959403730253146e+20,1.6328572559705627e+19,5.331144600037868e+18,1.9896965824113514e+17,-0.3066992791778658,7.771561172376096e-15,0,0.9553070485970163,1.4125375446227496e+20,4096,logarithmic,p0,1.0,0.5,A1_balanced_q01_q99,R2,R2,1.0,1.0,2,65,0.8466609454580676,0.11559744108654149,0.037741613455390816,1.1598983731349755e-16,2.5699917325132757,0.7114014832001524,29.117347237973032,0.03293959392760559,0.03742480899515716,main,True,True,True,False
0.7819415636085842,28.653770023570708,0.1115116258349447,0.016961507846929666,0.6303215467235005,0.5611627867660474,0.1115116258349447,1.0,0.3848434216924805,0.48491281512385603,0.8321234906357007,2.5219612607902686,1.3443344241306994e+20,1.835464600413115e+19,5.701230828909947e+18,1.9896965824113514e+17,-0.3033215612635473,7.993605777301127e-15,0,0.957441060432488,1.5848931924611108e+20,4096,logarithmic,p0,1.0,0.5,A1_balanced_q01_q99,R2,R2,1.0,1.0,2,65,0.8482176783428174,0.115809987016406,0.03597233464077637,2.0675210263927006e-16,2.5545726856694273,0.7493611708320712,31.015257142691393,0.03261142487915869,0.03771262648709121,main,True,True,True,False
0.8219885114196821,30.63741472679068,0.1115116258349447,0.016961507846929666,0.6303215467235005,0.5611627867660474,0.1115116258349447,1.0,0.37836354929088695,0.47591247743536885,0.8173130806487792,2.507150850803347,1.511016175501327e+20,2.0630407516178117e+19,6.095915937581463e+18,1.9896965824113514e+17,-0.2998791284705433,3.9968028886505635e-15,0,0.9594787796859052,1.778279410038923e+20,4096,logarithmic,p0,1.0,0.5,A1_balanced_q01_q99,R2,R2,1.0,1.0,2,65,0.8497068385154692,0.11601330701864539,0.03427985446588529,0.0,2.539423758617956,0.7893463502842077,33.03687550123932,0.03227290781460912,0.03798662907915869,main,True,True,True,False
0.8641663390310983,32.75274852068965,0.1115116258349447,0.016961507846929666,0.6303215467235005,0.5611627867660474,0.1115116258349447,1.0,0.3719810912773785,0.4671016822968503,0.8027772115031275,2.4926149816576957,1.6982293669398358e+20,2.3186491623285223e+19,6.516803179619464e+18,1.9896965824113514e+17,-0.2963803791148282,8.548717289613705e-15,0,0.9614240528954948,1.995262314968883e+20,4096,logarithmic,p0,1.0,0.5,A1_balanced_q01_q99,R2,R2,1.0,1.0,2,65,0.8511308784811688,0.11620773594196224,0.03266138557686886,1.642290327149843e-16,2.524540219243904,0.8314650998198443,35.1902658057301,0.031925237586208244,0.03824744688486158,main,True,True,True,False
0.9085889900324666,35.00835432301146,0.1115116258349447,0.016961507846929666,0.6303215467235005,0.5611627867660474,0.1115116258349447,1.0,0.36569526676415626,0.4584751878148779,0.7885101210121458,2.478347891166714,1.908492317822623e+20,2.605728177933821e+19,6.965600295234156e+18,1.9896965824113514e+17,-0.2928331817497499,1.6653345369377348e-15,0,0.9632806163791183,2.238721138568347e+20,4096,logarithmic,p0,1.0,0.5,A1_balanced_q01_q99,R2,R2,1.0,1.0,2,65,0.852492204117524,0.11639360226884594,0.031114193613629916,1.463692794760271e-16,2.5099174183322397,0.8758312646527102,37.484017138106516,0.031569527165525635,0.038495684212719754,main,True,True,True,False
0.955376480753268,37.41337448665763,0.1115116258349447,0.016961507846929666,0.6303215467235005,0.5611627867660474,0.1115116258349447,1.0,0.3595052618912457,0.4500279507578536,0.7745062055097973,2.4643439756643657,2.1446314830100244e+20,2.9281368514696864e+19,7.444126335257873e+18,1.9896965824113514e+17,-0.2892449003244809,4.440892098500626e-15,0,0.9650520955700017,2.5118864315095718e+20,4096,logarithmic,p0,1.0,0.5,A1_balanced_q01_q99,R2,R2,1.0,1.0,2,65,0.8537931715810744,0.11657122769320268,0.029635600725722966,0.0,2.495550788115578,0.922564764665853,39.92727842882807,0.03120681245121215,0.03873192036810636,main,True,True,True,False
1.0046552242814497,39.97754732790396,0.1115116258349447,0.016961507846929666,0.6303215467235005,0.5611627867660474,0.1115116258349447,1.0,0.3534102320934678,0.44175511802564277,0.7607600138582244,2.4505977840127926,2.4098191066162574e+20,3.2902063535667302e+19,7.954318929151857e+18,1.9896965824113514e+17,-0.2856224186590628,1.7763568394002505e-15,0,0.966742004759168,2.818382931264449e+20,4096,logarithmic,p0,1.0,0.5,A1_balanced_q01_q99,R2,R2,1.0,1.0,2,65,0.8550360846583427,0.11674092675868572,0.028222988582971596,0.0,2.4814358408473227,0.9717919185500368,42.52979494859176,0.030838056834530114,0.03895671045224057,main,True,True,True,False
1.0565583717957168,42.71124603167382,0.1115116258349447,0.016961507846929666,0.6303215467235005,0.5611627867660474,0.1115116258349447,1.0,0.34740930433459544,0.43365201842203577,0.7472662417136896,2.4371040118682576,2.7076154738754935e+20,3.69679766033134e+19,8.498242025975178e+18,1.9896965824113514e+17,-0.2819721642079099,2.220446049250313e-16,0,0.9683537472126905,3.1622776601683794e+20,4096,logarithmic,p0,1.0,0.5,A1_balanced_q01_q99,R2,R2,1.0,1.0,2,65,0.8562231925362693,0.11690300655428527,0.026873800909445373,0.0,2.4675681673998247,1.0236457852378662,45.301947178630826,0.030464155531567005,0.039170586156169314,main,True,True,True,False
1.1112261721332009,45.62552008882508,0.1115116258349447,0.016961507846929666,0.6303215467235005,0.5611627867660474,0.1115116258349447,1.0,0.3415015793007302,0.4257141547282461,0.7340197260415111,2.4238574961960793,3.0420163223934933e+20,4.153366285507916e+19,9.078094139147571e+18,1.9896965824113514e+17,-0.2783001310889164,2.220446049250313e-15,0,0.9698906156327167,3.54813389233576e+20,4096,logarithmic,p0,1.0,0.5,A1_balanced_q01_q99,R2,R2,1.0,1.0,2,65,0.8573566879661674,0.11705776646364738,0.02558554557018535,0.0,2.4539434358870875,1.0782665235564977,48.254792214638044,0.030085939691008257,0.03937405654774984,main,True,True,True,False
1.1688063505636228,48.732139430520846,0.1115116258349447,0.016961507846929666,0.6303215467235005,0.5611627867660474,0.1115116258349447,1.0,0.3356861335458904,0.4179371960748079,0.7210154398707679,2.410853210025336,3.417506042576682e+20,4.666034916798029e+19,9.696217127850078e+18,1.9896965824113514e+17,-0.2746119023603944,0.0,0,0.9713557929314776,3.9810717055349857e+20,4096,logarithmic,p0,1.0,0.5,A1_balanced_q01_q99,R2,R2,1.0,1.0,2,65,0.858438705795034,0.11720549796454863,0.024355796240417324,0.0,2.4405573903116,1.135801771071077,51.40010786945329,0.02970418028626387,0.039567608849826505,main,True,True,True,False
1.2294545077927994,52.0436414355517,0.1115116258349447,0.016961507846929666,0.6303215467235005,0.5611627867660474,0.1115116258349447,1.0,0.32996202158376564,0.4103169706083518,0.7082484872796179,2.398086257434186,3.839117373893469e+20,5.241674921155883e+19,1.0355105550055901e+19,1.9896965824113514e+17,-0.2709126715328619,4.218847493575595e-15,0,0.9727523532885315,4.466835921509617e+20,4096,logarithmic,p0,1.0,0.5,A1_balanced_q01_q99,R2,R2,1.0,1.0,2,65,0.8594713218380309,0.11734648447495248,0.023182193687016555,1.4671682853721517e-16,2.427405849234882,1.1964070431428901,54.750439650426635,0.029319591800695655,0.03975170920798914,main,True,True,True,False
1.2933345402730687,55.5733809979614,0.1115116258349447,0.016961507846929666,0.6303215467235005,0.5611627867660474,0.1115116258349447,1.0,0.3243282779204794,0.40284945844897835,0.6957140986022016,2.3855518687567696,4.31249838986511e+20,5.8879978016291635e+19,1.1057416624468773e+19,1.9896965824113514e+17,-0.2672072633072017,2.6645352591003757e-15,0,0.9740832634624124,5.0118723362727146e+20,4096,logarithmic,p0,1.0,0.5,A1_balanced_q01_q99,R2,R2,1.0,1.0,2,65,0.8604565520661839,0.11748100124210298,0.022062446691712975,1.307615110738007e-16,2.414484704471312,1.2602461532808675,58.3191507988347,0.028932835714542193,0.03992680344645676,main,True,True,True,False
1.3606190829556937,59.3355838545544,0.1115116258349447,0.016961507846929666,0.6303215467235005,0.5611627867660474,0.1115116258349447,1.0,0.318783919024058,0.39553078493325794,0.6834076258482592,2.3732453960028272,4.843987661449468e+20,6.6136578204323406e+19,1.1805980841078905e+19,1.9896965824113514e+17,-0.26350015353490924,1.1102230246251565e-15,0,0.9753513843289789,5.6234132519034906e+20,4096,logarithmic,p0,1.0,0.5,A1_balanced_q01_q99,R2,R2,1.0,1.0,2,65,0.8613963520838183,0.11760931527117731,0.02099433264500462,1.1654131941631085e-16,2.4017899198048456,1.3274916559226047,62.120475590933864,0.02854452380201833,0.040093317810810096,main,True,True,True,False
1.4314899756812265,63.34540338489127,0.1115116258349447,0.016961507846929666,0.6303215467235005,0.5611627867660474,0.1115116258349447,1.0,0.3133279452270737,0.38835721413725655,0.6713245383267222,2.3611623084812905,5.4406985970573286e+20,7.428367151182275e+19,1.2603813262638662e+19,1.9896965824113514e+17,-0.259795488399991,2.4424906541753444e-15,0,0.9765594726199652,6.309573444801943e+20,4096,logarithmic,p0,1.0,0.5,A1_balanced_q01_q99,R2,R2,1.0,1.0,2,65,0.8622926168708877,0.11773168529010522,0.019975697839007076,0.0,2.389317529728207,1.3983253128417923,66.16957611325383,0.028155221246916717,0.04025165969645609,main,True,True,True,False
1.5061387544671596,67.61898111025853,0.1115116258349447,0.016961507846929666,0.6303215467235005,0.5611627867660474,0.1115116258349447,1.0,0.30795934255971463,0.3813251426734217,0.6594604184647523,2.3492981886193203,6.11061407926459e+20,8.343025089555921e+19,1.3454125562121912e+19,1.9896965824113514e+17,-0.25609710282560577,1.1102230246251565e-15,0,0.9777101828368415,7.079457843841402e+20,4096,logarithmic,p0,1.0,0.5,A1_balanced_q01_q99,R2,R2,1.0,1.0,2,65,0.8631471807661609,0.11784836174727317,0.01900445748656586,0.0,2.3770636382041763,1.4729385844426686,70.48260273858395,0.02776544958485605,0.04040221836185546,main,True,True,True,False
1.584767169020202,72.17351113284899,0.1115116258349447,0.016961507846929666,0.6303215467235005,0.5611627867660474,0.1115116258349447,1.0,0.30267708451115366,0.3744310937547341,0.6478109578138845,2.337648727968453,6.862692654975188e+20,9.369863038259457e+19,1.4360338844165724e+19,1.9896965824113514e+17,-0.25240853811173,0.0,0,0.9788060693160621,7.943282347242789e+20,4096,logarithmic,p0,1.0,0.5,A1_balanced_q01_q99,R2,R2,1.0,1.0,2,65,0.8639618176681473,0.11795958683895773,0.01807859549289517,1.6500987157468562e-16,2.3650244174485673,1.5515331472694585,75.07675854387011,0.027375689480114485,0.04054536562568349,main,True,True,True,False
1.6675877278707452,77.02730877215151,0.1115116258349447,0.016961507846929666,0.6303215467235005,0.5611627867660474,0.1115116258349447,1.0,0.2974801337177652,0.36767171151906947,0.6363719532351344,2.3262097233897023,7.706987689161028e+20,1.0522607191601191e+20,1.5326097301629377e+19,1.9896965824113514e+17,-0.24873305881297011,6.661338147750939e-16,0,0.9798495884236975,8.91250938133744e+20,4096,logarithmic,p0,1.0,0.5,A1_balanced_q01_q99,R2,R2,1.0,1.0,2,65,0.8647382414316732,0.11806559456347113,0.017196164004855713,0.0,2.3531961067345333,1.634321439129606,79.97036792696444,0.026986383344830944,0.04068145654724506,main,True,True,True,False
1.754824272602264,82.19988367227208,0.1115116258349447,0.016961507846929666,0.6303215467235005,0.5611627867660474,0.1115116258349447,1.0,0.292367443577266,0.36104375560644225,0.6251393032551736,2.3149770734097417,8.654781064391134e+20,1.1816661079915363e+20,1.635528276173304e+19,1.9896965824113514e+17,-0.24507366886819143,1.7763568394002505e-15,0,0.9808431008584945,1e+21,4096,logarithmic,p0,1.0,0.5,A1_balanced_q01_q99,R2,R2,1.0,1.0,2,65,0.8654781064391134,0.11816661079915362,0.01635528276173304,0.0,2.34157501121782,1.7215272333042826,85.18294969590427,0.02659793780807851,0.04081083008957137,main,True,True,True,False
1.8467125827268465,87.71201767178191,0.1115116258349447,0.016961507846929666,0.6303215467235005,0.5611627867660474,0.1115116258349447,1.0,0.2873379597883825,0.35454409598148334,0.6141090045858788,2.3039467747404467,9.71873320145035e+20,1.3269310397713546e+20,1.7452030179794852e+19,1.9896965824113514e+17,-0.24143312699583086,2.220446049250313e-15,0,0.9817888740441415,1.1220184543019653e+21,4096,logarithmic,p0,1.0,0.5,A1_balanced_q01_q99,R2,R2,1.0,1.0,2,65,0.8661830083264189,0.11826285340350041,0.015554138270080576,0.0,2.3301575007825956,1.8133862433981514,90.73529492226247,0.026210726042148913,0.040933809764757884,main,True,True,True,False
1.9435010128407808,93.58584774668347,0.1115116258349447,0.016961507846929666,0.6303215467235005,0.5611627867660474,0.1115116258349447,1.0,0.28239062181611074,0.3481697079933234,0.6032771487998252,2.2931149189543936,1.0913051392994546e+21,1.489995283523522e+20,1.8620744142364516e+19,1.9896965824113514e+17,-0.2378139613706911,4.440892098500626e-16,0,0.9826890845929181,1.2589254117941712e+21,4096,logarithmic,p0,1.0,0.5,A1_balanced_q01_q99,R2,R2,1.0,1.0,2,65,0.8668544848452691,0.11835453233087409,0.014790982823856864,2.082283807635614e-16,2.318940008907498,1.9101467604633722,96.64954986908407,0.025825089953104285,0.04105070426119866,main,True,True,True,False
2.0454511637818946,99.84495435731701,0.1115116258349447,0.016961507846929666,0.6303215467235005,0.5611627867660474,0.1115116258349447,1.0,0.27752436428301025,0.3419176676649121,0.5926399191545236,2.2824776893090917,1.2253678685275452e+21,1.6730355964962754e+20,1.98661164455771e+19,1.9896965824113514e+17,-0.2342184835996414,2.6645352591003757e-15,0,0.9835458208241039,1.4125375446227498e+21,4096,logarithmic,p0,1.0,0.5,A1_balanced_q01_q99,R2,R2,1.0,1.0,2,65,0.867494016843855,0.11844184976641435,0.014064133389730747,0.0,2.3079190315515525,2.0120703241199145,102.94930432418309,0.025441342242460863,0.04116180805248579,main,True,True,True,False
2.152838589601646,106.51445555162437,0.1115116258349447,0.016961507846929666,0.6303215467235005,0.5611627867660474,0.1115116258349447,1.0,0.2727381182873673,0.3357851472036738,0.5821935875584506,2.272031357713019,1.3758505815716775e+21,1.8784946607058636e+20,2.1193144818847277e+19,1.9896965824113514e+17,-0.23064880201501314,4.440892098500626e-16,0,0.9843610853222767,1.584893192461111e+21,4096,logarithmic,p0,1.0,0.5,A1_balanced_q01_q99,R2,R2,1.0,1.0,2,65,0.8681030293499965,0.11852500027391952,0.013371970376084065,0.0,2.297091126059603,2.119432429486177,109.65968569113359,0.0250597683465843,0.0412674019878177,main,True,True,True,False
2.265953542262224,113.6211072001191,0.1115116258349447,0.016961507846929666,0.6303215467235005,0.5611627867660474,0.1115116258349447,1.0,0.26803081264934636,0.3297694107253884,0.5719345116721818,2.26177228182675,1.5447609020151948e+21,2.1091135515514123e+20,2.2607152868587078e+19,1.9896965824113514e+17,-0.22710683430560352,4.440892098500626e-16,0,0.9851367975216531,1.7782794100389228e+21,4096,logarithmic,p0,1.0,0.5,A1_balanced_q01_q99,R2,R2,1.0,1.0,2,65,0.8686828927414636,0.11860417095563448,0.012712936302902059,1.4741440435069888e-16,2.286452910086921,2.232523271830715,116.80745921323768,0.024680628260171034,0.041367753863855265,main,True,True,True,False
2.3851017560708803,121.19340976240282,0.1115116258349447,0.016961507846929666,0.6303215467235005,0.5611627867660474,0.1115116258349447,1.0,0.2634013750865185,0.3238678101831537,0.5618591321381655,2.251696902292734,1.7343516866911485e+21,2.3679681695623148e+20,2.411381132150314e+19,1.9896965824113514e+17,-0.22359431950607764,6.661338147750939e-16,0,0.9858747963040365,1.995262314968883e+21,4096,logarithmic,p0,1.0,0.5,A1_balanced_q01_q99,R2,R2,1.0,1.0,2,65,0.869234923989529,0.11867954162203702,0.01208553438843414,1.3138322617198746e-16,2.2760010605426513,2.351648530957901,124.4211347302393,0.024304158249917496,0.04146311897803506,main,True,True,True,False
2.5106052739711813,129.26172201109708,0.1115116258349447,0.016961507846929666,0.6303215467235005,0.5611627867660474,0.1115116258349447,1.0,0.2588487333203852,0.3180777814933462,0.5519639699329539,2.241801740087522,1.9471509660219421e+21,2.6585101189419585e+20,2.57191606522086e+19,1.9896965824113514e+17,-0.2201128293662466,1.5543122344752192e-15,0,0.9865768425990699,2.238721138568347e+21,4096,logarithmic,p0,1.0,0.5,A1_balanced_q01_q99,R2,R2,1.0,1.0,2,65,0.8697603879628962,0.11875128496986743,0.011488327067236206,2.3419084716164337e-16,2.2657323125517688,2.4771301974476416,132.53108039358762,0.02393057246424668,0.0415537406634104,main,True,True,True,False
2.6428033179236214,137.85838216685005,0.1115116258349447,0.016961507846929666,0.6303215467235005,0.5611627867660474,0.1115116258349447,1.0,0.25437181611571713,0.3123968408505366,0.5422456238359321,2.2320833939905,2.1859955387648036e+21,2.984612575593545e+20,2.742963518541395e+19,1.9896965824113514e+17,-0.21666377912217358,6.661338147750939e-16,0,0.9872446219768689,2.5118864315095717e+21,4096,logarithmic,p0,1.0,0.5,A1_balanced_q01_q99,R2,R2,1.0,1.0,2,65,0.8702604987802267,0.11881956676679362,0.010919934452979839,2.0872281223515268e-16,2.255643458435221,2.6093074429823417,141.16964379382654,0.02356006444472092,0.04163985080516628,main,True,True,True,False
2.782053205728057,147.01783692760242,0.1115116258349447,0.016961507846929666,0.6303215467235005,0.5611627867660474,0.1115116258349447,1.0,0.2499695542546533,0.3068225812234505,0.5327007680088454,2.2225385381634135,2.454068667141846e+21,3.3506217535376674e+20,2.925208876883599e+19,1.9896965824113514e+17,-0.2132484376913745,6.661338147750939e-16,0,0.987879747223861,2.818382931264449e+21,4096,logarithmic,p0,1.0,0.5,A1_balanced_q01_q99,R2,R2,1.0,1.0,2,65,0.870736421200523,0.11888454604124475,0.010379032758232123,1.8602440221449313e-16,2.2457313467079327,2.7485375371138656,150.37128098323453,0.023192808544519217,0.04172167033898537,main,True,True,True,False
2.92873131676506,156.77677890681144,0.1115116258349447,0.016961507846929666,0.6303215467235005,0.5611627867660474,0.1115116258349447,1.0,0.24564088144766588,0.3013526690241728,0.5233261496806692,2.213163919835237,2.7549423727555835e+21,3.761414652935623e+20,3.1193822119234277e+19,1.9896965824113514e+17,-0.20986793731453454,4.440892098500626e-16,0,0.9884837608940087,3.1622776601683794e+21,4096,logarithmic,p0,1.0,0.5,A1_balanced_q01_q99,R2,R2,1.0,1.0,2,65,0.871189272041625,0.11894637527608319,0.00986435268229208,3.3158884597887185e-16,2.2359928810943703,2.895196812947974,160.17269390834744,0.02282896125913325,0.04179940973151355,main,True,True,True,False
3.083234109266438,167.17429302886572,0.1115116258349447,0.016961507846929666,0.6303215467235005,0.5611627867660474,0.1115116258349447,1.0,0.24138473518355905,0.2959848409429524,0.5141185869325872,2.203956357087155,3.092624894754608e+21,4.222463856304958e+20,3.326261195065679e+19,1.9896965824113514e+17,-0.20652328266616926,2.4424906541753444e-15,0,0.9890581378283159,3.5481338923357606e+21,4096,logarithmic,p0,1.0,0.5,A1_balanced_q01_q99,R2,R2,1.0,1.0,2,65,0.87162012161799,0.11900520060490956,0.009374677777100398,0.0,2.226425019561349,3.049681684357093,170.61297680052056,0.022468662474193657,0.04187326944319641,main,True,True,True,False
3.2459791918637975,178.25201246565075,0.1115116258349447,0.016961507846929666,0.6303215467235005,0.5611627867660474,0.1115116258349447,1.0,0.2372000575207669,0.29071690094113956,0.5050749665780984,2.1949127367326664,3.471613940228092e+21,4.7399102330580874e+20,3.546674200108509e+19,1.9896965824113514e+17,-0.20321535945655753,2.220446049250313e-15,0,0.9896042876365494,3.9810717055349854e+21,4096,logarithmic,p0,1.0,0.5,A1_balanced_q01_q99,R2,R2,1.0,1.0,2,65,0.8720299951898426,0.11906116200991983,0.008908842800237628,0.0,2.2170247733677826,3.2124097174703103,181.73377210844217,0.022112036635116183,0.04194344037380058,main,True,True,True,False
3.417406452311073,190.05428473628479,0.1115116258349447,0.016961507846929666,0.6303215467235005,0.5611627867660474,0.1115116258349447,1.0,0.23308579582225147,0.2855467173949714,0.4961922421334865,2.1860300122880547,3.8969564336828737e+21,5.320644517455016e+20,3.781503608124197e+19,1.9896965824113514e+17,-0.199944942547053,3.3306690738754696e-15,0,0.9901235571359044,4.4668359215096167e+21,4096,logarithmic,p0,1.0,0.5,A1_balanced_q01_q99,R2,R2,1.0,1.0,2,65,0.8724198744165768,0.11911439352034327,0.008465732063080114,1.1737346282977215e-16,2.207789206131082,3.3838207593370884,193.57943659454583,0.02175919384302727,0.04201010429096328,main,True,True,True,False
3.5979792464314357,202.62834863259252,0.1115116258349447,0.016961507846929666,0.6303215467235005,0.5611627867660474,0.1115116258349447,1.0,0.22904090343633465,0.28047222038312397,0.48746743187410774,2.177305202028676,4.3743155587124486e+21,5.97239884282873e+20,4.031689327739252e+19,1.9896965824113514e+17,-0.19671270360056903,5.329070518200751e-15,0,0.9906172327421092,5.011872336272714e+21,4096,logarithmic,p0,1.0,0.5,A1_balanced_q01_q99,R2,R2,1.0,1.0,2,65,0.8727906988081003,0.1191650234105993,0.00804427778130036,0.0,2.1987154329099083,3.5643781268154835,206.197218257823,0.021410230881232284,0.042073434242143645,main,True,True,True,False
3.788185650502248,216.0245226760066,0.1115116258349447,0.016961507846929666,0.6303215467235005,0.5611627867660474,0.1115116258349447,1.0,0.22506434032579684,0.27549139911118486,0.47889761697218103,2.168735387126749,4.910045981747074e+21,6.703849447078672e+20,4.2982325448549384e+19,1.9896965824113514e+17,-0.19351921828864935,1.5543122344752192e-15,0,0.9910865428089917,5.623413251903491e+21,4096,logarithmic,p0,1.0,0.5,A1_balanced_q01_q99,R2,R2,1.0,1.0,2,65,0.8731433671685169,0.11921317439740821,0.007643458434074738,1.8646611106609735e-16,2.189800619302997,3.7545698588980745,219.6374447887113,0.021065232176247672,0.04213359495035946,main,True,True,True,False
3.988539780462003,230.29640585770235,0.1115116258349447,0.016961507846929666,0.6303215467235005,0.5611627867660474,0.1115116258349447,1.0,0.22115507364760117,0.27060229946637143,0.4704799397119489,2.160317709866517,5.511278256365211e+21,7.524731912690635e+20,4.582199716766879e+19,1.9896965824113514e+17,-0.19036497307606645,1.9984014443252818e-15,0,0.9915326599136411,6.309573444801943e+21,4096,logarithmic,p0,1.0,0.5,A1_balanced_q01_q99,R2,R2,1.0,1.0,2,65,0.8734787390272164,0.1192589638351826,0.0072622971376010564,1.6618809641781018e-16,2.181041980563765,3.9549100358609977,233.9537243077416,0.020724270697247693,0.042190743194125684,main,True,True,True,False
4.199583181505662,245.50109146261062,0.1115116258349447,0.016961507846929666,0.6303215467235005,0.5611627867660474,0.1115116258349447,1.0,0.21731207828553983,0.2658030216961131,0.4622116017783037,2.152049371932872,6.186013528485976e+21,8.445970470892853e+20,4.8847268266141295e+19,1.9896965824113514e+17,-0.18725037160338756,3.3306690738754696e-15,0,0.9919567030842551,7.079457843841402e+21,4096,logarithmic,p0,1.0,0.5,A1_balanced_q01_q99,R2,R2,1.0,1.0,2,65,0.8737976360530693,0.11930250390911239,0.0068998600378183984,1.4811529683903444e-16,2.1724367807304334,4.165940168801256,249.20315918862053,0.020387408797561513,0.042245028172010195,main,True,True,True,False
4.421886291823169,261.6993948302747,0.1115116258349447,0.016961507846929666,0.6303215467235005,0.5611627867660474,0.1115116258349447,1.0,0.21353433733811417,0.26109171820429394,0.45408986261515283,2.1439276327697208,6.943229799470464e+21,9.47982308621034e+20,5.207023915129164e+19,1.9896965824113514e+17,-0.18417574068737927,4.218847493575595e-15,0,0.9923597399688653,7.943282347242789e+21,4096,logarithmic,p0,1.0,0.5,A1_balanced_q01_q99,R2,R2,1.0,1.0,2,65,0.8741008434479915,0.11934390182543245,0.0065552547265760805,0.0,2.1639823317713875,4.388230663318628,265.4465738185881,0.020054699001666787,0.04229659185224169,main,True,True,True,False
4.656049984438272,278.9560959610016,0.1115116258349447,0.016961507846929666,0.6303215467235005,0.5611627867660474,0.1115116258349447,1.0,0.20982084256387942,0.256466591459224,0.4461120378499836,2.135949808004552,7.793001157549096e+21,1.0640044247107032e+21,5.550379907764179e+19,1.9896965824113514e+17,-0.1811413359585257,1.5543122344752192e-15,0,0.9927427889431588,8.912509381337441e+21,4096,logarithmic,p0,1.0,0.5,A1_balanced_q01_q99,R2,R2,1.0,1.0,2,65,0.8743891113166663,0.11938325999843549,0.006227628684898248,0.0,2.155675992745505,4.6223823612980315,282.74875720454014,0.019726184740953112,0.042345569307813045,main,True,True,True,False
4.902707191313498,297.34019793506525,0.1115116258349447,0.016961507846929666,0.6303215467235005,0.5611627867660474,0.1115116258349447,1.0,0.20617059478648417,0.2519258920076134,0.4382754977812833,2.128113267935851,8.74663156009694e+21,1.194206762338569e+21,5.916167756449141e+19,1.9896965824113514e+17,-0.1781473471543122,1.5543122344752192e-15,0,0.9931068211565284,1e+22,4096,logarithmic,p0,1.0,0.5,A1_balanced_q01_q99,R2,R2,1.0,1.0,2,65,0.874663156009694,0.1194206762338569,0.005916167756449141,0.0,2.1475151689771996,4.869028164959939,301.1787213925358,0.019401901041348424,0.04239208903751707,main,True,True,True,False
5.1625246141125185,316.925202175688,0.1115116258349447,0.016961507846929666,0.6303215467235005,0.5611627867660474,0.1115116258349447,1.0,0.20258260426152438,0.24746791658908737,0.43057766592561686,2.120415436080185,9.816804942387454e+21,1.3403211014673004e+21,6.30584991648993e+19,1.9896965824113514e+17,-0.17519390308627222,2.220446049250313e-16,0,0.9934527625153038,1.1220184543019653e+22,4096,logarithmic,p0,1.0,0.5,A1_balanced_q01_q99,R2,R2,1.0,1.0,2,65,0.8749236614378794,0.11945624390831847,0.005620094653802242,1.8690886874090576e-16,2.139497311245917,5.128834747568518,320.80997673147743,0.01908187516573223,0.04243627327337307,main,False,True,True,False
5.436204526242648,337.78940165379834,0.1115116258349447,0.016961507846929666,0.6303215467235005,0.5611627867660474,0.1115116258349447,1.0,0.19905589100732213,0.24309100634598946,0.4230160176213546,2.1128537877759226,1.1017753645123044e+22,1.504290631014133e+21,6.7209841804533785e+19,1.9896965824113514e+17,-0.1722810762981393,5.329070518200751e-15,0,0.9937814956029871,1.2589254117941714e+22,4096,logarithmic,p0,1.0,0.5,A1_balanced_q01_q99,R2,R2,1.0,1.0,2,65,0.8751712803557576,0.11949005214457278,0.005338667499669336,3.331654092216982e-16,2.1316199149898227,5.402504355421524,341.72082507885324,0.01876612721390014,0.04247823827488146,main,False,True,True,False
5.724486671048576,360.0161932040691,0.1115116258349447,0.016961507846929666,0.6303215467235005,0.5611627867660474,0.1115116258349447,1.0,0.19558948510164528,0.23879354512346224,0.41558807868618697,2.1054258488407553,1.2365447396150055e+22,1.6882957511543538e+21,7.163229892308811e+19,1.9896965824113514e+17,-0.16940888743177304,1.3322676295501878e-15,0,0.9940938615373043,1.4125375446227496e+22,4096,logarithmic,p0,1.0,0.5,A1_balanced_q01_q99,R2,R2,1.0,1.0,2,65,0.8754066356128276,0.11952218598233803,0.005071178404834482,0.0,2.123880519523449,5.69077670599262,363.9946721180442,0.018454670682693575,0.04251809461056008,main,False,True,True,False
6.028150261287745,383.69441019800854,0.1115116258349447,0.016961507846929666,0.6303215467235005,0.5611627867660474,0.1115116258349447,1.0,0.19218242694632665,0.2345739578550141,0.4082914241257141,2.098129194280282,1.3877805354538636e+22,1.8947830244063416e+21,7.634354566613167e+19,1.9896965824113514e+17,-0.16657730931685233,1.1102230246251565e-15,0,0.9943906617643155,1.584893192461111e+22,4096,logarithmic,p0,1.0,0.5,A1_balanced_q01_q99,R2,R2,1.0,1.0,2,65,0.8756303213712718,0.11955272654455765,0.0048169520841704885,0.0,2.116276707269038,5.994430987356715,387.7203600329301,0.018147512988755832,0.042555947427202666,main,False,True,True,False
6.348016085291628,408.91867690101134,0.1115116258349447,0.016961507846929666,0.6303215467235005,0.5611627867660474,0.1115116258349447,1.0,0.18883376750166944,0.23043070902901205,0.40112367689055417,2.0909614470451223,1.557493403126274e+22,2.126497659735073e+21,8.136240939141138e+19,1.9896965824113514e+17,-0.1637862707996609,2.220446049250313e-16,0,0.9946726597899505,1.7782794100389228e+22,4096,logarithmic,p0,1.0,0.5,A1_balanced_q01_q99,R2,R2,1.0,1.0,2,65,0.8758429042892556,0.11958175119895971,0.004575344511784598,1.179315234805591e-16,2.1088061030013616,6.31428796430253,412.99252186667593,0.017844655956239297,0.042591896707298085,main,False,True,True,False
6.684948725506073,435.7897859268287,0.1115116258349447,0.016961507846929666,0.6303215467235005,0.5611627867660474,0.1115116258349447,1.0,0.1855425684924488,0.22636230123174422,0.3940825066795326,2.0839202768341005,1.7479394244120709e+22,2.386519960797281e+21,8.670894477083854e+19,1.9896965824113514e+17,-0.1610356603256174,1.3322676295501878e-15,0,0.9949405828496178,1.995262314968883e+22,4096,logarithmic,p0,1.0,0.5,A1_balanced_q01_q99,R2,R2,1.0,1.0,2,65,0.876044924669131,0.11960933371482536,0.004345741616043643,0.0,2.1014663731057635,6.651212196825493,439.9119589781434,0.017546096271662925,0.04262603751504324,main,False,True,True,False
7.039858895406301,464.41510029503047,0.1115116258349447,0.016961507846929666,0.6303215467235005,0.5611627867660474,0.1115116258349447,1.0,0.1823079025872595,0.2223672737629084,0.3871656287866639,2.077003398941232,1.9616500649837877e+22,2.678306222057865e+21,9.240451378772471e+19,1.9896965824113514e+17,-0.15832532928954599,6.661338147750939e-16,0,0.9951951235167773,2.238721138568347e+22,4096,logarithmic,p0,1.0,0.5,A1_balanced_q01_q99,R2,R2,1.0,1.0,2,65,0.8762368975701256,0.11963554441490783,0.0041275580149663935,1.873526777293147e-16,2.0942552248491975,7.006114376997197,468.58604310143176,0.01725182590796548,0.04265846023137681,main,False,True,True,False
7.413705901104068,494.9089816950942,0.1115116258349447,0.016961507846929666,0.6303215467235005,0.5611627867660474,0.1115116258349447,1.0,0.17912885355286673,0.21844420131959807,0.38037080298975146,2.0702085731443196,2.201465782861395e+22,3.005734615533425e+21,9.84718709483411e+19,1.9896965824113514e+17,-0.15565509516703568,1.3322676295501878e-15,0,0.9954369412513175,2.511886431509572e+22,4096,logarithmic,p0,1.0,0.5,A1_balanced_q01_q99,R2,R2,1.0,1.0,2,65,0.8764193138852926,0.11966045032247195,0.003920235792235333,1.6697824978812212e-16,2.087170405664046,7.379953790527737,499.1291446122411,0.016961832519726272,0.0426892507784498,main,False,True,True,False
7.807500234299566,527.3932466654177,0.1115116258349447,0.016961507846929666,0.6303215467235005,0.5611627867660474,0.1115116258349447,1.0,0.17600451638516382,0.21459169274503315,0.37369583247854987,2.063533602633118,2.470573738144954e+22,3.3731566771472444e+21,1.0493525404770084e+20,1.9896965824113514e+17,-0.15302474443959885,6.661338147750939e-16,0,0.9956666638889891,2.8183829312644493e+22,4096,logarithmic,p0,1.0,0.5,A1_balanced_q01_q99,R2,R2,1.0,1.0,2,65,0.8765926413826766,0.11968411530344812,0.0037232433138751062,2.97639043543189e-16,2.080209702444473,7.7737409096749275,531.6630887092421,0.01667609981135465,0.04271849083394276,main,False,True,True,False
8.222306303586944,561.9976525067315,0.1115116258349447,0.016961507846929666,0.6303215467235005,0.5611627867660474,0.1115116258349447,1.0,0.1729339974182539,0.2108083898384969,0.36713856282055524,2.0569763329751236,2.772550104484298e+22,3.785455075989228e+21,1.1182048085158458e+20,1.9896965824113514e+17,-0.15043403532572572,3.552713678800501e-15,0,0.9958848890730114,3.1622776601683792e+22,4096,logarithmic,p0,1.0,0.5,A1_balanced_q01_q99,R2,R2,1.0,1.0,2,65,0.8767573257108202,0.1197066002037173,0.0035360740854625196,0.0,2.073370940855113,8.18854012450834,566.3176413299709,0.016394607879989476,0.04274625803563201,main,False,True,True,False
8.65924531149647,598.8604148681111,0.1115116258349447,0.016961507846929666,0.6303215467235005,0.5611627867660474,0.1115116258349447,1.0,0.16991641441310232,0.20709296622310497,0.36069688096258073,2.050534651117149,3.111407543812513e+22,4.248108433152018e+21,1.1915505208045247e+20,1.9896965824113514e+17,-0.1478827003293227,2.220446049250313e-16,0,0.9960921856291658,3.5481338923357603e+22,4096,logarithmic,p0,1.0,0.5,A1_balanced_q01_q99,R2,R2,1.0,1.0,2,65,0.876913791368863,0.11972796298156212,0.0033582456495747375,1.1821154802134204e-16,2.066651984651867,8.625472619910992,603.2310267394465,0.016117333534718004,0.042772626176589765,main,False,True,True,False
9.119498285048385,638.1287590701091,0.1115116258349447,0.016961507846929666,0.6303215467235005,0.5611627867660474,0.1115116258349447,1.0,0.16695089662714857,0.20344412626821323,0.3543687142663897,2.044206484420958,3.491648474387949e+22,4.767264050364346e+21,1.2696826110601927e+20,1.9896965824113514e+17,-0.14537044861644474,2.6645352591003757e-15,0,0.9962890948858845,3.981071705534985e+22,4096,logarithmic,p0,1.0,0.5,A1_balanced_q01_q99,R2,R2,1.0,1.0,2,65,0.8770624426416186,0.11974825883533566,0.0031892985230457436,2.107123061445265e-16,2.0600507350145976,9.085719406095109,642.5504788559208,0.015844250593639586,0.04279766539140549,main,False,False,True,False
9.604309268011578,679.9595073639557,0.1115116258349447,0.016961507846929666,0.6303215467235005,0.5611627867660474,0.1115116258349447,1.0,0.1640365848661761,0.1998606040634527,0.34815202957674746,2.0379897997313154,3.9183248390689365e+22,5.349819513608787e+21,1.3529131079801687e+20,1.9896965824113514e+17,-0.14289696823066456,2.4424906541753444e-15,0,0.9964761319405873,4.466835921509617e+22,4096,logarithmic,p0,1.0,0.5,A1_balanced_q01_q99,R2,R2,1.0,1.0,2,65,0.8772036645001043,0.11976754032641423,0.003028795173481404,1.8779754052763542e-16,2.0535651298915134,9.570524510823276,684.432828512817,0.015575330160197964,0.04282144233379154,main,False,False,True,False
10.114988683494524,724.5197044693077,0.1115116258349447,0.016961507846929666,0.6303215467235005,0.5611627867660474,0.1115116258349447,1.0,0.16117263151968986,0.19634116244152114,0.34204483232034205,2.0318826024749104,4.397105167005506e+22,6.003514254684851e+21,1.4415743798722639e+20,1.9896965824113514e+17,-0.14046192815687666,1.9984014443252818e-15,0,0.9966537868739014,5.011872336272714e+22,4096,logarithmic,p0,1.0,0.5,A1_balanced_q01_q99,R2,R2,1.0,1.0,2,65,0.8773378234681043,0.11978585749751185,0.002876319034383765,1.673747341744649e-16,2.0471931433550403,10.081198341963237,729.045128999271,0.015310540880129953,0.04284402034593441,main,False,False,True,False
10.652916875956581,771.9872838855855,0.1115116258349447,0.016961507846929666,0.6303215467235005,0.5611627867660474,0.1115116258349447,1.0,0.15835820058098377,0.19288459204703037,0.33604516563412,2.025882935788688,4.934349818717183e+22,6.73703228582186e+21,1.536020460412171e+20,1.9896965824113514e+17,-0.13806498024281386,1.9984014443252818e-15,0,0.9968225259133119,5.623413251903491e+22,4096,logarithmic,p0,1.0,0.5,A1_balanced_q01_q99,R2,R2,1.0,1.0,2,65,0.8774652684554057,0.11980325798644473,0.00273147355814947,0.0,2.040932784968977,10.61912122946546,776.565322374228,0.015049849180289065,0.04286545961993906,main,False,False,True,False
11.219547842215755,822.5517776345353,0.1115116258349447,0.016961507846929666,0.6303215467235005,0.5611627867660474,0.1115116258349447,1.0,0.15559246765299917,0.18948971044885518,0.3301511095216467,2.019988879676215,5.53719541312217e+22,7.560117470716136e+21,1.6366284608158168e+20,1.9896965824113514e+17,-0.1357057609870431,2.6645352591003757e-15,0,0.9969827925476338,6.309573444801943e+22,4096,logarithmic,p0,1.0,0.5,A1_balanced_q01_q99,R2,R2,1.0,1.0,2,65,0.8775863315584216,0.11981978713544317,0.002593881306135094,1.3295047713424815e-16,2.034782099166737,11.185747156336868,827.182949211908,0.014793219490521814,0.042885817351704526,main,False,False,True,False
11.816413161535202,876.4150722650319,0.1115116258349447,0.016961507846929666,0.6303215467235005,0.5611627867660474,0.1115116258349447,1.0,0.1528746199410416,0.18615536129356172,0.324360780036197,2.0141985501907653,6.213649556928208e+22,8.483702861725981e+21,1.7438000740595316e+20,1.9896965824113514e+17,-0.1333838932017334,1.1102230246251565e-15,0,0.9971350085940598,7.079457843841402e+22,4096,logarithmic,p0,1.0,0.5,A1_balanced_q01_q99,R2,R2,1.0,1.0,2,65,0.8777013288289608,0.11983548809611413,0.00246318307492502,0.0,2.028739164640481,11.782607688696363,881.0999046094112,0.014540614449715772,0.042905147887552404,main,False,False,True,False
12.445126135412542,933.7922141355014,0.1115116258349447,0.016961507846929666,0.6303215467235005,0.5611627867660474,0.1115116258349447,1.0,0.15020385623334323,0.1828804134976389,0.3186723284893404,2.0085100986439084,6.972697133509484e+22,9.520055819618283e+21,1.8579631771477357e+20,1.9896965824113514e+17,-0.13109898755802124,2.4202861936828413e-14,0,0.9972795752192338,7.94328234724279e+22,4096,logarithmic,p0,1.0,0.5,A1_balanced_q01_q99,R2,R2,1.0,1.0,2,65,0.8778105610119464,0.11985040193016444,0.00233903705788912,0.0,2.0228020937409537,12.411316115533465,938.5312434720245,0.014291995097045262,0.0429235028639254,main,False,False,True,False
13.107386148262345,994.9122671859419,0.1115116258349447,0.016961507846929666,0.6303215467235005,0.5611627867660474,0.1115116258349447,1.0,0.14757938687040634,0.17966376047637966,0.3130839406838569,2.002921710838425,7.82441956178958e+22,1.0682940841696707e+22,1.979573537818998e+20,1.9896965824113514e+17,-0.128850644021357,9.059419880941277e-14,0,0.9974168739158937,8.91250938133744e+22,4096,logarithmic,p0,1.0,0.5,A1_balanced_q01_q99,R2,R2,1.0,1.0,2,65,0.8779143142529205,0.11986456770599875,0.002221118041080745,0.0,2.0169690318878315,13.073571809361066,999.7060382881551,0.014047321049406314,0.04294093134046161,main,False,False,True,False
13.804983260777748,1060.0192266208358,0.1115116258349447,0.016961507846929666,0.6303215467235005,0.5611627867660474,0.1115116258349447,1.0,0.1450004337040165,0.17650431940738256,0.30759383616989255,1.9974316063244606,8.780128607761927e+22,1.198780225913095e+22,2.1091166324978008e+20,1.9896965824113514e+17,-0.1266384531838009,1.5210055437364645e-13,0,0.9975472674366554,1e+23,4096,logarithmic,p0,1.0,0.5,A1_balanced_q01_q99,R2,R2,1.0,1.0,2,65,0.8780128607761928,0.1198780225913095,0.002109116632497801,0.0,2.0112381569904048,13.77116481954766,1064.8682928152243,0.013806550665944162,0.04295747992673107,main,False,False,True,False
14.539803048383858,1129.372992147691,0.1115116258349447,0.016961507846929666,0.6303215467235005,0.5611627867660474,0.1115116258349447,1.0,0.14246623004676714,0.17340103052673825,0.3022002675233071,1.9920380376778752,9.852516524394838e+22,1.3451969227973754e+22,2.247109582743943e+20,1.9896965824113514e+17,-0.12446199749982635,1.9451107391432743e-13,0,0.9976711006867536,1.1220184543019653e+23,4096,logarithmic,p0,1.0,0.5,A1_balanced_q01_q99,R2,R2,1.0,1.0,2,65,0.8781064595345115,0.11989080194177865,0.0020027385237098654,0.0,2.0056076788784027,14.505980710746226,1134.277915320905,0.013569641200527505,0.042973192902921606,main,False,False,True,False
15.313831697876035,1203.2504046518532,0.1115116258349447,0.016961507846929666,0.6303215467235005,0.5611627867660474,0.1115116258349447,1.0,0.1399760206128269,0.17035285645615275,0.2969015196452412,1.9867392897998093,1.1055824512343827e+23,1.5094885734186775e+22,2.3941032179208677e+20,1.9896965824113514e+17,-0.12232085243181547,1.6009416015094757e-13,0,0.9977887015761739,1.2589254117941714e+23,4096,logarithmic,p0,1.0,0.5,A1_balanced_q01_q99,R2,R2,1.0,1.0,2,65,0.8781953568311484,0.1199029393860128,0.0019017037828387984,1.3326616368867927e-16,2.000075838742794,15.280005659496176,1208.2117552616232,0.01333654894298486,0.04298811233474477,main,False,False,True,False
16.129161375958326,1281.9463504472856,0.1115116258349447,0.016961507846929666,0.6303215467235005,0.5611627867660474,0.1115116258349447,1.0,0.13752906145087895,0.16735878155910722,0.29169590908197546,1.9815336792365437,1.2406031737011056e+23,1.693836866493243e+22,2.5506842723196686e+20,1.9896965824113514e+17,-0.1202145875110616,1.2878587085651816e-13,0,0.9979003818367205,1.4125375446227497e+23,4096,logarithmic,p0,1.0,0.5,A1_balanced_q01_q99,R2,R2,1.0,1.0,2,65,0.878279786915283,0.1199144669068333,0.0018057461778836377,1.1877359340902148e-16,1.9946409085863848,16.09533182277489,1286.9647075332364,0.013107229349841099,0.04300227818281881,main,False,False,True,False
16.987995884336698,1365.7749374966143,0.1115116258349447,0.016961507846929666,0.6303215467235005,0.5611627867660474,0.1115116258349447,1.0,0.13512461986946514,0.16441781132490557,0.2865817833642032,1.9764195535187714,1.3921067410273616e+23,1.900689737082691e+22,2.7174777254800903e+20,1.9896965824113514e+17,-0.11814276731975666,1.0880185641326534e-13,0,0.9980064377959641,1.584893192461111e+23,4096,logarithmic,p0,1.0,0.5,A1_balanced_q01_q99,R2,R2,1.0,1.0,2,65,0.8783599725516016,0.11992541491904533,0.0017146125293529962,0.0,1.9893011906840337,16.95416299301124,1370.8508886982818,0.01288163716526225,0.043015728406784554,main,False,False,True,False
17.892656616462137,1455.0707483066496,0.1115116258349447,0.016961507846929666,0.6303215467235005,0.5611627867660474,0.1115116258349447,1.0,0.13276197435599352,0.16152897177849276,0.2815575203648968,1.971395290519465,1.562104875126569e+23,2.132793856172809e+22,2.8951492950724683e+20,1.9896965824113514e+17,-0.11610495239910504,9.14823772291129e-14,0,0.998107151122201,1.7782794100389228e+23,4096,logarithmic,p0,1.0,0.5,A1_balanced_q01_q99,R2,R2,1.0,1.0,2,65,0.8784361255649796,0.11993581234380522,0.0016280620912149568,1.8869043756889456e-16,1.984055017052333,17.858820554842985,1460.2048898814464,0.012659726532868065,0.043028499064391004,main,False,False,True,False
18.84558883216738,1550.1901744858176,0.1115116258349447,0.016961507846929666,0.6303215467235005,0.5611627867660474,0.1115116258349447,1.0,0.13044041448955146,0.15869130891507677,0.2766215276749782,1.9664592978295463,1.7528547984015313e+23,2.3932310847508913e+22,3.0844080922620874e+20,1.9896965824113514e+17,-0.11410070008840355,7.194245199571014e-14,0,0.9982027895322401,1.9952623149688827e+23,4096,logarithmic,p0,1.0,0.5,A1_balanced_q01_q99,R2,R2,1.0,1.0,2,65,0.8785084473611522,0.11994568667970934,0.0015458659591384056,1.6817052950014394e-16,1.978900748928575,18.811749759722968,1555.3831113304755,0.012441451099028722,0.04304062440578272,main,False,False,True,False
19.849368267099717,1651.5128382908943,0.1115116258349447,0.016961507846929666,0.6303215467235005,0.5611627867660474,0.1115116258349447,1.0,0.12815924084828126,0.15590388815803036,0.27177224199605937,1.9616100121506275,1.966889191504744e+23,2.685459376134477e+22,3.286009450155863e+20,1.9896965824113514e+17,-0.11212956529963054,6.039613253960852e-14,0,0.9982936074672644,2.238721138568347e+23,4096,logarithmic,p0,1.0,0.5,A1_balanced_q01_q99,R2,R2,1.0,1.0,2,65,0.8785771294242397,0.11995506407072286,0.001467806505037627,1.4988214218345175e-16,1.9738367762588456,19.815526335330762,1656.7651839657128,0.012226764108218102,0.04305213696321379,main,False,False,True,False
20.906708094823966,1759.4431068324293,0.1115116258349447,0.016961507846929666,0.6303215467235005,0.5611627867660474,0.1115116258349447,1.0,0.12591776491181847,0.1531657938388404,0.2670081285495531,1.9568458987041213,2.2070498066397466e+23,3.013358669332134e+22,3.500757936611695e+20,1.9896965824113514e+17,-0.11019110123181146,4.39648317751562e-14,0,0.9983798467374818,2.5118864315095718e+23,4096,logarithmic,p0,1.0,0.5,A1_balanced_q01_q99,R2,R2,1.0,1.0,2,65,0.8786423537919956,0.11996396937106714,0.0013936768369371857,1.335825998304977e-16,1.9688615171950872,20.872863447656634,1764.7554835882004,0.012015618490965885,0.04306306763639393,main,False,False,True,False
22.020466260416338,1874.4117049783545,0.1115116258349447,0.016961507846929666,0.6303215467235005,0.5611627867660474,0.1115116258349447,1.0,0.12371530895928387,0.15047612869792004,0.2623276805014893,1.9521654506560575,2.476525182456319e+23,3.3812823824470274e+22,3.729510563427266e+20,1.9896965824113514e+17,-0.10828486002916297,3.863576125695545e-14,0,0.9984617371367399,2.818382931264449e+23,4096,logarithmic,p0,1.0,0.5,A1_balanced_q01_q99,R2,R2,1.0,1.0,2,65,0.8787042935096269,0.11997242620718104,0.001323280283192052,1.190556174172756e-16,1.9639734176009727,21.986619034575785,1879.7847437860553,0.01180796694491515,0.04307344577367942,main,False,False,True,False
23.193653205367504,1996.877433389184,0.1115116258349447,0.016961507846929666,0.6303215467235005,0.5611627867660474,0.1115116258349447,1.0,0.12155120596330204,0.14783401340516314,0.2577294184024192,1.9475671885569874,2.7788929610191852e+23,3.794115189444861e+22,3.9731802047088106e+20,1.9896965824113514e+17,-0.10641039338677635,3.2862601528904634e-14,0,0.9985394970285397,3.162277660168379e+23,4096,logarithmic,p0,1.0,0.5,A1_balanced_q01_q99,R2,R2,1.0,1.0,2,65,0.8787631130630128,0.11998045703687002,0.00125642990011739,2.12216861426478e-16,1.9591709505664356,23.159803530734244,2002.3117739722768,0.011603762009448237,0.04308329924929315,main,False,False,True,False
24.42944000467882,2127.328998537396,0.1115116258349447,0.016961507846929666,0.6303215467235005,0.5611627867660474,0.1115116258349447,1.0,0.11942479948047055,0.14523858609918974,0.2532118896418044,1.9430496597963725,3.118167368398967e+23,4.25733784698739e+22,4.232739238054419e+20,1.9896965824113514e+17,-0.10456725310735945,2.398081733190338e-14,0,0.9986133339045162,3.5481338923357603e+23,4096,logarithmic,p0,1.0,0.5,A1_balanced_q01_q99,R2,R2,1.0,1.0,2,65,0.8788189687921435,0.11998808320575399,0.0011929480021025864,0.0,1.9544526159307043,24.395588004627395,2132.825289406818,0.011402956134331843,0.043092654536770095,main,False,False,True,False
25.731166938144547,2266.2869620101806,0.1115116258349447,0.016961507846929666,0.6303215467235005,0.5611627867660474,0.1115116258349447,1.0,0.11733544353868693,0.14268900194429526,0.24877366791633854,1.9386114380709067,3.4988524889534645e+23,4.777099931584463e+22,4.50922342307506e+20,1.9896965824113514e+17,-0.10275499161234337,2.353672812205332e-14,0,0.9986834449166055,3.9810717055349855e+23,4096,logarithmic,p0,1.0,0.5,A1_balanced_q01_q99,R2,R2,1.0,1.0,2,65,0.8788720092855702,0.11999532500112316,0.001132665713306739,0.0,1.949816939813692,25.69731272986547,2271.84586050197,0.011205501742785229,0.043101536778803004,main,False,False,True,False
27.102352518985334,2414.3058168709017,0.1115116258349447,0.016961507846929666,0.6303215467235005,0.5611627867660474,0.1115116258349447,1.0,0.11528250252171321,0.14018443270416614,0.24441335271166673,1.934251122866235,3.926002040248322e+23,5.360301452285709e+22,4.803736032723879e+20,1.9896965824113514e+17,-0.10097316241044846,1.9539925233402755e-14,0,0.9987500173841499,4.466835921509616e+23,4096,logarithmic,p0,1.0,0.5,A1_balanced_q01_q99,R2,R2,1.0,1.0,2,65,0.8789223757566377,0.12000220170330626,0.0010754225400561397,0.0,1.9452624741555975,27.068496213792688,2419.927989186295,0.011011351289362592,0.04310996985365322,main,False,False,True,False
28.546703004242925,2571.9761993607103,0.1115116258349447,0.016961507846929666,0.6303215467235005,0.5611627867660474,0.1115116258349447,1.0,0.11326535105131841,0.13772406633149417,0.24012956879699826,1.9299673389515664,4.405286441827901e+23,6.014684421909028e+22,5.117452253911342e+20,1.9896965824113514e+17,-0.09922132052660938,1.554312234475219e-14,0,0.9988132292768226,5.011872336272715e+23,4096,logarithmic,p0,1.0,0.5,A1_balanced_q01_q99,R2,R2,1.0,1.0,2,65,0.8789702024022571,0.12000873163465485,0.0010210659630881871,0.0,1.9407877962645688,28.512844707865668,2577.6623206089016,0.010820457313002407,0.04311797643830187,main,False,False,True,False
30.068122412635248,2739.9272447623052,0.1115116258349447,0.016961507846929666,0.6303215467235005,0.5611627867660474,0.1115116258349447,1.0,0.11128337386733529,0.13530710657265893,0.23592096573214055,1.9257587358867088,4.943068067833645e+23,6.74893560194887e+22,5.451623874959309e+20,1.9896965824113514e+17,-0.09749902289397713,9.325873406851315e-15,0,0.9988732496746442,5.623413251903491e+23,4096,logarithmic,p0,1.0,0.5,A1_balanced_q01_q99,R2,R2,1.0,1.0,2,65,0.8790156167449452,0.1200149322062432,0.0009694510488116746,1.1933831108230231e-16,1.936391508372294,30.034262225494697,2745.6779990056925,0.010632772485585251,0.04312557806848504,main,False,False,True,False
31.670723076954825,2918.829096822473,0.1115116258349447,0.016961507846929666,0.6303215467235005,0.5611627867660474,0.1115116258349447,1.0,0.10933596570592655,0.13293277258670383,0.23178621738649435,1.9216239875410626,5.5464856820653626e+23,7.572801784579908e+22,5.807584278590485e+20,1.9896965824113514e+17,-0.09580582871153841,8.881784197001252e-15,0,0.9989302392059973,6.309573444801942e+23,4096,logarithmic,p0,1.0,0.5,A1_balanced_q01_q99,R2,R2,1.0,1.0,2,65,0.8790587399588415,0.12002081996238048,0.0009204400787782232,4.254415268295941e-16,1.9320722371973769,31.636861094429324,2924.645177124309,0.010448249656314301,0.04313279519577183,main,False,False,True,False
33.35883675953131,3109.395580742439,0.1115116258349447,0.016961507846929666,0.6303215467235005,0.5611627867660474,0.1115116258349447,1.0,0.1074225311763435,0.1306002985778789,0.22772402146958706,1.9175617916241552,6.223549175927704e+23,8.497219141533291e+22,6.18675376036819e+20,1.9896965824113514e+17,-0.09414129976973469,4.884981308350689e-15,0,0.9989843504646552,7.079457843841402e+23,4096,logarithmic,p0,1.0,0.5,A1_balanced_q01_q99,R2,R2,1.0,1.0,2,65,0.8790996871803857,0.12002641062302864,0.0008739021965856046,1.8958757995396408e-16,1.9278286335163592,33.32497307220706,3115.2776892170255,0.01026684189220406,0.043139647241820754,main,False,False,True,False
35.13702636080297,3312.3870503977046,0.1115116258349447,0.016961507846929666,0.6303215467235005,0.5611627867660474,0.1115116258349447,1.0,0.1055424846364382,0.12830893344106187,0.22373309907273428,1.9135708692273024,6.983245866420392e+23,9.534458356285976e+22,6.59064519379993e+20,1.9896965824113514e+17,-0.09250500074630746,5.329070518200751e-15,0,0.9990357284067519,7.94328234724279e+23,4096,logarithmic,p0,1.0,0.5,A1_balanced_q01_q99,R2,R2,1.0,1.0,2,65,0.8791385678043236,0.12003171912421699,0.0008297130714593852,1.6897010849247808e-16,1.9236593717422612,35.10316105471248,3318.3358982629975,0.010088502514958853,0.04314615264995137,main,False,False,True,False
37.01009825264355,3528.61342114414,0.1115116258349447,0.016961507846929666,0.6303215467235005,0.5611627867660474,0.1115116258349447,1.0,0.1036952500671711,0.12605794041940904,0.21981219422144094,1.9096499643760092,7.835659764728479e+23,1.0698287465442615e+23,7.020870064701322e+20,1.9896965824113514e+17,-0.09089649947445175,2.6645352591003757e-15,0,0.9990845107286819,8.912509381337441e+23,4096,logarithmic,p0,1.0,0.5,A1_balanced_q01_q99,R2,R2,1.0,1.0,2,65,0.8791754857656748,0.12003675965654012,0.0007877545777851116,0.0,1.9195631495105023,36.97623140949399,3534.629728776602,0.00991318513449313,0.043152328934165804,main,False,False,True,False
38.983115269785046,3758.937400306329,0.1115116258349447,0.016961507846929666,0.6303215467235005,0.5611627867660474,0.1115116258349447,1.0,0.10188026094633403,0.12384659677363692,0.21596007343817916,1.9057978435927474,8.792105398082864e+23,1.2004154570182472e+23,7.479144898887713e+20,1.9896965824113514e+17,-0.08931536718522869,1.7763568394002505e-15,0,0.9991308282266358,1e+24,4096,logarithmic,p0,1.0,0.5,A1_balanced_q01_q99,R2,R2,1.0,1.0,2,65,0.8792105398082865,0.12004154570182472,0.0007479144898887713,1.3421772800000001e-16,1.9155386872720805,38.949246967173174,3765.0218972983394,0.009740843679333144,0.043158192725737156,main,False,False,True,False
0.22519054677049724,5.349897852513836,0.1115116258349447,0.016961507846929666,0.6303215467235005,0.5611627867660474,0.1115116258349447,1.0,0.5876089423369267,0.7756386562185797,1.3042623924872063,2.9941001626417743,7.228478535443398e+18,1.9738565387450772e+18,7.976649258115241e+17,1.4909909456247158e+17,-0.3510107731365852,1.8784973576657649e-13,0,0.9034310196858681,1e+19,8192,exponential,p0,1.0,0.5,A1_balanced_q01_q99,R2,R2,1.0,1.0,2,65,0.7228478535443398,0.19738565387450774,0.07976649258115241,2.048e-16,3.034651428553749,0.2044611410333215,6.403048959108133,0.04055126591197489,0.030153817711998616,main,True,False,True,False
0.236183717574516,5.744617416028674,0.1115116258349447,0.016961507846929666,0.6303215467235005,0.5611627867660474,0.1115116258349447,1.0,0.5781636273553913,0.7603374746248356,1.2805866311191687,2.970424401273737,8.140710584165773e+18,2.2229567035162004e+18,8.565172553376804e+17,1.4909909456247158e+17,-0.3529338802216197,1.7602586055431857e-13,0,0.9077520984786531,1.1220184543019653e+19,8192,exponential,p0,1.0,0.5,A1_balanced_q01_q99,R2,R2,1.0,1.0,2,65,0.7255415945213045,0.19812122474395089,0.07633718073474473,1.8252819212979077e-16,3.0110922040522374,0.21537098762455625,6.82040875293027,0.04066780277850057,0.030779690675119643,main,True,False,True,False
0.24775604230395268,6.1664909290646435,0.1115116258349447,0.016961507846929666,0.6303215467235005,0.5611627867660474,0.1115116258349447,1.0,0.5688369602737234,0.7454047388138467,1.257376887789627,2.947214657944195,9.166712324929681e+18,2.5031235788607985e+18,9.194182141512325e+17,1.4909909456247158e+17,-0.35436227181655827,1.5309975509580909e-13,0,0.9119016302569163,1.2589254117941713e+19,8192,exponential,p0,1.0,0.5,A1_balanced_q01_q99,R2,R2,1.0,1.0,2,65,0.7281378419286685,0.19883017336932174,0.07303198470200975,1.6267842247153233e-16,2.9879457036896024,0.22686297296373548,7.2649726488312,0.040731045745407535,0.03137724120866242,main,True,False,True,False
0.25993864425591445,6.617295946113541,0.1115116258349447,0.016961507846929666,0.6303215467235005,0.5611627867660474,0.1115116258349447,1.0,0.5596290735986245,0.7308286351131308,1.2346219867552717,2.92445975690984,1.0320545621237475e+19,2.81819699097258e+18,9.866328340174427e+17,1.4909909456247158e+17,-0.3553280365833138,1.376676550535194e-13,0,0.9158846992749032,1.4125375446227497e+19,8192,exponential,p0,1.0,0.5,A1_balanced_q01_q99,R2,R2,1.0,1.0,2,65,0.7306386765099269,0.1995130679323107,0.06984825555776257,0.0,2.9652046971253565,0.23896815940531074,7.738513848688244,0.04074494021551667,0.03194762178151551,main,True,False,True,False
0.2727643065551722,7.098924971594795,0.1115116258349447,0.016961507846929666,0.6303215467235005,0.5611627867660474,0.1115116258349447,1.0,0.5505400262123185,0.7165977969129018,1.2123111095530308,2.9021488797075987,1.1618000082985499e+19,3.1724885559939067e+18,1.0584432856317033e+18,1.4909909456247158e+17,-0.3558617660653223,1.120215031846783e-13,0,0.9197063694023284,1.5848931924611109e+19,8192,exponential,p0,1.0,0.5,A1_balanced_q01_q99,R2,R2,1.0,1.0,2,65,0.7330462480531207,0.20017049546837215,0.06678325647850714,0.0,2.9428620806842987,0.25171926676060585,8.242921134186773,0.04071320097669995,0.03249194818852936,main,True,False,True,False
0.28626756027168526,7.613393003282828,0.1115116258349447,0.016961507846929666,0.6303215467235005,0.5611627867660474,0.1115116258349447,1.0,0.5415698041114249,0.7027012897618251,1.1904337814476051,2.8802715516021733,1.3076804642635762e+19,3.570839454415739e+18,1.1351500033377258e+18,1.4909909456247158e+17,-0.3559925975281863,9.781064846947629e-14,0,0.9233716737505953,1.7782794100389229e+19,8192,exponential,p0,1.0,0.5,A1_balanced_q01_q99,R2,R2,1.0,1.0,2,65,0.7353627651995103,0.20080305908381296,0.06383417571667659,1.1516750339898348e-16,2.9209108751375297,0.2651507607380789,8.780206400475832,0.040639323535356375,0.03301129995518751,main,True,False,True,False
0.3004847772664817,8.16284556985704,0.1115116258349447,0.016961507846929666,0.6303215467235005,0.5611627867660474,0.1115116258349447,1.0,0.5327183214132443,0.6891285966722713,1.1689798583352857,2.858817628489854,1.471686499751508e+19,4.0186852686547845e+18,1.217072883518967e+18,1.4909909456247158e+17,-0.3557482573422289,8.137934770502397e-14,0,0.9268856049146446,1.9952623149688828e+19,8192,exponential,p0,1.0,0.5,A1_balanced_q01_q99,R2,R2,1.0,1.0,2,65,0.7375904855770604,0.201411375261576,0.06099813916136375,2.052862908937304e-16,2.8993442235223235,0.27929894610270123,9.352512680877727,0.04052659503246936,0.03350672079477288,main,True,False,True,False
0.3154542680194019,8.749567294236039,0.1115116258349447,0.016961507846929666,0.6303215467235005,0.5611627867660474,0.1115116258349447,1.0,0.5239854216099659,0.6758696036476356,1.1479395140974156,2.8377772842519837,1.6560530077738371e+19,4.5221287465610916e+18,1.3045525613840077e+18,1.4909909456247158e+17,-0.3551551047941186,6.38378239159465e-14,0,0.9302531058539283,2.238721138568347e+19,8192,exponential,p0,1.0,0.5,A1_balanced_q01_q99,R2,R2,1.0,1.0,2,65,0.739731706304822,0.2019960712683034,0.058272222426874645,0.0,2.8781553890001943,0.294202064806209,9.962122694659897,0.040378104748210575,0.033979219114360616,main,True,False,True,False
0.3312163847052397,9.375991016447468,0.1115116258349447,0.016961507846929666,0.6303215467235005,0.5611627867660474,0.1115116258349447,1.0,0.5153708790505476,0.6629145854445976,1.1273032283964555,2.8171409985510234,1.8632891084979216e+19,5.088021458938324e+18,1.3979517711781852e+18,1.4909909456247158e+17,-0.35423817620950226,5.873079800267078e-14,0,0.9334790614297883,2.511886431509572e+19,8192,exponential,p0,1.0,0.5,A1_balanced_q01_q99,R2,R2,1.0,1.0,2,65,0.7417887549072584,0.20255778267334199,0.05565346241939991,1.63064697058713e-16,2.8573377527525006,0.3099003993534913,10.611467951962561,0.04019675420147717,0.03442976856584696,main,True,False,True,False
0.34781362979880753,10.044707512009158,0.1115116258349447,0.016961507846929666,0.6303215467235005,0.5611627867660474,0.1115116258349447,1.0,0.5068744006293562,0.6502541915834477,1.107061774907191,2.796899545061759,2.0962117080115528e+19,5.724055437343546e+18,1.497656795185422e+18,1.4909909456247158e+17,-0.35302122926553303,4.6629367034256575e-14,0,0.936568290609556,2.8183829312644493e+19,8192,exponential,p0,1.0,0.5,A1_balanced_q01_q99,R2,R2,1.0,1.0,2,65,0.7437639806706823,0.2030971509884743,0.05313886834084352,1.4533156423007274e-16,2.8368848119128924,0.32643638168452116,11.303138452198423,0.03998526685113335,0.034859308638152606,main,True,True,True,False
0.3652907705041306,10.758475844171135,0.1115116258349447,0.016961507846929666,0.6303215467235005,0.5611627867660474,0.1115116258349447,1.0,0.4984956276603349,0.6378794326195276,1.0872062099752602,2.7770439801298283,2.3579831583404106e+19,6.438866011041548e+18,1.6040790072381384e+18,1.4909909456247158e+17,-0.35152678737100873,3.952393967665557e-14,0,0.9395255393413791,3.162277660168379e+19,8192,exponential,p0,1.0,0.5,A1_balanced_q01_q99,R2,R2,1.0,1.0,2,65,0.7456597464673159,0.20361482143534174,0.05072543209734237,0.0,2.816790177536002,0.3438547078660985,12.039893014607651,0.03974619740617369,0.035268745286704206,main,True,True,True,False
0.38369495931842307,11.52023439090511,0.1115116258349447,0.016961507846929666,0.6303215467235005,0.5611627867660474,0.1115116258349447,1.0,0.4902341379154129,0.6257816666884243,1.067727861694722,2.75756563184929,2.652153519574221e+19,7.242147210784005e+18,1.7176565168313981e+18,1.4909909456247158e+17,-0.34977618399241794,2.708944180085382e-14,0,0.9423554740981692,3.5481338923357606e+19,8192,exponential,p0,1.0,0.5,A1_balanced_q01_q99,R2,R2,1.0,1.0,2,65,0.7474784210660917,0.20411144084578078,0.048410138088127594,2.3088192972918367e-16,2.7970475726017074,0.3622024589034564,12.824670282173095,0.03948194075241762,0.035658951596305395,main,True,True,True,False
0.40307586105792603,12.333112590224207,0.1115116258349447,0.016961507846929666,0.6303215467235005,0.5611627867660474,0.1115116258349447,1.0,0.48208944780599455,0.6139525863370817,1.0486183193960625,2.7384560895506307,2.9827079860973826e+19,8.144781274036585e+18,1.8388559203394478e+18,1.4909909456247158e+17,-0.3477896068064028,2.142730437526552e-14,0,0.945062676083373,3.981071705534986e+19,8192,exponential,p0,1.0,0.5,A1_balanced_q01_q99,R2,R2,1.0,1.0,2,65,0.7492223719433255,0.20458765569865742,0.04618997235801705,2.0577373646926412e-16,2.777650830054359,0.38152922799822886,13.660600442786796,0.03919474050372829,0.03603076847352677,main,True,True,True,False
0.4234857866898657,13.200443450297326,0.1115116258349447,0.016961507846929666,0.6303215467235005,0.5611627867660474,0.1115116258349447,1.0,0.47406101468677775,0.6023842056521741,1.0298694235356358,2.719707193690204,3.3541201075225494e+19,9.15898397360824e+18,1.9681741662624397e+18,1.4909909456247158e+17,-0.3455861415627187,2.2537527399890678e-14,0,0.9476516360866979,4.466835921509617e+19,8192,exponential,p0,1.0,0.5,A1_balanced_q01_q99,R2,R2,1.0,1.0,2,65,0.7508939586007868,0.2050441102952548,0.044061931103958556,1.8339603567151896e-16,2.758593890876361,0.401887254596811,14.551017714417585,0.038886697186157004,0.03638500536482969,main,True,True,True,False
0.44497983433300337,14.125776873888888,0.1115116258349447,0.016961507846929666,0.6303215467235005,0.5611627867660474,0.1115116258349447,1.0,0.4661482392617086,0.5910688476961786,1.0114732559772088,2.701311026131777,3.7714115119008285e+19,1.029846770183053e+19,2.1061405418883336e+18,1.4909909456247158e+17,-0.3431838155465882,1.3322676295501878e-14,0,0.9501267499736014,5.011872336272715e+19,8192,exponential,p0,1.0,0.5,A1_balanced_q01_q99,R2,R2,1.0,1.0,2,65,0.7524955263935541,0.2054814450738665,0.04202302853257934,0.0,2.7398708021954934,0.4233315655913834,15.499473644081053,0.03855977606371619,0.03672244099670718,main,True,True,True,False
0.46761603780845434,15.112893849919018,0.1115116258349447,0.016961507846929666,0.6303215467235005,0.5611627867660474,0.1115116258349447,1.0,0.45835046807260316,0.5799991322605675,0.9934221306559922,2.6832599008105604,4.240218925151333e+19,1.1578624478279907e+19,2.253318789241671e+18,1.4909909456247158e+17,-0.3405996405351906,1.454392162258955e-14,0,0.9524923147885151,5.6234132519034905e+19,8192,exponential,p0,1.0,0.5,A1_balanced_q01_q99,R2,R2,1.0,1.0,2,65,0.7540294008653988,0.20590029506297824,0.040070304071622986,0.0,2.7214757154254032,0.44592012405529663,16.50975127365362,0.0382158146148428,0.03704382413426073,main,True,True,True,False
0.4914555231425585,16.165821568426033,0.1115116258349447,0.016961507846929666,0.6303215467235005,0.5611627867660474,0.1115116258349447,1.0,0.4506669960518826,0.5691679639442893,0.9757085846152278,2.6655463547697957,4.766869377564044e+19,1.3016731313668213e+19,2.410309358710796e+18,1.4909909456247158e+17,-0.3378496551496762,9.325873406851315e-15,0,0.9547525254490374,6.309573444801943e+19,8192,exponential,p0,1.0,0.5,A1_balanced_q01_q99,R2,R2,1.0,1.0,2,65,0.7554978825852585,0.20630128847128124,0.03820082894346046,1.298344503264142e-16,2.7034028844386584,0.46971398591482283,17.58588022903588,0.03785652966886266,0.03734987435474393,main,True,True,True,False
0.5165626734451592,17.288849518907522,0.1115116258349447,0.016961507846929666,0.6303215467235005,0.5611627867660474,0.1115116258349447,1.0,0.44309706912176544,0.55856852056462,0.9583253694052118,2.64816313955978,5.358464596966754e+19,1.4632180659450548e+19,2.577751809295934e+18,1.4909909456247158e+17,-0.3349489665114722,3.885780586188048e-15,0,0.9569114720050312,7.0794578438414025e+19,8192,exponential,p0,1.0,0.5,A1_balanced_q01_q99,R2,R2,1.0,1.0,2,65,0.7569032424747351,0.20668504541176763,0.03641171211349729,1.1571507565549565e-16,2.685646663771816,0.4947774649807691,18.73215279284796,0.037483524212035935,0.03764128283277134,main,True,True,True,False
0.5430053026088398,18.486546635972875,0.1115116258349447,0.016961507846929666,0.6303215467235005,0.5611627867660474,0.1115116258349447,1.0,0.4356398868234352,0.5481942419060526,0.941265442834405,2.631103212988973,6.022975710155329e+19,1.6446739005864151e+19,2.7563273650104607e+18,1.4909909456247158e+17,-0.3319117911194205,8.548717289613705e-15,0,0.958973137435217,7.94328234724279e+19,8192,exponential,p0,1.0,0.5,A1_balanced_q01_q99,R2,R2,1.0,1.0,2,65,0.7582477176133589,0.20705217675628787,0.034700105630353376,0.0,2.668201506861932,0.5211783067860114,19.95314102476613,0.03709829387295871,0.03791871313404463,main,True,True,True,False
0.5708548382986165,19.763779560434,0.1115116258349447,0.016961507846929666,0.6303215467235005,0.5611627867660474,0.1115116258349447,1.0,0.42829460496075467,0.538038818811678,0.9245219610621377,2.6143597312167057,6.769349511084632e+19,1.84848370649351e+19,2.946761637592992e+18,1.4909909456247158e+17,-0.3287514948724625,7.882583474838611e-15,0,0.960941395951702,8.91250938133744e+19,8192,exponential,p0,1.0,0.5,A1_balanced_q01_q99,R2,R2,1.0,1.0,2,65,0.7595335075056943,0.20740328311622158,0.033063209378084164,0.0,2.6510619643139592,0.5489878716988308,21.253714997787853,0.03670223309725351,0.03818280201462294,main,True,True,True,False
0.6001865147264517,21.125732088434685,0.1115116258349447,0.016961507846929666,0.6303215467235005,0.5611627867660474,0.1115116258349447,1.0,0.42106033824431915,0.5280961826201972,0.9080882710223108,2.597926041176879,7.607627707921426e+19,2.0773895394430775e+19,3.1498275263549635e+18,1.4909909456247158e+17,-0.3254806321709032,2.1094237467877974e-15,0,0.9628200117819473,1e+20,8192,exponential,p0,1.0,0.5,A1_balanced_q01_q99,R2,R2,1.0,1.0,2,65,0.7607627707921426,0.20773895394430775,0.03149827526354963,0.0,2.6342226821985157,0.5782813278069848,22.639062223161364,0.036296641021636766,0.0384341602229531,main,True,True,True,False
0.6310795757313853,22.577925885983262,0.1115116258349447,0.016961507846929666,0.6303215467235005,0.5611627867660474,0.1115116258349447,1.0,0.41393616292281854,0.5183604949503929,0.8919579031673841,2.5817956733219525,8.549080733412586e+19,2.3344689789371974e+19,3.3663483066986936e+18,1.4909909456247158e+17,-0.322110984037647,2.220446049250313e-15,0,0.9646126383969007,1.1220184543019654e+20,8192,exponential,p0,1.0,0.5,A1_balanced_q01_q99,R2,R2,1.0,1.0,2,65,0.7619376223835084,0.20805976675219007,0.03000261086430151,0.0,2.61767840037945,0.609137854093914,24.114708341460087,0.03588272705749773,0.038673373302052005,main,True,True,True,False
0.6636174887137499,24.126242551321322,0.1115116258349447,0.016961507846929666,0.6303215467235005,0.5611627867660474,0.1115116258349447,1.0,0.40692111938991044,0.5088261378336761,0.8761245645219463,2.5659623346765144,9.606357896404002e+19,2.623176129578053e+19,3.5972009195965834e+18,1.4909909456247158e+17,-0.31865359520911085,4.773959005888173e-15,0,0.9663228181537165,1.2589254117941713e+20,8192,exponential,p0,1.0,0.5,A1_balanced_q01_q99,R2,R2,1.0,1.0,2,65,0.7630601309980228,0.2083662864378601,0.02857358256411707,0.0,2.6014239508707258,0.6416408544561957,25.68653916233116,0.0354616161942114,0.03890100238943097,main,True,True,True,False
0.6978881700013104,25.776947112958304,0.1115116258349447,0.016961507846929666,0.6303215467235005,0.5611627867660474,0.1115116258349447,1.0,0.40001421475597637,0.49948770419411087,0.8605821320351339,2.5504199021897023,1.0793655869329821e+20,2.947387629384996e+19,3.843319475126799e+18,1.4909909456247158e+17,-0.3151188101536409,9.992007221626409e-16,0,0.9679539823213472,1.4125375446227496e+20,8192,exponential,p0,1.0,0.5,A1_balanced_q01_q99,R2,R2,1.0,1.0,2,65,0.7641323170785179,0.20865906471690726,0.02720861820457484,0.0,2.5854542562220777,0.6758781831407953,27.36082414082464,0.035034354032375425,0.03911758501253744,main,True,True,True,False
0.7339842222559743,27.536713056950287,0.1115116258349447,0.016961507846929666,0.6303215467235005,0.5611627867660474,0.1115116258349447,1.0,0.39321442537531726,0.4903399886741893,0.8453246462212054,2.5351624163757736,1.2126907749954952e+20,3.3114542762543657e+19,4.105698984017877e+18,1.4909909456247158e+17,-0.3115163079831301,9.992007221626409e-16,0,0.9695094514576564,1.5848931924611108e+20,8192,exponential,p0,1.0,0.5,A1_balanced_q01_q99,R2,R2,1.0,1.0,2,65,0.7651561510667865,0.20893863965130383,0.025905209281909515,2.0675210263927006e-16,2.569764327932952,0.7119423822113992,29.144241383945154,0.03460191155717851,0.03932363587768137,main,True,True,True,False
0.7720031845621309,29.41264898311951,0.1115116258349447,0.016961507846929666,0.6303215467235005,0.5611627867660474,0.1115116258349447,1.0,0.38652069932050054,0.48137797880355976,0.8303463050776695,2.5201840752322378,1.362399520882583e+20,3.720258958356707e+19,4.3853993320669194e+18,1.4909909456247158e+17,-0.30785513623107746,9.992007221626409e-16,0,0.9709924361072881,1.778279410038923e+20,8192,exponential,p0,1.0,0.5,A1_balanced_q01_q99,R2,R2,1.0,1.0,2,65,0.7661335520118083,0.2092055352693578,0.02466091271883383,0.0,2.554349264894241,0.7499309316857431,31.043904287162977,0.034165189662003215,0.039519647650597345,main,True,True,True,False
0.8120477958721402,31.412326996425882,0.1115116258349447,0.016961507846929666,0.6303215467235005,0.5611627867660474,0.1115116258349447,1.0,0.3799319587966235,0.47259684650692835,0.8156414582704266,2.5054792284249947,1.5304986540397537e+20,4.179281657964554e+19,4.683549513267381e+18,1.4909909456247158e+17,-0.3041437434774821,2.9976021664879227e-15,0,0.9724060377901156,1.995262314968883e+20,8192,exponential,p0,1.0,0.5,A1_balanced_q01_q99,R2,R2,1.0,1.0,2,65,0.7670663864884466,0.20946026127044512,0.023473352241108327,0.0,2.5392042518573015,0.7899465130199993,33.0673899071337,0.03372502343230677,0.03970609172697501,main,True,True,True,False
0.8542262725202404,33.5438129466445,0.1115116258349447,0.016961507846929666,0.6303215467235005,0.5611627867660474,0.1115116258349447,1.0,0.37344710248936325,0.46399193994642507,0.8012046015755548,2.491042371730123,1.719240377971699e+20,4.694672392114719e+19,5.001352138517607e+18,1.4909909456247158e+17,-0.300390010807687,5.551115123125783e-16,0,0.9737532502513757,2.238721138568347e+20,8192,exponential,p0,1.0,0.5,A1_balanced_q01_q99,R2,R2,1.0,1.0,2,65,0.7679564678033755,0.20970331280817506,0.02234021938844939,0.0,2.524324557929807,0.8320972866524547,35.22276918379001,0.03328218619968393,0.03988341899146768,main,True,True,True,False
0.8986526005545491,35.81569863688043,0.1115116258349447,0.016961507846929666,0.6303215467235005,0.5611627867660474,0.1115116258349447,1.0,0.3670650078415987,0.45555877569295067,0.787030371567505,2.4768681417220733,1.9311522432426367e+20,5.273333058881227e+19,5.340088237881219e+18,1.4909909456247158e+17,-0.29660128209855924,6.661338147750939e-16,0,0.9750369609452492,2.5118864315095718e+20,8192,exponential,p0,1.0,0.5,A1_balanced_q01_q99,R2,R2,1.0,1.0,2,65,0.7688055554653678,0.2099351703457431,0.0212592741888891,0.0,2.5097055350979423,0.8764971843566413,37.51863913235233,0.032837393375868995,0.040052060563860674,main,True,True,True,False
0.9454468436765453,38.237136129331866,0.1115116258349447,0.016961507846929666,0.6303215467235005,0.5611627867660474,0.1115116258349447,1.0,0.36078453325437737,0.4472930312202268,0.7731135405436543,2.4629513106982226,2.1690707798824324e+20,5.9230092762656285e+19,5.70112237554535e+18,1.4909909456247158e+17,-0.2927843931311586,1.7763568394002505e-15,0,0.976259952725327,2.818382931264449e+20,8192,exponential,p0,1.0,0.5,A1_balanced_q01_q99,R2,R2,1.0,1.0,2,65,0.7696153548976019,0.2101562995773718,0.020228345525026222,1.162652513840582e-16,2.4953426167744874,0.9232662171941418,39.964157133661914,0.032391306076264836,0.04021242853123256,main,True,True,True,False
0.9947354676196926,40.817874285082496,0.1115116258349447,0.016961507846929666,0.6303215467235005,0.5611627867660474,0.1115116258349447,1.0,0.3546045202088367,0.4391905377146637,0.7594490116753879,2.449286781829956,2.4361792358528015e+20,6.652393433368717e+19,6.085908097870592e+18,1.4909909456247158e+17,-0.288945699534345,4.884981308350689e-15,0,0.9774249057165019,3.1622776601683794e+20,8192,exponential,p0,1.0,0.5,A1_balanced_q01_q99,R2,R2,1.0,1.0,2,65,0.7703875173703387,0.21036715140992718,0.019245331219734006,0.0,2.4812313163723454,0.9725307998994561,42.569077459603335,0.031944534542389214,0.040364916665113354,main,True,True,True,False
1.0466516818435452,43.568297683625865,0.1115116258349447,0.016961507846929666,0.6303215467235005,0.5611627867660474,0.1115116258349447,1.0,0.3485237953064593,0.4312472731935877,0.746031814376064,2.435869584530632,2.736049922737635e+20,7.471240322355567e+19,6.495993736256845e+18,1.4909909456247158e+17,-0.28509110356854944,1.7763568394002505e-15,0,0.978534399344109,3.54813389233576e+20,8192,exponential,p0,1.0,0.5,A1_balanced_q01_q99,R2,R2,1.0,1.0,2,65,0.7711236401331166,0.21056816199901632,0.018308197867867068,1.8470554378334696e-16,2.4673672259030486,1.0244240925737091,45.343790179309494,0.031497641372416396,0.040509901122775235,main,True,True,True,False
1.101335799466006,46.49946807733677,0.1115116258349447,0.016961507846929666,0.6303215467235005,0.5611627867660474,0.1115116258349447,1.0,0.3425411722258351,0.4234593559238634,0.7328570998764984,2.4226948700310666,3.0726917309818634e+20,8.390496886734474e+19,6.933028587967464e+18,1.4909909456247158e+17,-0.28122607976323766,3.1086244689504383e-15,0,0.9795909144979567,3.9810717055349857e+20,8192,exponential,p0,1.0,0.5,A1_balanced_q01_q99,R2,R2,1.0,1.0,2,65,0.7718252667265002,0.2107597528341163,0.01741498043938344,0.0,2.453746014599824,1.0790863606108554,48.299362601324304,0.03105114456875757,0.04064774113193003,main,True,True,True,False
1.158935616406257,49.623168546208284,0.1115116258349447,0.016961507846929666,0.6303215467235005,0.5611627867660474,0.1115116258349447,1.0,0.33665545359469423,0.41582303813259197,0.7199201369988217,2.4097579071533897,3.4506034456278886e+20,9.422447808861222e+19,7.398769499560574e+18,1.4909909456247158e+17,-0.277355699425401,1.1102230246251565e-15,0,0.9805968358098498,4.466835921509617e+20,8192,exponential,p0,1.0,0.5,A1_balanced_q01_q99,R2,R2,1.0,1.0,2,65,0.7724938874543927,0.21094233086754619,0.016563781678061006,1.4671682853721517e-16,2.4403634275647823,1.136665353829128,51.447583417026905,0.03060552041139264,0.04077877965824742,main,True,True,True,False
1.21960681076245,52.95195052896759,0.1115116258349447,0.016961507846929666,0.6303215467235005,0.5611627867660474,0.1115116258349447,1.0,0.3308654327766295,0.40833470000119176,0.7072163081198392,2.397054078274407,3.8748335704971117e+20,1.0580878869837446e+20,7.895087879185857e+18,1.4909909456247158e+17,-0.2734846540397554,4.440892098500626e-16,0,0.9815544540250799,5.0118723362727146e+20,8192,exponential,p0,1.0,0.5,A1_balanced_q01_q99,R2,R2,1.0,1.0,2,65,0.7731309399989209,0.21111628868237198,0.01575277131870714,0.0,2.427215284439794,1.1973167058326264,54.80100972138645,0.030161206165386645,0.040903344055212995,main,True,True,True,False
1.2835133635029585,56.499183918156085,0.1115116258349447,0.016961507846929666,0.6303215467235005,0.5611627867660474,0.1115116258349447,1.0,0.3251698955724543,0.4009908439339399,0.6947411053153059,2.384578875469874,4.351047455157887e+20,1.188126025088447e+20,8.423977165715628e+18,1.4909909456247158e+17,-0.2696172775842302,0.0,0,0.9824659684496784,5.6234132519034906e+20,8192,exponential,p0,1.0,0.5,A1_balanced_q01_q99,R2,R2,1.0,1.0,2,65,0.7737378101609524,0.2112820046946174,0.014980185144430145,1.1654131941631085e-16,2.4142974781006674,1.261204354682379,58.373017098595135,0.029718602630793622,0.041021746695959115,main,True,True,True,False
1.3508280016080338,60.27911041898245,0.1115116258349447,0.016961507846929666,0.6303215467235005,0.5611627867660474,0.1115116258349447,1.0,0.3195676218365839,0.3937880890918702,0.6824901266767754,2.3723278968313437,4.885602615959044e+20,1.3340952209978832e+20,8.987560784501531e+18,1.4909909456247158e+17,-0.26575756778679455,1.3322676295501878e-15,0,0.9833334894564503,6.309573444801943e+20,8192,exponential,p0,1.0,0.5,A1_balanced_q01_q99,R2,R2,1.0,1.0,2,65,0.7743158327103683,0.2114398433854446,0.014244323904186916,0.0,2.401605973374192,1.3285009860140984,62.17785297235344,0.029278076542848197,0.04113428558681237,main,True,True,True,False
1.421732664858828,64.30690038479186,0.1115116258349447,0.016961507846929666,0.6303215467235005,0.5611627867660474,0.1115116258349447,1.0,0.31405738700930785,0.3867231661827725,0.6704590727930014,2.3602968429475695,5.485633251172879e+20,1.497943586453608e+20,9.588100621491522e+18,1.4909909456247158e+17,-0.26190920635175,8.881784197001252e-16,0,0.9841590410345706,7.079457843841402e+20,8192,exponential,p0,1.0,0.5,A1_balanced_q01_q99,R2,R2,1.0,1.0,2,65,0.774866292331265,0.21159015555925748,0.013543552109477495,0.0,2.3891368057776567,1.399388499800186,66.23069343360424,0.028839962830087273,0.04124124496237895,main,True,True,True,False
1.4964189975351434,68.59871335585441,0.1115116258349447,0.016961507846929666,0.6303215467235005,0.5611627867660474,0.1115116258349447,1.0,0.30863796356614287,0.37979291249799624,0.6586437433881301,2.348481513542698,6.159145072330099e+20,1.6818572144176058e+20,1.022800604950842e+19,1.4909909456247158e+17,-0.2580755781853131,3.9968028886505635e-15,0,0.9849445633685592,7.943282347242789e+20,8192,exponential,p0,1.0,0.5,A1_balanced_q01_q99,R2,R2,1.0,1.0,2,65,0.7753904246483211,0.2117332786239682,0.012876296727710661,1.6500987157468562e-16,2.376886080280457,1.4740585020177208,70.54770377237779,0.028404566737758596,0.04134289586208817,main,True,True,True,False
1.5750888663503912,73.1717625429613,0.1115116258349447,0.016961507846929666,0.6303215467235005,0.5611627867660474,0.1115116258349447,1.0,0.30330812238579563,0.3729942671867206,0.6470400341092183,2.3368778042637866,6.915121710759177e+20,1.8882892351513058e+20,1.0909843542695705e+19,1.4909909456247158e+17,-0.25425978965166796,4.440892098500626e-16,0,0.9856919154339151,8.91250938133744e+20,8192,exponential,p0,1.0,0.5,A1_balanced_q01_q99,R2,R2,1.0,1.0,2,65,0.7758894173215973,0.21186953688995083,0.012241045788451711,0.0,2.364849970087385,1.5527128225514146,75.14610295518902,0.027972165823598516,0.041439496688182004,main,True,True,True,False
1.6579549060233525,78.04438351303651,0.1115116258349447,0.016961507846929666,0.6303215467235005,0.5611627867660474,0.1115116258349447,1.0,0.2980666340385233,0.3663242667584165,0.6356439334559111,2.325481703610479,7.763644111980416e+20,2.1199924188447854e+20,1.1636346917480028e+19,1.4909909456247158e+17,-0.2504646858917108,1.9984014443252818e-15,0,0.9864028775977567,1e+21,8192,exponential,p0,1.0,0.5,A1_balanced_q01_q99,R2,R2,1.0,1.0,2,65,0.7763644111980417,0.21199924188447855,0.011636346917480028,2.62144e-16,2.353024715443253,1.6355640607312818,80.04423230516092,0.027543011832773967,0.04153129374521162,main,True,True,True,False
1.7452410939607854,83.23610735076564,0.1115116258349447,0.016961507846929666,0.6303215467235005,0.5611627867660474,0.1115116258349447,1.0,0.2929122699969252,0.35978004080424375,0.6244515198453694,2.3142892899999374,8.716024502993256e+20,2.380055757617358e+20,1.2410428240903842e+19,1.4909909456247158e+17,-0.24669286723744394,6.661338147750939e-16,0,0.98707915421429,1.1220184543019653e+21,8192,exponential,p0,1.0,0.5,A1_balanced_q01_q99,R2,R2,1.0,1.0,2,65,0.776816501508944,0.21212269267870895,0.01106080581234706,0.0,2.3414066224584404,1.7228361599797568,85.26162865881686,0.027117332458503007,0.04161852176115989,main,True,True,True,False
1.8371833556039339,88.76773858806723,0.1115116258349447,0.016961507846929666,0.6303215467235005,0.5611627867660474,0.1115116258349447,1.0,0.28784380377136587,0.35335880792828905,0.6134589588058507,2.3032967289604187,9.78495671091589e+20,2.6719455125274323e+20,1.3235189449838993e+19,1.4909909456247158e+17,-0.2429467047554749,3.1086244689504383e-15,0,0.9877223762056937,1.2589254117941712e+21,8192,exponential,p0,1.0,0.5,A1_balanced_q01_q99,R2,R2,1.0,1.0,2,65,0.7772467391035306,0.21224017622453742,0.010513084671932009,0.0,2.329992061955023,1.8147650131213384,90.81910229133734,0.02669533299460447,0.041701404390373835,main,True,True,True,False
1.934030202074814,94.66143821226318,0.1115116258349447,0.016961507846929666,0.6303215467235005,0.5611627867660474,0.1115116258349447,1.0,0.2828600119723886,0.34705787187966425,0.6026625002926091,2.292500270447177,1.0984684828461352e+21,2.999551270491847e+20,1.4113934727429788e+19,1.4909909456247158e+17,-0.23922835495331582,3.774758283725532e-15,0,0.9883341036202153,1.4125375446227498e+21,8192,exponential,p0,1.0,0.5,A1_balanced_q01_q99,R2,R2,1.0,1.0,2,65,0.7776561317097636,0.21235196769887946,0.009991900591356837,1.8558373970159605e-16,2.3187774683331193,1.9115990999910122,96.73881992109287,0.026277197885942183,0.04178015469852257,main,True,True,True,False
2.036043401845356,100.94081208407209,0.1115116258349447,0.016961507846929666,0.6303215467235005,0.5611627867660474,0.1115116258349447,1.0,0.27795967530260324,0.340874617876647,0.5920584761200556,2.2818962462746235,1.2331192465241216e+21,3.367237622508535e+20,1.5050183686135738e+19,1.4909909456247158e+17,-0.23553977368221904,0.0,0,0.9889158281603114,1.584893192461111e+21,8192,exponential,p0,1.0,0.5,A1_balanced_q01_q99,R2,R2,1.0,1.0,2,65,0.7780456452142778,0.2124583308531788,0.009496023932543347,1.6540168211141605e-16,2.307759338457089,2.013600159064852,103.04439312453243,0.025863092182465408,0.04185497562985726,main,True,True,True,False
2.1434986882444442,107.63100511811345,0.1115116258349447,0.016961507846929666,0.6303215467235005,0.5611627867660474,0.1115116258349447,1.0,0.27314157948062134,0.3348065091142547,0.5816432975043985,2.2714810676589665,1.3842415097106433e+21,3.779902149183197e+20,1.604768540995946e+19,1.4909909456247158e+17,-0.2318827292701378,1.5543122344752192e-15,0,0.9894689756744858,1.7782794100389228e+21,8192,exponential,p0,1.0,0.5,A1_balanced_q01_q99,R2,R2,1.0,1.0,2,65,0.7784162049541726,0.21255951836615275,0.009024276679674434,1.4741440435069888e-16,2.296934230561253,2.1210438949281114,109.76097251407529,0.025453162902286497,0.04192606045707379,main,True,True,True,False
2.256686504715319,114.75880160159568,0.1115116258349447,0.016961507846929666,0.6303215467235005,0.5611627867660474,0.1115116258349447,1.0,0.268404516099646,0.3288510834468519,0.5714134527112311,2.2612512228657993,1.5538478332297423e+21,4.243040483272683e+20,1.711043341187223e+19,1.4909909456247158e+17,-0.2282588149180863,2.6645352591003757e-15,0,0.9899949086072126,1.995262314968883e+21,8192,exponential,p0,1.0,0.5,A1_balanced_q01_q99,R2,R2,1.0,1.0,2,65,0.7787686970141444,0.2126557721979957,0.00857553078785988,0.0,2.286298763174775,2.2342207234931597,116.91534805465677,0.025047540308975602,0.04199359321411175,main,True,True,True,False
2.3759127898368706,122.35273205136662,0.1115116258349447,0.016961507846929666,0.6303215467235005,0.5611627867660474,0.1115116258349447,1.0,0.26374728342341247,0.3230059502376002,0.5613655048028003,2.2512032749573683,1.7441965257139534e+21,4.762819312882902e+20,1.824268156610346e+19,1.4909909456247158e+17,-0.22466946039272134,1.3322676295501878e-15,0,0.9904949284024659,2.238721138568347e+21,8192,exponential,p0,1.0,0.5,A1_balanced_q01_q99,R2,R2,1.0,1.0,2,65,0.7791039695231359,0.21274732394445095,0.008148706532413225,0.0,2.2758496140653843,2.3534365569815163,124.53605591904449,0.024646339108016058,0.04205774911226354,main,True,True,True,False
2.5014998042309213,130.44318703554694,0.1115116258349447,0.016961507846929666,0.6303215467235005,0.5611627867660474,0.1115116258349447,1.0,0.25916868712214103,0.31726878736683795,0.5514960894799384,2.2413338596345067,1.9578216409960688e+21,5.346158294346598e+20,1.944896107884318e+19,1.4909909456247158e+17,-0.22111594304739357,2.6645352591003757e-15,0,0.990970277856639,2.5118864315095717e+21,8192,exponential,p0,1.0,0.5,A1_balanced_q01_q99,R2,R2,1.0,1.0,2,65,0.7794228339453524,0.21283439518934422,0.007742770865303377,0.0,2.2655835192016003,2.479013630791777,132.65349230813433,0.024249659567093573,0.04211869493996479,main,True,True,True,False
2.633787001590077,139.06253841378452,0.1115116258349447,0.016961507846929666,0.6303215467235005,0.5611627867660474,0.1115116258349447,1.0,0.2546675409511981,0.31163733839169067,0.5418019130138679,2.231639683168436,2.1975666364940783e+21,6.000821962053163e+20,2.0734098565054198e+19,1.4909909456247158e+17,-0.21759939820323373,4.440892098500626e-15,0,0.9914221434176809,2.818382931264449e+21,8192,exponential,p0,1.0,0.5,A1_balanced_q01_q99,R2,R2,1.0,1.0,2,65,0.779726066361094,0.21291719785433608,0.007356735784569906,0.0,2.255497271733132,2.611291374488376,141.3000346902213,0.02385758856469611,0.042176589446685404,main,True,True,True,False
2.7731319461801975,148.2452684797273,0.1115116258349447,0.016961507846929666,0.6303215467235005,0.5611627867660474,0.1115116258349447,1.0,0.25024266737513295,0.3061094098495067,0.5322797502633493,2.2221175204179175,2.466622139347152e+21,6.73552285517729e+20,2.2103235303497847e+19,1.4909909456247158e+17,-0.21412082892108142,6.661338147750939e-16,0,0.9918516574276692,3.1622776601683794e+21,8192,exponential,p0,1.0,0.5,A1_balanced_q01_q99,R2,R2,1.0,1.0,2,65,0.7800144087334233,0.2129959345448068,0.006989656721769629,1.6579442298943593e-16,2.245587720989153,2.7506273292654266,150.51017094280823,0.023470200571235278,0.04223158371132477,main,True,True,True,False
2.919911279297677,158.028107520841,0.1115116258349447,0.016961507846929666,0.6303215467235005,0.5611627867660474,0.1115116258349447,1.0,0.24589289813971205,0.30068286869795885,0.5229264427728273,2.2127642129273957,2.768568321577018e+21,7.560037230119644e+20,2.3561847746778296e+19,1.4909909456247158e+17,-0.2106811151942172,4.440892098500626e-16,0,0.992259900306552,3.5481338923357606e+21,8192,exponential,p0,1.0,0.5,A1_balanced_q01_q99,R2,R2,1.0,1.0,2,65,0.7802885701572132,0.2130707988909297,0.006640630951857167,0.0,2.2358517714941115,2.8973981143656364,160.32063691206605,0.02308755856671585,0.042283821495557,main,True,True,True,False
3.0745217372928777,168.45018034429637,0.1115116258349447,0.016961507846929666,0.6303215467235005,0.5611627867660474,0.1115116258349447,1.0,0.24161707479456804,0.29535563988491687,0.513738896947486,2.203576667102054,3.107422446716668e+21,8.485334894500981e+20,2.5115769368219636e+19,1.4909909456247158e+17,-0.20728102259097672,4.884981308350689e-15,0,0.9926479026755928,3.9810717055349854e+21,8192,exponential,p0,1.0,0.5,A1_balanced_q01_q99,R2,R2,1.0,1.0,2,65,0.7805492280875874,0.2131419758831172,0.006308796029295464,0.0,2.2262863820007897,3.0520004450662683,170.77056293861526,0.022709714898735633,0.04233343958255148,main,True,True,True,False
3.2373812239121307,179.55316235334544,0.1115116258349447,0.016961507846929666,0.6303215467235005,0.5611627867660474,0.1115116258349447,1.0,0.237414049168977,0.29012570404149696,0.5047140823013072,2.1945518524558754,3.4876922189806017e+21,9.52372488596303e+20,2.6771213932712264e+19,1.4909909456247158e+17,-0.203921210375383,1.3322676295501878e-15,0,0.993016647418965,4.4668359215096167e+21,8192,exponential,p0,1.0,0.5,A1_balanced_q01_q99,R2,R2,1.0,1.0,2,65,0.7807970295452217,0.21320964220114855,0.005993328253629839,1.1737346282977215e-16,2.2168885645403,3.2148522049839543,181.90162993405895,0.022336712084424448,0.0423805681015199,main,True,True,True,False
3.4089299398556676,191.3814457968003,0.1115116258349447,0.016961507846929666,0.6303215467235005,0.5611627867660474,0.1115116258349447,1.0,0.23328268380327094,0.2849910952919133,0.495849029774431,2.185686799928999,3.9144356430574634e+21,1.0689018929308912e+21,2.853480028435966e+19,1.4909909456247158e+17,-0.20060223913296235,1.3322676295501878e-15,0,0.993367071683003,5.011872336272714e+21,8192,exponential,p0,1.0,0.5,A1_balanced_q01_q99,R2,R2,1.0,1.0,2,65,0.7810325922963542,0.2132739665363911,0.0056934411672546195,0.0,2.207655383488723,3.386393575596533,193.7582356308181,0.021968583559723864,0.04242533083853797,main,True,True,True,False
3.5896315726052324,203.9823168546854,0.1115116258349447,0.016961507846929666,0.6303215467235005,0.5611627867660474,0.1115116258349447,1.0,0.2292218523382781,0.2799498991740824,0.4871408301163226,2.176978600270891,4.393328189008459e+21,1.1996714841452433e+21,3.041357874978878e+19,1.4909909456247158e+17,-0.19732457792792477,5.551115123125783e-15,0,0.993700068812315,5.623413251903491e+21,8192,exponential,p0,1.0,0.5,A1_balanced_q01_q99,R2,R2,1.0,1.0,2,65,0.7812565060057332,0.2133351099066322,0.005408384087634671,0.0,2.1985839546500996,3.567088226035176,206.38767166834623,0.02160535437920874,0.04246784553408032,main,True,True,True,False
3.779974549736948,217.40614426646005,0.1115116258349447,0.016961507846929666,0.6303215467235005,0.5611627867660474,0.1115116258349447,1.0,0.2252304398651405,0.27500025066514455,0.4785866323314064,2.1684244024859747,4.930738153701951e+21,1.3464202318375457e+21,3.2415059262447268e+19,1.4909909456247158e+17,-0.1940886110168724,2.220446049250313e-15,0,0.9940164902227957,6.309573444801943e+21,8192,exponential,p0,1.0,0.5,A1_balanced_q01_q99,R2,R2,1.0,1.0,2,65,0.7814693333610488,0.21339322596312368,0.005137440675827615,0.0,2.1896714443554877,3.757424566362582,219.84031222209288,0.021247041869512984,0.04250822416773025,main,True,True,True,False
3.98047335910698,231.70658025418163,0.1115116258349447,0.016961507846929666,0.6303215467235005,0.5611627867660474,0.1115116258349447,1.0,0.22130734323777107,0.2701403323063582,0.47018364218403147,2.1600214123385997,5.53381121898932e+21,1.5110993835320172e+21,3.454724132006514e+19,1.4909909456247158e+17,-0.19089464414319818,0.0,0,0.9943171472115724,7.079457843841402e+21,8192,exponential,p0,1.0,0.5,A1_balanced_q01_q99,R2,R2,1.0,1.0,2,65,0.7816716111677,0.21344846128952663,0.004879927542773441,0.0,2.180915068577796,3.957917067724841,234.1698149275645,0.020893656239196368,0.042546573230493,main,True,True,True,False
4.19166993947815,246.94077454205168,0.1115116258349447,0.016961507846929666,0.6303215467235005,0.5611627867660474,0.1115116258349447,1.0,0.21745147135013593,0.2653683724220627,0.46192912075978027,2.1517668909143484,6.210565328876215e+21,1.6958983724717984e+21,3.681864589477534e+19,1.4909909456247158e+17,-0.18774291043532085,1.7763568394002505e-15,0,0.9946028127043252,7.943282347242789e+21,8192,exponential,p0,1.0,0.5,A1_balanced_q01_q99,R2,R2,1.0,1.0,2,65,0.7818638514130093,0.21350095569251237,0.004635192894478382,0.0,2.1723120920621355,4.169107652945479,249.43333490088952,0.02054520114778713,0.04258299398516596,main,True,True,True,False
4.414135145346711,263.1696023259923,0.1115116258349447,0.016961507846929666,0.6303215467235005,0.5611627867660474,0.1115116258349447,1.0,0.21366174538045257,0.2606826434276663,0.45382038308029987,2.143658153234868,6.96999714488448e+21,1.9032738870297887e+21,3.923834942317117e+19,1.4909909456247158e+17,-0.18463357593089927,2.220446049250313e-15,0,0.9948742229404326,8.912509381337441e+21,8192,exponential,p0,1.0,0.5,A1_balanced_q01_q99,R2,R2,1.0,1.0,2,65,0.7820465422992395,0.21355084248384568,0.004402615216914692,1.1765216227381376e-16,2.1638598274713923,4.391567161320058,265.6917527095678,0.02020167423652408,0.04261758271518969,main,True,True,True,False
4.648470289927756,280.45790710257467,0.1115116258349447,0.016961507846929666,0.6303215467235005,0.5611627867660474,0.1115116258349447,1.0,0.20993709900433694,0.25608146022184525,0.4458547967689917,2.13569256692356,7.822201492449823e+21,2.135982487538298e+21,4.181602001187965e+19,1.4909909456247158e+17,-0.18156674474818082,2.220446049250313e-15,0,0.995132079096875,1e+22,8192,exponential,p0,1.0,0.5,A1_balanced_q01_q99,R2,R2,1.0,1.0,2,65,0.7822201492449823,0.2135982487538298,0.004181602001187965,0.0,2.1555556345467837,4.625896891570875,283.00991720265023,0.019863067623223873,0.042650430962415144,main,True,True,True,False
4.895308770470419,298.8747593258772,0.1115116258349447,0.016961507846929666,0.6303215467235005,0.5611627867660474,0.1115116258349447,1.0,0.20627647857881987,0.25156317865838146,0.4380297807650246,2.127867550919593,8.778505383601215e+21,2.3971172034153714e+21,4.4561956003064906e+19,1.4909909456247158e+17,-0.17854246392465697,2.220446049250313e-15,0,0.9953770488517446,1.1220184543019653e+22,8192,exponential,p0,1.0,0.5,A1_balanced_q01_q99,R2,R2,1.0,1.0,2,65,0.7823851158546705,0.21364329563604867,0.003971588509280623,1.8690886874090576e-16,2.147396919283108,4.872730227132096,301.45690416896105,0.019529368363515154,0.04268162575420127,main,True,True,True,False
5.1553177802959045,318.49373192395046,0.1115116258349447,0.016961507846929666,0.6303215467235005,0.5611627867660474,0.1115116258349447,1.0,0.20267884329908434,0.24712619409330144,0.43034280408329184,2.12018057423786,9.851618394602035e+21,2.690148596285996e+21,4.7487127053683565e+19,1.4909909456247158e+17,-0.17556072794225094,2.220446049250313e-16,0,0.9956097678883953,1.2589254117941714e+22,8192,exponential,p0,1.0,0.5,A1_balanced_q01_q99,R2,R2,1.0,1.0,2,65,0.7825418648561469,0.21368609856338516,0.0037720365804680012,0.0,2.1393811331184494,5.132734348158791,321.106291855002,0.01920055888058947,0.04271124982025801,main,False,True,True,False
5.429200112185284,339.3931937738815,0.1115116258349447,0.016961507846929666,0.6303215467235005,0.5611627867660474,0.1115116258349447,1.0,0.19914316532969645,0.24276894000318025,0.4227913846180515,2.1126291547726197,1.1055801394272475e+22,3.0189708340626703e+21,5.06032178923512e+19,1.4909909456247158e+17,-0.1726214829573248,2.4424906541753444e-15,0,0.995830841341562,1.4125375446227496e+22,8192,exponential,p0,1.0,0.5,A1_balanced_q01_q99,R2,R2,1.0,1.0,2,65,0.7826907990063499,0.21372676751533393,0.003582433478316213,0.0,2.131505772138076,5.406612034886782,342.03645444152187,0.018876617365456205,0.04273938179963754,main,False,True,True,False
5.717696057992197,361.6566223060106,0.1115116258349447,0.016961507846929666,0.6303215467235005,0.5611627867660474,0.1115116258349447,1.0,0.1956684299120022,0.2384898866707068,0.4153730879881144,2.1052108581426827,1.2407055862235098e+22,3.3879533874476645e+21,5.392267492834795e+19,1.4909909456247158e+17,-0.1697246307528884,6.661338147750939e-16,0,0.996040845186611,1.584893192461111e+22,8192,exponential,p0,1.0,0.5,A1_balanced_q01_q99,R2,R2,1.0,1.0,2,65,0.7828323019653285,0.2137654072566657,0.003402290778005917,0.0,2.1237683762922828,5.695103567218249,364.33087464930406,0.01855751814960005,0.042766096438264706,main,False,True,True,False
6.021585409614297,385.37293648417716,0.1115116258349447,0.016961507846929666,0.6303215467235005,0.5611627867660474,0.1115116258349447,1.0,0.19225363544930116,0.2342875399338005,0.40808552642157314,2.097923296576141,1.392333630956003e+22,3.801999034930526e+21,5.7458755898671686e+19,1.4909909456247158e+17,-0.16687003242951512,1.3322676295501878e-15,0,0.9962403275733542,1.7782794100389228e+22,8192,exponential,p0,1.0,0.5,A1_balanced_q01_q99,R2,R2,1.0,1.0,2,65,0.7829667391388893,0.21380211756752604,0.0032311432935847825,1.179315234805591e-16,2.116166528627942,5.998988725667124,388.07847672102764,0.018243232051800895,0.04279146477738714,main,False,True,True,False
6.3416895667327475,410.63685149014987,0.1115116258349447,0.016961507846929666,0.6303215467235005,0.5611627867660474,0.1115116258349447,1.0,0.18889779357130793,0.23016043999476543,0.40092635767815393,2.0907641278327223,1.562478862086641e+22,4.266608946071254e+21,6.122558275116546e+19,1.4909909456247158e+17,-0.16405751185061174,1.3322676295501878e-15,0,0.9964298101058002,1.995262314968883e+22,8192,exponential,p0,1.0,0.5,A1_balanced_q01_q99,R2,R2,1.0,1.0,2,65,0.7830944584902907,0.213836993465082,0.0030685480446274206,2.1021316187517993e-16,2.108697854533509,6.319088899073222,413.373981107372,0.017933726700786856,0.04281555433332378,main,False,True,True,False
6.678873757015718,437.5492565269911,0.1115116258349447,0.016961507846929666,0.6303215467235005,0.5611627867660474,0.1115116258349447,1.0,0.18559992917936033,0.2261071602861531,0.39389328400740353,2.0837310541619716,1.7534017480919156e+22,4.787955706789657e+21,6.523819797465698e+19,1.4909909456247158e+17,-0.1612868588568771,3.3306690738754696e-15,0,0.9966097890694539,2.238721138568347e+22,8192,exponential,p0,1.0,0.5,A1_balanced_q01_q99,R2,R2,1.0,1.0,2,65,0.7832157913214725,0.21387012541685005,0.0029140832616775373,0.0,2.1013600209972614,6.65626930478189,440.3182822720502,0.017628966835289805,0.042838429268866836,main,False,True,True,False
7.0340493747879025,466.2176172482409,0.1115116258349447,0.016961507846929666,0.6303215467235005,0.5611627867660474,0.1115116258349447,1.0,0.18235908047372995,0.22212630639019634,0.3869840511410061,2.0768218212955745,1.9676386434720568e+22,5.372965255774363e+21,6.951262460078566e+19,1.4909909456247158e+17,-0.15855783226398687,2.4424906541753444e-15,0,0.9967807366075463,2.511886431509572e+22,8192,exponential,p0,1.0,0.5,A1_balanced_q01_q99,R2,R2,1.0,1.0,2,65,0.7833310530243847,0.21390159954585863,0.0027673474297566295,0.0,2.0941507358785256,7.011441327289942,469.0188511227319,0.01732891458295116,0.04286015055669152,main,False,True,True,False
7.408176444487347,496.7564044180939,0.1115116258349447,0.016961507846929666,0.6303215467235005,0.5611627867660474,0.1115116258349447,1.0,0.17917429896433398,0.21821651500883713,0.38019644731762436,2.0700342174721924,2.208035456315012e+22,6.029408819377526e+21,7.406593011684676e+19,1.4909909456247158e+17,-0.1558701626567855,2.220446049250313e-15,0,0.9969431018477639,2.8183829312644493e+22,8192,exponential,p0,1.0,0.5,A1_balanced_q01_q99,R2,R2,1.0,1.0,2,65,0.783440543803035,0.21393149782781543,0.002627958369149559,1.488195217715945e-16,2.0870677471916754,7.38556498168017,499.59016367295385,0.01703352971948302,0.042880776135109565,main,False,True,True,False
7.802266215566863,529.287550512378,0.1115116258349447,0.016961507846929666,0.6303215467235005,0.5611627867660474,0.1115116258349447,1.0,0.1760446494660843,0.21437645298153502,0.3735283023387563,2.0633660724933245,2.4777854242097195e+22,6.766006065042009e+21,7.8916294544584e+19,1.4909909456247158e+17,-0.1532235549925391,2.220446049250313e-15,0,0.9970973119811752,3.1622776601683792e+22,8192,exponential,p0,1.0,0.5,A1_balanced_q01_q99,R2,R2,1.0,1.0,2,65,0.7835445493669227,0.21395989828046108,0.0024955523526160573,1.3263553839154874e-16,2.080108842402675,7.7796515085013995,532.1541576448429,0.016742769909350308,0.04290036105649766,main,False,True,True,False
8.217383895856234,563.9409360814832,0.1115116258349447,0.016961507846929666,0.6303215467235005,0.5611627867660474,0.1115116258349447,1.0,0.17296921008000948,0.21060481634821235,0.3669774866541633,2.0568152568087315,2.7804714998220414e+22,7.592540842180722e+21,8.40830829564618e+19,1.4909909456247158e+17,-0.15061769102510003,1.1102230246251565e-15,0,0.9972437732946542,3.5481338923357603e+22,8192,exponential,p0,1.0,0.5,A1_balanced_q01_q99,R2,R2,1.0,1.0,2,65,0.7836433415965705,0.21398687514530354,0.0023697832581258465,1.1821154802134204e-16,2.073271847737939,8.194766107109611,566.8407188338374,0.016456590929207593,0.04291895762871858,main,False,True,True,False
8.654651530769506,600.8549078153738,0.1115116258349447,0.016961507846929666,0.6303215467235005,0.5611627867660474,0.1115116258349447,1.0,0.1699470721612737,0.20690032945480832,0.36054191047552825,2.0503796806300962,3.1201139086168177e+22,8.519991046462989e+21,8.958692271868957e+19,1.4909909456247158e+17,-0.14805223156117456,6.350475700855895e-14,0,0.9973828721588398,3.981071705534985e+22,8192,exponential,p0,1.0,0.5,A1_balanced_q01_q99,R2,R2,1.0,1.0,2,65,0.7837371791818881,0.21401249906193423,0.00225032175617773,2.107123061445265e-16,2.0665546275053086,8.632030814856941,603.7881991753625,0.01617494687521237,0.042936615549838505,main,False,False,True,False
9.11525103614732,640.1768303765674,0.1115116258349447,0.016961507846929666,0.6303215467235005,0.5611627867660474,0.1115116258349447,1.0,0.16697734027506397,0.20326174409913148,0.3542195229170612,2.044057293071629,3.501223509844508e+22,9.56067433088207e+21,9.544978576901916e+19,1.4909909456247158e+17,-0.1455268185592448,1.2367884494324244e-13,0,0.9975149759722428,4.466835921509617e+22,8192,exponential,p0,1.0,0.5,A1_balanced_q01_q99,R2,R2,1.0,1.0,2,65,0.783826308234136,0.21403683723513475,0.0021368545307292337,0.0,2.059955083426916,9.092627539911627,643.1439685798109,0.015897790355286823,0.04295338203643663,main,False,False,True,False
9.600427392920306,682.0636742029664,0.1115116258349447,0.016961507846929666,0.6303215467235005,0.5611627867660474,0.1115116258349447,1.0,0.16405913214139936,0.19968783871469425,0.34800831116184516,2.037846081316413,3.9288616689204174e+22,1.0728411597265353e+22,1.0169507625761489e+20,1.4909909456247158e+17,-0.14304107708108843,1.7252865802674933e-13,0,0.9976404340644978,5.011872336272714e+22,8192,exponential,p0,1.0,0.5,A1_balanced_q01_q99,R2,R2,1.0,1.0,2,65,0.7839109628722661,0.21405995359498678,0.0020290835327470575,0.0,2.05347115398374,9.577801255906447,685.0650027369189,0.015625072667326823,0.042969301945794604,main,False,False,True,False
10.111492012245181,726.6826416238529,0.1115116258349447,0.016961507846929666,0.6303215467235005,0.5611627867660474,0.1115116258349447,1.0,0.16119157856966201,0.19617741759054488,0.34190629965278807,2.031744069807356,4.408707435730089e+22,1.203871043783363e+22,1.083477239003815e+20,1.4909909456247158e+17,-0.14059461710527,1.6853185513809876e-13,0,0.9977595785583202,5.623413251903491e+22,8192,exponential,p0,1.0,0.5,A1_balanced_q01_q99,R2,R2,1.0,1.0,2,65,0.7839913657844315,0.2140819089502021,0.0019267252653663051,0.0,2.047100813771644,10.08886336704987,729.7185092340566,0.0153567439642881,0.04298441789223462,main,False,False,True,False
10.649826280167456,774.2118337894825,0.1115116258349447,0.016961507846929666,0.6303215467235005,0.5611627867660474,0.1115116258349447,1.0,0.1583738233839469,0.19272931012486538,0.33591154930709627,2.0257493194616645,4.947132920344722e+22,1.3508970961154653e+22,1.1543428341756258e+20,1.4909909456247158e+17,-0.1381870352114164,1.3589129821411916e-13,0,0.9978727251960624,6.309573444801943e+22,8192,exponential,p0,1.0,0.5,A1_balanced_q01_q99,R2,R2,1.0,1.0,2,65,0.7840677287654605,0.2141027611348884,0.0018295100996512143,1.3295047713424815e-16,2.0408420728686947,10.627195252796863,777.2825944857997,0.015092753407030202,0.0429987703578737,main,False,False,True,False
11.216885291484468,824.8409610677319,0.1115116258349447,0.016961507846929666,0.6303215467235005,0.5611627867660474,0.1115116258349447,1.0,0.15560502333951753,0.18934237011099173,0.33002215675325736,2.0198599269078255,5.551287866408733e+22,1.5158716733873445e+22,1.229830404532377e+20,1.4909909456247158e+17,-0.1358179161435868,1.056932319443149e-13,0,0.9979801741229282,7.079457843841402e+22,8192,exponential,p0,1.0,0.5,A1_balanced_q01_q99,R2,R2,1.0,1.0,2,65,0.7841402532311055,0.21412256514897385,0.0017371816199205669,1.1849223747122755e-16,2.034692976213562,11.194252001659553,827.9469741349153,0.0148330493057367,0.04301239779804667,main,False,False,True,False
11.814201782780389,878.772099749958,0.1115116258349447,0.016961507846929666,0.6303215467235005,0.5611627867660474,0.1115116258349447,1.0,0.15288434803180043,0.18601547505341562,0.32423625358956953,2.0140740237441377,6.2291945445141716e+22,1.7009853902886697e+22,1.310241243994807e+20,1.4909909456247158e+17,-0.13348683426053076,9.614531393253856e-14,0,0.9980822106405851,7.94328234724279e+22,8192,exponential,p0,1.0,0.5,A1_balanced_q01_q99,R2,R2,1.0,1.0,2,65,0.7842091307098509,0.21414137329250327,0.0016494959976458697,0.0,2.028651602994815,11.791566344250558,881.9137297582711,0.014577579250677264,0.04302533674163976,main,False,False,True,False
12.44339027535256,936.2204980780341,0.1115116258349447,0.016961507846929666,0.6303215467235005,0.5611627867660474,0.1115116258349447,1.0,0.15021097979812076,0.18274752551261386,0.3185520056633067,2.008389775817875,6.989854224821964e+22,1.908696193658051e+22,1.3958962857426105e+20,1.4909909456247158e+17,-0.13119335488017975,7.482903185973555e-14,0,0.9981791059235192,8.91250938133744e+22,8192,exponential,p0,1.0,0.5,A1_balanced_q01_q99,R2,R2,1.0,1.0,2,65,0.7842745433130802,0.2141592352940251,0.0015662213928947784,1.8824345963810202e-16,2.0227160660509065,12.420752796189532,939.3981148959523,0.014326290233031447,0.04303762188656771,main,False,False,True,False
13.106151439194354,997.4154348097506,0.1115116258349447,0.016961507846929666,0.6303215467235005,0.5611627867660474,0.1115116258349447,1.0,0.1475841136130335,0.17953744447695824,0.3129676123696642,2.0028053825242322,7.843366641843886e+22,2.141761984332837e+22,1.487137382327677e+20,1.4909909456247158e+17,-0.128937035525264,6.061817714453355e-14,0,0.9982711177029042,1e+23,8192,exponential,p0,1.0,0.5,A1_balanced_q01_q99,R2,R2,1.0,1.0,2,65,0.7843366641843886,0.21417619843328373,0.0014871373823276773,1.6777216000000002e-16,2.0168845112806806,13.083512022070963,1000.6294136184421,0.014079128756448345,0.04304928619062186,main,False,False,True,False
13.804276689832815,1062.6011337470484,0.1115116258349447,0.016961507846929666,0.6303215467235005,0.5611627867660474,0.1115116258349447,1.0,0.14500295697784985,0.17638417676024928,0.30748130596966666,1.9973190761242348,8.80106403670458e+22,2.4032772196227973e+22,1.5843286692274068e+20,1.4909909456247158e+17,-0.12671742707652817,4.596323321948148e-14,0,0.9983584909190633,1.1220184543019653e+23,8192,exponential,p0,1.0,0.5,A1_balanced_q01_q99,R2,R2,1.0,1.0,2,65,0.7843956579288114,0.21419230765842742,0.0014120344127611126,0.0,2.011155117064199,13.781635432289619,1065.8518550564509,0.013836040939964045,0.04306036095790162,main,False,False,True,False
14.539653030449331,1132.037737874469,0.1115116258349447,0.016961507846929666,0.6303215467235005,0.5611627867660474,0.1115116258349447,1.0,0.1424667298049245,0.17328668842351,0.30209135092627376,1.9919291210808419,9.875661555641718e+22,2.6967139821272317e+22,1.687858017276319e+20,1.4909909456247158e+17,-0.12453407483962528,3.774758283725532e-14,0,0.9984414583435104,1.2589254117941714e+23,8192,exponential,p0,1.0,0.5,A1_balanced_q01_q99,R2,R2,1.0,1.0,2,65,0.7844516810227312,0.21420760569794045,0.0013407132793283197,0.0,2.0055260936937156,14.517010025147393,1135.325587541114,0.013596972612873737,0.043070875921033105,main,False,False,True,False
15.314268152368397,1206.0023469935675,0.1115116258349447,0.016961507846929666,0.6303215467235005,0.5611627867660474,0.1115116258349447,1.0,0.1399746642972565,0.17024396621972546,0.29679604325795517,1.9866338134125234,1.108142600054708e+23,3.0259680598827226e+22,1.798138579769566e+20,1.4909909456247158e+17,-0.12238651953139316,3.3306690738754696e-14,0,0.9985202411721019,1.4125375446227497e+23,8192,exponential,p0,1.0,0.5,A1_balanced_q01_q99,R2,R2,1.0,1.0,2,65,0.7845048822052108,0.2142221331675029,0.0012729846272863492,0.0,1.9999956828146221,15.291623487330702,1209.327716239986,0.013361869402098714,0.04308085931937513,main,False,False,True,False
16.130215807703365,1284.7901229918934,0.1115116258349447,0.016961507846929666,0.6303215467235005,0.5611627867660474,0.1115116258349447,1.0,0.13752600482389882,0.16725501706031057,0.29159370990904354,1.9814314800636117,1.2434365170878994e+23,3.395410649328024e+22,1.9156104404089782e+20,1.4909909456247158e+17,-0.12027429819086265,2.1760371282653068e-14,0,0.9985950495903415,1.584893192461111e+23,8192,exponential,p0,1.0,0.5,A1_balanced_q01_q99,R2,R2,1.0,1.0,2,65,0.7845554028514827,0.21423592867197822,0.0012086684765389845,0.0,1.9945621568761833,16.107569566544413,1288.153408427668,0.013130676812571629,0.04309033797340096,main,False,False,True,False
16.989701468680035,1368.7154671550077,0.1115116258349447,0.016961507846929666,0.6303215467235005,0.5611627867660474,0.1115116258349447,1.0,0.1351200077916529,0.16431886750215488,0.28648270813622,1.9763204782907882,1.3952440309517109e+23,3.809946367185471e+22,2.0407423686646196e+20,1.4909909456247158e+17,-0.11819694502001744,1.7763568394002505e-14,0,0.9986660833120693,1.7782794100389228e+23,8192,exponential,p0,1.0,0.5,A1_balanced_q01_q99,R2,R2,1.0,1.0,2,65,0.7846033773293095,0.21424902890272343,0.001147593767966954,1.8869043756889456e-16,1.9892238185918996,16.967053730823842,1372.117070799466,0.012903340301111399,0.04309933735543619,main,False,False,True,False
17.895048288934312,1458.1132742176478,0.1115116258349447,0.016961507846929666,0.6303215467235005,0.5611627867660474,0.1115116258349447,1.0,0.13275594151348794,0.1614345632541516,0.2814614249105076,1.9712991950650758,1.5655804471716556e+23,4.2750783410767344e+22,2.1740336895537214e+20,1.4909909456247158e+17,-0.11615399215900686,1.865174681370263e-14,0,0.9987335320928046,1.9952623149688827e+23,8192,exponential,p0,1.0,0.5,A1_balanced_q01_q99,R2,R2,1.0,1.0,2,65,0.7846489333389087,0.21426146873041135,0.00108959793067992,0.0,1.9839790004093185,17.87239912982259,1461.553603524088,0.012679805344242734,0.043107881656920165,main,False,False,True,False
18.84870338289838,1553.3402681557563,0.1115116258349447,0.016961507846929666,0.6303215467235005,0.5611627867660474,0.1115116258349447,1.0,0.13043308607408974,0.15860116870219965,0.27652827633419147,1.9663660464887596,1.7567069980307807e+23,4.7969812426227186e+22,2.316016275294501e+20,1.4909909456247158e+17,-0.11414497040021955,1.3322676295501878e-14,0,0.9987975762186907,2.238721138568347e+23,8192,exponential,p0,1.0,0.5,A1_balanced_q01_q99,R2,R2,1.0,1.0,2,65,0.7846921922371214,0.21427328129354994,0.001034526469328638,0.0,1.9788260639891369,18.826052874188143,1556.8197360372747,0.012460017500377285,0.04311599385236715,main,False,False,True,False
19.853244440248393,1654.7764250473883,0.1115116258349447,0.016961507846929666,0.6303215467235005,0.5611627867660474,0.1115116258349447,1.0,0.12815073319291936,0.15581776645171808,0.27168170707211203,1.9615194772266802,1.9711608516255706e+23,5.382583232172224e+22,2.4672566667788924e+20,1.4909909456247158e+17,-0.11216940984534832,9.769962616701378e-15,0,0.9988583869721603,2.5118864315095718e+23,8192,exponential,p0,1.0,0.5,A1_balanced_q01_q99,R2,R2,1.0,1.0,2,65,0.7847332693464805,0.21428449808287892,0.000982232570640601,1.335825998304977e-16,1.9737633996934296,19.830592650000053,1658.2954499042482,0.012243922466749435,0.04312369576017295,main,False,False,True,False
20.91138669329059,1762.8264886779884,0.1115116258349447,0.016961507846929666,0.6303215467235005,0.5611627867660474,0.1115116258349447,1.0,0.12590818608513965,0.15308345688676261,0.2669201897968016,1.9567579599513698,2.211788782675264e+23,6.039657902558587e+22,2.6283583333262914e+20,1.4909909456247158e+17,-0.11022684050931071,7.993605777301127e-15,0,0.9989161270754399,2.818382931264449e+23,8192,exponential,p0,1.0,0.5,A1_balanced_q01_q99,R2,R2,1.0,1.0,2,65,0.7847722742498158,0.21429514902181637,0.0009325767283678147,0.0,1.9687894260828391,20.88873368614693,1766.3854944265088,0.012031466131469326,0.04313100810042557,main,False,False,True,False
22.025990256120227,1877.9215849348752,0.1115116258349447,0.016961507846929666,0.6303215467235005,0.5611627867660474,0.1115116258349447,1.0,0.12370475932073194,0.15039735774490617,0.2622422246469715,1.9520799948015397,2.4817849518920052e+23,6.776927441966435e+22,2.7999640797311146e+20,1.4909909456247158e+17,-0.10831679287464846,8.43769498715119e-15,0,0.9989709511127556,3.162277660168379e+23,8192,exponential,p0,1.0,0.5,A1_balanced_q01_q99,R2,R2,1.0,1.0,2,65,0.7848093110710144,0.21430526254312499,0.0008854263858607619,2.12216861426478e-16,1.9639025894225797,22.00333609347629,1881.5210010378582,0.011822594621039961,0.043137950549861186,main,False,False,True,False
23.200067855388394,2000.5209414306314,0.1115116258349447,0.016961507846929666,0.6303215467235005,0.5611627867660474,0.1115116258349447,1.0,0.12153977868211359,0.14775860370707147,0.25764633869886994,1.947484108853438,2.784733295238967e+23,7.604178384865873e+22,2.982758610205704e+20,1.4909909456247158e+17,-0.1064387983997912,5.329070518200751e-15,0,0.9990230059323517,3.5481338923357603e+23,8192,exponential,p0,1.0,0.5,A1_balanced_q01_q99,R2,R2,1.0,1.0,2,65,0.7848444787425309,0.21431486566196045,0.0008406555955085827,0.0,1.959101363197091,23.17741259555393,2004.1612029292016,0.011617254343653016,0.0431445417941015,main,False,False,True,False
24.436792973577358,2131.113719213761,0.1115116258349447,0.016961507846929666,0.6303215467235005,0.5611627867660474,0.1115116258349447,1.0,0.11941258102052833,0.14516634600157813,0.2531310854500655,1.9429688556046336,3.124655085574629e+23,8.532391487009122e+22,3.177471259444331e+20,1.4909909456247158e+17,-0.10459238998435738,4.884981308350689e-15,0,0.9990724310290071,3.9810717055349855e+23,8192,exponential,p0,1.0,0.5,A1_balanced_q01_q99,R2,R2,1.0,1.0,2,65,0.7848778712602291,0.21432398404545994,0.0007981446943109846,0.0,1.9543842476331967,24.414136671930077,2134.795266760779,0.01141539202856312,0.04315079957730797,main,False,False,True,False
25.73950842678868,2270.220963873254,0.1115116258349447,0.016961507846929666,0.6303215467235005,0.5611627867660474,0.1115116258349447,1.0,0.11732251411148434,0.14261975202168248,0.24869504431522838,1.9385328144697964,3.506062297817277e+23,9.573887447906375e+22,3.3848789017024365e+20,1.4909909456247158e+17,-0.10277710239445785,6.661338147750939e-15,0,0.9991193589082288,4.466835921509616e+23,8192,exponential,p0,1.0,0.5,A1_balanced_q01_q99,R2,R2,1.0,1.0,2,65,0.7849095779261049,0.21433264207902167,0.0007577799948735255,1.5023803242210835e-16,1.9497497692316152,25.716851135920958,2273.944243768095,0.011216954761818831,0.043156740749370606,main,False,False,True,False
27.111735400235286,2418.397683818916,0.1115116258349447,0.016961507846929666,0.6303215467235005,0.5611627867660474,0.1115116258349447,1.0,0.11526893650947025,0.14011800495595325,0.2443368201335006,1.9341745902880687,3.93401748577442e+23,1.0742490414488014e+23,3.6058090494937884e+20,1.4909909456247158e+17,-0.10099247265077514,7.549516567451064e-15,0,0.999163915432733,5.011872336272715e+23,8192,exponential,p0,1.0,0.5,A1_balanced_q01_q99,R2,R2,1.0,1.0,2,65,0.7849396835794333,0.2143408629294239,0.0007194534911428724,0.0,1.9451964803066784,27.089077170093457,2422.1631480436954,0.011021890018609648,0.04316238131076145,main,False,False,True,False
28.55718296585688,2576.2350640269606,0.1115116258349447,0.016961507846929666,0.6303215467235005,0.5611627867660474,0.1115116258349447,1.0,0.11325121740217826,0.13766030343085592,0.2400550426870766,1.9298928128416448,4.4142009651884366e+23,1.2053711435607887e+23,3.841143154265108e+20,1.4909909456247158e+17,-0.09923804038201484,2.6645352591003757e-15,0,0.9992062201521206,5.623413251903491e+23,8192,exponential,p0,1.0,0.5,A1_balanced_q01_q99,R2,R2,1.0,1.0,2,65,0.7849682688168537,0.2143486686049221,0.0006830625782241603,0.0,1.9407229585341144,28.53452384387337,2580.0431702841997,0.01083014569246954,0.043167736455153045,main,False,False,True,False
30.07975810778632,2744.3628240808803,0.1115116258349447,0.016961507846929666,0.6303215467235005,0.5611627867660474,0.1115116258349447,1.0,0.11126873646443802,0.1352458611649515,0.23584836623061728,1.9256861363851854,4.952986194501253e+23,1.3524954301784756e+23,4.091820122213667e+20,1.4909909456247158e+17,-0.09751334814615024,2.6645352591003757e-15,0,0.9992463866165249,6.309573444801942e+23,8192,exponential,p0,1.0,0.5,A1_balanced_q01_q99,R2,R2,1.0,1.0,2,65,0.78499541020189,0.21435608001246279,0.0006485097856471833,0.0,1.936327806506752,30.057098139004857,2748.2140358326037,0.010641670121566582,0.043172820609924306,main,False,False,True,False
31.683576282762395,2923.451729912947,0.1115116258349447,0.016961507846929666,0.6303215467235005,0.5611627867660474,0.1115116258349447,1.0,0.10932088371205467,0.13287390663415638,0.23171546903115625,1.9215532391857244,5.5575243536202326e+23,1.5175746501618982e+23,4.358840059271116e+20,1.4909909456247158e+17,-0.09581794172172922,5.329070518200751e-15,0,0.9992845226750053,7.079457843841402e+23,8192,exponential,p0,1.0,0.5,A1_balanced_q01_q99,R2,R2,1.0,1.0,2,65,0.7850211804643857,0.2143631170121416,0.0006157025234726103,0.0,1.9320096512980076,31.660915509958553,2927.3465164210215,0.010456412112283209,0.04317764747464562,main,False,False,True,False
33.3729725440373,3114.2162692645074,0.1115116258349447,0.016961507846929666,0.6303215467235005,0.5611627867660474,0.1115116258349447,1.0,0.10740705935572113,0.1305436827475432,0.22765505291816104,1.9174928230727293,6.235839243021521e+23,1.702799835961077e+23,4.6432682601905625e+20,1.4909909456247158e+17,-0.09415137037135914,1.7763568394002505e-15,0,0.9993207307593179,7.94328234724279e+23,8192,exponential,p0,1.0,0.5,A1_balanced_q01_q99,R2,R2,1.0,1.0,2,65,0.7850456486903122,0.21436979846903462,0.0005845528406531209,0.0,1.9277671440330213,33.35031100783161,3118.1551056324765,0.010274320960292016,0.043182230057650484,main,False,False,True,False
35.15251325884438,3317.417501536785,0.1115116258349447,0.016961507846929666,0.6303215467235005,0.5611627867660474,0.1115116258349447,1.0,0.10552667365516824,0.12825444653318607,0.22366584284343213,1.9135036129980003,6.996933762473654e+23,1.910629379406139e+23,4.9462394576483136e+20,1.4909909456247158e+17,-0.09251318707934757,4.440892098500626e-16,0,0.9993551081538201,8.912509381337441e+23,8192,exponential,p0,1.0,0.5,A1_balanced_q01_q99,R2,R2,1.0,1.0,2,65,0.7850688805023922,0.21437614230251992,0.0005549771950877952,0.0,1.923598959467303,35.129850997810124,3321.4008687530218,0.010095346469302768,0.04318658071078145,main,False,False,True,False
37.02700845109541,3533.866093399071,0.1115116258349447,0.016961507846929666,0.6303215467235005,0.5611627867660474,0.1115116258349447,1.0,0.10367914677370287,0.12600546883358876,0.2197465864505414,1.9095843566051096,7.850909382319616e+23,2.1438216553320763e+23,5.268962348308201e+20,1.4909909456247158e+17,-0.09090294876534787,5.329070518200751e-15,0,0.9993877472521677,1e+24,8192,exponential,p0,1.0,0.5,A1_balanced_q01_q99,R2,R2,1.0,1.0,2,65,0.7850909382319616,0.21438216553320763,0.00052689623483082,1.3421772800000001e-16,1.919503795572764,37.004345501861586,3537.8944783812203,0.00991943896765446,0.04319071116240324,main,False,False,True,False
0.24254335457865664,4.659661015740772,0.1115116258349447,0.016961507846929666,0.6303215467235005,0.5611627867660474,0.1115116258349447,1.0,0.5729642563311758,0.8062143440197206,1.3195040892548293,3.0093418594093975,6.781018883742944e+18,1.8516702231874068e+18,1.3673108930696497e+18,2.934357002474526e+17,-0.2204465038540317,2.0405899192610377e-13,0,0.8291974618642837,1e+19,8192,power,p0,1.0,0.5,A1_balanced_q01_q99,R2,R2,1.0,1.0,2,65,0.6781018883742944,0.1851670223187407,0.13673108930696495,0.0,3.034651428553749,0.2044611410333215,6.403048959108133,0.025309569144351673,0.018820130942512524,main,True,False,True,False
0.2537013133386565,5.028523847049972,0.1115116258349447,0.016961507846929666,0.6303215467235005,0.5611627867660474,0.1115116258349447,1.0,0.5642693754956999,0.7892052130975513,1.2949122426181157,2.984750012772684,7.654458624907988e+18,2.0901775018415414e+18,1.4755484162701228e+18,2.934357002474526e+17,-0.2293541495092607,1.6536771951791707e-13,0,0.8362044216261602,1.1220184543019653e+19,8192,power,p0,1.0,0.5,A1_balanced_q01_q99,R2,R2,1.0,1.0,2,65,0.6822043430355172,0.18628726593823192,0.13150839102625073,0.0,3.0110922040522374,0.21537098762455625,6.82040875293027,0.026342191279553617,0.019937258565592683,main,True,False,True,False
0.265434698561847,5.424223357715325,0.1115116258349447,0.016961507846929666,0.6303215467235005,0.5611627867660474,0.1115116258349447,1.0,0.5556622251615222,0.7726491101347072,1.270837756822057,2.960675526976625,8.638662551323782e+18,2.358930787348147e+18,1.591660779269785e+18,2.934357002474526e+17,-0.23744974940700553,1.3483658634072526e-13,0,0.8429773379066618,1.2589254117941713e+19,8192,power,p0,1.0,0.5,A1_balanced_q01_q99,R2,R2,1.0,1.0,2,65,0.6861933574771756,0.18737653281510072,0.12643010970772386,1.6267842247153233e-16,2.9879457036896024,0.22686297296373548,7.2649726488312,0.027270176712977268,0.021007634271762242,main,True,False,True,False
0.2777745733075296,5.848559032183721,0.1115116258349447,0.016961507846929666,0.6303215467235005,0.5611627867660474,0.1115116258349447,1.0,0.5471436096711703,0.7565308781312142,1.2472669002221903,2.9371046703767583,9.747485937772388e+18,2.6617134934077133e+18,1.716176015047394e+18,2.934357002474526e+17,-0.244775414488639,1.0363931934875836e-13,0,0.8495204214501764,1.4125375446227497e+19,8192,power,p0,1.0,0.5,A1_balanced_q01_q99,R2,R2,1.0,1.0,2,65,0.690069157798965,0.18843488468963737,0.12149595751139754,1.4498729664187191e-16,2.9652046971253565,0.23896815940531074,7.738513848688244,0.02810002674859824,0.022032895909681542,main,True,False,True,False
0.2907536706383585,6.303445108606782,0.1115116258349447,0.016961507846929666,0.6303215467235005,0.5611627867660474,0.1115116258349447,1.0,0.5387142908508111,0.7408358825643431,1.2241864003679144,2.9140241705224827,1.099649881796897e+19,3.002777277226727e+18,1.8496558294154112e+18,2.934357002474526e+17,-0.25137174499210935,8.892886427247504e-14,0,0.8558380296951942,1.5848931924611109e+19,8192,power,p0,1.0,0.5,A1_balanced_q01_q99,R2,R2,1.0,1.0,2,65,0.6938321692765297,0.18946243769044438,0.1167053930330259,0.0,2.9428620806842987,0.25171926676060585,8.242921134186773,0.028837910161815916,0.023014645381959572,main,True,False,True,False
0.3044064816235344,6.790918000690433,0.1115116258349447,0.016961507846929666,0.6303215467235005,0.5611627867660474,0.1115116258349447,1.0,0.5303749851849234,0.72554999760045,1.201583428107839,2.891421198262407,1.2403196733504606e+19,3.3868995880289915e+18,1.992697778855628e+18,2.934357002474526e+17,-0.25727785454688856,7.527312106958561e-14,0,0.8619346537911157,1.7782794100389229e+19,8192,power,p0,1.0,0.5,A1_balanced_q01_q99,R2,R2,1.0,1.0,2,65,0.6974830087715589,0.19045936026188703,0.1120576309665539,1.1516750339898348e-16,2.9209108751375297,0.2651507607380789,8.780206400475832,0.029489676875122495,0.023954448160518345,main,True,False,True,False
0.31876934801216467,7.313144220870115,0.1115116258349447,0.016961507846929666,0.6303215467235005,0.5611627867660474,0.1115116258349447,1.0,0.5221263612352274,0.7106595925036233,1.1794455821171133,2.8692833522716814,1.398723729123418e+19,3.819448262993013e+18,2.1459375954616335e+18,2.934357002474526e+17,-0.26253139473981224,7.061018436615996e-14,0,0.8678149053152167,1.9952623149688828e+19,8192,power,p0,1.0,0.5,A1_balanced_q01_q99,R2,R2,1.0,1.0,2,65,0.7010224764081868,0.19142587089119556,0.10755165270061749,2.052862908937304e-16,2.8993442235223235,0.27929894610270123,9.352512680877727,0.03006087125064205,0.024853832872855045,main,True,False,True,False
0.3338805598341255,7.872428837350799,0.1115116258349447,0.016961507846929666,0.6303215467235005,0.5611627867660474,0.1115116258349447,1.0,0.5139690373165832,0.6961515182224195,1.1577608738409846,2.8475986439955525,1.5770705684813992e+19,4.306454032333207e+18,2.310051668536271e+18,2.934357002474526e+17,-0.2671685802507257,6.994405055138486e-14,0,0.8734835027850429,2.238721138568347e+19,8192,power,p0,1.0,0.5,A1_balanced_q01_q99,R2,R2,1.0,1.0,2,65,0.7044515466048306,0.19236223565955907,0.10318621773561042,0.0,2.8781553890001943,0.294202064806209,9.962122694659897,0.030556745004641783,0.02571429096063196,main,True,False,True,False
0.3497804581993758,8.471224499476975,0.1115116258349447,0.016961507846929666,0.6303215467235005,0.5611627867660474,0.1115116258349447,1.0,0.5059035794398553,0.682013094139204,1.136517712849346,2.826355483003914,1.7778412721621006e+19,4.854691900517309e+18,2.485759692957402e+18,2.934357002474526e+17,-0.2712242146374517,8.026912468039882e-14,0,0.8789452580609702,2.511886431509572e+19,8192,power,p0,1.0,0.5,A1_balanced_q01_q99,R2,R2,1.0,1.0,2,65,0.7077713585536862,0.19326876564239326,0.09895987580392046,1.63064697058713e-16,2.8573377527525006,0.3099003993534913,10.611467951962561,0.030982269748586422,0.02653727641146905,main,True,False,True,False
0.36651154358107835,9.112141067958522,0.1115116258349447,0.016961507846929666,0.6303215467235005,0.5611627867660474,0.1115116258349447,1.0,0.49793049952889235,0.6682320949699027,1.1157048925974378,2.805542662752006,2.003822932887608e+19,5.471772488738429e+18,2.6738274950299796e+18,2.934357002474526e+17,-0.27473171683021663,9.414691248821327e-14,0,0.8842050627313285,2.8183829312644493e+19,8192,power,p0,1.0,0.5,A1_balanced_q01_q99,R2,R2,1.0,1.0,2,65,0.7109832062418168,0.1941458141844321,0.09487097957375097,1.4533156423007274e-16,2.8368848119128924,0.32643638168452116,11.303138452198423,0.03134214916088629,0.027324205564265,main,True,False,True,False
0.3841185898826864,9.797955888693615,0.1115116258349447,0.016961507846929666,0.6303215467235005,0.5611627867660474,0.1115116258349447,1.0,0.49005025391607704,0.6547967378050412,1.0953115765882422,2.78514934674281,2.258146199818653e+19,6.166244556304802e+18,2.875070047192463e+18,2.934357002474526e+17,-0.27772314837646167,1.0536016503692736e-13,0,0.8892678745698406,3.162277660168379e+19,8192,power,p0,1.0,0.5,A1_balanced_q01_q99,R2,R2,1.0,1.0,2,65,0.7140885281080648,0.19499377407537555,0.09091769781655974,0.0,2.816790177536002,0.3438547078660985,12.039893014607651,0.03164083079319191,0.028076456987843845,main,True,False,True,False
0.40264876460495497,10.531624751305827,0.1115116258349447,0.016961507846929666,0.6303215467235005,0.5611627867660474,0.1115116258349447,1.0,0.48226324211808685,0.6416956692859566,1.0753272849322875,2.7651650550868556,2.5443274172377543e+19,6.947710067337228e+18,3.0903546836428293e+18,2.934357002474526e+17,-0.28022924145842404,1.2223555501122974e-13,0,0.8941387041507317,3.5481338923357606e+19,8192,power,p0,1.0,0.5,A1_balanced_q01_q99,R2,R2,1.0,1.0,2,65,0.7170888964291047,0.19581307465157421,0.08709802891932096,1.1544096486459184e-16,2.7970475726017074,0.3622024589034564,12.824670282173095,0.03188251751485183,0.028795371432212342,main,True,True,True,False
0.4221517554452442,11.316293576061906,0.1115116258349447,0.016961507846929666,0.6303215467235005,0.5611627867660474,0.1115116258349447,1.0,0.47456980589088366,0.628917952912887,1.0557418813007728,2.745579651455341,2.866315918960964e+19,7.82695333604274e+18,3.320604529697475e+18,2.934357002474526e+17,-0.2822794276881033,1.4088730182493236e-13,0,0.8988226017018667,3.981071705534986e+19,8192,power,p0,1.0,0.5,A1_balanced_q01_q99,R2,R2,1.0,1.0,2,65,0.7199860065257935,0.19660417884864334,0.0834098146255631,2.0577373646926412e-16,2.777650830054359,0.38152922799822886,13.660600442786796,0.03207117859901798,0.02948225185122539,main,True,True,True,False
0.44267990367862864,12.155310875579312,0.1115116258349447,0.016961507846929666,0.6303215467235005,0.5611627867660474,0.1115116258349447,1.0,0.4669702285604657,0.6164530564841706,1.0365455602679583,2.7263833304225265,3.228547108551142e+19,8.816085971083653e+18,3.566802158501092e+18,2.934357002474526e+17,-0.28390186766750725,1.6231460620019789e-13,0,0.9033246442708048,4.466835921509617e+19,8192,power,p0,1.0,0.5,A1_balanced_q01_q99,R2,R2,1.0,1.0,2,65,0.7227816658777158,0.19736758022900824,0.07985075389327602,0.0,2.758593890876361,0.401887254596811,14.551017714417585,0.032210560453834525,0.030138363495014062,main,True,True,True,False
0.4642883446888476,13.052241040662185,0.1115116258349447,0.016961507846929666,0.6303215467235005,0.5611627867660474,0.1115116258349447,1.0,0.45946473462341114,0.6042908396682714,1.017728835038752,2.7075666051933203,3.6360020323493327e+19,9.928709549668577e+18,3.829993489565248e+18,2.934357002474526e+17,-0.28512348128675014,1.7563728249569976e-13,0,0.9076499232713326,5.011872336272715e+19,8192,power,p0,1.0,0.5,A1_balanced_q01_q99,R2,R2,1.0,1.0,2,65,0.7254777832296893,0.19810380000725378,0.07641841676305706,0.0,2.7398708021954934,0.4233315655913834,15.499473644081053,0.03230419700217313,0.030764934070106536,main,True,True,True,False
0.48703515603426584,14.010878502804326,0.1115116258349447,0.016961507846929666,0.6303215467235005,0.5611627867660474,0.1115116258349447,1.0,0.45205348960973335,0.5924215417118003,0.9992825255573753,2.6891202957119433,4.094274238674267e+19,1.1180098187739867e+19,4.1112919445523676e+18,2.934357002474526e+17,-0.2859699787182125,1.596500709410975e-13,0,0.9118035324752347,5.6234132519034905e+19,8192,power,p0,1.0,0.5,A1_balanced_q01_q99,R2,R2,1.0,1.0,2,65,0.7280763577687236,0.19881338409471283,0.0731102581365636,0.0,2.7214757154254032,0.44592012405529663,16.50975127365362,0.0323554197134599,0.031363153964800654,main,True,True,True,False
0.5109815134593081,15.03526282914599,0.1115116258349447,0.016961507846929666,0.6303215467235005,0.5611627867660474,0.1115116258349447,1.0,0.44473660019680405,0.580835769290269,0.9811977469927818,2.67103551714735,4.609644813417298e+19,1.2587403437171503e+19,4.411882876674949e+18,2.934357002474526e+17,-0.2864658920536273,1.3178347302300608e-13,0,0.9157905564954119,6.309573444801943e+19,8192,power,p0,1.0,0.5,A1_balanced_q01_q99,R2,R2,1.0,1.0,2,65,0.7305794684448743,0.19949690018334704,0.06992363137177869,1.298344503264142e-16,2.7034028844386584,0.46971398591482283,17.58588022903588,0.03236736729130829,0.031934176537015475,main,True,True,True,False
0.5361918552743611,16.129694809508127,0.1115116258349447,0.016961507846929666,0.6303215467235005,0.5611627867660474,0.1115116258349447,1.0,0.437514114564343,0.5695244845069181,0.9634658985963871,2.6533036687509552,5.189166590951637e+19,1.4169884237691937e+19,4.733028291205719e+18,2.934357002474526e+17,-0.2866346075184579,1.1723955140041653e-13,0,0.9196160598176777,7.0794578438414025e+19,8192,power,p0,1.0,0.5,A1_balanced_q01_q99,R2,R2,1.0,1.0,2,65,0.732989263502123,0.20015493488697972,0.06685580161089735,0.0,2.685646663771816,0.4947774649807691,18.73215279284796,0.03234299502086069,0.03247911846155106,main,True,True,True,False
0.5627340555576539,17.29875359879388,0.1115116258349447,0.016961507846929666,0.6303215467235005,0.5611627867660474,0.1115116258349447,1.0,0.4303860229760814,0.5584789930490744,0.9460786529273729,2.635916423081941,5.840758661245104e+19,1.5949164984306633e+19,5.076071875670223e+18,2.934357002474526e+17,-0.286498398190623,9.880984919163893e-14,0,0.9232850764126316,7.94328234724279e+19,8192,power,p0,1.0,0.5,A1_balanced_q01_q99,R2,R2,1.0,1.0,2,65,0.7353079502798365,0.20078809095641406,0.06390395876374946,2.0626233946835702e-16,2.668201506861932,0.5211783067860114,19.95314102476613,0.03228508377999084,0.03299906013344743,main,True,True,True,False
0.590679606651189,18.547314982317047,0.1115116258349447,0.016961507846929666,0.6303215467235005,0.5611627867660474,0.1115116258349447,1.0,0.42335225857418624,0.5476909325107376,0.9290279454405856,2.618865715595154,6.573312430914443e+19,1.7949525144683704e+19,5.442444359546272e+18,2.934357002474526e+17,-0.28607845714227764,8.315570454442422e-14,0,0.9268025999622898,8.91250938133744e+19,8192,power,p0,1.0,0.5,A1_balanced_q01_q99,R2,R2,1.0,1.0,2,65,0.7375377853378517,0.2013969845829227,0.061065230079225576,0.0,2.6510619643139592,0.5489878716988308,21.253714997787853,0.03219624871880544,0.03349504612392927,main,True,True,True,False
0.6201038114488788,19.880570836011856,0.1115116258349447,0.016961507846929666,0.6303215467235005,0.5611627867660474,0.1115116258349447,1.0,0.4164126983710306,0.5371522608913146,0.9123059644317671,2.602143734586335,7.396810649514225e+19,2.019822428027351e+19,5.833669224584223e+18,2.934357002474526e+17,-0.2853949309180564,6.961098364399732e-14,0,0.9301735747254516,1e+20,8192,power,p0,1.0,0.5,A1_balanced_q01_q99,R2,R2,1.0,1.0,2,65,0.7396810649514225,0.2019822428027351,0.058336692245842224,3.2768e-16,2.6342226821985157,0.5782813278069848,22.639062223161364,0.03207894761218055,0.033968085685264965,main,True,True,True,False
0.6510859860009014,21.30404985822262,0.1115116258349447,0.016961507846929666,0.6303215467235005,0.5611627867660474,0.1115116258349447,1.0,0.4095671644222068,0.5268552452807355,0.8959051413345043,2.5857429114890724,8.322460984651943e+19,2.2725866795422904e+19,6.251368788254198e+18,2.934357002474526e+17,-0.28446695325917704,5.2735593669694936e-14,0,0.9334028870591013,1.1220184543019654e+20,8192,power,p0,1.0,0.5,A1_balanced_q01_q99,R2,R2,1.0,1.0,2,65,0.7417401160152527,0.20254450101323165,0.055715382971515605,0.0,2.61767840037945,0.609137854093914,24.114708341460087,0.03193548889037778,0.03441915330075343,main,True,True,True,False
0.6837096729856753,22.823639654824433,0.1115116258349447,0.016961507846929666,0.6303215467235005,0.5611627867660474,0.1115116258349447,1.0,0.40281542516418867,0.5167924507413948,0.8798181413630114,2.5696559115175797,9.362845922845744e+19,2.5566811266650776e+19,6.697270684308935e+18,2.934357002474526e+17,-0.2833126789804014,4.4075854077618715e-14,0,0.9364953576062931,1.2589254117941713e+20,8192,power,p0,1.0,0.5,A1_balanced_q01_q99,R2,R2,1.0,1.0,2,65,0.7437172873889472,0.20308440060967517,0.05319831200137779,0.0,2.6014239508707258,0.6416408544561957,25.68653916233116,0.031768039353146094,0.03484918927598146,main,True,True,True,False
0.7180628666296153,24.445610264829444,0.1115116258349447,0.016961507846929666,0.6303215467235005,0.5611627867660474,0.1115116258349447,1.0,0.3961571968997987,0.506956729397242,0.8640378544945101,2.5538756246490784,1.0532090989964267e+20,2.875962979659576e+19,7.173214766036543e+18,2.934357002474526e+17,-0.2819493179059065,3.3861802251067274e-14,0,0.9394557341548925,1.4125375446227496e+20,8192,power,p0,1.0,0.5,A1_balanced_q01_q99,R2,R2,1.0,1.0,2,65,0.7456149417095389,0.20360258674948478,0.05078247154097638,1.1598983731349755e-16,2.5854542562220777,0.6758781831407953,27.36082414082464,0.03157863157299934,0.03525910036745274,main,True,True,True,False
0.7542382496854569,26.176639219385073,0.1115116258349447,0.016961507846929666,0.6303215467235005,0.5611627867660474,0.1115116258349447,1.0,0.38959214541453696,0.4973412097401229,0.8485573867846586,2.538395156939227,1.1846053528486011e+20,3.2347623501785797e+19,7.68116045946519e+18,2.934357002474526e+17,-0.28039316877055315,2.7533531010703882e-14,0,0.9422886851654075,1.5848931924611108e+20,8192,power,p0,1.0,0.5,A1_balanced_q01_q99,R2,R2,1.0,1.0,2,65,0.747435447690377,0.2040997062493189,0.04846484606030426,2.0675210263927006e-16,2.569764327932952,0.7119423822113992,29.144241383945154,0.03136917099372516,0.035649760444696164,main,True,True,True,False
0.7923334431119634,28.02383823320736,0.1115116258349447,0.016961507846929666,0.6303215467235005,0.5611627867660474,0.1115116258349447,1.0,0.3831198877069782,0.4879392861630233,0.8333700520091988,2.523207822163767,1.3322534541917923e+20,3.637940098913054e+19,8.223194595582537e+18,2.934357002474526e+17,-0.27865965299468554,2.5202062658991053e-14,0,0.9449987939608933,1.778279410038923e+20,8192,power,p0,1.0,0.5,A1_balanced_q01_q99,R2,R2,1.0,1.0,2,65,0.7491811729196325,0.20457640561858761,0.04624242146178,0.0,2.554349264894241,0.7499309316857431,31.043904287162977,0.031141442730473923,0.036022011181992816,main,True,True,True,False
0.8324512691316889,29.99478163404161,0.1115116258349447,0.016961507846929666,0.6303215467235005,0.5611627867660474,0.1115116258349447,1.0,0.37673999381674356,0.4787446087292286,0.8184693636246638,2.508307133779232,1.4981516423151488e+20,4.090952751281899e+19,8.80153975255443e+18,2.934357002474526e+17,-0.2767633482433073,2.1094237467877974e-14,0,0.9475905535672277,1.995262314968883e+20,8192,power,p0,1.0,0.5,A1_balanced_q01_q99,R2,R2,1.0,1.0,2,65,0.7508544771660829,0.205033329231485,0.04411219360243215,1.642290327149843e-16,2.5392042518573015,0.7899465130199993,33.0673899071337,0.030897118078069497,0.03637666277591946,main,True,True,True,False
0.8747000283793545,32.09753664270124,0.1115116258349447,0.016961507846929666,0.6303215467235005,0.5611627867660474,0.1115116258349447,1.0,0.3704519887339797,0.4697510731857428,0.803849027040758,2.493686797195326,1.684542972736689e+20,4.599925344219652e+19,9.418563140969308e+18,2.934357002474526e+17,-0.2747180216841689,1.787459069646502e-14,0,0.9500683621874868,2.238721138568347e+20,8192,power,p0,1.0,0.5,A1_balanced_q01_q99,R2,R2,1.0,1.0,2,65,0.7524577061946837,0.20547111763822828,0.04207117616708815,0.0,2.524324557929807,0.8320972866524547,35.22276918379001,0.030637760734480768,0.03671449468500471,main,True,True,True,False
0.9191937918909545,34.34069562366817,0.1115116258349447,0.016961507846929666,0.6303215467235005,0.5611627867660474,0.1115116258349447,1.0,0.3642553543748833,0.4609528112284329,0.7895029321967572,2.479340702351325,1.8939452535895592e+20,5.171733172468556e+19,1.00767860673157e+19,2.934357002474526e+17,-0.27253666286374506,1.5210055437364645e-14,0,0.9524365192906895,2.5118864315095718e+20,8192,power,p0,1.0,0.5,A1_balanced_q01_q99,R2,R2,1.0,1.0,2,65,0.7539931860897677,0.20589040601491254,0.04011640789531969,0.0,2.5097055350979423,0.8764971843566413,37.51863913235233,0.030364832746617054,0.03703625638789952,main,True,True,True,False
0.9660527087235224,36.733410434144616,0.1115116258349447,0.016961507846929666,0.6303215467235005,0.5611627867660474,0.1115116258349447,1.0,0.35814953160848567,0.4523441810254546,0.7754251464340578,2.465262916588626,2.1291846390334983e+20,5.8140935209874735e+19,1.0778894013220307e+19,2.934357002474526e+17,-0.27023151612518576,1.0880185641326534e-14,0,0.9546992222919457,2.818382931264449e+20,8192,power,p0,1.0,0.5,A1_balanced_q01_q99,R2,R2,1.0,1.0,2,65,0.7554632180795438,0.20629182275025412,0.03824495917020199,1.162652513840582e-16,2.4953426167744874,0.9232662171941418,39.964157133661914,0.03007970018586148,0.03734266815660106,main,True,True,True,False
1.015403330037425,39.28542900786062,0.1115116258349447,0.016961507846929666,0.6303215467235005,0.5611627867660474,0.1115116258349447,1.0,0.3521339223206932,0.4439197580045678,0.7616099076568418,2.45144767781141,2.3934333261918316e+20,6.535668602721162e+19,1.1527747370443168e+19,2.934357002474526e+17,-0.26781411249795617,8.215650382226158e-15,0,0.9568605637983205,3.1622776601683794e+20,8192,power,p0,1.0,0.5,A1_balanced_q01_q99,R2,R2,1.0,1.0,2,65,0.7568700738518926,0.20667598816649016,0.03645393798161721,0.0,2.4812313163723454,0.9725307998994561,42.569077459603335,0.029783638560935355,0.03763442184141761,main,True,True,True,False
1.067378950517242,42.007134318918,0.1115116258349447,0.016961507846929666,0.6303215467235005,0.5611627867660474,0.1115116258349447,1.0,0.3462078915024291,0.4356743259088929,0.7480516177726253,2.4378893879271937,2.6902518566138108e+20,7.346181069793446e+19,1.23263928742605e+19,2.934357002474526e+17,-0.2652953009948502,7.105427357601002e-15,0,0.9589245293927857,3.54813389233576e+20,8192,power,p0,1.0,0.5,A1_balanced_q01_q99,R2,R2,1.0,1.0,2,65,0.7582159913482859,0.20704351337083862,0.03474049528087553,0.0,2.4673672259030486,1.0244240925737091,45.343790179309494,0.029477837975854904,0.037912181664524064,main,True,True,True,False
1.1221199680539145,44.90958588048804,0.1115116258349447,0.016961507846929666,0.6303215467235005,0.5611627867660474,0.1115116258349447,1.0,0.34037076934962013,0.4276028681246708,0.7347448364043739,2.424582606558942,3.023636584411666e+20,8.256543633166788e+19,1.3178075780664117e+19,2.934357002474526e+17,-0.26268527925832624,4.440892098500626e-15,0,0.9608949959268371,3.9810717055349857e+20,8192,power,p0,1.0,0.5,A1_balanced_q01_q99,R2,R2,1.0,1.0,2,65,0.759503171019961,0.207394999233184,0.033101829746855105,1.646189891754113e-16,2.453746014599824,1.0790863606108554,48.299362601324304,0.029163408040882022,0.038176585019134825,main,True,True,True,False
1.1797742626599614,48.004563943349865,0.1115116258349447,0.016961507846929666,0.6303215467235005,0.5611627867660474,0.1115116258349447,1.0,0.3346218533637108,0.41970055928353145,0.7216842748657561,2.411522045020324,3.398072941834714e+20,9.279004513169991e+19,1.4086252835790483e+19,2.934357002474526e+17,-0.25999362350448924,5.551115123125783e-15,0,0.9627757302913034,4.466835921509617e+20,8192,power,p0,1.0,0.5,A1_balanced_q01_q99,R2,R2,1.0,1.0,2,65,0.7607337725282503,0.2077310354850475,0.031535191986702474,1.4671682853721517e-16,2.4403634275647823,1.136665353829128,51.447583417026905,0.028841382544458227,0.038428243271494446,main,True,True,True,False
1.2404975956413011,51.30461657008133,0.1115116258349447,0.016961507846929666,0.6303215467235005,0.5611627867660474,0.1115116258349447,1.0,0.3289604104423436,0.4119627571407522,0.7088647903910329,2.398702560545601,3.818595210029085e+20,1.042731065351942e+20,1.5054606089168876e+19,2.934357002474526e+17,-0.25722931771946483,8.881784197001252e-16,0,0.9645703886341515,5.0118723362727146e+20,8192,power,p0,1.0,0.5,A1_balanced_q01_q99,R2,R2,1.0,1.0,2,65,0.7619099118691719,0.20805219993440852,0.03003788819641973,2.615230221476014e-16,2.427215284439794,1.1973167058326264,54.80100972138645,0.028512723894192682,0.03866774256309034,main,True,True,True,False
1.3044540301039573,54.82310977222121,0.1115116258349447,0.016961507846929666,0.6303215467235005,0.5611627867660474,0.1115116258349447,1.0,0.32338567895078907,0.40438499473003653,0.696281380611089,2.386119150765657,4.290853589112336e+20,1.1716890867336086e+20,1.6087057605754692e+19,2.934357002474526e+17,-0.25440078206929656,2.220446049250313e-15,0,0.966282515993518,5.6234132519034906e+20,8192,power,p0,1.0,0.5,A1_balanced_q01_q99,R2,R2,1.0,1.0,2,65,0.7630336589010079,0.20835905779056857,0.02860728330842362,1.1654131941631085e-16,2.4142974781006674,1.261204354682379,58.373017098595135,0.028178327335010245,0.0388956446106548,main,True,True,True,False
1.3718163739312963,58.57428091000786,0.1115116258349447,0.016961507846929666,0.6303215467235005,0.5611627867660474,0.1115116258349447,1.0,0.3178968707656759,0.3969629727943347,0.6839291782670595,2.3737669484216277,4.8211894586160074e+20,1.3165061348327445e+20,1.718778513531915e+19,2.934357002474526e+17,-0.2515159004907211,2.886579864025407e-15,0,0.9679155463144495,6.309573444801943e+20,8192,power,p0,1.0,0.5,A1_balanced_q01_q99,R2,R2,1.0,1.0,2,65,0.7641070352525778,0.2086521610929706,0.027240803654451595,0.0,2.401605973374192,1.3285009860140984,62.17785297235344,0.027839024952564184,0.03911248750174116,main,True,True,True,False
1.4427666464281086,62.57329556734482,0.1115116258349447,0.016961507846929666,0.6303215467235005,0.5611627867660474,0.1115116258349447,1.0,0.31249317328349835,0.3896925524913692,0.671803446153076,2.3616412163076443,5.4167198280991755e+20,1.4791256277262814e+20,1.836123880159465e+19,2.934357002474526e+17,-0.24858204743623796,1.1102230246251565e-15,0,0.9694728028179262,7.079457843841402e+20,8192,power,p0,1.0,0.5,A1_balanced_q01_q99,R2,R2,1.0,1.0,2,65,0.7651320125892572,0.2089320482377065,0.02593593917303647,1.8514412104879305e-16,2.3891368057776567,1.399388499800186,66.23069343360424,0.027495589470012405,0.039318786483830255,main,True,True,True,False
1.5174965698918073,66.83630812855407,0.1115116258349447,0.016961507846929666,0.6303215467235005,0.5611627867660474,0.1115116258349447,1.0,0.3071737513872791,0.3825697483716632,0.6598995722796926,2.3497373424342607,6.085432099758763e+20,1.6617286587074593e+20,1.9612158877656773e+19,2.934357002474526e+17,-0.24560611375267827,2.220446049250313e-15,0,0.9709574986913129,7.943282347242789e+20,8192,power,p0,1.0,0.5,A1_balanced_q01_q99,R2,R2,1.0,1.0,2,65,0.7661105112134269,0.20919924359534642,0.024690245191226763,1.6500987157468562e-16,2.376886080280457,1.4740585020177208,70.54770377237779,0.02714873784619609,0.039515034745113156,main,True,True,True,False
1.5962080874381783,71.38052629829116,0.1115116258349447,0.016961507846929666,0.6303215467235005,0.5611627867660474,0.1115116258349447,1.0,0.3019377493656466,0.3755907216260727,0.6482130652496276,2.3380508354041956,6.836290401775556e+20,1.8667630323781783e+20,2.094559471837077e+19,2.934357002474526e+17,-0.24259453167797632,1.7763568394002505e-15,0,0.9723727380702352,8.91250938133744e+20,8192,power,p0,1.0,0.5,A1_balanced_q01_q99,R2,R2,1.0,1.0,2,65,0.767044398975957,0.2094542572137013,0.02350134381034178,1.470652028422672e-16,2.364849970087385,1.5527128225514146,75.14610295518902,0.026799134683189507,0.03970170418528192,main,True,True,True,False
1.6791139084802866,76.22427982174173,0.1115116258349447,0.016961507846929666,0.6303215467235005,0.5611627867660474,0.1115116258349447,1.0,0.29678429277939966,0.3687517735991382,0.6367395498375807,2.3265773199921487,7.679354904754789e+20,2.0969758459917074e+20,2.2366924925350556e+19,2.934357002474526e+17,-0.23955329894602695,3.774758283725532e-15,0,0.9737215172825949,1e+21,8192,power,p0,1.0,0.5,A1_balanced_q01_q99,R2,R2,1.0,1.0,2,65,0.7679354904754788,0.20969758459917073,0.022366924925350556,1.31072e-16,2.353024715443253,1.6355640607312818,80.04423230516092,0.026447395451104416,0.03987924617483501,main,True,True,True,False
1.766438083333445,81.38709367904347,0.1115116258349447,0.016961507846929666,0.6303215467235005,0.5611627867660474,0.1115116258349447,1.0,0.29171249027144375,0.36204933956385416,0.6254747627659816,2.31531253292055,8.625915705989345e+20,2.3554500487821574e+20,2.3881878824815145e+19,2.934357002474526e+17,-0.23648800199431377,2.220446049250313e-15,0,0.97500672632695,1.1220184543019653e+21,8192,power,p0,1.0,0.5,A1_balanced_q01_q99,R2,R2,1.0,1.0,2,65,0.76878554652256,0.2099297065704271,0.021284746907012896,1.168180429630661e-16,2.3414066224584404,1.7228361599797568,85.26162865881686,0.026094089537890497,0.04004809230156539,main,True,True,True,False
1.8584166084982652,86.8897660457212,0.1115116258349447,0.016961507846929666,0.6303215467235005,0.5611627867660474,0.1115116258349447,1.0,0.286721435316693,0.35547998275293274,0.6144145486686972,2.3042523188232655,9.688643059673815e+20,2.645645464828263e+20,2.5496559343963533e+19,2.934357002474526e+17,-0.2334038382734547,2.4424906541753444e-15,0,0.9762311505582973,1.2589254117941712e+21,8192,power,p0,1.0,0.5,A1_balanced_q01_q99,R2,R2,1.0,1.0,2,65,0.7695962738464338,0.2101510891783329,0.020252636975233374,0.0,2.329992061955023,1.8147650131213384,90.81910229133734,0.025739743131757642,0.04020865510307488,main,True,True,True,False
1.9552980642566644,92.75445132997397,0.1115116258349447,0.016961507846929666,0.6303215467235005,0.5611627867660474,0.1115116258349447,1.0,0.2818102079092239,0.34904038864109005,0.6035548562348652,2.2933926263894335,1.0881755948201227e+21,2.971444824255482e+20,2.7217467377079173e+19,2.934357002474526e+17,-0.23030563766187134,1.7763568394002505e-15,0,0.9773974725557844,1.4125375446227498e+21,8192,power,p0,1.0,0.5,A1_balanced_q01_q99,R2,R2,1.0,1.0,2,65,0.7703693250226101,0.21036218368617407,0.01926849129121606,1.8558373970159605e-16,2.3187774683331193,1.9115990999910122,96.73881992109287,0.025384841943685732,0.04036132878430484,main,True,True,True,False
2.0573442863026785,99.00474861794801,0.1115116258349447,0.016961507846929666,0.6303215467235005,0.5611627867660474,0.1115116258349447,1.0,0.27697787618462105,0.34272735947241917,0.5928917345252086,2.282729504679777,1.22212112331581e+21,3.337205414067705e+20,2.905152773853059e+19,2.934357002474526e+17,-0.2271978829924719,8.881784197001252e-16,0,0.9785082741484453,1.584893192461111e+21,8192,power,p0,1.0,0.5,A1_balanced_q01_q99,R2,R2,1.0,1.0,2,65,0.7711062986004955,0.2105634266045086,0.018330274794995965,0.0,2.307759338457089,2.013600159064852,103.04439312453243,0.02502983377731205,0.04050648991921594,main,True,True,True,False
2.1648310732224707,105.6657958796852,0.1115116258349447,0.016961507846929666,0.6303215467235005,0.5611627867660474,0.1115116258349447,1.0,0.272223497976005,0.33653780902657143,0.5824213294533751,2.2722590996079433,1.3724915897827527e+21,3.747817034500103e+20,3.1006116806159823e+19,2.934357002474526e+17,-0.22408472970155482,2.220446049250313e-16,0,0.9795660385761291,1.7782794100389228e+21,8192,power,p0,1.0,0.5,A1_balanced_q01_q99,R2,R2,1.0,1.0,2,65,0.7718087394110421,0.21075523977517524,0.01743602081378267,0.0,2.296934230561253,2.1210438949281114,109.76097251407529,0.024675130953309754,0.040644498135897614,main,True,True,True,False
2.2780489317344577,112.76437031147802,0.1115116258349447,0.016961507846929666,0.6303215467235005,0.5611627867660474,0.1115116258349447,1.0,0.2675461223027846,0.33046875761710065,0.5721398804250316,2.2619776505796,1.5412965199546278e+21,4.208767030489437e+20,3.3089091965311607e+19,2.934357002474526e+17,-0.22097002461306434,1.9984014443252818e-15,0,0.980573152764599,1.995262314968883e+21,8192,power,p0,1.0,0.5,A1_balanced_q01_q99,R2,R2,1.0,1.0,2,65,0.7724781390354005,0.2109380304992667,0.016583830465332898,1.3138322617198746e-16,2.286298763174775,2.2342207234931597,116.91534805465677,0.024321112595175,0.040775696784502505,main,True,True,True,False
2.3973038617028655,120.32899521481694,0.1115116258349447,0.016961507846929666,0.6303215467235005,0.5611627867660474,0.1115116258349447,1.0,0.26294479079164,0.3245173273151047,0.5620437171276688,2.251881487282237,1.7307909894198377e+21,4.7262132617757694e+20,3.5308822970932183e+19,2.934357002474526e+17,-0.21785732387391915,4.440892098500626e-16,0,0.9815319096949571,2.238721138568347e+21,8192,power,p0,1.0,0.5,A1_balanced_q01_q99,R2,R2,1.0,1.0,2,65,0.7731159364165702,0.21111219170415138,0.015771871879278376,1.1709542358082168e-16,2.2758496140653843,2.3534365569815163,124.53605591904449,0.023968126783147525,0.04090041358753712,main,True,True,True,False
2.522918183045231,128.39005383823593,0.1115116258349447,0.016961507846929666,0.6303215467235005,0.5611627867660474,0.1115116258349447,1.0,0.2584185390296851,0.3186807373910648,0.552129256464277,2.241967026618845,1.9435056081038496e+21,5.307065980528912e+20,3.76742253528309e+19,2.934357002474526e+17,-0.21474991005836427,1.1102230246251565e-15,0,0.9824445108492333,2.5118864315095717e+21,8192,power,p0,1.0,0.5,A1_balanced_q01_q99,R2,R2,1.0,1.0,2,65,0.7737235185970802,0.21127810214490939,0.014998379258010392,0.0,2.2655835192016003,2.479013630791777,132.65349230813433,0.02361649258275511,0.0410189612721321,main,True,True,True,False
2.6552314067680123,136.97991063613117,0.1115116258349447,0.016961507846929666,0.6303215467235005,0.5611627867660474,0.1115116258349447,1.0,0.2539663978501243,0.31295629996764923,0.5423929996242751,2.2322307697788433,2.182280164903987e+21,5.959079703631153e+20,4.019479599734663e+19,2.934357002474526e+17,-0.21165080846120513,4.440892098500626e-15,0,0.983313068715251,2.818382931264449e+21,8192,power,p0,1.0,0.5,A1_balanced_q01_q99,R2,R2,1.0,1.0,2,65,0.7743022215667908,0.21143612663583833,0.014261651797370734,1.8602440221449313e-16,2.255497271733132,2.611291374488376,141.3000346902213,0.02326650195428881,0.041131638184030636,main,True,True,True,False
2.7946011524835193,146.1330404282172,0.1115116258349447,0.016961507846929666,0.6303215467235005,0.5611627867660474,0.1115116258349447,1.0,0.24958739455106632,0.3073414158761509,0.5328315292853095,2.2226692994398776,2.450301379179699e+21,6.690956299413366e+20,4.288065104734322e+19,2.934357002474526e+17,-0.20856280260138982,3.9968028886505635e-15,0,0.9841396093352959,3.1622776601683794e+21,8192,power,p0,1.0,0.5,A1_balanced_q01_q99,R2,R2,1.0,1.0,2,65,0.7748533312059731,0.21158661630797776,0.013560052486048928,1.6579442298943593e-16,2.245587720989153,2.7506273292654266,150.51017094280823,0.02291842154927526,0.041238728883120794,main,True,True,True,False
2.941404114887176,155.8861659748376,0.1115116258349447,0.016961507846929666,0.6303215467235005,0.5611627867660474,0.1115116258349447,1.0,0.2452805540484456,0.3018335707091484,0.5234415069397456,2.2132792770943137,2.751145260314236e+21,7.512460657498073e+20,4.57425662717171e+19,2.934357002474526e+17,-0.2054884489587108,4.440892098500626e-16,0,0.9849260748845627,3.5481338923357606e+21,8192,power,p0,1.0,0.5,A1_balanced_q01_q99,R2,R2,1.0,1.0,2,65,0.7753780843098732,0.2117299088888827,0.012892006801244036,0.0,2.2358517714941115,2.8973981143656364,160.32063691206605,0.022572494399797804,0.041340504720429154,main,True,True,True,False
3.096037081806515,166.27840451688706,0.1115116258349447,0.016961507846929666,0.6303215467235005,0.5611627867660474,0.1115116258349447,1.0,0.24104489996425493,0.29643033106199684,0.5142196703399297,2.204057440494498,3.088824637727437e+21,8.434550477421056e+20,4.879202006544194e+19,2.934357002474526e+17,-0.2024300909674573,3.3306690738754696e-15,0,0.985674326266506,3.9810717055349854e+21,8192,power,p0,1.0,0.5,A1_balanced_q01_q99,R2,R2,1.0,1.0,2,65,0.7758776696820019,0.21186632900116534,0.012256001316832639,1.3169519134032904e-16,2.2262863820007897,3.0520004450662683,170.77056293861526,0.022228941506291733,0.041437224396554326,main,True,True,True,False
3.258918006572791,177.3514238648841,0.1115116258349447,0.016961507846929666,0.6303215467235005,0.5611627867660474,0.1115116258349447,1.0,0.23687945565150906,0.29112934095575743,0.5051628310565071,2.195000601211075,3.4678424923475657e+21,9.469521899103753e+20,5.2041239251675046e+19,2.934357002474526e+17,-0.19938987229164695,1.3322676295501878e-15,0,0.9863861457135239,4.4668359215096167e+21,8192,power,p0,1.0,0.5,A1_balanced_q01_q99,R2,R2,1.0,1.0,2,65,0.7763532292844036,0.2119961884765945,0.01165058223900177,1.1737346282977215e-16,2.2168885645403,3.2148522049839543,181.90162993405895,0.021887963329224824,0.0415291345016088,main,True,True,True,False
3.430487137612821,189.14960865983775,0.1115116258349447,0.016961507846929666,0.6303215467235005,0.5611627867660474,0.1115116258349447,1.0,0.23278324515754412,0.28592831843422983,0.4962678721443137,2.186105642298882,3.8932517975524324e+21,1.063117290851651e+21,5.550324786863111e+19,2.934357002474526e+17,-0.19636974940704877,1.1102230246251565e-15,0,0.9870632393826375,5.011872336272714e+21,8192,power,p0,1.0,0.5,A1_balanced_q01_q99,R2,R2,1.0,1.0,2,65,0.7768058594341232,0.21211978668281126,0.011074353883065664,0.0,2.207655383488723,3.386393575596533,193.7582356308181,0.021549741189840876,0.04161647003678609,main,True,True,True,False
3.611208208313462,201.72023746909437,0.1115116258349447,0.016961507846929666,0.6303215467235005,0.5611627867660474,0.1115116258349447,1.0,0.22875529412740445,0.2808250523278532,0.4875317459105964,2.1773695160651645,4.3707226639880065e+21,1.1934986687796583e+21,5.919191913582613e+19,2.934357002474526e+17,-0.19337150351559343,1.3322676295501878e-15,0,0.987707239936817,5.623413251903491e+21,8192,power,p0,1.0,0.5,A1_balanced_q01_q99,R2,R2,1.0,1.0,2,65,0.7772366120360341,0.21223741085997305,0.010525977103992851,0.0,2.1985839546500996,3.567088226035176,206.38767166834623,0.021214438584935102,0.0416994549177233,main,True,True,True,False
3.80156969037435,215.1136714236078,0.1115116258349447,0.016961507846929666,0.6303215467235005,0.5611627867660474,0.1115116258349447,1.0,0.224794630649184,0.27581739917733233,0.4789514717805124,2.1687892419350807,4.906617679614806e+21,1.3398337343801498e+21,6.312203080698679e+19,2.934357002474526e+17,-0.1903967518179569,2.4424906541753444e-15,0,0.9883197091037348,6.309573444801943e+21,8192,power,p0,1.0,0.5,A1_balanced_q01_q99,R2,R2,1.0,1.0,2,65,0.7776464958430839,0.21234933646488477,0.010004167692031388,0.0,2.1896714443554877,3.757424566362582,219.84031222209288,0.020882202420406948,0.041778302459895646,main,True,True,True,False
4.002086114035508,229.38355514909864,0.1115116258349447,0.016961507846929666,0.6303215467235005,0.5611627867660474,0.1115116258349447,1.0,0.22090028604329928,0.2709032803099889,0.4705241342551047,2.160361904409673,5.508076445101836e+21,1.5040720746091412e+21,6.730932413042592e+19,2.934357002474526e+17,-0.18744695817014673,1.3322676295501878e-15,0,0.9889021402047276,7.079457843841402e+21,8192,power,p0,1.0,0.5,A1_balanced_q01_q99,R2,R2,1.0,1.0,2,65,0.778036477735855,0.21245582752040415,0.009507694743740863,1.4811529683903444e-16,2.180915068577796,3.957917067724841,234.1698149275645,0.02055316416812314,0.04185321584629606,main,True,True,True,False
4.213299458748206,244.5870307925819,0.1115116258349447,0.016961507846929666,0.6303215467235005,0.5611627867660474,0.1115116258349447,1.0,0.21707129559771998,0.2660806790619975,0.4622468809571452,2.1520846511117133,6.183110426731297e+21,1.688401353859426e+21,7.177056665206653e+19,2.934357002474526e+17,-0.18452344314980917,0.0,0,0.9894559606475124,7.943282347242789e+21,8192,power,p0,1.0,0.5,A1_balanced_q01_q99,R2,R2,1.0,1.0,2,65,0.7784074840141532,0.21255713696813142,0.009035379017715388,0.0,2.1723120920621355,4.169107652945479,249.43333490088952,0.02022744095042217,0.041924388577714175,main,True,True,True,False
4.4357806180469685,260.78496599803015,0.1115116258349447,0.016961507846929666,0.6303215467235005,0.5611627867660474,0.1115116258349447,1.0,0.2133066992512542,0.26134763813981404,0.45411692076044974,2.143954690915018,6.940709385912599e+21,1.8952763763132004e+21,7.652361911164009e+19,2.934357002474526e+17,-0.18162739355774088,2.220446049250313e-16,0,0.9899825343772577,8.912509381337441e+21,8192,power,p0,1.0,0.5,A1_balanced_q01_q99,R2,R2,1.0,1.0,2,65,0.7787604016940797,0.2126535070225967,0.008586091283323475,1.1765216227381376e-16,2.1638598274713923,4.391567161320058,265.6917527095678,0.01990513655637427,0.04199200490594512,main,True,True,True,False
4.670130942581704,278.0421967405139,0.1115116258349447,0.016961507846929666,0.6303215467235005,0.5611627867660474,0.1115116258349447,1.0,0.20960554222700425,0.25670225711430866,0.446131521998483,2.1359692921530513,7.790960798047582e+21,2.1274516952535262e+21,8.158750669889267e+19,2.934357002474526e+17,-0.1787598713797507,1.5543122344752192e-15,0,0.9904831642812177,1e+22,8192,power,p0,1.0,0.5,A1_balanced_q01_q99,R2,R2,1.0,1.0,2,65,0.7790960798047583,0.2127451695253526,0.008158750669889267,0.0,2.1555556345467837,4.625896891570875,283.00991720265023,0.01958634239373236,0.04205624025029283,main,True,True,True,False
4.916983865480331,296.42778598748515,0.1115116258349447,0.016961507846929666,0.6303215467235005,0.5611627867660474,0.1115116258349447,1.0,0.20596687561812269,0.25214269004128836,0.4382880107482476,2.1281257809028156,8.745183845883126e+21,2.3880182021824855e+21,8.698249495403972e+19,2.934357002474526e+17,-0.17592182223357264,0.0,0,0.9909590945429612,1.1220184543019653e+22,8192,power,p0,1.0,0.5,A1_balanced_q01_q99,R2,R2,1.0,1.0,2,65,0.77941533067954,0.2128323462975597,0.007752323022900156,0.0,2.147396919283108,4.872730227132096,301.45690416896105,0.019271138380292374,0.04211726159775325,main,True,True,True,False
5.17700661443461,316.0152992189491,0.1115116258349447,0.016961507846929666,0.6303215467235005,0.5611627867660474,0.1115116258349447,1.0,0.20238975692800293,0.24766714320230934,0.43058376918566543,2.1204215393402337,9.816079765914192e+21,2.680444181412302e+21,9.27301706152206e+19,2.934357002474526e+17,-0.17311408332502295,4.440892098500626e-16,0,0.991411512942808,1.2589254117941714e+22,8192,power,p0,1.0,0.5,A1_balanced_q01_q99,R2,R2,1.0,1.0,2,65,0.7797189312371333,0.21291524948981985,0.0073658192730469375,1.665827046108491e-16,2.1393811331184494,5.132734348158791,321.106291855002,0.018959593778215655,0.042175227887279426,main,False,True,True,False
5.450902015136178,336.88309790555263,0.1115116258349447,0.016961507846929666,0.6303215467235005,0.5611627867660474,0.1115116258349447,1.0,0.19887325056702596,0.24327387295987465,0.4230162340088301,2.112854004163398,1.101790054343217e+22,3.008621375059878e+21,9.885352773544698e+19,2.934357002474526e+17,-0.17033739093700517,4.440892098500626e-16,0,0.9918415531017961,1.4125375446227496e+22,8192,power,p0,1.0,0.5,A1_balanced_q01_q99,R2,R2,1.0,1.0,2,65,0.7800076242486533,0.2129940819281656,0.006998293823181037,0.0,2.131505772138076,5.406612034886782,342.03645444152187,0.018651767974677824,0.04223029037855017,main,False,True,True,False
5.739410390937541,359.1146521152099,0.1115116258349447,0.016961507846929666,0.6303215467235005,0.5611627867660474,0.1115116258349447,1.0,0.19541642830794978,0.2389611837213332,0.41558289492568995,2.105420665080258,1.2366638195327736e+22,3.376916669870827e+21,1.0537705941254695e+20,2.934357002474526e+17,-0.16759238747433017,2.220446049250313e-16,0,0.9922502966668967,1.584893192461111e+22,8192,power,p0,1.0,0.5,A1_balanced_q01_q99,R2,R2,1.0,1.0,2,65,0.780282119587133,0.21306903745525976,0.006648842957607228,1.3232134568913284e-16,2.1237683762922828,5.695103567218249,364.33087464930406,0.01834771121202472,0.042282593005669854,main,False,True,True,False
6.0433115638715,382.79887349520305,0.1115116258349447,0.016961507846929666,0.6303215467235005,0.5611627867660474,0.1115116258349447,1.0,0.1920183697020144,0.23472742600600263,0.40828129320290363,2.098119063357472,1.3880237152983264e+22,3.7902300919079633e+21,1.1232685549800094e+20,2.934357002474526e+17,-0.16487962808664117,2.220446049250313e-16,0,0.9926387754358719,1.7782794100389228e+22,8192,power,p0,1.0,0.5,A1_balanced_q01_q99,R2,R2,1.0,1.0,2,65,0.7805430954564927,0.21314030126598627,0.00631660327752107,0.0,2.116166528627942,5.998988725667124,388.07847672102764,0.018047465270470298,0.042332272716238135,main,False,True,True,False
6.3634269624381234,408.03046995796507,0.1115116258349447,0.016961507846929666,0.6303215467235005,0.5611627867660474,0.1115116258349447,1.0,0.18867816245777072,0.230570994610255,0.4011090202727569,2.090946790427325,1.5578832564160882e+22,4.2540598788535317e+21,1.1973070667441265e+20,2.934357002474526e+17,-0.16219958689100814,2.220446049250313e-15,0,0.9930079734204513,1.995262314968883e+22,8192,power,p0,1.0,0.5,A1_balanced_q01_q99,R2,R2,1.0,1.0,2,65,0.7807911995974245,0.21320805023673672,0.006000750165838717,2.1021316187517993e-16,2.108697854533509,6.319088899073222,413.373981107372,0.01775106410618399,0.04237945979623314,main,False,True,True,False
6.700621841855799,434.9103234852943,0.1115116258349447,0.016961507846929666,0.6303215467235005,0.5611627867660474,0.1115116258349447,1.0,0.18539490278461065,0.2264903268655214,0.3940637163952067,2.0839014865497747,1.7485017676764806e+22,4.77457549360191e+21,1.2761821531675348e+20,2.934357002474526e+17,-0.15955266281502511,4.440892098500626e-16,0,0.9933588288469966,2.238721138568347e+22,8192,power,p0,1.0,0.5,A1_balanced_q01_q99,R2,R2,1.0,1.0,2,65,0.7810270504680366,0.2132724532478052,0.005700496284158232,0.0,2.1013600209972614,6.65626930478189,440.3182822720502,0.017458534447486684,0.0424242781811573,main,False,True,True,False
7.055807622777025,463.54589255800596,0.1115116258349447,0.016961507846929666,0.6303215467235005,0.5611627867660474,0.1115116258349447,1.0,0.18216769570291885,0.22248390098437706,0.38714306937225956,2.076980839526828,1.9624143853306553e+22,5.358699548209575e+21,1.3602091357958891e+20,2.934357002474526e+17,-0.156939185080477,4.440892098500626e-16,0,0.9936922360942231,2.511886431509572e+22,8192,power,p0,1.0,0.5,A1_balanced_q01_q99,R2,R2,1.0,1.0,2,65,0.7812512383974702,0.2133336714984025,0.0054150901041272095,0.0,2.0941507358785256,7.011441327289942,469.0188511227319,0.017169896351697744,0.0424668457538917,main,False,True,True,False
7.429944354790818,494.05164081619296,0.1115116258349447,0.016961507846929666,0.6303215467235005,0.5611627867660474,0.1115116258349447,1.0,0.17899565532269934,0.21855023449008767,0.38034481331204,2.0701825834666083,2.202465719794448e+22,6.014199725518707e+21,1.4497238918130252e+20,2.934357002474526e+17,-0.1543594183468766,4.6629367034256575e-15,0,0.9940090475677099,2.8183829312644493e+22,8192,power,p0,1.0,0.5,A1_balanced_q01_q99,R2,R2,1.0,1.0,2,65,0.7814643267110357,0.2133918588138935,0.0051438144750706955,1.488195217715945e-16,2.0870677471916754,7.38556498168017,499.59016367295385,0.0168851637250671,0.04250727462970383,main,False,True,True,False
7.824043311369879,526.5494936598767,0.1115116258349447,0.016961507846929666,0.6303215467235005,0.5611627867660474,0.1115116258349447,1.0,0.17587790509248036,0.21468788272520295,0.37366672744004936,2.0635044975946175,2.4718476263848526e+22,6.749791918448238e+21,1.5450841938702752e+20,2.934357002474526e+17,-0.15181356753339859,2.220446049250313e-16,0,0.9943100755113279,3.1622776601683792e+22,8192,power,p0,1.0,0.5,A1_balanced_q01_q99,R2,R2,1.0,1.0,2,65,0.7816668528257055,0.21344716194493932,0.00488598522935524,0.0,2.080108842402675,7.7796515085013995,532.1541576448429,0.01660434480805728,0.04254567142886089,main,False,True,True,False
8.239169723275507,561.1693246114386,0.1115116258349447,0.016961507846929666,0.6303215467235005,0.5611627867660474,0.1115116258349447,1.0,0.17281357802023975,0.21089543743496736,0.3671066349552363,2.0569444051098045,2.774141585381718e+22,7.575255955815677e+21,1.646671137247475e+20,2.934357002474526e+17,-0.1493017823369589,3.552713678800501e-15,0,0.9945960937561056,3.5481338923357603e+22,8192,power,p0,1.0,0.5,A1_balanced_q01_q99,R2,R2,1.0,1.0,2,65,0.7818593293150733,0.21349972085830266,0.0046409498266241035,1.1821154802134204e-16,2.073271847737939,8.194766107109611,566.8407188338374,0.01632744262813457,0.04258213753727811,main,False,True,True,False
8.676445657809872,598.0494733796406,0.1115116258349447,0.016961507846929666,0.6303215467235005,0.5611627867660474,0.1115116258349447,1.0,0.16980181686800797,0.20717152542155182,0.3606624019286404,2.0505001720832086,3.113366253876158e+22,8.501565450584495e+21,1.7548906600377513e+20,2.934357002474526e+17,-0.14682416146342459,8.881784197001252e-16,0,0.9948678394068735,3.981071705534985e+22,8192,power,p0,1.0,0.5,A1_balanced_q01_q99,R2,R2,1.0,1.0,2,65,0.7820422449431307,0.21354966901913755,0.004408086037731704,0.0,2.0665546275053086,8.632030814856941,603.7881991753625,0.016054455422100045,0.04261676935564503,main,False,True,True,False
9.137053051696931,637.3372976917294,0.1115116258349447,0.016961507846929666,0.6303215467235005,0.5611627867660474,0.1115116258349447,1.0,0.1668417743217621,0.20351480726527088,0.3543319362424824,2.0441697063970503,3.494030820500695e+22,9.541033493847232e+21,1.870175162419918e+20,2.934357002474526e+17,-0.1443807565881768,2.4424906541753444e-15,0,0.9951260144675906,4.466835921509617e+22,8192,power,p0,1.0,0.5,A1_balanced_q01_q99,R2,R2,1.0,1.0,2,65,0.7822160656664211,0.21359713366464408,0.004186800668934961,1.8779754052763542e-16,2.059955083426916,9.092627539911627,643.1439685798109,0.01578537702986571,0.042649658537453894,main,False,False,True,False
9.622236905789496,679.1897610947534,0.1115116258349447,0.016961507846929666,0.6303215467235005,0.5611627867660474,0.1115116258349447,1.0,0.163932613138148,0.19992397610914664,0.34811318656769213,2.0379509567222605,3.921194871144172e+22,1.0707476128137686e+22,1.99298523147739e+20,2.934357002474526e+17,-0.1419715760615011,2.4424906541753444e-15,0,0.995371287406321,5.011872336272714e+22,8192,power,p0,1.0,0.5,A1_balanced_q01_q99,R2,R2,1.0,1.0,2,65,0.7823812356043232,0.2136422360690205,0.003976528326656372,1.673747341744649e-16,2.05347115398374,9.577801255906447,685.0650027369189,0.015520197261479574,0.04268089221635062,main,False,False,True,False
10.133308650237975,723.7740590705474,0.1115116258349447,0.016961507846929666,0.6303215467235005,0.5611627867660474,0.1115116258349447,1.0,0.16107350626949737,0.19639775650337404,0.3420041413779793,2.0318419115325472,4.400535560158457e+22,1.2016395769606029e+22,2.1238114784430722e+20,2.934357002474526e+17,-0.13959658837355213,1.1102230246251565e-15,0,0.9956042946608075,5.623413251903491e+22,8192,power,p0,1.0,0.5,A1_balanced_q01_q99,R2,R2,1.0,1.0,2,65,0.7825381779773882,0.21368509179969217,0.003776730222919639,0.0,2.047100813771644,10.08886336704987,729.7185092340566,0.015258902239096983,0.04271055322322033,main,False,False,True,False
10.671649689215933,771.2682859619048,0.1115116258349447,0.016961507846929666,0.6303215467235005,0.5611627867660474,0.1115116258349447,1.0,0.15826363696854723,0.19293490330639454,0.33600282799864384,2.025840598153212,4.93842297851248e+22,1.3485187013324745e+22,2.2631764956988405e+20,2.934357002474526e+17,-0.13725572539291794,3.552713678800501e-15,0,0.9958256420859795,6.309573444801943e+22,8192,power,p0,1.0,0.5,A1_balanced_q01_q99,R2,R2,1.0,1.0,2,65,0.7826872960137953,0.21372581096483367,0.003586893021371085,0.0,2.0408420728686947,10.627195252796863,777.2825944857997,0.015001474715482743,0.04273872029341078,main,False,False,True,False
11.238715134784204,821.8621453699838,0.1115116258349447,0.016961507846929666,0.6303215467235005,0.5611627867660474,0.1115116258349447,1.0,0.15550219887419667,0.18953420063947568,0.3301073116884356,2.019945081843004,5.542004719125511e+22,1.5133367553025395e+22,2.4116369413351486e+20,2.934357002474526e+17,-0.13494888539212058,2.220446049250313e-16,0,0.9960359063445505,7.079457843841402e+22,8192,power,p0,1.0,0.5,A1_balanced_q01_q99,R2,R2,1.0,1.0,2,65,0.7828289738241242,0.21376449845224083,0.0034065277236350693,0.0,2.034692976213562,11.194252001659553,827.9469741349153,0.014747894370558345,0.04276546826448563,main,False,False,True,False
11.836037739985711,875.7577068565299,0.1115116258349447,0.016961507846929666,0.6303215467235005,0.5611627867660474,0.1115116258349447,1.0,0.15278839607957628,0.1861944608918436,0.32431569475285676,2.014153464907425,6.219300761662339e+22,1.6982837279845958e+22,2.569785759585492e+20,2.934357002474526e+17,-0.13267593587271173,0.0,0,0.9962356362421265,7.94328234724279e+22,8192,power,p0,1.0,0.5,A1_balanced_q01_q99,R2,R2,1.0,1.0,2,65,0.7829635772447563,0.21380125415963477,0.003235168595608963,0.0,2.028651602994815,11.791566344250558,881.9137297582711,0.014498138087390089,0.04279086826489169,main,False,False,True,False
12.465232041801523,933.1702119692198,0.1115116258349447,0.016961507846929666,0.6303215467235005,0.5611627867660474,0.1115116258349447,1.0,0.15012144318364185,0.18291452377357068,0.3186261156873906,2.008463885841959,6.979309936016063e+22,1.9058168998614528e+22,2.7382545459925182e+20,2.934357002474526e+17,-0.13043671620196967,2.6645352591003757e-15,0,0.9964253540082999,8.91250938133744e+22,8192,power,p0,1.0,0.5,A1_balanced_q01_q99,R2,R2,1.0,1.0,2,65,0.7830914546503092,0.21383617321651108,0.003072372133179855,0.0,2.0227160660509065,12.420752796189532,939.3981148959523,0.014252180208947696,0.04281498789391191,main,False,False,True,False
13.127998725166202,994.3289328049996,0.1115116258349447,0.016961507846929666,0.6303215467235005,0.5611627867660474,0.1115116258349447,1.0,0.14750056532744146,0.17969325541357975,0.3130367483492317,2.0028745185037997,7.832129377355942e+22,2.1386934619766627e+22,2.917716066739373e+20,2.934357002474526e+17,-0.1282310400725775,2.886579864025407e-15,0,0.9966055565251639,1e+23,8192,power,p0,1.0,0.5,A1_balanced_q01_q99,R2,R2,1.0,1.0,2,65,0.7832129377355943,0.2138693461976663,0.0029177160667393735,0.0,2.0168845112806806,13.083512022070963,1000.6294136184421,0.014009992776880864,0.04283789139326223,main,False,False,True,False
13.826129219839315,1059.4780865359899,0.1115116258349447,0.016961507846929666,0.6303215467235005,0.5611627867660474,0.1115116258349447,1.0,0.1449249982161396,0.1765295475002598,0.30754580115615615,1.9973835713107242,8.789088558020817e+22,2.4000071155768845e+22,3.1088869421951936e+20,2.934357002474526e+17,-0.1260586977960503,1.9984014443252818e-15,0,0.9967767165047308,1.1220184543019653e+23,8192,power,p0,1.0,0.5,A1_balanced_q01_q99,R2,R2,1.0,1.0,2,65,0.7833283422676609,0.21390085932855593,0.002770798403783213,0.0,2.011155117064199,13.781635432289619,1065.8518550564509,0.013771545753474612,0.04285963981069375,main,False,False,True,False
14.56151054255635,1128.8778095457262,0.1115116258349447,0.016961507846929666,0.6303215467235005,0.5611627867660474,0.1115116258349447,1.0,0.14239398812783677,0.17342231646232628,0.30215151631126314,1.9919892864658313,9.862899674974808e+22,2.6932291379131205e+22,3.312530505378606e+20,2.934357002474526e+17,-0.12391945844010344,1.7763568394002505e-15,0,0.9969392836168978,1.2589254117941714e+23,8192,power,p0,1.0,0.5,A1_balanced_q01_q99,R2,R2,1.0,1.0,2,65,0.7834379688085403,0.21393079468265203,0.0026312365088077116,1.3326616368867927e-16,2.0055260936937156,14.517010025147393,1135.325587541114,0.013536807227884307,0.042880291155924066,main,False,False,True,False
15.3361303975482,1202.8051950611882,0.1115116258349447,0.016961507846929666,0.6303215467235005,0.5611627867660474,0.1115116258349447,1.0,0.1399067919101541,0.17037050268769388,0.2968521690523776,1.9866899392069457,1.1067826388584069e+23,3.022254459176023e+22,3.529459846740536e+20,2.934357002474526e+17,-0.1218130718195901,4.6629367034256575e-15,0,0.9970936855694541,1.4125375446227497e+23,8192,power,p0,1.0,0.5,A1_balanced_q01_q99,R2,R2,1.0,1.0,2,65,0.7835421034093635,0.2139592303709835,0.0024986662196530562,1.1877359340902148e-16,1.9999956828146221,15.291623487330702,1209.327716239986,0.013305743607676446,0.04289990054924067,main,False,False,True,False
16.152082549216342,1281.555398419366,0.1115116258349447,0.016961507846929666,0.6303215467235005,0.5611627867660474,0.1115116258349447,1.0,0.137462676965502,0.1673730697782502,0.2916460669249748,1.981483837079543,1.241987315199806e+23,3.3914533620389375e+22,3.760541057410898e+20,2.934357002474526e+17,-0.11973927035010336,1.509903313490213e-14,0,0.9972403291416616,1.584893192461111e+23,8192,power,p0,1.0,0.5,A1_balanced_q01_q99,R2,R2,1.0,1.0,2,65,0.7836410182765556,0.2139862407240515,0.0023727409993927217,2.1171415310261256e-16,1.9945621568761833,16.107569566544413,1288.153408427668,0.013078319796640425,0.04291852036308581,main,False,False,True,False
17.011572481481956,1365.4428143770506,0.1115116258349447,0.016961507846929666,0.6303215467235005,0.5611627867660474,0.1115116258349447,1.0,0.1350609212259124,0.16442900383853257,0.2865315490775558,1.9763693192321239,1.3936997643656343e+23,3.8057294898944255e+22,4.006696683845823e+20,2.934357002474526e+17,-0.11769777077282853,8.881784197001252e-14,0,0.9973796011731695,1.7782794100389228e+23,8192,power,p0,1.0,0.5,A1_balanced_q01_q99,R2,R2,1.0,1.0,2,65,0.7837349724108481,0.21401189646632227,0.0022531311228296373,0.0,1.9892238185918996,16.967053730823842,1372.117070799466,0.012854499359775673,0.042936200356933046,main,False,False,True,False
17.916923359116467,1454.8023311590816,0.1115116258349447,0.016961507846929666,0.6303215467235005,0.5611627867660474,0.1115116258349447,1.0,0.132700813118223,0.16153731279644928,0.28150698557845055,1.9713447557330186,1.5639349122024745e+23,4.270584933587557e+22,4.2689094076529154e+20,2.934357002474526e+17,-0.1156882757587396,1.4166445794216997e-13,0,0.9975118695092542,1.9952623149688827e+23,8192,power,p0,1.0,0.5,A1_balanced_q01_q99,R2,R2,1.0,1.0,2,65,0.783824212219868,0.21403626488350527,0.002139522896626999,1.6817052950014394e-16,1.9839790004093185,17.87239912982259,1461.553603524088,0.012634244676299922,0.042952987805746974,main,False,False,True,False
18.870582307147178,1549.990666248421,0.1115116258349447,0.016961507846929666,0.6303215467235005,0.5611627867660474,0.1115116258349447,1.0,0.13038165152043882,0.15869702575422234,0.2765707767530941,1.9664085469076622,1.7549535865650432e+23,4.792193260380277e+22,4.54822596527621e+20,2.934357002474526e+17,-0.11371047539977161,1.971756091734278e-13,0,0.9976374839050486,2.238721138568347e+23,8192,power,p0,1.0,0.5,A1_balanced_q01_q99,R2,R2,1.0,1.0,2,65,0.783908972105087,0.21405940998282907,0.0020316179120838523,0.0,1.9788260639891369,18.826052874188143,1556.8197360372747,0.01241751708147465,0.042968927622317826,main,False,False,True,False
19.875127025345346,1651.3877892433143,0.1115116258349447,0.016961507846929666,0.6303215467235005,0.5611627867660474,0.1115116258349447,1.0,0.12810274570990723,0.15590719236796738,0.2717213525408677,1.9615591226954359,1.969292524758906e+23,5.3774814542749864e+22,4.845761323167046e+20,2.934357002474526e+17,-0.1117640485941587,1.6608936448392342e-13,0,0.9977567768883508,2.5118864315095718e+23,8192,power,p0,1.0,0.5,A1_balanced_q01_q99,R2,R2,1.0,1.0,2,65,0.7839894750239236,0.21408139264653275,0.0019291323295436101,0.0,1.9737633996934296,19.830592650000053,1658.2954499042482,0.012204276997993757,0.0429840624737378,main,False,False,True,False
20.933272755584717,1759.398437464344,0.1115116258349447,0.016961507846929666,0.6303215467235005,0.5611627867660474,0.1115116258349447,1.0,0.12586341530419637,0.15316688225412187,0.2669571718706471,1.9567949420252153,2.2097980426314405e+23,6.03422185507892e+22,5.162703125116237e+20,2.934357002474526e+17,-0.10984866433270146,1.4033219031261979e-13,0,0.99787006458727,2.818382931264449e+23,8192,power,p0,1.0,0.5,A1_balanced_q01_q99,R2,R2,1.0,1.0,2,65,0.7840659330277838,0.2141022707787868,0.001831796193429267,1.190556174172756e-16,1.9687894260828391,20.88873368614693,1766.3854944265088,0.011994484057623822,0.04299843289228623,main,False,False,True,False
22.047879621097717,1874.4537303403167,0.1115116258349447,0.016961507846929666,0.6303215467235005,0.5611627867660474,0.1115116258349447,1.0,0.1236629901948773,0.15047518442168187,0.26227672205425195,1.95211449220882,2.479663812111652e+23,6.771135316272884e+22,5.500316429438606e+20,2.934357002474526e+17,-0.10796398289233981,1.1146639167236572e-13,0,0.9979776475141273,3.162277660168379e+23,8192,power,p0,1.0,0.5,A1_balanced_q01_q99,R2,R2,1.0,1.0,2,65,0.7841385477768639,0.21412209944626895,0.0017393527768670809,2.12216861426478e-16,1.9639025894225797,22.00333609347629,1881.5210010378582,0.011788097213759618,0.04301207738097876,main,False,False,True,False
23.221960357216947,1997.0128890330727,0.1115116258349447,0.016961507846929666,0.6303215467235005,0.5611627867660474,0.1115116258349447,1.0,0.12150081047537796,0.14783120672827202,0.25767851819702664,1.9475162883515948,2.782473248518638e+23,7.59800695062156e+22,5.8599487549660804e+20,2.934357002474526e+17,-0.10610965694300946,8.79296635503124e-14,0,0.9980798113200318,3.5481338923357603e+23,8192,power,p0,1.0,0.5,A1_balanced_q01_q99,R2,R2,1.0,1.0,2,65,0.7842075110324873,0.2141409310126045,0.0016515579549080761,0.0,1.959101363197091,23.17741259555393,2004.1612029292016,0.011585074845496202,0.04302503251401987,main,False,False,True,False
24.45868845468059,2127.565068144957,0.1115116258349447,0.016961507846929666,0.6303215467235005,0.5611627867660474,0.1115116258349447,1.0,0.11937622636305112,0.14523407535915678,0.25316110262483354,1.9429988727794016,3.122247070129127e+23,8.525815999499269e+22,6.243035455931347e+20,2.934357002474526e+17,-0.10428533257342053,7.416289804496046e-14,0,0.9981768275119869,3.9810717055349855e+23,8192,power,p0,1.0,0.5,A1_balanced_q01_q99,R2,R2,1.0,1.0,2,65,0.7842730051277869,0.21415881526689431,0.0015681796053187125,0.0,1.9543842476331967,24.414136671930077,2134.795266760779,0.011385374853795094,0.043037333032396395,main,False,False,True,False
25.761406737442762,2266.6313068207755,0.1115116258349447,0.016961507846929666,0.6303215467235005,0.5611627867660474,0.1115116258349447,1.0,0.11728859811614589,0.14268293432778612,0.24872304432677309,1.9385608144813413,3.5034966611298854e+23,9.566881549325338e+22,6.651105447197529e+20,2.934357002474526e+17,-0.10249065024104388,6.483702463810914e-14,0,0.9982689541375964,4.466835921509616e+23,8192,power,p0,1.0,0.5,A1_balanced_q01_q99,R2,R2,1.0,1.0,2,65,0.78433520341751,0.21417579954654134,0.0014889970359488187,1.5023803242210835e-16,1.9497497692316152,25.716851135920958,2273.944243768095,0.011188954750273927,0.04304901193483284,main,False,False,True,False
27.13363639818347,2414.7666070258288,0.1115116258349447,0.016961507846929666,0.6303215467235005,0.5611627867660474,0.1115116258349447,1.0,0.11523729594615323,0.1401769449967284,0.2443629384129833,1.9342007085675514,3.9312839460908416e+23,1.0735026028792058e+23,7.085787302667893e+20,2.934357002474526e+17,-0.10072524565127364,4.796163466380676e-14,0,0.9983564364382276,5.011872336272715e+23,8192,power,p0,1.0,0.5,A1_balanced_q01_q99,R2,R2,1.0,1.0,2,65,0.7843942707077217,0.21419192885458854,0.0014138004376898256,0.0,1.9451964803066784,27.089077170093457,2422.1631480436954,0.010995771739126914,0.04306010056432786,main,False,False,True,False
28.57908651594328,2572.56214728904,0.1115116258349447,0.016961507846929666,0.6303215467235005,0.5611627867660474,0.1115116258349447,1.0,0.11322169992598172,0.1377152856179003,0.2400794055869119,1.9299171757414801,4.4112885705008576e+23,1.2045758656514341e+23,7.548815751198497e+20,2.934357002474526e+17,-0.09898875057043124,4.1744385725905886e-14,0,0.9984395074717844,5.623413251903491e+23,8192,power,p0,1.0,0.5,A1_balanced_q01_q99,R2,R2,1.0,1.0,2,65,0.7844503636661708,0.2142072459717757,0.001342390362053379,1.1933831108230231e-16,1.9407229585341144,28.53452384387337,2580.0431702841997,0.010805782792634222,0.043070628690471215,main,False,False,True,False
30.10166408160544,2740.6476407416276,0.1115116258349447,0.016961507846929666,0.6303215467235005,0.5611627867660474,0.1115116258349447,1.0,0.11124119989439858,0.13529715089104655,0.23587109163147552,1.9257088617860436,4.9498832788589364e+23,1.3516481273470803e+23,8.042038595925485e+20,2.934357002474526e+17,-0.09728079357698502,3.108624468950438e-14,0,0.9985183887065499,6.309573444801942e+23,8192,power,p0,1.0,0.5,A1_balanced_q01_q99,R2,R2,1.0,1.0,2,65,0.7845036312140612,0.21422179156351964,0.0012745772224191812,2.1272076341479705e-16,1.936327806506752,30.057098139004857,2748.2140358326037,0.010618944720708345,0.043080624587746086,main,False,False,True,False
31.705484558327772,2919.6938468560643,0.1115116258349447,0.016961507846929666,0.6303215467235005,0.5611627867660474,0.1115116258349447,1.0,0.10929519535713217,0.13292175153950653,0.2317366669085636,1.9215744370631318,5.554218490592373e+23,1.516671929164424e+23,8.567424084603879e+20,2.934357002474526e+17,-0.09560100075509294,2.6201263381153694e-14,0,0.9985932905871024,7.079457843841402e+23,8192,power,p0,1.0,0.5,A1_balanced_q01_q99,R2,R2,1.0,1.0,2,65,0.7845542148999626,0.21423560428201643,0.0012101808180208173,1.8958757995396408e-16,1.9320096512980076,31.660915509958553,2927.3465164210215,0.010435214234875811,0.043090115109999265,main,False,False,True,False
33.39488300546422,3110.41524690424,0.1115116258349447,0.016961507846929666,0.6303215467235005,0.5611627867660474,0.1115116258349447,1.0,0.10738309538501686,0.1305883139023426,0.22767482587136664,1.9175125960259347,6.232317196126753e+23,1.7018380823556786e+23,9.127068760356989e+20,2.934357002474526e+17,-0.09394899633431703,2.4424906541753444e-14,0,0.9986644130737163,7.94328234724279e+23,8192,power,p0,1.0,0.5,A1_balanced_q01_q99,R2,R2,1.0,1.0,2,65,0.7846022492565767,0.21424872086366253,0.001149029879760614,0.0,1.9277671440330213,33.35031100783161,3118.1551056324765,0.010254548007086584,0.04309912576126504,main,False,False,True,False
35.174425796047785,3313.5728938060033,0.1115116258349447,0.016961507846929666,0.6303215467235005,0.5611627867660474,0.1115116258349447,1.0,0.10550431850952385,0.12829607954197245,0.22368428658903655,1.9135220567436046,6.993181432378476e+23,1.9096047431348155e+23,9.723205824149425e+20,2.934357002474526e+17,-0.09232440327911844,1.4654943925052066e-14,0,0.9987319461562416,8.912509381337441e+23,8192,power,p0,1.0,0.5,A1_balanced_q01_q99,R2,R2,1.0,1.0,2,65,0.7846478621410501,0.2142611762219827,0.0010909616369672004,0.0,1.923598959467303,35.129850997810124,3321.4008687530218,0.010076902723698433,0.04310768076310988,main,False,False,True,False
37.04892295950402,3529.9774477349583,0.1115116258349447,0.016961507846929666,0.6303215467235005,0.5611627867660474,0.1115116258349447,1.0,0.10365829261600665,0.12604430486649443,0.2197637902832178,1.9096015604377858,7.846911750595147e+23,2.1427300353625147e+23,1.035821404233823e+21,2.934357002474526e+17,-0.09072684383151583,1.1102230246251565e-14,0,0.9987960703436061,1e+24,8192,power,p0,1.0,0.5,A1_balanced_q01_q99,R2,R2,1.0,1.0,2,65,0.7846911750595147,0.21427300353625148,0.001035821404233823,0.0,1.919503795572764,37.004345501861586,3537.8944783812203,0.009902235134978232,0.043115803118668576,main,False,False,True,False
0.23143117116161968,5.084572931936647,0.1115116258349447,0.016961507846929666,0.6303215467235005,0.5611627867660474,0.1115116258349447,1.0,0.582173177312534,0.7867605082370328,1.3097024529975803,2.9995402231521484,7.060372010968611e+18,1.9279522504618286e+18,1.0116757385695611e+18,1.9896965824113514e+17,-0.3528350867103037,8.876233081878127e-14,0,0.876095425507494,1e+19,8192,logarithmic,p0,1.0,0.5,A1_balanced_q01_q99,R2,R2,1.0,1.0,2,65,0.7060372010968611,0.19279522504618285,0.10116757385695611,0.0,3.034651428553749,0.2044611410333215,6.403048959108133,0.03511120540160073,0.026108602617403585,main,True,False,True,False
0.24247561117647132,5.470337813369016,0.1115116258349447,0.016961507846929666,0.6303215467235005,0.5611627867660474,0.1115116258349447,1.0,0.5730186748520935,0.7708205088167879,1.2856937438710372,2.9755315140256053,7.958541027830484e+18,2.1732122699995776e+18,1.0884312451895917e+18,1.9896965824113514e+17,-0.3543969802499702,9.731104810839497e-14,0,0.8814609321052587,1.1220184543019653e+19,8192,logarithmic,p0,1.0,0.5,A1_balanced_q01_q99,R2,R2,1.0,1.0,2,65,0.7093057157229811,0.1936877474400887,0.09700653683693028,0.0,3.0110922040522374,0.21537098762455625,6.82040875293027,0.03556069002663209,0.026914339217563796,main,True,False,True,False
0.2540978333267947,5.883184909385687,0.1115116258349447,0.016961507846929666,0.6303215467235005,0.5611627867660474,0.1115116258349447,1.0,0.5639698493833047,0.7552819754082645,1.2621702346066568,2.952008004761225,8.969427231214789e+18,2.449251595937051e+18,1.1705752907898737e+18,1.9896965824113514e+17,-0.35550755376266374,1.1224354778960333e-13,0,0.8866268284465293,1.2589254117941713e+19,8192,logarithmic,p0,1.0,0.5,A1_balanced_q01_q99,R2,R2,1.0,1.0,2,65,0.712466929905872,0.19455096965963006,0.09298210043449798,0.0,2.9879457036896024,0.22686297296373548,7.2649726488312,0.035937698928377504,0.027684677059565458,main,True,False,True,False
0.266328955581212,6.3248985743082065,0.1115116258349447,0.016961507846929666,0.6303215467235005,0.5611627867660474,0.1115116258349447,1.0,0.5550271911259,0.740131695227372,1.2391197531219456,2.9289575232765137,1.0107021788715608e+19,2.759890749771942e+18,1.2584629077399468e+18,1.9896965824113514e+17,-0.3561947510083799,1.2989609388114332e-13,0,0.8915980989645913,1.4125375446227497e+19,8192,logarithmic,p0,1.0,0.5,A1_balanced_q01_q99,R2,R2,1.0,1.0,2,65,0.7155223467999867,0.19538530216618302,0.08909235103383024,0.0,2.9652046971253565,0.23896815940531074,7.738513848688244,0.036247173848842795,0.028420976804640632,main,True,False,True,False
0.2792017590259791,6.797377870434346,0.1115116258349447,0.016961507846929666,0.6303215467235005,0.5611627867660474,0.1115116258349447,1.0,0.5461911249108842,0.7253569388187474,1.2165305271909186,2.9063682973454865,1.13870391491372e+19,3.109420823657731e+18,1.3524719518161766e+18,1.9896965824113514e+17,-0.3564853370054243,1.4299672557172016e-13,0,0.8963797746330939,1.5848931924611109e+19,8192,logarithmic,p0,1.0,0.5,A1_balanced_q01_q99,R2,R2,1.0,1.0,2,65,0.7184735983031618,0.19619119057665005,0.085335211120188,2.584401282990876e-16,2.9428620806842987,0.25171926676060585,8.242921134186773,0.03649378333881215,0.029124561297125796,main,True,False,True,False
0.2927507758554141,7.3026440835470545,0.1115116258349447,0.016961507846929666,0.6303215467235005,0.5611627867660474,0.1115116258349447,1.0,0.5374620092517818,0.7109454456424511,1.194391169765864,2.8842289399204324,1.2827128327526099e+19,3.5026611753031265e+18,1.4530045975600049e+18,1.9896965824113514e+17,-0.35640492368533194,1.66644475996236e-13,0,0.9009769199584434,1.7782794100389229e+19,8192,logarithmic,p0,1.0,0.5,A1_balanced_q01_q99,R2,R2,1.0,1.0,2,65,0.7213224342087692,0.19696911270127457,0.08170845308995629,1.1516750339898348e-16,2.9209108751375297,0.2651507607380789,8.780206400475832,0.03668193521709728,0.029796715620398036,main,True,False,True,False
0.3070123820774057,7.842848736080835,0.1115116258349447,0.016961507846929666,0.6303215467235005,0.5611627867660474,0.1115116258349447,1.0,0.5288401357277143,0.6968854098108535,1.1726906647411395,2.8625284348957076,1.444711003642169e+19,3.9450241806122153e+18,1.5604889326549225e+18,1.9896965824113514e+17,-0.35597799627722115,1.8751666885918894e-13,0,0.9053946203181538,1.9952623149688828e+19,8192,logarithmic,p0,1.0,0.5,A1_balanced_q01_q99,R2,R2,1.0,1.0,2,65,0.7240707113062976,0.19771957556737296,0.07820971312632942,0.0,2.8993442235223235,0.27929894610270123,9.352512680877727,0.03681578862661583,0.030438687221639508,main,True,False,True,False
0.3220248951895093,8.420282129638105,0.1115116258349447,0.016961507846929666,0.6303215467235005,0.5611627867660474,0.1115116258349447,1.0,0.5203257286703518,0.68316546597881,1.1514183531543487,2.841256123308917,1.6269242821576854e+19,4.4425879064785853e+18,1.6753806576280312e+18,1.9896965824113514e+17,-0.35522794038967587,1.7341683644644945e-13,0,0.9096379697097257,2.238721138568347e+19,8192,logarithmic,p0,1.0,0.5,A1_balanced_q01_q99,R2,R2,1.0,1.0,2,65,0.7267203825118196,0.1984431124512275,0.07483650503695295,1.8296159934503391e-16,2.8781553890001943,0.294202064806209,9.962122694659897,0.03689926569127744,0.03105168610318419,main,True,False,True,False
0.3378286770931278,9.03738245061166,0.1115116258349447,0.016961507846929666,0.6303215467235005,0.5611627867660474,0.1115116258349447,1.0,0.511918945145102,0.6697746753917388,1.130563919820098,2.8204016899746662,1.8318521746048717e+19,5.00217767145437e+18,1.798164897592634e+18,1.9896965824113514e+17,-0.3541770697457341,1.467714838554457e-13,0,0.9137120589714511,2.511886431509572e+19,8192,logarithmic,p0,1.0,0.5,A1_balanced_q01_q99,R2,R2,1.0,1.0,2,65,0.7292734861042188,0.1991402799388587,0.0715862339569225,1.63064697058713e-16,2.8573377527525006,0.3099003993534913,10.611467951962561,0.036936062777834344,0.03163688507784306,main,True,False,True,False
0.3544662425309601,9.696745474757744,0.1115116258349447,0.016961507846929666,0.6303215467235005,0.5611627867660474,0.1115116258349447,1.0,0.5036198752126851,0.6567025121002303,1.1101173803913298,2.799955150545898,2.062301359929881e+19,5.631457580181861e+18,1.929358133163822e+18,1.9896965824113514e+17,-0.3528466545168196,1.233457780358549e-13,0,0.9176219645172872,2.8183829312644493e+19,8192,logarithmic,p0,1.0,0.5,A1_balanced_q01_q99,R2,R2,1.0,1.0,2,65,0.731732135137734,0.19981165503494389,0.06845620982732208,0.0,2.8368848119128924,0.32643638168452116,11.303138452198423,0.03692966136699427,0.032195420085286565,main,True,False,True,False
0.3719823733412541,10.401134909046212,0.1115116258349447,0.016961507846929666,0.6303215467235005,0.5611627867660474,0.1115116258349447,1.0,0.49542854245896395,0.6439388493478732,1.0900690688430272,2.7799068389975954,2.3214233093457474e+19,6.339033250053455e+18,2.0695102581728648e+18,1.9896965824113514e+17,-0.35125695019062797,1.0769163338864018e-13,0,0.9213727376403069,3.162277660168379e+19,8192,logarithmic,p0,1.0,0.5,A1_balanced_q01_q99,R2,R2,1.0,1.0,2,65,0.7340985070938206,0.20045783233708597,0.06544366056909345,1.2952689296049681e-16,2.816790177536002,0.3438547078660985,12.039893014607651,0.03688333853840664,0.03272839056629579,main,True,True,True,False
0.3904242388440583,11.153493411465492,0.1115116258349447,0.016961507846929666,0.6303215467235005,0.5611627867660474,0.1115116258349447,1.0,0.48734490477579023,0.6314739461437304,1.0704096253727358,2.760247395527304,2.61275650537418e+19,7.134567097341762e+18,2.2192067722740413e+18,1.9896965824113514e+17,-0.34942722690204464,8.79296635503124e-14,0,0.9249693944119082,3.5481338923357606e+19,8192,logarithmic,p0,1.0,0.5,A1_balanced_q01_q99,R2,R2,1.0,1.0,2,65,0.7363748338296741,0.20107942129108966,0.0625457448792363,0.0,2.7970475726017074,0.3622024589034564,12.824670282173095,0.03680017707440353,0.03323685989147522,main,True,True,True,False
0.4098415226872126,11.956954332215835,0.1115116258349447,0.016961507846929666,0.6303215467235005,0.5611627867660474,0.1115116258349447,1.0,0.4793688553765014,0.6192984340297539,1.0511299847120854,2.7409677548666536,2.94027382213008e+19,8.028907716963206e+18,2.379071117085845e+18,1.9896965824113514e+17,-0.347375799149155,7.582823258189819e-14,0,0.928416906208322,3.981071705534986e+19,8192,logarithmic,p0,1.0,0.5,A1_balanced_q01_q99,R2,R2,1.0,1.0,2,65,0.7385633918731336,0.2016770435408237,0.059759564586042535,2.0577373646926412e-16,2.777650830054359,0.38152922799822886,13.660600442786796,0.036683075187705416,0.033721855840822906,main,True,True,True,False
0.43028655649813063,12.814854222551824,0.1115116258349447,0.016961507846929666,0.6303215467235005,0.5611627867660474,0.1115116258349447,1.0,0.4715002240280162,0.6074033040547046,1.0322213648431102,2.7220591349976786,3.308435697268412e+19,9.034235077340943e+18,2.549767165071104e+18,1.9896965824113514e+17,-0.3451200558122543,5.739853037312059e-14,0,0.931720190884932,4.466835921509617e+19,8192,logarithmic,p0,1.0,0.5,A1_balanced_q01_q99,R2,R2,1.0,1.0,2,65,0.7406664931068901,0.20225133038438814,0.05708217650872168,0.0,2.758593890876361,0.401887254596811,14.551017714417585,0.03653475587868238,0.03418437113043953,main,True,True,True,False
0.45181446070540376,13.730746160585067,0.1115116258349447,0.016961507846929666,0.6303215467235005,0.5611627867660474,0.1115116258349447,1.0,0.4637387784808407,0.5957798939664205,1.0136752561128155,2.703513026267384,3.722249802976521e+19,1.0164223461994553e+19,2.732001870967389e+18,1.9896965824113514e+17,-0.3426764903907408,4.6074255521943996e-14,0,0.934884104612328,5.011872336272715e+19,8192,logarithmic,p0,1.0,0.5,A1_balanced_q01_q99,R2,R2,1.0,1.0,2,65,0.74268647587794,0.20280292034640285,0.05451060377565712,0.0,2.7398708021954934,0.4233315655913834,15.499473644081053,0.036357775928109515,0.03462536398254249,main,True,True,True,False
0.4744832929131305,14.708413946614215,0.1115116258349447,0.016961507846929666,0.6303215467235005,0.5611627867660474,0.1115116258349447,1.0,0.4560842260779166,0.5844198756342945,0.995483410739098,2.6853211808936663,4.187338009751355e+19,1.143422432529437e+19,2.926528096226976e+18,1.9896965824113514e+17,-0.34006073137117465,4.1744385725905886e-14,0,0.9379134343817815,5.6234132519034905e+19,8192,logarithmic,p0,1.0,0.5,A1_balanced_q01_q99,R2,R2,1.0,1.0,2,65,0.7446256965614197,0.20333245687437176,0.052041846564208384,0.0,2.7214757154254032,0.44592012405529663,16.50975127365362,0.03615453453173689,0.03504575873490723,main,True,True,True,False
0.4983542042311673,15.751887224018631,0.1115116258349447,0.016961507846929666,0.6303215467235005,0.5611627867660474,0.1115116258349447,1.0,0.44853621552296286,0.5733152427136711,0.9776378327007099,2.667475602855278,4.710011533598938e+19,1.2861471494414164e+19,3.13414761761589e+18,1.9896965824113514e+17,-0.3372875726395136,3.674838211509268e-14,0,0.9408128911813447,6.309573444801943e+19,8192,logarithmic,p0,1.0,0.5,A1_balanced_q01_q99,R2,R2,1.0,1.0,2,65,0.7464865216014274,0.20384058616529638,0.049672892233276325,0.0,2.7034028844386584,0.46971398591482283,17.58588022903588,0.03592728158338021,0.03544644648583508,main,True,True,True,False
0.5234916039855132,16.865457585454678,0.1115116258349447,0.016961507846929666,0.6303215467235005,0.5611627867660474,0.1115116258349447,1.0,0.4410943387890633,0.5624582985634562,0.9601307680036595,2.6499685381582276,5.297355266015586e+19,1.4465311446399894e+19,3.3557143318582774e+18,1.9896965824113514e+17,-0.3343710038514416,2.708944180085382e-14,0,0.9435871038384103,7.0794578438414025e+19,8192,logarithmic,p0,1.0,0.5,A1_balanced_q01_q99,R2,R2,1.0,1.0,2,65,0.7482713200452048,0.2043279551270106,0.04740072482778462,1.1571507565549565e-16,2.685646663771816,0.4947774649807691,18.73215279284796,0.035678125613588296,0.035828285770765224,main,True,True,True,False
0.5499633332554728,18.05369572803935,0.1115116258349447,0.016961507846929666,0.6303215467235005,0.5611627867660474,0.1115116258349447,1.0,0.43375813314845557,0.5518416444276413,0.9429546953160604,2.6327924654706285,5.957322408103566e+19,1.6267461722394804e+19,3.592137668997431e+18,1.9896965824113514e+17,-0.33132424067668015,2.275957200481571e-14,0,0.9462406135193281,7.94328234724279e+19,8192,logarithmic,p0,1.0,0.5,A1_balanced_q01_q99,R2,R2,1.0,1.0,2,65,0.7499824565812425,0.204795209477118,0.04522233394163945,0.0,2.668201506861932,0.5211783067860114,19.95314102476613,0.0354090413913033,0.036192103266695703,main,True,True,True,False
0.5778408477077505,19.321469725412918,0.1115116258349447,0.016961507846929666,0.6303215467235005,0.5611627867660474,0.1115116258349447,1.0,0.4265270833049213,0.5414581678906686,0.9261023169631389,2.615940087117707,6.698840667055342e+19,1.8292300914839122e+19,3.8443862279818476e+18,1.9896965824113514e+17,-0.3281597548360823,1.9872992140790302e-14,0,0.9487778688722298,8.91250938133744e+19,8192,logarithmic,p0,1.0,0.5,A1_balanced_q01_q99,R2,R2,1.0,1.0,2,65,0.7516222850864581,0.20524299198094217,0.043134722932599553,1.83831503552834e-16,2.6510619643139592,0.5489878716988308,21.253714997787853,0.03512187719625226,0.036538694520654474,main,True,True,True,False
0.6071994102225348,20.673964489047975,0.1115116258349447,0.016961507846929666,0.6303215467235005,0.5611627867660474,0.1115116258349447,1.0,0.4194006236107491,0.5313010316157146,0.9095665502738299,2.5994043204283983,7.531931426826935e+19,2.0567194082855416e+19,4.1134916488752394e+18,1.9896965824113514e+17,-0.3248893038540301,1.6764367671839864e-14,0,0.9512032217950263,1e+20,8192,logarithmic,p0,1.0,0.5,A1_balanced_q01_q99,R2,R2,1.0,1.0,2,65,0.7531931426826934,0.20567194082855417,0.04113491648875239,0.0,2.6342226821985157,0.5782813278069848,22.639062223161364,0.034818361770117434,0.036868824698564374,main,True,True,True,False
0.6381182938328605,22.11670249594838,0.1115116258349447,0.016961507846929666,0.6303215467235005,0.5611627867660474,0.1115116258349447,1.0,0.4123781403509638,0.5213636623739221,0.8933405192700881,2.583178289424656,8.467843477154128e+19,2.312285792161554e+19,4.4005527370397097e+18,1.9896965824113514e+17,-0.32152396045302445,1.2212453270876722e-14,0,0.9535209238072244,1.1220184543019654e+20,8192,logarithmic,p0,1.0,0.5,A1_balanced_q01_q99,R2,R2,1.0,1.0,2,65,0.7546973442983321,0.20608268814973124,0.03921996755193656,0.0,2.61767840037945,0.609137854093914,24.114708341460087,0.034500110954794216,0.03718322935096328,main,True,True,True,False
0.6706809955260803,23.655565864962,0.1115116258349447,0.016961507846929666,0.6303215467235005,0.5611627867660474,0.1115116258349447,1.0,0.40545897407837916,0.511639740371551,0.8774175466898539,2.567255316844422,9.519203078427286e+19,2.599377053949211e+19,4.706739855652151e+18,1.9896965824113514e+17,-0.318074141522282,1.2656542480726785e-14,0,0.9557351230013253,1.2589254117941713e+20,8192,logarithmic,p0,1.0,0.5,A1_balanced_q01_q99,R2,R2,1.0,1.0,2,65,0.7561371777269067,0.20647585866462734,0.03738696360846581,0.0,2.6014239508707258,0.6416408544561957,25.68653916233116,0.03416863402630366,0.037482615192192155,main,True,True,True,False
0.7049754614855511,25.29681986934114,0.1115116258349447,0.016961507846929666,0.6303215467235005,0.5611627867660474,0.1115116258349447,1.0,0.3986424219839285,0.5021231888808928,0.8617911463343882,2.5516289164889563,1.0700182356903377e+20,2.921863128925082e+19,5.033299603990363e+18,1.9896965824113514e+17,-0.3145496365974822,4.218847493575595e-15,0,0.9578498615470677,1.4125375446227496e+20,8192,logarithmic,p0,1.0,0.5,A1_balanced_q01_q99,R2,R2,1.0,1.0,2,65,0.75751489917113,0.20685206846699655,0.0356330323618734,0.0,2.5854542562220777,0.6758781831407953,27.36082414082464,0.03382533973312141,0.03776766088981063,main,True,True,True,False
0.7410943243813227,27.047137978948598,0.1115116258349447,0.016961507846929666,0.6303215467235005,0.5611627867660474,0.1115116258349447,1.0,0.3919277402877446,0.4928081641796012,0.8464550157305333,2.5362927858851014,1.2026688268174397e+20,3.284087676429488e+19,5.381559800072229e+18,1.9896965824113514e+17,-0.3109596357944314,5.662137425588298e-15,0,0.959869073719988,1.5848931924611108e+20,8192,logarithmic,p0,1.0,0.5,A1_balanced_q01_q99,R2,R2,1.0,1.0,2,65,0.7588327292578424,0.20721192393600815,0.03395534680614939,0.0,2.569764327932952,0.7119423822113992,29.144241383945154,0.03347154204785063,0.03803901786117121,main,True,True,True,False
0.7791351533509817,28.913628531639215,0.1115116258349447,0.016961507846929666,0.6303215467235005,0.5611627867660474,0.1115116258349447,1.0,0.38531414663751146,0.48368904580193967,0.8314030290983495,2.5212407992529178,1.3516574639959224e+20,3.6909259816848654e+19,5.752934787451389e+18,1.9896965824113514e+17,-0.3073127571452243,4.440892098500626e-16,0,0.9617965844243569,1.778279410038923e+20,8192,logarithmic,p0,1.0,0.5,A1_balanced_q01_q99,R2,R2,1.0,1.0,2,65,0.7600928495068935,0.2075560207720157,0.03235112972109073,0.0,2.554349264894241,0.7499309316857431,31.043904287162977,0.03310846564132319,0.03829731107426503,main,True,True,True,False
0.8192007173460445,30.90386313988219,0.1115116258349447,0.016961507846929666,0.6303215467235005,0.5611627867660474,0.1115116258349447,1.0,0.37880082250167674,0.47476042710423955,0.8166292306144516,2.5064670007690197,1.5189880111773283e+20,4.147849929188225e+19,6.148931087273173e+18,1.9896965824113514e+17,-0.30361707329137105,2.7755575615628914e-15,0,0.9636361081795837,1.995262314968883e+20,8192,logarithmic,p0,1.0,0.5,A1_balanced_q01_q99,R2,R2,1.0,1.0,2,65,0.7612973992349561,0.20788494315109204,0.03081765761395172,1.642290327149843e-16,2.5392042518573015,0.7899465130199993,33.0673899071337,0.03273725108828174,0.03854313985013048,main,True,True,True,False
0.8613992625552137,33.0259069456394,0.1115116258349447,0.016961507846929666,0.6303215467235005,0.5611627867660474,0.1115116258349447,1.0,0.3723869155462192,0.4660171061457464,0.802127827961353,2.491965598115921,1.7069095132914532e+20,4.6610009109611954e+19,6.571153418077402e+18,1.9896965824113514e+17,-0.29988013749426307,1.1102230246251565e-15,0,0.9653912485386096,2.238721138568347e+20,8192,logarithmic,p0,1.0,0.5,A1_balanced_q01_q99,R2,R2,1.0,1.0,2,65,0.7624484728736759,0.20819926299270514,0.029352264133618838,0.0,2.524324557929807,0.8320972866524547,35.22276918379001,0.03235895981388559,0.03877707866430749,main,True,True,True,False
0.9058448046538401,35.28835084391901,0.1115116258349447,0.016961507846929666,0.6303215467235005,0.5611627867660474,0.1115116258349447,1.0,0.36607154198474595,0.45745407688490664,0.7878931861530855,2.4777309563076537,1.9179461566059594e+20,5.237271638305341e+19,7.021311107307838e+18,1.9896965824113514e+17,-0.296109008929159,2.9976021664879227e-15,0,0.9670654979065736,2.5118864315095718e+20,8192,logarithmic,p0,1.0,0.5,A1_balanced_q01_q99,R2,R2,1.0,1.0,2,65,0.7635481176803557,0.2084995393345825,0.027952342985061756,0.0,2.5097055350979423,0.8764971843566413,37.51863913235233,0.03197457879028853,0.03899967794501231,main,True,True,True,False
0.9526574366688206,37.70034580331091,0.1115116258349447,0.016961507846929666,0.6303215467235005,0.5611627867660474,0.1115116258349447,1.0,0.3598537888927835,0.449066520690074,0.7739198216273784,2.4637575917819463,2.1549308876706182e+20,5.8843979439325676e+19,7.501224920057385e+18,1.9896965824113514e+17,-0.2923102772345355,3.774758283725532e-15,0,0.9686622377282871,2.818382931264449e+20,8192,logarithmic,p0,1.0,0.5,A1_balanced_q01_q99,R2,R2,1.0,1.0,2,65,0.7645983318185307,0.20878631780858006,0.026615350372889212,1.162652513840582e-16,2.4953426167744874,0.9232662171941418,39.964157133661914,0.03158502499254112,0.03921146486588978,main,True,True,True,False
1.0019636532904117,40.271639420193026,0.1115116258349447,0.016961507846929666,0.6303215467235005,0.5611627867660474,0.1115116258349447,1.0,0.3537327164781651,0.4408497981626478,0.7602023965947455,2.4500401667493135,2.4210431374470457e+20,6.6110617939887325e+19,8.012834332246031e+18,1.9896965824113514e+17,-0.28849008629412465,4.440892098500626e-15,0,0.9701847390132384,3.1622776601683794e+20,8192,logarithmic,p0,1.0,0.5,A1_balanced_q01_q99,R2,R2,1.0,1.0,2,65,0.7656010627852755,0.20906013021123257,0.025338807003491837,0.0,2.4812313163723454,0.9725307998994561,42.569077459603335,0.031191149623031933,0.039412944131399646,main,True,True,True,False
1.0538966925067321,43.01261485224775,0.1115116258349447,0.016961507846929666,0.6303215467235005,0.5611627867660474,0.1115116258349447,1.0,0.34770736030044336,0.43279944126966935,0.7467357136348726,2.4365734837894406,2.719851151730991e+20,7.42700687832676e+19,8.558205277209308e+18,1.9896965824113514e+17,-0.28465415723415527,5.551115123125783e-15,0,0.9716361631677666,3.54813389233576e+20,8192,logarithmic,p0,1.0,0.5,A1_balanced_q01_q99,R2,R2,1.0,1.0,2,65,0.766558206161858,0.209321494162598,0.02412029967554405,0.0,2.4673672259030486,1.0244240925737091,45.343790179309494,0.03079374211360797,0.03960459875306509,main,True,True,True,False
1.1085968954836305,45.93433228642891,0.1115116258349447,0.016961507846929666,0.6303215467235005,0.5611627867660474,0.1115116258349447,1.0,0.3417767334332172,0.4249111457820906,0.7335147105308361,2.4233524806854043,3.055359490130915e+20,8.343168314384153e+19,9.1395383965655e+18,1.9896965824113514e+17,-0.2808078106232641,1.1102230246251565e-15,0,0.9730195631046291,3.9810717055349857e+20,8192,logarithmic,p0,1.0,0.5,A1_balanced_q01_q99,R2,R2,1.0,1.0,2,65,0.7674716046643848,0.2095709128470214,0.02295748248859363,1.646189891754113e-16,2.453746014599824,1.0790863606108554,48.299362601324304,0.0303935339144199,0.039786890814998026,main,True,True,True,False
1.1662120856617673,49.04857310666111,0.1115116258349447,0.016961507846929666,0.6303215467235005,0.5611627867660474,0.1115116258349447,1.0,0.33593982856420096,0.4171807640141051,0.7205344553317911,2.410372225486359,3.4320623244871755e+20,9.371818187399646e+19,9.759177828247693e+18,1.9896965824113514e+17,-0.27695598786714715,2.886579864025407e-15,0,0.9743378846014237,4.466835921509617e+20,8192,logarithmic,p0,1.0,0.5,A1_balanced_q01_q99,R2,R2,1.0,1.0,2,65,0.7683430474713456,0.20980887482950877,0.02184807769914564,0.0,2.4403634275647823,1.136665353829128,51.447583417026905,0.029991202078423207,0.03996026222729229,main,True,True,True,False
1.2268979680947192,52.36788693734325,0.1115116258349447,0.016961507846929666,0.6303215467235005,0.5611627867660474,0.1115116258349447,1.0,0.3301956200287251,0.4096042978582278,0.707790141634927,2.3976279117894954,3.855003244610425e+20,1.0526728859949534e+20,1.041962056673359e+19,1.9896965824113514e+17,-0.2731032717943086,5.995204332975845e-15,0,0.9755939678804493,5.0118723362727146e+20,8192,logarithmic,p0,1.0,0.5,A1_balanced_q01_q99,R2,R2,1.0,1.0,2,65,0.7691742698053952,0.21003585394152657,0.020789876253078248,1.307615110738007e-16,2.427215284439794,1.1973167058326264,54.80100972138645,0.029587372650298427,0.04012513546602903,main,True,True,True,False
1.2908185501067038,55.90564175020592,0.1115116258349447,0.016961507846929666,0.6303215467235005,0.5611627867660474,0.1115116258349447,1.0,0.3245430657731664,0.40217789211020577,0.6952770840776721,2.3851148542322402,4.3298423656071365e+20,1.1823356219684554e+20,1.112352643278981e+19,1.9896965824113514e+17,-0.26925390643321406,6.661338147750939e-16,0,0.9767905493837179,5.6234132519034906e+20,8192,logarithmic,p0,1.0,0.5,A1_balanced_q01_q99,R2,R2,1.0,1.0,2,65,0.7699669527473393,0.2102523092302068,0.019780738022453826,1.1654131941631085e-16,2.4142974781006674,1.261204354682379,58.373017098595135,0.029182623868427182,0.040281914298812053,main,True,True,True,False
1.3581465844059988,59.67607723432839,0.1115116258349447,0.016961507846929666,0.6303215467235005,0.5611627867660474,0.1115116258349447,1.0,0.31898110924557227,0.3948978280772384,0.6829907140312951,2.372828484185863,4.862931627993101e+20,1.3279045298839827e+20,1.1873728692485904e+19,1.9896965824113514e+17,-0.2654118159847313,3.774758283725532e-15,0,0.9779302637184528,6.309573444801943e+20,8192,logarithmic,p0,1.0,0.5,A1_balanced_q01_q99,R2,R2,1.0,1.0,2,65,0.7707227232610093,0.2104586849651396,0.018818591773851076,2.0773512052226271e-16,2.401605973374192,1.3285009860140984,62.17785297235344,0.028777489188328786,0.04043098449489049,main,True,True,True,False
1.4290640358510507,63.694361642129735,0.1115116258349447,0.016961507846929666,0.6303215467235005,0.5611627867660474,0.1115116258349447,1.0,0.31350868121142134,0.38776051746256196,0.6709265754872884,2.3607643456418566,5.4613992905554965e+20,1.4913260996076877e+20,1.267324536782182e+19,1.9896965824113514e+17,-0.26158062299700124,4.440892098500626e-16,0,0.9790156457495179,7.079457843841402e+20,8192,logarithmic,p0,1.0,0.5,A1_balanced_q01_q99,R2,R2,1.0,1.0,2,65,0.7714431544085688,0.21065541069716653,0.01790143489426467,0.0,2.3891368057776567,1.399388499800186,66.23069343360424,0.028372460135800193,0.04057271451907523,main,True,True,True,False
1.5037625731299047,67.9766523380477,0.1115116258349447,0.016961507846929666,0.6303215467235005,0.5611627867660474,0.1115116258349447,1.0,0.30812470149312177,0.3807624965190043,0.6590803211281213,2.3489180912826892,6.133244737957174e+20,1.674784696444839e+20,1.352529128407781e+19,1.9896965824113514e+17,-0.25776366575276827,1.3322676295501878e-15,0,0.9800491328169965,7.943282347242789e+20,8192,logarithmic,p0,1.0,0.5,A1_balanced_q01_q99,R2,R2,1.0,1.0,2,65,0.7721297657367169,0.21084290136383949,0.017027332899443772,1.6500987157468562e-16,2.376886080280457,1.4740585020177208,70.54770377237779,0.027967988997767534,0.04070745620878173,main,True,True,True,False
1.5824440866812375,72.54016029138856,0.1115116258349447,0.016961507846929666,0.6303215467235005,0.5611627867660474,0.1115116258349447,1.0,0.30282808063240174,0.3739004204638076,0.6474477085741851,2.337285478728753,6.887444862001017e+20,1.8807316103170775e+20,1.4433290901934744e+19,1.9896965824113514e+17,-0.25396401488176773,4.440892098500626e-16,0,0.981033067058348,8.91250938133744e+20,8192,logarithmic,p0,1.0,0.5,A1_balanced_q01_q99,R2,R2,1.0,1.0,2,65,0.7727840238152394,0.21102155743648135,0.01619441874827944,1.470652028422672e-16,2.364849970087385,1.5527128225514146,75.14610295518902,0.027564491358631926,0.0408355454336604,main,True,True,True,False
1.6653212342561767,77.40321877056533,0.1115116258349447,0.016961507846929666,0.6303215467235005,0.5611627867660474,0.1115116258349447,1.0,0.2976177214752699,0.3671710581467618,0.6360245967990076,2.325862366953576,7.734073429103924e+20,2.111917651040645e+20,1.54008919855432e+19,1.9896965824113514e+17,-0.2501844892130136,2.220446049250313e-15,0,0.9819696978160394,1e+21,8192,logarithmic,p0,1.0,0.5,A1_balanced_q01_q99,R2,R2,1.0,1.0,2,65,0.7734073429103924,0.21119176510406448,0.0154008919855432,0.0,2.353024715443253,1.6355640607312818,80.04423230516092,0.027162348489677246,0.040957302737395875,main,True,True,True,False
1.7526180155945983,82.58535651273746,0.1115116258349447,0.016961507846929666,0.6303215467235005,0.5611627867660474,0.1115116258349447,1.0,0.2924925206797042,0.3605712869634431,0.6248069427050418,2.31464471285961,8.684435018911583e+20,2.3714297224974562e+20,1.6431980161061677e+19,1.9896965824113514e+17,-0.2464276708837497,2.220446049250313e-16,0,0.98286118411325,1.1220184543019653e+21,8192,logarithmic,p0,1.0,0.5,A1_balanced_q01_q99,R2,R2,1.0,1.0,2,65,0.7740010857766487,0.21135389648941022,0.014645017733941291,2.336360859261322e-16,2.3414066224584404,1.7228361599797568,85.26162865881686,0.026761909598830513,0.04107303396134311,main,True,True,True,False
1.844570377768611,88.10737566069297,0.1115116258349447,0.016961507846929666,0.6303215467235005,0.5611627867660474,0.1115116258349447,1.0,0.28745137014661515,0.35409808800525966,0.6137907978526073,2.3036285680071753,9.751215312398722e+20,2.6627318613056776e+20,1.7530694423731388e+19,1.9896965824113514e+17,-0.2426959197234806,8.881784197001252e-16,0,0.9837095971813324,1.2589254117941712e+21,8192,logarithmic,p0,1.0,0.5,A1_balanced_q01_q99,R2,R2,1.0,1.0,2,65,0.7745665645514036,0.21150830989350325,0.013925125555093315,2.082283807635614e-16,2.329992061955023,1.8147650131213384,90.81910229133734,0.02636349394784787,0.04118303084979615,main,True,True,True,False
1.9414268528288081,93.991434777848,0.1115116258349447,0.016961507846929666,0.6303215467235005,0.5611627867660474,0.1115116258349447,1.0,0.2824931583749959,0.347748541437891,0.6029723053348117,2.29281007548938,1.0948649724817298e+21,2.989711284856777e+20,1.870144365534236e+19,1.9896965824113514e+17,-0.23899138693286098,1.1102230246251565e-15,0,0.9845169230242211,1.4125375446227498e+21,8192,logarithmic,p0,1.0,0.5,A1_balanced_q01_q99,R2,R2,1.0,1.0,2,65,0.7751050417382982,0.21165535006400465,0.013239608197697149,1.8558373970159605e-16,2.3187774683331193,1.9115990999910122,96.73881992109287,0.02596739284373939,0.04128757163674449,main,True,True,True,False
2.043449229475922,100.26113727251382,0.1115116258349447,0.016961507846929666,0.6303215467235005,0.5611627867660474,0.1115116258349447,1.0,0.27761677174250116,0.3415198220996537,0.5923476967915375,2.282185466946106,1.2292712622353883e+21,3.3567300600774335e+20,1.994892421797961e+19,1.9896965824113514e+17,-0.23531602807833116,3.3306690738754696e-15,0,0.9852850650064435,1.584893192461111e+21,8192,logarithmic,p0,1.0,0.5,A1_balanced_q01_q99,R2,R2,1.0,1.0,2,65,0.7756177312658571,0.21179534848433004,0.01258692024981305,1.6540168211141605e-16,2.307759338457089,2.013600159064852,103.04439312453243,0.025573871510983004,0.041386921614075825,main,True,True,True,False
2.1509132605729966,106.94162558412563,0.1115116258349447,0.016961507846929666,0.6303215467235005,0.5611627867660474,0.1115116258349447,1.0,0.27282109571293606,0.33540919531137176,0.5819132895558544,2.2717510597104225,1.3801329634567696e+21,3.768683078879285e+20,2.1278138694224912e+19,1.9896965824113514e+17,-0.2316716154242734,1.3322676295501878e-15,0,0.986015846452326,1.7782794100389228e+21,8192,logarithmic,p0,1.0,0.5,A1_balanced_q01_q99,R2,R2,1.0,1.0,2,65,0.7761057996091635,0.2119286236799422,0.01196557671089448,0.0,2.296934230561253,2.1210438949281114,109.76097251407529,0.02518317085083055,0.04148133368124136,main,True,True,True,False
2.264109408409626,114.05968150716093,0.1115116258349447,0.016961507846929666,0.6303215467235005,0.5611627867660474,0.1115116258349447,1.0,0.26810501597239117,0.3294140128893198,0.5716654839264521,2.2615032540810205,1.549461588123411e+21,4.231063109968994e+20,2.269441584857253e+19,1.9896965824113514e+17,-0.2280597496251135,8.881784197001252e-16,0,0.9867110132455786,1.995262314968883e+21,8192,logarithmic,p0,1.0,0.5,A1_balanced_q01_q99,R2,R2,1.0,1.0,2,65,0.7765703669632911,0.212055481538776,0.011374151497932973,0.0,2.286298763174775,2.2342207234931597,116.91534805465677,0.024795509093754386,0.04157104887647649,main,True,True,True,False
2.38334362973234,121.6438330529127,0.1115116258349447,0.016961507846929666,0.6303215467235005,0.5611627867660474,0.1115116258349447,1.0,0.2634674194959262,0.3235317093529408,0.561600760559973,2.251438530714541,1.7395143276173024e+21,4.7500337906136475e+20,2.4203431889679737e+19,1.9896965824113514e+17,-0.22448187080026882,1.3322676295501878e-15,0,0.9873722364192318,2.238721138568347e+21,8192,logarithmic,p0,1.0,0.5,A1_balanced_q01_q99,R2,R2,1.0,1.0,2,65,0.7770125084581614,0.21217621564297529,0.010811275898863283,0.0,2.2758496140653843,2.3534365569815163,124.53605591904449,0.0244110833508433,0.041656296889723735,main,True,True,True,False
2.508938202662273,129.72446827539835,0.1115116258349447,0.016961507846929666,0.6303215467235005,0.5611627867660474,0.1115116258349447,1.0,0.2589071955468811,0.3177597983191092,0.5517156779773619,2.24155344813193,1.952824045657182e+21,5.332511527341211e+20,2.5811233118268985e+19,1.9896965824113514e+17,-0.22093926901512495,2.220446049250313e-16,0,0.9880011147272612,2.5118864315095717e+21,8192,logarithmic,p0,1.0,0.5,A1_balanced_q01_q99,R2,R2,1.0,1.0,2,65,0.7774332554054169,0.21229110760937248,0.010275636985210822,0.0,2.2655835192016003,2.479013630791777,132.65349230813433,0.024030071069670367,0.041737296557455,main,True,True,True,False
2.641232597734931,138.33395651544652,0.1115116258349447,0.016961507846929666,0.6303215467235005,0.5611627867660474,0.1115116258349447,1.0,0.254423236610997,0.3120958690748745,0.5420068701786035,2.2318446403331715,2.1922329319334625e+21,5.986257392799642e+20,2.7524260051022442e+19,1.9896965824113514e+17,-0.21743309419135504,2.886579864025407e-15,0,0.9885991771900716,2.818382931264449e+21,8192,logarithmic,p0,1.0,0.5,A1_balanced_q01_q99,R2,R2,1.0,1.0,2,65,0.7778335965687713,0.21240042743637916,0.009765975994849595,0.0,2.255497271733132,2.611291374488376,141.3000346902213,0.023652631399960544,0.04181425633964204,main,True,True,True,False
2.780584395415776,147.50677754659154,0.1115116258349447,0.016961507846929666,0.6303215467235005,0.5611627867660474,0.1115116258349447,1.0,0.2500144392676433,0.30653758332077663,0.5324710443604797,2.222308814515048,2.4609302631847114e+21,6.719980238669718e+20,2.9349373116696465e+19,1.9896965824113514e+17,-0.21396436546988823,6.661338147750939e-16,0,0.9891678856070365,3.1622776601683794e+21,8192,logarithmic,p0,1.0,0.5,A1_balanced_q01_q99,R2,R2,1.0,1.0,2,65,0.7782144794501302,0.21250443385518225,0.009281086694687564,1.6579442298943593e-16,2.245587720989153,2.7506273292654266,150.51017094280823,0.02327890647410502,0.041887374779154656,main,True,True,True,False
2.927370252571428,157.2796591379378,0.1115116258349447,0.016961507846929666,0.6303215467235005,0.5611627867660474,0.1115116258349447,1.0,0.2456797050004942,0.3010826720770022,0.5231049787321901,2.2129427488867583,2.762494772969839e+21,7.54345239338964e+20,3.1293880026957713e+19,1.9896965824113514e+17,-0.21053398004968651,1.5543122344752192e-15,0,0.9897086370301271,3.5481338923357606e+21,8192,logarithmic,p0,1.0,0.5,A1_balanced_q01_q99,R2,R2,1.0,1.0,2,65,0.7785768115845454,0.21260337468335316,0.008819813732101507,0.0,2.2358517714941115,2.8973981143656364,160.32063691206605,0.02290902260735317,0.041956840943914026,main,True,True,True,False
3.0819869205081782,167.69172358271757,0.1115116258349447,0.016961507846929666,0.6303215467235005,0.5611627867660474,0.1115116258349447,1.0,0.24141794095006752,0.2957289327448557,0.5139055204239472,2.2037432905785153,3.1009421925564505e+21,8.467639480474146e+20,3.336556493112022e+19,1.9896965824113514e+17,-0.20714272152525634,1.7763568394002505e-15,0,0.9902227661935443,3.9810717055349854e+21,8192,logarithmic,p0,1.0,0.5,A1_balanced_q01_q99,R2,R2,1.0,1.0,2,65,0.7789214618378091,0.2126974871791777,0.008381050983013248,0.0,2.2262863820007897,3.0520004450662683,170.77056293861526,0.022543091422274397,0.04202283485214163,main,True,True,True,False
3.2448523173293733,178.78464377702156,0.1115116258349447,0.016961507846929666,0.6303215467235005,0.5611627867660474,0.1115116258349447,1.0,0.23722806061054438,0.2904742263162365,0.5048695834838619,2.19470735363843,3.480778593976649e+21,9.504846080618904e+20,3.557271947107707e+19,1.9896965824113514e+17,-0.20379126774547196,1.5543122344752192e-15,0,0.9907115478949082,4.4668359215096167e+21,8192,logarithmic,p0,1.0,0.5,A1_balanced_q01_q99,R2,R2,1.0,1.0,2,65,0.7792492617011734,0.2127869983952004,0.007963739903626206,0.0,2.2168885645403,3.2148522049839543,181.90162993405895,0.022181210901869974,0.04208552788108739,main,True,True,True,False
3.4164066575095013,190.6028094713091,0.1115116258349447,0.016961507846929666,0.6303215467235005,0.5611627867660474,0.1115116258349447,1.0,0.23310898447331552,0.28531647472401817,0.4959941469586694,2.1858319171132377,3.907060243306773e+21,1.0668879171056359e+21,3.792417586030657e+19,1.9896965824113514e+17,-0.20048019821587182,2.220446049250313e-15,0,0.9911761993244563,5.011872336272714e+21,8192,logarithmic,p0,1.0,0.5,A1_balanced_q01_q99,R2,R2,1.0,1.0,2,65,0.779561006578316,0.2128721255296521,0.007566867892032231,2.0921841771808115e-16,2.207655383488723,3.386393575596533,193.7582356308181,0.021823466375485268,0.042145083159622634,main,True,True,True,False
3.597113641738322,203.19350435780512,0.1115116258349447,0.016961507846929666,0.6303215467235005,0.5611627867660474,0.1115116258349447,1.0,0.22905964061966866,0.2802536583264957,0.48727625305406264,2.177114023208631,4.3854607586284557e+21,1.1975231511561437e+21,4.0429342118891086e+19,1.9896965824113514e+17,-0.19721000106610187,1.3322676295501878e-15,0,0.9916178823389818,5.623413251903491e+21,8192,logarithmic,p0,1.0,0.5,A1_balanced_q01_q99,R2,R2,1.0,1.0,2,65,0.7798574570602657,0.2129530762745899,0.007189466665144341,0.0,2.1985839546500996,3.567088226035176,206.38767166834623,0.02146993144146858,0.042201655945112035,main,True,True,True,False
3.787461710250409,216.6070947002093,0.1115116258349447,0.016961507846929666,0.6303215467235005,0.5611627867660474,0.1115116258349447,1.0,0.2250789652650351,0.2752838135192574,0.4787130053705915,2.16855077552516,4.922346464073762e+21,1.3441287411230753e+21,4.309823960510584e+19,1.9896965824113514e+17,-0.19398107960362734,6.661338147750939e-16,0,0.9920377056782592,6.309573444801943e+21,8192,logarithmic,p0,1.0,0.5,A1_balanced_q01_q99,R2,R2,1.0,1.0,2,65,0.7801393401845526,0.21303004915972848,0.006830610655719008,0.0,2.1896714443554877,3.757424566362582,219.84031222209288,0.021120668830327816,0.04225539398499568,main,True,True,True,False
3.9879653630278393,230.89723025809042,0.1115116258349447,0.016961507846929666,0.6303215467235005,0.5611627867660474,0.1115116258349447,1.0,0.22116590325716096,0.270405030468123,0.4703015672113095,2.1601393373658775,5.524860940129969e+21,1.5086553607181569e+21,4.594154299327694e+19,1.9896965824113514e+17,-0.19079375847425376,1.9984014443252818e-15,0,0.9924367271218304,7.079457843841402e+21,8192,logarithmic,p0,1.0,0.5,A1_balanced_q01_q99,R2,R2,1.0,1.0,2,65,0.7804073506753323,0.2131032338910774,0.006489415433590389,1.4811529683903444e-16,2.180915068577796,3.957917067724841,234.1698149275645,0.020775731211918558,0.04230643786350155,main,True,True,True,False
4.199166550443801,246.12105830744653,0.1115116258349447,0.016961507846929666,0.6303215467235005,0.5611627867660474,0.1115116258349447,1.0,0.2173194085305425,0.26561545095700206,0.4620391599575237,2.151876930112092,6.201019892426746e+21,1.6932918319586636e+21,4.897062285737913e+19,1.9896965824113514e+17,-0.18764828944936018,2.220446049250313e-15,0,0.9928159555848257,7.943282347242789e+21,8192,logarithmic,p0,1.0,0.5,A1_balanced_q01_q99,R2,R2,1.0,1.0,2,65,0.7806621521617189,0.21317281168362673,0.006165036154654307,1.320078972597485e-16,2.1723120920621355,4.169107652945479,249.43333490088952,0.02043516195004358,0.04235492133394512,main,True,True,True,False
4.42163613810645,262.33945161108414,0.1115116258349447,0.016961507846929666,0.6303215467235005,0.5611627867660474,0.1115116258349447,1.0,0.21353844451939166,0.2609132663447984,0.4539230615091974,2.1437608316637657,6.959817598167588e+21,1.9004941921396295e+21,5.2197591030224224e+19,1.9896965824113514e+17,-0.1845448568590985,4.440892098500626e-16,0,0.9931763531515774,8.912509381337441e+21,8192,logarithmic,p0,1.0,0.5,A1_balanced_q01_q99,R2,R2,1.0,1.0,2,65,0.7809043783719614,0.2132389555874369,0.005856666040601831,0.0,2.1638598274713923,4.391567161320058,265.6917527095678,0.02009899580762653,0.042400971637049666,main,True,True,True,False
4.655975449861297,279.6172512481638,0.1115116258349447,0.016961507846929666,0.6303215467235005,0.5611627867660474,0.1115116258349447,1.0,0.2098219845313709,0.25629671562570616,0.44595060478673787,2.1357883749413062,7.811346343014894e+21,2.1330183080659337e+21,5.563534891917278e+19,1.9896965824113514e+17,-0.18148358269013407,1.9984014443252818e-15,0,0.9935188370465378,1e+22,8192,logarithmic,p0,1.0,0.5,A1_balanced_q01_q99,R2,R2,1.0,1.0,2,65,0.7811346343014894,0.21330183080659337,0.005563534891917277,2.097152e-16,2.1555556345467837,4.625896891570875,283.00991720265023,0.019767259605477427,0.04244470980574188,main,True,True,True,False
4.902817893123261,298.02352527150373,0.1115116258349447,0.016961507846929666,0.6303215467235005,0.5611627867660474,0.1115116258349447,1.0,0.2061690120842417,0.25176408358749747,0.43811917629105357,2.1279569464456216,8.766930433636805e+21,2.393956470411757e+21,5.9297638971089396e+19,1.9896965824113514e+17,-0.1784645313658092,2.886579864025407e-15,0,0.9938442815420732,1.1220184543019653e+22,8192,logarithmic,p0,1.0,0.5,A1_balanced_q01_q99,R2,R2,1.0,1.0,2,65,0.7813534973532075,0.21336159501058252,0.005284907636209949,1.8690886874090576e-16,2.147396919283108,4.872730227132096,301.45690416896105,0.01943997283748633,0.042486250956867956,main,True,True,True,False
5.162830670931407,317.6318442243318,0.1115116258349447,0.016961507846929666,0.6303215467235005,0.5611627867660474,0.1115116258349447,1.0,0.20257852120752082,0.247313699062644,0.4304262147189508,2.120263984873519,9.839276564555323e+21,2.6867784538945733e+21,6.3199099491816776e+19,1.9896965824113514e+17,-0.17548771422591958,6.661338147750939e-16,0,0.9941535198030524,1.2589254117941714e+22,8192,logarithmic,p0,1.0,0.5,A1_balanced_q01_q99,R2,R2,1.0,1.0,2,65,0.7815615184487197,0.21341839863773038,0.005020082913549889,1.665827046108491e-16,2.1393811331184494,5.132734348158791,321.106291855002,0.01911714824493016,0.0425257045702758,main,False,True,True,False
5.436716585353085,338.52057461550504,0.1115116258349447,0.016961507846929666,0.6303215467235005,0.5611627867660474,0.1115116258349447,1.0,0.19904951671117194,0.24294393326732874,0.42286920963107916,2.1127069797856475,1.1042642534972237e+22,3.015377588216419e+21,6.735532303883973e+19,1.9896965824113514e+17,-0.17255309372258773,2.886579864025407e-15,0,0.9944473456686347,1.4125375446227496e+22,8192,logarithmic,p0,1.0,0.5,A1_balanced_q01_q99,R2,R2,1.0,1.0,2,65,0.7817592231094591,0.21347238519042297,0.004768391700117855,0.0,2.131505772138076,5.406612034886782,342.03645444152187,0.01879879235242843,0.042563174755708255,main,False,True,True,False
5.7252159371130595,360.7731915237313,0.1115116258349447,0.016961507846929666,0.6303215467235005,0.5611627867660474,0.1115116258349447,1.0,0.1955810144232627,0.2386531982236606,0.4154457001697881,2.1052834703243564,1.2393026554768851e+22,3.384122451222215e+21,7.178291862004041e+19,1.9896965824113514e+17,-0.16966058734802086,3.552713678800501e-15,0,0.994726515371507,1.584893192461111e+22,8192,logarithmic,p0,1.0,0.5,A1_balanced_q01_q99,R2,R2,1.0,1.0,2,65,0.7819471125069485,0.21352369152189746,0.004529195971153859,2.646426913782657e-16,2.1237683762922828,5.695103567218249,364.33087464930406,0.0184849059679264,0.042598760507941646,main,False,True,True,False
6.029108526580604,384.47861157773536,0.1115116258349447,0.016961507846929666,0.6303215467235005,0.5611627867660474,0.1115116258349447,1.0,0.1921720413984774,0.23443994526060108,0.4081532738244063,2.0979910439789746,1.390837965210718e+22,3.7979148703354003e+21,7.649957794664815e+19,1.9896965824113514e+17,-0.16681007130925105,4.440892098500626e-16,0,0.9949917491954641,1.7782794100389228e+22,8192,logarithmic,p0,1.0,0.5,A1_balanced_q01_q99,R2,R2,1.0,1.0,2,65,0.7821256644816438,0.2135724481144542,0.004301887403902052,0.0,2.116166528627942,5.998988725667124,388.07847672102764,0.018175484648967455,0.042632555950603425,main,False,True,True,False
6.349215761524502,409.7315476404947,0.1115116258349447,0.016961507846929666,0.6303215467235005,0.5611627867660474,0.1115116258349447,1.0,0.18882163609926075,0.2303026635893494,0.4009895652415735,2.0908273353961415,1.5608844001637139e+22,4.262255002047048e+21,8.152414600464061e+19,1.9896965824113514e+17,-0.16400138396426567,6.661338147750939e-16,0,0.9952437330719885,1.995262314968883e+22,8192,logarithmic,p0,1.0,0.5,A1_balanced_q01_q99,R2,R2,1.0,1.0,2,65,0.7822953345300148,0.213618779348996,0.004085886120989161,0.0,2.108697854533509,6.319088899073222,413.373981107372,0.01787051913736759,0.04266465056909124,main,False,True,True,False
6.6864028773320054,436.6328866122982,0.1115116258349447,0.016961507846929666,0.6303215467235005,0.5611627867660474,0.1115116258349447,1.0,0.18552884855132395,0.2262398789491295,0.39395225507839915,2.0837900252329673,1.7517020336293499e+22,4.783314353163878e+21,8.687669622608929e+19,1.9896965824113514e+17,-0.16123432903327214,1.3322676295501878e-15,0,0.995483120116956,2.238721138568347e+22,8192,logarithmic,p0,1.0,0.5,A1_balanced_q01_q99,R2,R2,1.0,1.0,2,65,0.7824565567597026,0.21366280376584945,0.003880639474447746,1.873526777293147e-16,2.1013600209972614,6.65626930478189,440.3182822720502,0.017569995764294077,0.042695129433013825,main,False,True,True,False
7.041581275692943,465.2900918595734,0.1115116258349447,0.016961507846929666,0.6303215467235005,0.5611627867660474,0.1115116258349447,1.0,0.18229274047515223,0.22225015231953138,0.38703906889633616,2.0768768390509043,1.9658267991622927e+22,5.368017712912501e+21,9.257861056028569e+19,1.9896965824113514e+17,-0.15850867859818038,4.440892098500626e-16,0,0.9957105321085864,2.511886431509572e+22,8192,logarithmic,p0,1.0,0.5,A1_balanced_q01_q99,R2,R2,1.0,1.0,2,65,0.782609744812741,0.21370463431686584,0.003685620870392958,1.6697824978812212e-16,2.0941507358785256,7.011441327289942,469.0188511227319,0.01727389682762137,0.04272407340855566,main,False,True,True,False
7.415710988070929,495.8176318746233,0.1115116258349447,0.016961507846929666,0.6303215467235005,0.5611627867660474,0.1115116258349447,1.0,0.17911238539507462,0.21833207869575763,0.3802477760937704,2.0700855462483387,2.2061041564631704e+22,6.024135083248764e+21,9.865266476402275e+19,1.9896965824113514e+17,-0.15582417590274653,1.9984014443252818e-15,0,0.9959265609077868,2.8183829312644493e+22,8192,logarithmic,p0,1.0,0.5,A1_balanced_q01_q99,R2,R2,1.0,1.0,2,65,0.7827552927569768,0.21374437860883846,0.0035003286341846697,1.488195217715945e-16,2.0870677471916754,7.38556498168017,499.59016367295385,0.01698220094333669,0.042751559361166896,main,False,True,True,False
7.809803270619147,528.3374368760752,0.1115116258349447,0.016961507846929666,0.6303215467235005,0.5611627867660474,0.1115116258349447,1.0,0.1759868687273976,0.2144842859233106,0.37357618887544936,2.0634139590300173,2.475726865503186e+22,6.760384827400699e+21,1.0512311925123e+20,1.9896965824113514e+17,-0.1531805379652029,0.0,0,0.9961317698223344,3.1622776601683792e+22,8192,logarithmic,p0,1.0,0.5,A1_balanced_q01_q99,R2,R2,1.0,1.0,2,65,0.7828935759459411,0.21378213913830496,0.003324284915753811,1.3263553839154874e-16,2.080108842402675,7.7796515085013995,532.1541576448429,0.016694883372657454,0.04277766034896832,main,False,True,True,False
8.224923337555436,562.9793851712955,0.1115116258349447,0.016961507846929666,0.6303215467235005,0.5611627867660474,0.1115116258349447,1.0,0.17291528784901494,0.21070543358883603,0.3670221612569579,2.056859931411526,2.7782773701947997e+22,7.586549405545265e+21,1.1201581586433704e+20,1.9896965824113514e+17,-0.1505774580145904,8.881784197001252e-16,0,0.9963266949162266,3.5481338923357603e+22,8192,logarithmic,p0,1.0,0.5,A1_balanced_q01_q99,R2,R2,1.0,1.0,2,65,0.7830249518475305,0.2138180135178323,0.0031570346346370902,1.1821154802134204e-16,2.073271847737939,8.194766107109611,566.8407188338374,0.016411916326413145,0.04280244580724413,main,False,True,True,False
8.662193240384518,599.8818212206711,0.1115116258349447,0.016961507846929666,0.6303215467235005,0.5611627867660474,0.1115116258349447,1.0,0.16989675214784314,0.2069942119640216,0.3605835881025657,2.050421358257134,3.1177753540843503e+22,8.513605233552999e+21,1.1935828095334665e+20,1.9896965824113514e+17,-0.14801460776143296,1.9984014443252818e-15,0,0.9965118462656712,3.981071705534985e+22,8192,logarithmic,p0,1.0,0.5,A1_balanced_q01_q99,R2,R2,1.0,1.0,2,65,0.7831497608419431,0.21385209469390662,0.0029981444641501887,0.0,2.0665546275053086,8.632030814856941,603.7881991753625,0.01613326924817482,0.042825981724395876,main,False,True,True,False
9.122794900749746,639.1921074701643,0.1115116258349447,0.016961507846929666,0.6303215467235005,0.5611627867660474,0.1115116258349447,1.0,0.16693038305636138,0.2033493409996077,0.35425840419485416,2.044096174349422,3.498731099176979e+22,9.553868388152604e+21,1.2717983517376951e+20,1.9896965824113514e+17,-0.14549163951282842,3.1086244689504383e-15,0,0.9966877091632043,4.466835921509617e+22,8192,logarithmic,p0,1.0,0.5,A1_balanced_q01_q99,R2,R2,1.0,1.0,2,65,0.783268326989397,0.21388447115657133,0.0028472018540315596,0.0,2.059955083426916,9.092627539911627,643.1439685798109,0.015858909077493877,0.04284833080970751,main,False,False,True,False
9.607973305111738,681.0672121532589,0.1115116258349447,0.016961507846929666,0.6303215467235005,0.5611627867660474,0.1115116258349447,1.0,0.1640153140694685,0.19976956936672566,0.34804458333461824,2.0378823534891866,3.92620535601323e+22,1.072115809215346e+22,1.355117104413766e+20,1.9896965824113514e+17,-0.14300818814148966,6.661338147750939e-16,0,0.9968547452715328,5.011872336272714e+22,8192,logarithmic,p0,1.0,0.5,A1_balanced_q01_q99,R2,R2,1.0,1.0,2,65,0.7833809587682184,0.21391522714097486,0.0027038140908065404,1.673747341744649e-16,2.05347115398374,9.577801255906447,685.0650027369189,0.015588800494553468,0.04286955265327608,main,False,False,True,False
10.119039869889406,725.6743354067321,0.1115116258349447,0.016961507846929666,0.6303215467235005,0.5611627867660474,0.1115116258349447,1.0,0.16115069074779914,0.19625367354294632,0.34194013746963287,2.031777907624201,4.405876519521732e+22,1.2030980149307343e+22,1.4438717451024035e+20,1.9896965824113514e+17,-0.14056387291775468,2.6645352591003757e-15,0,0.9970133937285377,5.623413251903491e+22,8192,logarithmic,p0,1.0,0.5,A1_balanced_q01_q99,R2,R2,1.0,1.0,2,65,0.7834879497839449,0.21394444282100253,0.002567607395052572,0.0,2.047100813771644,10.08886336704987,729.7185092340566,0.015322906147443138,0.042889703878430656,main,False,False,True,False
10.657375986158437,773.1915761977677,0.1115116258349447,0.016961507846929666,0.6303215467235005,0.5611627867660474,0.1115116258349447,1.0,0.1583356707075858,0.1928004569405419,0.3359431158509341,2.0257808860055024,4.944116002122049e+22,1.3500732763127941e+22,1.5384166367099444e+20,1.9896965824113514e+17,-0.13815829921308007,1.3322676295501878e-15,0,0.9971640722051571,6.309573444801943e+22,8192,logarithmic,p0,1.0,0.5,A1_balanced_q01_q99,R2,R2,1.0,1.0,2,65,0.7835895794501279,0.21397219449518157,0.0024382260546905086,1.3295047713424815e-16,2.0408420728686947,10.627195252796863,777.2825944857997,0.015061186863192244,0.042908838286973824,main,False,False,True,False
11.224436753488728,823.8086427224538,0.1115116258349447,0.016961507846929666,0.6303215467235005,0.5611627867660474,0.1115116258349447,1.0,0.15556942359808704,0.18940874907462665,0.33005160421535723,2.0198893743699253,5.548072804329345e+22,1.5149937471021998e+22,1.6391292409858002e+20,1.9896965824113514e+17,-0.13579106008306344,3.885780586188048e-14,0,0.9973071779176115,7.079457843841402e+22,8192,logarithmic,p0,1.0,0.5,A1_balanced_q01_q99,R2,R2,1.0,1.0,2,65,0.7836861136415626,0.21399855476505605,0.0023153315933814337,1.1849223747122755e-16,2.034692976213562,11.194252001659553,827.9469741349153,0.014803601843636827,0.042927006997552745,main,False,False,True,False
11.821754913014829,877.727609109097,0.1115116258349447,0.016961507846929666,0.6303215467235005,0.5611627867660474,0.1115116258349447,1.0,0.15285113106753664,0.186077404768969,0.3242637239931349,2.014101494147703,6.225768405164536e+22,1.7000498258369292e+22,1.746411624132457e+20,1.9896965824113514e+17,-0.13346173773758188,9.969802761133906e-14,0,0.9974430885954098,7.94328234724279e+22,8192,logarithmic,p0,1.0,0.5,A1_balanced_q01_q99,R2,R2,1.0,1.0,2,65,0.7837778053206905,0.21402359270623653,0.002198601973073081,2.112126356155976e-16,2.028651602994815,11.791566344250558,881.9137297582711,0.014550108847112053,0.04294425857746006,main,False,False,True,False
12.450944990367523,935.1637214448152,0.1115116258349447,0.016961507846929666,0.6303215467235005,0.5611627867660474,0.1115116258349447,1.0,0.15017998671853758,0.18280530339737056,0.31857763153942414,2.008415401693992,6.986203231618063e+22,1.907699229113839e+22,1.8606920605538297e+20,1.9896965824113514e+17,-0.13116990490519959,1.567634910770721e-13,0,0.9975721634069794,8.91250938133744e+22,8192,logarithmic,p0,1.0,0.5,A1_balanced_q01_q99,R2,R2,1.0,1.0,2,65,0.7838648951379494,0.21404737403233604,0.002087730829714547,0.0,2.0227160660509065,12.420752796189532,939.3981148959523,0.01430066435691435,0.04296063916815879,main,False,False,True,False
13.11370765967201,996.346256339712,0.1115116258349447,0.016961507846929666,0.6303215467235005,0.5611627867660474,0.1115116258349447,1.0,0.14755519605372364,0.1795913481586803,0.31299151738870173,2.00282928754327,7.839476120068567e+22,2.140699612520057e+22,1.9824267411374693e+20,1.9896965824113514e+17,-0.12891512609858843,1.8496315590255108e-13,0,0.9976947438438115,1e+23,8192,logarithmic,p0,1.0,0.5,A1_balanced_q01_q99,R2,R2,1.0,1.0,2,65,0.7839476120068568,0.21406996125200572,0.0019824267411374693,1.6777216000000002e-16,2.0168845112806806,13.083512022070963,1000.6294136184421,0.01405522373741075,0.04297619260480832,main,False,False,True,False
13.811834340364861,1061.5194354565808,0.1115116258349447,0.016961507846929666,0.6303215467235005,0.5611627867660474,0.1115116258349447,1.0,0.1449759764126588,0.17643446538341334,0.30750360553101436,1.9973413756855825,8.796918354962355e+22,2.4021451721283866e+22,2.112101592891186e+20,1.9896965824113514e+17,-0.12669695878730536,1.5365486660812167e-13,0,0.997811154568014,1.1220184543019653e+23,8192,logarithmic,p0,1.0,0.5,A1_balanced_q01_q99,R2,R2,1.0,1.0,2,65,0.7840261736546151,0.21409141381928687,0.0018824125260980447,0.0,2.011155117064199,13.781635432289619,1065.8518550564509,0.013813741378616351,0.04299096053006239,main,False,False,True,False
14.547212039370237,1130.9433996450387,0.1115116258349447,0.016961507846929666,0.6303215467235005,0.5611627867660474,0.1115116258349447,1.0,0.14244155690027965,0.1733336038706801,0.3021121527091361,1.9919499228637043,9.871244063497566e+22,2.6955077122724022e+22,2.2502342171744086e+20,1.9896965824113514e+17,-0.12451495448390808,1.2656542480726785e-13,0,0.9979217042158015,1.2589254117941714e+23,8192,logarithmic,p0,1.0,0.5,A1_balanced_q01_q99,R2,R2,1.0,1.0,2,65,0.7841007871490538,0.21411178827750166,0.0017874245734443176,1.3326616368867927e-16,2.0055260936937156,14.517010025147393,1135.325587541114,0.01357617083001128,0.04300498250239431,main,False,False,True,False
15.321828451567171,1204.8952465773873,0.1115116258349447,0.016961507846929666,0.6303215467235005,0.5611627867660474,0.1115116258349447,1.0,0.13995117830820722,0.17028773425315757,0.2968154477357326,1.9866532178903007,1.1076718962100473e+23,3.0246827245842358e+22,2.39737595427871e+20,1.9896965824113514e+17,-0.12236865974902172,1.0103029524088925e-13,0,0.9980266861706286,1.4125375446227497e+23,8192,logarithmic,p0,1.0,0.5,A1_balanced_q01_q99,R2,R2,1.0,1.0,2,65,0.7841716494026899,0.21413113839689452,0.001697212200415518,1.1877359340902148e-16,1.9999956828146221,15.291623487330702,1209.327716239986,0.013342464924321451,0.043018296099204455,main,False,False,True,False
16.137777332450867,1283.6701360162388,0.1115116258349447,0.016961507846929666,0.6303215467235005,0.5611627867660474,0.1115116258349447,1.0,0.1375040930291252,0.1672958483890156,0.29161181082968063,1.9814495809842487,1.2429349694008188e+23,3.394041089777169e+22,2.5541140825750248e+20,1.9896965824113514e+17,-0.12025761712064519,7.949196856316121e-14,0,0.9981263792982,1.584893192461111e+23,8192,logarithmic,p0,1.0,0.5,A1_balanced_q01_q99,R2,R2,1.0,1.0,2,65,0.7842389476547121,0.21414951530624673,0.0016115370390410054,2.1171415310261256e-16,1.9945621568761833,16.107569566544413,1288.153408427668,0.013112575891934597,0.04303093701494199,main,False,False,True,False
16.997264157464024,1367.582467125736,0.1115116258349447,0.016961507846929666,0.6303215467235005,0.5611627867660474,0.1115116258349447,1.0,0.13509956496503334,0.16435695877915496,0.2864995929707441,1.9763373631253123,1.3947096270511497e+23,3.808487088267672e+22,2.7210741610057613e+20,1.9896965824113514e+17,-0.11818136597266334,6.838973831690964e-14,0,0.9982210486483694,1.7782794100389228e+23,8192,logarithmic,p0,1.0,0.5,A1_balanced_q01_q99,R2,R2,1.0,1.0,2,65,0.7843028599316811,0.21416696761867768,0.001530172449641197,0.0,1.9892238185918996,16.967053730823842,1372.117070799466,0.012886455466587288,0.043042939154477114,main,False,False,True,False
17.902612083302635,1456.9671325218685,0.1115116258349447,0.016961507846929666,0.6303215467235005,0.5611627867660474,0.1115116258349447,1.0,0.13273686942992743,0.1614700980084046,0.28147717527184096,1.9713149454264092,1.5650110434996476e+23,4.273523489449705e+22,2.8989225242644283e+20,1.9896965824113514e+17,-0.11613944330722646,5.46229728115577e-14,0,0.9983109461247701,1.9952623149688827e+23,8192,logarithmic,p0,1.0,0.5,A1_balanced_q01_q99,R2,R2,1.0,1.0,2,65,0.7843635554877179,0.21418354155184616,0.0014529029604358756,1.6817052950014394e-16,1.9839790004093185,17.87239912982259,1461.553603524088,0.012664054982909345,0.04305433472193336,main,False,False,True,False
18.856268227309656,1552.1808540636796,0.1115116258349447,0.016961507846929666,0.6303215467235005,0.5611627867660474,0.1115116258349447,1.0,0.13041529304745023,0.15863431820938728,0.27654296836818515,1.9663807385227532,1.7561003112911595e+23,4.795324583365726e+22,3.088368940614836e+20,1.9896965824113514e+17,-0.11413138448537831,4.3076653355456074e-14,0,0.9983963111234142,2.238721138568347e+23,8192,logarithmic,p0,1.0,0.5,A1_balanced_q01_q99,R2,R2,1.0,1.0,2,65,0.784421195224957,0.2141992810427616,0.0013795237322812948,0.0,1.9788260639891369,18.826052874188143,1556.8197360372747,0.012445325466383661,0.04306515430520511,main,False,False,True,False
19.860810281929314,1653.6036057134033,0.1115116258349447,0.016961507846929666,0.6303215467235005,0.5611627867660474,0.1115116258349447,1.0,0.12813413364402293,0.15584869054783315,0.27169541182262574,1.961533181977194,1.9705144496752892e+23,5.3808181239133225e+22,3.290169442951046e+20,1.9896965824113514e+17,-0.11215672390004292,3.774758283725532e-14,0,0.9984773711415995,2.5118864315095718e+23,8192,logarithmic,p0,1.0,0.5,A1_balanced_q01_q99,R2,R2,1.0,1.0,2,65,0.7844759320950138,0.21421422785741173,0.0013098400475748215,2.671651996609954e-16,1.9737633996934296,19.830592650000053,1658.2954499042482,0.01223021771623567,0.0430754269563458,main,False,False,True,False
20.91895348210021,1761.6401291409231,0.1115116258349447,0.016961507846929666,0.6303215467235005,0.5611627867660474,0.1115116258349447,1.0,0.12589270013793377,0.1531123047281887,0.2669329735465344,1.9567707437011026,2.211100074821999e+23,6.0377772709806044e+22,3.505129344390386e+20,1.9896965824113514e+17,-0.11021499559522423,2.7977620220553945e-14,0,0.9985543423583936,2.818382931264449e+23,8192,logarithmic,p0,1.0,0.5,A1_balanced_q01_q99,R2,R2,1.0,1.0,2,65,0.784527911482207,0.21422842169540798,0.0012436668223852153,2.381112348345512e-16,1.9687894260828391,20.88873368614693,1766.3854944265088,0.012018682381736534,0.043085180268035574,main,False,False,True,False
22.03355794442021,1876.721548117508,0.1115116258349447,0.016961507846929666,0.6303215467235005,0.5611627867660474,0.1115116258349447,1.0,0.12369031242482598,0.15042426851844914,0.2622541492356403,1.9520919193902084,2.4810511785593468e+23,6.774923751586057e+22,3.7341064504271464e+20,1.9896965824113514e+17,-0.10830573383503721,2.220446049250313e-14,0,0.9986274301878493,3.162277660168379e+23,8192,logarithmic,p0,1.0,0.5,A1_balanced_q01_q99,R2,R2,1.0,1.0,2,65,0.7845772715692652,0.21424190028984733,0.0011808281408876408,0.0,1.9639025894225797,22.00333609347629,1881.5210010378582,0.01181067003237124,0.04309444044630019,main,False,False,True,False
23.207636397920677,1999.3070881383169,0.1115116258349447,0.016961507846929666,0.6303215467235005,0.5611627867660474,0.1115116258349447,1.0,0.12152630125999883,0.1477837072931896,0.25765746182022703,1.9474952319747951,2.7839515169579762e+23,7.602043608973246e+22,3.9780144804596e+20,1.9896965824113514e+17,-0.10642847362595699,1.7763568394002505e-14,0,0.9986968298061605,3.5481338923357603e+23,8192,logarithmic,p0,1.0,0.5,A1_balanced_q01_q99,R2,R2,1.0,1.0,2,65,0.7846241436862131,0.2142546995025819,0.0011211568112050152,0.0,1.959101363197091,23.17741259555393,2004.1612029292016,0.011606131222295923,0.04310323237966709,main,False,False,True,False
24.444362327346102,2129.885908132415,0.1115116258349447,0.016961507846929666,0.6303215467235005,0.5611627867660474,0.1115116258349447,1.0,0.11940000813790681,0.14518976359384506,0.25314146092915163,1.9429792310837197,3.1238221712578405e+23,8.530117075648077e+22,4.237826712337163e+20,1.9896965824113514e+17,-0.10458275119546467,1.7319479184152442e-14,0,0.9987627266538692,3.9810717055349855e+23,8192,logarithmic,p0,1.0,0.5,A1_balanced_q01_q99,R2,R2,1.0,1.0,2,65,0.784668652643134,0.21426685341508514,0.0010644939417808537,0.0,1.9543842476331967,24.414136671930077,2134.795266760779,0.01140501654947701,0.043111579704924866,main,False,False,True,False
25.747078550948896,2268.979051566489,0.1115116258349447,0.016961507846929666,0.6303215467235005,0.5611627867660474,0.1115116258349447,1.0,0.11731078516921795,0.142641596705335,0.2487047223671655,1.9385424925217336,3.505174912268395e+23,9.571464293767563e+22,4.5145798644647926e+20,1.9896965824113514e+17,-0.10276810443006448,1.4210854715202004e-14,0,0.9988252969142559,4.466835921509616e+23,8192,logarithmic,p0,1.0,0.5,A1_balanced_q01_q99,R2,R2,1.0,1.0,2,65,0.7847109170474708,0.214278394415096,0.0010106885374332355,0.0,1.9497497692316152,25.716851135920958,2273.944243768095,0.011207276709881642,0.043119504869644,main,False,False,True,False
27.119306255986697,2417.1415247244354,0.1115116258349447,0.016961507846929666,0.6303215467235005,0.5611627867660474,0.1115116258349447,1.0,0.11525799495576074,0.14013838224818814,0.24434584760504502,1.9341836177596132,3.933072076383877e+23,1.0739908816578904e+23,4.809378230948772e+20,1.9896965824113514e+17,-0.10098407327545851,1.3766765505351941e-14,0,0.9988847079689123,5.011872336272715e+23,8192,logarithmic,p0,1.0,0.5,A1_balanced_q01_q99,R2,R2,1.0,1.0,2,65,0.7847510496065164,0.21428935327921939,0.0009595971142643797,2.6779957467914385e-16,1.9451964803066784,27.089077170093457,2422.1631480436954,0.011012862547065128,0.04312702919162272,main,False,False,True,False
28.564754516342635,2574.9645104522306,0.1115116258349447,0.016961507846929666,0.6303215467235005,0.5611627867660474,0.1115116258349447,1.0,0.11324101046367362,0.13767931178537282,0.2400634632820716,1.9299012334366397,4.413193747761742e+23,1.2050961060554729e+23,5.123398086277322e+20,1.9896965824113514e+17,-0.0992302001014898,9.769962616701378e-15,0,0.998941118831548,5.623413251903491e+23,8192,logarithmic,p0,1.0,0.5,A1_balanced_q01_q99,R2,R2,1.0,1.0,2,65,0.7847891574157213,0.21429975925165295,0.0009110833326259782,2.3867662216460463e-16,1.9407229585341144,28.53452384387337,2580.0431702841997,0.0108217250974747,0.0431341729153945,main,False,False,True,False
30.08733031799618,2743.0777261981093,0.1115116258349447,0.016961507846929666,0.6303215467235005,0.5611627867660474,0.1115116258349447,1.0,0.11125921489504137,0.13526359244307934,0.23585622072041262,1.9256939908749808,4.951913138163624e+23,1.3522024142612135e+23,5.457892377105079e+20,1.9896965824113514e+17,-0.09750603003429267,6.661338147750939e-15,0,0.9989946805610064,6.309573444801942e+23,8192,logarithmic,p0,1.0,0.5,A1_balanced_q01_q99,R2,R2,1.0,1.0,2,65,0.7848253422334265,0.21430964011920764,0.0008650176473659231,0.0,1.936327806506752,30.057098139004857,2748.2140358326037,0.010633815631771126,0.04314095526594699,main,False,False,True,False
31.691149119442436,2922.151935753181,0.1115116258349447,0.016961507846929666,0.6303215467235005,0.5611627867660474,0.1115116258349447,1.0,0.10931200155828609,0.13289044654475415,0.23172279545098912,1.9215605656055572,5.556381164737286e+23,1.5172624833842614e+23,5.814195719854819e+20,1.9896965824113514e+17,-0.09581111125793697,4.884981308350689e-15,0,0.9990455366543789,7.079457843841402e+23,8192,logarithmic,p0,1.0,0.5,A1_balanced_q01_q99,R2,R2,1.0,1.0,2,65,0.78485970074261,0.21431902228278202,0.0008212769746079828,0.0,1.9320096512980076,31.660915509958553,2927.3465164210215,0.0104490856924504,0.04314739449978218,main,False,False,True,False
33.38054597560149,3112.9016247112404,0.1115116258349447,0.016961507846929666,0.6303215467235005,0.5611627867660474,0.1115116258349447,1.0,0.10739877373756361,0.13055911125771688,0.2276618867504305,1.9174996569049987,6.234621348071888e+23,1.7024672694468303e+23,6.193729724070699e+20,1.9896965824113514e+17,-0.09414499528770212,3.9968028886505635e-15,0,0.999093823421259,7.94328234724279e+23,8192,logarithmic,p0,1.0,0.5,A1_balanced_q01_q99,R2,R2,1.0,1.0,2,65,0.7848923248002133,0.2143279308254449,0.0007797443743417503,0.0,1.9277671440330213,33.35031100783161,3118.1551056324765,0.010267487128022612,0.04315350795344762,main,False,False,True,False
35.160087255291785,3316.087850318749,0.1115116258349447,0.016961507846929666,0.6303215467235005,0.5611627867660474,0.1115116258349447,1.0,0.10551894456138547,0.1282688382517431,0.22367221718873634,1.9135099873433046,6.99563628980521e+23,1.9102750828694762e+23,6.59800866275502e+20,1.9896965824113514e+17,-0.09250723721697918,1.7763568394002505e-15,0,0.9991396703397921,8.912509381337441e+23,8192,logarithmic,p0,1.0,0.5,A1_balanced_q01_q99,R2,R2,1.0,1.0,2,65,0.7849233016745977,0.21433638957727683,0.0007403087481255365,1.505947677104816e-16,1.923598959467303,35.129850997810124,3321.4008687530218,0.010088972123998508,0.04315931208966027,main,False,False,True,False
37.03458298393233,3532.521277082253,0.1115116258349447,0.016961507846929666,0.6303215467235005,0.5611627867660474,0.1115116258349447,1.0,0.10367193687068721,0.12601889336902092,0.21975253218728985,1.909590302341858,7.849527142716559e+23,2.143444211771135e+23,7.028645512305941e+20,1.9896965824113514e+17,-0.0908973959396699,4.440892098500626e-15,0,0.9991832003955161,1e+24,8192,logarithmic,p0,1.0,0.5,A1_balanced_q01_q99,R2,R2,1.0,1.0,2,65,0.7849527142716559,0.2143444211771135,0.0007028645512305941,0.0,1.919503795572764,37.004345501861586,3537.8944783812203,0.009913493230906179,0.04316482254114278,main,False,False,True,False
0.1762343810796341,4.234641447216141,0.1115116258349447,0.016961507846929666,0.6303215467235005,0.5611627867660474,0.1115116258349447,1.0,0.638679653077942,0.828088215620088,1.403303531712446,3.093141301867014,4.477736487265816e+18,4.890882307157542e+18,6.31381205576641e+17,1.4909909456247158e+17,-0.42147017867565284,8.987255384340642e-14,0,0.924235090918881,1e+19,32768,exponential,p0,1.0,0.5,A1_balanced_q01_q99,R2,R2,1.0,1.0,2,65,0.4477736487265816,0.4890882307157542,0.0631381205576641,2.048e-16,3.141230674781208,0.1633752840688838,4.875794103678945,0.048089372914193795,0.033133256171294735,main,True,False,True,False
0.1849935345241765,4.539949220893695,0.1115116258349447,0.016961507846929666,0.6303215467235005,0.5611627867660474,0.1115116258349447,1.0,0.6282333357281598,0.8121088385898788,1.3780212283277173,3.0678589984822855,5.039167517600436e+18,5.504114707224369e+18,6.769023181948483e+17,1.4909909456247158e+17,-0.4210782051741506,7.671641100159832e-14,0,0.9277131616738803,1.1220184543019653e+19,32768,exponential,p0,1.0,0.5,A1_balanced_q01_q99,R2,R2,1.0,1.0,2,65,0.4491162777474479,0.4905547396409457,0.06032898261160646,0.0,3.115804333320114,0.17209282950066127,5.193605264397285,0.04794533483782848,0.03362304283726906,main,True,False,True,False
0.19421623960772677,4.865953670657428,0.1115116258349447,0.016961507846929666,0.6303215467235005,0.5611627867660474,0.1115116258349447,1.0,0.6179273651473267,0.7964980611401875,1.35322585012379,3.043063620278358,5.670283344123003e+18,6.193461487340752e+18,7.255092864779575e+17,1.4909909456247158e+17,-0.42028054244099833,6.306066779870889e-14,0,0.9310459890806961,1.2589254117941713e+19,32768,exponential,p0,1.0,0.5,A1_balanced_q01_q99,R2,R2,1.0,1.0,2,65,0.4504066159123706,0.49196413300721864,0.05762925108041071,0.0,3.090823425234115,0.18127553463384727,5.532131806390854,0.047759804955756824,0.034090145593278644,main,True,False,True,False
0.20392735933112152,5.214005707418137,0.1115116258349447,0.016961507846929666,0.6303215467235005,0.5611627867660474,0.1115116258349447,1.0,0.6077614546558677,0.7812444772431433,1.3289062103150757,3.018743980469644,6.379670492707062e+18,6.968301423500833e+18,7.774035300196033e+17,1.4909909456247158e+17,-0.41910646295322385,5.2791104820926193e-14,0,0.9342384427555717,1.4125375446227497e+19,32768,exponential,p0,1.0,0.5,A1_balanced_q01_q99,R2,R2,1.0,1.0,2,65,0.4516460831071855,0.4933179617085418,0.055035955184272754,0.0,3.066280147163379,0.19094821993533917,5.892723987530997,0.04753616669373528,0.03453552977425569,main,True,False,True,False
0.21415308157788102,5.585543953730843,0.1115116258349447,0.016961507846929666,0.6303215467235005,0.5611627867660474,0.1115116258349447,1.0,0.5977352382243754,0.7663371206370471,1.3050514669377775,2.9948892370923454,7.176968699880967e+18,7.839163678589985e+18,8.327995461401564e+17,1.4909909456247158e+17,-0.4175837379535396,4.324318680914985e-14,0,0.9372953246362468,1.5848931924611109e+19,32768,exponential,p0,1.0,0.5,A1_balanced_q01_q99,R2,R2,1.0,1.0,2,65,0.45283611122943673,0.49461778975887283,0.05254609901169041,0.0,3.042166832451848,0.20113703026788324,6.276820077408327,0.04727759535950238,0.03496012670110687,main,True,False,True,False
0.2249209896250825,5.982100492583003,0.1115116258349447,0.016961507846929666,0.6303215467235005,0.5611627867660474,0.1115116258349447,1.0,0.587848272741987,0.7517654486485785,1.281651109542306,2.9714888796968744,8.072999776970775e+18,8.817868556392612e+18,8.91925767025841e+17,1.4909909456247158e+17,-0.4157386899947515,3.852473895449293e-14,0,0.9402213620189546,1.7782794100389229e+19,32768,exponential,p0,1.0,0.5,A1_balanced_q01_q99,R2,R2,1.0,1.0,2,65,0.4539781392843138,0.49586518893561315,0.050156671780073,1.1516750339898348e-16,3.0184759487523873,0.2118695055585384,6.6859520940609904,0.046987069055512976,0.03536483431862607,main,True,False,True,False
0.23626013643421748,6.405306990828071,0.1115116258349447,0.016961507846929666,0.6303215467235005,0.5611627867660474,0.1115116258349447,1.0,0.5781000404731387,0.737519326342678,1.2586949463794233,2.9485327165339914,9.079912221336522e+18,9.91768545562517e+18,9.550254727271348e+17,1.4909909456247158e+17,-0.4135962453856064,3.097522238704187e-14,0,0.9430212012632526,1.9952623149688828e+19,32768,exponential,p0,1.0,0.5,A1_balanced_q01_q99,R2,R2,1.0,1.0,2,65,0.4550736087790105,0.4970617337490205,0.04786465747196899,0.0,2.995200095673882,0.22317465523794733,7.121751914631255,0.046667379139890386,0.03575051786585373,main,True,False,True,False
0.24820112292352328,6.856901221471687,0.1115116258349447,0.016961507846929666,0.6303215467235005,0.5611627867660474,0.1115116258349447,1.0,0.5684899516777338,0.7235890110143023,1.2361730920698095,2.926010862224378,1.0211343497669706e+19,1.1153510124388033e+19,1.022357763625734e+18,1.4909909456247158e+17,-0.4111799863974743,2.142730437526552e-14,0,0.945699402156214,2.238721138568347e+19,32768,exponential,p0,1.0,0.5,A1_balanced_q01_q99,R2,R2,1.0,1.0,2,65,0.45612395942264694,0.49820899674537655,0.045667043831976666,1.8296159934503391e-16,2.9723320024695545,0.23508303665161115,7.5859577843232024,0.04632114024517664,0.03611801057503718,main,True,False,True,False
0.2607761804338777,7.3387340106178955,0.1115116258349447,0.016961507846929666,0.6303215467235005,0.5611627867660474,0.1115116258349447,1.0,0.5590173473703067,0.7099651370352347,1.2140759557463041,2.903913725900872,1.1482602147054762e+19,1.2542063571823016e+19,1.0941985962179439e+18,1.4909909456247158e+17,-0.4085122030958741,2.0761170560490427e-14,0,0.9482604329230497,2.511886431509572e+19,32768,exponential,p0,1.0,0.5,A1_balanced_q01_q99,R2,R2,1.0,1.0,2,65,0.45713062513554986,0.49930854414805664,0.04356083071639357,0.0,2.94986452576578,0.24762683765511245,8.080421249623495,0.04595079986490802,0.036468114395410804,main,True,False,True,False
0.2740192576115776,7.8527766365855705,0.1115116258349447,0.016961507846929666,0.6303215467235005,0.5611627867660474,0.1115116258349447,1.0,0.5496815021944569,0.6966387010680235,1.192394229657672,2.88223199981224,1.2910872144880316e+19,1.4102115281447938e+19,1.1708418863162396e+18,1.4909909456247158e+17,-0.4056139446668594,1.609823385706477e-14,0,0.9507086658669912,2.8183829312644493e+19,32768,exponential,p0,1.0,0.5,A1_balanced_q01_q99,R2,R2,1.0,1.0,2,65,0.4580950303686354,0.5003619318373148,0.04154303779404983,1.4533156423007274e-16,2.927790647330687,0.260839963616537,8.607114543439666,0.04555864751844707,0.03680160073812374,main,True,False,True,False
0.28796611194314614,8.401128710518158,0.1115116258349447,0.016961507846929666,0.6303215467235005,0.5611627867660474,0.1115116258349447,1.0,0.5404816273897451,0.6836010476578779,1.1711188782224347,2.8609566483770026,1.4515442224211106e+19,1.585473369343165e+19,1.252600684041042e+18,1.4909909456247158e+17,-0.40250507011546743,8.770761894538737e-15,0,0.9530483736176258,3.162277660168379e+19,32768,exponential,p0,1.0,0.5,A1_balanced_q01_q99,R2,R2,1.0,1.0,2,65,0.4590185867308759,0.501370701666578,0.03961071160254618,1.2952689296049681e-16,2.906103471881858,0.27475812906126623,9.168138451611316,0.04514682350485533,0.0371192112387447,main,True,False,True,False
0.3026544061897631,8.986026569744482,0.1115116258349447,0.016961507846929666,0.6303215467235005,0.5611627867660474,0.1115116258349447,1.0,0.5314168738293238,0.6708438552118783,1.1502411275209339,2.840078897675502,1.6317963212828699e+19,1.7823567285265693e+19,1.3398084252632146e+18,1.4909909456247158e+17,-0.39920429822151904,1.0325074129013956e-14,0,0.9552837259640699,3.5481338923357606e+19,32768,exponential,p0,1.0,0.5,A1_balanced_q01_q99,R2,R2,1.0,1.0,2,65,0.4599026899203759,0.5023363781103626,0.03776093196926144,0.0,2.8847962249324244,0.2894189542068364,9.76573069217261,0.044717327256922346,0.03742165853392413,main,True,False,True,False
0.31812380998203793,9.609852217204507,0.1115116258349447,0.016961507846929666,0.6303215467235005,0.5611627867660474,0.1115116258349447,1.0,0.5224863351077701,0.6583591223734466,1.129752455213581,2.819590225368149,1.8342736804208595e+19,2.003515998667691e+19,1.432820264464352e+18,1.4909909456247158e+17,-0.39572925664691533,8.770761894538737e-15,0,0.9574187872467859,3.981071705534986e+19,32768,exponential,p0,1.0,0.5,A1_balanced_q01_q99,R2,R2,1.0,1.0,2,65,0.46074871695242814,0.5032604652365722,0.035990817810999616,2.0577373646926412e-16,2.863862250674903,0.3048620666488119,10.402274840786362,0.04427202530675434,0.03770962704894594,main,True,False,True,False
0.33441610684980466,10.275142842443042,0.1115116258349447,0.016961507846929666,0.6303215467235005,0.5611627867660474,0.1115116258349447,1.0,0.513689050659826,0.6461391547985215,1.1096445808729989,2.7994823510275673,2.061703960017263e+19,2.2519305120615223e+19,1.5320144943083182e+18,1.4909909456247158e+17,-0.3920965300979532,7.549516567451064e-15,0,0.9594575142796378,4.466835921509617e+19,32768,exponential,p0,1.0,0.5,A1_balanced_q01_q99,R2,R2,1.0,1.0,2,65,0.4615580236760716,0.5041444439939171,0.03429753233001128,0.0,2.843295009902102,0.32112920847251514,11.08030983795059,0.04381265887453489,0.03798377379305775,main,True,True,True,False
0.3515753069760889,10.984600962011056,0.1115116258349447,0.016961507846929666,0.6303215467235005,0.5611627867660474,0.1115116258349447,1.0,0.5050240088921878,0.6341765523382547,1.0899094567175855,2.7797472268721535,2.3171486731373273e+19,2.530944257378798e+19,1.6377940575659028e+18,1.4909909456247158e+17,-0.38832170745586225,3.885780586188048e-15,0,0.961403754772749,5.011872336272715e+19,32768,exponential,p0,1.0,0.5,A1_balanced_q01_q99,R2,R2,1.0,1.0,2,65,0.46233194256910587,0.504989769803482,0.03267828762741223,1.6345188884225088e-16,2.823088077964443,0.3382643490801333,11.802540115898726,0.04334085109228969,0.038244729159659534,main,True,True,True,False
0.36964776597991245,11.741105219593013,0.1115116258349447,0.016961507846929666,0.6303215467235005,0.5611627867660474,0.1115116258349447,1.0,0.4964901503118321,0.6224641966316161,1.0705392587339295,2.760377028888498,2.604043988734588e+19,2.844310447428499e+19,1.7505881574040274e+18,1.4909909456247158e+17,-0.38441942779868293,9.992007221626409e-16,0,0.9632612462252397,5.6234132519034905e+19,32768,exponential,p0,1.0,0.5,A1_balanced_q01_q99,R2,R2,1.0,1.0,2,65,0.4630717808002347,0.5057978704420696,0.03113034875769559,0.0,2.803235142763085,0.3563138040381634,12.571846385584792,0.042858113874586934,0.03849309772860114,main,True,True,True,False
0.3886823100487976,12.547721888826572,0.1115116258349447,0.016961507846929666,0.6303215467235005,0.5611627867660474,0.1115116258349447,1.0,0.48808637063580473,0.6109952391097008,1.0515263781753854,2.7413641483299536,2.9262465177593844e+19,3.1962415297979834e+19,1.8708539724457477e+18,1.4909909456247158e+17,-0.38040342524747983,4.551914400963142e-15,0,0.9650336152565283,6.309573444801943e+19,32768,exponential,p0,1.0,0.5,A1_balanced_q01_q99,R2,R2,1.0,1.0,2,65,0.4637788185459879,0.5065701442038311,0.029651037250180923,0.0,2.7837300027781877,0.37532636026645005,13.391297126780131,0.04236585444823415,0.03872945906803158,main,True,True,True,False
0.40873036775893656,13.407717124593493,0.1115116258349447,0.016961507846929666,0.6303215467235005,0.5611627867660474,0.1115116258349447,1.0,0.4798115238688422,0.5997630894121185,1.0328634134241212,2.7227011835786894,3.288084690685734e+19,3.5914653048130044e+19,1.9990784834266348e+18,1.4909909456247158e+17,-0.37628657257969,7.771561172376096e-16,0,0.9667243773445284,7.0794578438414025e+19,32768,exponential,p0,1.0,0.5,A1_balanced_q01_q99,R2,R2,1.0,1.0,2,65,0.464454307549288,0.5073079583258356,0.028237734124876287,1.1571507565549565e-16,2.7645665651317284,0.39535340790718687,14.264160827110494,0.04186538155303898,0.038954368533438685,main,True,True,True,False
0.42984610893906305,14.324570011558297,0.1115116258349447,0.016961507846929666,0.6303215467235005,0.5611627867660474,0.1115116258349447,1.0,0.4716644253365823,0.5887614042144345,1.0145431622039465,2.7043809323585144,3.6944164090161136e+19,4.035287896354668e+19,2.1357804187200753e+18,1.4909909456247158e+17,-0.37208092356195904,4.440892098500626e-16,0,0.9683369369390854,7.94328234724279e+19,32768,exponential,p0,1.0,0.5,A1_balanced_q01_q99,R2,R2,1.0,1.0,2,65,0.46509946990597545,0.5080126476626335,0.026887882431390984,0.0,2.7457388436842494,0.4164490792303061,15.193919018851307,0.041357911325734964,0.03916835806169126,main,True,True,True,False
0.4520865909530323,15.301986461923505,0.1115116258349447,0.016961507846929666,0.6303215467235005,0.5611627867660474,0.1115116258349447,1.0,0.4636438546635221,0.5779840764642864,0.9965586141312679,2.6863963842858363,4.15069373662827e+19,4.533664412061171e+19,2.2815123264799926e+18,1.4909909456247158e+17,-0.3677977539640438,3.9968028886505635e-15,0,0.9698745879194636,8.91250938133744e+19,32768,exponential,p0,1.0,0.5,A1_balanced_q01_q99,R2,R2,1.0,1.0,2,65,0.46571549706525,0.5086855135944703,0.025598989340279623,0.0,2.727240957164949,0.4386703949507526,16.184280165479276,0.04084457287911292,0.03937193695810788,main,True,True,True,False
0.4755119127961215,16.343914017766583,0.1115116258349447,0.016961507846929666,0.6303215467235005,0.5611627867660474,0.1115116258349447,1.0,0.45574855868622066,0.5674252250225847,0.9789029435916505,2.6687407137462187,4.663035490298119e+19,5.093278231536292e+19,2.436862781655885e+18,1.4909909456247158e+17,-0.36344760122419384,4.440892098500626e-16,0,0.9713405143652405,1e+20,32768,exponential,p0,1.0,0.5,A1_balanced_q01_q99,R2,R2,1.0,1.0,2,65,0.4663035490298119,0.5093278231536292,0.02436862781655885,0.0,2.709067127334536,0.4620774183530585,17.239194453369542,0.040326413588317234,0.0395655926747378,main,True,True,True,False
0.5001853774213088,17.454557616940644,0.1115116258349447,0.016961507846929666,0.6303215467235005,0.5611627867660474,0.1115116258349447,1.0,0.4479772542934794,0.557079184705058,0.9615695029295379,2.6514072730841063,5.238308693610861e+19,5.7216299757413564e+19,2.602458736674342e+18,1.4909909456247158e+17,-0.3590403027447715,4.218847493575595e-15,0,0.9727377916106027,1.1220184543019654e+20,32768,exponential,p0,1.0,0.5,A1_balanced_q01_q99,R2,R2,1.0,1.0,2,65,0.46686475374148273,0.5099408083533635,0.023194437905153655,1.4602255370383262e-16,2.691211677180261,0.4867334176399065,18.362869547635906,0.03980440409615493,0.03974979157823598,main,True,True,True,False
0.5261736627337583,18.638396385378037,0.1115116258349447,0.016961507846929666,0.6303215467235005,0.5611627867660474,0.1115116258349447,1.0,0.4403286311865414,0.5469404967183114,0.9445518159388948,2.634389586093463,5.8842199761468015e+19,6.42713733927928e+19,2.7789680251563085e+18,1.4909909456247158e+17,-0.3545850328046952,9.992007221626409e-16,0,0.9740693875534843,1.2589254117941713e+20,32768,exponential,p0,1.0,0.5,A1_balanced_q01_q99,R2,R2,1.0,1.0,2,65,0.46740020663820275,0.5105256657040209,0.02207412765777626,1.3014273797722585e-16,2.6736690291425718,0.5127050369434185,19.55978737495972,0.039279443049108576,0.03992497970588242,main,True,True,True,False
0.5535470017154503,19.90020152273093,0.1115116258349447,0.016961507846929666,0.6303215467235005,0.5611627867660474,0.1115116258349447,1.0,0.4328013545534066,0.5370038994836893,0.927843571642708,2.617681341797276,6.609418131864568e+19,7.2192471114979385e+19,2.9671020286499e+18,1.4909909456247158e+17,-0.35009033808258727,3.774758283725532e-15,0,0.9753381641915687,1.4125375446227496e+20,32768,exponential,p0,1.0,0.5,A1_balanced_q01_q99,R2,R2,1.0,1.0,2,65,0.46791097036856205,0.5110835559012347,0.021005473730203273,0.0,2.6564337033728345,0.5400624764614473,20.834722000346954,0.0387523615755585,0.04009158350846034,main,True,True,True,False
0.5823793721663347,21.24505535265957,0.1115116258349447,0.016961507846929666,0.6303215467235005,0.5611627867660474,0.1115116258349447,1.0,0.4253940676525104,0.527264319841311,0.9114386183494935,2.6012763885040617,7.423609198752545e+19,8.108560874157448e+19,3.1676185170111324e+18,1.4909909456247158e+17,-0.3455641717911845,1.9984014443252818e-15,0,0.9765468793589321,1.5848931924611108e+20,32768,exponential,p0,1.0,0.5,A1_balanced_q01_q99,R2,R2,1.0,1.0,2,65,0.46839807465036487,0.5116156036714387,0.019986321678196355,2.0675210263927006e-16,2.639500316021575,0.5688796822057727,22.19275866911818,0.038223927517513356,0.04025001057888034,main,True,True,True,False
0.6127486965745259,22.67837161372311,0.1115116258349447,0.016961507846929666,0.6303215467235005,0.5611627867660474,0.1115116258349447,1.0,0.41810539430197247,0.5177168646259727,0.8953309579752377,2.5851687281298057,8.337685588044938e+19,9.106976044968552e+19,3.3813246737573734e+18,1.4909909456247158e+17,-0.3410139264297112,2.7755575615628914e-15,0,0.9776981886380728,1.778279410038923e+20,32768,exponential,p0,1.0,0.5,A1_balanced_q01_q99,R2,R2,1.0,1.0,2,65,0.4688625162601665,0.512122897760438,0.01901458597939546,1.8426800543837358e-16,2.6228635775567155,0.5992345458750697,23.639314090080898,0.037694849426909816,0.040400650365572034,main,True,True,True,False
0.6447370526553858,24.205917071789607,0.1115116258349447,0.016961507846929666,0.6303215467235005,0.5611627867660474,0.1115116258349447,1.0,0.41093394127156047,0.5083568126059093,0.8795147406194221,2.5693525107739905,9.363870977811792e+19,1.0227844140031227e+20,3.609080318458104e+18,1.4909909456247158e+17,-0.3364464651664154,2.6645352591003757e-15,0,0.9787946474237248,1.995262314968883e+20,32768,exponential,p0,1.0,0.5,A1_balanced_q01_q99,R2,R2,1.0,1.0,2,65,0.46930525914121857,0.512606491051315,0.01808824980746649,0.0,2.6065182911112625,0.631209115392905,25.180158040789394,0.037165780337272025,0.04054387486982309,main,True,True,True,False
0.6784308951281699,25.833834540153553,0.1115116258349447,0.016961507846929666,0.6303215467235005,0.5611627867660474,0.1115116258349447,1.0,0.4038783005753631,0.4991796067748955,0.8639842593841045,2.5538220295386727,1.0515882895001646e+20,1.1486148356780465e+20,3.851801339013599e+18,1.4909909456247158e+17,-0.3318681518684301,1.3322676295501878e-15,0,0.9798387131161774,2.238721138568347e+20,32768,exponential,p0,1.0,0.5,A1_balanced_q01_q99,R2,R2,1.0,1.0,2,65,0.4697272346178189,0.5130674007985563,0.017205364583624785,0.0,2.59045935085995,0.6648898166798238,26.8214363810656,0.036637321321277394,0.04068003932637549,main,True,True,True,False
0.7139212893293422,27.568667399170227,0.1115116258349447,0.016961507846929666,0.6303215467235005,0.5611627867660474,0.1115116258349447,1.0,0.39693705166392285,0.49018084698770725,0.8487339454253131,2.5385717155798813,1.1809115144824447e+20,1.289870283552025e+20,4.110463347510209e+18,1.4909909456247158e+17,-0.3272848798004947,3.1086244689504383e-15,0,0.9808327474232876,2.5118864315095718e+20,32768,exponential,p0,1.0,0.5,A1_balanced_q01_q99,R2,R2,1.0,1.0,2,65,0.4701293417046529,0.5135066089659356,0.016364049329411514,0.0,2.574681740424315,0.7003676872589998,28.569695566572925,0.03611002484443393,0.04080948286670891,main,True,True,True,False
0.7513041572936128,29.417385713204165,0.1115116258349447,0.016961507846929666,0.6303215467235005,0.5611627867660474,0.1115116258349447,1.0,0.39010876351528573,0.48135628292857924,0.8337583632263195,2.5235961333808876,1.3260842509824011e+20,1.4484376245397108e+20,4.3861055742337285e+18,1.4909909456247158e+17,-0.3227020990178952,5.551115123125783e-16,0,0.9817790187519202,2.818382931264449e+20,32768,exponential,p0,1.0,0.5,A1_balanced_q01_q99,R2,R2,1.0,1.0,2,65,0.47051244750033383,0.5139250626563647,0.015562489843301495,1.162652513840582e-16,2.559180531305716,0.7377386223268442,30.43190876022103,0.03558439792482826,0.04093252916457138,main,True,True,True,False
0.790680536967477,31.387414049058844,0.1115116258349447,0.016961507846929666,0.6303215467235005,0.5611627867660474,0.1115116258349447,1.0,0.3833919966250393,0.4727018074020463,0.8190522060827071,2.5088899762372754,1.4890450436598225e+20,1.6264342663548358e+20,4.679835015372074e+18,1.4909909456247158e+17,-0.3181248424823031,1.1102230246251565e-15,0,0.9826797046708935,3.1622776601683794e+20,32768,exponential,p0,1.0,0.5,A1_balanced_q01_q99,R2,R2,1.0,1.0,2,65,0.47087738765499054,0.5143236746226244,0.014798937722384853,0.0,2.5439508813458067,0.777103633953692,32.41550364554709,0.035060905108531326,0.0410494870634077,main,True,True,True,False
0.8321568552556647,33.486661106847656,0.1115116258349447,0.016961507846929666,0.6303215467235005,0.5611627867660474,0.1115116258349447,1.0,0.376785304895941,0.4642134499353292,0.8046102917894361,2.4944480619440044,1.6719692759811916e+20,1.8262363078450558e+20,4.992830850951318e+18,1.4909909456247158e+17,-0.31355775093198524,1.887379141862766e-15,0,0.9835368944288966,3.54813389233576e+20,32768,exponential,p0,1.0,0.5,A1_balanced_q01_q99,R2,R2,1.0,1.0,2,65,0.47122496690239696,0.5147033238485914,0.014071709249011749,1.8470554378334696e-16,2.5289880332139756,0.8185691241151928,34.528392053014436,0.034539971269971215,0.04116065118545555,main,True,True,True,False
0.8758452156380573,35.72355128150017,0.1115116258349447,0.016961507846929666,0.6303215467235005,0.5611627867660474,0.1115116258349447,1.0,0.37028723742826586,0.45588737068128843,0.7904275585204881,2.4802653286750562,1.8772980885301628e+20,2.050510125498546e+20,5.326349150627697e+18,1.4909909456247158e+17,-0.309005096540217,4.440892098500626e-16,0,0.98435259151245,3.9810717055349857e+20,32768,exponential,p0,1.0,0.5,A1_balanced_q01_q99,R2,R2,1.0,1.0,2,65,0.4715559596477771,0.5150648561912787,0.013379184160944243,0.0,2.514287312921283,0.86224717229239,36.77900151739424,0.03402198424622682,0.041266302522352694,main,True,True,True,False
0.9218637011343024,38.107058280794504,0.1115116258349447,0.016961507846929666,0.6303215467235005,0.5611627867660474,0.1115116258349447,1.0,0.3638963402123793,0.4477198546109301,0.7764990608919906,2.4663368310465588,2.1077708271644272e+20,2.3022478154841316e+20,5.681727886105796e+18,1.4909909456247158e+17,-0.3044708053976363,1.5543122344752192e-15,0,0.9851287162300058,4.466835921509617e+20,32768,exponential,p0,1.0,0.5,A1_balanced_q01_q99,R2,R2,1.0,1.0,2,65,0.47187111060306924,0.5154090850747124,0.012719804322218293,1.4671682853721517e-16,2.4998441283604347,0.9082558384178651,39.17630889210155,0.03350729731387592,0.04136670900719016,main,True,True,True,False
0.9703366934346731,40.6467409340188,0.1115116258349447,0.016961507846929666,0.6303215467235005,0.5611627867660474,0.1115116258349447,1.0,0.3576111577254279,0.43970730598440966,0.7628199662000543,2.4526577363546225,2.366461451808695e+20,2.5848069617622437e+20,6.060392270177553e+18,1.4909909456247158e+17,-0.2999584788557832,0.0,0,0.9858671083098152,5.0118723362727146e+20,32768,exponential,p0,1.0,0.5,A1_balanced_q01_q99,R2,R2,1.0,1.0,2,65,0.47217113546204403,0.5157367922273419,0.012092072310613988,1.307615110738007e-16,2.4856539678713303,0.956719481986781,41.729876154563414,0.03299623151670783,0.04146212606802391,main,True,True,True,False
1.0213952090594736,43.352781334096434,0.1115116258349447,0.016961507846929666,0.6303215467235005,0.5611627867660474,0.1115116258349447,1.0,0.3514302344343463,0.43184624308955644,0.7493855508249269,2.439223320979495,2.6568193892429444e+20,2.90195525822376e+20,6.463860443678597e+18,1.4909909456247158e+17,-0.2954714137702222,1.9984014443252818e-15,0,0.986569529500268,5.6234132519034906e+20,32768,exponential,p0,1.0,0.5,A1_balanced_q01_q99,R2,R2,1.0,1.0,2,65,0.47245672160829144,0.5160487284553498,0.011494549936358706,1.1654131941631085e-16,2.4717123988317455,1.007769098195371,44.44988854542878,0.032489077852250414,0.04155279716291268,main,True,True,True,False
1.0751772534554547,46.23602546532357,0.1115116258349447,0.016961507846929666,0.6303215467235005,0.5611627867660474,0.1115116258349447,1.0,0.34535211620761835,0.424133293237015,0.7361911967933621,2.4260289669479302,2.9827153722301835e+20,3.2579205772412885e+20,6.893749533047123e+18,1.4909909456247158e+17,-0.2910126216824374,6.661338147750939e-16,0,0.9872376661625737,6.309573444801943e+20,32768,exponential,p0,1.0,0.5,A1_balanced_q01_q99,R2,R2,1.0,1.0,2,65,0.4727285288496726,0.516345614444869,0.010925856705458346,0.0,2.4580150662726985,1.0615426720154808,47.3471951937478,0.03198609932476826,0.0416389542966256,main,True,True,True,False
1.1318281939859458,49.30802647878329,0.1115116258349447,0.016961507846929666,0.6303215467235005,0.5611627867660474,0.1115116258349447,1.0,0.33937535163847393,0.41656518800124104,0.7232323884914736,2.413070158646042,3.348492873509549e+20,3.657447149305363e+20,7.351782102648962e+18,1.4909909456247158e+17,-0.28658484698020376,3.552713678800501e-15,0,0.9878731318468955,7.079457843841402e+20,32768,exponential,p0,1.0,0.5,A1_balanced_q01_q99,R2,R2,1.0,1.0,2,65,0.47298719017339536,0.5166281415867273,0.010384668239877241,0.0,2.444557691518077,1.1181855511621397,50.43335239015807,0.03148753287203521,0.04172081851920431,main,True,True,True,False
1.1915011528228054,52.5810907880545,0.1115116258349447,0.016961507846929666,0.6303215467235005,0.5611627867660474,0.1115116258349447,1.0,0.3334984932823348,0.40913875869678207,0.7105047095206527,2.4003424796752206,3.759025817438852e+20,4.105858599527877e+20,7.839793027606042e+18,1.4909909456247158e+17,-0.28219058407636605,5.10702591327572e-15,0,0.9884774698438122,7.943282347242789e+20,32768,exponential,p0,1.0,0.5,A1_balanced_q01_q99,R2,R2,1.0,1.0,2,65,0.4732333125164128,0.5168969728179272,0.00986971466566001,0.0,2.4313360708480944,1.1778508389623603,53.72066968067649,0.030993591172873813,0.041798600406616405,main,True,True,True,False
1.2543574208018262,56.068327169095895,0.1115116258349447,0.016961507846929666,0.6303215467235005,0.5611627867660474,0.1115116258349447,1.0,0.32772009881148767,0.401850932079448,0.6980038396894529,2.387841609844021,4.2197833353900045e+20,4.60912867780199e+20,8.359736814544624e+18,1.4909909456247158e+17,-0.2778320936459451,8.881784197001252e-16,0,0.9890521557042372,8.91250938133744e+20,32768,exponential,p0,1.0,0.5,A1_balanced_q01_q99,R2,R2,1.0,1.0,2,65,0.47346747754634844,0.5171527434746249,0.009379778979026594,0.0,2.418346074186161,1.2406998081869933,57.22225896495349,0.030504464342139936,0.04187250052377832,main,True,True,True,False
1.3205668933600512,59.783699060153836,0.1115116258349447,0.016961507846929666,0.6303215467235005,0.5611627867660474,0.1115116258349447,1.0,0.3220387320900392,0.39469872626224584,0.6857255521346796,2.375563322289248,4.7369024244863736e+20,5.1739606215189837e+20,8.913695399464221e+18,1.4909909456247158e+17,-0.27351141796126865,0.0,0,0.9895985997215775,1e+21,32768,exponential,p0,1.0,0.5,A1_balanced_q01_q99,R2,R2,1.0,1.0,2,65,0.4736902424486374,0.5173960621518984,0.008913695399464221,0.0,2.405583643808761,1.3069023369642805,60.95208679481519,0.03002032151951317,0.041942709870259436,main,True,True,True,False
1.3903085297331943,63.74208027031977,0.1115116258349447,0.016961507846929666,0.6303215467235005,0.5611627867660474,0.1115116258349447,1.0,0.31645296417227425,0.3876792468361787,0.6736657105651952,2.3635034807197632,5.3172694741658114e+20,5.807876204315511e+20,9.50388645383306e+18,1.4909909456247158e+17,-0.2692303953644076,8.881784197001252e-16,0,0.99011814937087,1.1220184543019653e+21,32768,exponential,p0,1.0,0.5,A1_balanced_q01_q99,R2,R2,1.0,1.0,2,65,0.47390214071601994,0.5176275115660848,0.008470347717895297,0.0,2.39304479307793,1.3766373679532924,64.9250300817044,0.029541312358166927,0.0420094103090124,main,True,True,True,False
1.4637708366540854,67.95931431895096,0.1115116258349447,0.016961507846929666,0.6303215467235005,0.5611627867660474,0.1115116258349447,1.0,0.31096137422759207,0.3807896831863034,0.6618202666222902,2.3516580367768585,5.968611742745328e+20,6.519315652875964e+20,1.0132672232041998e+19,1.4909909456247158e+17,-0.26499067391562864,4.218847493575595e-15,0,0.9906120917003898,1.2589254117941712e+21,32768,exponential,p0,1.0,0.5,A1_balanced_q01_q99,R2,R2,1.0,1.0,2,65,0.4741036829369499,0.5178476494159324,0.00804866764711764,0.0,2.380725605195936,1.4500933920184425,69.1569354352081,0.02906756841907754,0.04207277497849846,main,True,True,True,False
1.5411523778595098,72.4522776426495,0.1115116258349447,0.016961507846929666,0.6303215467235005,0.5611627867660474,0.1115116258349447,1.0,0.3055625503951904,0.3740273049937298,0.6501852573507382,2.3400230275053064,6.6995999982184e+20,7.317749758054019e+20,1.0802568995507845e+19,1.4909909456247158e+17,-0.26079372425586156,3.774758283725532e-15,0,0.9910816556718344,1.4125375446227498e+21,32768,exponential,p0,1.0,0.5,A1_balanced_q01_q99,R2,R2,1.0,1.0,2,65,0.4742953575798709,0.5180570092392405,0.007647633180888595,0.0,2.368622231981778,1.5274689577123943,73.66468236935401,0.028599204476471574,0.04213296868859669,main,True,True,True,False
1.6226623107822697,77.2389469219356,0.1115116258349447,0.016961507846929666,0.6303215467235005,0.5611627867660474,0.1115116258349447,1.0,0.30025509057168714,0.3673894589145235,0.6387568027749385,2.328594572929507,7.519963685684225e+20,8.213805668416689e+20,1.15162570510194e+19,1.4909909456247158e+17,-0.25664085172034307,2.6645352591003757e-15,0,0.9915280144460626,1.584893192461111e+21,32768,exponential,p0,1.0,0.5,A1_balanced_q01_q99,R2,R2,1.0,1.0,2,65,0.47447763177068125,0.5182561012620561,0.007266266967262513,1.6540168211141605e-16,2.3567308926691175,1.608973207944469,78.46625062878667,0.028136319739610727,0.04219014830070766,main,True,True,True,False
1.7085209518792743,82.33847079614924,0.1115116258349447,0.016961507846929666,0.6303215467235005,0.5611627867660474,0.1115116258349447,1.0,0.2950376031348078,0.36087356542683596,0.6275311035748411,2.3173688737294094,8.440620150055245e+20,9.219408035900342e+20,1.227659144336436e+19,1.4909909456247158e+17,-0.2525332077396833,3.552713678800501e-15,0,0.9919522876115389,1.7782794100389228e+21,32768,exponential,p0,1.0,0.5,A1_balanced_q01_q99,R2,R2,1.0,1.0,2,65,0.47465095206104296,0.5184454132378752,0.006903634701082015,0.0,2.345047872725271,1.6948264452851651,83.58079190335228,0.02767899899586146,0.04224446309247038,main,True,True,True,False
1.798960372123238,87.77124625266651,0.1115116258349447,0.016961507846929666,0.6303215467235005,0.5611627867660474,0.1115116258349447,1.0,0.2899087076062737,0.35447711583782643,0.6165044388565785,2.3063422090111465,9.47381962922504e+20,1.0347937387014868e+21,1.3086613344892303e+19,1.4909909456247158e+17,-0.24847180056357768,6.661338147750939e-16,0,0.9923555433537287,1.995262314968883e+21,32768,exponential,p0,1.0,0.5,A1_balanced_q01_q99,R2,R2,1.0,1.0,2,65,0.474815745185504,0.5186254112746198,0.006558843539876308,1.3138322617198746e-16,2.3335695226908904,1.7852607274347287,89.02870621715012,0.027227313679743848,0.042296055107530914,main,True,True,True,False
1.894225024267818,93.55899999510748,0.1115116258349447,0.016961507846929666,0.6303215467235005,0.5611627867660474,0.1115116258349447,1.0,0.28486703525692275,0.3481976694423372,0.6056731640130191,2.295510934167587,1.0633307942172315e+21,1.1614407821636749e+21,1.394956218744081e+19,1.4909909456247158e+17,-0.2444575053413306,4.440892098500626e-15,0,0.9927388005635865,2.238721138568347e+21,32768,exponential,p0,1.0,0.5,A1_balanced_q01_q99,R2,R2,1.0,1.0,2,65,0.47497241880568797,0.5187965406474928,0.006231040546819287,0.0,2.322292257039969,1.8805204944654463,94.83172329672232,0.026781322872381885,0.04234505949079381,main,True,True,True,False
1.9945724035812016,99.72487511511652,0.1115116258349447,0.016961507846929666,0.6303215467235005,0.5611627867660474,0.1115116258349447,1.0,0.27991122965707793,0.34203285082554014,0.5950337086696779,2.284871478824246,1.1934509031311587e+21,1.3035666397933936e+21,1.4868888585019427e+19,1.4909909456247158e+17,-0.24049107359222927,1.5543122344752192e-15,0,0.99310303088423,2.5118864315095717e+21,32768,exponential,p0,1.0,0.5,A1_balanced_q01_q99,R2,R2,1.0,1.0,2,65,0.4751213622400631,0.5189592265960796,0.005919411163857297,0.0,2.3112125530598226,1.9808632295328736,101.01298924294213,0.026341074235576745,0.0423916048096098,main,True,True,True,False
2.1002737438343,106.29352341341877,0.1115116258349447,0.016961507846929666,0.6303215467235005,0.5611627867660474,0.1115116258349447,1.0,0.27503994717506164,0.33598034730213205,0.5845825747116575,2.2744203448662255,1.3394729781890392e+21,1.4630616849766144e+21,1.5848268098795612e+19,1.4909909456247158e+17,-0.23657314209765132,1.3322676295501878e-15,0,0.9934491606948727,2.818382931264449e+21,32768,exponential,p0,1.0,0.5,A1_balanced_q01_q99,R2,R2,1.0,1.0,2,65,0.4752629471780449,0.5191138751043392,0.005623177717616034,1.8602440221449313e-16,2.3003269497506853,2.0865601548420325,107.59715885229951,0.02590660488445984,0.04243581336134199,main,True,True,True,False
2.21161475042436,113.29120373840395,0.1115116258349447,0.016961507846929666,0.6303215467235005,0.5611627867660474,0.1115116258349447,1.0,0.27025185742670976,0.3300379064849533,0.5743163343875334,2.2641541045421016,1.5033389836871134e+21,1.6420470605819777e+21,1.6891615899288525e+19,1.4909909456247158e+17,-0.2327042412456157,0.0,0,0.9937780730317404,3.1622776601683794e+21,32768,exponential,p0,1.0,0.5,A1_balanced_q01_q99,R2,R2,1.0,1.0,2,65,0.4753975283773994,0.5192608736623541,0.005341597960246511,0.0,2.289632046744592,2.1978969647495923,114.61049395581531,0.025477942202490222,0.042477801467760964,main,True,True,True,False
2.328896372615868,120.74588673448467,0.1115116258349447,0.016961507846929666,0.6303215467235005,0.5611627867660474,0.1115116258349447,1.0,0.26554564367861844,0.32420333397622125,0.5642316284862811,2.254069398640849,1.6872279457453666e+21,1.8429028442061393e+21,1.8003102384254413e+19,1.4909909456247158e+17,-0.2288848028572837,1.3322676295501878e-15,0,0.9940906094457741,3.5481338923357606e+21,32768,exponential,p0,1.0,0.5,A1_balanced_q01_q99,R2,R2,1.0,1.0,2,65,0.47552544434411215,0.519400592008929,0.005073963646958894,0.0,2.279124503243192,2.3151745979838254,122.08096816782486,0.025055104602342837,0.042517679756714534,main,True,True,True,False
2.452435616985601,128.68736641805202,0.1115116258349447,0.016961507846929666,0.6303215467235005,0.5611627867660474,0.1115116258349447,1.0,0.2609200032077969,0.31847449117487037,0.5543251645835812,2.2441629347381493,1.8935848851582453e+21,2.0682996505621795e+21,1.9187169814560567e+19,1.4909909456247158e+17,-0.22511516752372723,0.0,0,0.9943875717974311,3.9810717055349854e+21,32768,exponential,p0,1.0,0.5,A1_balanced_q01_q99,R2,R2,1.0,1.0,2,65,0.47564701799406073,0.5195333828543127,0.004819599151626472,1.3169519134032904e-16,2.2688010369741747,2.438710051069321,130.03837846243928,0.02463810223602536,0.04255555343151348,main,True,True,True,False
2.5825664042708723,137.1473790260581,0.1115116258349447,0.016961507846929666,0.6303215467235005,0.5611627867660474,0.1115116258349447,1.0,0.25637364762027254,0.3128492931938096,0.5445937153540122,2.2344314855085803,2.125153281039008e+21,2.321234090436207e+21,2.044855003440137e+19,1.4909909456247158e+17,-0.22139559148008267,1.3322676295501878e-15,0,0.9946697239888477,4.4668359215096167e+21,32768,exponential,p0,1.0,0.5,A1_balanced_q01_q99,R2,R2,1.0,1.0,2,65,0.4757625572959906,0.5196595825825007,0.004577860121508685,1.1737346282977215e-16,2.2586584231659783,2.5688372351552773,138.51446402271625,0.02422693765739803,0.042591522528475645,main,True,True,True,False
2.719640471936511,146.15972961130697,0.1115116258349447,0.016961507846929666,0.6303215467235005,0.5611627867660474,0.1115116258349447,1.0,0.25190530313112597,0.3073257068811678,0.5350341169458317,2.2248718871003996,2.385011496109246e+21,2.6050685568169264e+21,2.1792283346541535e+19,1.4909909456247158e+17,-0.2177262530430204,1.1102230246251565e-15,0,0.994937793634183,5.011872336272714e+21,32768,exponential,p0,1.0,0.5,A1_balanced_q01_q99,R2,R2,1.0,1.0,2,65,0.47587235589543336,0.5197795119327188,0.00434813217184783,0.0,2.2486934935404532,2.705907878563408,147.54303283658848,0.0238216064400536,0.0426256821630594,main,True,True,True,False
2.864028324900561,155.76042688936766,0.1115116258349447,0.016961507846929666,0.6303215467235005,0.5611627867660474,0.1115116258349447,1.0,0.24751371080830692,0.3019017489399299,0.5256432674152385,2.2154810375698064,2.676613647058512e+21,2.92357586622711e+21,2.322373861786877e+19,1.4909909456247158e+17,-0.21410725863629926,3.552713678800501e-15,0,0.9951924736687365,5.623413251903491e+21,32768,exponential,p0,1.0,0.5,A1_balanced_q01_q99,R2,R2,1.0,1.0,2,65,0.475976693719334,0.5198934766598378,0.004129829620828183,0.0,2.238903135323185,2.8502924774947465,157.16009654449255,0.02342209775337878,0.04265812276501079,main,True,True,True,False
3.0161202369879847,165.9878268750176,0.1115116258349447,0.016961507846929666,0.6303215467235005,0.5611627867660474,0.1115116258349447,1.0,0.24319762678250903,0.2965754841405862,0.5164181252171514,2.2062558953717195,3.003835462388392e+21,3.280989347718094e+21,2.474863469545741e+19,1.4909909456247158e+17,-0.21053864842801268,3.9968028886505635e-15,0,0.9954344238980484,6.309573444801943e+21,32768,exponential,p0,1.0,0.5,A1_balanced_q01_q99,R2,R2,1.0,1.0,2,65,0.47607583756126354,0.5200017681735828,0.003922394265153731,0.0,2.2292842902711425,3.0023812974654454,167.40401407655656,0.023028394899422988,0.04268893030294581,main,True,True,True,False
3.176327305819487,176.88278588110913,0.1115116258349447,0.016961507846929666,0.6303215467235005,0.5611627867660474,0.1115116258349447,1.0,0.23895582242525923,0.29134502362173526,0.5073557077497256,2.197193477904294,3.3710257363415314e+21,3.6820590442813105e+21,2.6373063218560905e+19,1.4909909456247158e+17,-0.20702040160202098,4.440892098500626e-16,0,0.9956642724879183,7.079457843841402e+21,32768,exponential,p0,1.0,0.5,A1_balanced_q01_q99,R2,R2,1.0,1.0,2,65,0.47617004164719634,0.520104664156511,0.003725294196292657,0.0,2.2198339537173677,3.1625854281780117,178.31564465226862,0.022640475813073824,0.04271818649877323,main,True,True,True,False
3.3450825639866406,188.48882349013405,0.1115116258349447,0.016961507846929666,0.6303215467235005,0.5611627867660474,0.1115116258349447,1.0,0.23478708449729252,0.286208523273811,0.498453089949968,2.1882908601045363,3.7830640617792183e+21,4.132114772546047e+21,2.8103512917524513e+19,1.4909909456247158e+17,-0.2035524412849597,2.4424906541753444e-15,0,0.995882617396622,7.943282347242789e+21,32768,exponential,p0,1.0,0.5,A1_balanced_q01_q99,R2,R2,1.0,1.0,2,65,0.47625954818191324,0.520202429160831,0.003538022657255736,0.0,2.2105491736323977,3.3313378946795655,189.9385107528725,0.02225831352786134,0.042745969032363273,main,True,True,True,False
3.5228421495168845,200.85229614852784,0.1115116258349447,0.016961507846929666,0.6303215467235005,0.5611627867660474,0.1115116258349447,1.0,0.23069021526917596,0.28116418220136224,0.48970740293795556,2.1795451730925235,4.24542560819569e+21,4.6371368776452124e+21,2.99468954965389e+19,1.4909909456247158e+17,-0.20013463914914978,2.220446049250313e-16,0,0.9960900277506108,8.912509381337441e+21,32768,exponential,p0,1.0,0.5,A1_balanced_q01_q99,R2,R2,1.0,1.0,2,65,0.4763445878761709,0.5202953151842122,0.003360096939616906,1.1765216227381376e-16,2.201427049702132,3.5090948278104346,202.31897171654185,0.021881876609608497,0.042772351736846466,main,True,True,True,False
3.710086538791564,214.02258207613244,0.1115116258349447,0.016961507846929666,0.6303215467235005,0.5611627867660474,0.1115116258349447,1.0,0.22666403261606857,0.27621024125954635,0.48111583270731223,2.1709536028618803,4.764253804548429e+21,5.203835622248098e+21,3.1910573203473605e+19,1.4909909456247158e+17,-0.19676681971070442,2.220446049250313e-16,0,0.9962870451651702,1e+22,32768,exponential,p0,1.0,0.5,A1_balanced_q01_q99,R2,R2,1.0,1.0,2,65,0.4764253804548429,0.5203835622248097,0.0031910573203473604,0.0,2.192464732421852,3.6963366971066214,215.50640864872452,0.021511129559971476,0.04279740478492771,main,True,True,True,False
3.907321845250293,228.0522782283469,0.1115116258349447,0.016961507846929666,0.6303215467235005,0.5611627867660474,0.1115116258349447,1.0,0.22270737008837654,0.2713449816607413,0.4726756188597084,2.1625133890142765,5.346441891484305e+21,5.839740263338591e+21,3.4002388196755374e+19,1.4909909456247158e+17,-0.19344876434112257,2.6645352591003757e-15,0,0.9964741850113203,1.1220184543019653e+22,32768,exponential,p0,1.0,0.5,A1_balanced_q01_q99,R2,R2,1.0,1.0,2,65,0.4765021351462936,0.5204673988157916,0.003030466037914597,1.8690886874090576e-16,2.1836594222061128,3.8935696094887997,229.5534213852174,0.021146033191836278,0.04282119486658093,main,True,True,True,False
4.115081187391208,242.99741009660312,0.1115116258349447,0.016961507846929666,0.6303215467235005,0.5611627867660474,0.1115116258349447,1.0,0.21881907696001046,0.2665667236473812,0.46438405338128935,2.1542218235358574,5.999724425239908e+21,6.553298998875376e+21,3.6230693826429116e+19,1.4909909456247158e+17,-0.19018021500970156,2.6645352591003757e-15,0,0.9966519376306302,1.2589254117941714e+22,32768,exponential,p0,1.0,0.5,A1_balanced_q01_q99,R2,R2,1.0,1.0,2,65,0.4765750511532954,0.5205470425397062,0.002877906306998327,0.0,2.175008368514229,4.101326677248172,244.51603829356006,0.020786544978371513,0.042843785358489865,main,True,True,True,False
4.333926129765284,258.91765518396556,0.1115116258349447,0.016961507846929666,0.6303215467235005,0.5611627867660474,0.1115116258349447,1.0,0.21499801825583081,0.2618738252273528,0.4562384794590471,2.1460762496136154,6.732779947556077e+21,7.35399111071725e+21,3.86043879541675e+19,1.4909909456247158e+17,-0.1869608777731704,8.881784197001252e-16,0,0.9968207694993148,1.4125375446227496e+22,32768,exponential,p0,1.0,0.5,A1_balanced_q01_q99,R2,R2,1.0,1.0,2,65,0.47664431810583974,0.5206227005230719,0.002732981371088276,1.4846699176127685e-16,2.1665088689910803,4.320169459026556,260.4539397495891,0.020432619377464878,0.042865236485573464,main,True,True,True,False
4.564448200859243,275.8765810472586,0.1115116258349447,0.016961507846929666,0.6303215467235005,0.5611627867660474,0.1115116258349447,1.0,0.21124307475980492,0.25726468096846705,0.44823629033525686,2.138074060489825,7.55534618412215e+21,8.252452792043821e+21,4.113294844513656e+19,1.4909909456247158e+17,-0.1837904260280558,3.552713678800501e-15,0,0.9969811243433004,1.584893192461111e+22,32768,exponential,p0,1.0,0.5,A1_balanced_q01_q99,R2,R2,1.0,1.0,2,65,0.4767101164962281,0.5206945699116134,0.00259531359215841,1.3232134568913284e-16,2.1581582686229672,4.550689477685944,277.43069618051067,0.020084208133142045,0.04288560547493842,main,True,True,True,False
4.807270491969994,293.9418988551479,0.1115116258349447,0.016961507846929666,0.6303215467235005,0.5611627867660474,0.1115116258349447,1.0,0.2075531430053011,0.2527377208487378,0.44037492819821616,2.1302126983527843,8.478349300319885e+21,9.260618329096067e+21,4.382647097327615e+19,1.4909909456247158e+17,-0.1806685035404413,2.6645352591003757e-15,0,0.9971334242057188,1.7782794100389228e+22,32768,exponential,p0,1.0,0.5,A1_balanced_q01_q99,R2,R2,1.0,1.0,2,65,0.4767726180968553,0.5207628383265919,0.002464543576552848,1.179315234805591e-16,2.149953958908259,4.793509819169848,295.51402162395027,0.01974126055547476,0.04290494670258695,main,True,True,True,False
5.063049341392178,313.18573347358,0.1115116258349447,0.016961507846929666,0.6303215467235005,0.5611627867660474,0.1115116258349447,1.0,0.20392713524887288,0.24829140915935646,0.4326518831076043,2.122489653262172,9.514048929581012e+21,1.0391878510817021e+22,4.669570929079433e+19,1.4909909456247158e+17,-0.17759472726695846,1.1102230246251565e-15,0,0.997278070468482,1.995262314968883e+22,32768,exponential,p0,1.0,0.5,A1_balanced_q01_q99,R2,R2,1.0,1.0,2,65,0.47683198636112106,0.5208276843027072,0.0023403293361716486,0.0,2.141893377042566,5.049286816678639,314.7760438143434,0.0194037237803939,0.04292331183318623,main,False,True,True,False
5.332476108470878,333.6849111558399,0.1115116258349447,0.016961507846929666,0.6303215467235005,0.5611627867660474,0.1115116258349447,1.0,0.20036397942881023,0.24392424345744315,0.4250646919528905,2.114902462107459,1.0676200898974464e+22,1.1661258368586508e+22,4.975211812249451e+19,1.4909909456247158e+17,-0.1745686899800734,6.94999613415348e-14,0,0.9974154448294879,2.238721138568347e+22,32768,exponential,p0,1.0,0.5,A1_balanced_q01_q99,R2,R2,1.0,1.0,2,65,0.47688837680792395,0.5208892777080684,0.0022223454840074805,1.873526777293147e-16,2.133974005118192,5.318711824710526,335.29359187394687,0.019071543010733105,0.042940749953210164,main,False,True,True,False
5.616279042316798,355.5212659845986,0.1115116258349447,0.016961507846929666,0.6303215467235005,0.5611627867660474,0.1115116258349447,1.0,0.19686261910963065,0.2396347535658389,0.41761093744329647,2.1074487075978645,1.1980239811483422e+22,1.3085616604756291e+22,5.300789885600728e+19,1.4909909456247158e+17,-0.1715899627099865,1.2456702336294256e-13,0,0.9975459102366415,2.511886431509572e+22,32768,exponential,p0,1.0,0.5,A1_balanced_q01_q99,R2,R2,1.0,1.0,2,65,0.4769419373902044,0.5209477801467406,0.0021102824630551092,1.6697824978812212e-16,2.1261933693376043,5.602513087763829,357.14850275594495,0.018744661739739765,0.042957307697745195,main,False,True,True,False
5.915225250229972,378.7819662885643,0.1115116258349447,0.016961507846929666,0.6303215467235005,0.5611627867660474,0.1115116258349447,1.0,0.19342201341370696,0.2354215006172677,0.4102882471279015,2.1001260172824696,1.3443483907931242e+22,1.4683869356503033e+22,5.6476048210217574e+19,1.4909909456247158e+17,-0.16865809701474885,1.6986412276764895e-13,0,0.9976698117812008,2.8183829312644493e+22,32768,exponential,p0,1.0,0.5,A1_balanced_q01_q99,R2,R2,1.0,1.0,2,65,0.4769928088480124,0.521003345344389,0.002003845807598613,0.0,2.118549039240688,5.901457708751383,380.42794766196465,0.01842302195821821,0.042973029371237356,main,False,True,True,False
6.230122771161378,403.5598623351042,0.1115116258349447,0.016961507846929666,0.6303215467235005,0.5611627867660474,0.1115116258349447,1.0,0.1900411369409852,0.23128307614053117,0.4030942924445678,2.092932062599136,1.50853649271641e+22,1.6477241264443773e+22,6.017041007591971e+19,1.4909909456247158e+17,-0.16577262708953494,1.6009416015094757e-13,0,0.997787477550304,3.1622776601683792e+22,32768,exponential,p0,1.0,0.5,A1_balanced_q01_q99,R2,R2,1.0,1.0,2,65,0.47704112504658625,0.5210561195175513,0.0019027554358625126,0.0,2.111038626945537,6.216353722447428,405.2247797359286,0.01810656434640112,0.04298795706245914,main,False,True,True,False
6.561822759792737,429.95385668726414,0.1115116258349447,0.016961507846929666,0.6303215467235005,0.5611627867660474,0.1115116258349447,1.0,0.18671897967805412,0.22721810118614966,0.39602678779641703,2.0858645579509854,1.6927686014826927e+22,1.8489547177794959e+22,6.410573073571375e+19,1.4909909456247158e+17,-0.16293307172535362,1.2989609388114332e-13,0,0.9978992194442744,3.5481338923357603e+22,32768,exponential,p0,1.0,0.5,A1_balanced_q01_q99,R2,R2,1.0,1.0,2,65,0.47708701329992137,0.5211062417270608,0.001806744973017704,1.1821154802134204e-16,2.1036597864025435,6.548052279571827,431.6379044211016,0.01779522845155812,0.043002130753948854,main,False,True,True,False
6.911221787192166,458.06929869888285,0.1115116258349447,0.016961507846929666,0.6303215467235005,0.5611627867660474,0.1115116258349447,1.0,0.18345454689692672,0.2232252254898537,0.3890834896546771,2.0789212598092455,1.899491110326933e+22,2.074750823439765e+22,6.829771768286977e+19,1.4909909456247158e+17,-0.1601389361268914,1.021405182655144e-13,0,0.9980053339512409,3.981071705534985e+22,32768,exponential,p0,1.0,0.5,A1_balanced_q01_q99,R2,R2,1.0,1.0,2,65,0.47713059468032754,0.5211538442161657,0.0017155611035067195,0.0,2.0964102126615543,6.897449947414595,459.77267395753546,0.01748895285230878,0.04301558842618406,main,False,True,True,False
7.279264264193274,488.0184047258717,0.1115116258349447,0.016961507846929666,0.6303215467235005,0.5611627867660474,0.1115116258349447,1.0,0.18024685904517576,0.21930312667111018,0.3822621956867759,2.072099965841344,2.1314489602737885e+22,2.3281106510083833e+22,7.276310227444927e+19,1.4909909456247158e+17,-0.15738971359858156,8.770761894538737e-14,0,0.9981061028922273,4.466835921509617e+22,32768,exponential,p0,1.0,0.5,A1_balanced_q01_q99,R2,R2,1.0,1.0,2,65,0.47717198431444546,0.5211990527338582,0.0016289629516962013,0.0,2.089287641151869,7.265491133219914,489.74130759338914,0.01718767531052512,0.04302836615671617,main,False,True,True,False
7.666944994100395,519.9207057263949,0.1115116258349447,0.016961507846929666,0.6303215467235005,0.5611627867660474,0.1115116258349447,1.0,0.1770949516276755,0.21545050946531505,0.37556074390861394,2.0653985140631823,2.3917220712588767e+22,2.612398294367029e+22,7.751970646808671e+19,1.4909909456247158e+17,-0.15468488710746334,6.972200594645983e-14,0,0.9982017941294097,5.011872336272714e+22,32768,exponential,p0,1.0,0.5,A1_balanced_q01_q99,R2,R2,1.0,1.0,2,65,0.4772112916662158,0.521241986843952,0.0015467214898322297,1.673747341744649e-16,2.082289846974847,7.6531706368791825,521.6633391862616,0.01689133291166467,0.04304049821451239,main,False,True,True,False
8.075311861599516,553.9035240365068,0.1115116258349447,0.016961507846929666,0.6303215467235005,0.5611627867660474,0.1115116258349447,1.0,0.1739978750809465,0.21166610498761743,0.3689770118600234,2.0588147820145917,2.6837662187002658e+22,2.931388381812344e+22,8.258651390880539e+19,1.4909909456247158e+17,-0.15202393073087164,6.017408793468348e-14,0,0.9982926622422861,5.623413251903491e+22,32768,exponential,p0,1.0,0.5,A1_balanced_q01_q99,R2,R2,1.0,1.0,2,65,0.47724862080726993,0.5212827602204207,0.0014686189723092174,1.4917288885287788e-16,2.0754146442089114,8.061536339833454,555.6660939797607,0.016599862194319748,0.043052017149712365,main,False,True,True,False
8.505468665145816,590.1024812228233,0.1115116258349447,0.016961507846929666,0.6303215467235005,0.5611627867660474,0.1115116258349447,1.0,0.1709546946407904,0.20794867002668338,0.36250891580245115,2.052346685957019,3.0114588979593126e+22,3.2893161722776916e+22,8.798374564939083e+19,1.4909909456247158e+17,-0.14940631099650362,4.6851411639181606e-14,0,0.9983789491726429,6.309573444801943e+22,32768,exponential,p0,1.0,0.5,A1_balanced_q01_q99,R2,R2,1.0,1.0,2,65,0.4772840706752154,0.5213214809295152,0.0013944483952694942,1.3295047713424815e-16,2.0686598852267264,8.491692037452856,591.8851964570978,0.0163131992697072,0.04306295387902482,main,False,True,True,False
8.958578100484132,628.6620390377786,0.1115116258349447,0.016961507846929666,0.6303215467235005,0.5611627867660474,0.1115116258349447,1.0,0.16796449020388615,0.20429698636679805,0.35615440993797715,2.0459921800925454,3.379150785317727e+22,3.690933764443042e+22,9.373294080632996e+19,1.4909909456247158e+17,-0.14683148812195265,4.107825191113079e-14,0,0.9984608848395031,7.079457843841402e+22,32768,exponential,p0,1.0,0.5,A1_balanced_q01_q99,R2,R2,1.0,1.0,2,65,0.47731773532027383,0.5213582516991577,0.0013240129805684286,0.0,2.0620234600243332,8.944800422549479,630.4651112972484,0.01603127993178788,0.04307333776695631,main,False,False,True,False
9.435864903365776,669.7360756352261,0.1115116258349447,0.016961507846929666,0.6303215467235005,0.5611627867660474,0.1115116258349447,1.0,0.16502635618398295,0.2007098601367791,0.34991148564881425,2.0397492558033825,3.791723478362614e+22,4.1415731646328715e+22,9.98570424730352e+19,1.4909909456247158e+17,-0.1442989171603586,2.7755575615628914e-14,0,0.9985386877254467,7.94328234724279e+22,32768,exponential,p0,1.0,0.5,A1_balanced_q01_q99,R2,R2,1.0,1.0,2,65,0.47734970414072814,0.5213931701761126,0.0012571256831591388,2.112126356155976e-16,2.055503295562047,9.422086228087066,671.559719591434,0.01575403975866463,0.04308319670307817,main,False,False,True,False
9.938619159958069,713.4884993445996,0.1115116258349447,0.016961507846929666,0.6303215467235005,0.5611627867660474,0.1115116258349447,1.0,0.16213940136326735,0.197186121184282,0.34377817075648454,2.033615940911053,4.254654281997581e+22,4.647217050416558e+22,1.063804892330164e+20,1.4909909456247158e+17,-0.1418080490584119,2.531308496145357e-14,0,0.9986125654353226,8.91250938133744e+22,32768,exponential,p0,1.0,0.5,A1_balanced_q01_q99,R2,R2,1.0,1.0,2,65,0.47738006210761635,0.5214263291714124,0.0011936087209711594,0.0,2.0490973551168907,9.92483953758302,715.3329326182105,0.015481414205837929,0.04309255717550767,main,False,False,True,False
10.46819979389196,760.0939024518619,0.1115116258349447,0.016961507846929666,0.6303215467235005,0.5611627867660474,0.1115116258349447,1.0,0.15930274873946787,0.19372462247414296,0.3377525287999147,2.027590298954483,4.77408889979107e+22,5.214578168945126e+22,1.1332931263802822e+20,1.4909909456247158e+17,-0.13935833163256234,2.2648549702353193e-14,0,0.9986827152287838,1e+23,32768,exponential,p0,1.0,0.5,A1_balanced_q01_q99,R2,R2,1.0,1.0,2,65,0.4774088899791071,0.5214578168945126,0.0011332931263802824,0.0,2.0428036376463807,10.45441927214987,761.9593456252543,0.015213338691897782,0.04310144434079248,main,False,False,True,False
11.02603823937543,809.7382575948716,0.1115116258349447,0.016961507846929666,0.6303215467235005,0.5611627867660474,0.1115116258349447,1.0,0.15651553536919358,0.19032423950950172,0.331832658331723,2.021670428486291,5.356922995275771e+22,5.851188423639883e+22,1.2073124103998874e+20,1.4909909456247158e+17,-0.13694921046891168,1.7319479184152442e-14,0,0.9987493245275707,1.1220184543019653e+23,32768,exponential,p0,1.0,0.5,A1_balanced_q01_q99,R2,R2,1.0,1.0,2,65,0.4774362645049757,0.5214877171766349,0.0010760183183894114,1.495270949927246e-16,2.0366201771634547,11.012256863602097,811.6249342256112,0.014949748677163477,0.043109882090357855,main,False,False,True,False
11.613642310299845,862.6196595508359,0.1115116258349447,0.016961507846929666,0.6303215467235005,0.5611627867660474,0.1115116258349447,1.0,0.15377691220798878,0.18698386977451242,0.3260166922320181,2.0158544623865864,6.010893705513621e+22,6.565498831409012e+22,1.2861581019081712e+20,1.4909909456247158e+17,-0.13458012975192957,1.3100631690576847e-14,0,0.9988125713987359,1.2589254117941714e+23,32768,exponential,p0,1.0,0.5,A1_balanced_q01_q99,R2,R2,1.0,1.0,2,65,0.4774622586215914,0.5215161096837436,0.0010216316946650467,0.0,2.03054504212235,11.599860123556514,864.5277961859965,0.014690579735763709,0.04311789311368995,main,False,False,True,False
12.232600275797347,918.9491153745922,0.1115116258349447,0.016961507846929666,0.6303215467235005,0.5611627867660474,0.1115116258349447,1.0,0.15108604394754604,0.18370243219752183,0.32030279703906145,2.0101405671936297,6.744682321304979e+22,7.3669916768173856e+22,1.3701448105133593e+20,1.4909909456247158e+17,-0.1322505330268038,1.4432899320127035e-14,0,0.9988726250148652,1.4125375446227497e+23,32768,exponential,p0,1.0,0.5,A1_balanced_q01_q99,R2,R2,1.0,1.0,2,65,0.47748694163780975,0.5215430701195917,0.0009699882425987394,1.1877359340902148e-16,2.024576334815242,12.218817318983469,920.8789415659484,0.01443576762161225,0.04312549895840598,main,False,False,True,False
12.884585153264977,978.9513860393565,0.1115116258349447,0.016961507846929666,0.6303215467235005,0.5611627867660474,0.1115116258349447,1.0,0.148442108850489,0.18047886663365836,0.31468917229617444,2.0045269424507426,7.568029496598518e+22,8.266306351484675e+22,1.4596076527914464e+20,1.4909909456247158e+17,-0.12995986389993017,1.0436096431476471e-14,0,0.9989296460923791,1.584893192461111e+23,32768,exponential,p0,1.0,0.5,A1_balanced_q01_q99,R2,R2,1.0,1.0,2,65,0.47751037941215824,0.5215686704192535,0.0009209501685882605,0.0,2.0187121907794485,12.870801465226277,980.903134359349,0.014185248328705935,0.04313272008736116,main,False,False,True,False
13.571359230460837,1042.8658829367212,0.1115116258349447,0.016961507846929666,0.6303215467235005,0.5611627867660474,0.1115116258349447,1.0,0.1458442985831008,0.17731213336585314,0.3091740499143162,1.9990118200688842,8.491864515915578e+22,9.275380548584055e+22,1.554903588959576e+20,1.4909909456247158e+17,-0.12770756668176322,8.659739592076221e-15,0,0.9989837873087026,1.7782794100389228e+23,32768,exponential,p0,1.0,0.5,A1_balanced_q01_q99,R2,R2,1.0,1.0,2,65,0.47753263452168687,0.5215929789335545,0.0008743865447587579,0.0,2.0129507782150275,13.557574848091113,1044.839788995319,0.013938958146143321,0.04313957593293495,main,False,False,True,False
14.294778828893438,1110.9476228119986,0.1115116258349447,0.016961507846929666,0.6303215467235005,0.5611627867660474,0.1115116258349447,1.0,0.14329181804636063,0.17420121262334415,0.3037556935497677,1.993593463704336,9.52845033514947e+22,1.0407608686072594e+23,1.656412846675992e+20,1.4909909456247158e+17,-0.12549308697597242,6.439293542825908e-15,0,0.9990351936995068,1.9952623149688827e+23,32768,exponential,p0,1.0,0.5,A1_balanced_q01_q99,R2,R2,1.0,1.0,2,65,0.4775537664228411,0.5216160606047885,0.0008301729723702142,1.6817052950014394e-16,2.007290297412567,14.280993787232031,1112.9439252743216,0.013696833708230827,0.04314608494863065,main,False,False,True,False
15.056799321380192,1183.468244943643,0.1115116258349447,0.016961507846929666,0.6303215467235005,0.5611627867660474,0.1115116258349447,1.0,0.14078388520561122,0.171145104116796,0.29843239799640414,1.9882701681509722,1.069154632040547e+23,1.1678019660901549e+23,1.764540437645345e+20,1.4909909456247158e+17,-0.12331587221860021,5.773159728050814e-15,0,0.9990840030367814,2.238721138568347e+23,32768,exponential,p0,1.0,0.5,A1_balanced_q01_q99,R2,R2,1.0,1.0,2,65,0.4775738316047112,0.5216379771341059,0.0007881912611830527,0.0,2.0017289801910074,15.043013653704838,1185.487185548371,0.013458812040035184,0.043152264658125196,main,False,False,True,False
15.859480417338965,1260.7170946238027,0.1115116258349447,0.016961507846929666,0.6303215467235005,0.5611627867660474,0.1115116258349447,1.0,0.13831973091915764,0.1681428265892135,0.2932024885920543,1.9830402587466225,1.1996590844394405e+23,1.3103476292970528e+23,1.879717773078388e+20,1.4909909456247158e+17,-0.12117537217067806,4.884981308350689e-15,0,0.9991303461885574,2.5118864315095718e+23,32768,exponential,p0,1.0,0.5,A1_balanced_q01_q99,R2,R2,1.0,1.0,2,65,0.4775928837349863,0.5216587871409343,0.0007483291240793603,0.0,1.9962650893453102,15.845694155253089,1262.7589182024565,0.013224830598687731,0.043158131701879085,main,False,False,True,False
16.704991730095283,1343.0023772619347,0.1115116258349447,0.016961507846929666,0.6303215467235005,0.5611627867660474,0.1115116258349447,1.0,0.13589859876608765,0.1651934173818577,0.28806432063846865,1.977902090793037,1.3460906163395357e+23,1.4702899105404632e+23,2.0024043844500134e+20,1.4909909456247158e+17,-0.11907103936752897,4.884981308350689e-15,0,0.999174347461329,2.818382931264449e+23,32768,exponential,p0,1.0,0.5,A1_balanced_q01_q99,R2,R2,1.0,1.0,2,65,0.47761097379894396,0.521678546314793,0.0007104798862628818,1.190556174172756e-16,1.990896918103798,16.691204903612228,1345.0673317588353,0.012994827310761181,0.0431637018814413,main,False,False,True,False
17.59561864125605,1430.6523877144086,0.1115116258349447,0.016961507846929666,0.6303215467235005,0.5611627867660474,0.1115116258349447,1.0,0.13351974487356516,0.16229593201444964,0.2830162788344537,1.9728540489890218,1.5103928293455075e+23,1.6497517410664533e+23,2.1330897564185638e+20,1.4909909456247158e+17,-0.11700232952778288,2.6645352591003757e-15,0,0.999216124925769,3.162277660168379e+23,32768,exponential,p0,1.0,0.5,A1_balanced_q01_q99,R2,R2,1.0,1.0,2,65,0.477628150231781,0.5216973075598333,0.0006745422083856434,0.0,1.9856227895950107,17.581831278878376,1432.7407242074723,0.01276874060598887,0.04316899020154706,main,False,False,True,False
18.53376847800039,1524.0168197436965,0.1115116258349447,0.016961507846929666,0.6303215467235005,0.5611627867660474,0.1115116258349447,1.0,0.13118243774383745,0.1594494437789626,0.2780567767217318,1.9678945468763,1.6947464936224875e+23,1.8511151034340556e+23,2.272295279217626e+20,1.4909909456247158e+17,-0.11496870192492425,4.440892098500626e-16,0,0.9992557907266049,3.5481338923357603e+23,32768,exponential,p0,1.0,0.5,A1_balanced_q01_q99,R2,R2,1.0,1.0,2,65,0.47764445904458935,0.5217151211324368,0.0006404198229739743,1.8913847683414727e-16,1.9804410563238923,18.519980606795283,1526.1287924659887,0.01254650944759228,0.04317401091012417,main,False,False,True,False
19.521977019983492,1623.468160830037,0.1115116258349447,0.016961507846929666,0.6303215467235005,0.5611627867660474,0.1115116258349447,1.0,0.12888595808118028,0.15665304334635788,0.27318425614312597,1.963022026297694,1.901598487703931e+23,2.077052641502747e+23,2.4205763283075953e+20,1.4909909456247158e+17,-0.11296961972401451,1.7763568394002505e-15,0,0.9992934513774223,3.9810717055349855e+23,32768,exponential,p0,1.0,0.5,A1_balanced_q01_q99,R2,R2,1.0,1.0,2,65,0.47765994394426253,0.5217320347721865,0.0006080212835509108,1.6856984491562117e-16,1.9753500996571598,19.50818866565506,1625.6040271920265,0.01232807335946573,0.04317877753630871,main,False,False,True,False
20.562915353442918,1729.4031778988876,0.1115116258349447,0.016961507846929666,0.6303215467235005,0.5611627867660474,0.1115116258349447,1.0,0.12662959861897916,0.1539058383856563,0.26839718671267626,1.9582349568672444,2.1336942695466005e+23,2.3305631274834337e+23,2.578524479581851e+20,1.4909909456247158e+17,-0.11100455028605413,8.881784197001252e-16,0,0.9993292080410132,4.466835921509616e+23,32768,exponential,p0,1.0,0.5,A1_balanced_q01_q99,R2,R2,1.0,1.0,2,65,0.4776746464476123,0.521748093826512,0.0005772597258755836,0.0,1.9703483293176856,20.549126540399996,1731.5631985115185,0.012113372450441195,0.04318330292656576,main,False,False,True,False
21.659397091032492,1842.2444998903568,0.1115116258349447,0.016961507846929666,0.6303215467235005,0.5611627867660474,0.1115116258349447,1.0,0.12441266394713697,0.15120695319476601,0.2636940652973169,1.9535318354518851,2.3941143097137483e+23,2.6150112566900033e+23,2.7467698689634546e+20,1.4909909456247158e+17,-0.10907296544228759,1.7763568394002505e-15,0,0.9993631567960417,5.011872336272715e+23,32768,exponential,p0,1.0,0.5,A1_balanced_q01_q99,R2,R2,1.0,1.0,2,65,0.4776886059899582,0.5217633413692984,0.0005480526407434797,0.0,1.965434182887737,21.645607842453956,1844.4289385887853,0.011902347435851945,0.0431875992790069,main,False,False,True,False
22.814385976899082,1962.4423034826723,0.1115116258349447,0.016961507846929666,0.6303215467235005,0.5611627867660474,0.1115116258349447,1.0,0.12223447033997797,0.1485555283425311,0.2590734155097626,1.9489111856643309,2.6863149701429167e+23,2.9341722980547695e+23,2.925983705803575e+20,1.4909909456247158e+17,-0.10717434174060415,5.329070518200751e-15,0,0.9993953888906102,5.623413251903491e+23,32768,exponential,p0,1.0,0.5,A1_balanced_q01_q99,R2,R2,1.0,1.0,2,65,0.4777018600284472,0.5217778183137386,0.0005203216578139883,2.3867662216460463e-16,1.9606061253209206,22.800596314795087,1964.6514273507983,0.011694939656589742,0.043191678175999795,main,False,False,True,False
24.031003897558286,2090.4761086937115,0.1115116258349447,0.016961507846929666,0.6303215467235005,0.5611627867660474,0.1115116258349447,1.0,0.12009434558480528,0.145950720321484,0.2545337872122612,1.9443715573668294,3.0141743709462637e+23,3.292282192905572e+23,3.1168809501071134e+20,1.4909909456247158e+17,-0.10530816066604062,4.440892098500626e-16,0,0.9994259909834011,6.309573444801942e+23,32768,exponential,p0,1.0,0.5,A1_balanced_q01_q99,R2,R2,1.0,1.0,2,65,0.47771444414034847,0.5217915635196979,0.0004939923399536484,0.0,1.9558626484626749,24.017213842829744,2092.710188089316,0.011491091095845452,0.043195550615145,main,False,False,True,False
25.312539320224175,2226.8566915221936,0.1115116258349447,0.016961507846929666,0.6303215467235005,0.5611627867660474,0.1115116258349447,1.0,0.11799162881125191,0.14339170121082984,0.25007375603089516,1.9399115261854634,3.382043853879591e+23,3.6940937667975476e+23,3.3202231642634014e+20,1.4909909456247158e+17,-0.10347390883726358,8.881784197001252e-16,0,0.9994550453728666,7.079457843841402e+23,32768,exponential,p0,1.0,0.5,A1_balanced_q01_q99,R2,R2,1.0,1.0,2,65,0.4777263921165539,0.5218046138958412,0.00046899398760482015,0.0,1.9512022705791632,25.298748892717136,2229.11600010298,0.011290744393699814,0.0431992270387053,main,False,False,True,False
26.66245618139572,2372.1281212579424,0.1115116258349447,0.016961507846929666,0.6303215467235005,0.5611627867660474,0.1115116258349447,1.0,0.11592567032156652,0.1408776583491971,0.2456919228801202,1.9355296930346884,3.794805725381786e+23,4.144939800310346e+23,3.5368215506573604e+20,1.4909909456247158e+17,-0.10167107818077974,2.220446049250313e-15,0,0.9994826302152835,7.94328234724279e+23,32768,exponential,p0,1.0,0.5,A1_balanced_q01_q99,R2,R2,1.0,1.0,2,65,0.4777377360505144,0.5218170044967753,0.00044525945271038165,0.0,1.9466235358944204,26.64866539995566,2374.4129360080415,0.011093842859732028,0.04320271736156579,main,False,False,True,False
28.084403249734596,2526.8699305865825,0.1115116258349447,0.016961507846929666,0.6303215467235005,0.5611627867660474,0.1115116258349447,1.0,0.11389583142193743,0.13840779401674216,0.24138691349724736,1.9312246836518154,4.2579380454133466e+23,4.6508037957368184e+23,3.767540187275949e+20,1.4909909456247158e+17,-0.09989916608450786,4.440892098500626e-16,0,0.9995088197318651,8.912509381337441e+23,32768,exponential,p0,1.0,0.5,A1_balanced_q01_q99,R2,R2,1.0,1.0,2,65,0.4777485064228214,0.5218287686154338,0.0004227249617447897,0.0,1.9421250141356072,28.07061213225567,2529.180531843973,0.010900330483791798,0.04320603099778973,main,False,False,True,False
29.58222398853127,2691.699427145082,0.1115116258349447,0.016961507846929666,0.6303215467235005,0.5611627867660474,0.1115116258349447,1.0,0.11190148425498089,0.13598132512619127,0.2371573779865888,1.926995148141157,4.777587321816428e+23,5.2183993787093563e+23,4.013299474216552e+20,1.4909909456247158e+17,-0.09815767553223691,1.3322676295501878e-15,0,0.9995336844057969,1e+24,32768,exponential,p0,1.0,0.5,A1_balanced_q01_q99,R2,R2,1.0,1.0,2,65,0.4777587321816428,0.5218399378709356,0.0004013299474216552,0.0,1.9377053000862332,29.568432552005053,2694.0360986295145,0.010710151945076296,0.04320917688585062,main,False,False,True,False
0.18729289090070508,3.781239081784598,0.1115116258349447,0.016961507846929666,0.6303215467235005,0.5611627867660474,0.1115116258349447,1.0,0.6256004365218377,0.8547565100133946,1.416304635246701,3.106142405401269,4.24919519288499e+18,4.641254269348512e+18,1.1095505377664982e+18,2.934357002474526e+17,-0.3061942193953477,8.737455203799982e-14,0,0.8633762576491546,1e+19,32768,power,p0,1.0,0.5,A1_balanced_q01_q99,R2,R2,1.0,1.0,2,65,0.42491951928849897,0.46412542693485115,0.11095505377664981,0.0,3.141230674781208,0.1633752840688838,4.875794103678945,0.03508826937993881,0.024175582826736517,main,True,False,True,False
0.19614008951914,4.071627839037138,0.1115116258349447,0.016961507846929666,0.6303215467235005,0.5611627867660474,0.1115116258349447,1.0,0.6158600166349417,0.8372369179046073,1.3902241136287696,3.080061883783338,4.791656693024201e+18,5.233766883900567e+18,1.1947609660948849e+18,2.934357002474526e+17,-0.31223415197684296,8.54316617449058e-14,0,0.8692048912551533,1.1220184543019653e+19,32768,power,p0,1.0,0.5,A1_balanced_q01_q99,R2,R2,1.0,1.0,2,65,0.42705685228726525,0.46645996452497024,0.10648318318776445,1.8252819212979077e-16,3.115804333320114,0.17209282950066127,5.193605264397285,0.03574244953677619,0.02506541910592241,main,True,False,True,False
0.20544844739211252,4.382600660174286,0.1115116258349447,0.016961507846929666,0.6303215467235005,0.5611627867660474,0.1115116258349447,1.0,0.6062278651877134,0.8201663303651828,1.3646767528458892,3.0545145230004573,5.402391007034726e+18,5.900851617283797e+18,1.2860114936231898e+18,2.934357002474526e+17,-0.31755442805711964,8.759659664292485e-14,0,0.8748230263578665,1.2589254117941713e+19,32768,power,p0,1.0,0.5,A1_balanced_q01_q99,R2,R2,1.0,1.0,2,65,0.4291271711908214,0.4687213048526945,0.10215152395648416,0.0,3.090823425234115,0.18127553463384727,5.532131806390854,0.03630890223365757,0.02591668380187359,main,True,False,True,False
0.215242822140381,4.715519198307419,0.1115116258349447,0.016961507846929666,0.6303215467235005,0.5611627867660474,0.1115116258349447,1.0,0.5967046370407241,0.8035298651361461,1.3396489410929102,3.029486711247478,6.089889960605015e+18,6.651783807636837e+18,1.3837016779856438e+18,2.934357002474526e+17,-0.32219585622694036,9.919842725025774e-14,0,0.8802354953440632,1.4125375446227497e+19,32768,power,p0,1.0,0.5,A1_balanced_q01_q99,R2,R2,1.0,1.0,2,65,0.4311311924973618,0.4709102305251184,0.09795857697751977,0.0,3.066280147163379,0.19094821993533917,5.892723987530997,0.03679343591590101,0.026730821813156835,main,True,False,True,False
0.22554940173083893,5.071832411301917,0.1115116258349447,0.016961507846929666,0.6303215467235005,0.5611627867660474,0.1115116258349447,1.0,0.5872909225535908,0.7873131753549976,1.3151275170854269,3.004965287239995,6.863692596289353e+18,7.496982633173651e+18,1.488256695148104e+18,2.934357002474526e+17,-0.3261976133748144,1.1324274851176597e-13,0,0.8854472070437163,1.5848931924611109e+19,32768,power,p0,1.0,0.5,A1_balanced_q01_q99,R2,R2,1.0,1.0,2,65,0.43306972538831,0.4730276253841382,0.09390264922755177,1.292200641495438e-16,3.042166832451848,0.20113703026788324,6.276820077408327,0.03720154521185304,0.02750924035356911,main,True,False,True,False
0.23639577476163587,5.453082268987492,0.1115116258349447,0.016961507846929666,0.6303215467235005,0.5611627867660474,0.1115116258349447,1.0,0.5779872458838546,0.7715024342513479,1.2910997537900815,2.9809375239446494,7.734513646897425e+18,8.448151439384493e+18,1.6001290141073124e+18,2.934357002474526e+17,-0.3295972771649114,1.3095080575453721e-13,0,0.8904631332179012,1.7782794100389229e+19,32768,power,p0,1.0,0.5,A1_balanced_q01_q99,R2,R2,1.0,1.0,2,65,0.4349436653899138,0.4750744675832231,0.08998186702686328,1.1516750339898348e-16,3.0184759487523873,0.2118695055585384,6.6859520940609904,0.03753842480773795,0.028253308848428364,main,True,False,True,False
0.2478110045068548,5.860909840482899,0.1115116258349447,0.016961507846929666,0.6303215467235005,0.5611627867660474,0.1115116258349447,1.0,0.5687940636176251,0.7560843200013603,1.2675533426242258,2.9573911127787937,8.714387729365065e+18,9.51843523719448e+18,1.719800183129285e+18,2.934357002474526e+17,-0.3324308594331566,1.4760415112391456e-13,0,0.8952882952242702,1.9952623149688828e+19,32768,power,p0,1.0,0.5,A1_balanced_q01_q99,R2,R2,1.0,1.0,2,65,0.43675398788359165,0.4770518224989843,0.08619418961742413,0.0,2.995200095673882,0.22317465523794733,7.121751914631255,0.03780898289508805,0.028964358903223637,main,True,False,True,False
0.25982570692542634,6.29706178586976,0.1115116258349447,0.016961507846929666,0.6303215467235005,0.5611627867660474,0.1115116258349447,1.0,0.5597117637301269,0.7410460007378356,1.2444763781201105,2.9343141482746784,9.816831180400187e+18,1.072259747064511e+19,1.8477827346381673e+18,2.934357002474526e+17,-0.3347328405020418,1.6475709685437323e-13,0,0.8999277509392924,2.238721138568347e+19,32768,power,p0,1.0,0.5,A1_balanced_q01_q99,R2,R2,1.0,1.0,2,65,0.4385017415200721,0.4789608355376574,0.08253742294227037,1.8296159934503391e-16,2.9723320024695545,0.23508303665161115,7.5859577843232024,0.03801785419487613,0.029643684343321517,main,True,False,True,False
0.2724721328496257,6.763397277973798,0.1115116258349447,0.016961507846929666,0.6303215467235005,0.5611627867660474,0.1115116258349447,1.0,0.5507406648712982,0.7263751197157765,1.2218573430488187,2.911695113203387,1.105702368983324e+19,1.207721840894852e+19,1.9846222163139564e+18,2.934357002474526e+17,-0.33653620439529736,1.8274270985330077e-13,0,0.9043865820103918,2.511886431509572e+19,32768,power,p0,1.0,0.5,A1_balanced_q01_q99,R2,R2,1.0,1.0,2,65,0.44018804159025154,0.4808027248943121,0.07900923351543625,0.0,2.94986452576578,0.24762683765511245,8.080421249623495,0.038169412562393035,0.030292541322964456,main,True,False,True,False
0.28578425457977635,7.261895381644106,0.1115116258349447,0.016961507846929666,0.6303215467235005,0.5611627867660474,0.1115116258349447,1.0,0.541881015968778,0.7120597806360414,1.199685093999104,2.889522864153672,1.2452012150876887e+19,1.3600917805331128e+19,2.1308993564364803e+18,2.934357002474526e+17,-0.3378724749157504,1.7497114868092467e-13,0,0.9086698815041692,2.8183829312644493e+19,32768,power,p0,1.0,0.5,A1_balanced_q01_q99,R2,R2,1.0,1.0,2,65,0.4418140634030299,0.4825787743196828,0.07560716227728735,1.4533156423007274e-16,2.927790647330687,0.260839963616537,8.607114543439666,0.03826778317701507,0.030912148501409276,main,True,False,True,False
0.2997978571224227,7.794662919699238,0.1115116258349447,0.016961507846929666,0.6303215467235005,0.5611627867660474,0.1115116258349447,1.0,0.5331329961388215,0.6980885331314072,1.1779488474062123,2.8677866175607805,1.402093944190463e+19,1.5314604787744365e+19,2.2872323720347994e+18,2.934357002474526e+17,-0.3387717525331798,1.5187850976872141e-13,0,0.9127827420136394,3.162277660168379e+19,32768,power,p0,1.0,0.5,A1_balanced_q01_q99,R2,R2,1.0,1.0,2,65,0.44338103571708715,0.4842903259459171,0.07232863833699578,0.0,2.906103471881858,0.27475812906126623,9.168138451611316,0.038316854321077454,0.031503687283676314,main,True,False,True,False
0.31455063432485425,8.36394285651404,0.1115116258349447,0.016961507846929666,0.6303215467235005,0.5611627867660474,0.1115116258349447,1.0,0.5244967148912808,0.6844503584235184,1.1566381660255427,2.846475936180111,1.5785301185839948e+19,1.724175830858678e+19,2.4542794289308764e+18,2.934357002474526e+17,-0.3392627520160042,1.2878587085651816e-13,0,0.9167302442685992,3.5481338923357606e+19,32768,power,p0,1.0,0.5,A1_balanced_q01_q99,R2,R2,1.0,1.0,2,65,0.44489023427039776,0.4859387732190798,0.06917099251052242,0.0,2.8847962249324244,0.2894189542068364,9.76573069217261,0.0383202887523133,0.032068302123053734,main,True,False,True,False
0.33008229016636403,8.972123232360065,0.1115116258349447,0.016961507846929666,0.6303215467235005,0.5611627867660474,0.1115116258349447,1.0,0.5159722126164542,0.6711346551573307,1.1357429458457904,2.8255807160003585,1.7769233905153505e+19,1.9408741886802338e+19,2.6327412633940137e+18,2.934357002474526e+17,-0.3393728407262697,1.0902390101819037e-13,0,0.9205174463051844,3.981071705534986e+19,32768,power,p0,1.0,0.5,A1_balanced_q01_q99,R2,R2,1.0,1.0,2,65,0.4463429754467493,0.48752555398130276,0.0661314705719479,0.0,2.863862250674903,0.3048620666488119,10.402274840786362,0.03828153467454465,0.03260710088223905,main,True,False,True,False
0.3464346454857667,9.621746683642264,0.1115116258349447,0.016961507846929666,0.6303215467235005,0.5611627867660474,0.1115116258349447,1.0,0.5075594613362708,0.6581312254246636,1.1152534034359183,2.8050911735904864,1.9999838407808758e+19,2.1845156831569244e+19,2.8233639757181727e+18,2.934357002474526e+17,-0.33912807748934515,9.248157795127554e-14,0,0.924149373223561,4.466835921509617e+19,32768,power,p0,1.0,0.5,A1_balanced_q01_q99,R2,R2,1.0,1.0,2,65,0.4477406101151257,0.489052143741748,0.06320724614312642,1.8339603567151896e-16,2.843295009902102,0.32112920847251514,11.08030983795059,0.038203836311615724,0.033121155249740936,main,True,False,True,False
0.3636517504358305,10.315520586555456,0.1115116258349447,0.016961507846929666,0.6303215467235005,0.5611627867660474,0.1115116258349447,1.0,0.4992583657031126,0.645430260987302,1.095160063719963,2.784997833874531,2.250754270774642e+19,2.458423864824782e+19,3.026942006732913e+18,2.934357002474526e+17,-0.33855325194023744,7.87148124459236e-14,0,0.9276310075670731,5.011872336272715e+19,32768,power,p0,1.0,0.5,A1_balanced_q01_q99,R2,R2,1.0,1.0,2,65,0.44908451767319113,0.49052004917050424,0.060395433156304676,0.0,2.823088077964443,0.3382643490801333,11.802540115898726,0.03809024408991224,0.033611501207994735,main,True,True,True,False
0.3817800029715174,11.056327864122485,0.1115116258349447,0.016961507846929666,0.6303215467235005,0.5611627867660474,0.1115116258349447,1.0,0.49106876422775597,0.6330223297115608,1.0754537481733621,2.7652915183279303,2.5326509308912513e+19,2.7663301901148176e+19,3.2443213089742034e+18,2.934357002474526e+17,-0.3376719242427034,6.661338147750939e-14,0,0.9309672803449505,5.6234132519034905e+19,32768,power,p0,1.0,0.5,A1_balanced_q01_q99,R2,R2,1.0,1.0,2,65,0.45037610032198233,0.4919308018450239,0.05769309783299353,1.4567664927038856e-16,2.803235142763085,0.3563138040381634,12.571846385584792,0.03794362443515453,0.034079139549484244,main,True,True,True,False
0.4008682736948537,11.847238499212223,0.1115116258349447,0.016961507846929666,0.6303215467235005,0.5611627867660474,0.1115116258349447,1.0,0.4829904307171895,0.620898362226518,1.056125563434068,2.7459633335886364,2.849509227138248e+19,3.112423945162204e+19,3.476402725014918e+18,2.934357002474526e+17,-0.3365064650730322,5.362377208939506e-14,0,0.9341630627141212,6.309573444801943e+19,32768,power,p0,1.0,0.5,A1_balanced_q01_q99,R2,R2,1.0,1.0,2,65,0.451616777594653,0.4932859522740531,0.055097270131293986,1.298344503264142e-16,2.7837300027781877,0.37532636026645005,13.391297126780131,0.037766669189551294,0.03452503643706378,main,True,True,True,False
0.4209680373960386,12.691521798945178,0.1115116258349447,0.016961507846929666,0.6303215467235005,0.5611627867660474,0.1115116258349447,1.0,0.4750230759025862,0.6090496388182545,1.0371668903213807,2.7270046604759486,3.2056350139625955e+19,3.501408271250878e+19,3.724145586279288e+18,2.934357002474526e+17,-0.33507809575794745,4.318767565791859e-14,0,0.9372231583291925,7.0794578438414025e+19,32768,power,p0,1.0,0.5,A1_balanced_q01_q99,R2,R2,1.0,1.0,2,65,0.45280798115794385,0.4945870642194502,0.052604954622605955,0.0,2.7645665651317284,0.39535340790718687,14.264160827110494,0.0375619046557798,0.03495012400461236,main,True,True,True,False
0.44213351164824694,13.592659458893063,0.1115116258349447,0.016961507846929666,0.6303215467235005,0.5611627867660474,0.1115116258349447,1.0,0.4671663492374206,0.5974677765723007,1.018569373255034,2.708407143409602,3.60586215551949e+19,3.938563037068755e+19,3.9885715465454464e+18,2.934357002474526e+17,-0.333406928455386,3.952393967665557e-14,0,0.9401522963633374,7.94328234724279e+19,32768,power,p0,1.0,0.5,A1_balanced_q01_q99,R2,R2,1.0,1.0,2,65,0.4539511499010392,0.4958357093319084,0.050213140767052404,0.0,2.7457388436842494,0.4164490792303061,15.193919018851307,0.03733170027464716,0.035355300994111334,main,True,True,True,False
0.46442180283237855,14.554359478675577,0.1115116258349447,0.016961507846929666,0.6303215467235005,0.5611627867660474,0.1115116258349447,1.0,0.45941984084569637,0.5861447167761235,1.0003249100666858,2.690162680221254,4.0556171208942174e+19,4.42981539391539e+19,4.270768665278317e+18,2.934357002474526e+17,-0.33151200626777316,3.019806626980426e-14,0,0.9429551251970578,8.91250938133744e+19,32768,power,p0,1.0,0.5,A1_balanced_q01_q99,R2,R2,1.0,1.0,2,65,0.45504772532263166,0.4970334621123998,0.047918812564968445,1.83831503552834e-16,2.727240957164949,0.4386703949507526,16.184280165479276,0.037078276943695254,0.035741433425270565,main,True,True,True,False
0.48789305998773175,15.580570983966744,0.1115116258349447,0.016961507846929666,0.6303215467235005,0.5611627867660474,0.1115116258349447,1.0,0.4517830836004809,0.5750727125929204,0.9824256421956424,2.6722634123502105,4.560991472234159e+19,4.981818952072298e+19,4.5718957569354235e+18,2.934357002474526e+17,-0.32941134317968573,2.2093438190040615e-14,0,0.9456362067666481,1e+20,32768,power,p0,1.0,0.5,A1_balanced_q01_q99,R2,R2,1.0,1.0,2,65,0.45609914722341593,0.4981818952072298,0.045718957569354235,0.0,2.709067127334536,0.4620774183530585,17.239194453369542,0.03680371498432544,0.0361093552938419,main,True,True,True,False
0.5126106369055794,16.67550001355631,0.1115116258349447,0.016961507846929666,0.6303215467235005,0.5611627867660474,0.1115116258349447,1.0,0.44425555531329813,0.5642443170172258,0.9648639452602675,2.6547017154148356,5.128823209600859e+19,5.602042631073364e+19,4.893187023454301e+18,2.934357002474526e+17,-0.327121963715314,2.1871393585115584e-14,0,0.9482000115593824,1.1220184543019654e+20,32768,power,p0,1.0,0.5,A1_balanced_q01_q99,R2,R2,1.0,1.0,2,65,0.45710684970788856,0.49928257504093637,0.043610575251175086,0.0,2.691211677180261,0.4867334176399065,18.362869547635906,0.03650996176542565,0.036459869294845494,main,True,True,True,False
0.5386412629045305,17.843626333982435,0.1115116258349447,0.016961507846929666,0.6303215467235005,0.5611627867660474,0.1115116258349447,1.0,0.43683668101554834,0.5536523711219404,0.9476324199962467,2.6374701901508146,5.766788053999702e+19,6.298870365115408e+19,5.235956988266022e+18,2.934357002474526e+17,-0.3246599422157095,1.099120794378905e-14,0,0.9506509142384518,1.2589254117941713e+20,32768,power,p0,1.0,0.5,A1_balanced_q01_q99,R2,R2,1.0,1.0,2,65,0.4580722574962643,0.5003370577879196,0.04159068471581601,0.0,2.6736690291425718,0.5127050369434185,19.55978737495972,0.03619883899175713,0.036793747567028974,main,True,True,True,False
0.5660552227499337,19.08972134837255,0.1115116258349447,0.016961507846929666,0.6303215467235005,0.5611627867660474,0.1115116258349447,1.0,0.4295258353138001,0.5432899926054033,0.9307238835525897,2.620561653707158,6.483501882052312e+19,7.081712989036339e+19,5.601605751388445e+18,2.934357002474526e+17,-0.32204044164129836,5.88418203051333e-15,0,0.9529931898768869,1.4125375446227496e+20,32768,power,p0,1.0,0.5,A1_balanced_q01_q99,R2,R2,1.0,1.0,2,65,0.4589967825445574,0.5013468856806685,0.03965633177477404,1.1598983731349755e-16,2.6564337033728345,0.5400624764614473,20.834722000346954,0.035872049665676364,0.03711173245498887,main,True,True,True,False
0.594926546203921,20.418867170525488,0.1115116258349447,0.016961507846929666,0.6303215467235005,0.5611627867660474,0.1115116258349447,1.0,0.42232234480169023,0.5331505646459695,0.9141313611359914,2.6039691312905595,7.288635673894415e+19,7.961133792072406e+19,5.991624586442868e+18,2.934357002474526e+17,-0.3192777518113277,7.327471962526033e-15,0,0.9552310107769924,1.5848931924611108e+20,32768,power,p0,1.0,0.5,A1_balanced_q01_q99,R2,R2,1.0,1.0,2,65,0.45988182096840313,0.5023135836497544,0.037804595381842346,0.0,2.639500316021575,0.5688796822057727,22.19275866911818,0.035531184731015575,0.03741453728553326,main,True,True,True,False
0.6253332077186973,21.83647693993561,0.1115116258349447,0.016961507846929666,0.6303215467235005,0.5611627867660474,0.1115116258349447,1.0,0.41522549051206625,0.5232277250704649,0.8978480779939902,2.5876858481485585,8.193044502075179e+19,8.948989408133315e+19,6.407601901807357e+18,2.934357002474526e+17,-0.3163853269987079,6.439293542825908e-15,0,0.9573684438489195,1.778279410038923e+20,32768,power,p0,1.0,0.5,A1_balanced_q01_q99,R2,R2,1.0,1.0,2,65,0.46072875026404597,0.5032386562884086,0.036032593447545495,1.8426800543837358e-16,2.6228635775567155,0.5992345458750697,23.639314090080898,0.035177729408157,0.03770284715500373,main,True,True,True,False
0.6573573368128364,23.348316458445904,0.1115116258349447,0.016961507846929666,0.6303215467235005,0.5611627867660474,0.1115116258349447,1.0,0.40823451039405195,0.5135153558416108,0.8818674517271402,2.5717052218817082,9.208912275712388e+19,1.0058587915018119e+20,6.851229589583196e+18,2.934357002474526e+17,-0.31337582280587006,9.325873406851315e-15,0,0.9594094485203313,1.995262314968883e+20,32768,power,p0,1.0,0.5,A1_balanced_q01_q99,R2,R2,1.0,1.0,2,65,0.4615389268180513,0.5041235851324635,0.03433748804948508,1.642290327149843e-16,2.6065182911112625,0.631209115392905,25.180158040789394,0.034813069229554294,0.037977319724457226,main,True,True,True,False
0.6910854396990079,24.960527234515155,0.1115116258349447,0.016961507846929666,0.6303215467235005,0.5611627867660474,0.1115116258349447,1.0,0.40134860180081,0.5040075728683212,0.8661830849203198,2.556020855074888,1.034991416339038e+20,1.1304866243532535e+20,7.324309787605566e+18,2.934357002474526e+17,-0.3102611322547139,3.885780586188048e-15,0,0.9613578751475511,2.238721138568347e+20,32768,power,p0,1.0,0.5,A1_balanced_q01_q99,R2,R2,1.0,1.0,2,65,0.462313683695733,0.5049698262447261,0.03271649005954101,1.463692794760271e-16,2.59045935085995,0.6648898166798238,26.8214363810656,0.034438495785062084,0.0382385860197679,main,True,True,True,False
0.7266086327620281,26.679651026724002,0.1115116258349447,0.016961507846929666,0.6303215467235005,0.5611627867660474,0.1115116258349447,1.0,0.394566923974842,0.49469871614157174,0.8507887580831683,2.5406265282377367,1.163139885305758e+20,1.2704589253899693e+20,7.828762081384425e+18,2.934357002474526e+17,-0.3070524210313102,7.771561172376096e-16,0,0.963217463897297,2.5118864315095718e+20,32768,power,p0,1.0,0.5,A1_balanced_q01_q99,R2,R2,1.0,1.0,2,65,0.46305432869699614,0.505778808091439,0.03116686321156472,1.3045175764697042e-16,2.574681740424315,0.7003676872589998,28.569695566572925,0.034055212186578476,0.0384872512339061,main,True,True,True,False
0.7640228885178292,28.51265598416145,0.1115116258349447,0.016961507846929666,0.6303215467235005,0.5611627867660474,0.1115116258349447,1.0,0.38788860051885127,0.48558334019729565,0.8356784228895889,2.525516193044157,1.307059307060052e+20,1.4276573124581261e+20,8.366631174627135e+18,2.934357002474526e+17,-0.3037601618336056,3.6637359812630166e-15,0,0.9649918440677985,2.818382931264449e+20,32768,power,p0,1.0,0.5,A1_balanced_q01_q99,R2,R2,1.0,1.0,2,65,0.4637621426672664,0.5065519296973662,0.029685927635367496,1.162652513840582e-16,2.559180531305716,0.7377386223268442,30.43190876022103,0.03366433826155868,0.038723895528826824,main,True,True,True,False
0.8034292947176837,30.466964487722482,0.1115116258349447,0.016961507846929666,0.6303215467235005,0.5611627867660474,0.1115116258349447,1.0,0.38131272184129816,0.4766562049066431,0.820846195706237,2.510683965860805,1.4686831074335754e+20,1.604193602146113e+20,8.940095058869118e+18,2.934357002474526e+17,-0.3003941677779088,2.3314683517128287e-15,0,0.9666845338175541,3.1622776601683794e+20,32768,power,p0,1.0,0.5,A1_balanced_q01_q99,R2,R2,1.0,1.0,2,65,0.4644383780503871,0.5072905590651694,0.02827106288444352,0.0,2.5439508813458067,0.777103633953692,32.41550364554709,0.033266915485001824,0.038949074834601444,main,True,True,True,False
0.8449343272975419,32.55048280316367,0.1115116258349447,0.016961507846929666,0.6303215467235005,0.5611627867660474,0.1115116258349447,1.0,0.3748383475668934,0.4679122665928006,0.8062863513998928,2.4961241215544607,1.650181217430078e+20,1.8024379377582932e+20,9.551473714738995e+18,2.934357002474526e+17,-0.29696362482726907,5.551115123125783e-16,0,0.9682989402700886,3.54813389233576e+20,32768,power,p0,1.0,0.5,A1_balanced_q01_q99,R2,R2,1.0,1.0,2,65,0.4650842576698121,0.5079960318441468,0.02691971048604143,3.694110875666939e-16,2.5289880332139756,0.8185691241151928,34.528392053014436,0.032863911659514855,0.0391633216436092,main,True,True,True,False
0.8886501379095281,34.77163266401383,0.1115116258349447,0.016961507846929666,0.6303215467235005,0.5611627867660474,0.1115116258349447,1.0,0.3684645089034004,0.4593466694725183,0.7919933174136955,2.4818310875682634,1.8539889697329204e+20,2.0250503520069445e+20,1.0203238379512095e+19,2.934357002474526e+17,-0.2934771232119552,2.220446049250313e-15,0,0.9698383599635146,3.9810717055349857e+20,32768,power,p0,1.0,0.5,A1_balanced_q01_q99,R2,R2,1.0,1.0,2,65,0.4657009737240533,0.5086696502329926,0.025629376042954143,0.0,2.514287312921283,0.86224717229239,36.77900151739424,0.03245622535301962,0.03936714579779075,main,True,True,True,False
0.9346948568121529,37.13938491015735,0.1115116258349447,0.016961507846929666,0.6303215467235005,0.5611627867660474,0.1115116258349447,1.0,0.36219021095715376,0.45095473741951264,0.7779616681022563,2.4677994382568245,2.0828395236414574e+20,2.2750161836894424e+20,1.0898021417871696e+19,2.934357002474526e+17,-0.2899426878190215,1.9984014443252818e-15,0,0.9713059796141661,4.466835921509617e+20,32768,power,p0,1.0,0.5,A1_balanced_q01_q99,R2,R2,1.0,1.0,2,65,0.46628968698217566,0.5093126821010644,0.024397630916759953,0.0,2.4998441283604347,0.9082558384178651,39.17630889210155,0.03204469010361022,0.039561035267165055,main,True,True,True,False
0.9831929119371933,39.66329531613279,0.1115116258349447,0.016961507846929666,0.6303215467235005,0.5611627867660474,0.1115116258349447,1.0,0.3560144349907377,0.4427319660459825,0.7641861193157871,2.4540238894703554,2.3398002491336062e+20,2.555685818787e+20,1.1638626835210932e+19,2.934357002474526e+17,-0.28636780753437063,3.552713678800501e-15,0,0.9727048771644975,5.0118723362727146e+20,32768,power,p0,1.0,0.5,A1_balanced_q01_q99,R2,R2,1.0,1.0,2,65,0.4668515261651088,0.5099263603126095,0.02322211352228193,2.615230221476014e-16,2.4856539678713303,0.956719481986781,41.729876154563414,0.03163007840097487,0.03974545691797104,main,True,True,True,False
1.034275364994891,42.35354275193823,0.1115116258349447,0.016961507846929666,0.6303215467235005,0.5611627867660474,0.1115116258349447,1.0,0.3499361406172342,0.43467401509766335,0.7506615232235124,2.4404992933780805,2.628313553315258e+20,2.8708192838344792e+20,1.2428041475375415e+19,2.934357002474526e+17,-0.28275946352674713,2.220446049250313e-15,0,0.9740380230863448,5.6234132519034906e+20,32768,power,p0,1.0,0.5,A1_balanced_q01_q99,R2,R2,1.0,1.0,2,65,0.4673875874986762,0.510511882238554,0.022100530262769858,1.1654131941631085e-16,2.4717123988317455,1.007769098195371,44.44988854542878,0.03121310545366507,0.039920857268988336,main,True,True,True,False
1.088080265525305,45.22096982846189,0.1115116258349447,0.016961507846929666,0.6303215467235005,0.5611627867660474,0.1115116258349447,1.0,0.34395426792635136,0.42677670115707217,0.7373828633667676,2.427220633521336,2.952242691495877e+20,3.22463628383123e+20,1.3269446947483642e+19,2.934357002474526e+17,-0.279124156468691,3.552713678800501e-15,0,0.9753082819117687,6.309573444801943e+20,32768,power,p0,1.0,0.5,A1_balanced_q01_q99,R2,R2,1.0,1.0,2,65,0.46789893442448827,0.5110704094407211,0.02103065613479069,2.0773512052226271e-16,2.4580150662726985,1.0615426720154808,47.3471951937478,0.03079443275136251,0.04008766323474778,main,True,True,True,False
1.1447530238517865,48.27712618958808,0.1115116258349447,0.016961507846929666,0.6303215467235005,0.5611627867660474,0.1115116258349447,1.0,0.33806773953864233,0.41903599064890923,0.7243452499323795,2.4141830200869476,3.315923171304313e+20,3.621872349243325e+20,1.4166232329376412e+19,2.934357002474526e+17,-0.27546793269463754,4.440892098500626e-16,0,0.9765184139652,7.079457843841402e+20,32768,power,p0,1.0,0.5,A1_balanced_q01_q99,R2,R2,1.0,1.0,2,65,0.4683865974551876,0.5116030675137196,0.02001033503109277,0.0,2.444557691518077,1.1181855511621397,50.43335239015807,0.030374671431129485,0.04024628285450993,main,True,True,True,False
1.2044468039441831,51.53431462358539,0.1115116258349447,0.016961507846929666,0.6303215467235005,0.5611627867660474,0.1115116258349447,1.0,0.3322754625847588,0.41144799314103747,0.7115439152371151,2.401381685391683,3.724220432509884e+20,4.0678418377494626e+20,1.5122007698344315e+19,2.934357002474526e+17,-0.27179640930106325,6.661338147750939e-16,0,0.977671077271467,7.943282347242789e+20,32768,power,p0,1.0,0.5,A1_balanced_q01_q99,R2,R2,1.0,1.0,2,65,0.4688515741609773,0.5121109460702301,0.019037479768792744,1.6500987157468562e-16,2.4313360708480944,1.1778508389623603,53.72066968067649,0.02995438545641127,0.04039710600603524,main,True,True,True,False
1.267322937252606,55.00564017766744,0.1115116258349447,0.016961507846929666,0.6303215467235005,0.5611627867660474,0.1115116258349447,1.0,0.32657633060748587,0.4040089549338783,0.6989742094141902,2.388811979568758,4.182594568525287e+20,4.568508627381221e+20,1.6140618543093258e+19,2.934357002474526e+17,-0.2681147981978202,1.3322676295501878e-15,0,0.9787688296162844,8.91250938133744e+20,32768,power,p0,1.0,0.5,A1_balanced_q01_q99,R2,R2,1.0,1.0,2,65,0.46929482927485383,0.512595098855947,0.018110071869199138,0.0,2.418346074186161,1.2406998081869933,57.22225896495349,0.02953409461740275,0.04054050510331813,main,True,True,True,False
1.3335513586298244,58.70506247157793,0.1115116258349447,0.016961507846929666,0.6303215467235005,0.5611627867660474,0.1115116258349447,1.0,0.3209692253849183,0.3967152529307004,0.6866315962930698,2.3764693664476377,4.6971729490452886e+20,5.1305654398105335e+20,1.7226161114417922e+19,2.934357002474526e+17,-0.26442792912362556,1.7763568394002505e-15,0,0.9798141307366282,1e+21,32768,power,p0,1.0,0.5,A1_balanced_q01_q99,R2,R2,1.0,1.0,2,65,0.46971729490452885,0.5130565439810534,0.017226161114417923,2.62144e-16,2.405583643808761,1.3069023369642805,60.95208679481519,0.029114277361123264,0.0406768357775951,main,True,True,True,False
1.403311065519622,62.647451418855255,0.1115116258349447,0.016961507846929666,0.6303215467235005,0.5611627867660474,0.1115116258349447,1.0,0.3154530186737994,0.3895633887808433,0.6745116494640117,2.3643494196185797,5.274831708160951e+20,5.761522847100601e+20,1.838299877581006e+19,2.934357002474526e+17,-0.26074027164203095,3.1086244689504383e-15,0,0.9808093446204319,1.1220184543019653e+21,32768,power,p0,1.0,0.5,A1_balanced_q01_q99,R2,R2,1.0,1.0,2,65,0.4701198708396067,0.513496264255741,0.016383864904652184,0.0,2.39304479307793,1.3766373679532924,64.9250300817044,0.02869537345935047,0.040806437541050365,main,True,True,True,False
1.4767906016517494,66.84864657800341,0.1115116258349447,0.016961507846929666,0.6303215467235005,0.5611627867660474,0.1115116258349447,1.0,0.3100265738725542,0.3825499832876877,0.6626100485190699,2.352447818673638,5.923287179972089e+20,6.469809143777514e+20,1.9615779419210908e+19,2.934357002474526e+17,-0.25705595613716076,1.9984014443252818e-15,0,0.9817567418960326,1.2589254117941712e+21,32768,power,p0,1.0,0.5,A1_balanced_q01_q99,R2,R2,1.0,1.0,2,65,0.47050342494321823,0.5139152076179792,0.015581367438802642,0.0,2.380725605195936,1.4500933920184425,69.1569354352081,0.028277786522298065,0.040929634432779624,main,True,True,True,False
1.554188566549991,71.32552037030678,0.1115116258349447,0.016961507846929666,0.6303215467235005,0.5611627867660474,0.1115116258349447,1.0,0.3046887476040794,0.37567177107291594,0.6509225754615289,2.340760345616097,6.651198495765556e+20,7.264882410308191e+20,2.0929454015374914e+19,2.934357002474526e+17,-0.2533787938310556,4.218847493575595e-15,0,0.9826585022936121,1.4125375446227498e+21,32768,power,p0,1.0,0.5,A1_balanced_q01_q99,R2,R2,1.0,1.0,2,65,0.470868793617936,0.5143142876424175,0.014816918739646386,0.0,2.368622231981778,1.5274689577123943,73.66468236935401,0.027861886365680988,0.04104673564665887,main,True,True,True,False
1.6357141522301553,76.09604541643574,0.1115116258349447,0.016961507846929666,0.6303215467235005,0.5611627867660474,0.1115116258349447,1.0,0.29943839121874805,0.3689255954884749,0.6394451112759886,2.3292828814305566,7.468282704984755e+20,8.157356255898015e+20,2.232929637283378e+19,2.934357002474526e+17,-0.2497122958466246,4.440892098500626e-16,0,0.9835167171619518,1.584893192461111e+21,32768,power,p0,1.0,0.5,A1_balanced_q01_q99,R2,R2,1.0,1.0,2,65,0.4712167823364543,0.5146943841200311,0.014088833543514435,1.6540168211141605e-16,2.3567308926691175,1.608973207944469,78.46625062878667,0.027448011238560888,0.04115803614088396,main,True,True,True,False
1.7215877085375448,81.17936626044843,0.1115116258349447,0.016961507846929666,0.6303215467235005,0.5611627867660474,0.1115116258349447,1.0,0.2942743522185342,0.3623084037675117,0.6281736326516157,2.318011402806184,8.38544394845133e+20,9.159140910095105e+20,2.3820924184279114e+19,2.934357002474526e+17,-0.24605969134202701,1.1102230246251565e-15,0,0.9843333920256417,1.7782794100389228e+21,32768,power,p0,1.0,0.5,A1_balanced_q01_q99,R2,R2,1.0,1.0,2,65,0.4715481662281514,0.5150563436988022,0.013395490073046351,1.4741440435069888e-16,2.345047872725271,1.6948264452851651,83.58079190335228,0.027036469919087036,0.041263817229023385,main,True,True,True,False
1.8120413386519527,86.59587576727058,0.1115116258349447,0.016961507846929666,0.6303215467235005,0.5611627867660474,0.1115116258349447,1.0,0.28919547560341663,0.355817242405542,0.6171042088513072,2.3069419790058756,9.414918398823791e+20,1.0283601536421934e+21,2.5410321444310454e+19,2.934357002474526e+17,-0.24242394474377774,1.9984014443252818e-15,0,0.9851104491686588,1.995262314968883e+21,32768,power,p0,1.0,0.5,A1_balanced_q01_q99,R2,R2,1.0,1.0,2,65,0.4718636907132996,0.5154009805764468,0.01273532871025369,0.0,2.3335695226908904,1.7852607274347287,89.02870621715012,0.026627543685014743,0.04136434715252379,main,True,True,True,False
1.9073195263687919,92.36729649840747,0.1115116258349447,0.016961507846929666,0.6303215467235005,0.5611627867660474,0.1115116258349447,1.0,0.2842006051415884,0.34944925276306354,0.6062329987198212,2.2960707688743893,1.0570436892558498e+21,1.1545735869845229e+21,2.7103862327974273e+19,2.934357002474526e+17,-0.238807772107045,2.886579864025407e-15,0,0.9858497302320439,2.238721138568347e+21,32768,power,p0,1.0,0.5,A1_balanced_q01_q99,R2,R2,1.0,1.0,2,65,0.4721640721773079,0.5157290772368675,0.012106850585824674,0.0,2.322292257039969,1.8805204944654463,94.83172329672232,0.026221488165579565,0.041459881634662105,main,True,True,True,False
2.0076797968514573,98.51676739048666,0.1115116258349447,0.016961507846929666,0.6303215467235005,0.5611627867660474,0.1115116258349447,1.0,0.27928858456519584,0.3432016668808885,0.5955562478241736,2.2853940179787418,1.1867407412459673e+21,1.2962373536382617e+21,2.8908336625342857e+19,2.934357002474526e+17,-0.23521365663249166,4.440892098500626e-16,0,0.9865529988143241,2.5118864315095717e+21,32768,power,p0,1.0,0.5,A1_balanced_q01_q99,R2,R2,1.0,1.0,2,65,0.47244999867799364,0.5160413852226831,0.011508616099323318,0.0,2.3112125530598226,1.9808632295328736,101.01298924294213,0.025818535081080896,0.041550664416031884,main,True,True,True,False
2.1133934126405896,105.06893608238232,0.1115116258349447,0.016961507846929666,0.6303215467235005,0.5611627867660474,0.1115116258349447,1.0,0.274458258693543,0.3370718034995427,0.5850702857198754,2.2749080558744437,1.3323119843379716e+21,1.4552399700928886e+21,3.0830976833588695e+19,2.934357002474526e+17,-0.23164386336964302,6.661338147750939e-16,0,0.9872219430644658,2.818382931264449e+21,32768,power,p0,1.0,0.5,A1_balanced_q01_q99,R2,R2,1.0,1.0,2,65,0.4727221306794668,0.5163386259368257,0.010939243383707472,0.0,2.3003269497506853,2.0865601548420325,107.59715885229951,0.025418893876241633,0.04163692777168988,main,True,True,True,False
2.2247461068005436,112.05005725922142,0.1115116258349447,0.016961507846929666,0.6303215467235005,0.5611627867660474,0.1115116258349447,1.0,0.26970847448589624,0.3310570642741689,0.5747715233368627,2.264609293491431,1.495697571925385e+21,1.6337006012283672e+21,3.2879487014626796e+19,2.934357002474526e+17,-0.22810045313716057,2.886579864025407e-15,0,0.9878581782585384,3.1622776601683794e+21,32768,power,p0,1.0,0.5,A1_balanced_q01_q99,R2,R2,1.0,1.0,2,65,0.4729811018067733,0.5166214914668116,0.010397406726415063,1.6579442298943593e-16,2.289632046744592,2.1978969647495923,114.61049395581531,0.025022753253161056,0.041718893010152566,main,True,True,True,False
2.342038855184953,119.48809740554388,0.1115116258349447,0.016961507846929666,0.6303215467235005,0.5611627867660474,0.1115116258349447,1.0,0.2650380820261037,0.3251549301765413,0.5646564504792052,2.2544942206337732,1.6790746011354488e+21,1.8339972176668797e+21,3.5062073533431595e+19,2.934357002474526e+17,-0.22458529569058142,2.886579864025407e-15,0,0.9884632493518213,3.5481338923357606e+21,32768,power,p0,1.0,0.5,A1_balanced_q01_q99,R2,R2,1.0,1.0,2,65,0.4732275196159812,0.5168906454258825,0.00988183495813626,1.4776443502667755e-16,2.279124503243192,2.3151745979838254,122.08096816782486,0.024630282609418686,0.0417967709544791,main,True,True,True,False
2.4655886899077264,127.41284638549047,0.1115116258349447,0.016961507846929666,0.6303215467235005,0.5611627867660474,0.1115116258349447,1.0,0.2604459354414109,0.31936295807592413,0.5547216334329664,2.2445594035875347,1.884886037982095e+21,2.0587981897532427e+21,3.738747779964751e+19,2.934357002474526e+17,-0.2211000821680884,3.552713678800501e-15,0,0.9890386334995693,3.9810717055349854e+21,32768,power,p0,1.0,0.5,A1_balanced_q01_q99,R2,R2,1.0,1.0,2,65,0.47346196637490606,0.517146723805764,0.009391309819329993,1.3169519134032904e-16,2.2688010369741747,2.438710051069321,130.03837846243928,0.024241633386639982,0.0418707624057146,main,True,True,True,False
2.595729556218117,135.8560362950951,0.1115116258349447,0.016961507846929666,0.6303215467235005,0.5611627867660474,0.1115116258349447,1.0,0.2559308937578893,0.3136787774907233,0.5449637126768191,2.2348014828313874,2.1158731728109172e+21,2.3110977375556047e+21,3.986501114309457e+19,2.934357002474526e+17,-0.21764633684470777,2.220446049250313e-15,0,0.9895857425401796,4.4668359215096167e+21,32768,power,p0,1.0,0.5,A1_balanced_q01_q99,R2,R2,1.0,1.0,2,65,0.4736849998501477,0.5173903358363213,0.008924664313530851,1.1737346282977215e-16,2.2586584231659783,2.5688372351552773,138.51446402271625,0.02385694033459096,0.04194105858901066,main,True,True,True,False
2.7328132150958386,144.8514680607665,0.1115116258349447,0.016961507846929666,0.6303215467235005,0.5611627867660474,0.1115116258349447,1.0,0.251491821694951,0.30810008750307527,0.5353794006902733,2.2252171708448416,2.375112036854973e+21,2.5942557074554586e+21,4.250459196228253e+19,2.934357002474526e+17,-0.21422542822502197,2.4424906541753444e-15,0,0.9901059254353712,5.011872336272714e+21,32768,power,p0,1.0,0.5,A1_balanced_q01_q99,R2,R2,1.0,1.0,2,65,0.47389715409657124,0.5176220648478815,0.008480781055547162,0.0,2.2486934935404532,2.705907878563408,147.54303283658848,0.023476322695611618,0.04200784158275772,main,True,True,True,False
2.8772101940049613,154.4351462889626,0.1115116258349447,0.016961507846929666,0.6303215467235005,0.5611627867660474,0.1115116258349447,1.0,0.24712759040148655,0.3026246538287218,0.525965479854618,2.215803250009186,2.666054263291504e+21,2.912042203317867e+21,4.531678529411953e+19,2.934357002474526e+17,-0.2108385795040522,8.881784197001252e-16,0,0.9906004706630205,5.623413251903491e+21,32768,power,p0,1.0,0.5,A1_balanced_q01_q99,R2,R2,1.0,1.0,2,65,0.47409894024577703,0.5178424691324541,0.00805859062176874,1.8646611106609735e-16,2.238903135323185,2.8502924774947465,157.16009654449255,0.023099885313999202,0.04207128473110837,main,True,True,True,False
3.0293107883767774,164.64542290494398,0.1115116258349447,0.016961507846929666,0.6303215467235005,0.5611627867660474,0.1115116258349447,1.0,0.24283707813612765,0.29725030603477026,0.5167188004418929,2.206556570596461,2.9925729351768227e+21,3.268687664662471e+21,4.831284496265021e+19,2.934357002474526e+17,-0.2074868784254202,6.661338147750939e-16,0,0.9910706085586223,6.309573444801943e+21,32768,power,p0,1.0,0.5,A1_balanced_q01_q99,R2,R2,1.0,1.0,2,65,0.47429084729051113,0.5180520828005157,0.007657069908973339,3.3237619283562036e-16,2.2292842902711425,3.0023812974654454,167.40401407655656,0.022727719674681346,0.04213155304027191,main,True,True,True,False
3.189526116527715,175.52315015357792,0.1115116258349447,0.016961507846929666,0.6303215467235005,0.5611627867660474,0.1115116258349447,1.0,0.23861917089417717,0.29197493489815873,0.5076362786874514,2.1974740488420195,3.3590140288203143e+21,3.6689390565461354e+21,5.150475847495391e+19,2.934357002474526e+17,-0.20417128656527087,4.440892098500626e-16,0,0.9915175136023449,7.079457843841402e+21,32768,power,p0,1.0,0.5,A1_balanced_q01_q99,R2,R2,1.0,1.0,2,65,0.4744733428623217,0.5182514166304186,0.007275240507259915,1.4811529683903444e-16,2.2198339537173677,3.1625854281780117,178.31564465226862,0.022359904875348224,0.042188803558994806,main,True,True,True,False
3.3582892308638006,187.1118435724749,0.1115116258349447,0.016961507846929666,0.6303215467235005,0.5611627867660474,0.1115116258349447,1.0,0.2344727629836963,0.2867964898979103,0.4987148949418823,2.1885526650964504,3.7702541354190866e+21,4.1181229169804213e+21,5.490529484328098e+19,2.934357002474526e+17,-0.20089264806972837,1.5543122344752192e-15,0,0.991942306648953,7.943282347242789e+21,32768,power,p0,1.0,0.5,A1_balanced_q01_q99,R2,R2,1.0,1.0,2,65,0.47464687400011507,0.5184409589078591,0.00691216709202579,0.0,2.2105491736323977,3.3313378946795655,189.9385107528725,0.021996508535947257,0.04224318574364382,main,True,True,True,False
3.5360562883750157,199.45785558753406,0.1115116258349447,0.016961507846929666,0.6303215467235005,0.5611627867660474,0.1115116258349447,1.0,0.23039675755322012,0.2817129768344986,0.48995169189826254,2.1797894620528306,4.231765227096573e+21,4.6222160987166836e+21,5.8528055524183335e+19,2.934357002474526e+17,-0.19765169787288683,1.1102230246251565e-15,0,0.9923460570985447,8.912509381337441e+21,32768,power,p0,1.0,0.5,A1_balanced_q01_q99,R2,R2,1.0,1.0,2,65,0.4748118679075702,0.5186211762531754,0.006566955839254379,1.1765216227381376e-16,2.201427049702132,3.5090948278104346,202.31897171654185,0.02163758764930135,0.04229484180832915,main,True,True,True,False
3.7233077835825146,212.61056042334863,0.1115116258349447,0.016961507846929666,0.6303215467235005,0.5611627867660474,0.1115116258349447,1.0,0.2263900670735462,0.2767224555698998,0.48134377289093533,2.1711815430455035,4.749687326976567e+21,5.187925144345604e+21,6.238752867782864e+19,2.934357002474526e+17,-0.1944490694215251,2.4424906541753444e-15,0,0.9927297850066272,1e+22,32768,power,p0,1.0,0.5,A1_balanced_q01_q99,R2,R2,1.0,1.0,2,65,0.47496873269765666,0.5187925144345604,0.006238752867782864,0.0,2.192464732421852,3.6963366971066214,215.50640864872452,0.02128318937634832,0.04234390706050224,main,True,True,True,False
3.9205498472718734,226.62255106602885,0.1115116258349447,0.016961507846929666,0.6303215467235005,0.5611627867660474,0.1115116258349447,1.0,0.22245161377595363,0.27182303788216916,0.4728883002621739,2.162726070416742,5.33091004782169e+21,5.822775348234037e+21,6.649914696392426e+19,2.934357002474526e+17,-0.19128530193186993,2.4424906541753444e-15,0,0.9930944631322198,1.1220184543019653e+22,32768,power,p0,1.0,0.5,A1_balanced_q01_q99,R2,R2,1.0,1.0,2,65,0.4751178581227684,0.5189553991655624,0.005926742711669122,0.0,2.1836594222061128,3.8935696094887997,229.5534213852174,0.020933351789370835,0.04239051022247525,main,True,True,True,False
4.128315614522063,241.54984906409163,0.1115116258349447,0.016961507846929666,0.6303215467235005,0.5611627867660474,0.1115116258349447,1.0,0.2185803300491858,0.2670128854286262,0.46458249379330147,2.15442026394787,5.983164081460422e+21,6.535210687376503e+21,7.087934910478821e+19,2.934357002474526e+17,-0.1881608472028573,3.1086244689504383e-15,0,0.9934410189233422,1.2589254117941714e+22,32768,power,p0,1.0,0.5,A1_balanced_q01_q99,R2,R2,1.0,1.0,2,65,0.47525961628921687,0.5191102368855018,0.005630146825281231,0.0,2.175008368514229,4.101326677248172,244.51603829356006,0.020588104566359178,0.04243477373931296,main,True,True,True,False
4.347166665727859,257.45212800426174,0.1115116258349447,0.016961507846929666,0.6303215467235005,0.5611627867660474,0.1115116258349447,1.0,0.2147751587974481,0.2622902078119848,0.4564236291970044,2.1462613993515727,6.715123853284971e+21,7.334705947481398e+21,7.554564546112735e+19,2.934357002474526e+17,-0.18507607600943288,4.440892098500626e-16,0,0.993770336439427,1.4125375446227496e+22,32768,power,p0,1.0,0.5,A1_balanced_q01_q99,R2,R2,1.0,1.0,2,65,0.4753943623550479,0.5192574155216737,0.005348222123278397,0.0,2.1665088689910803,4.320169459026556,260.4539397495891,0.02024746963950763,0.04247681407353878,main,True,True,True,False
4.5776945445105275,274.3929515535878,0.1115116258349447,0.016961507846929666,0.6303215467235005,0.5611627867660474,0.1115116258349447,1.0,0.2110350537616057,0.25765326074401146,0.4484090366677458,2.138246806822314,7.536522704274003e+21,8.231892532455016e+21,8.051668788209238e+19,2.934357002474526e+17,-0.18203128409852135,1.1102230246251565e-15,0,0.9940832582105901,1.584893192461111e+22,32768,power,p0,1.0,0.5,A1_balanced_q01_q99,R2,R2,1.0,1.0,2,65,0.4755224352103417,0.5193973052324159,0.005080259557242565,1.3232134568913284e-16,2.1581582686229672,4.550689477685944,277.43069618051067,0.019911461800653285,0.042516741987105026,main,True,True,True,False
4.820522356619519,292.44002701732836,0.1115116258349447,0.016961507846929666,0.6303215467235005,0.5611627867660474,0.1115116258349447,1.0,0.2073589798056938,0.25310034430154943,0.4405360994873614,2.1303738696419297,8.458282129244685e+21,9.238699627036329e+21,8.581234410821371e+19,2.934357002474526e+17,-0.17902669780937966,3.1086244689504383e-15,0,0.9943805870338756,1.7782794100389228e+22,32768,power,p0,1.0,0.5,A1_balanced_q01_q99,R2,R2,1.0,1.0,2,65,0.4756441581393304,0.5195302591303194,0.004825582730350314,0.0,2.149953958908259,4.793509819169848,295.51402162395027,0.01958008926632937,0.04255466281107297,main,True,True,True,False
5.076306454146576,311.66547542403913,0.1115116258349447,0.016961507846929666,0.6303215467235005,0.5611627867660474,0.1115116258349447,1.0,0.20374591317078075,0.24862980126995993,0.4328022526830561,2.1226400228376243,9.492656786578266e+21,1.0368512586086554e+22,9.145377702400816e+19,2.934357002474526e+17,-0.1760624793391269,3.552713678800501e-15,0,0.9946630877070084,1.995262314968883e+22,32768,power,p0,1.0,0.5,A1_balanced_q01_q99,R2,R2,1.0,1.0,2,65,0.47575983946383055,0.5196566139850267,0.004583546551142797,0.0,2.141893377042566,5.049286816678639,314.7760438143434,0.019253354204941786,0.04259067670343527,main,False,True,True,False
5.345738209604997,332.1461192150929,0.1115116258349447,0.016961507846929666,0.6303215467235005,0.5611627867660474,0.1115116258349447,1.0,0.20019484169813456,0.24424001556929859,0.4252049817351876,2.1150427518897557,1.065339720396083e+22,1.1636350652646284e+22,9.746352907635465e+19,2.934357002474526e+17,-0.1731387316733439,8.881784197001252e-16,0,0.9949314887001113,2.238721138568347e+22,32768,power,p0,1.0,0.5,A1_balanced_q01_q99,R2,R2,1.0,1.0,2,65,0.47586977316762347,0.5197766909052229,0.004353535927153579,1.873526777293147e-16,2.133974005118192,5.318711824710526,335.29359187394687,0.01893125322843625,0.042624878895518546,main,False,True,True,False
5.629545884668284,353.9637886862104,0.1115116258349447,0.016961507846929666,0.6303215467235005,0.5611627867660474,0.1115116258349447,1.0,0.19670476502358644,0.2399294107587364,0.41774182133235166,2.1075795914869198,1.1955932339520299e+22,1.305906636338004e+22,1.038656121953795e+20,2.934357002474526e+17,-0.17025550320073318,4.440892098500626e-16,0,0.9951864837664246,2.511886431509572e+22,32768,power,p0,1.0,0.5,A1_balanced_q01_q99,R2,R2,1.0,1.0,2,65,0.47597423950154966,0.5198907959995593,0.004134964498890948,0.0,2.1261933693376043,5.602513087763829,357.14850275594495,0.01861377785068452,0.04265735992739405,main,False,True,True,False
5.928496598620569,377.2056484032383,0.1115116258349447,0.016961507846929666,0.6303215467235005,0.5611627867660474,0.1115116258349447,1.0,0.19327469474487444,0.23569644861498817,0.4104103541714227,2.100248124325991,1.3417574421234385e+22,1.4655569287833612e+22,1.1068560357649863e+20,2.934357002474526e+17,-0.16741279202995174,2.886579864025407e-15,0,0.9954287334927199,2.8183829312644493e+22,32768,power,p0,1.0,0.5,A1_balanced_q01_q99,R2,R2,1.0,1.0,2,65,0.476073505569191,0.519999221016375,0.00392727341443415,1.488195217715945e-16,2.118549039240688,5.901457708751383,380.42794766196465,0.018300914914696875,0.04268820587270543,main,False,True,True,False
6.243398401837642,401.9645448942102,0.1115116258349447,0.016961507846929666,0.6303215467235005,0.5611627867660474,0.1115116258349447,1.0,0.18990365456370994,0.23153962778069415,0.4032082098003366,2.093045979954905,1.505774878312744e+22,1.6447077070850669e+22,1.1795074770568117e+20,2.934357002474526e+17,-0.164610550025869,4.6629367034256575e-15,0,0.9956588667907953,3.1622776601683792e+22,32768,power,p0,1.0,0.5,A1_balanced_q01_q99,R2,R2,1.0,1.0,2,65,0.476167825893115,0.5201022439621865,0.003729930144698323,1.3263553839154874e-16,2.111038626945537,6.216353722447428,405.2247797359286,0.01799264699063219,0.042717498553336605,main,False,True,True,False
6.5751024599047,428.3393770044835,0.1115116258349447,0.016961507846929666,0.6303215467235005,0.5611627867660474,0.1115116258349447,1.0,0.1865906804041911,0.22745748247892802,0.39613306350151006,2.085970833656078,1.6898251748497357e+22,1.8457397109825378e+22,1.2569006503486821e+20,2.934357002474526e+17,-0.16184868658165608,1.5543122344752192e-15,0,0.9958774823310326,3.5481338923357603e+22,32768,power,p0,1.0,0.5,A1_balanced_q01_q99,R2,R2,1.0,1.0,2,65,0.4762574429617459,0.5202001296990162,0.0035424273392379115,0.0,2.1036597864025435,6.548052279571827,431.6379044211016,0.017688952746465425,0.04274531574430629,main,False,True,True,False
6.924505354272928,456.4354903922228,0.1115116258349447,0.016961507846929666,0.6303215467235005,0.5611627867660474,0.1115116258349447,1.0,0.18333482050914401,0.2234485812901875,0.38918263521392044,2.0790204053684884,1.896353998260682e+22,2.071324260500201e+22,1.3393446774103132e+20,2.934357002474526e+17,-0.1591270721423008,3.1086244689504383e-15,0,0.9960851499195038,3.981071705534985e+22,32768,power,p0,1.0,0.5,A1_balanced_q01_q99,R2,R2,1.0,1.0,2,65,0.47634258775699334,0.5202931305207052,0.0033642817223015304,0.0,2.0964102126615543,6.897449947414595,459.77267395753546,0.01738980729306583,0.042771731369291584,main,False,True,True,False
7.292551505674548,486.365097737692,0.1115116258349447,0.016961507846929666,0.6303215467235005,0.5611627867660474,0.1115116258349447,1.0,0.18013513551587013,0.2195115259884274,0.3823546884919722,2.0721924586465406,2.128105515488733e+22,2.3244587177178263e+22,1.4271688303058038e+20,2.934357002474526e+17,-0.15644554149434797,0.0,0,0.9962824118198541,4.466835921509617e+22,32768,power,p0,1.0,0.5,A1_balanced_q01_q99,R2,R2,1.0,1.0,2,65,0.4764234802628515,0.5203814867084372,0.003195033028711465,0.0,2.089287641151869,7.265491133219914,489.74130759338914,0.017095182505328488,0.042796815687153184,main,False,True,True,False
7.680235726845614,518.2477263425186,0.1115116258349447,0.016961507846929666,0.6303215467235005,0.5611627867660474,0.1115116258349447,1.0,0.17699069851272567,0.21564495043286014,0.37564702949937806,2.0654847996539463,2.388158821927392e+22,2.608506275897226e+22,1.5207238448096713e+20,2.934357002474526e+17,-0.15380389683589799,2.220446049250313e-16,0,0.9964697840215719,5.011872336272714e+22,32768,power,p0,1.0,0.5,A1_balanced_q01_q99,R2,R2,1.0,1.0,2,65,0.47650032995522085,0.5204654270657559,0.003034242979023325,0.0,2.082289846974847,7.6531706368791825,521.6633391862616,0.016805047320900712,0.04282063546983481,main,False,True,True,False
8.088605911457377,552.2106949041364,0.1115116258349447,0.016961507846929666,0.6303215467235005,0.5611627867660474,0.1115116258349447,1.0,0.17390059507786593,0.2118475195124481,0.36905750603638926,2.0588952761909574,2.67996881470295e+22,2.927240604006209e+22,1.6203833194332766e+20,2.934357002474526e+17,-0.15120191064016036,1.5543122344752192e-15,0,0.9966477574559591,5.623413251903491e+22,32768,power,p0,1.0,0.5,A1_balanced_q01_q99,R2,R2,1.0,1.0,2,65,0.47657333627326737,0.5205451694334141,0.0028814942933187188,2.9834577770575576e-16,2.0754146442089114,8.061536339833454,555.6660939797607,0.01651936801795406,0.042843254171996775,main,False,True,True,False
8.518765866523356,588.3896213672339,0.1115116258349447,0.016961507846929666,0.6303215467235005,0.5611627867660474,0.1115116258349447,1.0,0.1708639233014355,0.20811792814014973,0.36258400659878903,2.052421776753357,3.0074120536318758e+22,3.2848959391136437e+22,1.7265452056422777e+20,2.934357002474526e+17,-0.1486393283251443,3.552713678800501e-15,0,0.9968167991615027,6.309573444801943e+22,32768,power,p0,1.0,0.5,A1_balanced_q01_q99,R2,R2,1.0,1.0,2,65,0.47664268907266494,0.5206209211844361,0.0027363897428988146,1.3295047713424815e-16,2.0686598852267264,8.491692037452856,591.8851964570978,0.016238108473369373,0.04286473209272921,main,False,True,True,False
8.971878295938495,626.928963877767,0.1115116258349447,0.016961507846929666,0.6303215467235005,0.5611627867660474,0.1115116258349447,1.0,0.1678797937924028,0.20445490029416727,0.356224459467162,2.04606222962173,3.3748382184660886e+22,3.686223291423226e+22,1.839633395208825e+20,2.934357002474526e+17,-0.1461158707413884,2.220446049250313e-15,0,0.9969773534000752,7.079457843841402e+22,32768,power,p0,1.0,0.5,A1_balanced_q01_q99,R2,R2,1.0,1.0,2,65,0.47670856906111037,0.5206928796998155,0.0025985512390742866,2.369844749424551e-16,2.0620234600243332,8.944800422549479,630.4651112972484,0.01596123040260311,0.0428851265296855,main,False,False,True,False
9.449167943214917,667.982596997218,0.1115116258349447,0.016961507846929666,0.6303215467235005,0.5611627867660474,0.1115116258349447,1.0,0.16494732967117715,0.20085718810358558,0.34997683182503325,2.0398146019796015,3.787127845302937e+22,4.136553507829555e+22,1.960099411029906e+20,2.934357002474526e+17,-0.1436312364889766,3.1086244689504383e-15,0,0.9971298427255375,7.94328234724279e+22,32768,power,p0,1.0,0.5,A1_balanced_q01_q99,R2,R2,1.0,1.0,2,65,0.4767711482165172,0.5207612328252946,0.002467618958188337,2.112126356155976e-16,2.055503295562047,9.422086228087066,671.559719591434,0.015688693582445623,0.042904491925956544,main,False,False,True,False
9.951924901907867,711.7144254755262,0.1115116258349447,0.016961507846929666,0.6303215467235005,0.5611627867660474,0.1115116258349447,1.0,0.16206566654908944,0.19732357097592682,0.3438391289045395,2.033676899059108,4.249757108362164e+22,4.6418680308937135e+22,2.0884242081562447e+20,2.934357002474526e+17,-0.14118510407445783,1.9317880628477724e-14,0,0.9972746690064316,8.91250938133744e+22,32768,power,p0,1.0,0.5,A1_balanced_q01_q99,R2,R2,1.0,1.0,2,65,0.4768305901883305,0.5208261593097072,0.0023432505019622754,0.0,2.0490973551168907,9.92483953758302,715.3329326182105,0.015420456057782861,0.0429228800100081,main,False,False,True,False
10.481508102680532,758.299038030688,0.1115116258349447,0.016961507846929666,0.6303215467235005,0.5611627867660474,0.1115116258349447,1.0,0.15923395249574449,0.19385285476430772,0.3378093931583876,2.0276471633129556,4.768870506824106e+22,5.208878292253744e+22,2.2251200922150463e+20,2.934357002474526e+17,-0.13877713391769517,8.570921750106208e-14,0,0.9974122144041964,1e+23,32768,power,p0,1.0,0.5,A1_balanced_q01_q99,R2,R2,1.0,1.0,2,65,0.47688705068241066,0.5208878292253745,0.0022251200922150465,0.0,2.0428036376463807,10.45441927214987,761.9593456252543,0.015156474333425152,0.042940339928977854,main,False,False,True,False
11.039348986435565,807.9224037426457,0.1115116258349447,0.016961507846929666,0.6303215467235005,0.5611627867660474,0.1115116258349447,1.0,0.15645134799518784,0.19044387097200663,0.3318857034569018,2.0217234736114698,5.351362421324977e+22,5.845114794065894e+22,2.3707327628782836e+20,2.934357002474526e+17,-0.13640697021808956,1.4299672557172016e-13,0,0.9975428423082913,1.1220184543019653e+23,32768,power,p0,1.0,0.5,A1_balanced_q01_q99,R2,R2,1.0,1.0,2,65,0.476940677829955,0.5209464043710654,0.0021129177989796734,0.0,2.0366201771634547,11.012256863602097,811.6249342256112,0.014896703551984913,0.042956918375628574,main,False,False,True,False
11.626955373434475,860.7826138395756,0.1115116258349447,0.016961507846929666,0.6303215467235005,0.5611627867660474,0.1115116258349447,1.0,0.15371702589182493,0.1870954759923383,0.32606617430904683,2.015903944463615,6.0049686224046154e+22,6.559027060631814e+22,2.5258434905284844e+20,2.934357002474526e+17,-0.13407424268908816,1.8918200339612667e-13,0,0.9976668982304302,1.2589254117941714e+23,32768,power,p0,1.0,0.5,A1_balanced_q01_q99,R2,R2,1.0,1.0,2,65,0.4769916125409343,0.5210020386580445,0.0020063488010213016,0.0,2.03054504212235,11.599860123556514,864.5277961859965,0.014641097658735003,0.04297265970924009,main,False,False,True,False
12.245915538877863,917.0906718342322,0.1115116258349447,0.016961507846929666,0.6303215467235005,0.5611627867660474,0.1115116258349447,1.0,0.15103017132686408,0.18380655038195534,0.3203489551063649,2.010186725260933,6.738368945264858e+22,7.360095786614629e+22,2.691071434800847e+20,2.934357002474526e+17,-0.13177856816936398,1.5942802633617248e-13,0,0.9977847106580793,1.4125375446227497e+23,32768,power,p0,1.0,0.5,A1_balanced_q01_q99,R2,R2,1.0,1.0,2,65,0.47703998884252613,0.5210548784797299,0.0019051326777438393,1.1877359340902148e-16,2.024576334815242,12.218817318983469,920.8789415659484,0.014389609554308791,0.04298760607071242,main,False,False,True,False
12.89790250591503,977.0713351654989,0.1115116258349447,0.016961507846929666,0.6303215467235005,0.5611627867660474,0.1115116258349447,1.0,0.14838998166628561,0.18057599816552697,0.3147322293888261,2.0045699995433943,7.561302493373299e+22,8.258958670095209e+22,2.8670761142600165e+20,2.934357002474526e+17,-0.1295195521185613,1.2922996006636822e-13,0,0.9978965918727511,1.584893192461111e+23,32768,power,p0,1.0,0.5,A1_balanced_q01_q99,R2,R2,1.0,1.0,2,65,0.47708593420302886,0.521105063065495,0.0018090027314760942,0.0,2.0187121907794485,12.870801465226277,980.903134359349,0.014142191236054202,0.0430017974921351,main,False,False,True,False
13.58467856779725,1040.964011693814,0.1115116258349447,0.016961507846929666,0.6303215467235005,0.5611627867660474,0.1115116258349447,1.0,0.14579566642060812,0.17740274617054166,0.30921421413165023,1.9990519842862184,8.48469689970312e+22,9.267551600315728e+22,3.0545600370377176e+20,2.934357002474526e+17,-0.12729679000504346,1.1035616864774056e-13,0,0.9980028387253035,1.7782794100389228e+23,32768,power,p0,1.0,0.5,A1_balanced_q01_q99,R2,R2,1.0,1.0,2,65,0.47712956984174987,0.5211527248191488,0.001717705339101272,1.8869043756889456e-16,2.0129507782150275,13.557574848091113,1044.839788995319,0.013898793928809106,0.04301527200108417,main,False,False,True,False
14.308100051250868,1109.0237146373568,0.1115116258349447,0.016961507846929666,0.6303215467235005,0.5611627867660474,0.1115116258349447,1.0,0.14324644715778828,0.17428574338995545,0.3037931590522008,1.9936309292067689,9.520813360944714e+22,1.0399267073714548e+23,3.2542715029564385e+20,2.934357002474526e+17,-0.12510986859261794,8.681944052568724e-14,0,0.9981037333820755,1.9952623149688827e+23,32768,power,p0,1.0,0.5,A1_balanced_q01_q99,R2,R2,1.0,1.0,2,65,0.47717101102534465,0.5211979896426165,0.0016309993320388005,0.0,2.007290297412567,14.280993787232031,1112.9439252743216,0.01365936820579794,0.04302806571987647,main,False,False,True,False
15.070122334057169,1181.5220797494799,0.1115116258349447,0.016961507846929666,0.6303215467235005,0.5611627867660474,0.1115116258349447,1.0,0.14074155740942063,0.1712239603716429,0.29846734593611185,1.98830511609068,1.0683409369328587e+23,1.1669131940471972e+23,3.467007588291152e+20,2.934357002474526e+17,-0.122958367132814,7.30526750203353e-14,0,0.9981995440337763,2.238721138568347e+23,32768,power,p0,1.0,0.5,A1_balanced_q01_q99,R2,R2,1.0,1.0,2,65,0.4772103673510933,0.5212409772453542,0.001548655403552534,0.0,2.0017289801910074,15.043013653704838,1185.487185548371,0.013423864100327476,0.043040212960023076,main,False,False,True,False
15.872805130353576,1258.7484487981274,0.1115116258349447,0.016961507846929666,0.6303215467235005,0.5611627867660474,0.1115116258349447,1.0,0.13828024257105986,0.16821638863299124,0.2932350879818464,1.9830728581364145,1.1987921301544514e+23,1.3094006840300354e+23,3.693617325084732e+20,2.934357002474526e+17,-0.12084185846887782,5.972999872483342e-14,0,0.998290525572564,2.5118864315095718e+23,32768,power,p0,1.0,0.5,A1_balanced_q01_q99,R2,R2,1.0,1.0,2,65,0.47724774301759004,0.521281801440013,0.0014704555423968647,1.335825998304977e-16,1.9962650893453102,15.845694155253089,1262.7589182024565,0.013192231208895677,0.0430517463120966,main,False,False,True,False
16.718318057954527,1341.011023667969,0.1115116258349447,0.016961507846929666,0.6303215467235005,0.5611627867660474,0.1115116258349447,1.0,0.135861759797189,0.1652620400993233,0.28809472916293044,1.9779324993174985,1.3451669287742575e+23,1.4692809974024958e+23,3.935005087695638e+20,2.934357002474526e+17,-0.11875991005727875,4.884981308350689e-14,0,0.9983769202376385,2.818382931264449e+23,32768,power,p0,1.0,0.5,A1_balanced_q01_q99,R2,R2,1.0,1.0,2,65,0.4772832370833147,0.5213205704248686,0.0013961924918166543,0.0,1.990896918103798,16.691204903612228,1345.0673317588353,0.012964418786299614,0.04306269673122771,main,False,False,True,False
17.60894650273471,1428.6380956888238,0.1115116258349447,0.016961507846929666,0.6303215467235005,0.5611627867660474,0.1115116258349447,1.0,0.1334853778913885,0.16235994656485356,0.2830446436071542,1.9728824137617225,1.5094087079251975e+23,1.6486768180430956e+23,4.192134200086372e+20,2.934357002474526e+17,-0.11671208491216667,3.68594044175552e-14,0,0.9984589582310015,3.162277660168379e+23,32768,power,p0,1.0,0.5,A1_balanced_q01_q99,R2,R2,1.0,1.0,2,65,0.47731694371354705,0.521357387053517,0.0013256692329360973,2.12216861426478e-16,1.9856227895950107,17.581831278878376,1432.7407242074723,0.012740375833288242,0.04307309361843349,main,False,False,True,False
18.547097795931283,1521.9793550934987,0.1115116258349447,0.016961507846929666,0.6303215467235005,0.5611627867660474,0.1115116258349447,1.0,0.13115037719219003,0.15950915917497774,0.2780832349920542,1.9679210051466223,1.6936979965384528e+23,1.849969865019067e+23,4.466030778240271e+20,2.934357002474526e+17,-0.1146979424778792,3.197442310920451e-14,0,0.9985368583043392,3.5481338923357603e+23,32768,power,p0,1.0,0.5,A1_balanced_q01_q99,R2,R2,1.0,1.0,2,65,0.47734895241607694,0.5213923490923336,0.0012586984915894065,1.8913847683414727e-16,1.9804410563238923,18.519980606795283,1526.1287924659887,0.012520051177270064,0.04308296489797768,main,False,False,True,False
19.5353077210575,1621.4072858282059,0.1115116258349447,0.016961507846929666,0.6303215467235005,0.5611627867660474,0.1115116258349447,1.0,0.1288560494550972,0.15670874792875292,0.27320893595604584,1.963046706110614,1.900481416189118e+23,2.075832501522834e+23,4.757787823033211e+20,2.934357002474526e+17,-0.11271703943428833,2.4424906541753444e-14,0,0.9986108283184953,3.9810717055349855e+23,32768,power,p0,1.0,0.5,A1_balanced_q01_q99,R2,R2,1.0,1.0,2,65,0.4773793482661541,0.5214255494661779,0.0011951022676678588,1.6856984491562117e-16,1.9753500996571598,19.50818866565506,1625.6040271920265,0.012303393546545749,0.043092337090942075,main,False,False,True,False
20.576247368018187,1727.318651278795,0.1115116258349447,0.016961507846929666,0.6303215467235005,0.5611627867660474,0.1115116258349447,1.0,0.12660169773120133,0.15395780120050298,0.2684202075245962,1.9582579776791644,2.1325041511262417e+23,2.3292632008034896e+23,5.068569579884786e+20,2.934357002474526e+17,-0.11076893043947263,2.3092638912203256e-14,0,0.9986810657765606,4.466835921509616e+23,32768,power,p0,1.0,0.5,A1_balanced_q01_q99,R2,R2,1.0,1.0,2,65,0.4774082121211066,0.521457076492814,0.0011347113860792556,0.0,1.9703483293176856,20.549126540399996,1731.5631985115185,0.012090351638521124,0.04310123538519177,main,False,False,True,False
21.672730352953533,1840.1360768388906,0.1115116258349447,0.016961507846929666,0.6303215467235005,0.5611627867660474,0.1115116258349447,1.0,0.12438663624279903,0.15125542527954186,0.26371553855086155,1.9535533087054298,2.3928463803642634e+23,2.613626339725873e+23,5.399616182578201e+20,2.934357002474526e+17,-0.10885316881392046,1.4210854715202004e-14,0,0.9987477583317466,5.011872336272715e+23,32768,power,p0,1.0,0.5,A1_balanced_q01_q99,R2,R2,1.0,1.0,2,65,0.4774356208250512,0.5214870141065093,0.0010773650684394423,0.0,1.965434182887737,21.645607842453956,1844.4289385887853,0.011880874182307322,0.04310968370190752,main,False,False,True,False
22.827720423323846,1960.3097356322044,0.1115116258349447,0.016961507846929666,0.6303215467235005,0.5611627867660474,0.1115116258349447,1.0,0.12221019025639505,0.14860074392706746,0.25909344517025157,1.9489312153248197,2.6849641552879105e+23,2.9326968480158083e+23,5.752248599771346e+20,2.934357002474526e+17,-0.10696930717020782,8.881784197001252e-15,0,0.9988110842712214,5.623413251903491e+23,32768,power,p0,1.0,0.5,A1_balanced_q01_q99,R2,R2,1.0,1.0,2,65,0.477461647404104,0.521515442071256,0.0010229105246398608,1.1933831108230231e-16,1.9606061253209206,22.800596314795087,1964.6514273507983,0.01167490999610088,0.043117704758845236,main,False,False,True,False
24.044339468795037,2088.3191441127374,0.1115116258349447,0.016961507846929666,0.6303215467235005,0.5611627867660474,0.1115116258349447,1.0,0.12007169595343513,0.14599289794933656,0.2545524702683984,1.9443902404229665,3.01273526521381e+23,3.2907103056842034e+23,6.12787390392882e+20,2.934357002474526e+17,-0.10511689799184007,1.0658141036401503e-14,0,0.9988712129768391,6.309573444801942e+23,32768,power,p0,1.0,0.5,A1_balanced_q01_q99,R2,R2,1.0,1.0,2,65,0.4774863612524887,0.5215424361840516,0.000971202563459688,0.0,1.9558626484626749,24.017213842829744,2092.710188089316,0.011472408039708393,0.04312532013047758,main,False,False,True,False
25.325875959573377,2224.6750747050432,0.1115116258349447,0.016961507846929666,0.6303215467235005,0.5611627867660474,0.1115116258349447,1.0,0.11797050029910389,0.14343104478627897,0.2500911829620451,1.9399289531166133,3.380510699540074e+23,3.692419153417638e+23,6.527990883691283e+20,2.934357002474526e+17,-0.10329549416471642,6.661338147750939e-15,0,0.9989283053639673,7.079457843841402e+23,32768,power,p0,1.0,0.5,A1_balanced_q01_q99,R2,R2,1.0,1.0,2,65,0.477509828309927,0.5215680684686562,0.0009221032214168979,1.8958757995396408e-16,1.9512022705791632,25.298748892717136,2229.11600010298,0.011273317462549892,0.043132550305171824,main,False,False,True,False
26.675793835003315,2369.9215931129897,0.1115116258349447,0.016961507846929666,0.6303215467235005,0.5611627867660474,0.1115116258349447,1.0,0.11590596090948238,0.14091435811477032,0.2457081780923901,1.9355459482469581,3.7931723893802834e+23,4.1431557618404375e+23,6.954196022066686e+20,2.934357002474526e+17,-0.10150464946445324,7.549516567451064e-15,0,0.9989825142991635,7.94328234724279e+23,32768,power,p0,1.0,0.5,A1_balanced_q01_q99,R2,R2,1.0,1.0,2,65,0.47753211123068534,0.5215924073602366,0.0008754814090777691,3.3794021698495615e-16,1.9466235358944204,26.64866539995566,2374.4129360080415,0.01107758764746225,0.043139414739541346,main,False,False,True,False
28.09774186644918,2524.6382284236042,0.1115116258349447,0.016961507846929666,0.6303215467235005,0.5611627867660474,0.1115116258349447,1.0,0.11387744591735492,0.13844202746581202,0.2414020757304433,1.9312398458850115,4.25619799490496e+23,4.64890319656819e+23,7.408189864289685e+20,2.934357002474526e+17,-0.09974391900259393,7.549516567451064e-15,0,0.9990339849978898,8.912509381337441e+23,32768,power,p0,1.0,0.5,A1_balanced_q01_q99,R2,R2,1.0,1.0,2,65,0.47755326954463867,0.5216155178812906,0.0008312125740705797,1.505947677104816e-16,1.9421250141356072,28.07061213225567,2529.180531843973,0.010885168250595711,0.043145931910112165,main,False,False,True,False
29.595563519770817,2689.4422846612415,0.1115116258349447,0.016961507846929666,0.6303215467235005,0.5611627867660474,0.1115116258349447,1.0,0.11188433383692173,0.1360132578549299,0.2371715206939838,1.9270092908485519,4.7757335981069586e+23,5.216374618092294e+23,7.891783800746802e+20,2.934357002474526e+17,-0.09801285963454251,5.773159728050814e-15,0,0.9990828554029854,1e+24,32768,power,p0,1.0,0.5,A1_balanced_q01_q99,R2,R2,1.0,1.0,2,65,0.4775733598106959,0.5216374618092294,0.0007891783800746803,0.0,1.9377053000862332,29.568432552005053,2694.0360986295145,0.010696009237681325,0.043152119362427126,main,False,False,True,False
0.18018578509569982,4.0634715391892495,0.1115116258349447,0.016961507846929666,0.6303215467235005,0.5611627867660474,0.1115116258349447,1.0,0.6338829332170668,0.8377069439435724,1.4079169007737231,3.0977546709282913,4.3930788570170803e+18,4.798413599557855e+18,8.085075434250643e+17,1.9896965824113514e+17,-0.4219031298379353,1.9290125052862095e-13,0,0.9020614526754551,1e+19,32768,logarithmic,p0,1.0,0.5,A1_balanced_q01_q99,R2,R2,1.0,1.0,2,65,0.43930788570170803,0.47984135995578553,0.08085075434250644,0.0,3.141230674781208,0.1633752840688838,4.875794103678945,0.04347600385291672,0.0299546757561839,main,True,False,True,False
0.18897174616645396,4.3637159914539945,0.1115116258349447,0.016961507846929666,0.6303215467235005,0.5611627867660474,0.1115116258349447,1.0,0.6237052523540506,0.8211582362659644,1.3823469137093976,3.0721846838639655,4.947714184077241e+18,5.404223279461434e+18,8.682470794809774e+17,1.9896965824113514e+17,-0.42130263514922195,1.847966224488573e-13,0,0.906436524921588,1.1220184543019653e+19,32768,logarithmic,p0,1.0,0.5,A1_balanced_q01_q99,R2,R2,1.0,1.0,2,65,0.44096549081764735,0.4816519067704222,0.07738260241193046,0.0,3.115804333320114,0.17209282950066127,5.193605264397285,0.04361964945614849,0.03058953174842733,main,True,False,True,False
0.19822042847140559,4.684635739845638,0.1115116258349447,0.016961507846929666,0.6303215467235005,0.5611627867660474,0.1115116258349447,1.0,0.6136548656803315,0.8050090250544883,1.3572809240416694,3.0471186941962376,5.571543021507974e+18,6.085610724292444e+18,9.321003721412938e+17,1.9896965824113514e+17,-0.42032605528705236,1.5998313784848506e-13,0,0.9106384779790406,1.2589254117941713e+19,32768,logarithmic,p0,1.0,0.5,A1_balanced_q01_q99,R2,R2,1.0,1.0,2,65,0.4425633932964804,0.4833972423846358,0.07403936431888374,1.6267842247153233e-16,3.090823425234115,0.18127553463384727,5.532131806390854,0.04370473103787731,0.031195702025511158,main,True,False,True,False
0.20795670131338978,5.0275845740495475,0.1115116258349447,0.016961507846929666,0.6303215467235005,0.5611627867660474,0.1115116258349447,1.0,0.6037319399382239,0.7892464783394466,1.3327068145441558,3.022544584698724,6.273119421560567e+18,6.851919240189887e+18,1.0003367844770414e+18,1.9896965824113514e+17,-0.41899950815214015,1.4599432773820809e-13,0,0.9146724002083926,1.4125375446227497e+19,32768,logarithmic,p0,1.0,0.5,A1_balanced_q01_q99,R2,R2,1.0,1.0,2,65,0.44410284494320795,0.4850787341033012,0.07081842095349077,1.4498729664187191e-16,3.066280147163379,0.19094821993533917,5.892723987530997,0.04373556246465515,0.03177435045243087,main,True,False,True,False
0.21820676039839218,5.3940038045643135,0.1115116258349447,0.016961507846929666,0.6303215467235005,0.5611627867660474,0.1115116258349447,1.0,0.5939365626592263,0.7738582490016288,1.3086128560788648,2.998450626233433,7.062048574623486e+18,7.71364025644208e+18,1.0732430935455442e+18,1.9896965824113514e+17,-0.4173478842744931,1.213473765915296e-13,0,0.9185433629079827,1.5848931924611109e+19,32768,logarithmic,p0,1.0,0.5,A1_balanced_q01_q99,R2,R2,1.0,1.0,2,65,0.4455851415234576,0.486697797248022,0.06771706122852053,1.292200641495438e-16,3.042166832451848,0.20113703026788324,6.276820077408327,0.043716206218414655,0.03232660410636403,main,True,False,True,False
0.22899819823988526,5.785428006229892,0.1115116258349447,0.016961507846929666,0.6303215467235005,0.5611627867660474,0.1115116258349447,1.0,0.58426874286451,0.7588324587075125,1.2849876928966713,2.974825463051239,7.949115536839301e+18,8.682553930371675e+18,1.1511246331782534e+18,1.9896965824113514e+17,-0.41539488113430695,1.0313971898767704e-13,0,0.9222564097561963,1.7782794100389229e+19,32768,logarithmic,p0,1.0,0.5,A1_balanced_q01_q99,R2,R2,1.0,1.0,2,65,0.4470116165077406,0.48825588832418815,0.06473249516807135,1.1516750339898348e-16,3.0184759487523873,0.2118695055585384,6.6859520940609904,0.043650485701148156,0.032853553664410236,main,True,False,True,False
0.2403600783410512,6.203491138147577,0.1115116258349447,0.016961507846929666,0.6303215467235005,0.5611627867660474,0.1115116258349447,1.0,0.5747284120586287,0.7441576820653718,1.2618203284296758,2.951658098584244,8.946429695719009e+18,9.771886942310685e+18,1.2343065116591337e+18,1.9896965824113514e+17,-0.41316303800908694,8.870681966755001e-14,0,0.9258165468605271,1.9952623149688828e+19,32768,logarithmic,p0,1.0,0.5,A1_balanced_q01_q99,R2,R2,1.0,1.0,2,65,0.4483836350038282,0.48975449839351487,0.06186186660265687,0.0,2.995200095673882,0.22317465523794733,7.121751914631255,0.043541997089637796,0.03335625384493585,main,True,False,True,False
0.2523230133575441,6.649933064097448,0.1115116258349447,0.016961507846929666,0.6303215467235005,0.5611627867660474,0.1115116258349447,1.0,0.5653154254958813,0.7298229310155531,1.2391001115684517,2.92893788172302,1.0067586896154208e+19,1.099648958043937e+19,1.323134909089894e+18,1.9896965824113514e+17,-0.41067377125368376,6.861178292183467e-14,0,0.929228733439077,2.238721138568347e+19,32768,logarithmic,p0,1.0,0.5,A1_balanced_q01_q99,R2,R2,1.0,1.0,2,65,0.4497025879066113,0.4911951466841279,0.059102265409260994,1.8296159934503391e-16,2.9723320024695545,0.23508303665161115,7.5859577843232024,0.0433941207465347,0.03383572389889463,main,True,False,True,False
0.26491924745386125,7.126606499148587,0.1115116258349447,0.016961507846929666,0.6303215467235005,0.5611627867660474,0.1115116258349447,1.0,0.5560295636978457,0.7158176394686324,1.2168167234167562,2.9066544935713243,1.1327851383925443e+19,1.237303447161563e+19,1.4179784595546468e+18,1.9896965824113514e+17,-0.4079474099149812,5.939693181744587e-14,0,0.9324978731538385,2.511886431509572e+19,32768,logarithmic,p0,1.0,0.5,A1_balanced_q01_q99,R2,R2,1.0,1.0,2,65,0.45096988629050905,0.49257937446558,0.05645073924391089,0.0,2.94986452576578,0.24762683765511245,8.080421249623495,0.04321003219445574,0.03429294814735556,main,True,False,True,False
0.27818274307752067,7.635484409851215,0.1115116258349447,0.016961507846929666,0.6303215467235005,0.5611627867660474,0.1115116258349447,1.0,0.5468705341998291,0.7021316482054782,1.1949601645158228,2.8847979346703907,1.274435998714833e+19,1.392023960196255e+19,1.5192297235336118e+18,1.9896965824113514e+17,-0.4050032315798328,4.551914400963142e-14,0,0.9356288061082403,2.8183829312644493e+19,32768,logarithmic,p0,1.0,0.5,A1_balanced_q01_q99,R2,R2,1.0,1.0,2,65,0.45218695606528725,0.49390873921157774,0.05390430472313495,0.0,2.927790647330687,0.260839963616537,8.607114543439666,0.04299271266029647,0.0347288765614136,main,True,False,True,False
0.29214927238700494,8.178667897205672,0.1115116258349447,0.016961507846929666,0.6303215467235005,0.5611627867660474,0.1115116258349447,1.0,0.5378379735035185,0.6887551900533032,1.1735207425299812,2.8633585126845493,1.4336351251581557e+19,1.5659118593727484e+19,1.627306756374756e+18,1.9896965824113514e+17,-0.40185949835338286,4.063416270128073e-14,0,0.9386263015147982,3.162277660168379e+19,32768,logarithmic,p0,1.0,0.5,A1_balanced_q01_q99,R2,R2,1.0,1.0,2,65,0.45335523291203345,0.49518480906871715,0.05145995801924959,1.2952689296049681e-16,2.906103471881858,0.27475812906126623,9.168138451611316,0.042744959197308585,0.03514442538057613,main,True,False,True,False
0.30685651358176164,8.758394593534641,0.1115116258349447,0.016961507846929666,0.6303215467235005,0.5611627867660474,0.1115116258349447,1.0,0.5289314492129746,0.6756788753514056,1.1524890603848428,2.842326830539411,1.612542257727234e+19,1.761326156706867e+19,1.7426547790165932e+18,1.9896965824113514e+17,-0.3985334928648854,3.419486915845482e-14,0,0.9414950510330384,3.5481338923357606e+19,32768,logarithmic,p0,1.0,0.5,A1_balanced_q01_q99,R2,R2,1.0,1.0,2,65,0.45447615751210746,0.49640915764522464,0.049114684842667865,1.1544096486459184e-16,2.8847962249324244,0.2894189542068364,9.76573069217261,0.04246939439301345,0.03554047776573852,main,True,False,True,False
0.32234415239567393,9.377047606437438,0.1115116258349447,0.016961507846929666,0.6303215467235005,0.5611627867660474,0.1115116258349447,1.0,0.5201504623311755,0.662893677719874,1.1318560048489432,2.8216937750035114,1.8135818776025756e+19,1.98091503217604e+19,1.8657479575637112e+18,1.9896965824113514e+17,-0.3950415541995699,2.7755575615628914e-14,0,0.94423966277195,3.981071705534986e+19,32768,logarithmic,p0,1.0,0.5,A1_balanced_q01_q99,R2,R2,1.0,1.0,2,65,0.45555117107815624,0.49758335912963414,0.046865469792209825,2.0577373646926412e-16,2.863862250674903,0.3048620666488119,10.402274840786362,0.042168475671391814,0.035917884482871,main,True,False,True,False
0.3386539890291124,10.03716504519977,0.1115116258349447,0.016961507846929666,0.6303215467235005,0.5611627867660474,0.1115116258349447,1.0,0.5114944496946946,0.6503909201436934,1.1116127355492986,2.8014505057038668,2.039475588660284e+19,2.227651202974006e+19,1.9970912987532657e+18,1.9896965824113514e+17,-0.3913991136576951,2.3425705819590803e-14,0,0.946864655946607,4.466835921509617e+19,32768,logarithmic,p0,1.0,0.5,A1_balanced_q01_q99,R2,R2,1.0,1.0,2,65,0.45658171119279,0.4987089837455114,0.04470930506169849,0.0,2.843295009902102,0.32112920847251514,11.08030983795059,0.04184450419823538,0.03627746461359435,main,True,True,True,False
0.355830050809271,10.74145016736616,0.1115116258349447,0.016961507846929666,0.6303215467235005,0.5611627867660474,0.1115116258349447,1.0,0.5029627865246178,0.6381622613837907,1.0917506744109624,2.7815884445655303,2.293278455291492e+19,2.5048716140997206e+19,2.1372226688150287e+18,1.9896965824113514e+17,-0.38762073024563604,1.454392162258955e-14,0,0.9493744561739228,5.011872336272715e+19,32768,logarithmic,p0,1.0,0.5,A1_balanced_q01_q99,R2,R2,1.0,1.0,2,65,0.4575692079573166,0.49978759354484503,0.04264319849783848,1.6345188884225088e-16,2.823088077964443,0.3382643490801333,11.802540115898726,0.04149963339891283,0.03662000628891511,main,True,True,True,False
0.3739187108837588,11.49278218566972,0.1115116258349447,0.016961507846929666,0.6303215467235005,0.5611627867660474,0.1115116258349447,1.0,0.4945547890725634,0.6261996827254699,1.072261495510363,2.762099265664931,2.5784197796000694e+19,2.816321977931169e+19,2.2867149437225103e+18,1.9896965824113514e+17,-0.38372012580845144,1.3322676295501878e-14,0,0.9517733913887434,5.6234132519034905e+19,32768,logarithmic,p0,1.0,0.5,A1_balanced_q01_q99,R2,R2,1.0,1.0,2,65,0.4585150804499901,0.5008207385395091,0.040664181010500546,1.4567664927038856e-16,2.803235142763085,0.3563138040381634,12.571846385584792,0.041135877098153806,0.03694626744248448,main,True,True,True,False
0.39296881326859556,12.294227778166144,0.1115116258349447,0.016961507846929666,0.6303215467235005,0.5611627867660474,0.1115116258349447,1.0,0.4862697173415518,0.6144954750734375,1.0531371153318472,2.742974885486415,2.898748860023851e+19,3.1662067548420518e+19,2.446178299360388e+18,1.9896965824113514e+17,-0.3797102197187206,6.5503158452884236e-15,0,0.9540656883581998,6.309573444801943e+19,32768,logarithmic,p0,1.0,0.5,A1_balanced_q01_q99,R2,R2,1.0,1.0,2,65,0.4594207334906207,0.5018099531673553,0.03876931334202376,2.596689006528284e-16,2.7837300027781877,0.37532636026645005,13.391297126780131,0.04075511729177261,0.03725697657988142,main,True,True,True,False
0.41303180458885,13.149053347236187,0.1115116258349447,0.016961507846929666,0.6303215467235005,0.5611627867660474,0.1115116258349447,1.0,0.47810677786247135,0.6030422264013937,1.034369683416637,2.7242074535712053,3.2585863395864125e+19,3.5592452391855854e+19,2.616262650694038e+18,1.9896965824113514e+17,-0.37560316304241437,4.551914400963142e-15,0,0.9562554697692356,7.0794578438414025e+19,32768,logarithmic,p0,1.0,0.5,A1_balanced_q01_q99,R2,R2,1.0,1.0,2,65,0.4602875547060625,0.5027567530869418,0.03695569220699563,0.0,2.7645665651317284,0.39535340790718687,14.264160827110494,0.040359111560523075,0.037552833560564255,main,True,True,True,False
0.4341618728679985,14.060738076131003,0.1115116258349447,0.016961507846929666,0.6303215467235005,0.5611627867660474,0.1115116258349447,1.0,0.4700651265080661,0.5918328095627219,1.0159515733931592,2.7057893435477274,3.6627818262236488e+19,4.00073449605655e+19,2.7976602496259016e+18,1.9896965824113514e+17,-0.3714103721089466,8.992806499463768e-15,0,0.9583467518623568,7.94328234724279e+19,32768,logarithmic,p0,1.0,0.5,A1_balanced_q01_q99,R2,R2,1.0,1.0,2,65,0.4611169118890814,0.5036626322927139,0.035220455818204724,0.0,2.7457388436842494,0.4164490792303061,15.193919018851307,0.03994950013652199,0.037834510389290754,main,True,True,True,False
0.45641609374115916,15.032987834930315,0.1115116258349447,0.016961507846929666,0.6303215467235005,0.5611627867660474,0.1115116258349447,1.0,0.46214387132750817,0.5808603704674814,0.997875374377525,2.6877131445320934,4.1167785509263565e+19,4.496619985225161e+19,2.991108451859227e+18,1.9896965824113514e+17,-0.3671425614192982,2.886579864025407e-15,0,0.9603434425825488,8.91250938133744e+19,32768,logarithmic,p0,1.0,0.5,A1_balanced_q01_q99,R2,R2,1.0,1.0,2,65,0.4619101506413875,0.5045290605405661,0.03356078881804635,1.83831503552834e-16,2.727240957164949,0.4386703949507526,16.184280165479276,0.03952781263285576,0.03810265201398521,main,True,True,True,False
0.4798545844872495,16.069749991189592,0.1115116258349447,0.016961507846929666,0.6303215467235005,0.5611627867660474,0.1115116258349447,1.0,0.4543420753859076,0.5701183166295057,0.9801338827328224,2.6699716528873907,4.626685922901758e+19,5.053574810721493e+19,3.197392663767478e+18,1.9896965824113514e+17,-0.36280977583301205,6.661338147750939e-16,0,0.9622493402171272,1e+20,32768,logarithmic,p0,1.0,0.5,A1_balanced_q01_q99,R2,R2,1.0,1.0,2,65,0.4626685922901758,0.5053574810721493,0.03197392663767478,0.0,2.709067127334536,0.4620774183530585,17.239194453369542,0.03909547444714523,0.03835787712720128,main,True,True,True,False
0.5045406662962062,17.175229184181607,0.1115116258349447,0.016961507846929666,0.6303215467235005,0.5611627867660474,0.1115116258349447,1.0,0.4466587595943764,0.5596003060859911,0.9627200941757462,2.6525578643303143,5.19936094582622e+19,5.679088649094453e+19,3.4173494809897846e+18,1.9896965824113514e+17,-0.3584214219818432,1.9984014443252818e-15,0,0.9640681324894766,1.1220184543019654e+20,32768,logarithmic,p0,1.0,0.5,A1_balanced_q01_q99,R2,R2,1.0,1.0,2,65,0.46339353206635686,0.5061493086250128,0.030457159308630088,2.9204510740766524e-16,2.691211677180261,0.4867334176399065,18.362869547635906,0.038653812849946956,0.03860077896852476,main,True,True,True,False
0.5305410352095047,18.353904125497916,0.1115116258349447,0.016961507846929666,0.6303215467235005,0.5611627867660474,0.1115116258349447,1.0,0.43909290551759106,0.5493002366906289,0.9456271962190823,2.6354649663736502,5.842499576926598e+19,6.381567537891026e+19,3.6518700312408806e+18,1.9896965824113514e+17,-0.3539862988648151,4.218847493575595e-15,0,0.9658033960771977,1.2589254117941713e+20,32768,logarithmic,p0,1.0,0.5,A1_balanced_q01_q99,R2,R2,1.0,1.0,2,65,0.4640862375317451,0.5069059277146741,0.02900783475358066,0.0,2.6736690291425718,0.5127050369434185,19.55978737495972,0.03820406276892152,0.03883192612544052,main,True,True,True,False
0.557925942195762,19.61054549288347,0.1115116258349447,0.016961507846929666,0.6303215467235005,0.5611627867660474,0.1115116258349447,1.0,0.43164345814703026,0.5392122357800625,0.9288485609385212,2.6186863310930892,6.564739242653919e+19,7.170445850109453e+19,3.9019035346412575e+18,1.9896965824113514e+17,-0.3495126275862889,5.551115123125783e-15,0,0.967458596522803,1.4125375446227496e+20,32768,logarithmic,p0,1.0,0.5,A1_balanced_q01_q99,R2,R2,1.0,1.0,2,65,0.4647479472417975,0.507628691173974,0.027623361584228543,1.1598983731349755e-16,2.6564337033728345,0.5400624764614473,20.834722000346954,0.03774737227974523,0.03905186333038441,main,True,True,True,False
0.586769382847679,20.950234988560148,0.1115116258349447,0.016961507846929666,0.6303215467235005,0.5611627867660474,0.1115116258349447,1.0,0.4243093286293931,0.5293306502121468,0.9123777380523094,2.6022155082068776,7.375773872850773e+19,8.056311942185805e+19,4.168461095745284e+18,1.9896965824113514e+17,-0.3450080802052954,1.2212453270876722e-15,0,0.9690370885056548,1.5848931924611108e+20,32768,logarithmic,p0,1.0,0.5,A1_balanced_q01_q99,R2,R2,1.0,1.0,2,65,0.4653798696300322,0.5083189189345633,0.026301211435404453,0.0,2.639500316021575,0.5688796822057727,22.19275866911818,0.03728480781469745,0.03926111225188723,main,True,True,True,False
0.6171492972126507,22.3783856379487,0.1115116258349447,0.016961507846929666,0.6303215467235005,0.5611627867660474,0.1115116258349447,1.0,0.41708939694089925,0.5196500367733861,0.8962084483023276,2.5860462184568958,8.286482981528229e+19,9.0510491446239e+19,4.45261974237098e+18,1.9896965824113514e+17,-0.3404798076707973,3.3306690738754696e-16,0,0.9705421164440042,1.778279410038923e+20,32768,logarithmic,p0,1.0,0.5,A1_balanced_q01_q99,R2,R2,1.0,1.0,2,65,0.46598318209998585,0.5089778970350779,0.025038920864936073,0.0,2.6228635775567155,0.5992345458750697,23.639314090080898,0.03681735909981976,0.03946017227790458,main,True,True,True,False
0.6491477802966761,23.900763409667658,0.1115116258349447,0.016961507846929666,0.6303215467235005,0.5611627867660474,0.1115116258349447,1.0,0.40998251449938444,0.5101651529517759,0.8803345771252489,2.570172347279817,9.309076508869065e+19,1.0167993968087384e+20,4.755526727323802e+18,1.9896965824113514e+17,-0.3359344668236312,9.992007221626409e-16,0,0.9719768153969384,1.995262314968883e+20,32768,logarithmic,p0,1.0,0.5,A1_balanced_q01_q99,R2,R2,1.0,1.0,2,65,0.46655903031047047,0.5096068768404499,0.02383409284907968,0.0,2.6065182911112625,0.631209115392905,25.180158040789394,0.03634594383144574,0.039649521289612716,main,True,True,True,False
0.6828513038100814,25.523510242964335,0.1115116258349447,0.016961507846929666,0.6303215467235005,0.5611627867660474,0.1115116258349447,1.0,0.4029875067072268,0.5008709480703277,0.8647501686025993,2.5545879387571677,1.0457257348330899e+20,1.1422113626336895e+20,5.078404110156725e+18,1.9896965824113514e+17,-0.3313782464516415,1.5543122344752192e-15,0,0.973344212236716,2.238721138568347e+20,32768,logarithmic,p0,1.0,0.5,A1_balanced_q01_q99,R2,R2,1.0,1.0,2,65,0.4671085276399486,0.5102070744568611,0.02268439790319014,1.463692794760271e-16,2.59045935085995,0.6648898166798238,26.8214363810656,0.03587141210278233,0.03982961642412284,main,True,True,True,False
0.7183509497539019,27.253168574363272,0.1115116258349447,0.016961507846929666,0.6303215467235005,0.5611627867660474,0.1115116258349447,1.0,0.39610317541922746,0.4917625547756148,0.8494494196786774,2.5392871898332454,1.174640371751823e+20,1.2830205233854577e+20,5.422553637229104e+18,1.9896965824113514e+17,-0.3268168923898816,1.7763568394002505e-15,0,0.9746472270631856,2.5118864315095718e+20,32768,logarithmic,p0,1.0,0.5,A1_balanced_q01_q99,R2,R2,1.0,1.0,2,65,0.46763275481602795,0.5107796703270534,0.02158757485691861,0.0,2.574681740424315,0.7003676872589998,28.569695566572925,0.03539455059106977,0.040000894824744684,main,True,True,True,False
0.7557426564777455,29.096707461309958,0.1115116258349447,0.016961507846929666,0.6303215467235005,0.5611627867660474,0.1115116258349447,1.0,0.38932830133059043,0.4828352808748511,0.8344266746354848,2.524264444790053,1.3193773794939735e+20,1.4411119323752841e+20,5.789361939519129e+18,1.9896965824113514e+17,-0.32225573166273824,5.551115123125783e-16,0,0.9758886748332005,2.818382931264449e+20,32768,logarithmic,p0,1.0,0.5,A1_balanced_q01_q99,R2,R2,1.0,1.0,2,65,0.4681327596963708,0.5113258089910226,0.020541431312606512,0.0,2.559180531305716,0.7377386223268442,30.43190876022103,0.034916086515663025,0.040163774377586794,main,True,True,True,False
0.7951274778737463,31.061550406960706,0.1115116258349447,0.016961507846929666,0.6303215467235005,0.5611627867660474,0.1115116258349447,1.0,0.38266164628107086,0.47408460151433324,0.8196764198140442,2.509514189968612,1.481873534036094e+20,1.6186010654431576e+20,6.180306068912764e+18,1.9896965824113514e+17,-0.3176996956694043,2.7755575615628914e-15,0,0.9770712671790532,3.1622776601683794e+20,32768,logarithmic,p0,1.0,0.5,A1_balanced_q01_q99,R2,R2,1.0,1.0,2,65,0.4686095571877107,0.5118465989975635,0.01954384381472589,0.0,2.5439508813458067,0.777103633953692,32.41550364554709,0.03443669137719452,0.04031865443344557,main,True,True,True,False
0.8366118564065991,33.155604997076075,0.1115116258349447,0.016961507846929666,0.6303215467235005,0.5611627867660474,0.1115116258349447,1.0,0.3761019554722652,0.46550615169137366,0.8051932785716794,2.4950310487262475,1.6643023348132636e+20,1.8178619635720343e+20,6.596959395046299e+18,1.9896965824113514e+17,-0.31315334241826775,1.7763568394002505e-15,0,0.978197614391633,3.54813389233576e+20,32768,logarithmic,p0,1.0,0.5,A1_balanced_q01_q99,R2,R2,1.0,1.0,2,65,0.4690641292901273,0.5123431129526298,0.018592757757243134,1.8470554378334696e-16,2.5289880332139756,0.8185691241151928,34.528392053014436,0.033956984487728104,0.04046591651407756,main,True,True,True,False
0.8803079107172668,35.38729446719683,0.1115116258349447,0.016961507846929666,0.6303215467235005,0.5611627867660474,0.1115116258349447,1.0,0.36964795959578695,0.4570957190913876,0.7909720064651222,2.48080977661969,1.869102915501284e+20,2.041558811171536e+20,7.040997886216566e+18,1.9896965824113514e+17,-0.3086208778195385,2.220446049250313e-15,0,0.9792702275450484,3.9810717055349857e+20,32768,logarithmic,p0,1.0,0.5,A1_balanced_q01_q99,R2,R2,1.0,1.0,2,65,0.46949742525426574,0.5128163876910593,0.01768618705467497,0.0,2.514287312921283,0.86224717229239,36.77900151739424,0.03347753630159289,0.04060592500208981,main,True,True,True,False
0.9263337385770947,37.76559132600177,0.1115116258349447,0.016961507846929666,0.6303215467235005,0.5611627867660474,0.1115116258349447,1.0,0.3632983768708495,0.44884923724126763,0.7770074866495482,2.4668452568041164,2.099012484155395e+20,2.2926813693601327e+20,7.514206799408949e+18,1.9896965824113514e+17,-0.3041061760487593,2.220446049250313e-16,0,0.9802915207413178,4.466835921509617e+20,32768,logarithmic,p0,1.0,0.5,A1_balanced_q01_q99,R2,R2,1.0,1.0,2,65,0.469910361839754,0.5132674245588352,0.016822213601410816,0.0,2.4998441283604347,0.9082558384178651,39.17630889210155,0.03299887155631831,0.04073902781381811,main,True,True,True,False
0.9748137360108062,40.30005316894652,0.1115116258349447,0.016961507846929666,0.6303215467235005,0.5611627867660474,0.1115116258349447,1.0,0.3570519149904033,0.44076277896985044,0.7632947254839277,2.4531324956384957,2.3571027234632932e+20,2.5745847347481733e+20,8.018487806124863e+18,1.9896965824113514e+17,-0.29961279899679133,4.440892098500626e-15,0,0.9812638134548889,5.0118723362727146e+20,32768,logarithmic,p0,1.0,0.5,A1_balanced_q01_q99,R2,R2,1.0,1.0,2,65,0.4703038236636829,0.5136971897937187,0.015998986542598456,1.307615110738007e-16,2.4856539678713303,0.956719481986781,41.729876154563414,0.032521472232834636,0.04086555705468197,main,True,True,True,False
1.0258789334504301,43.000860825023764,0.1115116258349447,0.016961507846929666,0.6303215467235005,0.5611627867660474,0.1115116258349447,1.0,0.35090727297559865,0.4328325501659767,0.7498288483333871,2.4396666184879554,2.6468206344375458e+20,2.89103395164165e+20,8.555866582429595e+18,1.9896965824113514e+17,-0.295144014824436,1.9984014443252818e-15,0,0.9821893329583132,5.6234132519034906e+20,32768,logarithmic,p0,1.0,0.5,A1_balanced_q01_q99,R2,R2,1.0,1.0,2,65,0.47067866362864463,0.514106614992781,0.015214721378574634,2.330826388326217e-16,2.4717123988317455,1.007769098195371,44.44988854542878,0.03204578034379013,0.040985829656612745,main,True,True,True,False
1.079667349828361,45.87885898880249,0.1115116258349447,0.016961507846929666,0.6303215467235005,0.5611627867660474,0.1115116258349447,1.0,0.3448631429388603,0.42505488382440315,0.7366050955595332,2.4264428657141015,2.972034365855368e+20,3.2462540700116235e+20,9.128500893495262e+18,1.9896965824113514e+17,-0.29070281564204015,2.6645352591003757e-15,0,0.983070216811849,6.309573444801943e+20,32768,logarithmic,p0,1.0,0.5,A1_balanced_q01_q99,R2,R2,1.0,1.0,2,65,0.4710357034204647,0.5144965976560596,0.014467698923475809,0.0,2.4580150662726985,1.0615426720154808,47.3471951937478,0.031572200558597,0.04110014799726902,main,True,True,True,False
1.1363243655661195,48.94559949981682,0.1115116258349447,0.016961507846929666,0.6303215467235005,0.5611627867660474,0.1115116258349447,1.0,0.3389182117563526,0.4174262343696878,0.7236188186900335,2.4134565888446016,3.337084637932963e+20,3.6449863138595786e+20,9.738689204886028e+18,1.9896965824113514e+17,-0.28629193433631306,2.220446049250313e-16,0,0.9839085154011974,7.079457843841402e+20,32768,logarithmic,p0,1.0,0.5,A1_balanced_q01_q99,R2,R2,1.0,1.0,2,65,0.47137573406641253,0.5148680017962737,0.01375626413731379,0.0,2.444557691518077,1.1181855511621397,50.43335239015807,0.031101102673475545,0.04120880050083566,main,True,True,True,False
1.1960031154666695,52.21338744193524,0.1115116258349447,0.016961507846929666,0.6303215467235005,0.5611627867660474,0.1115116258349447,1.0,0.33307116265100034,0.40994317224808025,0.7108654767590318,2.4007032469136,3.74684244297737e+20,4.092551105716082e+20,1.0388879854933832e+19,1.9896965824113514e+17,-0.2819138605681144,3.774758283725532e-15,0,0.9847061945087875,7.943282347242789e+20,32768,logarithmic,p0,1.0,0.5,A1_balanced_q01_q99,R2,R2,1.0,1.0,2,65,0.4716995165453164,0.515221658605231,0.013078824849452745,0.0,2.4313360708480944,1.1778508389623603,53.72066968067649,0.030632823934494624,0.04131206222029602,main,True,True,True,False
1.2588649025717278,55.69533024660301,0.1115116258349447,0.016961507846929666,0.6303215467235005,0.5611627867660474,0.1115116258349447,1.0,0.3273206766876147,0.40260237877738836,0.6983406328102874,2.3881784029648556,4.2067737890754055e+20,4.594918784014097e+20,1.1081680824793758e+19,1.9896965824113514e+17,-0.27757085596622444,2.220446049250313e-16,0,0.9854651379056023,8.91250938133744e+20,32768,logarithmic,p0,1.0,0.5,A1_balanced_q01_q99,R2,R2,1.0,1.0,2,65,0.4720077824416408,0.5155583671682563,0.01243385039010282,1.470652028422672e-16,2.418346074186161,1.2406998081869933,57.22225896495349,0.03016767122130526,0.04141019540114536,main,True,True,True,False
1.3250796341024915,59.40538999581332,0.1115116258349447,0.016961507846929666,0.6303215467235005,0.5611627867660474,0.1115116258349447,1.0,0.32166543418194965,0.39540064124485863,0.6860399505552484,2.3758777207098163,4.7230123463620873e+20,5.15878895218643e+20,1.1819870145148326e+19,1.9896965824113514e+17,-0.27326496854308785,3.774758283725532e-15,0,0.9861871499513997,1e+21,32768,logarithmic,p0,1.0,0.5,A1_balanced_q01_q99,R2,R2,1.0,1.0,2,65,0.4723012346362087,0.5158788952186429,0.011819870145148325,0.0,2.405583643808761,1.3069023369642805,60.95208679481519,0.02970592309894471,0.04150345002658942,main,True,True,True,False
1.3948262806616283,63.35843913345386,0.1115116258349447,0.016961507846929666,0.6303215467235005,0.5611627867660474,0.1115116258349447,1.0,0.3161041160258004,0.38833484824310843,0.6739591911785552,2.363796961333123,5.302440960302496e+20,5.791679512906406e+20,1.2606406981075075e+19,1.9896965824113514e+17,-0.2689980463592377,1.3322676295501878e-15,0,0.9868739581928114,1.1220184543019653e+21,32768,logarithmic,p0,1.0,0.5,A1_balanced_q01_q99,R2,R2,1.0,1.0,2,65,0.472580548026839,0.516183979924782,0.011235472048378941,0.0,2.39304479307793,1.3766373679532924,64.9250300817044,0.02924783174480705,0.04159206434432062,main,True,True,True,False
1.468293359937312,67.57031980725634,0.1115116258349447,0.016961507846929666,0.6303215467235005,0.5611627867660474,0.1115116258349447,1.0,0.3106354049304622,0.3814019852342917,0.6620942102837922,2.3519319804383603,5.952783114110108e+20,6.502026569438665e+20,1.3444443439293997e+19,1.9896965824113514e+17,-0.26477175046361134,4.440892098500626e-16,0,0.9875272159497037,1.2589254117941712e+21,32768,logarithmic,p0,1.0,0.5,A1_balanced_q01_q99,R2,R2,1.0,1.0,2,65,0.4728463702727578,0.5164743287032575,0.010679301023984815,2.082283807635614e-16,2.380725605195936,1.4500933920184425,69.1569354352081,0.028793624757575742,0.04167626537504653,main,True,True,True,False
1.5456794462167338,72.0579070780489,0.1115116258349447,0.016961507846929666,0.6303215467235005,0.5611627867660474,0.1115116258349447,1.0,0.3052579865910115,0.37459913033283554,0.6504409549726028,2.340278725127171,6.682705554476128e+20,7.29929652030246e+20,1.4337337144890862e+19,1.9896965824113514e+17,-0.2605875671372674,2.6645352591003757e-15,0,0.9881485048810557,1.4125375446227498e+21,32768,logarithmic,p0,1.0,0.5,A1_balanced_q01_q99,R2,R2,1.0,1.0,2,65,0.4730993225571853,0.516750620051795,0.01015005739101963,0.0,2.368622231981778,1.5274689577123943,73.66468236935401,0.02834350685460718,0.04175626940297029,main,True,True,True,False
1.627193707085601,76.83917624846957,0.1115116258349447,0.016961507846929666,0.6303215467235005,0.5611627867660474,0.1115116258349447,1.0,0.2999705507740659,0.36792345029719664,0.6389954610505697,2.328833231205138,7.501933442949065e+20,8.194111835285164e+20,1.5288664637688338e+19,1.9896965824113514e+17,-0.2564468194681116,4.440892098500626e-16,0,0.9887393375231261,1.584893192461111e+21,32768,logarithmic,p0,1.0,0.5,A1_balanced_q01_q99,R2,R2,1.0,1.0,2,65,0.47334000036303026,0.5170135043965258,0.009646495240444085,0.0,2.3567308926691175,1.608973207944469,78.46625062878667,0.02789766146397943,0.04183228244848337,main,True,True,True,False
1.7130564687642371,81.93327457969293,0.1115116258349447,0.016961507846929666,0.6303215467235005,0.5611627867660474,0.1115116258349447,1.0,0.2947717923317339,0.36137219672135507,0.627753850353573,2.317591620508141,8.421379561546765e+20,9.19839218242548e+20,1.6302235641698589e+19,1.9896965824113514e+17,-0.252350678284205,0.0,0,0.989301159793077,1.7782794100389228e+21,32768,logarithmic,p0,1.0,0.5,A1_balanced_q01_q99,R2,R2,1.0,1.0,2,65,0.47356897425711286,0.5172636049485692,0.009167420794318126,1.4741440435069888e-16,2.345047872725271,1.6948264452851651,83.58079190335228,0.027456252217129773,0.041904500723364706,main,True,True,True,False
1.8034998116080585,87.3605976822557,0.1115116258349447,0.016961507846929666,0.6303215467235005,0.5611627867660474,0.1115116258349447,1.0,0.28966041214456134,0.3549427024169302,0.6167123281885938,2.3065500983431617,9.453289287714933e+20,1.0325512779328097e+21,1.738210826457972e+19,1.9896965824113514e+17,-0.24830017247301497,2.220446049250313e-16,0,0.9898353534524197,1.995262314968883e+21,32768,logarithmic,p0,1.0,0.5,A1_balanced_q01_q99,R2,R2,1.0,1.0,2,65,0.4737867906788167,0.5175015185654488,0.008711690755734441,1.3138322617198746e-16,2.3335695226908904,1.7852607274347287,89.02870621715012,0.027019424347728638,0.04197311106881257,main,True,True,True,False
1.8987681973818296,93.1428708856873,0.1115116258349447,0.016961507846929666,0.6303215467235005,0.5611627867660474,0.1115116258349447,1.0,0.2846351179963291,0.3486323779770819,0.605867180883234,2.295704951037802,1.0611403263035099e+21,1.1590482070771137e+21,1.853260518772338e+19,1.9896965824113514e+17,-0.2442961987136659,1.7763568394002505e-15,0,0.9903432385252758,2.238721138568347e+21,32768,logarithmic,p0,1.0,0.5,A1_balanced_q01_q99,R2,R2,1.0,1.0,2,65,0.4739939727294954,0.5177278166133368,0.008278210657167826,0.0,2.322292257039969,1.8805204944654463,94.83172329672232,0.026587306002166855,0.04203829137666377,main,True,True,True,False
1.9991191300028008,99.3032359115306,0.1115116258349447,0.016961507846929666,0.6303215467235005,0.5611627867660474,0.1115116258349447,1.0,0.2796946253835854,0.34243870851358615,0.5952147734384795,2.2850525435930478,1.1911139914915318e+21,1.3010141091064838e+21,1.9758330911556063e+19,1.9896965824113514e+17,-0.24033953064881042,1.3322676295501878e-15,0,0.990826075667359,2.5118864315095717e+21,32768,logarithmic,p0,1.0,0.5,A1_balanced_q01_q99,R2,R2,1.0,1.0,2,65,0.4741910209593777,0.5179430458265629,0.007865933214059312,0.0,2.3112125530598226,1.9808632295328736,101.01298924294213,0.02616000946677488,0.04210021099418158,main,True,True,True,False
2.104823851538762,105.86634319547183,0.1115116258349447,0.016961507846929666,0.6303215467235005,0.5611627867660474,0.1115116258349447,1.0,0.2748376582627832,0.33635925055876836,0.5847515472794904,2.2745893174340583,1.3369800253981044e+21,1.4603387157415028e+21,2.106419012484175e+19,1.9896965824113514e+17,-0.23643082752222577,2.220446049250313e-16,0,0.9912850684820024,2.818382931264449e+21,32768,logarithmic,p0,1.0,0.5,A1_balanced_q01_q99,R2,R2,1.0,1.0,2,65,0.47437841414909404,0.5181477291612504,0.0074738566896555255,0.0,2.3003269497506853,2.0865601548420325,107.59715885229951,0.025737632316626957,0.042159031112810295,main,True,True,True,False
2.216168075341753,112.85845022684227,0.1115116258349447,0.016961507846929666,0.6303215467235005,0.5611627867660474,0.1115116258349447,1.0,0.2700629497379076,0.3303916291242389,0.5744740180994745,2.2643117882540427,1.5006797665516443e+21,1.6391424863454762e+21,2.2455407271258964e+19,1.9896965824113514e+17,-0.2325706423076479,2.6645352591003757e-15,0,0.9917213657804451,3.1622776601683794e+21,32768,logarithmic,p0,1.0,0.5,A1_balanced_q01_q99,R2,R2,1.0,1.0,2,65,0.47455661008329636,0.5183423666403152,0.00710102327638848,0.0,2.289632046744592,2.1978969647495923,114.61049395581531,0.025320258490549197,0.042214905141311154,main,True,True,True,False
2.3334527582991456,120.30752629775616,0.1115116258349447,0.016961507846929666,0.6303215467235005,0.5611627867660474,0.1115116258349447,1.0,0.26536924269142065,0.3245335349086586,0.5643787737919138,2.254216543946482,1.6843915745018766e+21,1.839804770442583e+21,2.393754739130092e+19,1.9896965824113514e+17,-0.22875942935368743,3.1086244689504383e-15,0,0.9921360637839706,3.5481338923357606e+21,32768,logarithmic,p0,1.0,0.5,A1_balanced_q01_q99,R2,R2,1.0,1.0,2,65,0.474726046314174,0.5185274361874284,0.006746517498397635,1.4776443502667755e-16,2.279124503243192,2.3151745979838254,122.08096816782486,0.02490795929670986,0.04226797906370635,main,True,True,True,False
2.456994914289075,128.2433640797089,0.1115116258349447,0.016961507846929666,0.6303215467235005,0.5611627867660474,0.1115116258349447,1.0,0.2607552903613338,0.31878272164705906,0.5544624724666768,2.244300242621245,1.8905597600110019e+21,2.0649954072013505e+21,2.5516538322633146e+19,1.9896965824113514e+17,-0.22499755156896967,8.881784197001252e-16,0,0.9925302082661005,3.9810717055349854e+21,32768,logarithmic,p0,1.0,0.5,A1_balanced_q01_q99,R2,R2,1.0,1.0,2,65,0.4748871409129628,0.5187033944478656,0.006409464639171621,0.0,2.2688010369741747,2.438710051069321,130.03837846243928,0.024500794352929844,0.042318391782468115,main,True,True,True,False
2.5871284710390334,136.69769847268572,0.1115116258349447,0.016961507846929666,0.6303215467235005,0.5611627867660474,0.1115116258349447,1.0,0.2562198568671431,0.3131370035945295,0.544721840545762,2.2345596107003303,2.1219270458651653e+21,2.317710181296991e+21,2.719869434746002e+19,1.9896965824113514e+17,-0.22128528717088272,1.9984014443252818e-15,0,0.9929047966333961,4.4668359215096167e+21,32768,logarithmic,p0,1.0,0.5,A1_balanced_q01_q99,R2,R2,1.0,1.0,2,65,0.47504029320782315,0.5188706775944649,0.006089029197711815,0.0,2.2586584231659783,2.5688372351552773,138.51446402271625,0.024098812465648045,0.042366275447394026,main,True,True,True,False
2.724205172703287,145.70433320086346,0.1115116258349447,0.016961507846929666,0.6303215467235005,0.5611627867660474,0.1115116258349447,1.0,0.25176171768732064,0.3075942531373578,0.5351536709346308,2.224991441089199,2.3815709891464533e+21,2.6013106057450325e+21,2.899074138122828e+19,1.9896965824113514e+17,-0.21762283602053403,3.774758283725532e-15,0,0.9932607799440263,5.011872336272714e+21,32768,logarithmic,p0,1.0,0.5,A1_balanced_q01_q99,R2,R2,1.0,1.0,2,65,0.4751858845067085,0.5190297021171941,0.005784413376097373,2.0921841771808115e-16,2.2486934935404532,2.705907878563408,147.54303283658848,0.02370205245125412,0.04241175577061804,main,True,True,True,False
2.868595530598722,155.29927565984633,0.1115116258349447,0.016961507846929666,0.6303215467235005,0.5611627867660474,0.1115116258349447,1.0,0.24737966009097098,0.3021523985250275,0.5257548212653164,2.2155925914198846,2.6729448483783243e+21,2.919568559722031e+21,3.089984380313546e+19,1.9896965824113514e+17,-0.2140103255657163,0.0,0,0.9935990648634105,5.623413251903491e+21,32768,logarithmic,p0,1.0,0.5,A1_balanced_q01_q99,R2,R2,1.0,1.0,2,65,0.47532427880407846,0.5191808655950682,0.005494855600853459,0.0,2.238903135323185,2.8502924774947465,157.16009654449255,0.023310543903300562,0.042454952328202004,main,True,True,True,False
3.0206898246689966,165.52088055331998,0.1115116258349447,0.016961507846929666,0.6303215467235005,0.5611627867660474,0.1115116258349447,1.0,0.2430724835261826,0.2968094217167346,0.516522212207666,2.206359982362234,2.9999234379459964e+21,3.2767163738204804e+21,3.2933633035465826e+19,1.9896965824113514e+17,-0.21044781641285412,2.220446049250313e-15,0,0.993920515556689,6.309573444801943e+21,32768,logarithmic,p0,1.0,0.5,A1_balanced_q01_q99,R2,R2,1.0,1.0,2,65,0.4754558234705141,0.5193245474493936,0.005219629080092214,1.6618809641781018e-16,2.2292842902711425,3.0023812974654454,167.40401407655656,0.022924307908908315,0.04249597884875498,main,True,True,True,False
3.1808991583833834,176.41000289206218,0.1115116258349447,0.016961507846929666,0.6303215467235005,0.5611627867660474,0.1115116258349447,1.0,0.2388389999675435,0.2915633563363729,0.5074528258452904,2.1972905959998585,3.3668545783786247e+21,3.6775030274770264e+21,3.5100237985751273e+19,1.9896965824113514e+17,-0.20693530754808295,1.3322676295501878e-15,0,0.9942259555181483,7.079457843841402e+21,32768,logarithmic,p0,1.0,0.5,A1_balanced_q01_q99,R2,R2,1.0,1.0,2,65,0.4755808499244806,0.5194611096775127,0.004958040398006727,0.0,2.2198339537173677,3.1625854281780117,178.31564465226862,0.02254335771750915,0.04253494348952753,main,True,True,True,False
3.349656569921867,188.0101609655704,0.1115116258349447,0.016961507846929666,0.6303215467235005,0.5611627867660474,0.1115116258349447,1.0,0.23467803422518047,0.28641228573022554,0.4985437041129615,2.18838147426753,3.778616825342344e+21,4.127257204427264e+21,3.740831747318035e+19,1.9896965824113514e+17,-0.20347274122677944,8.881784197001252e-16,0,0.9945161693377971,7.943282347242789e+21,32768,logarithmic,p0,1.0,0.5,A1_balanced_q01_q99,R2,R2,1.0,1.0,2,65,0.47569967428564947,0.5195908975664054,0.004709428147945067,1.320078972597485e-16,2.2105491736323977,3.3313378946795655,189.9385107528725,0.022167699364867843,0.04257194910042346,main,True,True,True,False
3.527418202649876,200.36770993636586,0.1115116258349447,0.016961507846929666,0.6303215467235005,0.5611627867660474,0.1115116258349447,1.0,0.23058842421760573,0.2813543411218519,0.48979194729237663,2.179629717446945,4.240684243516844e+21,4.631958043051998e+21,3.9867094768597615e+19,1.9896965824113514e+17,-0.20006000755003514,1.9984014443252818e-15,0,0.9947919044056519,8.912509381337441e+21,32768,logarithmic,p0,1.0,0.5,A1_balanced_q01_q99,R2,R2,1.0,1.0,2,65,0.4758125980093468,0.5197142403856758,0.004473161604977186,1.1765216227381376e-16,2.201427049702132,3.5090948278104346,202.31897171654185,0.021797332255187207,0.042607093476360956,main,True,True,True,False
3.7146645380461405,213.532026749379,0.1115116258349447,0.016961507846929666,0.6303215467235005,0.5611627867660474,0.1115116258349447,1.0,0.22656902121056882,0.27638769985893874,0.48119471256338114,2.1710324827179495,4.759199085018229e+21,5.19831452059591e+21,4.248639438586087e+19,1.9896965824113514e+17,-0.19669694874575383,4.440892098500626e-15,0,0.9950538725544382,1e+22,32768,logarithmic,p0,1.0,0.5,A1_balanced_q01_q99,R2,R2,1.0,1.0,2,65,0.4759199085018229,0.519831452059591,0.004248639438586087,0.0,2.192464732421852,3.6963366971066214,215.50640864872452,0.02143224970390234,0.042640469598416636,main,True,True,True,False
3.911901694416204,227.55570709399444,0.1115116258349447,0.016961507846929666,0.6303215467235005,0.5611627867660474,0.1115116258349447,1.0,0.22261869002401433,0.2715105837471169,0.47274921260788183,2.16258698276245,5.341053336930445e+21,5.833854524817895e+21,4.5276681271311925e+19,1.9896965824113514e+17,-0.19338336317123744,4.884981308350689e-15,0,0.9953027516416502,1.1220184543019653e+22,32768,logarithmic,p0,1.0,0.5,A1_balanced_q01_q99,R2,R2,1.0,1.0,2,65,0.4760218797161624,0.5199428318179736,0.004035288465863927,1.8690886874090576e-16,2.1836594222061128,3.8935696094887997,229.5534213852174,0.02107243944366255,0.042672165864171434,main,True,True,True,False
4.119662794902082,242.49477520434493,0.1115116258349447,0.016961507846929666,0.6303215467235005,0.5611627867660474,0.1115116258349447,1.0,0.21873630920915435,0.26672125746602005,0.4644527142638501,2.1542904844184183,5.993980220204902e+21,6.547024795189141e+21,4.82491025476694e+19,1.9896965824113514e+17,-0.19011900905334467,8.881784197001252e-16,0,0.9955391870719059,1.2589254117941714e+22,32768,logarithmic,p0,1.0,0.5,A1_balanced_q01_q99,R2,R2,1.0,1.0,2,65,0.4761187727287604,0.5200486648258674,0.003832562445372094,0.0,2.175008368514229,4.101326677248172,244.51603829356006,0.020717884095810657,0.04270226630767994,main,True,True,True,False
4.338509408485375,258.40890733470786,0.1115116258349447,0.016961507846929666,0.6303215467235005,0.5611627867660474,0.1115116258349447,1.0,0.21492077119758476,0.2620180270630762,0.456302537226949,2.146140307381517,6.726656854248332e+21,7.347303060000312e+21,5.141553197885198e+19,1.9896965824113514e+17,-0.1869036079815277,6.661338147750939e-16,0,0.9957637932608454,1.4125375446227496e+22,32768,logarithmic,p0,1.0,0.5,A1_balanced_q01_q99,R2,R2,1.0,1.0,2,65,0.4762108362963789,0.5201492227919915,0.0036399409116296215,0.0,2.1665088689910803,4.320169459026556,260.4539397495891,0.02036856160956324,0.042730850809457856,main,True,True,True,False
4.569033067879059,275.36166980137153,0.1115116258349447,0.016961507846929666,0.6303215467235005,0.5611627867660474,0.1115116258349447,1.0,0.21117098242427243,0.257399238520766,0.4482960527974489,2.138133822952017,7.548819449693166e+21,8.245323857584855e+21,5.47886173330872e+19,1.9896965824113514e+17,-0.18373684816830033,8.881784197001252e-16,0,0.9959771550417766,1.584893192461111e+22,32768,logarithmic,p0,1.0,0.5,A1_balanced_q01_q99,R2,R2,1.0,1.0,2,65,0.4762983073938841,0.5202447645560931,0.0034569280500226242,0.0,2.1581582686229672,4.550689477685944,277.43069618051067,0.020024445670950186,0.04275799529689267,main,True,True,True,False
4.811856868410114,293.4207725404487,0.1115116258349447,0.016961507846929666,0.6303215467235005,0.5611627867660474,0.1115116258349447,1.0,0.20748586342616893,0.25286327639329975,0.44043068267024055,2.130268452824809,8.471392558097759e+21,9.253019711458247e+21,5.838183083322293e+19,1.9896965824113514e+17,-0.18061838749096437,0.0,0,0.9961798290165,1.7782794100389228e+22,32768,logarithmic,p0,1.0,0.5,A1_balanced_q01_q99,R2,R2,1.0,1.0,2,65,0.47638141173283555,0.5203355366553852,0.0032830516117793363,1.179315234805591e-16,2.149953958908259,4.793509819169848,295.51402162395027,0.01968550608345021,0.04278377193545823,main,True,True,True,False
5.067637152215698,312.65833919297654,0.1115116258349447,0.016961507846929666,0.6303215467235005,0.5611627867660474,0.1115116258349447,1.0,0.20386434891809377,0.24840856250888424,0.4327038977658517,2.12254166792042,9.506634093866313e+21,1.0383779532927043e+22,6.220952289546745e+19,1.9896965824113514e+17,-0.17754785632770445,3.9968028886505635e-15,0,0.9963723448515567,1.995262314968883e+22,32768,logarithmic,p0,1.0,0.5,A1_balanced_q01_q99,R2,R2,1.0,1.0,2,65,0.476460364261156,0.5204217738703186,0.0031178618685251736,4.2042632375035985e-16,2.141893377042566,5.049286816678639,314.7760438143434,0.019351709122146232,0.04280824931110953,main,False,True,True,False
5.337065282303871,333.1511947946303,0.1115116258349447,0.016961507846929666,0.6303215467235005,0.5611627867660474,0.1115116258349447,1.0,0.2003053878474824,0.24403355473393684,0.42511321710051103,2.1149509872550794,1.0668298052978854e+22,1.1652626353333702e+22,6.628697937091343e+19,1.9896965824113514e+17,-0.1745248602004859,3.3306690738754696e-15,0,0.9965552065215952,2.238721138568347e+22,32768,logarithmic,p0,1.0,0.5,A1_balanced_q01_q99,R2,R2,1.0,1.0,2,65,0.4765353696441704,0.5205036997500059,0.0029609306058236305,0.0,2.133974005118192,5.318711824710526,335.29359187394687,0.019023017863112557,0.042831492604224614,main,False,True,True,False
5.62086951127517,354.9811722174895,0.1115116258349447,0.016961507846929666,0.6303215467235005,0.5611627867660474,0.1115116258349447,1.0,0.1968079434294765,0.2397367457958286,0.4176562066934005,2.1074939768479686,1.1971817087964042e+22,1.3076416744613522e+22,7.063048251815141e+19,1.9896965824113514e+17,-0.17154898223652756,3.9968028886505635e-15,0,0.9967288935011538,2.511886431509572e+22,32768,logarithmic,p0,1.0,0.5,A1_balanced_q01_q99,R2,R2,1.0,1.0,2,65,0.47660662272733895,0.520581527117648,0.0028118501550129602,1.6697824978812212e-16,2.1261933693376043,5.602513087763829,357.14850275594495,0.018699392489635702,0.04285356375544501,main,False,True,True,False
5.919816949755226,378.23543858621935,0.1115116258349447,0.016961507846929666,0.6303215467235005,0.5611627867660474,0.1115116258349447,1.0,0.19337099316378337,0.2355166621608912,0.4103304785093391,2.1001682486639073,1.343450736204482e+22,1.4674064574649488e+22,7.525737595018592e+19,1.9896965824113514e+17,-0.1686197854594857,1.3322676295501878e-15,0,0.9968938619065739,2.8183829312644493e+22,32768,logarithmic,p0,1.0,0.5,A1_balanced_q01_q99,R2,R2,1.0,1.0,2,65,0.4766743089810551,0.5206554585563737,0.002670232462571088,0.0,2.118549039240688,5.901457708751383,380.42794766196465,0.018380790576780548,0.04287452162375586,main,False,True,True,False
6.2347156398595684,403.0068429705509,0.1115116258349447,0.016961507846929666,0.6303215467235005,0.5611627867660474,0.1115116258349447,1.0,0.18999352883463452,0.23137186296463616,0.40313368943525,2.092971459589818,1.5075798401033538e+22,1.6466792066835565e+22,8.018613381468933e+19,1.9896965824113514e+17,-0.16573681492088316,0.0,0,0.9970505455894398,3.1622776601683792e+22,32768,logarithmic,p0,1.0,0.5,A1_balanced_q01_q99,R2,R2,1.0,1.0,2,65,0.4767386049279053,0.52072568687592,0.0025357081961746436,0.0,2.111038626945537,6.216353722447428,405.2247797359286,0.018067167355718894,0.04289442213714493,main,False,True,True,False
6.566416739294624,429.39428674097184,0.1115116258349447,0.016961507846929666,0.6303215467235005,0.5611627867660474,0.1115116258349447,1.0,0.18667455649511325,0.2273009389912704,0.39606354028883584,2.085901310443404,1.691749099328036e+22,1.8478411495593692e+22,8.543643448354714e+19,1.9896965824113514e+17,-0.16289959968172663,1.9984014443252818e-15,0,0.9971993571832729,3.5481338923357603e+22,32768,logarithmic,p0,1.0,0.5,A1_balanced_q01_q99,R2,R2,1.0,1.0,2,65,0.4767996785528142,0.5207923955606205,0.0024079258865652266,1.1821154802134204e-16,2.1036597864025435,6.548052279571827,431.6379044211016,0.017758475959139375,0.042913318436150906,main,False,True,True,False
6.915816821998236,457.5031180648209,0.1115116258349447,0.016961507846929666,0.6303215467235005,0.5611627867660474,0.1115116258349447,1.0,0.18341309643704526,0.22330251169977738,0.38911777485799315,2.0789555450125614,1.8984046560176e+22,2.073564125612824e+22,9.102923904561111e+19,1.9896965824113514e+17,-0.16010765465370458,4.3076653355456074e-14,0,0.9973406891049943,3.981071705534985e+22,32768,logarithmic,p0,1.0,0.5,A1_balanced_q01_q99,R2,R2,1.0,1.0,2,65,0.4768576896965206,0.5208557591991863,0.002286551104293119,0.0,2.0964102126615543,6.897449947414595,459.77267395753546,0.01745466764899284,0.042931261010620315,main,False,True,True,False
7.283860301540279,487.4455521161707,0.1115116258349447,0.016961507846929666,0.6303215467235005,0.5611627867660474,0.1115116258349447,1.0,0.18020818314755793,0.219375232293998,0.3822941789695684,2.0721319491241363,2.130291183732815e+22,2.3268460502852297e+22,9.69868749157159e+19,1.9896965824113514e+17,-0.15736048230882435,1.0325074129013956e-13,0,0.9974749145124469,4.466835921509617e+22,32768,logarithmic,p0,1.0,0.5,A1_balanced_q01_q99,R2,R2,1.0,1.0,2,65,0.4769127904328439,0.520915943896781,0.0021712656703749733,0.0,2.089287641151869,7.265491133219914,489.74130759338914,0.017155692027732705,0.042948297829963,main,False,True,True,False
7.671541983830454,519.3411186758012,0.1115116258349447,0.016961507846929666,0.6303215467235005,0.5611627867660474,0.1115116258349447,1.0,0.17705886525340003,0.21551778083423825,0.3755905795861329,2.065428349740701,2.3904883175105302e+22,2.611050706272835e+22,1.0333312489349297e+20,1.9896965824113514e+17,-0.15465757426583518,1.5054624213917123e-13,0,0.997602388220038,5.011872336272714e+22,32768,logarithmic,p0,1.0,0.5,A1_balanced_q01_q99,R2,R2,1.0,1.0,2,65,0.4769651254302131,0.5209731076699073,0.002061766899879595,0.0,2.082289846974847,7.6531706368791825,521.6633391862616,0.016861497234145872,0.04296447446720368,main,False,True,True,False
8.079909756039031,553.317138906129,0.1115116258349447,0.016961507846929666,0.6303215467235005,0.5611627867660474,0.1115116258349447,1.0,0.17396420545396873,0.2117288653881638,0.36900484392954186,2.05884261408411,2.6824515292987415e+22,2.9299523904020387e+22,1.1009332202711518e+20,1.9896965824113514e+17,-0.1519984127613099,1.8096635301390052e-13,0,0.9977234475731862,5.623413251903491e+22,32768,logarithmic,p0,1.0,0.5,A1_balanced_q01_q99,R2,R2,1.0,1.0,2,65,0.47701483229793723,0.521027400824627,0.0019577668774360354,2.9834577770575576e-16,2.0754146442089114,8.061536339833454,555.6660939797607,0.01657203012480135,0.042979834217095586,main,False,True,True,False
8.510067418971664,589.5092332046903,0.1115116258349447,0.016961507846929666,0.6303215467235005,0.5611627867660474,0.1115116258349447,1.0,0.17092328044417926,0.20800722121860588,0.3625348786300895,2.0523726487846576,3.010057991206922e+22,3.2877860085289475e+22,1.1729445066073086e+20,1.9896965824113514e+17,-0.14938247201278457,1.461053500406706e-13,0,0.9978384132864875,6.309573444801943e+22,32768,logarithmic,p0,1.0,0.5,A1_balanced_q01_q99,R2,R2,1.0,1.0,2,65,0.47706204191770174,0.5210789663186417,0.00185899176365658,0.0,2.0686598852267264,8.491692037452856,591.8851964570978,0.016287236442068753,0.04299441820857329,main,False,True,True,False
8.963177670623354,628.0618621570495,0.1115116258349447,0.016961507846929666,0.6303215467235005,0.5611627867660474,0.1115116258349447,1.0,0.1679351808275417,0.2043516100067603,0.3561786289001563,2.046016399054724,3.3776580351937133e+22,3.68930328324092e+22,1.2496525406767907e+20,1.9896965824113514e+17,-0.146809219480937,1.156852391659413e-13,0,0.9979475902383541,7.079457843841402e+22,32768,logarithmic,p0,1.0,0.5,A1_balanced_q01_q99,R2,R2,1.0,1.0,2,65,0.4771068787607829,0.5211279401077779,0.0017651811314391749,1.1849223747122755e-16,2.0620234600243332,8.944800422549479,630.4651112972484,0.01600706096960902,0.04300826551179354,main,False,False,True,False
9.440465248882543,669.1289027531661,0.1115116258349447,0.016961507846929666,0.6303215467235005,0.5611627867660474,0.1115116258349447,1.0,0.16499901102097664,0.20076081910814736,0.3499340777312962,2.039771847885864,3.790132892078503e+22,4.1398358202542794e+22,1.3313634910006321e+20,1.9896965824113514e+17,-0.14427811703735033,9.57012247226885e-14,0,0.9980512682354568,7.94328234724279e+22,32768,logarithmic,p0,1.0,0.5,A1_balanced_q01_q99,R2,R2,1.0,1.0,2,65,0.4771494611914563,0.521174451477388,0.0016760873311556963,0.0,2.055503295562047,9.422086228087066,671.559719591434,0.015731447676182952,0.04302141324001646,main,False,False,True,False
9.94322024194932,712.8742621608666,0.1115116258349447,0.016961507846929666,0.6303215467235005,0.5611627867660474,0.1115116258349447,1.0,0.16211388915161218,0.19723366084005056,0.3437992451137694,2.0336370152683374,4.2529594760895685e+22,4.645365870416767e+22,1.41840348311049e+20,1.9896965824113514e+17,-0.14178862204403112,8.149037000748649e-14,0,0.9981497227394955,8.91250938133744e+22,32768,logarithmic,p0,1.0,0.5,A1_balanced_q01_q99,R2,R2,1.0,1.0,2,65,0.47718990175709136,0.5212186233592124,0.0015914748836961556,0.0,2.0490973551168907,9.92483953758302,715.3329326182105,0.015460339848553328,0.04303389664655591,main,False,False,True,False
10.472801575388493,759.4725315063018,0.1115116258349447,0.016961507846929666,0.6303215467235005,0.5611627867660474,0.1115116258349447,1.0,0.15927894694649702,0.19376897179852434,0.3377721872775864,2.0276099574321544,4.772283074654091e+22,5.2126057263421746e+22,1.5111199003733862e+20,1.9896965824113514e+17,-0.139340188350473,6.106226635438361e-14,0,0.9982432155611742,1e+23,32768,logarithmic,p0,1.0,0.5,A1_balanced_q01_q99,R2,R2,1.0,1.0,2,65,0.4772283074654091,0.5212605726342175,0.0015111199003733863,0.0,2.0428036376463807,10.45441927214987,761.9593456252543,0.01519368021422629,0.04304574921703616,main,False,False,True,False
11.030640685247905,809.1096822688484,0.1115116258349447,0.016961507846929666,0.6303215467235005,0.5611627867660474,0.1115116258349447,1.0,0.15649332961587206,0.19036561220339282,0.3318509959541699,2.021688766108738,5.354998908037658e+22,5.8490868072859335e+22,1.6098827696062618e+20,1.9896965824113514e+17,-0.13693226721370244,4.8405723873656825e-14,0,0.9983319955221477,1.1220184543019653e+23,32768,logarithmic,p0,1.0,0.5,A1_balanced_q01_q99,R2,R2,1.0,1.0,2,65,0.4772647800493738,0.5213004104219294,0.001434809528696931,0.0,2.0366201771634547,11.012256863602097,811.6249342256112,0.014931411054716737,0.04305700275716136,main,False,False,True,False
11.618245387168482,861.9838080681717,0.1115116258349447,0.016961507846929666,0.6303215467235005,0.5611627867660474,0.1115116258349447,1.0,0.15375619573064336,0.18702246526972513,0.3260337976577996,2.0158715678123675,6.008843641141175e+22,6.5632596144304675e+22,1.7150862370071636e+20,1.9896965824113514e+17,-0.13456430814641582,3.952393967665557e-14,0,0.9984162990864025,1.2589254117941714e+23,32768,logarithmic,p0,1.0,0.5,A1_balanced_q01_q99,R2,R2,1.0,1.0,2,65,0.47729941622018773,0.5213382423567704,0.0013623414230418064,0.0,2.03054504212235,11.599860123556514,864.5277961859965,0.01467347430998256,0.04306768747621503,main,False,False,True,False
12.237203951946102,918.3059148020526,0.1115116258349447,0.016961507846929666,0.6303215467235005,0.5611627867660474,0.1115116258349447,1.0,0.1510667170946395,0.18373843660437236,0.32031875298604484,2.010156523140613,6.742498061826695e+22,7.364605882997905e+22,1.8271501402897737e+20,1.9896965824113514e+17,-0.13223575969799825,3.352873534367973e-14,0,0.998496350962141,1.4125375446227497e+23,32768,logarithmic,p0,1.0,0.5,A1_balanced_q01_q99,R2,R2,1.0,1.0,2,65,0.4773323079088445,0.5213741688519006,0.0012935232392550357,1.1877359340902148e-16,2.024576334815242,12.218817318983469,920.8789415659484,0.014419811674629024,0.04307783206648522,main,False,False,True,False
12.889189398560436,978.3007622866501,0.1115116258349447,0.016961507846929666,0.6303215467235005,0.5611627867660474,0.1115116258349447,1.0,0.14842407861221135,0.18051245362622073,0.3147040559384301,2.004541826092998,7.56570228832121e+22,8.26376441945698e+22,1.9465216832921675e+20,1.9896965824113514e+17,-0.12994607017291904,2.842170943040401e-14,0,0.9985723646755513,1.584893192461111e+23,32768,logarithmic,p0,1.0,0.5,A1_balanced_q01_q99,R2,R2,1.0,1.0,2,65,0.477363542496688,0.521408285351049,0.0012281721522631437,2.1171415310261256e-16,2.0187121907794485,12.870801465226277,980.903134359349,0.014170364686450387,0.04308746377880612,main,False,False,True,False
13.575964016273801,1042.2077607561569,0.1115116258349447,0.016961507846929666,0.6303215467235005,0.5611627867660474,0.1115116258349447,1.0,0.14582747815169458,0.17734346500890194,0.30918793325262894,1.999025703407197,8.489385034504127e+22,9.272672293687709e+22,2.0736772197391126e+20,1.9896965824113514e+17,-0.12769468829072114,2.6201263381153694e-14,0,0.9986445431176438,1.7782794100389228e+23,32768,logarithmic,p0,1.0,0.5,A1_balanced_q01_q99,R2,R2,1.0,1.0,2,65,0.4773932030354168,0.521440682568818,0.0011661143957651314,0.0,2.0129507782150275,13.557574848091113,1044.839788995319,0.013925074807830562,0.043096608494402854,main,False,False,True,False
14.299384128025062,1110.2819257976557,0.1115116258349447,0.016961507846929666,0.6303215467235005,0.5611627867660474,0.1115116258349447,1.0,0.14327612640520745,0.17423044014477684,0.3037686437575044,1.9936064139120726,9.52580864843046e+22,1.0404723259725642e+23,2.2091241532726893e+20,1.9896965824113514e+17,-0.12548106379155202,1.7319479184152442e-14,0,0.998713079065245,1.9952623149688827e+23,32768,logarithmic,p0,1.0,0.5,A1_balanced_q01_q99,R2,R2,1.0,1.0,2,65,0.47742136845696,0.5214714467199221,0.0011071848231179278,1.6817052950014394e-16,2.007290297412567,14.280993787232031,1112.9439252743216,0.01368388350049421,0.04310529079320675,main,False,False,True,False
15.061405107992,1182.7948955300901,0.1115116258349447,0.016961507846929666,0.6303215467235005,0.5611627867660474,0.1115116258349447,1.0,0.14076924674524033,0.17117236862907412,0.298444477742362,1.9882822478969302,1.0688731848746258e+23,1.1674945507323913e+23,2.3534029613298116e+20,1.9896965824113514e+17,-0.12330464799094046,1.6431300764452317e-14,0,0.9987781556773538,2.238721138568347e+23,32768,logarithmic,p0,1.0,0.5,A1_balanced_q01_q99,R2,R2,1.0,1.0,2,65,0.4774481137736367,0.5215006597378177,0.0010512264885455108,0.0,2.0017289801910074,15.043013653704838,1185.487185548371,0.013446732294077224,0.04311353401882171,main,False,False,True,False
15.864086666884855,1260.0360140845123,0.1115116258349447,0.016961507846929666,0.6303215467235005,0.5611627867660474,0.1115116258349447,1.0,0.13830607507845175,0.16816825976313476,0.2932137563418107,1.9830515264963788,1.1993592318499709e+23,1.3100201103086617e+23,2.5070893509391755e+20,1.9896965824113514e+17,-0.12116489428728687,1.687538997430238e-14,0,0.9988399469679381,2.5118864315095718e+23,32768,logarithmic,p0,1.0,0.5,A1_balanced_q01_q99,R2,R2,1.0,1.0,2,65,0.47747351026900936,0.5215283994831633,0.0009980902478272024,0.0,1.9962650893453102,15.845694155253089,1262.7589182024565,0.013213562848931382,0.043121360340284555,main,False,False,True,False
16.709598419258075,1342.3134857071823,0.1115116258349447,0.016961507846929666,0.6303215467235005,0.5611627867660474,0.1115116258349447,1.0,0.13588585969705527,0.1652171420757769,0.2880748309356539,1.977912601090222,1.3457711579352918e+23,1.4699409767741214e+23,2.670796555036249e+20,1.9896965824113514e+17,-0.11906125862531299,8.881784197001252e-15,0,0.9988986182561295,2.818382931264449e+23,32768,logarithmic,p0,1.0,0.5,A1_balanced_q01_q99,R2,R2,1.0,1.0,2,65,0.477497625679815,0.5215547399425393,0.0009476343776457706,1.190556174172756e-16,1.990896918103798,16.691204903612228,1345.0673317588353,0.012984317013576163,0.0431287908107868,main,False,False,True,False
17.600225747886796,1429.9556040887928,0.1115116258349447,0.016961507846929666,0.6303215467235005,0.5611627867660474,0.1115116258349447,1.0,0.1335078611281634,0.16231806286185124,0.2830260825632734,1.9728638527178415,1.5100524864851153e+23,1.6493799959048086e+23,2.8451777784554304e+20,1.9896965824113514e+17,-0.1169931999185134,8.881784197001252e-15,0,0.9989543265949137,3.162277660168379e+23,32768,logarithmic,p0,1.0,0.5,A1_balanced_q01_q99,R2,R2,1.0,1.0,2,65,0.4775205243693594,0.521579751417839,0.0008997242128017106,0.0,1.9856227895950107,17.581831278878376,1432.7407242074723,0.012758936877169225,0.043135845423497625,main,False,False,True,False
18.53837598106,1523.3120618233122,0.1115116258349447,0.016961507846929666,0.6303215467235005,0.5611627867660474,0.1115116258349447,1.0,0.13117135198141974,0.15947008773710866,0.2780659213519822,1.9679036915065504,1.6943839043138566e+23,1.8507190592185483e+23,3.030928803355834e+20,1.9896965824113514e+17,-0.11496018043345103,6.661338147750939e-15,0,0.9990072211792769,3.5481338923357603e+23,32768,logarithmic,p0,1.0,0.5,A1_balanced_q01_q99,R2,R2,1.0,1.0,2,65,0.4775422674927389,0.5216035007067356,0.0008542318005255865,1.8913847683414727e-16,1.9804410563238923,18.519980606795283,1526.1287924659887,0.012537364817341912,0.04314254316462491,main,False,False,True,False
19.52658489948845,1622.755345219149,0.1115116258349447,0.016961507846929666,0.6303215467235005,0.5611627867660474,0.1115116258349447,1.0,0.1288756167952271,0.15667230020856657,0.2731927859588613,1.9630305561134294,1.9012122011712242e+23,2.0766307135992892e+23,3.228790764472293e+20,1.9896965824113514e+17,-0.11296166613856018,7.105427357601002e-15,0,0.9990574437346389,3.9810717055349855e+23,32768,logarithmic,p0,1.0,0.5,A1_balanced_q01_q99,R2,R2,1.0,1.0,2,65,0.4775629131542445,0.5216260512746095,0.0008110355711461371,0.0,1.9753500996571598,19.50818866565506,1625.6040271920265,0.012319543543730438,0.043148902063854654,main,False,False,True,False
20.567523590411934,1728.6822200263605,0.1115116258349447,0.016961507846929666,0.6303215467235005,0.5611627867660474,0.1115116258349447,1.0,0.12661995188186706,0.15392380125958804,0.2684051430256132,1.9582429131801813,2.1332827404430706e+23,2.3301136279612847e+23,3.439553105261717e+20,1.9896965824113514e+17,-0.11099712701994556,2.220446049250313e-15,0,0.9991051288866628,4.466835921509616e+23,32768,logarithmic,p0,1.0,0.5,A1_balanced_q01_q99,R2,R2,1.0,1.0,2,65,0.47758251655729145,0.5216474634183109,0.0007700200243977805,1.5023803242210835e-16,1.9703483293176856,20.549126540399996,1731.5631985115185,0.012105416137504266,0.04315493924228712,main,False,False,True,False
21.66400566743744,1841.51531400556,0.1115116258349447,0.016961507846929666,0.6303215467235005,0.5611627867660474,0.1115116258349447,1.0,0.12440366517176389,0.15122370894895854,0.26370148664598775,1.9535392568005558,2.393675891957357e+23,2.6145323875886228e+23,3.664056726735029e+20,1.9896965824113514e+17,-0.10906603736650512,6.661338147750939e-15,0,0.9991504045130308,5.011872336272715e+23,32768,logarithmic,p0,1.0,0.5,A1_balanced_q01_q99,R2,R2,1.0,1.0,2,65,0.4776011301472042,0.5216677944221195,0.000731075430676264,0.0,1.965434182887737,21.645607842453956,1844.4289385887853,0.011894926087181235,0.043160670957998575,main,False,False,True,False
22.818994875616802,1961.7048026511425,0.1115116258349447,0.016961507846929666,0.6303215467235005,0.5611627867660474,0.1115116258349447,1.0,0.12222607605715383,0.14857115802326382,0.2590803378453654,1.9489181079999336,2.6858479103501574e+23,2.9336621442117983e+23,3.9031973415349125e+20,1.9896965824113514e+17,-0.1071678760265541,1.7763568394002505e-15,0,0.999193392078308,5.623413251903491e+23,32768,logarithmic,p0,1.0,0.5,A1_balanced_q01_q99,R2,R2,1.0,1.0,2,65,0.4776188037471752,0.5216870987062479,0.0006940975465770196,0.0,1.9606061253209206,22.800596314795087,1964.6514273507983,0.01168801732098701,0.04316611264933943,main,False,False,True,False
24.03561310232668,2089.730204792275,0.1115116258349447,0.016961507846929666,0.6303215467235005,0.5611627867660474,0.1115116258349447,1.0,0.12008651523537099,0.14596529954193238,0.25454024407208975,1.944378014226658,3.013676801437981e+23,3.291738714317326e+23,4.157929046636963e+20,1.9896965824113514e+17,-0.10530212663798146,0.0,0,0.9992342069523956,6.309573444801942e+23,32768,logarithmic,p0,1.0,0.5,A1_balanced_q01_q99,R2,R2,1.0,1.0,2,65,0.4776355846877031,0.521705427968222,0.000658987344075124,2.1272076341479705e-16,1.9558626484626749,24.017213842829744,2092.710188089316,0.011484634236016866,0.04317127897608028,main,False,False,True,False
25.317148815597765,2226.102295233962,0.1115116258349447,0.016961507846929666,0.6303215467235005,0.5611627867660474,0.1115116258349447,1.0,0.11798432455197298,0.14340530051432707,0.2500797787001752,1.9399175488547433,3.3815137852309185e+23,3.6935147904815574e+23,4.42926812892508e+20,1.9896965824113514e+17,-0.10346827783384104,0.0,0,0.9992729587135942,7.079457843841402e+23,32768,logarithmic,p0,1.0,0.5,A1_balanced_q01_q99,R2,R2,1.0,1.0,2,65,0.4776515179298062,0.5217228313174629,0.0006256507527307633,1.8958757995396408e-16,1.9512022705791632,25.298748892717136,2229.11600010298,0.011284721724419855,0.0431761838585095,main,False,False,True,False
26.667065952706405,2371.3651420666843,0.1115116258349447,0.016961507846929666,0.6303215467235005,0.5611627867660474,0.1115116258349447,1.0,0.1159188568438886,0.14089034354832217,0.24569754054302373,1.9355353106975919,3.794241038486476e+23,4.1443230116374944e+23,4.71829711881949e+20,1.9896965824113514e+17,-0.10166582342515146,8.881784197001252e-16,0,0.9993097514367872,7.94328234724279e+23,32768,logarithmic,p0,1.0,0.5,A1_balanced_q01_q99,R2,R2,1.0,1.0,2,65,0.4776666461822931,0.5217393554033792,0.0005939984143277079,1.6897010849247808e-16,1.9466235358944204,26.64866539995566,2374.4129360080415,0.011088225196828505,0.043180840514586614,main,False,False,True,False
28.089013283051614,2526.0982767709825,0.1115116258349447,0.016961507846929666,0.6303215467235005,0.5611627867660474,0.1115116258349447,1.0,0.11388947578277035,0.1384196265098207,0.24139215337780426,1.9312299235323724,4.257336483030835e+23,4.65014672919848e+23,5.026169108126428e+20,1.9896965824113514e+17,-0.09989426256256162,6.217248937900877e-15,0,0.9993446839675868,8.912509381337441e+23,32768,logarithmic,p0,1.0,0.5,A1_balanced_q01_q99,R2,R2,1.0,1.0,2,65,0.4776810100133622,0.5217550445372618,0.0005639454493760301,0.0,1.9421250141356072,28.07061213225567,2529.180531843973,0.010895090603234792,0.04318526149524092,main,False,False,True,False
29.586834270624912,2690.9190057724945,0.1115116258349447,0.016961507846929666,0.6303215467235005,0.5611627867660474,0.1115116258349447,1.0,0.11189555571871387,0.13599236219270996,0.23716226548017047,1.9270000356347385,4.776946479567934e+23,5.2176994080827345e+23,5.3541123493312836e+20,1.9896965824113514e+17,-0.09815309987843147,1.3322676295501878e-15,0,0.9993778501830253,1e+24,32768,logarithmic,p0,1.0,0.5,A1_balanced_q01_q99,R2,R2,1.0,1.0,2,65,0.4776946479567934,0.5217699408082734,0.0005354112349331284,0.0,1.9377053000862332,29.568432552005053,2694.0360986295145,0.010705264451494667,0.043189458717912264,main,False,False,True,False
0.11190035022228238,2.6638949821373292,0.1115116258349447,0.016961507846929666,0.6303215467235005,0.5611627867660474,0.1115116258349447,1.0,0.7453295343655068,0.9427983852526935,1.615085742016832,3.3049235121714,1.788544688739287e+18,7.814270981414527e+18,3.971843298461872e+17,1.4909909456247158e+17,-0.5547761429794862,1.2545520178264269e-14,0,0.9529180658888681,1e+19,131072,exponential,p0,1.0,0.5,A1_balanced_q01_q99,R2,R2,1.0,1.0,2,65,0.1788544688739287,0.7814270981414527,0.03971843298461872,2.048e-16,3.3671545656487156,0.10675396678331038,2.907809368734617,0.06223105347731561,0.03710155031207539,main,True,False,True,False
0.11760736853780378,2.8493898308275485,0.1115116258349447,0.016961507846929666,0.6303215467235005,0.5611627867660474,0.1115116258349447,1.0,0.732830601327306,0.9252013080632949,1.586291930573217,3.276129700727785,2.010655439652035e+18,8.784687659535717e+18,4.248414438319016e+17,1.4909909456247158e+17,-0.5502430993488068,1.326716514427062e-14,0,0.9551592467719203,1.1220184543019653e+19,131072,exponential,p0,1.0,0.5,A1_balanced_q01_q99,R2,R2,1.0,1.0,2,65,0.17919985468535918,0.7829361117773133,0.03786403353732766,1.8252819212979077e-16,3.3377703586261287,0.11245025408135441,3.0973444990076464,0.0616406578983435,0.03740484187858361,main,True,False,True,False
0.12361787529159432,3.0472312001299002,0.1115116258349447,0.016961507846929666,0.6303215467235005,0.5611627867660474,0.1115116258349447,1.0,0.7205166471240119,0.9079802100964915,1.5580348055678819,3.2478725757224503,2.2601534788938798e+18,9.874761226185953e+18,4.543394128618818e+17,1.4909909456247158e+17,-0.5454686242051703,5.218048215738236e-15,0,0.9572999081677898,1.2589254117941713e+19,131072,exponential,p0,1.0,0.5,A1_balanced_q01_q99,R2,R2,1.0,1.0,2,65,0.17953037230957133,0.7843801653120044,0.03608946237842439,1.6267842247153233e-16,3.3089009211596965,0.11845048970056714,3.2992337973337293,0.06102834543724622,0.03769361645922182,main,True,False,True,False
0.12994810503327783,3.2582237979763113,0.1115116258349447,0.016961507846929666,0.6303215467235005,0.5611627867660474,0.1115116258349447,1.0,0.7083863525300186,0.8911244673814342,1.5303029405644268,3.220140710718995,2.5404000499281065e+18,1.1099177178139226e+19,4.857982181601654e+17,1.4909909456247158e+17,-0.540475646056626,5.440092820663267e-15,0,0.9593440130563367,1.4125375446227497e+19,131072,exponential,p0,1.0,0.5,A1_balanced_q01_q99,R2,R2,1.0,1.0,2,65,0.17984655059958624,0.7857615693396323,0.034391880060781595,0.0,3.2805372352182123,0.12477089202620566,3.5142825258722565,0.060396524499217286,0.03796853260197759,main,True,False,True,False
0.13661515745256914,3.4832247677499137,0.1115116258349447,0.016961507846929666,0.6303215467235005,0.5611627867660474,0.1115116258349447,1.0,0.6964383277735463,0.8746238622452885,1.5030852303509301,3.1929230005054983,2.855167800533058e+18,1.2474418465048967e+19,5.193456590290875e+17,1.4909909456247158e+17,-0.5352857178232572,6.217248937900877e-15,0,0.9612954153905002,1.5848931924611109e+19,131072,exponential,p0,1.0,0.5,A1_balanced_q01_q99,R2,R2,1.0,1.0,2,65,0.18014890934696953,0.7870825948641997,0.03276849578883095,2.584401282990876e-16,3.2526704407535583,0.13142854484071165,3.743348434909896,0.05974744024806,0.03823022219337192,main,True,False,True,False
0.14363704353063625,3.7231471137258607,0.1115116258349447,0.016961507846929666,0.6303215467235005,0.5611627867660474,0.1115116258349447,1.0,0.6846711168473485,0.8584685661875147,1.4763708786794183,3.1662086488339867,3.208691064271225e+18,1.40189851725386e+19,5.5511786357940525e+17,1.4909909456247158e+17,-0.5299190803303373,2.7200464103316335e-15,0,0.963157858963205,1.7782794100389229e+19,131072,exponential,p0,1.0,0.5,A1_balanced_q01_q99,R2,R2,1.0,1.0,2,65,0.18043795852087122,0.788345469974921,0.031216571504207816,0.0,3.225291832933076,0.13844144350045112,3.98734518411108,0.059083184099089525,0.03847929126070677,main,True,False,True,False
0.15103273415859916,3.9789633493813805,0.1115116258349447,0.016961507846929666,0.6303215467235005,0.5611627867660474,0.1115116258349447,1.0,0.6730832017949809,0.8426491233212929,1.45014938652456,3.139987156679128,3.6057222826435645e+18,1.575364103435524e+19,5.932598326900232e+17,1.4909909456247158e+17,-0.5243947241866912,4.385380947269368e-15,0,0.9649349767144768,1.9952623149688828e+19,131072,exponential,p0,1.0,0.5,A1_balanced_q01_q99,R2,R2,1.0,1.0,2,65,0.18071419760663388,0.7895523769565571,0.029733425436809062,2.052862908937304e-16,3.198392859420405,0.14582854357641556,4.247245986770267,0.05840570274127721,0.03871632077400719,main,True,False,True,False
0.15882221135444244,4.251709383095118,0.1115116258349447,0.016961507846929666,0.6303215467235005,0.5611627867660474,0.1115116258349447,1.0,0.661673006953796,0.8271564343826623,1.424410540844108,3.114248310998676,4.0515953175575936e+18,1.7701690048763632e+19,6.339260193622468e+17,1.4909909456247158e+17,-0.5187304499686758,5.384581669432009e-15,0,0.9666302904473814,2.238721138568347e+19,131072,exponential,p0,1.0,0.5,A1_balanced_q01_q99,R2,R2,1.0,1.0,2,65,0.1809781150388642,0.790705449812467,0.02831643514866885,1.8296159934503391e-16,3.1719651177039667,0.1536098120903319,4.524087491601919,0.05771680670529067,0.03894186744527835,main,True,False,True,False
0.1670265222167013,4.542488656705084,0.1115116258349447,0.016961507846929666,0.6303215467235005,0.5611627867660474,0.1115116258349447,1.0,0.6504389031376456,0.8119817413061083,1.3991444038235958,3.088982173978164,4.552296495229592e+18,1.9889286874091102e+19,6.772809457750258e+17,1.4909909456247158e+17,-0.5129429266434128,4.996003610813204e-16,0,0.968247210920923,2.511886431509572e+19,131072,exponential,p0,1.0,0.5,A1_balanced_q01_q99,R2,R2,1.0,1.0,2,65,0.18123018772364607,0.7918067721771246,0.0269630400992293,0.0,3.1460003524722477,0.1618062814846842,4.818973917550937,0.05701817849408375,0.039156464522890976,main,True,False,True,False
0.17566783576060446,4.8524765534082475,0.1115116258349447,0.016961507846929666,0.6303215467235005,0.5611627867660474,0.1115116258349447,1.0,0.6393792117442779,0.7971166123633922,1.374341302587863,3.064179072742431,5.114544325297824e+18,2.2345785126847877e+19,7.234998604987924e+17,1.4909909456247158e+17,-0.5070477481776244,8.326672684688674e-16,0,0.9697890382888266,2.8183829312644493e+19,131072,exponential,p0,1.0,0.5,A1_balanced_q01_q99,R2,R2,1.0,1.0,2,65,0.18147088064442743,0.792858375594213,0.0256707437613596,0.0,3.120490453035057,0.17044010647252567,5.133081458116025,0.056311380292625834,0.03936062257909291,main,True,False,True,False
0.18476950279018386,5.182925092560555,0.1115116258349447,0.016961507846929666,0.6303215467235005,0.5611627867660474,0.1115116258349447,1.0,0.6284922087741915,0.7825529278608124,1.3499918193621332,3.0398295895167013,5.745878954107089e+18,2.510412820909081e+19,7.72769438485893e+17,1.4909909456247158e+17,-0.5010594882906418,1.0547118733938987e-15,0,0.9712589628533179,3.162277660168379e+19,131072,exponential,p0,1.0,0.5,A1_balanced_q01_q99,R2,R2,1.0,1.0,2,65,0.181700646546045,0.793862238136107,0.02443711531784802,0.0,3.0954274507899777,0.17953462392073813,5.467662972752754,0.05559786127327637,0.039554830288838376,main,True,False,True,False
0.1943561189680246,5.535167930085823,0.1115116258349447,0.016961507846929666,0.6303215467235005,0.5611627867660474,0.1115116258349447,1.0,0.6177761287495307,0.7682828663883854,1.3260867820654998,3.015924552220068,6.454762540366529e+18,2.8201287856364052e+19,8.252885266270262e+17,1.4909909456247158e+17,-0.4949917533216739,7.771561172376096e-16,0,0.9726600661041858,3.5481338923357606e+19,131072,exponential,p0,1.0,0.5,A1_balanced_q01_q99,R2,R2,1.0,1.0,2,65,0.18191992569134177,0.7948202833405182,0.023259790968139963,0.0,3.070803516733183,0.18911441592860595,5.8240529840692705,0.054878964513115136,0.03973955519829456,main,True,False,True,False
0.20445359125299484,5.910625684421771,0.1115116258349447,0.016961507846929666,0.6303215467235005,0.5611627867660474,0.1115116258349447,1.0,0.6072291685232547,0.7542988916130752,1.302617255319941,2.9924550254745093,7.250691886393331e+18,3.1678756231111553e+19,8.81268937844975e+17,1.4909909456247158e+17,-0.4888572331922795,1.6653345369377348e-15,0,0.9739953220140891,3.981071705534986e+19,131072,exponential,p0,1.0,0.5,A1_balanced_q01_q99,R2,R2,1.0,1.0,2,65,0.18212914568487948,0.7957343794402841,0.022136474874836446,0.0,3.0466109590138695,0.19920537627219417,6.2036730007462815,0.05415593353936021,0.03991524448157121,main,True,False,True,False
0.2150892078853707,6.310811609234003,0.1115116258349447,0.016961507846929666,0.6303215467235005,0.5611627867660474,0.1115116258349447,1.0,0.5968494909704353,0.7405937396068232,1.2795745318582266,2.9694123020127945,8.14432482086366e+18,3.5583098097341387e+19,9.409362968911241e+17,1.4909909456247158e+17,-0.4826677504550452,3.3306690738754696e-15,0,0.9752675985624268,4.466835921509617e+19,131072,exponential,p0,1.0,0.5,A1_balanced_q01_q99,R2,R2,1.0,1.0,2,65,0.1823287213583434,0.7966063388626928,0.021064939778963815,0.0,3.0228422205315306,0.20983478039414713,6.608037187412091,0.05342991851873613,0.04008232568437906,main,True,False,True,False
0.2262917121083836,6.737337635513636,0.1115116258349447,0.016961507846929666,0.6303215467235005,0.5611627867660474,0.1115116258349447,1.0,0.5866352285549994,0.727160406698987,1.2569501243143724,2.9467878944689403,9.147622011555778e+18,3.996657040995463e+19,1.0045309412167462e+18,1.4909909456247158e+17,-0.47643430742875026,3.1086244689504383e-15,0,0.9764796594611977,5.011872336272715e+19,131072,exponential,p0,1.0,0.5,A1_balanced_q01_q99,R2,R2,1.0,1.0,2,65,0.1825190547123709,0.7974379179753293,0.020043027312299958,0.0,2.999489876575322,0.2210313591280616,7.038758404088758,0.052701982106381884,0.04024120745349284,main,True,False,True,False
0.23809137982528175,7.1919208071498515,0.1115116258349447,0.016961507846929666,0.6303215467235005,0.5611627867660474,0.1115116258349447,1.0,0.5765844867666556,0.7139921378417545,1.2347357573806812,2.9245735275352494,1.0274006091410774e+19,4.4887817547113095e+19,1.0723088805110427e+18,1.4909909456247158e+17,-0.47016713142877703,1.2212453270876722e-15,0,0.9776341660577288,5.6234132519034905e+19,131072,exponential,p0,1.0,0.5,A1_balanced_q01_q99,R2,R2,1.0,1.0,2,65,0.1827005349097025,0.7982308170561508,0.01906864803414675,1.4567664927038856e-16,2.9765466325047845,0.2328253763567262,7.4975546392972,0.05197310496953511,0.04039228025103109,main,True,False,True,False
0.2505201014016765,7.676390135640631,0.1115116258349447,0.016961507846929666,0.6303215467235005,0.5611627867660474,0.1115116258349447,1.0,0.5666953474239795,0.7010824154761932,1.2129233603157032,2.9027611304702714,1.153854021107712e+19,5.041265141821002e+19,1.1445428187323064e+18,1.4909909456247158e+17,-0.4638757181091729,5.551115123125783e-16,0,0.9787336793904684,6.309573444801943e+19,131072,exponential,p0,1.0,0.5,A1_balanced_q01_q99,R2,R2,1.0,1.0,2,65,0.18287353831474917,0.7989866804663602,0.018139781218890837,1.298344503264142e-16,2.9540053214711968,0.24524871081412614,7.986255862481811,0.051244191000925365,0.040535917052731185,main,True,False,True,False
0.2636114678341302,8.192693901277334,0.1115116258349447,0.016961507846929666,0.6303215467235005,0.5611627867660474,0.1115116258349447,1.0,0.5569658718408281,0.6884249488858654,1.1915050597879095,2.8813428299424775,1.2958128388988668e+19,5.6614926806717415e+19,1.2215232427079334e+18,1.4909909456247158e+17,-0.4575688729396399,6.661338147750939e-16,0,0.979780662375479,7.0794578438414025e+19,131072,exponential,p0,1.0,0.5,A1_balanced_q01_q99,R2,R2,1.0,1.0,2,65,0.183038428574884,0.7997070970055731,0.017254474419542833,1.1571507565549565e-16,2.93185890217884,0.25833494225232473,8.506811323085458,0.050516072236362675,0.040672474029512296,main,True,False,True,False
0.27740086151773086,8.742907429922687,0.1115116258349447,0.016961507846929666,0.6303215467235005,0.5611627867660474,0.1115116258349447,1.0,0.5473941038543291,0.6760136640242634,1.1704731730402511,2.8603109431948193,1.455174031938194e+19,6.357752357140099e+19,1.303559581644978e+18,1.4909909456247158e+17,-0.45125475084679334,2.9976021664879227e-15,0,0.9807774821028459,7.94328234724279e+19,131072,exponential,p0,1.0,0.5,A1_balanced_q01_q99,R2,R2,1.0,1.0,2,65,0.18319555673899754,0.8003936004297962,0.016410842831206415,2.0626233946835702e-16,2.910100456685499,0.27211944220612755,9.061297325388471,0.04978951349067984,0.040802291211759975,main,True,False,True,False
0.2919255518578918,9.329241376398397,0.1115116258349447,0.016961507846929666,0.6303215467235005,0.5611627867660474,0.1115116258349447,1.0,0.5379780727136045,0.663842693801858,1.1498202013612007,2.839657971515769,1.634066362332348e+19,7.139344874787518e+19,1.390981442175747e+18,1.4909909456247158e+17,-0.4449408940543521,2.1094237467877974e-15,0,0.9817264122234568,8.91250938133744e+19,131072,exponential,p0,1.0,0.5,A1_balanced_q01_q99,R2,R2,1.0,1.0,2,65,0.18334526140909763,0.8010476701137749,0.015607068477127502,0.0,2.8887231882414666,0.28663946960085673,9.651925510123101,0.049065216725697525,0.040925693135873624,main,True,False,True,False
0.3072247959846055,9.954050547522506,0.1115116258349447,0.016961507846929666,0.6303215467235005,0.5611627867660474,0.1115116258349447,1.0,0.5287157958293297,0.6519063688181062,1.1295388238483608,2.8193765940029287,1.8348786892098314e+19,8.016707318403701e+19,1.4841399238646802e+18,1.4909909456247158e+17,-0.43863426816152384,2.1094237467877974e-15,0,0.9826296354083821,1e+20,131072,exponential,p0,1.0,0.5,A1_balanced_q01_q99,R2,R2,1.0,1.0,2,65,0.18348786892098315,0.8016707318403701,0.014841399238646802,0.0,2.8677204191664414,0.3019342714616602,10.281051675894679,0.048343825163512655,0.04104298947273559,main,True,False,True,False
0.32333994484133527,10.619843299987464,0.1115116258349447,0.016961507846929666,0.6303215467235005,0.5611627867660474,0.1115116258349447,1.0,0.5196052813848772,0.6401992085235384,1.109621891451117,2.799459661605685,2.060291728104942e+19,9.001551912872367e+19,1.583409020423461e+18,1.4909909456247158e+17,-0.43234129650274844,1.1102230246251565e-15,0,0.9834892458640621,1.1220184543019654e+20,131072,exponential,p0,1.0,0.5,A1_balanced_q01_q99,R2,R2,1.0,1.0,2,65,0.18362369355027222,0.8022641587007094,0.014112147749018424,1.4602255370383262e-16,2.847085588763589,0.3180451889965776,10.951185175596013,0.047625927157903813,0.04115447563785348,main,True,True,True,False
0.34031455493509516,11.329291550566566,0.1115116258349447,0.016961507846929666,0.6303215467235005,0.5611627867660474,0.1115116258349447,1.0,0.5106445308105837,0.6287159127967965,1.0900624212793293,2.7799001914338977,2.313313687056597e+19,1.0107021719662743e+20,1.6891871122237348e+18,1.4909909456247158e+17,-0.4260678928352385,3.9968028886505635e-15,0,0.9843072518883615,1.2589254117941713e+20,131072,exponential,p0,1.0,0.5,A1_balanced_q01_q99,R2,R2,1.0,1.0,2,65,0.18375303774031795,0.8028292720899652,0.013417690169716816,0.0,2.8268122512701632,0.33501576934009364,11.664998925293059,0.04691205983626556,0.04126043338302198,main,True,True,True,False
0.3581945060496771,12.085241438577595,0.1115116258349447,0.016961507846929666,0.6303215467235005,0.5611627867660474,0.1115116258349447,1.0,0.5018315411231907,0.6174513539214349,1.0708535911655017,2.76069136132007,2.5973202525494346e+19,1.1347865338071984e+20,1.801898556060781e+18,1.4909909456247158e+17,-0.41981949240341715,4.440892098500626e-16,0,0.9850855784535817,1.4125375446227496e+20,131072,exponential,p0,1.0,0.5,A1_balanced_q01_q99,R2,R2,1.0,1.0,2,65,0.18387619234879227,0.8033673427846968,0.012756464866510994,0.0,2.806894073844024,0.3528918832592142,12.42534006550403,0.04620271252395414,0.04136113136943398,main,True,True,True,False
0.3770281252401306,12.890724683134168,0.1115116258349447,0.016961507846929666,0.6303215467235005,0.5611627867660474,0.1115116258349447,1.0,0.49316430713300646,0.6064005689472944,1.0519887344683263,2.7418265046228942,2.916099456161251e+19,1.2740632930598915e+20,1.921995378509408e+18,1.4909909456247158e+17,-0.4136010814314648,1.2212453270876722e-15,0,0.9858260698037787,1.5848931924611108e+20,131072,exponential,p0,1.0,0.5,A1_balanced_q01_q99,R2,R2,1.0,1.0,2,65,0.18399343690996417,0.8038795920887607,0.01212697100127502,0.0,2.787324834585422,0.371721849140225,13.23524131739622,0.045498329962527784,0.041456825722244635,main,True,True,True,False
0.3968663174434417,13.748970680489819,0.1115116258349447,0.016961507846929666,0.6303215467235005,0.5611627867660474,0.1115116258349447,1.0,0.4846408235218429,0.5955587524212697,1.0334613351060058,2.723299105260574,3.273902017562307e+19,1.4303896174864225e+20,2.0499590796270008e+18,1.4909909456247158e+17,-0.40741722509679085,3.3306690738754696e-15,0,0.9865304920552935,1.778279410038923e+20,131072,exponential,p0,1.0,0.5,A1_balanced_q01_q99,R2,R2,1.0,1.0,2,65,0.18410503990993451,0.8043671930358313,0.01152776705423436,1.8426800543837358e-16,2.768098420593457,0.3915565635912672,14.097933079194625,0.04479931533288317,0.04154776056665735,main,True,True,True,False
0.417762703058451,14.663419389728862,0.1115116258349447,0.016961507846929666,0.6303215467235005,0.5611627867660474,0.1115116258349447,1.0,0.47625908679502993,0.5849212494724759,1.0152650228081672,2.7051027929627356,3.6754978321996984e+19,1.6058495062069297e+20,2.186302554198363e+18,1.4909909456247158e+17,-0.40127209403837455,3.3306690738754696e-16,0,0.9872005357901014,1.995262314968883e+20,131072,exponential,p0,1.0,0.5,A1_balanced_q01_q99,R2,R2,1.0,1.0,2,65,0.18421125907232,0.804831271637571,0.010957469290109153,1.642290327149843e-16,2.749208826056564,0.41244963901373055,15.016856311052925,0.04410603309382832,0.04163416854567063,main,True,True,True,False
0.4397737628666823,15.637735058206522,0.1115116258349447,0.016961507846929666,0.6303215467235005,0.5611627867660474,0.1115116258349447,1.0,0.468017097111211,0.5744835492369554,0.9973935685756918,2.68723133873026,4.126239353555831e+19,1.8027814818308997e+20,2.331572138186411e+18,1.4909909456247158e+17,-0.3951694894546441,3.1086244689504383e-15,0,0.9878378186331435,2.238721138568347e+20,131072,exponential,p0,1.0,0.5,A1_balanced_q01_q99,R2,R2,1.0,1.0,2,65,0.18431234165209806,0.8052729081674599,0.010414750180442044,0.0,2.7306501503764644,0.43445754851432666,15.995676259777893,0.043418811646204425,0.04171627131966641,main,True,True,True,False
0.46295899068582214,16.67582084148491,0.1115116258349447,0.016961507846929666,0.6303215467235005,0.5611627867660474,0.1115116258349447,1.0,0.45991285999375925,0.5642412786073674,0.9798408803382109,2.669678650492779,4.63213271137887e+19,2.023809662486171e+20,2.4863497885513933e+18,1.4909909456247158e+17,-0.38911286684589824,3.1086244689504383e-15,0,0.9884438878053367,2.5118864315095718e+20,131072,exponential,p0,1.0,0.5,A1_balanced_q01_q99,R2,R2,1.0,1.0,2,65,0.18440852473553476,0.8056931384712005,0.009898336793264847,0.0,2.712416596324978,0.45763977854953236,17.038297078150595,0.04273794583219903,0.041794280048075776,main,True,True,True,False
0.48738105416826055,17.781834376087804,0.1115116258349447,0.016961507846929666,0.6303215467235005,0.5611627867660474,0.1115116258349447,1.0,0.4519443879279376,0.554190196293295,0.9626009987994671,2.652438768954035,5.199917509957852e+19,2.2718786262173188e+20,2.6512554051345234e+18,1.4909909456247158e+17,-0.38310535845627397,1.7763568394002505e-15,0,0.9890202226455085,2.818382931264449e+20,131072,exponential,p0,1.0,0.5,A1_balanced_q01_q99,R2,R2,1.0,1.0,2,65,0.1845000355443163,0.8060929552954876,0.00940700916019618,0.0,2.6945024682331207,0.4820589897149865,18.148877397156514,0.04206369927908549,0.041868395853396176,main,True,True,True,False
0.5131059641793257,18.96020436718818,0.1115116258349447,0.016961507846929666,0.6303215467235005,0.5611627867660474,0.1115116258349447,1.0,0.4441097018479792,0.5443261871782269,0.9456680934611952,2.635505863615763,5.837156365717892e+19,2.5502925305579186e+20,2.826949303867177e+18,1.4909909456247158e+17,-0.37714979446997904,1.7763568394002505e-15,0,0.989568237094828,3.1622776601683794e+20,131072,exponential,p0,1.0,0.5,A1_balanced_q01_q99,R2,R2,1.0,1.0,2,65,0.18458709174219337,0.806473309627759,0.008939598630047724,0.0,2.676902170211943,0.5077811861144451,19.331846913234536,0.041396306596179766,0.04193881026787443,main,True,True,True,False
0.5402032532129444,20.21564825739856,0.1115116258349447,0.016961507846929666,0.6303215467235005,0.5611627867660474,0.1115116258349447,1.0,0.4364068325183993,0.5346452569595379,0.9290364588165659,2.618874228971134,6.552335372673175e+19,2.862759006556728e+20,3.014134851171532e+18,1.4909909456247158e+17,-0.3712487230159412,9.992007221626409e-16,0,0.990089282138524,3.54813389233576e+20,131072,exponential,p0,1.0,0.5,A1_balanced_q01_q99,R2,R2,1.0,1.0,2,65,0.1846699017426236,0.8068351120403053,0.008494986217071157,1.8470554378334696e-16,2.659610204404514,0.5348758937661108,20.591924056707207,0.040735975433380034,0.042005705663191464,main,True,True,True,False
0.5687461633268831,21.553191047142263,0.1115116258349447,0.016961507846929666,0.6303215467235005,0.5611627867660474,0.1115116258349447,1.0,0.4288338218139046,0.5251435270582183,0.9127005107046934,2.6025382808592616,7.3549768293080924e+19,3.213438409903568e+20,3.2135612700608804e+18,1.4909909456247158e+17,-0.36540442903425996,3.1086244689504383e-15,0,0.9905846482003076,3.9810717055349857e+20,131072,exponential,p0,1.0,0.5,A1_balanced_q01_q99,R2,R2,1.0,1.0,2,65,0.18474866501606288,0.8071792340328466,0.008072100951090592,1.646189891754113e-16,2.642621169268547,0.5634163485285502,21.934134811863604,0.0400828884092852,0.042069255663521814,main,True,True,True,False
0.5988118441055259,22.978185341677076,0.1115116258349447,0.016961507846929666,0.6303215467235005,0.5611627867660474,0.1115116258349447,1.0,0.4213887239022707,0.5158172297854898,0.896654782818077,2.5864925529726452,8.255765723188929e+19,3.606999082899398e+20,3.426026629132709e+18,1.4909909456247158e+17,-0.35961895205686617,2.886579864025407e-15,0,0.9910555674855855,4.466835921509617e+20,131072,exponential,p0,1.0,0.5,A1_balanced_q01_q99,R2,R2,1.0,1.0,2,65,0.18482357239571048,0.8075065093683522,0.007669918235937453,1.4671682853721517e-16,2.625929757889101,0.5934796940541324,23.36383276376259,0.03943720491645575,0.0421296255423563,main,True,True,True,False
0.6304815611851794,24.496332704738457,0.1115116258349447,0.016961507846929666,0.6303215467235005,0.5611627867660474,0.1115116258349447,1.0,0.41406960633457107,0.5066627037538421,0.8808939233552525,2.5707316935098206,9.266691652197042e+19,4.0486793607892356e+20,3.6523810263775647e+18,1.4909909456247158e+17,-0.3538941029536597,8.881784197001252e-16,0,0.9915032162703303,5.0118723362727146e+20,131072,exponential,p0,1.0,0.5,A1_balanced_q01_q99,R2,R2,1.0,1.0,2,65,0.18489480638065492,0.8078177353975067,0.007287458221838524,2.615230221476014e-16,2.609530756320842,0.6251471903051153,24.88672045171429,0.0387990628110213,0.042186972603492814,main,True,True,True,False
0.663840915905483,26.113706403976206,0.1115116258349447,0.016961507846929666,0.6303215467235005,0.5611627867660474,0.1115116258349447,1.0,0.40687455104709885,0.4976763895204877,0.8654126918113162,2.5552504619658842,1.0401208066141464e+20,4.544357145484313e+20,3.893529980503068e+18,1.4909909456247158e+17,-0.34823147969413476,4.6629367034256575e-15,0,0.991928717132927,5.6234132519034906e+20,131072,exponential,p0,1.0,0.5,A1_balanced_q01_q99,R2,R2,1.0,1.0,2,65,0.18496254143550128,0.8081136743678008,0.006923784196697855,0.0,2.5934190419593524,0.6585044331958744,26.50887211461261,0.03816857999346812,0.042241446546619224,main,True,True,True,False
0.6989800766806534,27.836775638913227,0.1115116258349447,0.016961507846929666,0.6303215467235005,0.5611627867660474,0.1115116258349447,1.0,0.3998016552792547,0.48885482545163317,0.8502059558993142,2.5400437260538826,1.1674410942377827e+20,5.1006279701311554e+20,4.1504380433006285e+18,1.4909909456247158e+17,-0.34263248217310177,2.3314683517128287e-15,0,0.992333141126867,6.309573444801943e+20,131072,exponential,p0,1.0,0.5,A1_balanced_q01_q99,R2,R2,1.0,1.0,2,65,0.18502694428568117,0.8083950547137602,0.006578001000558779,2.0773512052226271e-16,2.5775895819409653,0.6936415859551082,28.236757918839384,0.0375458558870827,0.04229318981791824,main,True,True,True,False
0.735994022715766,29.672431348069743,0.1115116258349447,0.016961507846929666,0.6303215467235005,0.5611627867660474,0.1115116258349447,1.0,0.39284903241164754,0.48019464379640725,0.8352686885958822,2.52510645875045,1.3103239266973948e+20,5.7248925906693646e+20,4.424132647464297e+18,1.4909909456247158e+17,-0.33709832614765994,1.1102230246251565e-16,0,0.9927175098928531,7.079457843841402e+20,131072,exponential,p0,1.0,0.5,A1_balanced_q01_q99,R2,R2,1.0,1.0,2,65,0.1850881742077578,0.8086625723253077,0.006249253466934563,0.0,2.5620374315706336,0.7306536228332463,30.077269765379008,0.03693097282018343,0.04234233794613483,main,True,True,True,False
0.7749828007269535,31.62801369818692,0.1115116258349447,0.016961507846929666,0.6303215467235005,0.5611627867660474,0.1115116258349447,1.0,0.38601481272849625,0.471692566959764,0.820595965304827,2.510433735459395,1.470669998235081e+20,6.425455266955617e+20,4.715708205209118e+18,1.4909909456247158e+17,-0.3316300563310292,2.1094237467877974e-15,0,0.9930827977089077,7.943282347242789e+20,131072,exponential,p0,1.0,0.5,A1_balanced_q01_q99,R2,R2,1.0,1.0,2,65,0.18514638331414324,0.8089168917917127,0.005936724894144041,1.6500987157468562e-16,2.546757732777343,0.7696405858138611,32.03774877907665,0.03632399731794811,0.042389019864552284,main,True,True,True,False
0.8160517953592318,33.71134136520565,0.1115116258349447,0.016961507846929666,0.6303215467235005,0.5611627867660474,0.1115116258349447,1.0,0.37929714410839566,0.4633454039640538,0.8061829611326768,2.496020731287245,1.6506120387026403e+20,7.211634037894416e+20,5.026330474038557e+18,1.4909909456247158e+17,-0.326228558687256,2.55351295663786e-15,0,0.9934299334779635,8.91250938133744e+20,131072,exponential,p0,1.0,0.5,A1_balanced_q01_q99,R2,R2,1.0,1.0,2,65,0.18520171683173522,0.8091586476189733,0.005639635549291606,1.470652028422672e-16,2.531745712596578,0.8107078550229739,34.1260145896855,0.03572498130933299,0.042433358219320774,main,True,True,True,False
0.8593120140329322,35.93074272378859,0.1115116258349447,0.016961507846929666,0.6303215467235005,0.5611627867660474,0.1115116258349447,1.0,0.3726941926473385,0.45515004708946094,0.7920249482705456,2.4818627184251136,1.852543133740674e+20,8.093884454188586e+20,5.357241207073993e+18,1.4909909456247158e+17,-0.32089457196919563,1.7763568394002505e-15,0,0.9937598026523314,1e+21,131072,exponential,p0,1.0,0.5,A1_balanced_q01_q99,R2,R2,1.0,1.0,2,65,0.1852543133740674,0.8093884454188586,0.005357241207073993,1.31072e-16,2.516996681679382,0.8539664335670906,36.35039652149352,0.03513396325426843,0.04247546966459071,main,True,True,True,False
0.9048803869886097,38.29508906979888,0.1115116258349447,0.016961507846929666,0.6303215467235005,0.5611627867660474,0.1115116258349447,1.0,0.3662041432177958,0.4471034686838758,0.7781172934769267,2.4679550636314946,2.0791485010345732e+20,9.083938410920119e+20,5.709763106496215e+18,1.4909909456247158e+17,-0.31562869854051623,2.220446049250313e-16,0,0.9940732490950434,1.1220184543019653e+21,131072,exponential,p0,1.0,0.5,A1_balanced_q01_q99,R2,R2,1.0,1.0,2,65,0.1853043052066431,0.8096068630681709,0.005088831725186193,1.168180429630661e-16,2.502506032827528,0.8995332475699686,38.71976681593456,0.03455096919603351,0.042515465144893246,main,True,True,True,False
0.9528800833414326,40.813830008246605,0.1115116258349447,0.016961507846929666,0.6303215467235005,0.5611627867660474,0.1115116258349447,1.0,0.35982519996751894,0.4392027181332403,0.7644554556563451,2.4542932258109134,2.3334411443844655e+20,1.0194959922558688e+21,6.085305099856201e+18,1.4909909456247158e+17,-0.3104314145208293,8.881784197001252e-16,0,0.9943710768781582,1.2589254117941712e+21,131072,exponential,p0,1.0,0.5,A1_balanced_q01_q99,R2,R2,1.0,1.0,2,65,0.1853518185051914,0.8098144518370815,0.004833729657727428,2.082283807635614e-16,2.488269239554357,0.9475314622190042,41.24357601969704,0.03397601374344372,0.04255345016521567,main,True,True,True,False
1.0034408439992393,43.49703114786032,0.1115116258349447,0.016961507846929666,0.6303215467235005,0.5611627867660474,0.1115116258349447,1.0,0.3535555867616101,0.431444918983782,0.7510349835290504,2.4408727536836183,2.6188018587882098e+20,1.1441719907836272e+21,6.485367960301598e+18,1.4909909456247158e+17,-0.30530307929140105,3.552713678800501e-15,0,0.9946540520185345,1.4125375446227498e+21,131072,exponential,p0,1.0,0.5,A1_balanced_q01_q99,R2,R2,1.0,1.0,2,65,0.18539697360664634,0.8100117374856782,0.004591288907675486,0.0,2.4742818546708247,0.9980908146755804,43.93189067947813,0.0334091009872064,0.04258952504920548,main,True,True,True,False
1.0566993323441807,46.35541425263519,0.1115116258349447,0.016961507846929666,0.6303215467235005,0.5611627867660474,0.1115116258349447,1.0,0.34739354757125085,0.4238272662079799,0.7378515133871877,2.427689283541756,2.9390241174778518e+20,1.2840792304201897e+21,6.911550293136198e+18,1.4909909456247158e+17,-0.30024394439726193,1.1102230246251565e-15,0,0.9949229041516169,1.584893192461111e+21,131072,exponential,p0,1.0,0.5,A1_balanced_q01_q99,R2,R2,1.0,1.0,2,65,0.1854398852527072,0.8101992213280943,0.004360893419198523,0.0,2.460539508896318,1.0513479647491806,46.795433493737264,0.032850225354561946,0.04262378518594382,main,True,True,True,False
1.112799503625727,49.40040001050904,0.1115116258349447,0.016961507846929666,0.6303215467235005,0.5611627867660474,0.1115116258349447,1.0,0.34133734681236505,0.4163470236064966,0.7249007669331541,2.414738537087722,3.298364436636409e+20,1.4410774114626914e+21,7.365554912590809e+18,1.4909909456247158e+17,-0.295254161879927,6.661338147750939e-16,0,0.9951783281440685,1.7782794100389228e+21,131072,exponential,p0,1.0,0.5,A1_balanced_q01_q99,R2,R2,1.0,1.0,2,65,0.18548066282588374,0.8103773812638079,0.004141955910308601,1.4741440435069888e-16,2.4470379094938126,1.1074468642831117,49.845626081595114,0.03229937240609049,0.04265632126570393,main,True,True,True,False
1.171892994063514,52.64415358976304,0.1115116258349447,0.016961507846929666,0.6303215467235005,0.5611627867660474,0.1115116258349447,1.0,0.33538526963733734,0.4090015213386736,0.71217854919604,2.402016319350608,3.701598886214814e+20,1.6172532307131603e+21,7.849195634241358e+18,1.4909909456247158e+17,-0.2903337920733415,3.1086244689504383e-15,0,0.9954209856462425,1.995262314968883e+21,131072,exponential,p0,1.0,0.5,A1_balanced_q01_q99,R2,R2,1.0,1.0,2,65,0.1855194105779792,0.8105466727758962,0.003933916646124682,1.3138322617198746e-16,2.4337728389289404,1.166539146250297,53.09463453947304,0.031756519578332476,0.04268721950512549,main,True,True,True,False
1.2341395307117986,56.09963316485006,0.1115116258349447,0.016961507846929666,0.6303215467235005,0.5611627867660474,0.1115116258349447,1.0,0.32953562218277327,0.4017881535745895,0.6996807465223188,2.389518516676887,4.154086496830327e+20,1.8149480843751486e+21,8.364404510165946e+18,1.4909909456247158e+17,-0.28548281089412747,4.440892098500626e-16,0,0.9956515065854818,2.238721138568347e+21,131072,exponential,p0,1.0,0.5,A1_balanced_q01_q99,R2,R2,1.0,1.0,2,65,0.18555622785099746,0.810707529896198,0.0037362422528046295,0.0,2.4207401535525395,1.2287845346108501,56.555417967176574,0.031221636875652603,0.04271656186220497,main,True,True,True,False
1.2997073631931464,59.78064160521593,0.1115116258349447,0.016961507846929666,0.6303215467235005,0.5611627867660474,0.1115116258349447,1.0,0.32378673177617595,0.39470437626199323,0.6874033246371357,2.377241094791704,4.661840404242582e+20,2.0367891515496124e+21,8.913239535701314e+18,1.4909909456247158e+17,-0.28070111665568565,3.3306690738754696e-15,0,0.995870490601658,2.5118864315095717e+21,131072,exponential,p0,1.0,0.5,A1_balanced_q01_q99,R2,R2,1.0,1.0,2,65,0.18559120929049924,0.8108603661374773,0.0035484245720236295,0.0,2.4079357823062963,1.2943512760392415,60.24178015697792,0.030694687514592367,0.04274442624150704,main,True,True,True,False
1.3687737184685753,63.70188153327426,0.1115116258349447,0.016961507846929666,0.6303215467235005,0.5611627867660474,0.1115116258349447,1.0,0.31813694710423146,0.3877477050018161,0.6753423267727452,2.3651800969273133,5.231607675584669e+20,2.2857242708474457e+21,9.497892858537021e+18,1.4909909456247158e+17,-0.2759885364342374,1.1102230246251565e-15,0,0.9960785084260343,2.818382931264449e+21,131072,exponential,p0,1.0,0.5,A1_balanced_q01_q99,R2,R2,1.0,1.0,2,65,0.18562444505145873,0.8110055753928266,0.0033699795557148985,1.8602440221449313e-16,2.3953557254510507,1.3634165946880146,64.16842465186794,0.03017562852373734,0.04277088668998755,main,True,True,True,False
1.4415252798731353,67.87901397114642,0.1115116258349447,0.016961507846929666,0.6303215467235005,0.5611627867660474,0.1115116258349447,1.0,0.3125846383453132,0.38091571302626437,0.6634938718608598,2.353331642015428,5.8709588767361584e+20,2.5650610729718723e+21,1.012069952289129e+19,1.4909909456247158e+17,-0.2713448320134685,6.661338147750939e-16,0,0.9962761032049682,3.1622776601683794e+21,131072,exponential,p0,1.0,0.5,A1_balanced_q01_q99,R2,R2,1.0,1.0,2,65,0.18565602099669995,0.8111435328026485,0.0032004462006515904,0.0,2.382996053317394,1.4361671712172035,68.35101339258017,0.029664411301965732,0.042796013583808905,main,True,True,True,False
1.518158691711796,72.32872081009616,0.1115116258349447,0.016961507846929666,0.6303215467235005,0.5611627867660474,0.1115116258349447,1.0,0.3071281972686571,0.3742060292738097,0.6518541527858162,2.3416919229403845,6.5883885694946e+20,2.878510888602654e+21,1.0784146783647134e+19,1.4909909456247158e+17,-0.2667697054330498,0.0,0,0.996463791769908,3.5481338923357606e+21,131072,exponential,p0,1.0,0.5,A1_balanced_q01_q99,R2,R2,1.0,1.0,2,65,0.1856860188880138,0.8112745955896583,0.003039385522328149,2.955288700533551e-16,2.3708529050781393,1.5127996473843734,72.80622918731198,0.029160982137754754,0.042819873806516286,main,True,True,True,False
1.5988810907796012,77.06877135181823,0.1115116258349447,0.016961507846929666,0.6303215467235005,0.5611627867660474,0.1115116258349447,1.0,0.3017660373025341,0.3676163365557284,0.6404194346956671,2.330257204850235,7.393428072242328e+20,3.230238014283155e+21,1.1490884027598248e+19,1.4909909456247158e+17,-0.26226280416498743,1.7763568394002505e-15,0,0.9966420658550719,3.9810717055349854e+21,131072,exponential,p0,1.0,0.5,A1_balanced_q01_q99,R2,R2,1.0,1.0,2,65,0.18571451657007476,0.8113991038624281,0.0028863795674974103,2.633903826806581e-16,2.3589224875423076,1.5935211575590023,77.55184225331239,0.02866528269207258,0.04284253091893654,main,True,True,True,False
1.6839106662426955,82.11809318699738,0.1115116258349447,0.016961507846929666,0.6303215467235005,0.5611627867660474,0.1115116258349447,1.0,0.29649659357363806,0.3611443698091011,0.6291860533684548,2.3190238235230227,8.296771980545791e+20,3.6249149901136603e+21,1.2243733341377976e+19,1.4909909456247158e+17,-0.25782372594047104,2.220446049250313e-15,0,0.9968113932644015,4.4668359215096167e+21,131072,exponential,p0,1.0,0.5,A1_balanced_q01_q99,R2,R2,1.0,1.0,2,65,0.18574158814729433,0.8115173813880722,0.0027410304646336933,1.1737346282977215e-16,2.347201073970236,1.678549888598036,82.60678109574039,0.028177250447213087,0.042864045321145725,main,True,True,True,False
1.7734772493934359,87.49684769385708,0.1115116258349447,0.016961507846929666,0.6303215467235005,0.5611627867660474,0.1115116258349447,1.0,0.291318322919785,0.3547879144314623,0.6181504136310667,2.3079881837856346,9.310420126721884e+20,4.067784622832302e+21,1.304570076822457e+19,1.4909909456247158e+17,-0.25345202324865657,1.9984014443252818e-15,0,0.9969722189894192,5.011872336272714e+21,131072,exponential,p0,1.0,0.5,A1_balanced_q01_q99,R2,R2,1.0,1.0,2,65,0.18576730415375986,0.8116297363347204,0.002602959511519909,0.0,2.3356850029094436,1.7681156695957774,87.99120800651488,0.027696819123808947,0.04288447440684594,main,True,True,True,False
1.8678229348739424,93.22651045781296,0.1115116258349447,0.016961507846929666,0.6303215467235005,0.5611627867660474,0.1115116258349447,1.0,0.2862297038778859,0.3485448046925954,0.6073089878282423,2.2971467579828104,1.0447836862282109e+21,4.5647295773768024e+21,1.38999882984787e+19,1.4909909456247158e+17,-0.24914720752765085,1.1102230246251565e-15,0,0.9971249662793281,5.623413251903491e+21,131072,exponential,p0,1.0,0.5,A1_balanced_q01_q99,R2,R2,1.0,1.0,2,65,0.18579173171641938,0.8117364619844841,0.0024718062990966632,3.729322221321947e-16,2.324370677050897,1.8624605931023226,93.72659948427622,0.027223919068086744,0.04290387271047319,main,True,True,True,False
1.9672027350469456,99.32995693302365,0.1115116258349447,0.016961507846929666,0.6303215467235005,0.5611627867660474,0.1115116258349447,1.0,0.28122923664907606,0.34241292221915526,0.5966583143394016,2.2864960844939697,1.1724129777044368e+21,5.122350460455864e+21,1.4810006641643123e+19,1.4909909456247158e+17,-0.24490875306682156,8.881784197001252e-16,0,0.9972700376651616,6.309573444801943e+21,131072,exponential,p0,1.0,0.5,A1_balanced_q01_q99,R2,R2,1.0,1.0,2,65,0.1858149347116822,0.8118378374176536,0.0023472278706644025,1.6618809641781018e-16,2.313254562105305,1.9618396694895384,99.83583189624485,0.02675847761133543,0.042922292047355676,main,True,True,True,False
2.0718852692826286,105.83155368750576,0.1115116258349447,0.016961507846929666,0.6303215467235005,0.5611627867660474,0.1115116258349447,1.0,0.2763154430427632,0.33639019454808855,0.5861949961411254,2.2760327662956934,1.315625022662621e+21,5.748053432347835e+21,1.577938883094671e+19,1.4909909456247158e+17,-0.2407361006384936,3.375077994860476e-14,0,0.9974078159394961,7.079457843841402e+21,131072,exponential,p0,1.0,0.5,A1_balanced_q01_q99,R2,R2,1.0,1.0,2,65,0.1858369739156108,0.811934128168898,0.0022288979154913104,1.4811529683903444e-16,2.3023331856991023,2.066521516233421,106.34327272363498,0.02630041940340888,0.042939781647225395,main,True,True,True,False
2.1821534900252013,112.75725559572898,0.1115116258349447,0.016961507846929666,0.6303215467235005,0.5611627867660474,0.1115116258349447,1.0,0.27148686640122205,0.3304745937450648,0.5759156994132208,2.2657534695677892,1.476321832943302e+21,6.450148509584815e+21,1.6812004714672374e+19,1.4909909456247158e+17,-0.2366286608760556,9.237055564881302e-14,0,0.9975386650929858,7.943282347242789e+21,131072,exponential,p0,1.0,0.5,A1_balanced_q01_q99,R2,R2,1.0,1.0,2,65,0.18585790714788722,0.8120255868562624,0.0021165059958504467,0.0,2.291603136289776,2.176789083975878,113.27487775457396,0.025849666721986964,0.04295638828137435,main,True,True,True,False
2.298305447600805,120.13470936640968,0.1115116258349447,0.016961507846929666,0.6303215467235005,0.5611627867660474,0.1115116258349447,1.0,0.26674207150634716,0.32466413508426717,0.5658171521864237,2.255654922340992,1.6566375418965527e+21,7.237959863048833e+21,1.7911976392057358e+19,1.4909909456247158e+17,-0.23258581741452092,1.361133428190442e-13,0,0.9976629312097627,8.912509381337441e+21,131072,exponential,p0,1.0,0.5,A1_balanced_q01_q99,R2,R2,1.0,1.0,2,65,0.18587778940973773,0.8121124537837716,0.002009756806490949,2.353043245476275e-16,2.2810610621001897,2.2929404213284417,120.65829461219883,0.02540613975919781,0.0429721563837415,main,True,True,True,False
2.420655095835654,127.99336381833905,0.1115116258349447,0.016961507846929666,0.6303215467235005,0.5611627867660474,0.1115116258349447,1.0,0.26207964446996035,0.3189568757862338,0.555896143029904,2.245733913184472,1.8589667301600555e+21,8.121949575184626e+21,1.9083694655319364e+19,1.4909909456247158e+17,-0.22860692980866124,1.6475709685437323e-13,0,0.9977809433224073,1e+22,131072,exponential,p0,1.0,0.5,A1_balanced_q01_q99,R2,R2,1.0,1.0,2,65,0.18589667301600554,0.8121949575184626,0.0019083694655319364,2.097152e-16,2.2707036700715792,2.4152894804851677,128.5229730308513,0.02496975688710723,0.042987128166199075,main,True,True,True,False
2.549533140654456,136.36458734451094,0.1115116258349447,0.016961507846929666,0.6303215467235005,0.5611627867660474,0.1115116258349447,1.0,0.25749819260933426,0.3133509138102583,0.5461495197768265,2.2359872899313946,2.0859962078789989e+21,9.113856498637205e+21,2.0331836503451652e+19,1.4909909456247158e+17,-0.22469133624293083,1.3367085216486885e-13,0,0.9978930142311926,1.1220184543019653e+22,131072,exponential,p0,1.0,0.5,A1_balanced_q01_q99,R2,R2,1.0,1.0,2,65,0.18591460772155904,0.8122733154426729,0.0018120768357683188,1.8690886874090576e-16,2.260527724834893,2.544166965822208,136.90028232024255,0.024540434903498554,0.04300134372830323,main,True,True,True,False
2.685287933971979,145.28179303205067,0.1115116258349447,0.016961507846929666,0.6303215467235005,0.5611627867660474,0.1115116258349447,1.0,0.25299634430850915,0.30784438669906555,0.5365741882863326,2.2264119584409006,2.34074067512868e+21,1.0226852059015545e+22,2.1661383797491147e+19,1.4909909456247158e+17,-0.2208383560465826,1.0658141036401503e-13,0,0.9979994412809907,1.2589254117941714e+22,131072,exponential,p0,1.0,0.5,A1_balanced_q01_q99,R2,R2,1.0,1.0,2,65,0.1859316408422281,0.8123477342824175,0.0017206248753546239,1.665827046108491e-16,2.2505300477001473,2.679921227777952,145.82363648608774,0.024118089259246744,0.04301484116175621,main,True,True,True,False
2.828286415268175,154.78057193835986,0.1115116258349447,0.016961507846929666,0.6303215467235005,0.5611627867660474,0.1115116258349447,1.0,0.24857274886759867,0.3024354704719404,0.5271671112403882,2.2170048813949563,2.6265827337642097e+21,1.1475715069331418e+22,2.3077643131870953e+19,1.4909909456247158e+17,-0.21704729202654682,8.837375276016246e-14,0,0.9981005071082012,1.4125375446227496e+22,131072,exponential,p0,1.0,0.5,A1_balanced_q01_q99,R2,R2,1.0,1.0,2,65,0.1859478173704543,0.812418410612673,0.001633772016872965,1.4846699176127685e-16,2.2407075156634906,2.8229192044295894,155.3286275062873,0.02370263426853425,0.04302765664982455,main,True,True,True,False
2.9789151034111363,164.8988350540657,0.1115116258349447,0.016961507846929666,0.6303215467235005,0.5611627867660474,0.1115116258349447,1.0,0.24422607634048177,0.29712237856437596,0.5179253069740245,2.2077630771285928,2.9473177816647483e+21,1.2877027875945395e+22,2.4586267000967545e+19,1.4909909456247158e+17,-0.21331743262991412,7.194245199571014e-14,0,0.9981964803509102,1.584893192461111e+22,131072,exponential,p0,1.0,0.5,A1_balanced_q01_q99,R2,R2,1.0,1.0,2,65,0.18596318008584464,0.8124855313403943,0.0015512885737611513,1.3232134568913284e-16,2.23105706043166,2.973547413311404,165.4531672942389,0.0232939833030672,0.04303982456194665,main,True,True,True,False
3.13758114140101,175.67696451940066,0.1115116258349447,0.016961507846929666,0.6303215467235005,0.5611627867660474,0.1115116258349447,1.0,0.23995501736224795,0.2919033608114342,0.5088458483375996,2.1986836184921676,3.3072043851278755e+21,1.4449396438916028e+22,2.6193276345326084e+19,1.4909909456247158e+17,-0.20964805394714017,5.573319583618286e-14,0,0.9982876163269103,1.7782794100389228e+22,131072,exponential,p0,1.0,0.5,A1_balanced_q01_q99,R2,R2,1.0,1.0,2,65,0.1859777696608143,0.812549274166075,0.0014729561731107695,0.0,2.221575667463533,3.132212996155351,176.23763891551494,0.02289204897136532,0.043051377543744926,main,True,True,True,False
3.3047133968602407,187.15797469710714,0.1115116258349447,0.016961507846929666,0.6303215467235005,0.5611627867660474,0.1115116258349447,1.0,0.2357582829673374,0.2867767024724914,0.4999258615897496,2.189763631744318,3.711020797864559e+21,1.6213697267256785e+22,2.790508456748464e+19,1.4909909456247158e+17,-0.20603842156640437,4.707345624410664e-14,0,0.9983741576803762,1.995262314968883e+22,131072,exponential,p0,1.0,0.5,A1_balanced_q01_q99,R2,R2,1.0,1.0,2,65,0.18599162476150083,0.8126098080246479,0.0013985672138512692,0.0,2.212260375028464,3.299344819378219,187.7250576610564,0.02249674328414608,0.04306234660266342,main,True,True,True,False
3.4807636212444377,199.38768374432624,0.1115116258349447,0.016961507846929666,0.6303215467235005,0.5611627867660474,0.1115116258349447,1.0,0.23163460439931724,0.28174072329514044,0.49116252531980115,2.1810002954743695,4.16412837660865e+21,1.8193354485961633e+22,2.9728523113187475e+19,1.4909909456247158e+17,-0.20248779228892688,4.0190073491430667e-14,0,0.9984563349985349,2.238721138568347e+22,131072,exponential,p0,1.0,0.5,A1_balanced_q01_q99,R2,R2,1.0,1.0,2,65,0.18600478214413044,0.8126672935065155,0.001327924349354147,0.0,2.2031082732811185,3.475394633289507,199.9612426193505,0.022107977806749002,0.043072761189431534,main,True,True,True,False
3.6662076709074065,212.414896367801,0.1115116258349447,0.016961507846929666,0.6303215467235005,0.5611627867660474,0.1115116258349447,1.0,0.22758273291315817,0.2767937766161557,0.4825530693984672,2.172390839553035,4.6725427348718024e+21,2.0414650711503897e+22,3.167086872002036e+19,1.4909909456247158e+17,-0.1989954157144389,3.241851231905457e-14,0,0.9985343673995215,2.511886431509572e+22,131072,exponential,p0,1.0,0.5,A1_balanced_q01_q99,R2,R2,1.0,1.0,2,65,0.18601727674701193,0.8127218832594783,0.001260839993509861,0.0,2.1941165033525207,3.6608382931534926,212.9949994319252,0.021725663799485595,0.04308264927554846,main,True,True,True,False
3.861546793320773,226.29159849135095,0.1115116258349447,0.016961507846929666,0.6303215467235005,0.5611627867660474,0.1115116258349447,1.0,0.22360143957082654,0.27193424849753783,0.4740947739557112,2.1639325441102795,5.243013579058249e+21,2.2907075861144094e+22,3.3739872442154787e+19,1.4909909456247158e+17,-0.1955605357054285,2.4424906541753444e-14,0,0.9986084630926892,2.8183829312644493e+22,131072,exponential,p0,1.0,0.5,A1_balanced_q01_q99,R2,R2,1.0,1.0,2,65,0.1860291417783319,0.8127737223723173,0.0011971358493509472,2.97639043543189e-16,2.1852822564570134,3.8561770454062554,226.87831496109948,0.021349712346733885,0.04309203742697626,main,True,True,True,False
4.06730898192454,241.07316461206517,0.1115116258349447,0.016961507846929666,0.6303215467235005,0.5611627867660474,0.1115116258349447,1.0,0.21968951503095563,0.26716055689578677,0.4657849683847343,2.1556227385393023,5.883114286365754e+21,2.5703718524751073e+22,3.5943790566968582e+19,1.4909909456247158e+17,-0.1921823917382543,1.84297022087776e-14,0,0.9986788199125702,3.1622776601683792e+22,131072,exponential,p0,1.0,0.5,A1_balanced_q01_q99,R2,R2,1.0,1.0,2,65,0.18604040879991862,0.8128229487407646,0.0011366424593169569,1.3263553839154874e-16,2.176602773014876,4.061938882503539,241.6665646464599,0.020980034475573728,0.04310095087422418,main,True,True,True,False
4.284050403271217,256.8185786722853,0.1115116258349447,0.016961507846929666,0.6303215467235005,0.5611627867660474,0.1115116258349447,1.0,0.21584576933329086,0.26247115086265116,0.4576210303710802,2.1474588005256483,6.601342413171268e+21,2.884170509263948e+22,3.829141754685861e+19,1.4909909456247158e+17,-0.18886022014870266,1.3766765505351941e-14,0,0.9987456258275473,3.5481338923357603e+22,131072,exponential,p0,1.0,0.5,A1_balanced_q01_q99,R2,R2,1.0,1.0,2,65,0.18605110780713974,0.8128696934165806,0.0010791987762798635,2.364230960426841e-16,2.1680753417903036,4.278679970062403,257.4187333771193,0.020616541264655286,0.043109413578986545,main,True,True,True,False
4.512356900320357,273.590669328371,0.1115116258349447,0.016961507846929666,0.6303215467235005,0.5611627867660474,0.1115116258349447,1.0,0.21206903167858082,0.2578645097757054,0.4496003849459174,2.1394381551004855,7.407232467642841e+21,3.2362692466629415e+22,4.079212107760068e+19,1.4909909456247158e+17,-0.185593255279095,1.709743457922741e-14,0,0.9988090594244698,3.981071705534985e+22,131072,exponential,p0,1.0,0.5,A1_balanced_q01_q99,R2,R2,1.0,1.0,2,65,0.18606126730509218,0.8129140809404347,0.0010246517544732078,0.0,2.1596972990444883,4.506986150153444,274.19765076075083,0.020259143944002744,0.043117448297508645,main,True,True,True,False
4.752845575947457,291.4563605546212,0.1115116258349447,0.016961507846929666,0.6303215467235005,0.5611627867660474,0.1115116258349447,1.0,0.2083581502045134,0.25333914259721557,0.4417205035626043,2.1315582737171725,8.311482443062668e+21,3.631342089257034e+22,4.345587946316728e+19,1.4909909456247158e+17,-0.18238073053359913,8.881784197001252e-15,0,0.998869290370141,4.466835921509617e+22,131072,exponential,p0,1.0,0.5,A1_balanced_q01_q99,R2,R2,1.0,1.0,2,65,0.18607091438124082,0.8129562296592666,0.0009728559594927069,1.8779754052763542e-16,2.1514660277035444,4.747474524807376,292.07024172778125,0.0199077539863719,0.04312507664082867,main,True,True,True,False
5.006166460947162,310.4869385819425,0.1115116258349447,0.016961507846929666,0.6303215467235005,0.5611627867660474,0.1115116258349447,1.0,0.20471199175827043,0.24889358715982984,0.4339789031956818,2.12381667335025,9.326095790946492e+21,4.074633425036462e+22,4.629332141604136e+19,1.4909909456247158e+17,-0.17922187934797323,1.0436096431476471e-14,0,0.9989264798507753,5.011872336272714e+22,131072,exponential,p0,1.0,0.5,A1_balanced_q01_q99,R2,R2,1.0,1.0,2,65,0.18608007477465452,0.8129962520287839,0.0009236731965616925,1.673747341744649e-16,2.143378956540998,5.000795124016019,311.10779347032894,0.019562283190748264,0.04313231913205031,main,False,True,True,False
5.2730042710388165,330.75833623598487,0.1115116258349447,0.016961507846929666,0.6303215467235005,0.5611627867660474,0.1115116258349447,1.0,0.20112944166623592,0.24452640947772544,0.4263731454614984,2.1162109156160667,1.0464540717924246e+22,4.572027603265889e+22,4.931576845177488e+19,1.4909909456247158e+17,-0.17611593607958156,9.992007221626409e-15,0,0.9989807809904543,5.623413251903491e+22,131072,exponential,p0,1.0,0.5,A1_balanced_q01_q99,R2,R2,1.0,1.0,2,65,0.18608877294198614,0.8130342549017335,0.0008769721562803836,1.4917288885287788e-16,2.1354335593746137,5.267632662736013,331.38623978058723,0.019222643758546987,0.043139195260784906,main,False,True,True,False
5.554080257624467,352.35143580884716,0.1115116258349447,0.016961507846929666,0.6303215467235005,0.5611627867660474,0.1115116258349447,1.0,0.1976094035013324,0.24023620308192617,0.41890083575969067,2.108738605914259,1.1741928920229318e+22,5.130127024774324e+22,5.253528004688594e+19,1.4909909456247158e+17,-0.17306213682313534,1.1324274851176597e-14,0,0.9990323392494089,6.309573444801943e+22,131072,exponential,p0,1.0,0.5,A1_balanced_q01_q99,R2,R2,1.0,1.0,2,65,0.18609703212033687,0.8130703398025598,0.0008326280771034755,2.659009542684963e-16,2.1276273542772772,5.548708391644637,352.98646392280244,0.018888748363018237,0.04314572353490239,main,False,True,True,False
5.850154157301004,375.3523916724176,0.1115116258349447,0.016961507846929666,0.6303215467235005,0.5611627867660474,0.1115116258349447,1.0,0.1941507988484516,0.2360215883785743,0.4115596224348013,2.1013973925893694,1.317521612757161e+22,5.756339760910221e+22,5.5964701740215665e+19,1.4909909456247158e+17,-0.17005972015727222,4.6629367034256575e-15,0,0.9990812928031461,7.079457843841402e+22,131072,exponential,p0,1.0,0.5,A1_balanced_q01_q99,R2,R2,1.0,1.0,2,65,0.18610487438714055,0.8131046031890429,0.0007905224238166877,1.1849223747122755e-16,2.1199579028017115,5.8447820466501925,375.99462124686295,0.018560510212342063,0.043151921529719355,main,False,True,True,False
6.162026245396235,399.8529739201226,0.1115116258349447,0.016961507846929666,0.6303215467235005,0.5611627867660474,0.1115116258349447,1.0,0.1907525670683948,0.23188121202901693,0.40434719595734236,2.0941849661119107,1.478342711757319e+22,6.458977863848511e+22,5.961771636960185e+19,1.4909909456247158e+17,-0.16710792782675163,1.1102230246251565e-15,0,0.9991277729032495,7.94328234724279e+22,131072,exponential,p0,1.0,0.5,A1_balanced_q01_q99,R2,R2,1.0,1.0,2,65,0.18611232071719946,0.8131371367014923,0.0007505425813082911,0.0,2.1124228092187716,6.156653902426263,400.50248283030203,0.01823784310686083,0.04315780593474886,main,False,True,True,False
6.490539499079591,425.95093440775935,0.1115116258349447,0.016961507846929666,0.6303215467235005,0.5611627867660474,0.1115116258349447,1.0,0.18741366506071058,0.2278137463506317,0.3972612881236455,2.0870990582782136,1.6587908186660533e+22,7.247367672806564e+22,6.350889864823564e+19,1.4909909456247158e+17,-0.16420600536473437,5.773159728050814e-15,0,0.9991719042207046,8.91250938133744e+22,131072,exponential,p0,1.0,0.5,A1_balanced_q01_q99,R2,R2,1.0,1.0,2,65,0.18611939103699768,0.8131680274000452,0.0007125815629571352,0.0,2.1050197197690816,6.48516693552068,426.60780151938195,0.017920661490868017,0.04316339259812976,main,False,True,True,False
6.836581875893643,453.7503966534059,0.1115116258349447,0.016961507846929666,0.6303215467235005,0.5611627867660474,0.1115116258349447,1.0,0.18413306702579554,0.22381788873738165,0.3902996712738826,2.080137441428451,1.8612610427641357e+22,8.131973579906026e+22,6.765377329838516e+19,1.4909909456247158e+17,-0.16135320265932793,5.773159728050814e-15,0,0.9992138051725981,1e+23,131072,exponential,p0,1.0,0.5,A1_balanced_q01_q99,R2,R2,1.0,1.0,2,65,0.1861261042764136,0.8131973579906027,0.0006765377329838516,1.6777216000000002e-16,2.0977463219277874,6.8312091028856194,454.41470182923723,0.01760888049933662,0.043168696568848856,main,False,True,True,False
7.201088713866396,483.36227115156373,0.1115116258349447,0.016961507846929666,0.6303215467235005,0.5611627867660474,0.1115116258349447,1.0,0.18090976422657656,0.21989236109915047,0.3834601575276535,2.073297927682222,2.0884407572990125e+22,9.124536898023207e+22,7.206887697435803e+19,1.4909909456247158e+17,-0.15854877446829968,2.886579864025407e-15,0,0.9992535882328417,1.1220184543019653e+23,131072,exponential,p0,1.0,0.5,A1_balanced_q01_q99,R2,R2,1.0,1.0,2,65,0.18613247841794917,0.8132252070399146,0.0006423145421364198,1.495270949927246e-16,2.0906003436821834,7.195715741988195,484.03409525827067,0.017302415999961518,0.043173732136864276,main,False,True,True,False
7.585045259690592,514.9046977580979,0.1115116258349447,0.016961507846929666,0.6303215467235005,0.5611627867660474,0.1115116258349447,1.0,0.1777427647500925,0.21603590931895683,0.3767405980365838,2.066578368191152,2.3433452621534864e+22,1.0238231673366058e+23,7.67718242216955e+19,1.4909909456247158e+17,-0.15579198088561116,0.0,0,0.9992913602278075,1.2589254117941714e+23,131072,exponential,p0,1.0,0.5,A1_balanced_q01_q99,R2,R2,1.0,1.0,2,65,0.18613853054358812,0.813251649180306,0.0006098202761058201,0.0,2.0835795528219982,7.57967209898825,515.584122673336,0.01700118463084621,0.04317851287122937,main,False,True,True,False
7.989489331804063,548.5035169104694,0.1115116258349447,0.016961507846929666,0.6303215467235005,0.5611627867660474,0.1115116258349447,1.0,0.174631093269251,0.2122473027272081,0.37013888225339103,2.059976652407959,2.629357798087923e+22,1.148783951036601e+23,8.178137773568231e+19,1.4909909456247158e+17,-0.153082087763183,4.884981308350689e-15,0,0.9993272226175103,1.4125375446227497e+23,131072,exponential,p0,1.0,0.5,A1_balanced_q01_q99,R2,R2,1.0,1.0,2,65,0.18614427687939106,0.8132767553045183,0.0005789678160910328,2.3754718681804296e-16,2.0766817562421145,7.984115991817476,549.1906255301966,0.016705103834155466,0.04318305165632041,main,False,True,True,False
8.415514125569496,584.2927715627975,0.1115116258349447,0.016961507846929666,0.6303215467235005,0.5611627867660474,0.1115116258349447,1.0,0.1715737908050171,0.20852533359219663,0.3636529372169051,2.0534907073714734,2.950274443532924e+22,1.2889945728758246e+23,8.711752319941016e+19,1.4909909456247158e+17,-0.15041836709107528,1.5543122344752192e-15,0,0.9993612717630209,1.584893192461111e+23,131072,exponential,p0,1.0,0.5,A1_balanced_q01_q99,R2,R2,1.0,1.0,2,65,0.18614973283793165,0.8133005927511125,0.0005496744109559156,0.0,2.0699047992574977,8.410140615357834,584.9876478088235,0.016414091886024273,0.04318736072625585,main,False,True,True,False
8.86427116813556,622.4152418377427,0.1115116258349447,0.016961507846929666,0.6303215467235005,0.5611627867660474,0.1115116258349447,1.0,0.1685699144892748,0.20486881662609585,0.3572807268525612,2.0471184970071294,3.3103544896982543e+22,1.4463159455790986e+23,9.28015489998892e+19,1.4909909456247158e+17,-0.14780009733906257,4.6629367034256575e-15,0,0.999393599180757,1.7782794100389228e+23,131072,exponential,p0,1.0,0.5,A1_balanced_q01_q99,R2,R2,1.0,1.0,2,65,0.18615491305867382,0.8133232254808831,0.0005218614604431481,0.0,2.063246564930136,8.858897496301363,623.117970665513,0.016128067923006473,0.0431914516975963,main,False,False,True,False
9.336973430966731,663.0230145277961,0.1115116258349447,0.016961507846929666,0.6303215467235005,0.5611627867660474,0.1115116258349447,1.0,0.16561853732857368,0.2012765885057435,0.3510202512878861,2.040858021442454,3.7143769624593006e+22,1.6228360574115516e+23,9.885613114017484e+19,1.4909909456247158e+17,-0.14522656376237597,2.4424906541753444e-15,0,0.9994242917842726,1.9952623149688827e+23,131072,exponential,p0,1.0,0.5,A1_balanced_q01_q99,R2,R2,1.0,1.0,2,65,0.18615983144638446,0.8133447142446835,0.00049545430893239,3.363410590002879e-16,2.0567049734077623,9.331599605678624,663.7336819344183,0.015846951965308165,0.043195335600416246,main,False,False,True,False
9.834898608453594,706.2780897175309,0.1115116258349447,0.016961507846929666,0.6303215467235005,0.5611627867660474,0.1115116258349447,1.0,0.16271874796896924,0.19774750740754765,0.3448695461825439,2.034707316337112,4.167704041046524e+22,1.820897680226833e+23,1.0530542368619592e+20,1.4909909456247158e+17,-0.14269705867421068,3.774758283725532e-15,0,0.9994534321142488,2.238721138568347e+23,131072,exponential,p0,1.0,0.5,A1_balanced_q01_q99,R2,R2,1.0,1.0,2,65,0.18616450120767403,0.8133651167430749,0.00047038204925128955,2.997642843669035e-16,2.0502779812741663,9.829524637468356,706.9967827499928,0.015570664937054168,0.04319902290781756,main,False,False,True,False
10.35939257146788,752.3530269462655,0.1115116258349447,0.016961507846929666,0.6303215467235005,0.5611627867660474,0.1115116258349447,1.0,0.15986965046212206,0.1942804525559011,0.3388266820725087,2.0286644522270767,4.67635221508111e+22,2.043129458450371e+23,1.1217515510902296e+20,1.4909909456247158e+17,-0.14021088168741752,0.0,0,0.9994810985569909,2.5118864315095718e+23,131072,exponential,p0,1.0,0.5,A1_balanced_q01_q99,R2,R2,1.0,1.0,2,65,0.18616893488575262,0.813384487778179,0.0004465773360685296,1.335825998304977e-16,2.043963580910887,10.354018462150979,753.0798337099087,0.015299128683810448,0.04320252356397121,main,False,False,True,False
10.911873005194593,801.4316334886531,0.1115116258349447,0.016961507846929666,0.6303215467235005,0.5611627867660474,0.1115116258349447,1.0,0.15707036403283825,0.19087432378449465,0.3328897637279581,2.0227275338825264,5.247072124184305e+22,2.2924807915369508e+23,1.1949273090688075e+20,1.4909909456247158e+17,-0.13776733992763665,8.881784197001252e-16,0,0.9995073655522924,2.818382931264449e+23,131072,exponential,p0,1.0,0.5,A1_balanced_q01_q99,R2,R2,1.0,1.0,2,65,0.18617314439348523,0.8134028793980966,0.00042397620841846045,3.571668522518268e-16,2.0377597998700856,10.906498764539926,802.1666431558506,0.015032265987559246,0.04320584701075269,main,False,False,True,False
11.493833241075967,853.7096974982693,0.1115116258349447,0.016961507846929666,0.6303215467235005,0.5611627867660474,0.1115116258349447,1.0,0.15432002284818913,0.18752804110999174,0.32705692952450327,2.0168946996790713,5.88743813960071e+22,2.5722609727791475e+23,1.2728734291619347e+20,1.4909909456247158e+17,-0.13536574821998354,1.3322676295501878e-15,0,0.9995323037909074,3.162277660168379e+23,131072,exponential,p0,1.0,0.5,A1_balanced_q01_q99,R2,R2,1.0,1.0,2,65,0.18617714104482608,0.8134203410342482,0.0004025179209260704,4.24433722852956e-16,2.031664700258406,11.48845887572432,854.4530003173476,0.014770000579334752,0.043209002213044245,main,False,False,True,False
12.106846293222882,909.3957689387084,0.1115116258349447,0.016961507846929666,0.6303215467235005,0.5611627867660474,0.1115116258349447,1.0,0.1516177757883575,0.18424054431751744,0.3213263508273745,2.0111641209819426,6.605948876548905e+22,2.8861831038233937e+23,1.3559008574770405e+20,1.4909909456247158e+17,-0.1330054292512488,2.220446049250313e-15,0,0.9995559804024028,3.5481338923357603e+23,131072,exponential,p0,1.0,0.5,A1_balanced_q01_q99,R2,R2,1.0,1.0,2,65,0.18618093558470997,0.8134369196319703,0.00038214478332001216,1.8913847683414727e-16,2.025676378131633,12.101471809479964,910.1474562430479,0.014512257149690289,0.04321199768277181,main,False,False,True,False
12.75256911020697,968.7119914167235,0.1115116258349447,0.016961507846929666,0.6303215467235005,0.5611627867660474,0.1115116258349447,1.0,0.14896278621931877,0.1810107925574882,0.31569623138821234,2.0055340015427805,7.412139971056792e+22,3.2384133676211866e+23,1.4443408081204222e+20,1.4909909456247158e+17,-0.13068571370944868,2.886579864025407e-15,0,0.9995784591335326,3.9810717055349855e+23,131072,exponential,p0,1.0,0.5,A1_balanced_q01_q99,R2,R2,1.0,1.0,2,65,0.18618453821747308,0.8134526597746878,0.0003628020078393259,1.6856984491562117e-16,2.0197929628999454,12.74719451406009,969.472155634111,0.014258961357164868,0.0432148415017322,main,False,False,True,False
13.432747053722494,1031.8949882355594,0.1115116258349447,0.016961507846929666,0.6303215467235005,0.5611627867660474,0.1115116258349447,1.0,0.14635423176748433,0.17783776395329526,0.31016480675411956,2.0000025769086878,8.31671061778333e+22,3.6336263136469893e+23,1.5385460842947415e+20,1.4909909456247158e+17,-0.1284059404024332,3.3306690738754696e-15,0,0.9995998005178981,4.466835921509616e+23,131072,exponential,p0,1.0,0.5,A1_balanced_q01_q99,R2,R2,1.0,1.0,2,65,0.18618795863387358,0.8134676038019694,0.0003444375641572196,1.5023803242210835e-16,2.0140126167436008,13.427372350856762,1032.6637228977258,0.014010039834913002,0.043217541343280604,main,False,False,True,False
14.149218616226278,1099.1968062024714,0.1115116258349447,0.016961507846929666,0.6303215467235005,0.5611627867660474,0.1115116258349447,1.0,0.1437913040963946,0.1747204552194084,0.3047303436886443,1.9945681138432125,9.331665547929886e+22,4.07706688899422e+23,1.6388924855074904e+20,1.4909909456247158e+17,-0.12616545635714518,4.440892098500626e-16,0,0.9996200620371156,5.011872336272715e+23,131072,exponential,p0,1.0,0.5,A1_balanced_q01_q99,R2,R2,1.0,1.0,2,65,0.18619120603677952,0.8134817919217588,0.00032700204146187816,2.6779957467914385e-16,2.008333534038845,14.143843812039544,1099.97420595488,0.013765420195632538,0.04322010449292539,main,False,False,True,False
14.903920390304998,1170.8859209549757,0.1115116258349447,0.016961507846929666,0.6303215467235005,0.5611627867660474,0.1115116258349447,1.0,0.1412732086855606,0.17165788128948012,0.2993911396043862,1.9892289097589544,1.0470474331225145e+23,4.5746200384744744e+23,1.7457803065033255e+20,1.4909909456247158e+17,-0.1239636169010177,8.881784197001252e-16,0,0.9996392982740279,5.623413251903491e+23,131072,exponential,p0,1.0,0.5,A1_balanced_q01_q99,R2,R2,1.0,1.0,2,65,0.18619428916558736,0.8134952623170623,0.00031044851735063033,2.3867662216460463e-16,2.002753940793888,14.898545489922668,1171.6720815667693,0.013525031034933521,0.0432225378678911,main,False,False,True,False
15.698892303204595,1247.2483078156652,0.1115116258349447,0.016961507846929666,0.6303215467235005,0.5611627867660474,0.1115116258349447,1.0,0.13879916461152328,0.1686490749540554,0.294145522006914,1.9839832921614822,1.174825011585138e+23,5.1328887972829075e+23,1.8596359338989054e+20,1.4909909456247158e+17,-0.12179978572688907,2.220446049250313e-16,0,0.9996575610582199,6.309573444801942e+23,131072,exponential,p0,1.0,0.5,A1_balanced_q01_q99,R2,R2,1.0,1.0,2,65,0.18619721631943312,0.8135080512473579,0.00029473243320924357,4.254415268295941e-16,1.9972720940947544,15.693517311492913,1248.0433261898884,0.013288801933272198,0.043224848035698316,main,False,False,True,False
16.536283130667393,1328.5885824469503,0.1115116258349447,0.016961507846929666,0.6303215467235005,0.5611627867660474,0.1115116258349447,1.0,0.1363684043312121,0.16569308650750916,0.288991847949712,1.9788296181042802,1.3181950178108885e+23,5.759281912483626e+23,1.9809135468887792e+20,1.4909909456247158e+17,-0.11967333494272828,2.220446049250313e-15,0,0.9996748996043743,7.079457843841402e+23,131072,exponential,p0,1.0,0.5,A1_balanced_q01_q99,R2,R2,1.0,1.0,2,65,0.18619999537925344,0.8135201931449835,0.0002798114757632218,1.8958757995396408e-16,1.991886281560846,16.530908052246843,1329.3925566309167,0.013056663456565865,0.04322704123180953,main,False,False,True,False
17.418356304982897,1415.2312158552445,0.1115116258349447,0.016961507846929666,0.6303215467235005,0.5611627867660474,0.1115116258349447,1.0,0.1339801734676572,0.1627889834038636,0.2839285034998732,1.9737662736544412,1.4790600943020487e+23,6.462112156011937e+23,2.1100969288056275e+20,1.4909909456247158e+17,-0.11758364510736971,4.440892098500626e-16,0,0.9996913606436788,7.94328234724279e+23,131072,exponential,p0,1.0,0.5,A1_balanced_q01_q99,R2,R2,1.0,1.0,2,65,0.18620263382875324,0.8135317207067447,0.0002656454645022241,1.6897010849247808e-16,1.9865948208100397,17.412981144240508,1416.0442450511446,0.012828547155598446,0.04322912337638796,main,False,False,True,False
18.347496032950783,1507.5218285908823,0.1115116258349447,0.016961507846929666,0.6303215467235005,0.5611627867660474,0.1115116258349447,1.0,0.1316337305981105,0.15993584992114607,0.27895390321426855,1.9687916733688366,1.6595550461794755e+23,7.250706633761206e+23,2.2477013967606202e+20,1.4909909456247158e+17,-0.11553010525337414,4.440892098500626e-16,0,0.999706988548684,8.912509381337441e+23,131072,exponential,p0,1.0,0.5,A1_balanced_q01_q99,R2,R2,1.0,1.0,2,65,0.18620513877433215,0.8135426649809754,0.0002521962446925719,1.505947677104816e-16,1.9813960589331554,18.34212079405191,1508.3440131665914,0.012604385564318754,0.04323110009021462,main,False,False,True,False
19.326213740291294,1605.8285693058072,0.1115116258349447,0.016961507846929666,0.6303215467235005,0.5611627867660474,0.1115116258349447,1.0,0.1293283470446278,0.1571327868339732,0.2740664896259413,1.9639042597805094,1.862075169640212e+23,8.13553055450273e+23,2.3942758570604498e+20,1.4909909456247158e+17,-0.11351211289805989,2.6645352591003757e-15,0,0.9997218254519451,1e+24,131072,exponential,p0,1.0,0.5,A1_balanced_q01_q99,R2,R2,1.0,1.0,2,65,0.1862075169640212,0.813553055450273,0.00023942758570604498,2.6843545600000003e-16,1.976288371977635,19.320838427190775,1606.6600108059013,0.01238411219712554,0.04323297670980225,main,False,False,True,False
0.11650959573715408,2.471135639969959,0.1115116258349447,0.016961507846929666,0.6303215467235005,0.5611627867660474,0.1115116258349447,1.0,0.7351708887185612,0.9628287870607921,1.6245303655191499,3.314368135673718,1.727466086547441e+18,7.547414496531539e+18,7.25119416921022e+17,2.934357002474526e+17,-0.4666656132917304,1.5065726444163374e-13,0,0.9125531745246422,1e+19,131072,power,p0,1.0,0.5,A1_balanced_q01_q99,R2,R2,1.0,1.0,2,65,0.1727466086547441,0.7547414496531539,0.07251194169210219,2.048e-16,3.3671545656487156,0.10675396678331038,2.907809368734617,0.052786429974997606,0.03147075741255318,main,True,False,True,False
0.12224179224374936,2.651659755352613,0.1115116258349447,0.016961507846929666,0.6303215467235005,0.5611627867660474,0.1115116258349447,1.0,0.723264053470568,0.9440139666750949,1.5951379791907807,3.2849757493453486,1.9448618454895521e+18,8.497231060400219e+18,7.780916371298829e+17,2.934357002474526e+17,-0.4673730359669892,1.3195000647669985e-13,0,0.9165099509173094,1.1220184543019653e+19,131072,power,p0,1.0,0.5,A1_balanced_q01_q99,R2,R2,1.0,1.0,2,65,0.1733359944333088,0.7573165154120884,0.06934749015460288,1.8252819212979077e-16,3.3377703586261287,0.11245025408135441,3.0973444990076464,0.05279460928078006,0.03203687435403318,main,True,False,True,False
0.12827660703488325,2.8445215816080363,0.1115116258349447,0.016961507846929666,0.6303215467235005,0.5611627867660474,0.1115116258349447,1.0,0.7115112137746415,0.925644226315642,1.566318747546767,3.256156517701335,2.189313462757072e+18,9.565256473016496e+18,8.346841821681455e+17,2.934357002474526e+17,-0.467553586968212,1.1463052729254741e-13,0,0.9203061400410317,1.2589254117941713e+19,131072,power,p0,1.0,0.5,A1_balanced_q01_q99,R2,R2,1.0,1.0,2,65,0.17390334981299232,0.7597953288896175,0.06630132129739015,1.6267842247153233e-16,3.3089009211596965,0.11845048970056714,3.2992337973337293,0.05274440345836151,0.032577113144485505,main,True,False,True,False
0.13463028913658004,3.050527571118202,0.1115116258349447,0.016961507846929666,0.6303215467235005,0.5611627867660474,0.1115116258349447,1.0,0.6999123364121326,0.9077054853619337,1.538059167427716,3.227896937582284,2.464160453512516e+18,1.0766081298759752e+19,8.951336939552303e+17,2.934357002474526e+17,-0.4672432682812968,9.664491429361988e-14,0,0.9239467691344498,1.4125375446227497e+19,131072,power,p0,1.0,0.5,A1_balanced_q01_q99,R2,R2,1.0,1.0,2,65,0.1744492005110297,0.7621801869793895,0.06337061250958084,0.0,3.2805372352182123,0.12477089202620566,3.5142825258722565,0.052640297635928146,0.03309254751891301,main,True,False,True,False
0.14131995375842146,3.270536424710347,0.1115116258349447,0.016961507846929666,0.6303215467235005,0.5611627867660474,0.1115116258349447,1.0,0.6884672952633688,0.8901842011082776,1.5103461614330935,3.2001839315876617,2.7731523378317957e+18,1.2116087440809638e+19,9.596921459696806e+17,2.934357002474526e+17,-0.4664763302480653,7.760458942129844e-14,0,0.9274368234097756,1.5848931924611109e+19,131072,power,p0,1.0,0.5,A1_balanced_q01_q99,R2,R2,1.0,1.0,2,65,0.17497408349173924,0.7644734357143083,0.06055248079395287,2.584401282990876e-16,3.2526704407535583,0.13142854484071165,3.743348434909896,0.05248650916589659,0.0335842154782829,main,True,False,True,False
0.14836362832999456,3.5054625192342947,0.1115116258349447,0.016961507846929666,0.6303215467235005,0.5611627867660474,0.1115116258349447,1.0,0.6771758729821185,0.8730673500578632,1.4831670616266845,3.1730048317812525,3.1204988299704197e+18,1.3633667421396095e+19,1.0286278490227146e+18,2.934357002474526e+17,-0.4652853262613996,6.261657858885883e-14,0,0.9307812370384234,1.7782794100389229e+19,131072,power,p0,1.0,0.5,A1_balanced_q01_q99,R2,R2,1.0,1.0,2,65,0.17547854473004995,0.7666774604952369,0.057843994774713164,0.0,3.225291832933076,0.13844144350045112,3.98734518411108,0.05228700115182372,0.03405311980301555,main,True,False,True,False
0.15578030100712528,3.756279559062459,0.1115116258349447,0.016961507846929666,0.6303215467235005,0.5611627867660474,0.1115116258349447,1.0,0.6660377629607122,0.8563424095240293,1.4565095938140318,3.1463473639685997,3.5109261622659707e+18,1.5339470464684175e+19,1.1022265227386852e+18,2.934357002474526e+17,-0.4637011678336057,5.734301922188934e-14,0,0.933984884794979,1.9952623149688828e+19,131072,power,p0,1.0,0.5,A1_balanced_q01_q99,R2,R2,1.0,1.0,2,65,0.17596313707356948,0.7687946767502298,0.055242186176200844,0.0,3.198392859420405,0.14582854357641556,4.247245986770267,0.05204549545180548,0.0345002286108983,main,True,False,True,False
0.16358997177983725,4.024024465914033,0.1115116258349447,0.016961507846929666,0.6303215467235005,0.5611627867660474,0.1115116258349447,1.0,0.6550525715587157,0.8399973395556903,1.4303618623821595,3.1201996325367274,3.9497402929215084e+18,1.7256678655793598e+19,1.1807924369683658e+18,2.934357002474526e+17,-0.4617531798858142,4.568567746332519e-14,0,0.937052574369075,2.238721138568347e+19,131072,power,p0,1.0,0.5,A1_balanced_q01_q99,R2,R2,1.0,1.0,2,65,0.1764284182105571,0.7708275210564713,0.05274406073297176,1.8296159934503391e-16,3.1719651177039667,0.1536098120903319,4.524087491601919,0.05176548516723933,0.034926475955544566,main,True,False,True,False
0.17181370632095222,4.30980152235488,0.1115116258349447,0.016961507846929666,0.6303215467235005,0.5611627867660474,0.1115116258349447,1.0,0.6442198205675606,0.8240205652037879,1.4047123356913123,3.0945501058458804,4.442897838380844e+18,1.9411316849075134e+19,1.2646496276397414e+18,2.934357002474526e+17,-0.4594691561051669,3.8968828164342995e-14,0,0.939989039348083,2.511886431509572e+19,131072,power,p0,1.0,0.5,A1_balanced_q01_q99,R2,R2,1.0,1.0,2,65,0.17687494874960527,0.7727784427502754,0.050346608500119294,0.0,3.1460003524722477,0.1618062814846842,4.818973917550937,0.051450246626367324,0.03533276246150831,main,True,False,True,False
0.1804736927215029,4.614786785339637,0.1115116258349447,0.016961507846929666,0.6303215467235005,0.5611627867660474,0.1115116258349447,1.0,0.6335389498835601,0.8084009591450732,1.3795498320079354,3.0693876021625037,4.997085673635828e+18,2.1832600447159837e+19,1.3541431918488271e+18,2.934357002474526e+17,-0.4568754142175876,2.808864252301646e-14,0,0.942798932868061,2.8183829312644493e+19,131072,power,p0,1.0,0.5,A1_balanced_q01_q99,R2,R2,1.0,1.0,2,65,0.17730329041532752,0.7746498960439269,0.04804681354074549,0.0,3.120490453035057,0.17044010647252567,5.133081458116025,0.05110285087255306,0.03571995599215762,main,True,False,True,False
0.18959330126683488,4.940232787242745,0.1115116258349447,0.016961507846929666,0.6303215467235005,0.5611627867660474,0.1115116258349447,1.0,0.623009320361978,0.7931278246788187,1.3548635059676637,3.0447012761222316,5.619810258960054e+18,2.455332567541374e+19,1.4496406673099994e+18,2.934357002474526e+17,-0.4539968510269794,2.3869795029440866e-14,0,0.9454868219249581,3.162277660168379e+19,131072,power,p0,1.0,0.5,A1_balanced_q01_q99,R2,R2,1.0,1.0,2,65,0.17771400436294454,0.7764443326619956,0.04584166297505993,1.2952689296049681e-16,3.0954274507899777,0.17953462392073813,5.467662972752754,0.05072617466774609,0.036088892346459484,main,True,False,True,False
0.19919714741539105,5.287473542978419,0.1115116258349447,0.016961507846929666,0.6303215467235005,0.5611627867660474,0.1115116258349447,1.0,0.6126302168253454,0.778190879110966,1.3306428355565612,3.0204806057111293,6.319497880773914e+18,2.7610307540959945e+19,1.5515335016237517e+18,2.934357002474526e+17,-0.4508569970764294,1.73749903353837e-14,0,0.9480571823334685,3.5481338923357606e+19,131072,power,p0,1.0,0.5,A1_balanced_q01_q99,R2,R2,1.0,1.0,2,65,0.17810764961335057,0.7781641950040361,0.04372815538261344,1.1544096486459184e-16,3.070803516733183,0.18911441592860595,5.8240529840692705,0.05032291102205377,0.036440375980888826,main,True,False,True,False
0.20931115815074203,5.657929883035772,0.1115116258349447,0.016961507846929666,0.6303215467235005,0.5611627867660474,0.1115116258349447,1.0,0.6024008511999919,0.7635802375390723,1.3068776095984818,2.99671537975305,7.105607139323459e+18,3.1044871298846814e+19,1.6602386171795894e+18,2.934357002474526e+17,-0.44747807079325697,1.709743457922741e-14,0,0.9505143943165941,3.981071705534986e+19,131072,power,p0,1.0,0.5,A1_balanced_q01_q99,R2,R2,1.0,1.0,2,65,0.17848478160904138,0.7798119098353424,0.04170330855561625,0.0,3.0466109590138695,0.19920537627219417,6.2036730007462815,0.049895579260819556,0.03677518075277471,main,True,False,True,False
0.21996264188642164,6.053115133564306,0.1115116258349447,0.016961507846929666,0.6303215467235005,0.5611627867660474,0.1115116258349447,1.0,0.5923203657557693,0.7492863970499566,1.2835579157359993,2.9733956858905675,7.988755178528908e+18,3.4903403958671372e+19,1.7762000778958948e+18,2.934357002474526e+17,-0.44388103198720585,1.0325074129013956e-14,0,0.9528627387055946,4.466835921509617e+19,131072,power,p0,1.0,0.5,A1_balanced_q01_q99,R2,R2,1.0,1.0,2,65,0.17884595089020014,0.7813898825026772,0.03976416660712284,1.8339603567151896e-16,3.0228422205315306,0.20983478039414713,6.608037187412091,0.04944653464096316,0.03709405068151146,main,True,False,True,False
0.23118036211269527,6.474641166036591,0.1115116258349447,0.016961507846929666,0.6303215467235005,0.5611627867660474,0.1115116258349447,1.0,0.5823878364250493,0.7353002213404811,1.2606741288920127,2.950511899046581,8.980859335884615e+18,3.923797316243561e+19,1.8998908644069302e+18,2.934357002474526e+17,-0.44008563457960265,1.2656542480726785e-14,0,0.955106393726689,5.011872336272715e+19,131072,power,p0,1.0,0.5,A1_balanced_q01_q99,R2,R2,1.0,1.0,2,65,0.1791917018892704,0.7829004916676816,0.03790780644304803,0.0,2.999489876575322,0.2210313591280616,7.038758404088758,0.048977977528741334,0.03739770072419972,main,True,False,True,False
0.24299461498436076,6.924224840498653,0.1115116258349447,0.016961507846929666,0.6303215467235005,0.5611627867660474,0.1115116258349447,1.0,0.5726022761784413,0.7216129257702726,1.2382169001988625,2.928054670353431,1.0095296095092701e+19,4.4107021659199685e+19,2.031814764742528e+18,2.934357002474526e+17,-0.43611047845057216,7.66053886991358e-15,0,0.9572494323486149,5.6234132519034905e+19,131072,power,p0,1.0,0.5,A1_balanced_q01_q99,R2,R2,1.0,1.0,2,65,0.17952257184149692,0.7843460845469561,0.036131343611547156,1.4567664927038856e-16,2.9765466325047845,0.2328253763567262,7.4975546392972,0.04849196215135354,0.03768681756242963,main,True,False,True,False
0.2554373110593509,7.403694867997192,0.1115116258349447,0.016961507846929666,0.6303215467235005,0.5611627867660474,0.1115116258349447,1.0,0.5629626384359919,0.7082160628535411,1.2161771463814983,2.9060149165360665,1.1347079453910712e+19,4.95761466060995e+19,2.1725083880092273e+18,2.934357002474526e+17,-0.43197306030128463,6.772360450213455e-15,0,0.9592958201628436,6.309573444801943e+19,131072,power,p0,1.0,0.5,A1_balanced_q01_q99,R2,R2,1.0,1.0,2,65,0.17983908980818428,0.785728972644611,0.03443193754720486,1.298344503264142e-16,2.9540053214711968,0.24524871081412614,7.986255862481811,0.04799040493513029,0.03796206039709542,main,True,False,True,False
0.2685420614089816,7.914999119454544,0.1115116258349447,0.016961507846929666,0.6303215467235005,0.5611627867660474,0.1115116258349447,1.0,0.5534678204941967,0.6951015081954576,1.1945460395810914,2.8843838097356596,1.2753061077531587e+19,5.571897405180734e+19,2.322543309075115e+18,2.934357002474526e+17,-0.4276898234384342,3.9968028886505635e-15,0,0.9612494137669891,7.0794578438414025e+19,131072,power,p0,1.0,0.5,A1_balanced_q01_q99,R2,R2,1.0,1.0,2,65,0.18014177580880425,0.7870514279603864,0.032806796230809586,1.1571507565549565e-16,2.93185890217884,0.25833494225232473,8.506811323085458,0.0474750924431806,0.038224061748293216,main,True,False,True,False
0.2823442683325262,8.460212410051334,0.1115116258349447,0.016961507846929666,0.6303215467235005,0.5611627867660474,0.1115116258349447,1.0,0.5441166669506132,0.6822614468768953,1.1733149976053212,2.8631527677598894,1.433215489712221e+19,6.2618140222520074e+19,2.4825283527856015e+18,2.934357002474526e+17,-0.4232762063986046,1.5543122344752192e-15,0,0.9631139596206135,7.94328234724279e+19,131072,power,p0,1.0,0.5,A1_balanced_q01_q99,R2,R2,1.0,1.0,2,65,0.18043114005757427,0.7883156796542125,0.031253180288213195,2.0626233946835702e-16,2.910100456685499,0.27211944220612755,9.061297325388471,0.04694768892560974,0.03847342825754716,main,True,False,True,False
0.2968812209211438,9.041544790084112,0.1115116258349447,0.016961507846929666,0.6303215467235005,0.5611627867660474,0.1115116258349447,1.0,0.5349079731094765,0.6696883602896414,1.1524756745914637,2.842313444746032,1.6105589137760266e+19,7.036639264881712e+19,2.653112026797038e+18,2.934357002474526e+17,-0.41874669034063344,5.551115123125783e-16,0,0.9648930933421793,8.91250938133744e+19,131072,power,p0,1.0,0.5,A1_balanced_q01_q99,R2,R2,1.0,1.0,2,65,0.18070768229972298,0.7895239111463096,0.02976840655396767,1.83831503552834e-16,2.8887231882414666,0.28663946960085673,9.651925510123101,0.0464097434954347,0.03871074148978515,main,True,False,True,False
0.31219219572926216,9.661350375292884,0.1115116258349447,0.016961507846929666,0.6303215467235005,0.5611627867660474,0.1115116258349447,1.0,0.5258404883532687,0.6573750134226253,1.1320199520684089,2.821857722222977,1.8097189124234498e+19,7.906782576305547e+19,2.8349851127100564e+18,2.934357002474526e+17,-0.41411484514446706,2.9976021664879227e-15,0,0.9665903394154853,1e+20,131072,power,p0,1.0,0.5,A1_balanced_q01_q99,R2,R2,1.0,1.0,2,65,0.18097189124234497,0.7906782576305547,0.028349851127100565,1.6384e-16,2.8677204191664414,0.3019342714616602,10.281051675894679,0.04586269694346434,0.038936558732687324,main,True,False,True,False
0.32831856282536936,10.322136751813735,0.1115116258349447,0.016961507846929666,0.6303215467235005,0.5611627867660474,0.1115116258349447,1.0,0.516912919466692,0.6453144425981557,1.1119399304036794,2.8017777005582474,2.033369462185447e+19,8.883926738252364e+19,3.0288834258184294e+18,2.934357002474526e+17,-0.4093933741651185,5.10702591327572e-15,0,0.9682091112738243,1.1220184543019654e+20,131072,power,p0,1.0,0.5,A1_balanced_q01_q99,R2,R2,1.0,1.0,2,65,0.1812242440745286,0.7917808039778872,0.026994951947584236,0.0,2.847085588763589,0.3180451889965776,10.951185175596013,0.045307888205341484,0.03915141379121395,main,True,True,True,False
0.34530389750853396,11.026574993213833,0.1115116258349447,0.016961507846929666,0.6303215467235005,0.5611627867660474,0.1115116258349447,1.0,0.5081239339011046,0.6334999436556714,1.0922279206216379,2.7820656907762062,2.284511592796124e+19,9.981183449699117e+19,3.235590754464751e+18,2.934357002474526e+17,-0.404594157600135,2.4424906541753444e-15,0,0.9697527117308045,1.2589254117941713e+20,131072,power,p0,1.0,0.5,A1_balanced_q01_q99,R2,R2,1.0,1.0,2,65,0.18146520607128958,0.7928335830058688,0.025701210922841836,1.3014273797722585e-16,2.8268122512701632,0.33501576934009364,11.664998925293059,0.04474656049395698,0.039355817775305085,main,True,True,True,False
0.3631940979924341,11.777510329511493,0.1115116258349447,0.016961507846929666,0.6303215467235005,0.5611627867660474,0.1115116258349447,1.0,0.49947216296884245,0.6219250605792072,1.0728764365791312,2.7627142067336994,2.566513344434101e+19,1.1213267902722217e+20,3.455941990711811e+18,2.934357002474526e+17,-0.39972829443835967,2.1094237467877974e-15,0,0.9712243337268698,1.4125375446227496e+20,131072,power,p0,1.0,0.5,A1_balanced_q01_q99,R2,R2,1.0,1.0,2,65,0.18169523027577628,0.7938385740902183,0.0244661956340056,1.1598983731349755e-16,2.806894073844024,0.3528918832592142,12.42534006550403,0.04417986711032462,0.03955025987893848,main,True,True,True,False
0.3820375093746419,12.577973510696385,0.1115116258349447,0.016961507846929666,0.6303215467235005,0.5611627867660474,0.1115116258349447,1.0,0.49095620495834924,0.6105835745634309,1.053878187484964,2.743715957639532,2.8831546038040007e+19,1.25966946743266e+20,3.6908264648051036e+18,2.934357002474526e+17,-0.394806142966631,4.440892098500626e-16,0,0.9726270613618462,1.5848931924611108e+20,131072,power,p0,1.0,0.5,A1_balanced_q01_q99,R2,R2,1.0,1.0,2,65,0.1819147572542019,0.7947977020940917,0.023287540651706514,2.0675210263927006e-16,2.787324834585422,0.371721849140225,13.23524131739622,0.043608876945889996,0.039735208148904355,main,True,True,True,False
0.4018850542259975,13.431192910036344,0.1115116258349447,0.016961507846929666,0.6303215467235005,0.5611627867660474,0.1115116258349447,1.0,0.4825746281623101,0.5994694935120412,1.0352260707497924,2.725063840904361,3.2386774145818735e+19,1.4149997536135845e+20,3.9411914967151355e+18,2.934357002474526e+17,-0.38983735981941714,1.2212453270876722e-15,0,0.9739638711843915,1.778279410038923e+20,131072,power,p0,1.0,0.5,A1_balanced_q01_q99,R2,R2,1.0,1.0,2,65,0.18212421491800243,0.7957128365910805,0.022162948490917246,1.8426800543837358e-16,2.768098420593457,0.3915565635912672,14.097933079194625,0.0430345796890963,0.039911110241832505,main,True,True,True,False
0.42279037015274556,14.340607415418864,0.1115116258349447,0.016961507846929666,0.6303215467235005,0.5611627867660474,0.1115116258349447,1.0,0.4743259738122853,0.5885770419611812,1.0169131651531922,2.7067509353077606,3.6378424304280895e+19,1.5893976101369017e+20,4.208046178917246e+18,2.934357002474526e+17,-0.38483093756410547,2.4424906541753444e-15,0,0.9752376337106556,1.995262314968883e+20,131072,power,p0,1.0,0.5,A1_balanced_q01_q99,R2,R2,1.0,1.0,2,65,0.1823240184078164,0.7965857913583103,0.021090190233873447,1.642290327149843e-16,2.749208826056564,0.41244963901373055,15.016856311052925,0.04245789074880335,0.04007839416818241,main,True,True,True,False
0.44480995470292983,15.309880160121592,0.1115116258349447,0.016961507846929666,0.6303215467235005,0.5611627867660474,0.1115116258349447,1.0,0.4662087589145296,0.5779006514196443,0.9989327243149432,2.6887704944695114,4.0859922603185816e+19,1.7851972584815906e+20,4.492465405489861e+18,2.934357002474526e+17,-0.37979524082182387,3.774758283725532e-15,0,0.9764511151456147,2.238721138568347e+20,131072,power,p0,1.0,0.5,A1_balanced_q01_q99,R2,R2,1.0,1.0,2,65,0.1825145700340131,0.7974183241166056,0.020067105849381376,1.463692794760271e-16,2.7306501503764644,0.43445754851432666,15.995676259777893,0.04187965590695297,0.040237469022058076,main,True,True,True,False
0.4680033180084684,16.342913147758583,0.1115116258349447,0.016961507846929666,0.6303215467235005,0.5611627867660474,0.1115116258349447,1.0,0.45822147898275445,0.5674349511168147,0.9812781704578107,2.671115940612379,4.589122547445144e+19,2.0050182351290994e+20,4.79559416359584e+18,2.934357002474526e+17,-0.37473804093018487,1.1102230246251565e-15,0,0.9776069792817674,2.5118864315095718e+20,131072,power,p0,1.0,0.5,A1_balanced_q01_q99,R2,R2,1.0,1.0,2,65,0.18269625926866498,0.798212136495415,0.01909160423592011,1.3045175764697042e-16,2.712416596324978,0.45763977854953236,17.038297078150595,0.041300655712599,0.04038872569586754,main,True,True,True,False
0.4924331435751502,17.443862829723535,0.1115116258349447,0.016961507846929666,0.6303215467235005,0.5611627867660474,0.1115116258349447,1.0,0.45036261066464794,0.5571747591485448,0.9639430884493995,2.6537808586039677,5.153961725600686e+19,2.251800237659777e+20,5.118652104460435e+18,2.934357002474526e+17,-0.36966654916023756,2.4424906541753444e-15,0,0.9787077895515189,2.818382931264449e+20,131072,power,p0,1.0,0.5,A1_balanced_q01_q99,R2,R2,1.0,1.0,2,65,0.18286946278405095,0.7989688742010375,0.018161663014911837,2.325305027681164e-16,2.6945024682331207,0.4820589897149865,18.148877397156514,0.040721609629152944,0.0405325375789897,main,True,True,True,False
0.5181654576548685,18.617156697250305,0.1115116258349447,0.016961507846929666,0.6303215467235005,0.5611627867660474,0.1115116258349447,1.0,0.44263061425987554,0.5471150740106013,0.946921220110984,2.636758990265552,5.788060512157863e+19,2.5288422248318514e+20,5.462938412074195e+18,2.934357002474526e+17,-0.36458744850520186,3.3306690738754696e-16,0,0.9797560112108071,3.1622776601683794e+20,131072,power,p0,1.0,0.5,A1_balanced_q01_q99,R2,R2,1.0,1.0,2,65,0.18303454453299559,0.7996901273676266,0.017275328099377946,2.072430287367949e-16,2.676902170211943,0.5077811861144451,19.331846913234536,0.04014317994639072,0.040669261239750246,main,True,True,True,False
0.5452698076576594,19.867510954264276,0.1115116258349447,0.016961507846929666,0.6303215467235005,0.5611627867660474,0.1115116258349447,1.0,0.4350239361281224,0.5372510665087871,0.9302064587815139,2.620044228936082,6.4998923260008735e+19,2.8398462898452886e+20,5.829836989038473e+18,2.934357002474526e+17,-0.35950692406323376,2.220446049250313e-15,0,0.9807540136330422,3.54813389233576e+20,131072,power,p0,1.0,0.5,A1_balanced_q01_q99,R2,R2,1.0,1.0,2,65,0.1831918558665764,0.8003774310714635,0.016430713061960162,1.8470554378334696e-16,2.659610204404514,0.5348758937661108,20.591924056707207,0.03956597546843188,0.04079923709012582,main,True,True,True,False
0.57381945008544,21.199949341511687,0.1115116258349447,0.016961507846929666,0.6303215467235005,0.5611627867660474,0.1115116258349447,1.0,0.42754101098653763,0.5275780720344327,0.9137928441253705,2.603630614279939,7.2989659637912535e+19,3.1889668893534906e+20,6.220821980237004e+18,2.934357002474526e+17,-0.35443069204057487,0.0,0,0.9817040726939879,3.9810717055349857e+20,131072,power,p0,1.0,0.5,A1_balanced_q01_q99,R2,R2,1.0,1.0,2,65,0.18334173568497433,0.8010322659900319,0.015625998324993836,0.0,2.642621169268547,0.5634163485285502,21.934134811863604,0.03899055498860804,0.040922790032725816,main,True,True,True,False
0.6038915484951994,22.61982318704743,0.1115116258349447,0.016961507846929666,0.6303215467235005,0.5611627867660474,0.1115116258349447,1.0,0.4201802640965897,0.518091583193661,0.8976745571727823,2.5875123273273504,8.195952030668213e+19,3.580866081879147e+20,6.637463656364828e+18,2.934357002474526e+17,-0.3493640274049853,1.5543122344752192e-15,0,0.9826083732295123,4.466835921509617e+20,131072,power,p0,1.0,0.5,A1_balanced_q01_q99,R2,R2,1.0,1.0,2,65,0.18348451061749096,0.8016560591885259,0.01485943019398309,0.0,2.625929757889101,0.5934796940541324,23.36383276376259,0.03841743056175062,0.041040230089700695,main,True,True,True,False
0.6355673820264555,24.132832763058108,0.1115116258349447,0.016961507846929666,0.6303215467235005,0.5611627867660474,0.1115116258349447,1.0,0.41294011334097175,0.5087872427785668,0.8818459155821711,2.571683685736739,9.202824804059469e+19,4.020775509058942e+20,7.081434680782623e+18,2.934357002474526e+17,-0.3443117902223722,9.992007221626409e-16,0,0.9834690115496751,5.0118723362727146e+20,131072,power,p0,1.0,0.5,A1_balanced_q01_q99,R2,R2,1.0,1.0,2,65,0.18362049522800752,0.8022501850175132,0.014129319754479269,0.0,2.609530756320842,0.6251471903051153,24.88672045171429,0.03784707058410275,0.04115185301332728,main,True,True,True,False
0.6689325650563261,25.7450500342071,0.1115116258349447,0.016961507846929666,0.6303215467235005,0.5611627867660474,0.1115116258349447,1.0,0.40581897119173094,0.499660837068332,0.8663013691140871,2.556139139268655,1.0333021414131368e+20,4.514565942643422e+20,7.554516784693264e+18,2.934357002474526e+17,-0.33927845071205964,1.5543122344752192e-15,0,0.9842879979939664,5.6234132519034906e+20,131072,power,p0,1.0,0.5,A1_balanced_q01_q99,R2,R2,1.0,1.0,2,65,0.18374999224241084,0.8028159661065758,0.013434041651013478,1.1654131941631085e-16,2.5934190419593524,0.6585044331958744,26.50887211461261,0.03727990269069714,0.04125794087811876,main,True,True,True,False
0.7040772785758014,27.462942888241262,0.1115116258349447,0.016961507846929666,0.6303215467235005,0.5611627867660474,0.1115116258349447,1.0,0.3988152465712332,0.4907082894482027,0.8510354953067253,2.5408732654612933,1.1601620454261339e+20,5.0688253206031414e+20,8.058607877266873e+18,2.934357002474526e+17,-0.33426811305819565,5.551115123125783e-16,0,0.9850672595137429,6.309573444801943e+20,131072,power,p0,1.0,0.5,A1_balanced_q01_q99,R2,R2,1.0,1.0,2,65,0.18387329279476375,0.8033546744398427,0.01277203276539375,2.0773512052226271e-16,2.5775895819409653,0.6936415859551082,28.236757918839384,0.036716316479671995,0.04135876265438277,main,True,True,True,False
0.741096513912257,29.29340094551498,0.1115116258349447,0.016961507846929666,0.6303215467235005,0.5611627867660474,0.1115116258349447,1.0,0.3919273466080262,0.481925654334237,0.8360429953434284,2.5258807654979964,1.3025542392813098e+20,5.690946308369327e+20,8.595729619076578e+18,2.934357002474526e+17,-0.32928453801643615,2.55351295663786e-15,0,0.9858086422694448,7.079457843841402e+20,131072,power,p0,1.0,0.5,A1_balanced_q01_q99,R2,R2,1.0,1.0,2,65,0.1839906766892375,0.8038675325003911,0.012141790810371474,0.0,2.5620374315706336,0.7306536228332463,30.077269765379008,0.03615666607263712,0.0414545747632312,main,True,True,True,False
0.7800903294568655,31.243763050381187,0.1115116258349447,0.016961507846929666,0.6303215467235005,0.5611627867660474,0.1115116258349447,1.0,0.385153678289956,0.4733091113918004,0.8213186901029268,2.511156460257495,1.462377444686646e+20,6.389224547665602e+20,9.168035489054089e+18,2.934357002474526e+17,-0.32433116435628667,4.3298697960381105e-15,0,0.9865139142311061,7.943282347242789e+20,131072,power,p0,1.0,0.5,A1_balanced_q01_q99,R2,R2,1.0,1.0,2,65,0.1841024126750644,0.8043557144715346,0.011541872853400996,0.0,2.546757732777343,0.7696405858138611,32.03774877907665,0.03560127251984824,0.041545621613112656,main,True,True,True,False
0.8211641210906186,33.321846554112554,0.1115116258349447,0.016961507846929666,0.6303215467235005,0.5611627867660474,0.1115116258349447,1.0,0.3784926500172016,0.4648549600358685,0.80685751638344,2.4966952865380083,1.641762290323458e+20,7.172968897242542e+20,9.777819377144183e+18,2.934357002474526e+17,-0.3194111291803643,5.551115123125783e-16,0,0.9871847677720098,8.91250938133744e+20,131072,power,p0,1.0,0.5,A1_balanced_q01_q99,R2,R2,1.0,1.0,2,65,0.18420875873199807,0.8048203474840149,0.01097089378398712,1.470652028422672e-16,2.531745712596578,0.8107078550229739,34.1260145896855,0.035050426058569784,0.041632136117998604,main,True,True,True,False
0.8644289070396235,35.53597850616107,0.1115116258349447,0.016961507846929666,0.6303215467235005,0.5611627867660474,0.1115116258349447,1.0,0.3719426730581426,0.4565596142013473,0.7926545232921512,2.4824922934467195,1.843099623639862e+20,8.052625128990799e+20,1.04275247369338e+19,2.934357002474526e+17,-0.31452728716241224,4.440892098500626e-16,0,0.9878228222464749,1e+21,131072,power,p0,1.0,0.5,A1_balanced_q01_q99,R2,R2,1.0,1.0,2,65,0.18430996236398622,0.8052625128990799,0.0104275247369338,0.0,2.516996681679382,0.8539664335670906,36.35039652149352,0.03450438823266255,0.04171434019740638,main,True,True,True,False
0.9100016279295766,37.89502887817639,0.1115116258349447,0.016961507846929666,0.6303215467235005,0.5611627867660474,0.1115116258349447,1.0,0.3655021629111209,0.44841959737181253,0.7787048687918845,2.4685426389464524,2.0690722781747298e+20,9.039914721497273e+20,1.1119754334765128e+19,2.934357002474526e+17,-0.3096822287461606,1.3322676295501878e-15,0,0.9884296265436121,1.1220184543019653e+21,131072,power,p0,1.0,0.5,A1_balanced_q01_q99,R2,R2,1.0,1.0,2,65,0.1844062608989751,0.8056832476183488,0.009910491482676188,1.168180429630661e-16,2.502506032827528,0.8995332475699686,38.71976681593456,0.03396339388107572,0.041792445258494355,main,True,True,True,False
0.9580054628502218,40.40844595331019,0.1115116258349447,0.016961507846929666,0.6303215467235005,0.5611627867660474,0.1115116258349447,1.0,0.35916954057534317,0.44043153785529776,0.7650038163972129,2.454841586551781,2.322690718113546e+20,1.0147990593485958e+21,1.1857280634220919e+19,2.934357002474526e+17,-0.3048782973471495,1.3322676295501878e-15,0,0.989006661609997,1.2589254117941712e+21,131072,power,p0,1.0,0.5,A1_balanced_q01_q99,R2,R2,1.0,1.0,2,65,0.1844978817929601,0.8060835454122289,0.009418572794811082,2.082283807635614e-16,2.488269239554357,0.9475314622190042,41.24357601969704,0.03342765300257611,0.041866652660503004,main,True,True,True,False
1.0085701622839078,43.08629402197501,0.1115116258349447,0.016961507846929666,0.6303215467235005,0.5611627867660474,0.1115116258349447,1.0,0.35294323373426856,0.43259216429599745,0.7515467320125478,2.441384502167116,2.60733303323733e+20,1.139161184441611e+21,1.2643056857405868e+19,2.934357002474526e+17,-0.3001176055994106,1.3322676295501878e-15,0,0.9895553429351194,1.4125375446227498e+21,131072,power,p0,1.0,0.5,A1_balanced_q01_q99,R2,R2,1.0,1.0,2,65,0.1845850429365881,0.8064643582594825,0.008950598803929479,1.8558373970159605e-16,2.4742818546708247,0.9980908146755804,43.93189067947813,0.03289735250370862,0.04193715416184897,main,True,True,True,False
1.0618323987980656,45.939293534421296,0.1115116258349447,0.016961507846929666,0.6303215467235005,0.5611627867660474,0.1115116258349447,1.0,0.3468216778548892,0.4248983014110484,0.7383290809050981,2.4281668510596663,2.9267898151645816e+20,1.278733982177507e+21,1.3480228767146185e+19,2.934357002474526e+17,-0.2954020506884845,1.9984014443252818e-15,0,0.9900770229941889,1.584893192461111e+21,131072,power,p0,1.0,0.5,A1_balanced_q01_q99,R2,R2,1.0,1.0,2,65,0.1846679529627923,0.8068265976913038,0.00850544934590408,1.6540168211141605e-16,2.460539508896318,1.0513479647491806,46.795433493737264,0.03237265783665144,0.04200413235021768,main,True,True,True,False
1.117936136449304,48.97886387029574,0.1115116258349447,0.016961507846929666,0.6303215467235005,0.5611627867660474,0.1115116258349447,1.0,0.3408033172063738,0.4173468659418492,0.7253464248059365,2.4151841949605046,3.2853145105700893e+20,1.435375811764809e+21,1.4372147217104888e+19,2.934357002474526e+17,-0.2907333288116717,2.220446049250313e-16,0,0.9905729936437271,1.7782794100389228e+21,131072,power,p0,1.0,0.5,A1_balanced_q01_q99,R2,R2,1.0,1.0,2,65,0.18474681155410672,0.8071711361339958,0.00808205231189755,1.4741440435069888e-16,2.4470379094938126,1.1074468642831117,49.845626081595114,0.031853714533307986,0.04206776105601975,main,True,True,True,False
1.1770330198975485,52.21716889578735,0.1115116258349447,0.016961507846929666,0.6303215467235005,0.5611627867660474,0.1115116258349447,1.0,0.3348866058015465,0.4099348628096809,0.7125944191327035,2.4024321892872718,3.687679919754535e+20,1.6111719414735548e+21,1.5322381519874863e+19,2.934357002474526e+17,-0.2861129488056624,4.440892098500626e-16,0,0.9910444884660821,1.995262314968883e+21,131072,power,p0,1.0,0.5,A1_balanced_q01_q99,R2,R2,1.0,1.0,2,65,0.18482180974846138,0.8074988082450111,0.00767938200652771,1.3138322617198746e-16,2.4337728389289404,1.166539146250297,53.09463453947304,0.031340649641668605,0.04212820574959884,main,True,True,True,False
1.239282784281819,55.66716549007976,0.1115116258349447,0.016961507846929666,0.6303215467235005,0.5611627867660474,0.1115116258349447,1.0,0.3290700082646832,0.40265938146573665,0.7000688103278125,2.3899065804823807,4.13924159049737e+20,1.8084622458322378e+21,1.6334733686372383e+19,2.934357002474526e+17,-0.2815422449808399,3.1086244689504383e-15,0,0.991492685059618,2.238721138568347e+21,131072,power,p0,1.0,0.5,A1_balanced_q01_q99,R2,R2,1.0,1.0,2,65,0.1848931302424025,0.8078104122377394,0.007296457519858136,0.0,2.4207401535525395,1.2287845346108501,56.555417967176574,0.03083357307015877,0.04218562392259994,main,True,True,True,False
1.3048536869654153,59.3426552346762,0.1115116258349447,0.016961507846929666,0.6303215467235005,0.5611627867660474,0.1115116258349447,1.0,0.32335200062907304,0.3955175924259988,0.6877654333063087,2.3776032034608767,4.6460089486370845e+20,2.029872283052533e+21,1.741325359333037e+19,2.934357002474526e+17,-0.27702238920057376,2.220446049250313e-15,0,0.9919187072719564,2.5118864315095717e+21,131072,power,p0,1.0,0.5,A1_balanced_q01_q99,R2,R2,1.0,1.0,2,65,0.18496094769081445,0.8081067111910143,0.0069323411181712955,0.0,2.4079357823062963,1.2943512760392415,60.24178015697792,0.030332578845419622,0.0422401654539191,main,True,True,True,False
1.3739229623174476,63.25833947177739,0.1115116258349447,0.016961507846929666,0.6303215467235005,0.5611627867660474,0.1115116258349447,1.0,0.31773107106774984,0.38850674398174706,0.6756802090078206,2.3655179791623886,5.214725109500827e+20,2.2783481651749747e+21,1.856225513939207e+19,2.934357002474526e+17,-0.2725544022427677,8.881784197001252e-16,0,0.9923236273741608,2.818382931264449e+21,131072,power,p0,1.0,0.5,A1_balanced_q01_q99,R2,R2,1.0,1.0,2,65,0.18502542900234195,0.8083884343398322,0.0065861366578260664,1.8602440221449313e-16,2.3953557254510507,1.3634165946880146,64.16842465186794,0.029837746288662093,0.04229197296066457,main,True,True,True,False
1.446677300759759,67.42987795132846,0.1115116258349447,0.016961507846929666,0.6303215467235005,0.5611627867660474,0.1115116258349447,1.0,0.31220572056075363,0.38162415907683495,0.6638091420473433,2.3536469122019117,5.8529564295112714e+20,2.5571956837630046e+21,1.9786333454248333e+19,2.934357002474526e+17,-0.2681391644798065,1.9984014443252818e-15,0,0.992708468174271,3.1622776601683794e+21,131072,power,p0,1.0,0.5,A1_balanced_q01_q99,R2,R2,1.0,1.0,2,65,0.18508673362982375,0.8086562783442753,0.006256988025901174,1.6579442298943593e-16,2.382996053317394,1.4361671712172035,68.35101339258017,0.029349141115482258,0.04234118213456917,main,True,True,True,False
1.5233133533741756,71.8739513006676,0.1115116258349447,0.016961507846929666,0.6303215467235005,0.5611627867660474,0.1115116258349447,1.0,0.3067744635021874,0.3748672323432163,0.6521483184598212,2.3419860886143895,6.56919298656433e+20,2.870124210449866e+21,2.1090383229462704e+19,2.934357002474526e+17,-0.26377742591185965,0.0,0,0.9930742050689589,3.5481338923357606e+21,131072,power,p0,1.0,0.5,A1_balanced_q01_q99,R2,R2,1.0,1.0,2,65,0.18514501385515036,0.8089109085340755,0.005944077610774368,2.955288700533551e-16,2.3708529050781393,1.5127996473843734,72.80622918731198,0.028866816463749778,0.042387922064301184,main,True,True,True,False
1.6040382634337835,76.6083275659544,0.1115116258349447,0.016961507846929666,0.6303215467235005,0.5611627867660474,0.1115116258349447,1.0,0.30143582825028364,0.3682334272865532,0.6406939035337964,2.3305316736883643,7.372961322807597e+20,3.221295955010124e+21,2.2479618244102054e+19,2.934357002474526e+17,-0.2594698155872955,1.1102230246251565e-15,0,0.9934217680325925,3.9810717055349854e+21,131072,power,p0,1.0,0.5,A1_balanced_q01_q99,R2,R2,1.0,1.0,2,65,0.18520041506805268,0.8091529601266599,0.0056466248052874975,1.3169519134032904e-16,2.3589224875423076,1.5935211575590023,77.55184225331239,0.028390813853943264,0.04243231554411688,main,True,True,True,False
1.6890702262949218,81.65193309079643,0.1115116258349447,0.016961507846929666,0.6303215467235005,0.5611627867660474,0.1115116258349447,1.0,0.29618835762358714,0.36172027361408593,0.6294421397296103,2.3192799098841785,8.274950946185361e+20,3.6153812347280257e+21,2.3959592163055997e+19,2.934357002474526e+17,-0.25521685044271053,2.220446049250313e-15,0,0.9937520435432488,4.4668359215096167e+21,131072,power,p0,1.0,0.5,A1_balanced_q01_q99,R2,R2,1.0,1.0,2,65,0.18525307603841312,0.8093830394168962,0.0053638845446909965,2.347469256595443e-16,2.347201073970236,1.678549888598036,82.60678109574039,0.02792116408605727,0.04247447936930596,main,True,True,True,False
1.7786390791631839,87.02492801479515,0.1115116258349447,0.016961507846929666,0.6303215467235005,0.5611627867660474,0.1115116258349447,1.0,0.291030609346271,0.35532536469728004,0.6183893446778854,2.3082271148324534,9.287156269708656e+20,4.057620488610843e+21,2.553622069100557e+19,2.934357002474526e+17,-0.2510189435938207,4.440892098500626e-16,0,0.9940658764455822,5.011872336272714e+21,131072,power,p0,1.0,0.5,A1_balanced_q01_q99,R2,R2,1.0,1.0,2,65,0.1853031291817667,0.8096017249370842,0.005095145881149206,0.0,2.3356850029094436,1.7681156695957774,87.99120800651488,0.027457888076990233,0.04251452461887588,main,True,True,True,False
1.8729869223275255,92.74878669314423,0.1115116258349447,0.016961507846929666,0.6303215467235005,0.5611627867660474,0.1115116258349447,1.0,0.2859611564454999,0.3490463551621224,0.607531909254255,2.297369679408823,1.042303587228026e+21,4.5538938595050615e+21,2.721580517040439e+19,2.934357002474526e+17,-0.24687641210720407,8.881784197001252e-16,0,0.9943640717506389,5.623413251903491e+21,131072,power,p0,1.0,0.5,A1_balanced_q01_q99,R2,R2,1.0,1.0,2,65,0.1853507008177307,0.8098095685860534,0.004839730596216098,1.8646611106609735e-16,2.324370677050897,1.8624605931023226,93.72659948427622,0.027000997642073976,0.042552556925917376,main,True,True,True,False
1.972368773541485,98.84638335807038,0.1115116258349447,0.016961507846929666,0.6303215467235005,0.5611627867660474,0.1115116258349447,1.0,0.2809785876036585,0.34288095860022927,0.5968662957264954,2.2867040658810636,1.1697691194778123e+21,5.110799267606527e+21,2.900505771760353e+19,2.934357002474526e+17,-0.24278948428161162,2.6645352591003757e-15,0,0.9946473963731408,6.309573444801943e+21,131072,power,p0,1.0,0.5,A1_balanced_q01_q99,R2,R2,1.0,1.0,2,65,0.18539591142116124,0.8100070967264816,0.004596991852357144,0.0,2.313254562105305,1.9618396694895384,99.83583189624485,0.02655049622424155,0.042588676736091804,main,True,True,True,False
2.077053257320326,105.34208336378323,0.1115116258349447,0.016961507846929666,0.6303215467235005,0.5611627867660474,0.1115116258349447,1.0,0.2760815074681452,0.3368269453942914,0.5863890359704496,2.2762268061250177,1.3128067043019318e+21,5.735740011542094e+21,3.091112799737726e+19,2.934357002474526e+17,-0.23875830646632426,6.661338147750939e-16,0,0.9949165808067603,7.079457843841402e+21,131072,power,p0,1.0,0.5,A1_balanced_q01_q99,R2,R2,1.0,1.0,2,65,0.18543887586589347,0.8101948112498131,0.004366312884293481,1.4811529683903444e-16,2.3023331856991023,2.066521516233421,106.34327272363498,0.02610637957408457,0.04262297955467146,main,True,True,True,False
2.187323331017273,112.26184037888264,0.1115116258349447,0.016961507846929666,0.6303215467235005,0.5611627867660474,0.1115116258349447,1.0,0.2712685369213235,0.3308821406516739,0.5760967297513072,2.2659344999058755,1.4733176558620015e+21,6.437023059638143e+21,3.294163174264518e+19,2.934357002474526e+17,-0.234782949442788,1.3322676295501878e-15,0,0.9951723207381706,7.943282347242789e+21,131072,power,p0,1.0,0.5,A1_balanced_q01_q99,R2,R2,1.0,1.0,2,65,0.18547970366096933,0.8103731906083526,0.004147105730678152,1.320078972597485e-16,2.291603136289776,2.176789083975878,113.27487775457396,0.02566863638390071,0.04265555618256312,main,True,True,True,False
2.303477049640963,119.63329991392033,0.1115116258349447,0.016961507846929666,0.6303215467235005,0.5611627867660474,0.1115116258349447,1.0,0.26653831331313793,0.3250444222402733,0.5659860430669981,2.255823813221566,1.6534353643471779e+21,7.22396933585711e+21,3.510468113315472e+19,2.934357002474526e+17,-0.2308634143945492,2.220446049250313e-15,0,0.9954152786010282,8.912509381337441e+21,131072,power,p0,1.0,0.5,A1_balanced_q01_q99,R2,R2,1.0,1.0,2,65,0.18551849917930271,0.8105426908143188,0.003938810006378563,2.353043245476275e-16,2.2810610621001897,2.2929404213284417,120.65829461219883,0.025237248878623664,0.04268649294173032,main,True,True,True,False
2.425828371481964,127.48590959701171,0.1115116258349447,0.016961507846929666,0.6303215467235005,0.5611627867660474,0.1115116258349447,1.0,0.26188949065874295,0.31931171892108784,0.5560537065506401,2.245891476705208,1.8555536187876948e+21,8.107037464058024e+21,3.740891715428257e+19,2.934357002474526e+17,-0.22699963848932567,8.881784197001252e-16,0,0.9956460850706401,1e+22,131072,power,p0,1.0,0.5,A1_balanced_q01_q99,R2,R2,1.0,1.0,2,65,0.18555536187876948,0.8107037464058025,0.003740891715428257,2.097152e-16,2.2707036700715792,2.4152894804851677,128.5229730308513,0.024812193366371194,0.04271587189042413,main,True,True,True,False
2.554708006725285,135.85103663740207,0.1115116258349447,0.016961507846929666,0.6303215467235005,0.5611627867660474,0.1115116258349447,1.0,0.257320739803444,0.313682008572158,0.5462965139291313,2.2361342840836995,2.0823583861170066e+21,9.09796261283761e+21,3.986354406503842e+19,2.934357002474526e+17,-0.22319150009587962,1.3322676295501878e-15,0,0.995865340500884,1.1220184543019653e+22,131072,power,p0,1.0,0.5,A1_balanced_q01_q99,R2,R2,1.0,1.0,2,65,0.18559038651574514,0.8108567713797249,0.0035528421045301333,1.8690886874090576e-16,2.260527724834893,2.544166965822208,136.90028232024255,0.02439344075119365,0.042743771028627565,main,True,True,True,False
2.690464311343033,144.7620929454778,0.1115116258349447,0.016961507846929666,0.6303215467235005,0.5611627867660474,0.1115116258349447,1.0,0.25283074855709453,0.3081533164988813,0.5367113205351558,2.226549090689724,2.3368634682307864e+21,1.020991228359819e+22,4.24783661127431e+19,2.934357002474526e+17,-0.2194388236572422,1.7763568394002505e-15,0,0.9960736163044354,1.2589254117941714e+22,131072,power,p0,1.0,0.5,A1_balanced_q01_q99,R2,R2,1.0,1.0,2,65,0.18562366335114164,0.8110021600920281,0.0033741765568306853,3.331654092216982e-16,2.2505300477001473,2.679921227777952,145.82363648608774,0.023980957010423243,0.04277026449409911,main,True,True,True,False
2.8334642286831113,154.25466840830254,0.1115116258349447,0.016961507846929666,0.6303215467235005,0.5611627867660474,0.1115116258349447,1.0,0.2484182218000177,0.30272371382592367,0.5272950418700129,2.2171328120245812,2.6224505102538003e+21,1.145766110933287e+22,4.526382664082886e+19,2.934357002474526e+17,-0.21574138424073744,2.220446049250313e-16,0,0.996271456277795,1.4125375446227496e+22,131072,power,p0,1.0,0.5,A1_balanced_q01_q99,R2,R2,1.0,1.0,2,65,0.18565527834902154,0.8111402881254317,0.0032044335255469333,1.4846699176127685e-16,2.2407075156634906,2.8229192044295894,155.3286275062873,0.023574703638909345,0.04279542274940133,main,True,True,True,False
2.9840942812992437,164.36667285226534,0.1115116258349447,0.016961507846929666,0.6303215467235005,0.5611627867660474,0.1115116258349447,1.0,0.24408188156240007,0.2973913159662194,0.5180446522148194,2.2078824223693876,2.9429138909677717e+21,1.2857786983897593e+22,4.8231049745748435e+19,2.934357002474526e+17,-0.21209891178419887,1.9984014443252818e-15,0,0.9964593778725055,1.584893192461111e+22,131072,power,p0,1.0,0.5,A1_balanced_q01_q99,R2,R2,1.0,1.0,2,65,0.18568531336789013,0.8112715131252032,0.003043173506906958,2.646426913782657e-16,2.23105706043166,2.973547413311404,165.4531672942389,0.02317463806227238,0.04281931276028151,main,True,True,True,False
3.1427616157027045,175.13848725908954,0.1115116258349447,0.016961507846929666,0.6303215467235005,0.5611627867660474,0.1115116258349447,1.0,0.2398204670790281,0.2921542811627872,0.5089571832877863,2.1987949534423543,3.302511091140623e+21,1.4428891124599456e+22,5.13918846491505e+19,2.934357002474526e+17,-0.20851109505675547,2.4424906541753444e-15,0,0.9966378734141406,1.7782794100389228e+22,131072,power,p0,1.0,0.5,A1_balanced_q01_q99,R2,R2,1.0,1.0,2,65,0.18571384634478438,0.8113961756034525,0.0028899780517632847,1.179315234805591e-16,2.221575667463533,3.132212996155351,176.23763891551494,0.02278071402117865,0.04284199816576544,main,True,True,True,False
3.3098951028602492,186.61312483834615,0.1115116258349447,0.016961507846929666,0.6303215467235005,0.5611627867660474,0.1115116258349447,1.0,0.23563273482110608,0.2870108090993252,0.5000297229453724,2.1898674930999404,3.7060192081913415e+21,1.6191844988535186e+22,5.475895296230539e+19,2.934357002474526e+17,-0.20497758535157287,2.886579864025407e-15,0,0.9968074112704606,1.995262314968883e+22,131072,power,p0,1.0,0.5,A1_balanced_q01_q99,R2,R2,1.0,1.0,2,65,0.18574095147229494,0.8115145997125549,0.002744448815150372,2.1021316187517993e-16,2.212260375028464,3.299344819378219,187.7250576610564,0.02239288192852351,0.04286353944031281,main,True,True,True,False
3.485946497412467,198.83640259893562,0.1115116258349447,0.016961507846929666,0.6303215467235005,0.5611627867660474,0.1115116258349447,1.0,0.23151745850683275,0.2819591395757681,0.49125941392526623,2.1810971840798343,4.1587983671871285e+21,1.8170067319465043e+22,5.834569903130308e+19,2.934357002474526e+17,-0.20149799992700276,2.220446049250313e-15,0,0.996968436970362,2.238721138568347e+22,131072,power,p0,1.0,0.5,A1_balanced_q01_q99,R2,R2,1.0,1.0,2,65,0.18576669936867005,0.811627093988344,0.002606206642986134,1.873526777293147e-16,2.2031082732811185,3.475394633289507,199.9612426193505,0.02201108920128414,0.04288399404837259,main,True,True,True,False
3.6713916587458066,211.85712410388797,0.1115116258349447,0.016961507846929666,0.6303215467235005,0.5611627867660474,0.1115116258349447,1.0,0.22747342909230858,0.2769975512451929,0.4826434526292447,2.172481222783813,4.666862869685337e+21,2.038983500184655e+22,6.2166443563835834e+19,2.934357002474526e+17,-0.19807192521168338,1.3322676295501878e-15,0,0.9971213742752014,2.511886431509572e+22,131072,power,p0,1.0,0.5,A1_balanced_q01_q99,R2,R2,1.0,1.0,2,65,0.18579115724116102,0.8117339520637818,0.0024748906950572435,1.6697824978812212e-16,2.1941165033525207,3.6608382931534926,212.9949994319252,0.02163528056870767,0.0429034165916629,main,True,True,True,False
3.8667318372190977,225.727274137418,0.1115116258349447,0.016961507846929666,0.6303215467235005,0.5611627867660474,0.1115116258349447,1.0,0.2234994547442525,0.27212436040867194,0.4741790879440674,2.1640168580986354,5.236961024615023e+21,2.288063184727801e+22,6.623644075146195e+19,2.934357002474526e+17,-0.19469891978826867,0.0,0,0.9972666262039884,2.8183829312644493e+22,131072,power,p0,1.0,0.5,A1_balanced_q01_q99,R2,R2,1.0,1.0,2,65,0.18581438904277975,0.8118354533538408,0.0023501576033795163,0.0,2.1852822564570134,3.8561770454062554,226.87831496109948,0.02126539835837793,0.042921858949493505,main,True,True,True,False
4.072495029020383,240.50222606071412,0.1115116258349447,0.016961507846929666,0.6303215467235005,0.5611627867660474,0.1115116258349447,1.0,0.2195943607959448,0.2673379198648501,0.46586362009868,2.155701390253248,5.876664720603568e+21,2.567553994196503e+22,7.057193911519679e+19,2.934357002474526e+17,-0.1913785171696421,5.3512749786932545e-14,0,0.9974045760141705,3.1622776601683792e+22,131072,power,p0,1.0,0.5,A1_balanced_q01_q99,R2,R2,1.0,1.0,2,65,0.18583645562264314,0.8119318637123695,0.0022316806649874984,0.0,2.176602773014876,4.061938882503539,241.6665646464599,0.020901382761628007,0.042939370412433585,main,True,True,True,False
4.289237403318276,256.2409626834435,0.1115116258349447,0.016961507846929666,0.6303215467235005,0.5611627867660474,0.1115116258349447,1.0,0.21575698968767615,0.26263661781123976,0.4576943995560735,2.1475321697106415,6.594469928424651e+21,2.881167874861586e+22,7.519024631709762e+19,2.934357002474526e+17,-0.18811022838067423,1.1213252548714081e-13,0,0.9975355881390964,3.5481338923357603e+22,131072,power,p0,1.0,0.5,A1_balanced_q01_q99,R2,R2,1.0,1.0,2,65,0.1858574148700873,0.8120234360617361,0.0021191490681767753,2.364230960426841e-16,2.1680753417903036,4.278679970062403,257.4187333771193,0.020543172079662053,0.04295599780961832,main,True,True,True,False
4.5175448055617,273.00631153213965,0.1115116258349447,0.016961507846929666,0.6303215467235005,0.5611627867660474,0.1115116258349447,1.0,0.21198620089301679,0.25801887679430907,0.44966882593825996,2.1395065960928283,7.39990946728546e+21,3.2330697789867993e+22,8.01097981964076e+19,2.934357002474526e+17,-0.18489354435783717,1.5698553568199713e-13,0,0.997660009084582,3.981071705534985e+22,131072,power,p0,1.0,0.5,A1_balanced_q01_q99,R2,R2,1.0,1.0,2,65,0.18587732185273573,0.8121104109960592,0.0020122671512052626,2.107123061445265e-16,2.1596972990444883,4.506986150153444,274.19765076075083,0.020190702951659922,0.04297178562997854,main,True,True,True,False
4.7580343409976384,290.8651954535113,0.1115116258349447,0.016961507846929666,0.6303215467235005,0.5611627867660474,0.1115116258349447,1.0,0.20828087083196367,0.25348315270577404,0.44178434698289815,2.131622117137466,8.303679531412782e+21,3.6279329451377875e+22,8.535023230551327e+19,2.934357002474526e+17,-0.18172793817827404,1.6564527527407336e-13,0,0.9977781682846385,4.466835921509617e+22,131072,power,p0,1.0,0.5,A1_balanced_q01_q99,R2,R2,1.0,1.0,2,65,0.185896228948711,0.8121930173588483,0.0019107536924407155,0.0,2.1514660277035444,4.747474524807376,292.07024172778125,0.01984391056607837,0.04298677613766441,main,True,True,True,False
5.011356042668956,309.8888995533502,0.1115116258349447,0.016961507846929666,0.6303215467235005,0.5611627867660474,0.1115116258349447,1.0,0.20463989277234598,0.24902793382226482,0.43403845753018305,2.123876227684751,9.317781655996287e+21,4.071000924049151e+22,9.093246623934982e+19,2.934357002474526e+17,-0.17861286712923313,1.3100631690576847e-13,0,0.9978903789217932,5.011872336272714e+22,131072,power,p0,1.0,0.5,A1_balanced_q01_q99,R2,R2,1.0,1.0,2,65,0.18591418597317744,0.8122714727958771,0.001814341230945549,0.0,2.143378956540998,5.000795124016019,311.10779347032894,0.019502728856247042,0.04300100948192619,main,False,True,True,False
5.278194628441529,330.1533555332532,0.1115116258349447,0.016961507846929666,0.6303215467235005,0.5611627867660474,0.1115116258349447,1.0,0.20106217671989768,0.24465173988660135,0.42642869853870213,2.1162664686932704,1.0455682006425381e+22,4.5681571731539585e+22,9.687878106994634e+19,2.934357002474526e+17,-0.17554777462815088,1.0480505352461478e-13,0,0.9979969387046959,5.623413251903491e+22,131072,power,p0,1.0,0.5,A1_balanced_q01_q99,R2,R2,1.0,1.0,2,65,0.18593124029940708,0.8123459842841295,0.0017227754164635413,1.4917288885287788e-16,2.1354335593746137,5.267632662736013,331.38623978058723,0.019167090681343257,0.043014523801700955,main,False,True,True,False
5.559271351756757,351.73944456254543,0.1115116258349447,0.016961507846929666,0.6303215467235005,0.5611627867660474,0.1115116258349447,1.0,0.19754664929878274,0.2403531212275897,0.41895265612901106,2.108790426283579,1.1732490104636357e+22,5.1260031433163214e+22,1.0321291021986056e+20,2.934357002474526e+17,-0.1725320920030247,8.881784197001252e-14,0,0.9980981306159937,6.309573444801943e+22,131072,power,p0,1.0,0.5,A1_balanced_q01_q99,R2,R2,1.0,1.0,2,65,0.18594743697455507,0.8124167486376294,0.0016358143878155683,0.0,2.1276273542772772,5.548708391644637,352.98646392280244,0.018836927993698183,0.04302735532515105,main,False,True,True,False
5.855345951151102,374.733319891046,0.1115116258349447,0.016961507846929666,0.6303215467235005,0.5611627867660474,0.1115116258349447,1.0,0.1940922536228684,0.23613065791683366,0.41160796065377164,2.1014457308083396,1.3165159364312682e+22,5.7519458939973054e+22,1.0996013412828175e+20,2.934357002474526e+17,-0.16956524014216767,7.238654120556021e-14,0,0.998194223623283,7.079457843841402e+22,131072,power,p0,1.0,0.5,A1_balanced_q01_q99,R2,R2,1.0,1.0,2,65,0.18596281883033436,0.8124839529909861,0.0015532281786795133,0.0,2.1199579028017115,5.8447820466501925,375.99462124686295,0.01851217199337185,0.0430395384643817,main,False,True,True,False
6.167218703797089,399.226750490383,0.1115116258349447,0.016961507846929666,0.6303215467235005,0.5611627867660474,0.1115116258349447,1.0,0.19069794915883337,0.23198295896031615,0.4043922857933431,2.0942300559479112,1.4772712096082543e+22,6.454296399525769e+22,1.1714738108766057e+20,2.934357002474526e+17,-0.16664663102186816,5.928590951498336e-14,0,0.998285473357861,7.94328234724279e+22,131072,power,p0,1.0,0.5,A1_balanced_q01_q99,R2,R2,1.0,1.0,2,65,0.1859774265887745,0.8125477752614616,0.001474798149763918,0.0,2.1124228092187716,6.156653902426263,400.50248283030203,0.01819275327086034,0.04305110590556524,main,False,True,True,False
6.495732588618224,425.31748709442576,0.1115116258349447,0.016961507846929666,0.6303215467235005,0.5611627867660474,0.1115116258349447,1.0,0.18736271158187445,0.22790866152289602,0.3973033476757835,2.0871411178303516,1.6576491968570832e+22,7.2423798510150545e+22,1.248033346530397e+20,2.934357002474526e+17,-0.16377566911996527,4.75175454539567e-14,0,0.9983721227621958,8.91250938133744e+22,131072,power,p0,1.0,0.5,A1_balanced_q01_q99,R2,R2,1.0,1.0,2,65,0.18599129896324787,0.8126083845903609,0.001400316446391345,1.8824345963810202e-16,2.1050197197690816,6.48516693552068,426.60780151938195,0.017878601938730032,0.0430620886946795,main,False,True,True,False
6.841775564825111,453.10965209876315,0.1115116258349447,0.016961507846929666,0.6303215467235005,0.5611627867660474,0.1115116258349447,1.0,0.18408553262474572,0.22390643018395928,0.39033890402027843,2.0801766741748464,1.8600447275494348e+22,8.126659417645318e+22,1.329585480524802e+20,2.934357002474526e+17,-0.16095175272286014,3.907985046680551e-14,0,0.9984544027072693,1e+23,131072,power,p0,1.0,0.5,A1_balanced_q01_q99,R2,R2,1.0,1.0,2,65,0.1860044727549435,0.8126659417645319,0.0013295854805248021,1.6777216000000002e-16,2.0977463219277874,6.8312091028856194,454.41470182923723,0.01756964775294101,0.04307251631907158,main,False,True,True,False
7.206282972031634,482.7141548744516,0.1115116258349447,0.016961507846929666,0.6303215467235005,0.5611627867660474,0.1115116258349447,1.0,0.1808654199208256,0.2199749562225451,0.3834967533030559,2.073334523457624,2.087144876778241e+22,9.118875109635919e+22,1.41645566054942e+20,2.934357002474526e+17,-0.15817427513301702,3.175237850427948e-14,0,0.9985325325811196,1.1220184543019653e+23,131072,power,p0,1.0,0.5,A1_balanced_q01_q99,R2,R2,1.0,1.0,2,65,0.1860169829449645,0.8127205996187461,0.0012624174362895228,1.495270949927246e-16,2.0906003436821834,7.195715741988195,484.03409525827067,0.01726582022455947,0.043082416785033245,main,False,True,True,False
7.5902400584382965,514.2491341525433,0.1115116258349447,0.016961507846929666,0.6303215467235005,0.5611627867660474,0.1115116258349447,1.0,0.17770139684185965,0.21611295693037952,0.37677473394490657,2.0666125040994747,2.3419646268371066e+22,1.023219958562644e+23,1.5089905478169775e+20,2.934357002474526e+17,-0.155442625783572,2.6201263381153694e-14,0,0.9986067208498035,1.2589254117941714e+23,131072,power,p0,1.0,0.5,A1_balanced_q01_q99,R2,R2,1.0,1.0,2,65,0.18602886278222233,0.8127725034197147,0.0011986337980630824,1.3326616368867927e-16,2.0835795528219982,7.57967209898825,515.584122673336,0.016967048722523526,0.04309181669158712,main,False,True,True,False
7.994684643916093,547.8404292439359,0.1115116258349447,0.016961507846929666,0.6303215467235005,0.5611627867660474,0.1115116258349447,1.0,0.17459250233098553,0.2123191749513352,0.3701707235194742,2.0600084936740424,2.627886880195737e+22,1.1481412972033856e+23,1.6075593997905933e+20,2.934357002474526e+17,-0.15275619126625584,1.865174681370263e-14,0,0.9986771655919959,1.4125375446227497e+23,131072,power,p0,1.0,0.5,A1_balanced_q01_q99,R2,R2,1.0,1.0,2,65,0.1860401438672962,0.812821791232475,0.0011380649002288492,1.1877359340902148e-16,2.0766817562421145,7.984115991817476,549.1906255301966,0.01667326256807211,0.04310074130065164,main,False,True,True,False
8.420709925190426,583.6220819740015,0.1115116258349447,0.016961507846929666,0.6303215467235005,0.5611627867660474,0.1115116258349447,1.0,0.17153779073159067,0.20859237764593325,0.36368263798151645,2.0535204081360847,2.948707354943265e+22,1.2883099014237454e+23,1.7125555430391733e+20,2.934357002474526e+17,-0.15011435627844524,2.0650148258027912e-14,0,0.9987440550082174,1.584893192461111e+23,131072,power,p0,1.0,0.5,A1_balanced_q01_q99,R2,R2,1.0,1.0,2,65,0.18605085623242204,0.8128685942698674,0.0010805494977108338,2.1171415310261256e-16,2.0699047992574977,8.410140615357834,584.9876478088235,0.01638439112141299,0.043109214603764136,main,False,True,True,False
8.86946743070486,621.736871334135,0.1115116258349447,0.016961507846929666,0.6303215467235005,0.5611627867660474,0.1115116258349447,1.0,0.16853633161254605,0.20493135647956687,0.35730843091439496,2.047146201068963,3.308684958459869e+22,1.4455865162508399e+23,1.8243979420959225e+20,2.934357002474526e+17,-0.14751650449479603,1.709743457922741e-14,0,0.9988075679060708,1.7782794100389228e+23,131072,power,p0,1.0,0.5,A1_balanced_q01_q99,R2,R2,1.0,1.0,2,65,0.18606102841776978,0.8129130372257974,0.0010259343564327668,0.0,2.063246564930136,8.858897496301363,623.117970665513,0.016100363861172973,0.043117259385520655,main,False,False,True,False
9.342170133154664,662.3368829826301,0.1115116258349447,0.016961507846929666,0.6303215467235005,0.5611627867660474,0.1115116258349447,1.0,0.16558720959027937,0.2013349264332283,0.3510460927960703,2.0408838629506385,3.712598307772249e+22,1.622058951321081e+23,1.9435328705772313e+20,2.934357002474526e+17,-0.14496201936855851,1.1546319456101628e-14,0,0.9988678741622152,1.9952623149688827e+23,131072,power,p0,1.0,0.5,A1_balanced_q01_q99,R2,R2,1.0,1.0,2,65,0.18607068754416628,0.8129552385929656,0.0009740738628682725,1.6817052950014394e-16,2.0567049734077623,9.331599605678624,663.7336819344183,0.015821110457123755,0.04312489728389452,main,False,False,True,False
9.840095728100438,705.5841158665363,0.1115116258349447,0.016961507846929666,0.6303215467235005,0.5611627867660474,0.1115116258349447,1.0,0.16268952414816015,0.19780192543556857,0.344893650282936,2.034731420437504,4.165809146612297e+22,1.8200697882158902e+23,2.070435691227768e+20,2.934357002474526e+17,-0.14245028486736072,1.1102230246251565e-14,0,0.9989251351624104,2.238721138568347e+23,131072,power,p0,1.0,0.5,A1_balanced_q01_q99,R2,R2,1.0,1.0,2,65,0.18607985938241128,0.8129953109657138,0.0009248296518751787,2.997642843669035e-16,2.0502779812741663,9.829524637468356,706.9967827499928,0.01554656083666206,0.0431321488475754,main,False,False,True,False
10.364590087525624,751.6511283839864,0.1115116258349447,0.016961507846929666,0.6303215467235005,0.5611627867660474,0.1115116258349447,1.0,0.15984238945360424,0.19433121381520982,0.338849165510846,2.028686935665414,4.6743335007156695e+22,2.0422474686860138e+23,2.2056127519914295e+20,2.934357002474526e+17,-0.13998068614793177,1.199040866595169e-14,0,0.9989795042203964,2.5118864315095718e+23,131072,power,p0,1.0,0.5,A1_balanced_q01_q99,R2,R2,1.0,1.0,2,65,0.1860885684193345,0.8130333613286336,0.0008780702520320234,1.335825998304977e-16,2.043963580910887,10.354018462150979,753.0798337099087,0.01527664524547312,0.04313903359048056,main,False,False,True,False
10.917070897671715,800.7217266643995,0.1115116258349447,0.016961507846929666,0.6303215467235005,0.5611627867660474,0.1115116258349447,1.0,0.15704493417329315,0.19092167377227612,0.33291073541272576,2.022748505567294,5.2449215155808175e+22,2.2915411763006962e+23,2.3496034056711743e+20,2.934357002474526e+17,-0.13755261017395484,3.1086244689504383e-15,0,0.9990311269767118,2.818382931264449e+23,131072,power,p0,1.0,0.5,A1_balanced_q01_q99,R2,R2,1.0,1.0,2,65,0.18609683792073342,0.8130694913315456,0.0008336707477209422,0.0,2.0377597998700856,10.906498764539926,802.1666431558506,0.0150112943027918,0.043145570043568934,main,False,False,True,False
11.49903149098481,852.9916977117183,0.1115116258349447,0.016961507846929666,0.6303215467235005,0.5611627867660474,0.1115116258349447,1.0,0.15429630128686647,0.18757220886818946,0.32707649105219766,2.016914261206766,5.885147036121387e+22,2.571259974395008e+23,2.502982161233015e+20,2.934357002474526e+17,-0.13516544628097146,4.6629367034256575e-15,0,0.9990801417782147,3.162277660168379e+23,131072,power,p0,1.0,0.5,A1_balanced_q01_q99,R2,R2,1.0,1.0,2,65,0.18610468999132812,0.8131037975514452,0.0007915124572267132,2.12216861426478e-16,2.031664700258406,11.48845887572432,854.4530003173476,0.014750439051640196,0.04315177580408797,main,False,False,True,False
12.112044882529808,908.6695903351313,0.1115116258349447,0.016961507846929666,0.6303215467235005,0.5611627867660474,0.1115116258349447,1.0,0.151595647899427,0.18428174353280627,0.3213445969726605,2.011182367127229,6.6035081169174505e+22,2.88511671966868e+23,2.6663609753355515e+20,2.934357002474526e+17,-0.132818586691999,5.995204332975845e-15,0,0.9991266800393892,3.5481338923357603e+23,131072,power,p0,1.0,0.5,A1_balanced_q01_q99,R2,R2,1.0,1.0,2,65,0.18611214563186387,0.8131363717419886,0.0007514826261475348,0.0,2.025676378131633,12.101471809479964,910.1474562430479,0.014494011004404062,0.04315766758238249,main,False,False,True,False
12.757768021784607,967.9775469818909,0.1115116258349447,0.016961507846929666,0.6303215467235005,0.5611627867660474,0.1115116258349447,1.0,0.14894214505315825,0.18104922258805833,0.31571325056130983,2.005551020715878,7.409539796814644e+22,3.237277334160297e+23,2.8403916932244262e+20,2.934357002474526e+17,-0.1305114269872929,2.220446049250313e-15,0,0.9991708665860322,3.9810717055349855e+23,131072,power,p0,1.0,0.5,A1_balanced_q01_q99,R2,R2,1.0,1.0,2,65,0.18611922479348894,0.8131673010710728,0.0007134741354382935,0.0,2.0197929628999454,12.74719451406009,969.472155634111,0.01424194218406738,0.04316326124637728,main,False,False,True,False
13.437946271304792,1031.1521897902664,0.1115116258349447,0.016961507846929666,0.6303215467235005,0.5611627867660474,0.1115116258349447,1.0,0.14633497753834956,0.17787361078728106,0.31018068142760036,2.0000184515821684,8.31394063436393e+22,3.632416089424497e+23,3.02576864872801e+20,2.934357002474526e+17,-0.12824336653145849,1.1102230246251565e-15,0,0.9992128199823167,4.466835921509616e+23,131072,power,p0,1.0,0.5,A1_balanced_q01_q99,R2,R2,1.0,1.0,2,65,0.18612594642952862,0.8131966683470392,0.0006773852234324779,3.004760648442167e-16,2.0140126167436008,13.427372350856762,1032.6637228977258,0.01399416516143237,0.04316857186385358,main,False,False,True,False
14.154418124365353,1098.4455643967551,0.1115116258349447,0.016961507846929666,0.6303215467235005,0.5611627867660474,0.1115116258349447,1.0,0.1437733437040878,0.17475389236947522,0.30474515079567716,1.9945829209502453,9.328714683195697e+22,4.075777636519421e+23,3.2232314337247016e+20,2.934357002474526e+17,-0.12601380886090735,2.4424906541753444e-15,0,0.9992526528419496,5.011872336272715e+23,131072,power,p0,1.0,0.5,A1_balanced_q01_q99,R2,R2,1.0,1.0,2,65,0.18613232854477255,0.8132245522340141,0.0006431192212134019,0.0,2.008333534038845,14.143843812039544,1099.97420595488,0.013750613088599817,0.0431736137426176,main,False,False,True,False
14.909120174330194,1170.1261452619929,0.1115116258349447,0.016961507846929666,0.6303215467235005,0.5611627867660474,0.1115116258349447,1.0,0.14125645526886166,0.17168907062779243,0.2994049509103303,1.9892427210648984,1.0467330791302081e+23,4.573246604925155e+23,3.433567848128053e+20,2.934357002474526e+17,-0.12382216203446021,2.6645352591003757e-15,0,0.9992904721241658,5.623413251903491e+23,131072,power,p0,1.0,0.5,A1_balanced_q01_q99,R2,R2,1.0,1.0,2,65,0.18613838824238915,0.8132510274568812,0.0006105843007297769,0.0,2.002753940793888,14.898545489922668,1171.6720815667693,0.013511219728989499,0.04317840046867675,main,False,False,True,False
15.704092349183693,1246.4799065252291,0.1115116258349447,0.016961507846929666,0.6303215467235005,0.5611627867660474,0.1115116258349447,1.0,0.13878353713129463,0.16867816749157286,0.29415840445604,1.983996174610608,1.1744901338084432e+23,5.131425693951343e+23,3.657617042156099e+20,2.934357002474526e+17,-0.12166783894971032,1.1102230246251565e-15,0,0.999326379415189,6.309573444801942e+23,131072,power,p0,1.0,0.5,A1_balanced_q01_q99,R2,R2,1.0,1.0,2,65,0.1861441417685741,0.8132761649963516,0.0005796932350742945,0.0,1.9972720940947544,15.693517311492913,1248.0433261898884,0.013275919484146304,0.04318294494250788,main,False,False,True,False
16.541483425369734,1327.811462658745,0.1115116258349447,0.016961507846929666,0.6303215467235005,0.5611627867660474,0.1115116258349447,1.0,0.13635382718122385,0.16572022312129792,0.2890038639887076,1.9788416341432757,1.3178382780951344e+23,5.757723292882849e+23,3.8962728634186315e+20,2.934357002474526e+17,-0.11955025762759205,2.220446049250313e-15,0,0.9993604711960127,7.079457843841402e+23,131072,power,p0,1.0,0.5,A1_balanced_q01_q99,R2,R2,1.0,1.0,2,65,0.18614960455503735,0.8133000322745952,0.0005503631703673604,0.0,1.991886281560846,16.530908052246843,1329.3925566309167,0.013044647417570276,0.043187259413519336,main,False,False,True,False
17.42355683584418,1414.4452834717306,0.1115116258349447,0.016961507846929666,0.6303215467235005,0.5611627867660474,0.1115116258349447,1.0,0.133966576111305,0.1628142955158684,0.2839397113796824,1.9737774815342506,1.4786800672656858e+23,6.460451792554932e+23,4.1504874221723386e+20,2.934357002474526e+17,-0.11746884146743647,4.440892098500626e-16,0,0.9993928390970068,7.94328234724279e+23,131072,power,p0,1.0,0.5,A1_balanced_q01_q99,R2,R2,1.0,1.0,2,65,0.18615479125942863,0.8133226933318609,0.000522515408710484,0.0,1.9865948208100397,17.412981144240508,1416.0442450511446,0.012817339275789097,0.043191355512795744,main,False,False,True,False
18.352696788039818,1506.7269883098713,0.1115116258349447,0.016961507846929666,0.6303215467235005,0.5611627867660474,0.1115116258349447,1.0,0.13162104722931706,0.1599594601316456,0.2789643572717127,1.9688021274262808,1.6591502135284492e+23,7.24893789292003e+23,4.4212748889644243e+20,2.934357002474526e+17,-0.11542301947464381,4.440892098500626e-15,0,0.9994235701400007,8.912509381337441e+23,131072,power,p0,1.0,0.5,A1_balanced_q01_q99,R2,R2,1.0,1.0,2,65,0.18615971580379662,0.8133442089945077,0.0004960752016959956,1.505947677104816e-16,1.9813960589331554,18.34212079405191,1508.3440131665914,0.0125939315068746,0.04319524428420085,main,False,False,True,False
19.331414708277908,1605.0247246127672,0.1115116258349447,0.016961507846929666,0.6303215467235005,0.5611627867660474,0.1115116258349447,1.0,0.12931651627133137,0.15715480951272467,0.2740762405464688,1.9639140107010369,1.8616439141117367e+23,8.133646370348452e+23,4.709715539812221e+20,2.934357002474526e+17,-0.11341222646296359,3.1086244689504383e-15,0,0.9994527469685139,1e+24,131072,power,p0,1.0,0.5,A1_balanced_q01_q99,R2,R2,1.0,1.0,2,65,0.18616439141117366,0.8133646370348453,0.0004709715539812221,2.6843545600000003e-16,1.976288371977635,19.320838427190775,1606.6600108059013,0.012374361276598078,0.04319893621393523,main,False,False,True,False
0.1135300535344016,2.5931779301185536,0.1115116258349447,0.016961507846929666,0.6303215467235005,0.5611627867660474,0.1115116258349447,1.0,0.7416746365717604,0.9499249895572672,1.6184072341981663,3.3082450043527345,1.7664217753835287e+18,7.717614498102329e+18,5.1596372651414285e+17,1.9896965824113514e+17,-0.5538891080140158,4.085620730620576e-14,0,0.9384592202605293,1e+19,131072,logarithmic,p0,1.0,0.5,A1_balanced_q01_q99,R2,R2,1.0,1.0,2,65,0.17664217753835287,0.771761449810233,0.051596372651414285,2.048e-16,3.3671545656487156,0.10675396678331038,2.907809368734617,0.05890956129598113,0.03512130889897028,main,True,False,True,False
0.11924447124761615,2.7770268012074504,0.1115116258349447,0.016961507846929666,0.6303215467235005,0.5611627867660474,0.1115116258349447,1.0,0.7293943906461369,0.9318867578522182,1.5894005811051768,3.279238351259745,1.9868705553026476e+18,8.680769914154288e+18,5.525440735627191e+17,1.9896965824113514e+17,-0.5493205953135719,3.064215547965432e-14,0,0.9413351719176863,1.1220184543019653e+19,131072,logarithmic,p0,1.0,0.5,A1_balanced_q01_q99,R2,R2,1.0,1.0,2,65,0.17708002463637976,0.773674432971319,0.04924554239230139,0.0,3.3377703586261287,0.11245025408135441,3.0973444990076464,0.05853200736638353,0.035518447645162335,main,True,False,True,False
0.1252620996057199,2.9732217060568353,0.1115116258349447,0.016961507846929666,0.6303215467235005,0.5611627867660474,0.1115116258349447,1.0,0.7172871372133729,0.9142502882578815,1.5609438140454668,3.250781584200035,2.234591960963879e+18,9.763081250248583e+18,5.915809067292532e+17,1.9896965824113514e+17,-0.5445222320452595,2.7200464103316335e-14,0,0.9440867258972645,1.2589254117941713e+19,131072,logarithmic,p0,1.0,0.5,A1_balanced_q01_q99,R2,R2,1.0,1.0,2,65,0.17749994876815028,0.7755091094979664,0.0469909417338836,1.6267842247153233e-16,3.3089009211596965,0.11845048970056714,3.2992337973337293,0.05811933695966154,0.03589689316539664,main,True,False,True,False
0.1315991796430764,3.1825676486570833,0.1115116258349447,0.016961507846929666,0.6303215467235005,0.5611627867660474,0.1115116258349447,1.0,0.7053521053495998,0.8970035996997554,1.5330247327760862,3.2228625029306546,2.512939750331201e+18,1.0979201298513705e+19,6.332343973825929e+17,1.9896965824113514e+17,-0.5395153475299989,1.970645868709653e-14,0,0.94671840660529,1.4125375446227497e+19,131072,logarithmic,p0,1.0,0.5,A1_balanced_q01_q99,R2,R2,1.0,1.0,2,65,0.17790251026583076,0.7772679275187656,0.04482956221540381,1.4498729664187191e-16,3.2805372352182123,0.12477089202620566,3.5142825258722565,0.057674732287557706,0.03625746632488517,main,True,False,True,False
0.1382728177207423,3.4059220114357704,0.1115116258349447,0.016961507846929666,0.6303215467235005,0.5611627867660474,0.1115116258349447,1.0,0.6935884390404452,0.880135174749762,1.5056314992305897,3.195469269385158,2.8256786007499336e+18,1.2345578185249841e+19,6.776751386113348e+17,1.9896965824113514e+17,-0.5343200665723651,1.2490009027033011e-14,0,0.9492346451004527,1.5848931924611109e+19,131072,logarithmic,p0,1.0,0.5,A1_balanced_q01_q99,R2,R2,1.0,1.0,2,65,0.1782882666283689,0.7789533227837856,0.04275841058784554,0.0,3.2526704407535583,0.13142854484071165,3.743348434909896,0.057201171368400416,0.03660095699591244,main,True,False,True,False
0.14530103164296088,3.644197982853395,0.1115116258349447,0.016961507846929666,0.6303215467235005,0.5611627867660474,0.1115116258349447,1.0,0.68199520081974,0.86363394134294,1.4787526235080803,3.1685903936626483,3.1770343585187717e+18,1.3880674914659082e+19,7.25084827211374e+17,1.9896965824113514e+17,-0.5289553578935134,9.159339953157541e-15,0,0.9516397749755503,1.7782794100389229e+19,131072,logarithmic,p0,1.0,0.5,A1_balanced_q01_q99,R2,R2,1.0,1.0,2,65,0.17865777113447168,0.7805677126045824,0.04077451626094593,0.0,3.225291832933076,0.13844144350045112,3.98734518411108,0.05670143927042792,0.03692812481007905,main,True,False,True,False
0.1527027992426231,3.898368208033314,0.1115116258349447,0.016961507846929666,0.6303215467235005,0.5611627867660474,0.1115116258349447,1.0,0.670571375512857,0.847489254970994,1.4523769504185842,3.1422147205731523,3.5717504270708127e+18,1.560521573256752e+19,7.75656990050495e+17,1.9896965824113514e+17,-0.5234390819592648,9.325873406851315e-15,0,0.9539380288383574,1.9952623149688828e+19,131072,logarithmic,p0,1.0,0.5,A1_balanced_q01_q99,R2,R2,1.0,1.0,2,65,0.17901157157506462,0.782113490316229,0.03887493810870636,0.0,3.198392859420405,0.14582854357641556,4.247245986770267,0.05617813884725287,0.037239699926764416,main,True,False,True,False
0.16049810956707614,4.169468676909428,0.1115116258349447,0.016961507846929666,0.6303215467235005,0.5611627867660474,0.1115116258349447,1.0,0.6593158740581407,0.8316908813637196,1.4264936465698992,3.116331416724467,4.015151043258608e+18,1.7542462584733078e+19,8.295977576917869e+17,1.9896965824113514e+17,-0.5177880380936788,8.604228440844963e-15,0,0.9561335353672882,2.238721138568347e+19,131072,logarithmic,p0,1.0,0.5,A1_balanced_q01_q99,R2,R2,1.0,1.0,2,65,0.17935020910314364,0.7835930202522415,0.037056770644615045,1.8296159934503391e-16,3.1719651177039667,0.1536098120903319,4.524087491601919,0.0556337009794996,0.037536383814444886,main,True,False,True,False
0.16870801680265252,4.4586028653284195,0.1115116258349447,0.016961507846929666,0.6303215467235005,0.5611627867660474,0.1115116258349447,1.0,0.6482275373814,0.8162289796674511,1.401092187980734,3.0909299581353022,4.51321228272109e+18,1.971852534402729e+19,8.871266883473414e+17,1.9896965824113514e+17,-0.5120180107772462,5.6066262743570405e-15,0,0.9582303169148467,2.511886431509572e+19,131072,logarithmic,p0,1.0,0.5,A1_balanced_q01_q99,R2,R2,1.0,1.0,2,65,0.17967421719813895,0.7850086332198156,0.03531714958204554,1.63064697058713e-16,3.1460003524722477,0.1618062814846842,4.818973917550937,0.055070394336945494,0.037818850041657644,main,True,False,True,False
0.17735469708369161,4.7669461455571795,0.1115116258349447,0.016961507846929666,0.6303215467235005,0.5611627867660474,0.1115116258349447,1.0,0.6373051403000225,0.8010940861278228,1.376162348204674,3.0660001183592422,5.072641737957389e+18,2.2162709929251697e+19,9.484776454354084e+17,1.9896965824113514e+17,-0.5061438150380844,6.6058269965196814e-15,0,0.960232287629851,2.8183829312644493e+19,131072,logarithmic,p0,1.0,0.5,A1_balanced_q01_q99,R2,R2,1.0,1.0,2,65,0.17998412074123588,0.7863626224598422,0.03365325679892193,0.0,3.120490453035057,0.17044010647252567,5.133081458116025,0.054490334675814545,0.03808774507457899,main,True,False,True,False
0.18646150833951583,5.095750483727375,0.1115116258349447,0.016961507846929666,0.6303215467235005,0.5611627867660474,0.1115116258349447,1.0,0.6265473954350959,0.7862770982821481,1.3516941869493793,3.041531957103947,5.700967927905743e+18,2.4907908941548716e+19,1.0138997322293349e+18,1.9896965824113514e+17,-0.5001793408540244,2.275957200481571e-15,0,0.9621432520684512,3.162277660168379e+19,131072,logarithmic,p0,1.0,0.5,A1_balanced_q01_q99,R2,R2,1.0,1.0,2,65,0.18028043519752748,0.7876572400736773,0.03206232472879528,0.0,3.0954274507899777,0.17953462392073813,5.467662972752754,0.05389549368603053,0.03834368907835617,main,True,False,True,False
0.1960530533410771,5.446349442898748,0.1115116258349447,0.016961507846929666,0.6303215467235005,0.5611627867660474,0.1115116258349447,1.0,0.6159529571115794,0.7717692596648502,1.3276780391752006,3.017515809329769,6.406640627056641e+18,2.7991040008985604e+19,1.0836582873153605e+18,1.9896965824113514e+17,-0.49413759649311056,2.3314683517128287e-15,0,0.9639669042627421,3.5481338923357606e+19,131072,logarithmic,p0,1.0,0.5,A1_balanced_q01_q99,R2,R2,1.0,1.0,2,65,0.18056366590041803,0.7888946938966531,0.030541640202928783,0.0,3.070803516733183,0.18911441592860595,5.8240529840692705,0.05328770740341415,0.03858727671952479,main,True,False,True,False
0.20615524611752473,5.820163511648299,0.1115116258349447,0.016961507846929666,0.6303215467235005,0.5611627867660474,0.1115116258349447,1.0,0.605520425228462,0.7575621450274775,1.3041045046574025,2.9939422748119706,7.199143447128552e+18,3.145353766340112e+19,1.158035944820187e+18,1.9896965824113514e+17,-0.4880307507296263,4.6629367034256575e-15,0,0.9657068272156384,3.981071705534986e+19,131072,logarithmic,p0,1.0,0.5,A1_balanced_q01_q99,R2,R2,1.0,1.0,2,65,0.18083430743333256,0.7900771447967255,0.029088547769941946,0.0,3.0466109590138695,0.19920537627219417,6.2036730007462815,0.05266868420189885,0.03881907796702521,main,True,False,True,False
0.21679538192213224,6.218705779394432,0.1115116258349447,0.016961507846929666,0.6303215467235005,0.5611627867660474,0.1115116258349447,1.0,0.5952483490825017,0.743647646073113,1.2809644379961103,2.9708022081506784,8.089120167031121e+18,3.5341905284436767e+19,1.2373337636282819e+18,1.9896965824113514e+17,-0.48187017388222514,0.0,0,0.9673664927900545,4.466835921509617e+19,131072,logarithmic,p0,1.0,0.5,A1_balanced_q01_q99,R2,R2,1.0,1.0,2,65,0.18109284310352086,0.7912067043754895,0.027700452520989648,0.0,3.0228422205315306,0.20983478039414713,6.608037187412091,0.05204001238085221,0.03903963888952954,main,True,False,True,False
0.2280022109365043,6.643587981055741,0.1115116258349447,0.016961507846929666,0.6303215467235005,0.5611627867660474,0.1115116258349447,1.0,0.5851352311309941,0.7300179577031737,1.2582489390581455,2.9480867092127134,9.088516489391375e+18,3.9708334443250205e+19,1.3218724300855736e+18,1.9896965824113514e+17,-0.47566647762990893,9.992007221626409e-16,0,0.9689492619611078,5.011872336272715e+19,131072,logarithmic,p0,1.0,0.5,A1_balanced_q01_q99,R2,R2,1.0,1.0,2,65,0.181339744502559,0.7922854330479803,0.026374822449460843,0.0,2.999489876575322,0.2210313591280616,7.038758404088758,0.05140316736260875,0.03924948244697736,main,True,False,True,False
0.2398060159121075,7.096526935120417,0.1115116258349447,0.016961507846929666,0.6303215467235005,0.5611627867660474,0.1115116258349447,1.0,0.5751795306806831,0.7166655647730581,1.235949343835031,2.9257871139895992,1.0210739106745119e+19,4.461139987330987e+19,1.4119935389799196e+18,1.9896965824113514e+17,-0.4694295535704643,1.3322676295501878e-15,0,0.97045838540024,5.6234132519034905e+19,131072,logarithmic,p0,1.0,0.5,A1_balanced_q01_q99,R2,R2,1.0,1.0,2,65,0.18157547114804068,0.7933153384771995,0.025109190374759824,1.4567664927038856e-16,2.9765466325047845,0.2328253763567262,7.4975546392972,0.05075951851518523,0.03944910927439445,main,True,False,True,False
0.25223869395882037,7.579351400777111,0.1115116258349447,0.016961507846929666,0.6303215467235005,0.5611627867660474,0.1115116258349447,1.0,0.565379667491548,0.7035832293515485,1.2140572157015137,2.903894985856082,1.1470834190321844e+19,5.011683929979549e+19,1.5080609579020908e+18,1.9896965824113514e+17,-0.46316861049436747,2.1094237467877974e-15,0,0.9718970043608757,6.309573444801943e+19,131072,logarithmic,p0,1.0,0.5,A1_balanced_q01_q99,R2,R2,1.0,1.0,2,65,0.1818004702009125,0.7942983743391334,0.023901155459954054,0.0,2.9540053214711968,0.24524871081412614,7.986255862481811,0.05011033561511491,0.03963899845627651,main,True,False,True,False
0.26533384270138155,8.094009381432578,0.1115116258349447,0.016961507846929666,0.6303215467235005,0.5611627867660474,0.1115116258349447,1.0,0.5557340252858016,0.6907639784775328,1.1925643370591996,2.8824021072137676,1.2885687672219228e+19,5.6298428485770625e+19,1.6104622804241815e+18,1.9896965824113514e+17,-0.45689221035514394,3.3306690738754696e-16,0,0.9732681518361037,7.0794578438414025e+19,131072,logarithmic,p0,1.0,0.5,A1_balanced_q01_q99,R2,R2,1.0,1.0,2,65,0.18201517625292182,0.795236439394099,0.022748384352979274,1.1571507565549565e-16,2.93185890217884,0.25833494225232473,8.506811323085458,0.049456794965072604,0.03981960828997078,main,True,False,True,False
0.2791268510363752,8.642575903728098,0.1115116258349447,0.016961507846929666,0.6303215467235005,0.5611627867660474,0.1115116258349447,1.0,0.5462409551539431,0.6782010924062832,1.1714627013500738,2.861300471504642,1.447424998110287e+19,6.323896311743718e+19,1.7196103738878492e+18,1.9896965824113514e+17,-0.45060830292457477,6.661338147750939e-16,0,0.9745747539601408,7.94328234724279e+19,131072,logarithmic,p0,1.0,0.5,A1_balanced_q01_q99,R2,R2,1.0,1.0,2,65,0.18222001117871708,0.7961313768405601,0.021648611980722893,2.0626233946835702e-16,2.910100456685499,0.27211944220612755,9.061297325388471,0.04879998518085715,0.03999137703668526,main,True,False,True,False
0.2936549947349281,9.22726130306393,0.1115116258349447,0.016961507846929666,0.6303215467235005,0.5611627867660474,0.1115116258349447,1.0,0.5368987788510425,0.6658880933364762,1.1507445054249428,2.8405822755795107,1.6257788216214266e+19,7.103136056918788e+19,1.8359450279722813e+18,1.9896965824113514e+17,-0.44432425912805207,1.887379141862766e-15,0,0.9758196316261181,8.91250938133744e+19,131072,logarithmic,p0,1.0,0.5,A1_balanced_q01_q99,R2,R2,1.0,1.0,2,65,0.18241538404725435,0.7969849739280574,0.020599642024688378,3.67663007105668e-16,2.8887231882414666,0.28663946960085673,9.651925510123101,0.04814091266195586,0.04015472365889304,main,True,False,True,False
0.3089575371492413,9.850420048667642,0.1115116258349447,0.016961507846929666,0.6303215467235005,0.5611627867660474,0.1115116258349447,1.0,0.5277057919778457,0.6538187346080525,1.1304021422521457,2.8202399124067137,1.8260169108731185e+19,7.97798961806538e+19,1.9599347106150264e+18,1.9896965824113514e+17,-0.43804690306169575,3.774758283725532e-15,0,0.9770055022945234,1e+20,131072,logarithmic,p0,1.0,0.5,A1_balanced_q01_q99,R2,R2,1.0,1.0,2,65,0.18260169108731186,0.797798961806538,0.019599347106150265,1.6384e-16,2.8677204191664414,0.3019342714616602,10.281051675894679,0.0474805067597277,0.04031004854308594,main,True,False,True,False
0.3250758352950319,10.514560143394947,0.1115116258349447,0.016961507846929666,0.6303215467235005,0.5611627867660474,0.1115116258349447,1.0,0.5186602670423895,0.6419869903601932,1.1104281939521576,2.8002659641067256,2.0508176528243778e+19,8.960159046366562e+19,2.0920784382871534e+18,1.9896965824113514e+17,-0.4317825426985995,8.881784197001252e-16,0,0.9781349819675467,1.1220184543019654e+20,131072,logarithmic,p0,1.0,0.5,A1_balanced_q01_q99,R2,R2,1.0,1.0,2,65,0.18277931570209696,0.7985750155901752,0.018645668707728037,0.0,2.847085588763589,0.3180451889965776,10.951185175596013,0.04681962465686329,0.040457734206955906,main,True,True,True,False
0.3420534515963815,11.2223531357477,0.1115116258349447,0.016961507846929666,0.6303215467235005,0.5611627867660474,0.1115116258349447,1.0,0.5097604563990161,0.6303870456379045,1.0908154251440914,2.7806531952986595,2.303186775069586e+19,1.0062776566064025e+20,2.232907768081051e+18,1.9896965824113514e+17,-0.4255369992967643,1.6653345369377348e-15,0,0.9792105873062871,1.2589254117941713e+20,131072,logarithmic,p0,1.0,0.5,A1_balanced_q01_q99,R2,R2,1.0,1.0,2,65,0.1829486285281329,0.7993147546146477,0.017736616857219507,2.602854759544517e-16,2.8268122512701632,0.33501576934009364,11.664998925293059,0.046159055971503715,0.04059814599023615,main,True,True,True,False
0.3599362715948358,11.97664478403818,0.1115116258349447,0.016961507846929666,0.6303215467235005,0.5611627867660474,0.1115116258349447,1.0,0.5010045950626577,0.6190132869350682,1.071556776590448,2.761394546745016,2.5864973218694644e+19,1.1300579232402481e+20,2.3829889195555507e+18,1.9896965824113514e+17,-0.4193156355258977,2.7755575615628914e-15,0,0.9802347378691485,1.4125375446227496e+20,131072,logarithmic,p0,1.0,0.5,A1_balanced_q01_q99,R2,R2,1.0,1.0,2,65,0.18310998753383562,0.8000197428678301,0.01687026959833469,3.479695119404926e-16,2.806894073844024,0.3528918832592142,12.42534006550403,0.04549952709900795,0.040731632728565406,main,True,True,True,False
0.37877262794073735,12.780466415231903,0.1115116258349447,0.016961507846929666,0.6303215467235005,0.5611627867660474,0.1115116258349447,1.0,0.4923909033971874,0.6078602931612995,1.052645359126855,2.742483129281423,2.9045345102434337e+19,1.2690104910887577e+20,2.5429250348009974e+18,1.9896965824113514e+17,-0.4131233823343438,2.886579864025407e-15,0,0.9812097584511957,1.5848931924611108e+20,131072,logarithmic,p0,1.0,0.5,A1_balanced_q01_q99,R2,R2,1.0,1.0,2,65,0.18326373815342786,0.8006914895748699,0.01604477227170243,2.0675210263927006e-16,2.787324834585422,0.371721849140225,13.23524131739622,0.04484170530399911,0.04085852740984567,main,True,True,True,False
0.39861343100173935,13.63704702377254,0.1115116258349447,0.016961507846929666,0.6303215467235005,0.5611627867660474,0.1115116258349447,1.0,0.48391758967746407,0.596922827019548,1.03407444786393,2.7239122180184983,3.2615460617268183e+19,1.4249912180088585e+20,2.713358585738311e+18,1.9896965824113514e+17,-0.4069647645809711,2.1094237467877974e-15,0,0.9821378815056758,1.778279410038923e+20,131072,logarithmic,p0,1.0,0.5,A1_balanced_q01_q99,R2,R2,1.0,1.0,2,65,0.1834102134520823,0.8013314499197111,0.015258336628206932,1.8426800543837358e-16,2.768098420593457,0.3915565635912672,14.097933079194625,0.044186202574958866,0.04097914781270518,main,True,True,True,False
0.4195123064413525,14.549826158648623,0.1115116258349447,0.016961507846929666,0.6303215467235005,0.5611627867660474,0.1115116258349447,1.0,0.4755828525254411,0.5861958267810337,1.0158374766488052,2.7056752468033736,3.6622986780812448e+19,1.6000827077782163e+20,2.8949739382542444e+18,1.9896965824113514e+17,-0.40084392545989755,4.440892098500626e-15,0,0.9830212496304515,1.995262314968883e+20,131072,logarithmic,p0,1.0,0.5,A1_balanced_q01_q99,R2,R2,1.0,1.0,2,65,0.18354973431843521,0.801941025886198,0.014509239795366922,1.642290327149843e-16,2.749208826056564,0.41244963901373055,15.016856311052925,0.043533579253190346,0.041093797126753054,main,True,True,True,False
0.44152574013922946,15.522467650103593,0.1115116258349447,0.016961507846929666,0.6303215467235005,0.5611627867660474,0.1115116258349447,1.0,0.46738488322135374,0.5756743984439315,0.9979280327742756,2.6877658029288436,4.112141410799541e+19,1.7966219966543915e+20,3.088500083400188e+18,1.9896965824113514e+17,-0.394764649748537,9.992007221626409e-16,0,0.9838619181033516,2.238721138568347e+20,131072,logarithmic,p0,1.0,0.5,A1_balanced_q01_q99,R2,R2,1.0,1.0,2,65,0.1836826096808662,0.8025215672030166,0.013795823116117406,1.463692794760271e-16,2.7306501503764644,0.43445754851432666,15.995676259777893,0.04288434744762082,0.04120276455443196,main,True,True,True,False
0.46471323084469923,16.558874230744237,0.1115116258349447,0.016961507846929666,0.6303215467235005,0.5611627867660474,0.1115116258349447,1.0,0.45932186789159346,0.5653538082620504,0.9803398519239588,2.670177622078527,4.617076765752113e+19,2.0172316194688696e+20,3.2947135465491205e+18,1.9896965824113514e+17,-0.3887303859115929,1.5543122344752192e-15,0,0.9846618574519849,2.5118864315095718e+20,131072,logarithmic,p0,1.0,0.5,A1_balanced_q01_q99,R2,R2,1.0,1.0,2,65,0.1838091367441872,0.8030743723778034,0.013116490878009528,1.3045175764697042e-16,2.712416596324978,0.45763977854953236,17.038297078150595,0.042238974246450844,0.04130632589434416,main,True,True,True,False
0.4891374509760847,17.66320310936755,0.1115116258349447,0.016961507846929666,0.6303215467235005,0.5611627867660474,0.1115116258349447,1.0,0.45139198957533055,0.5552294756297328,0.9630668133422549,2.652904583496823,5.1838404869933375e+19,2.2648544677039695e+20,3.514441486114617e+18,1.9896965824113514e+17,-0.38274426709536963,2.220446049250313e-16,0,0.9854229560446197,2.818382931264449e+20,131072,logarithmic,p0,1.0,0.5,A1_balanced_q01_q99,R2,R2,1.0,1.0,2,65,0.18392960124363375,0.8036006898068523,0.01246970894951413,1.162652513840582e-16,2.6945024682331207,0.4820589897149865,18.148877397156514,0.041597884736297885,0.04140474410602355,main,True,True,True,False
0.5148644160001767,18.839882559630556,0.1115116258349447,0.016961507846929666,0.6303215467235005,0.5611627867660474,0.1115116258349447,1.0,0.4435934301724397,0.5452969663091873,0.9461029352183629,2.635940705372931,5.819991078945661e+19,2.5427929023318855e+20,3.748564994192814e+18,1.9896965824113514e+17,-0.3768091310481398,3.219646771412954e-15,0,0.9861470226903352,3.1622776601683794e+20,131072,logarithmic,p0,1.0,0.5,A1_balanced_q01_q99,R2,R2,1.0,1.0,2,65,0.18404427771329127,0.8041017189478837,0.011854003338825147,2.072430287367949e-16,2.676902170211943,0.5077811861144451,19.331846913234536,0.040961464839011974,0.041498269856182546,main,True,True,True,False
0.5419636628496606,20.093629589733034,0.1115116258349447,0.016961507846929666,0.6303215467235005,0.5611627867660474,0.1115116258349447,1.0,0.4359243722755628,0.535551985986579,0.9294423702739789,2.619280140428547,6.5340102554376225e+19,2.854752640669067e+20,3.998022612293142e+18,1.9896965824113514e+17,-0.37092753900331393,2.7755575615628914e-15,0,0.9868357892374827,3.54813389233576e+20,131072,logarithmic,p0,1.0,0.5,A1_balanced_q01_q99,R2,R2,1.0,1.0,2,65,0.1841534297663226,0.8045786115443812,0.011267958689296297,0.0,2.659610204404514,0.5348758937661108,20.591924056707207,0.04033006397596717,0.041587142046535436,main,True,True,True,False
0.5705084378605642,21.429468763596493,0.1115116258349447,0.016961507846929666,0.6303215467235005,0.5611627867660474,0.1115116258349447,1.0,0.42838300088950015,0.5259903741433293,0.913079401544771,2.602917171699339,7.335415649100714e+19,3.204891999863096e+20,4.2638140761818747e+18,1.9896965824113514e+17,-0.3651017935628747,1.9984014443252818e-15,0,0.987490913160864,3.9810717055349857e+20,131072,logarithmic,p0,1.0,0.5,A1_balanced_q01_q99,R2,R2,1.0,1.0,2,65,0.18425731038459062,0.8050324728909687,0.010710216724440771,1.646189891754113e-16,2.642621169268547,0.5634163485285502,21.934134811863604,0.03970399756920795,0.04167158832335832,main,True,True,True,False
0.6005758947375426,22.852752248618508,0.1115116258349447,0.016961507846929666,0.6303215467235005,0.5611627867660474,0.1115116258349447,1.0,0.420967505041357,0.5166080982292524,0.8970084383461109,2.586846208500679,8.234887277357669e+19,3.597877150726081e+20,4.547004304776957e+18,1.9896965824113514e+17,-0.3593339556189488,2.7755575615628914e-15,0,0.9881139801291295,4.466835921509617e+20,131072,logarithmic,p0,1.0,0.5,A1_balanced_q01_q99,R2,R2,1.0,1.0,2,65,0.18435616221548154,0.8054643631302532,0.010179474654265443,1.4671682853721517e-16,2.625929757889101,0.5934796940541324,23.36383276376259,0.03908354938842207,0.04175182556899066,main,True,True,True,False
0.632247303082109,24.36918116996791,0.1115116258349447,0.016961507846929666,0.6303215467235005,0.5611627867660474,0.1115116258349447,1.0,0.4136760792850145,0.5074012481244374,0.8812240124139563,2.5710617825685245,9.244409443818914e+19,4.038944115400776e+20,4.84872764900482e+18,1.9896965824113514e+17,-0.3536258603515602,4.440892098500626e-16,0,0.988706506544585,5.0118723362727146e+20,131072,logarithmic,p0,1.0,0.5,A1_balanced_q01_q99,R2,R2,1.0,1.0,2,65,0.18445021787394328,0.8058752985724499,0.009674483553606988,2.615230221476014e-16,2.609530756320842,0.6251471903051153,24.88672045171429,0.03846897375231739,0.04182806037553317,main,True,True,True,False
0.6656082680471573,25.984828356605995,0.1115116258349447,0.016961507846929666,0.6303215467235005,0.5611627867660474,0.1115116258349447,1.0,0.40650692510372866,0.49836603087699627,0.8657207742121967,2.555558544366765,1.0377429958765907e+20,4.533968331851216e+20,5.170192417568452e+18,1.9896965824113514e+17,-0.34797913234055233,1.1102230246251565e-15,0,0.9892699420490236,5.6234132519034906e+20,131072,logarithmic,p0,1.0,0.5,A1_balanced_q01_q99,R2,R2,1.0,1.0,2,65,0.1845397002479448,0.806266253029954,0.009194046722101338,2.330826388326217e-16,2.5934190419593524,0.6585044331958744,26.50887211461261,0.03786049759258736,0.04190048950103418,main,True,True,True,False
0.7007489617115776,27.70616256976261,0.1115116258349447,0.016961507846929666,0.6303215467235005,0.5611627867660474,0.1115116258349447,1.0,0.3994582522146678,0.48949876570415274,0.8504934893981296,2.5403312595526977,1.1649038792263995e+20,5.0895427085987545e+20,5.512685697678998e+18,1.9896965824113514e+17,-0.3423951998294012,4.440892098500626e-15,0,0.9898056719895445,6.309573444801943e+20,131072,logarithmic,p0,1.0,0.5,A1_balanced_q01_q99,R2,R2,1.0,1.0,2,65,0.18462482280574605,0.8066381591598248,0.008737018034429172,0.0,2.5775895819409653,0.6936415859551082,28.236757918839384,0.03725832238826765,0.04196930030848791,main,True,True,True,False
0.7377643668001267,29.540074310514854,0.1115116258349447,0.016961507846929666,0.6303215467235005,0.5611627867660474,0.1115116258349447,1.0,0.39252827977935023,0.480795879244445,0.8355370354381556,2.525374805592724,1.3076168531355409e+20,5.7130652058060535e+20,5.877578489980876e+18,1.9896965824113514e+17,-0.33687530817821815,1.9984014443252818e-15,0,0.9903150198395526,7.079457843841402e+20,131072,logarithmic,p0,1.0,0.5,A1_balanced_q01_q99,R2,R2,1.0,1.0,2,65,0.18470578990354036,0.8069919098078947,0.008302300288565075,1.8514412104879305e-16,2.5620374315706336,0.7306536228332463,30.077269765379008,0.0366626259779097,0.0420346711880009,main,True,True,True,False
0.7767545334073044,31.493903309410104,0.1115116258349447,0.016961507846929666,0.6303215467235005,0.5611627867660474,0.1115116258349447,1.0,0.3857152375239285,0.47225390104918524,0.8208463983661253,2.5106841685206933,1.4677819302165363e+20,6.412837105244728e+20,6.266331178152684e+18,1.9896965824113514e+17,-0.33142053254265813,8.881784197001252e-16,0,0.9907992495705953,7.943282347242789e+20,131072,logarithmic,p0,1.0,0.5,A1_balanced_q01_q99,R2,R2,1.0,1.0,2,65,0.18478279709218964,0.8073283593489161,0.007888843558894522,1.6500987157468562e-16,2.546757732777343,0.7696405858138611,32.03774877907665,0.03607356425664987,0.04209677196250582,main,True,True,True,False
0.8178248494190365,33.57546780778854,0.1115116258349447,0.016961507846929666,0.6303215467235005,0.5611627867660474,0.1115116258349447,1.0,0.37901736677330017,0.4638694593016718,0.8064166696771405,2.496254439831709,1.6475311142447022e+20,7.198173273542722e+20,6.680499355001921e+18,1.9896965824113514e+17,-0.32603178981474085,8.881784197001252e-16,0,0.9912595679715259,8.91250938133744e+20,131072,logarithmic,p0,1.0,0.5,A1_balanced_q01_q99,R2,R2,1.0,1.0,2,65,0.18485603142192353,0.8076483250178123,0.007495643560264531,2.941304056845344e-16,2.531745712596578,0.8107078550229739,34.1260145896855,0.0354912727648693,0.042155764277415665,main,True,True,True,False
0.8610863253630251,35.79309574760068,0.1115116258349447,0.016961507846929666,0.6303215467235005,0.5611627867660474,0.1115116258349447,1.0,0.3724329214029983,0.4556392767530545,0.7922430433499708,2.482080813504539,1.8492567174401032e+20,8.079525882276974e+20,7.121740028292335e+18,1.9896965824113514e+17,-0.32070984986078,8.881784197001252e-16,0,0.9916971269120112,1e+21,131072,logarithmic,p0,1.0,0.5,A1_balanced_q01_q99,R2,R2,1.0,1.0,2,65,0.1849256717440103,0.8079525882276974,0.007121740028292334,1.31072e-16,2.516996681679382,0.8539664335670906,36.35039652149352,0.034915868174842934,0.04221180197463847,main,True,True,True,False
0.9066558944576437,38.155657994135616,0.1115116258349447,0.016961507846929666,0.6303215467235005,0.5611627867660474,0.1115116258349447,1.0,0.3659601687127772,0.4475601668641104,0.7783208129915549,2.4681585831461232,2.0756431336375783e+20,9.068623227071488e+20,7.5918182310588e+18,1.9896965824113514e+17,-0.3154553460907052,8.881784197001252e-16,0,0.992113025548049,1.1220184543019653e+21,131072,logarithmic,p0,1.0,0.5,A1_balanced_q01_q99,R2,R2,1.0,1.0,2,65,0.18499188900853558,0.8082418958708926,0.006766215120572017,1.168180429630661e-16,2.502506032827528,0.8995332475699686,38.71976681593456,0.03434744968140491,0.04226503145137265,main,True,True,True,False
0.9546567286703401,40.672603724175694,0.1115116258349447,0.016961507846929666,0.6303215467235005,0.5611627867660474,0.1115116258349447,1.0,0.3595973902257533,0.43962903014261734,0.7646453690974129,2.4544831392519812,2.3297024890695995e+20,1.0178625488244352e+21,8.092614062776358e+18,1.9896965824113514e+17,-0.3102687853920912,3.9968028886505635e-15,0,0.992508312467584,1.2589254117941712e+21,131072,logarithmic,p0,1.0,0.5,A1_balanced_q01_q99,R2,R2,1.0,1.0,2,65,0.18505484655754137,0.8085169615996688,0.00642819184279002,2.082283807635614e-16,2.488269239554357,0.9475314622190042,41.24357601969704,0.03378610030237583,0.04231559200412571,main,True,True,True,False
1.0052185716397428,43.353998120736804,0.1115116258349447,0.016961507846929666,0.6303215467235005,0.5611627867660474,0.1115116258349447,1.0,0.35334288241689266,0.431842850666388,0.7512121964220894,2.4410499665766574,2.6148146439479486e+20,1.1424299500384851e+21,8.626130189469817e+18,1.9896965824113514e+17,-0.3051505574611722,1.1102230246251565e-15,0,0.992883987774874,1.4125375446227498e+21,131072,logarithmic,p0,1.0,0.5,A1_balanced_q01_q99,R2,R2,1.0,1.0,2,65,0.18511470041288666,0.8087784670839294,0.006106832503183921,0.0,2.4742818546708247,0.9980908146755804,43.93189067947813,0.03323188809416733,0.04236361615839112,main,True,True,True,False
1.058478089361349,46.2105625247502,0.1115116258349447,0.016961507846929666,0.6303215467235005,0.5611627867660474,0.1115116258349447,1.0,0.3471949573745393,0.42419869278243544,0.7380168714540452,2.4278546416086133,2.9347720757706447e+20,1.2822214850513666e+21,9.194499832680154e+18,1.9896965824113514e+17,-0.30010094356204,4.884981308350689e-15,0,0.9932410051125811,1.584893192461111e+21,131072,logarithmic,p0,1.0,0.5,A1_balanced_q01_q99,R2,R2,1.0,1.0,2,65,0.18517159955828733,0.8090270632434613,0.0058013371982514605,1.6540168211141605e-16,2.460539508896318,1.0513479647491806,46.795433493737264,0.03268486728770448,0.04240922998443691,main,True,True,True,False
1.1145792395845333,49.25371720384099,0.1115116258349447,0.016961507846929666,0.6303215467235005,0.5611627867660474,0.1115116258349447,1.0,0.34115194339860255,0.41669369797314065,0.725055059989725,2.414892830144293,3.2938302400661245e+20,1.4390963907531569e+21,9.79999527915376e+18,1.9896965824113514e+17,-0.29512012474412297,1.1102230246251565e-15,0,0.9935802736210237,1.7782794100389228e+21,131072,logarithmic,p0,1.0,0.5,A1_balanced_q01_q99,R2,R2,1.0,1.0,2,65,0.185225686215083,0.8092633714527786,0.005510942332138491,1.4741440435069888e-16,2.4470379094938126,1.1074468642831117,49.845626081595114,0.03214507934951971,0.04245255339964737,main,True,True,True,False
1.1736736609194478,52.495626908798386,0.1115116258349447,0.016961507846929666,0.6303215467235005,0.5611627867660474,0.1115116258349447,1.0,0.3352121855388859,0.40932508188068023,0.7123225148017686,2.4021602849563366,3.6967640769786524e+20,1.61514087032582e+21,1.0445036945197752e+19,1.9896965824113514e+17,-0.29020818954690436,4.440892098500626e-16,0,0.9939026598342398,1.995262314968883e+21,131072,logarithmic,p0,1.0,0.5,A1_balanced_q01_q99,R2,R2,1.0,1.0,2,65,0.18527709611136045,0.8094879847169413,0.005234919171698308,0.0,2.4337728389289404,1.166539146250297,53.09463453947304,0.03161255397260376,0.04249370045787076,main,True,True,True,False
1.2359210827053164,55.9492493994543,0.1115116258349447,0.016961507846929666,0.6303215467235005,0.5611627867660474,0.1115116258349447,1.0,0.3293740460769684,0.40209013148135325,0.6998150733966315,2.3896528435511994,4.1489314136593996e+20,1.8126957941705498e+21,1.1132203031857457e+19,1.9896965824113514e+17,-0.28536514121970574,6.661338147750939e-16,0,0.9942089895130102,2.238721138568347e+21,131072,logarithmic,p0,1.0,0.5,A1_balanced_q01_q99,R2,R2,1.0,1.0,2,65,0.1853259587441348,0.8097014688170414,0.004972572438823915,1.1709542358082168e-16,2.4207401535525395,1.2287845346108501,56.555417967176574,0.03108731000134002,0.04253277962621305,main,True,True,True,False
1.3014897567481345,59.628387133520675,0.1115116258349447,0.016961507846929666,0.6303215467235005,0.5611627867660474,0.1115116258349447,1.0,0.3236359049548896,0.3949862024018507,0.6875286558571098,2.377366426011678,4.6563441039413654e+20,2.0343877813060087e+21,1.1864239809426708e+19,1.9896965824113514e+17,-0.2805909044832175,3.552713678800501e-15,0,0.9945000494149563,2.5118864315095717e+21,131072,logarithmic,p0,1.0,0.5,A1_balanced_q01_q99,R2,R2,1.0,1.0,2,65,0.18537239763435628,0.8099043634243448,0.004723238941299046,2.0872281223515268e-16,2.4079357823062963,1.2943512760392415,60.24178015697792,0.030569356294618544,0.04256989404972656,main,True,True,True,False
1.3705569120945589,63.547742324567466,0.1115116258349447,0.016961507846929666,0.6303215467235005,0.5611627867660474,0.1115116258349447,1.0,0.3179961601538054,0.3880107163698453,0.6754592627655115,2.3652970329200795,5.225747849456393e+20,2.2831640737464947e+21,1.2644072572314907e+19,1.9896965824113514e+17,-0.27588533185831654,1.7763568394002505e-15,0,0.9947765890023885,2.818382931264449e+21,131072,logarithmic,p0,1.0,0.5,A1_balanced_q01_q99,R2,R2,1.0,1.0,2,65,0.18541653057456944,0.8100971831823321,0.004486286243098352,0.0,2.3953557254510507,1.3634165946880146,64.16842465186794,0.030058692530971154,0.04260514180442024,main,True,True,True,False
1.4433092340712126,67.72297558874409,0.1115116258349447,0.016961507846929666,0.6303215467235005,0.5611627867660474,0.1115116258349447,1.0,0.31245322802563913,0.3811611587916805,0.663602973203455,2.353440743358023,5.8647117615608195e+20,2.5623316667043325e+21,1.347481730796515e+19,1.9896965824113514e+17,-0.27124820958659196,1.5543122344752192e-15,0,0.9950393220885103,3.1622776601683794e+21,131072,logarithmic,p0,1.0,0.5,A1_balanced_q01_q99,R2,R2,1.0,1.0,2,65,0.18545846986910522,0.810280418756112,0.004261111374782841,1.6579442298943593e-16,2.382996053317394,1.4361671712172035,68.35101339258017,0.029555309959370835,0.04263861613903295,main,True,True,True,False
1.5199433688843356,72.17076841417226,0.1115116258349447,0.016961507846929666,0.6303215467235005,0.5611627867660474,0.1115116258349447,1.0,0.3070055435806224,0.37443507645026175,0.6519559428244674,2.341793712979036,6.581728852704491e+20,2.8756012139389434e+21,1.4359793126367965e+19,1.9896965824113514e+17,-0.26667926316587726,1.1102230246251565e-15,0,0.9952889284228402,3.5481338923357606e+21,131072,logarithmic,p0,1.0,0.5,A1_balanced_q01_q99,R2,R2,1.0,1.0,2,65,0.18549832256673082,0.8104545378488848,0.004047139584384404,1.4776443502667755e-16,2.3708529050781393,1.5127996473843734,72.80622918731198,0.02905919209910346,0.04267040570598322,main,True,True,True,False
1.6006664551434897,76.90888970218333,0.1115116258349447,0.016961507846929666,0.6303215467235005,0.5611627867660474,0.1115116258349447,1.0,0.3016515607335188,0.3678300753166033,0.6405144019957932,2.3303521721503615,7.386328790916926e+20,3.227136290943544e+21,1.5302535499748575e+19,1.9896965824113514e+17,-0.26217816252300824,1.3322676295501878e-15,0,0.9955260552169637,3.9810717055349854e+21,131072,logarithmic,p0,1.0,0.5,A1_balanced_q01_q99,R2,R2,1.0,1.0,2,65,0.1855361906857273,0.8106199861853215,0.0038438231289511992,0.0,2.3589224875423076,1.5935211575590023,77.55184225331239,0.0285703153919461,0.04270059478191503,main,True,True,True,False
1.6856966837459835,81.95626664581484,0.1115116258349447,0.016961507846929666,0.6303215467235005,0.5611627867660474,0.1115116258349447,1.0,0.2963897525111858,0.3613438184688109,0.6292746540059982,2.3191124241605663,8.289204413823097e+20,3.62160866976207e+21,1.630681036523712e+19,1.9896965824113514e+17,-0.25774452684495297,1.7763568394002505e-15,0,0.9957513186117579,4.4668359215096167e+21,131072,logarithmic,p0,1.0,0.5,A1_balanced_q01_q99,R2,R2,1.0,1.0,2,65,0.1855721714313981,0.8107771884618737,0.0036506401067281768,1.1737346282977215e-16,2.347201073970236,1.678549888598036,82.60678109574039,0.02808864980966952,0.0427292634782452,main,True,True,True,False
1.7752638876355473,87.33306022827227,0.1115116258349447,0.016961507846929666,0.6303215467235005,0.5611627867660474,0.1115116258349447,1.0,0.2912186112239919,0.35497402411261114,0.618233073335148,2.308070843489716,9.302353681197124e+20,4.06426033900623e+21,1.7376629146771806e+19,1.9896965824113514e+17,-0.2533779290884221,4.440892098500626e-16,0,0.9959653050872349,5.011872336272714e+21,131072,logarithmic,p0,1.0,0.5,A1_balanced_q01_q99,R2,R2,1.0,1.0,2,65,0.18560635740604683,0.8109265492641788,0.003467093329774368,2.0921841771808115e-16,2.3356850029094436,1.7681156695957774,87.99120800651488,0.027614159419727446,0.042756487942107686,main,True,True,True,False
1.8696101630290765,93.06074564249798,0.1115116258349447,0.016961507846929666,0.6303215467235005,0.5611627867660474,0.1115116258349447,1.0,0.28613664860352017,0.3487184636978282,0.6073861039845264,2.2972238741390947,1.0439238949936683e+21,4.56097309215367e+21,1.851626475615303e+19,1.9896965824113514e+17,-0.24907790018706427,4.440892098500626e-16,0,0.9961685728164638,5.623413251903491e+21,131072,logarithmic,p0,1.0,0.5,A1_balanced_q01_q99,R2,R2,1.0,1.0,2,65,0.1856388368114875,0.811068453951843,0.0032927092366696305,0.0,2.324370677050897,1.8624605931023226,93.72659948427622,0.027146802911802492,0.04278234054808096,main,True,True,True,False
1.9689905237906995,99.16219795262164,0.1115116258349447,0.016961507846929666,0.6303215467235005,0.5611627867660474,0.1115116258349447,1.0,0.2811423959088408,0.3425749601255036,0.5967302578630044,2.2865680280175726,1.171496568521817e+21,5.118346607643053e+21,1.9730268637072916e+19,1.9896965824113514e+17,-0.24484393297436335,2.220446049250313e-15,0,0.9963616529649569,6.309573444801943e+21,131072,logarithmic,p0,1.0,0.5,A1_balanced_q01_q99,R2,R2,1.0,1.0,2,65,0.1856696936441779,0.8112032695109894,0.0031270368448325825,1.6618809641781018e-16,2.313254562105305,1.9618396694895384,99.83583189624485,0.026686534087732472,0.042806890081076236,main,True,True,True,False
2.073673590721898,105.66178333895894,0.1115116258349447,0.016961507846929666,0.6303215467235005,0.5611627867660474,0.1115116258349447,1.0,0.2762344040035323,0.3365413860406519,0.5862621132273532,2.2760998833819213,1.314648297951469e+21,5.743786056969832e+21,2.1023488920101528e+19,1.9896965824113514e+17,-0.2406754858394224,3.9968028886505635e-15,0,0.996545050936952,7.079457843841402e+21,131072,logarithmic,p0,1.0,0.5,A1_balanced_q01_q99,R2,R2,1.0,1.0,2,65,0.1856990078830845,0.8113313453750551,0.0029696467418603794,0.0,2.3023331856991023,2.066521516233421,106.34327272363498,0.026233302317181018,0.04283020191074982,main,True,True,True,False
2.183942317630703,112.5854562905111,0.1115116258349447,0.016961507846929666,0.6303215467235005,0.5611627867660474,0.1115116258349447,1.0,0.2714112434055181,0.33061566220589955,0.5759783131739341,2.2658160833285024,1.4752808540556543e+21,6.44560040342609e+21,2.2401089761045254e+19,1.9896965824113514e+17,-0.23657198613190042,2.886579864025407e-15,0,0.9967192475701471,7.943282347242789e+21,131072,logarithmic,p0,1.0,0.5,A1_balanced_q01_q99,R2,R2,1.0,1.0,2,65,0.18572685567040711,0.8114530142143868,0.0028201301152062093,1.320078972597485e-16,2.291603136289776,2.176789083975878,113.27487775457396,0.025787052961273815,0.04285233815779314,main,True,True,True,False
2.300094756142757,119.96086313262518,0.1115116258349447,0.016961507846929666,0.6303215467235005,0.5611627867660474,0.1115116258349447,1.0,0.2666715043116638,0.3247957559515236,0.5658755641793329,2.255713334333901,1.6555281134022608e+21,7.233112695995372e+21,2.386857193981002e+19,1.9896965824113514e+17,-0.2325328333314952,2.4424906541753444e-15,0,0.9968847002803181,8.912509381337441e+21,131072,logarithmic,p0,1.0,0.5,A1_balanced_q01_q99,R2,R2,1.0,1.0,2,65,0.18575330948530533,0.8115685926952647,0.00267809781943009,2.353043245476275e-16,2.2810610621001897,2.2929404213284417,120.65829461219883,0.025347727766288575,0.042873357852450535,main,True,True,True,False
2.4224448613209657,127.81745230276438,0.1115116258349447,0.016961507846929666,0.6303215467235005,0.5611627867660474,0.1115116258349447,1.0,0.26201379659900587,0.31907967969763906,0.5559506346876657,2.2457884048422336,1.8577843831078154e+21,8.116783822090252e+21,2.543179480193362e+19,1.9896965824113514e+17,-0.22855740199653035,1.9984014443252818e-15,0,0.9970418441575671,1e+22,131072,logarithmic,p0,1.0,0.5,A1_balanced_q01_q99,R2,R2,1.0,1.0,2,65,0.18577843831078156,0.8116783822090252,0.002543179480193362,0.0,2.2707036700715792,2.4152894804851677,128.5229730308513,0.024915265229345618,0.042893317085587336,main,True,True,True,False
2.551323340271757,136.18659181423544,0.1115116258349447,0.016961507846929666,0.6303215467235005,0.5611627867660474,0.1115116258349447,1.0,0.2574367498043384,0.31346548954453324,0.5462003537423766,2.236038123896945,2.0847361819663288e+21,9.108351361423022e+21,2.7096999630303396e+19,1.9896965824113514e+17,-0.22464504450539016,1.1102230246251565e-15,0,0.9971910930156097,1.1220184543019653e+22,131072,logarithmic,p0,1.0,0.5,A1_balanced_q01_q99,R2,R2,1.0,1.0,2,65,0.18580230779388504,0.8117826695720033,0.0024150226341117615,1.8690886874090576e-16,2.260527724834893,2.544166965822208,136.90028232024255,0.024489600937948275,0.042912269152636934,main,True,True,True,False
2.6870785460316085,145.10169437638487,0.1115116258349447,0.016961507846929666,0.6303215467235005,0.5611627867660474,0.1115116258349447,1.0,0.2529390130838115,0.30795128392736937,0.5366216096604968,2.226459379815065,2.3393978997097145e+21,1.0220985383691722e+22,2.887083454027894e+19,1.9896965824113514e+17,-0.22079509360378485,3.1086244689504383e-15,0,0.9973328403956639,1.2589254117941714e+22,131072,logarithmic,p0,1.0,0.5,A1_balanced_q01_q99,R2,R2,1.0,1.0,2,65,0.1858249803994103,0.8118817276970501,0.002293291903539651,1.665827046108491e-16,2.2505300477001473,2.679921227777952,145.82363648608774,0.024070667885082386,0.04293026469073413,main,True,True,True,False
2.830077419149438,154.59835067035857,0.1115116258349447,0.016961507846929666,0.6303215467235005,0.5611627867660474,0.1115116258349447,1.0,0.248519255154115,0.3025352023316673,0.5272113487474318,2.217049118902,2.625151807619569e+21,1.1469463257610405e+22,3.076038099752441e+19,1.9896965824113514e+17,-0.21700686477008996,7.327471962526033e-14,0,0.9974674605267209,1.4125375446227496e+22,131072,logarithmic,p0,1.0,0.5,A1_balanced_q01_q99,R2,R2,1.0,1.0,2,65,0.18584651555726794,0.8119758162374074,0.0021776682053247422,1.4846699176127685e-16,2.2407075156634906,2.8229192044295894,155.3286275062873,0.023658396761490508,0.04294735180933497,main,True,True,True,False
2.9807064795116065,164.7144713119301,0.1115116258349447,0.016961507846929666,0.6303215467235005,0.5611627867660474,0.1115116258349447,1.0,0.24417616421665614,0.2972154240662442,0.517966574050454,2.207804344205022,2.9457929514527925e+21,1.2870365791094011e+22,3.2773182064303993e+19,1.9896965824113514e+17,-0.21327965841030103,1.241229341530925e-13,0,0.9975953092431491,1.584893192461111e+22,131072,logarithmic,p0,1.0,0.5,A1_balanced_q01_q99,R2,R2,1.0,1.0,2,65,0.18586696980371278,0.8120651822037411,0.0020678479925459177,1.3232134568913284e-16,2.23105706043166,2.973547413311404,165.4531672942389,0.023252716226637826,0.04296357621461159,main,True,True,True,False
3.1393728710872146,175.49043806779022,0.1115116258349447,0.016961507846929666,0.6303215467235005,0.5611627867660474,0.1115116258349447,1.0,0.23990844786621093,0.29199016709034803,0.508884344149187,2.198722114303755,3.30557952243139e+21,1.4442297305470903e+22,3.491727248693531e+19,1.9896965824113514e+17,-0.20961276189348244,1.6342482922482304e-13,0,0.9977167248622596,1.7782794100389228e+22,131072,logarithmic,p0,1.0,0.5,A1_balanced_q01_q99,R2,R2,1.0,1.0,2,65,0.1858863969166149,0.8121500605551516,0.001963542528233572,0.0,2.221575667463533,3.132212996155351,176.23763891551494,0.022853553159777995,0.04297898132789826,main,True,True,True,False
3.306505462422752,186.96926492818798,0.1115116258349447,0.016961507846929666,0.6303215467235005,0.5611627867660474,0.1115116258349447,1.0,0.2357148329851919,0.28685768689212676,0.4999617719814445,2.189799542136013,3.709289374741321e+21,1.620613256420315e+22,3.7201210744357814e+19,1.9896965824113514e+17,-0.20600545143794613,1.4832579608992091e-13,0,0.9978320290216383,1.995262314968883e+22,131072,logarithmic,p0,1.0,0.5,A1_balanced_q01_q99,R2,R2,1.0,1.0,2,65,0.18590484804496343,0.8122306747649816,0.0018644771900549822,2.1021316187517993e-16,2.212260375028464,3.299344819378219,187.7250576610564,0.022460832892451155,0.042993608398458914,main,True,True,True,False
3.482556005847858,199.19676967908512,0.1115116258349447,0.016961507846929666,0.6303215467235005,0.5611627867660474,0.1115116258349447,1.0,0.23159406562508003,0.2818162754152919,0.49119602370289717,2.1810337938574653,4.162283439548342e+21,1.8185293832949345e+22,3.9634113185785676e+19,1.9896965824113514e+17,-0.2024569938577984,1.20570220474292e-13,0,0.99794152748172,2.238721138568347e+22,131072,logarithmic,p0,1.0,0.5,A1_balanced_q01_q99,R2,R2,1.0,1.0,2,65,0.18592237183279134,0.8123072373622543,0.001770390804954454,1.873526777293147e-16,2.2031082732811185,3.475394633289507,199.9612426193505,0.02207447942365315,0.04300749661082831,main,True,True,True,False
3.6680003585531415,212.22175665661428,0.1115116258349447,0.016961507846929666,0.6303215467235005,0.5611627867660474,0.1115116258349447,1.0,0.22754491087547052,0.27686426003200404,0.48258431757911097,2.172422087733679,4.670576877055432e+21,2.0406061747646988e+22,4.222569039329989e+19,1.9896965824113514e+17,-0.19896664817892432,9.703349235223868e-14,0,0.9980455108865249,2.511886431509572e+22,131072,logarithmic,p0,1.0,0.5,A1_balanced_q01_q99,R2,R2,1.0,1.0,2,65,0.18593901453771336,0.8123799504495722,0.0016810350127144664,0.0,2.1941165033525207,3.6608382931534926,212.9949994319252,0.021694415618841667,0.04302068318698153,main,True,True,True,False
3.8633397688047064,226.0962114148065,0.1115116258349447,0.016961507846929666,0.6303215467235005,0.5611627867660474,0.1115116258349447,1.0,0.2235661527227054,0.27200000255857143,0.474123922908585,2.163961693063153,5.240918910809392e+21,2.2897924115920285e+22,4.4986285914819486e+19,1.9896965824113514e+17,-0.1955336671329204,8.08242361927114e-14,0,0.998144255495151,2.8183829312644493e+22,131072,logarithmic,p0,1.0,0.5,A1_balanced_q01_q99,R2,R2,1.0,1.0,2,65,0.1859548201442622,0.8124490061982911,0.0015961736574467784,1.488195217715945e-16,2.1852822564570134,3.8561770454062554,226.87831496109948,0.021320563393860237,0.04303320348355839,main,True,True,True,False
4.069102230798338,240.87550808154455,0.1115116258349447,0.016961507846929666,0.6303215467235005,0.5611627867660474,0.1115116258349447,1.0,0.21965659389842299,0.26722189831228516,0.4658121589754968,2.155649929130065,5.880882403675776e+21,2.5693967280486373e+22,4.792691752164471e+19,1.9896965824113514e+17,-0.19215729853699326,6.439293542825908e-14,0,0.9982380238770823,3.1622776601683792e+22,131072,logarithmic,p0,1.0,0.5,A1_balanced_q01_q99,R2,R2,1.0,1.0,2,65,0.18596983047221227,0.8125145873217935,0.0015155822059942953,0.0,2.176602773014876,4.061938882503539,241.6665646464599,0.020952843884811223,0.043045091084381586,main,True,True,True,False
4.285843911805461,256.6186302304032,0.1115116258349447,0.016961507846929666,0.6303215467235005,0.5611627867660474,0.1115116258349447,1.0,0.21581505571922358,0.262528375206896,0.4576463940309205,2.1474841641854887,6.598964364172982e+21,2.883131523802937e+22,5.105932115525155e+19,1.9896965824113514e+17,-0.18883678656733827,5.129230373768223e-14,0,0.9983270655759295,3.5481338923357603e+22,131072,logarithmic,p0,1.0,0.5,A1_balanced_q01_q99,R2,R2,1.0,1.0,2,65,0.18598408528007493,0.812576867527666,0.0014390471922591079,0.0,2.1680753417903036,4.278679970062403,257.4187333771193,0.02059117760481488,0.04305637788847494,main,True,True,True,False
4.514150655469438,273.388406149272,0.1115116258349447,0.016961507846929666,0.6303215467235005,0.5611627867660474,0.1115116258349447,1.0,0.2120403779182971,0.25791789288468486,0.449624044301363,2.139461814455931,7.404698716898885e+21,3.235162234071236e+22,5.4395997738609295e+19,1.9896965824113514e+17,-0.18557137293306097,4.4853010194856324e-14,0,0.9984116177424893,3.981071705534985e+22,131072,logarithmic,p0,1.0,0.5,A1_balanced_q01_q99,R2,R2,1.0,1.0,2,65,0.18599762236394649,0.8126360119495731,0.0013663656864803806,2.107123061445265e-16,2.1596972990444883,4.506986150153444,274.19765076075083,0.020235484588557284,0.04306709419380138,main,True,True,True,False
4.75463956531602,291.2517594441427,0.1115116258349447,0.016961507846929666,0.6303215467235005,0.5611627867660474,0.1115116258349447,1.0,0.20833141846982325,0.2533889418831655,0.44174257302352016,2.131580343178088,8.308782833526147e+21,3.630162611853131e+22,5.795026303873037e+19,1.9896965824113514e+17,-0.18236029795726721,3.4861002973229915e-14,0,0.9984919057383064,4.466835921509617e+22,131072,logarithmic,p0,1.0,0.5,A1_balanced_q01_q99,R2,R2,1.0,1.0,2,65,0.1860104776518879,0.8126921775596084,0.0012973447885040164,3.7559508105527085e-16,2.1514660277035444,4.747474524807376,292.07024172778125,0.01988568452545625,0.043077268776914424,main,True,True,True,False
5.007960672758121,310.2799759776407,0.1115116258349447,0.016961507846929666,0.6303215467235005,0.5611627867660474,0.1115116258349447,1.0,0.20468705340691107,0.24894004283456408,0.43399948950421047,2.1238372596587785,9.323219503442154e+21,4.073376755850567e+22,6.1736300779338785e+19,1.9896965824113514e+17,-0.17920280157153592,2.5757174171303632e-14,0,0.9985681437109994,5.011872336272714e+22,131072,logarithmic,p0,1.0,0.5,A1_balanced_q01_q99,R2,R2,1.0,1.0,2,65,0.1860226852940103,0.8127455135618841,0.0012318011441059876,3.347494683489298e-16,2.143378956540998,5.000795124016019,311.10779347032894,0.01954169688221974,0.04308692896871649,main,False,True,True,False
5.274798694103204,330.5489882070033,0.1115116258349447,0.016961507846929666,0.6303215467235005,0.5611627867660474,0.1115116258349447,1.0,0.20110617663379632,0.24456974569633785,0.4263923482045112,2.1162301183590793,1.0461476227988618e+22,4.57068870718308e+22,6.576921921550045e+19,1.9896965824113514e+17,-0.17609812422960644,2.375877272697835e-14,0,0.9986405351425505,5.623413251903491e+22,131072,logarithmic,p0,1.0,0.5,A1_balanced_q01_q99,R2,R2,1.0,1.0,2,65,0.18603427774843814,0.8127961617681094,0.0011695604834526074,1.4917288885287788e-16,2.1354335593746137,5.267632662736013,331.38623978058723,0.019203441015534395,0.043096100726506596,main,False,True,True,False
5.5558748813122625,352.13967805567876,0.1115116258349447,0.016961507846929666,0.6303215467235005,0.5611627867660474,0.1115116258349447,1.0,0.1975876997329634,0.2402766290110812,0.4189187478471539,2.108756518001722,1.1738663952137595e+22,5.128700538448596e+22,7.0065111395881755e+19,1.9896965824113514e+17,-0.17304550774573793,1.5987211554602254e-14,0,0.9987092733718315,6.309573444801943e+22,131072,logarithmic,p0,1.0,0.5,A1_balanced_q01_q99,R2,R2,1.0,1.0,2,65,0.18604528586331515,0.8128442569558814,0.001110457180803624,1.3295047713424815e-16,2.1276273542772772,5.548708391644637,352.98646392280244,0.01887083627555519,0.043104808702496986,main,False,True,True,False
5.851948971513713,375.1381995265095,0.1115116258349447,0.016961507846929666,0.6303215467235005,0.5611627867660474,0.1115116258349447,1.0,0.19413055176780167,0.23605929919429622,0.41157633054630716,2.1014141007008753,1.317173760536798e+22,5.754819971369306e+22,7.464111935298435e+19,1.9896965824113514e+17,-0.17004419606286567,1.6653345369377348e-14,0,0.9987745420922651,7.079457843841402e+22,131072,logarithmic,p0,1.0,0.5,A1_balanced_q01_q99,R2,R2,1.0,1.0,2,65,0.18605573895501623,0.8128899272103963,0.0010543338345875813,0.0,2.1199579028017115,5.8447820466501925,375.99462124686295,0.01854380210083617,0.043113076308959726,main,False,True,True,False
6.163821240540611,399.63632234336023,0.1115116258349447,0.016961507846929666,0.6303215467235005,0.5611627867660474,0.1115116258349447,1.0,0.19073367908138797,0.2319163898485585,0.40436278095890593,2.0942005511134743,1.4779721112909227e+22,6.457358685704128e+22,7.95155024774025e+19,1.9896965824113514e+17,-0.16709343595534668,1.509903313490213e-14,0,0.9988365158259389,7.94328234724279e+22,131072,logarithmic,p0,1.0,0.5,A1_balanced_q01_q99,R2,R2,1.0,1.0,2,65,0.18606566488272258,0.8129332942502738,0.001001040867003844,2.112126356155976e-16,2.1124228092187716,6.156653902426263,400.50248283030203,0.018222258105297318,0.04312092578016961,main,False,True,True,False
6.492334666042495,425.731797991827,0.1115116258349447,0.016961507846929666,0.6303215467235005,0.5611627867660474,0.1115116258349447,1.0,0.18739604509192168,0.22784656110272103,0.39727582545673285,2.087113595611301,1.6583959863233635e+22,7.245642623979197e+22,8.470771034881781e+19,1.9896965824113514e+17,-0.16419247767078513,8.215650382226158e-15,0,0.998895360375095,8.91250938133744e+22,131072,logarithmic,p0,1.0,0.5,A1_balanced_q01_q99,R2,R2,1.0,1.0,2,65,0.18607509011951234,0.8129744737381575,0.0009504361423303915,1.8824345963810202e-16,2.1050197197690816,6.48516693552068,426.60780151938195,0.01790612415778048,0.04312837823129404,main,False,True,True,False
6.8383772060186025,453.5287496189874,0.1115116258349447,0.016961507846929666,0.6303215467235005,0.5611627867660474,0.1115116258349447,1.0,0.18411663008531293,0.22384849897487716,0.3903132313185077,2.0801510014730757,1.8608403982011607e+22,8.130135755767417e+22,9.023846031421927e+19,1.9896965824113514e+17,-0.16134057551514425,5.10702591327572e-15,0,0.9989512332519772,1e+23,131072,logarithmic,p0,1.0,0.5,A1_balanced_q01_q99,R2,R2,1.0,1.0,2,65,0.1860840398201161,0.8130135755767418,0.0009023846031421928,0.0,2.0977463219277874,6.8312091028856194,454.41470182923723,0.017595320454711683,0.04313545371437533,main,False,True,True,False
7.202884198930757,483.1380873474514,0.1115116258349447,0.016961507846929666,0.6303215467235005,0.5611627867660474,0.1115116258349447,1.0,0.18089443100539157,0.21992091475785955,0.38347280594126026,2.0733105760958286,2.0879926171539515e+22,9.122578943853424e+22,9.61298201227981e+19,1.9896965824113514e+17,-0.15853698838507477,7.993605777301127e-15,0,0.9990042840881406,1.1220184543019653e+23,131072,logarithmic,p0,1.0,0.5,A1_balanced_q01_q99,R2,R2,1.0,1.0,2,65,0.18609253788547908,0.8130507041908503,0.0008567579236707187,2.990541899854492e-16,2.0906003436821834,7.195715741988195,484.03409525827067,0.01728976758635481,0.04314217127154836,main,False,True,True,False
7.586840891884034,514.6779506601591,0.1115116258349447,0.016961507846929666,0.6303215467235005,0.5611627867660474,0.1115116258349447,1.0,0.1777284612421583,0.21606254442615297,0.3767523960703185,2.066590166224887,2.342867833331741e+22,1.0236145755015266e+23,1.0240529594709967e+20,1.9896965824113514e+17,-0.1557809802511441,4.218847493575595e-15,0,0.999054655024,1.2589254117941714e+23,131072,logarithmic,p0,1.0,0.5,A1_balanced_q01_q99,R2,R2,1.0,1.0,2,65,0.18610060702426975,0.8130859587961696,0.0008134341795607703,2.6653232737735855e-16,2.0835795528219982,7.57967209898825,515.584122673336,0.016989386597111356,0.043148548985621864,main,False,True,True,False
7.99128510370816,548.2741796204898,0.1115116258349447,0.016961507846929666,0.6303215467235005,0.5611627867660474,0.1115116258349447,1.0,0.17461775041848152,0.21227214806314218,0.37014988704726426,2.0599876572018325,2.6288491706094193e+22,1.1485617283003927e+23,1.0908992614152759e+20,1.9896965824113514e+17,-0.15307182059540722,7.549516567451064e-15,0,0.9991024810796203,1.4125375446227497e+23,131072,logarithmic,p0,1.0,0.5,A1_balanced_q01_q99,R2,R2,1.0,1.0,2,65,0.18610826881146816,0.8131194336552253,0.0007722975333067167,1.1877359340902148e-16,2.0766817562421145,7.984115991817476,549.1906255301966,0.016694099040281962,0.04315460402815763,main,False,True,True,False
8.417310030138182,584.060816807209,0.1115116258349447,0.016961507846929666,0.6303215467235005,0.5611627867660474,0.1115116258349447,1.0,0.17156134417560495,0.20854850930768906,0.3636632020752442,2.0535009722298123,2.949732582913212e+22,1.2887578303586684e+23,1.1621038111216861e+20,1.9896965824113514e+17,-0.15040878480653877,2.220446049250313e-15,0,0.9991478905075777,1.584893192461111e+23,131072,logarithmic,p0,1.0,0.5,A1_balanced_q01_q99,R2,R2,1.0,1.0,2,65,0.18611554374416248,0.8131512183211621,0.0007332379346756524,2.1171415310261256e-16,2.0699047992574977,8.410140615357834,584.9876478088235,0.01640382702768539,0.04316035270516196,main,False,True,True,False
8.866067198676703,622.1806419662208,0.1115116258349447,0.016961507846929666,0.6303215467235005,0.5611627867660474,0.1115116258349447,1.0,0.16855830395780552,0.20489043481909933,0.35729030150106206,2.04712807165563,3.3097772288329944e+22,1.4460637364586608e+23,1.2379506969626903e+20,1.9896965824113514e+17,-0.14779115453553734,3.3306690738754696e-15,0,0.9991910051286719,1.7782794100389228e+23,131072,logarithmic,p0,1.0,0.5,A1_balanced_q01_q99,R2,R2,1.0,1.0,2,65,0.18612245129467875,0.813181397869871,0.0006961508354503155,0.0,2.063246564930136,8.858897496301363,623.117970665513,0.016118493274505763,0.04316581050050925,main,False,False,True,False
9.338769581124303,662.7857415117614,0.1115116258349447,0.016961507846929666,0.6303215467235005,0.5611627867660474,0.1115116258349447,1.0,0.1656077067965175,0.20129675375957395,0.35102918211348777,2.040866952268056,3.713761992979772e+22,1.622567373146149e+23,1.3187425247569252e+20,1.9896965824113514e+17,-0.14521821801481172,3.774758283725532e-15,0,0.9992319406513674,1.9952623149688827e+23,131072,logarithmic,p0,1.0,0.5,A1_balanced_q01_q99,R2,R2,1.0,1.0,2,65,0.18612900996116344,0.8132100531209872,0.000660936917849567,1.6817052950014394e-16,2.0567049734077623,9.331599605678624,663.7336819344183,0.01583802113970645,0.04317099211720906,main,False,False,True,False
9.836694872191092,706.0381151485075,0.1115116258349447,0.016961507846929666,0.6303215467235005,0.5611627867660474,0.1115116258349447,1.0,0.16270864509421282,0.1977663172933147,0.3448778764572674,2.0347156466118355,4.167048904111672e+22,1.820611446532417e+23,1.4048016247631376e+20,1.9896965824113514e+17,-0.14268927034327925,0.0,0,0.9992708069756948,2.238721138568347e+23,131072,logarithmic,p0,1.0,0.5,A1_balanced_q01_q99,R2,R2,1.0,1.0,2,65,0.18613523731573298,0.8132372608482584,0.0006275018360087055,1.4988214218345175e-16,2.0502779812741663,9.829524637468356,706.9967827499928,0.015562334662330812,0.04317591151661721,main,False,False,True,False
10.361188943052444,752.1103220341336,0.1115116258349447,0.016961507846929666,0.6303215467235005,0.5611627867660474,0.1115116258349447,1.0,0.15986022640829758,0.19429799810149595,0.33883445216232816,2.0286722223168963,4.675654291569406e+22,2.042824531015284e+23,1.4964713373476163e+20,1.9896965824113514e+17,-0.14020361373993065,1.1102230246251565e-15,0,0.9993077084822186,2.5118864315095718e+23,131072,logarithmic,p0,1.0,0.5,A1_balanced_q01_q99,R2,R2,1.0,1.0,2,65,0.1861411500503019,0.8132630939797725,0.0005957559699258696,2.671651996609954e-16,2.043963580910887,10.354018462150979,753.0798337099087,0.01529135859399089,0.04318058195569687,main,False,False,True,False
10.913669479181738,801.1861690598007,0.1115116258349447,0.016961507846929666,0.6303215467235005,0.5611627867660474,0.1115116258349447,1.0,0.15706157323528205,0.1908906899123449,0.3328970112876997,2.022734781442268,5.246328624246292e+22,2.2921559514573667e+23,1.5941173824535285e+20,1.9896965824113514e+17,-0.13776055776815246,2.4424906541753444e-15,0,0.9993427443070253,2.818382931264449e+23,131072,logarithmic,p0,1.0,0.5,A1_balanced_q01_q99,R2,R2,1.0,1.0,2,65,0.18614676402019512,0.8132876217885006,0.0005656141913044933,1.190556174172756e-16,2.0377597998700856,10.906498764539926,802.1666431558506,0.01502501842781756,0.04318501602242017,main,False,False,True,False
11.495629812294933,853.4614439936457,0.1115116258349447,0.016961507846929666,0.6303215467235005,0.5611627867660474,0.1115116258349447,1.0,0.15431182279543834,0.18754330704564717,0.32706368967970323,2.0169014598342714,5.886646091530582e+22,2.571914921696988e+23,1.6981293183340138e+20,1.9896965824113514e+17,-0.1353594195329504,3.3306690738754696e-15,0,0.9993760086031118,3.162277660168379e+23,131072,logarithmic,p0,1.0,0.5,A1_balanced_q01_q99,R2,R2,1.0,1.0,2,65,0.18615209428564664,0.8133109100736091,0.000536995640744461,2.12216861426478e-16,2.031664700258406,11.48845887572432,854.4530003173476,0.014763240424134683,0.0431892256694059,main,False,False,True,False
12.108642956763418,909.1446964117129,0.1115116258349447,0.016961507846929666,0.6303215467235005,0.5611627867660474,0.1115116258349447,1.0,0.15161012681815844,0.18425478397100173,0.321332656343965,2.0111704264985333,6.605105114930702e+22,2.8858144587473228e+23,1.8089220953677906e+20,1.9896965824113514e+17,-0.132999523853068,1.3322676295501878e-15,0,0.9994075907890205,3.5481338923357603e+23,131072,logarithmic,p0,1.0,0.5,A1_balanced_q01_q99,R2,R2,1.0,1.0,2,65,0.18615715515128198,0.8133330213329609,0.0005098235157571703,1.8913847683414727e-16,2.025676378131633,12.101471809479964,910.1474562430479,0.014505951633099645,0.04319322224587814,main,False,False,True,False
12.754365861406002,968.4580695310459,0.1115116258349447,0.016961507846929666,0.6303215467235005,0.5611627867660474,0.1115116258349447,1.0,0.1489556513281999,0.1810240748792123,0.3157021128308478,2.005539882985416,7.411241124137959e+22,3.238020655410035e+23,1.926937711154617e+20,1.9896965824113514e+17,-0.1306802034098681,1.7763568394002505e-15,0,0.9994375757852194,3.9810717055349855e+23,131072,logarithmic,p0,1.0,0.5,A1_balanced_q01_q99,R2,R2,1.0,1.0,2,65,0.18616196020367887,0.8133540149272198,0.00048402486910133934,0.0,2.0197929628999454,12.74719451406009,969.472155634111,0.014253079914529287,0.0431970165280243,main,False,False,True,False
13.43454388815202,1031.6381862628725,0.1115116258349447,0.016961507846929666,0.6303215467235005,0.5611627867660474,0.1115116258349447,1.0,0.1463475764329929,0.1778501532662245,0.31017029263389934,2.0000080627884675,8.315753094025264e+22,3.633207965133599e+23,2.0526469734922827e+20,1.9896965824113514e+17,-0.12840079887471495,2.4424906541753444e-15,0,0.999466044238853,4.466835921509616e+23,131072,logarithmic,p0,1.0,0.5,A1_balanced_q01_q99,R2,R2,1.0,1.0,2,65,0.18616652234709494,0.8133739472359478,0.0004595304169575515,3.004760648442167e-16,2.0140126167436008,13.427372350856762,1032.6637228977258,0.014004553955133225,0.0432006187478433,main,False,False,True,False
14.151015529681006,1098.9370930200837,0.1115116258349447,0.016961507846929666,0.6303215467235005,0.5611627867660474,0.1115116258349447,1.0,0.14378509611116796,0.1747320115290535,0.304735460600942,1.9945732307555102,9.330645521681823e+22,4.076621232726266e+23,2.186551378267126e+20,1.9896965824113514e+17,-0.12616065901648013,2.6645352591003757e-15,0,0.9994930727374598,5.011872336272715e+23,131072,logarithmic,p0,1.0,0.5,A1_balanced_q01_q99,R2,R2,1.0,1.0,2,65,0.18617085383744914,0.813392871806071,0.0004362743564799667,1.3389978733957193e-16,2.008333534038845,14.143843812039544,1099.97420595488,0.013760303283334885,0.043204038620540626,main,False,False,True,False
14.905717378791929,1170.6232650432798,0.1115116258349447,0.016961507846929666,0.6303215467235005,0.5611627867660474,0.1115116258349447,1.0,0.1412674180024421,0.17166866057319097,0.29939591235744345,1.9892336825120116,1.046938772746426e+23,4.574145294047318e+23,2.3291851097478316e+20,1.9896965824113514e+17,-0.12395914079068678,2.886579864025407e-15,0,0.9995187340120246,5.623413251903491e+23,131072,logarithmic,p0,1.0,0.5,A1_balanced_q01_q99,R2,R2,1.0,1.0,2,65,0.1861749663146388,0.813410839493078,0.00041419419228338176,1.1933831108230231e-16,2.002753940793888,14.898545489922668,1171.6720815667693,0.013520258281876307,0.043207285370560844,main,False,False,True,False
15.70068936293174,1246.9826772555919,0.1115116258349447,0.016961507846929666,0.6303215467235005,0.5611627867660474,0.1115116258349447,1.0,0.13879376319900286,0.1686591294309837,0.29414997374181784,1.983987743896386,1.1747092593928209e+23,5.13238306823786e+23,2.4811171712616084e+20,1.9896965824113514e+17,-0.12179560941170048,4.440892098500626e-15,0,0.9995430971301196,6.309573444801942e+23,131072,logarithmic,p0,1.0,0.5,A1_balanced_q01_q99,R2,R2,1.0,1.0,2,65,0.18617887083327153,0.8134278985952854,0.0003932305714430892,2.1272076341479705e-16,1.9972720940947544,15.693517311492913,1248.0433261898884,0.013284350198368378,0.04321036775631128,main,False,False,True,False
16.53808025803414,1328.319944917239,0.1115116258349447,0.016961507846929666,0.6303215467235005,0.5611627867660474,0.1115116258349447,1.0,0.13636336603849958,0.16570246489053284,0.2889960002523303,1.9788337704068986,1.318071711443327e+23,5.7587431787433256e+23,2.6429536547506648e+20,1.9896965824113514e+17,-0.11966943840928423,2.6645352591003757e-15,0,0.9995662276793915,7.079457843841402e+23,131072,logarithmic,p0,1.0,0.5,A1_balanced_q01_q99,R2,R2,1.0,1.0,2,65,0.18618257789188628,0.8134440949815106,0.00037332712660332267,0.0,1.991886281560846,16.530908052246843,1329.3925566309167,0.013052511153947455,0.043213294093646305,main,False,False,True,False
17.420153496570272,1414.9595386296587,0.1115116258349447,0.016961507846929666,0.6303215467235005,0.5611627867660474,0.1115116258349447,1.0,0.13397547389875616,0.1627977311346668,0.28393237650528563,1.9737701466598538,1.4789287412618944e+23,6.461538265822634e+23,2.8153401582617746e+20,1.9896965824113514e+17,-0.1175800096707418,3.552713678800501e-15,0,0.9995881879420216,7.94328234724279e+23,131072,logarithmic,p0,1.0,0.5,A1_balanced_q01_q99,R2,R2,1.0,1.0,2,65,0.18618609746073658,0.8134594722124555,0.00035443032680803715,1.6897010849247808e-16,1.9865948208100397,17.412981144240508,1416.0442450511446,0.012824674150185844,0.04321607227817856,main,False,False,True,False
18.349293285512072,1507.2470785353423,0.1115116258349447,0.016961507846929666,0.6303215467235005,0.5611627867660474,0.1115116258349447,1.0,0.13162934699429482,0.1599440093895783,0.2789575157041961,1.9687952858587643,1.6594151218665745e+23,7.250095295109856e+23,2.998964361011264e+20,1.9896965824113514e+17,-0.1155267134697911,0.0,0,0.9996090370604964,8.912509381337441e+23,131072,logarithmic,p0,1.0,0.5,A1_balanced_q01_q99,R2,R2,1.0,1.0,2,65,0.18618943900820412,0.8134740716561111,0.000336489335684854,1.505947677104816e-16,1.9813960589331554,18.34212079405191,1508.3440131665914,0.012600773074391114,0.04321870980646497,main,False,False,True,False
19.328011050743772,1605.550712875372,0.1115116258349447,0.016961507846929666,0.6303215467235005,0.5611627867660474,0.1115116258349447,1.0,0.1293242581747612,0.15714039758273532,0.2740698591196409,1.963907629274209,1.861926115259084e+23,8.134879325974622e+23,3.194558766296237e+20,1.9896965824113514e+17,-0.11350894848323302,8.881784197001252e-16,0,0.9996288311951211,1e+24,131072,logarithmic,p0,1.0,0.5,A1_balanced_q01_q99,R2,R2,1.0,1.0,2,65,0.1861926115259084,0.8134879325974622,0.00031945587662962367,2.6843545600000003e-16,1.976288371977635,19.320838427190775,1606.6600108059013,0.012380742703425929,0.043221213796133674,main,False,False,True,False
