N_B,D_B,u,Q,z,z0,u_max,t,tn,td,reducible_loss,loss,C_train,C_att,C_quality,c,M,kkt_log_residual,bracket_expansions,logN_margin,C,L_ctx,cost,recipe,s_Q,keep,mapping,state,near_optimal_states,near_optimal_t_min,near_optimal_t_max,candidate_count,grid,share_train,share_att,share_quality,budget_relative_error,baseline_loss,baseline_N_B,baseline_D_B,loss_gain,reducible_gain_fraction
0.23223560995495474,6.445078625621196,0.0531116279259453,-0.027036640967495543,0.5992693800114371,0.5676131129031139,0.0531116279259453,1.0,0.5814867828025808,0.7362426608521137,1.2902589225294474,2.980096692687301,8.98066059497268e+18,6.130797632834682e+17,4.0625964174385376e+17,6.3034086214068056e+16,-0.34962119142532727,1.0436096431476471e-14,0,0.9518196685414426,1e+19,2048,exponential,p0,1.0,0.8,A1_balanced_q01_q99,R2,R2,1.0,1.0,2,129,0.898066059497268,0.061307976328346815,0.040625964174385375,2.048e-16,2.998925629084324,0.2213116933514807,7.04960382676961,0.0188289363970231,0.01438324881606049
0.2422781525241995,5.956845756863719,0.0531116279259453,-0.027036640967495543,0.5992693800114371,0.5676131129031139,0.0531116279259453,1.0,0.5731774104060338,0.7526561624856533,1.2981941061194573,2.9880318762773106,8.659281509067352e+18,5.911402843523313e+17,7.495782065803164e+17,1.2583475167484773e+17,-0.20396754743914286,1.6331380692236053e-13,0,0.9094856283171828,1e+19,2048,power,p0,1.0,0.8,A1_balanced_q01_q99,R2,R2,1.0,1.0,2,129,0.8659281509067353,0.059114028435233126,0.07495782065803164,0.0,2.998925629084324,0.2213116933514807,7.04960382676961,0.010893752807013435,0.00832163611688138
0.23706472966543485,6.202917843014646,0.0531116279259453,-0.027036640967495543,0.5992693800114371,0.5676131129031139,0.0531116279259453,1.0,0.577432219890794,0.7441769317639904,1.2940577508003261,2.9838955209581797,8.822958249547015e+18,6.02313949835743e+17,5.7472780061724115e+17,9.265442734574747e+16,-0.30397705376394846,6.561418075534675e-14,0,0.9312388602304851,1e+19,2048,logarithmic,p0,1.0,0.8,A1_balanced_q01_q99,R2,R2,1.0,1.0,2,129,0.8822958249547015,0.0602313949835743,0.05747278006172411,2.048e-16,2.998925629084324,0.2213116933514807,7.04960382676961,0.01503010812614436,0.011481359347775295
0.22548952969834554,6.24729692295253,0.0531116279259453,-0.027036640967495543,0.5992693800114371,0.5676131129031139,0.0531116279259453,1.0,0.5873439344246482,0.7426935003237176,1.3023103306568837,2.9921481008147373,8.452200270254924e+18,1.1540070768988055e+18,3.937926528462719e+17,6.3034086214068056e+16,-0.35834440250834954,7.66053886991358e-15,0,0.9533282987239438,1e+19,4096,exponential,p0,1.0,0.8,A1_balanced_q01_q99,R2,R2,1.0,1.0,2,129,0.8452200270254924,0.11540070768988055,0.039379265284627187,2.048e-16,3.0114336635830927,0.21520735927894521,6.814114917167469,0.01928556276835547,0.014592632183785011
0.23496365427492022,5.78670583216135,0.0531116279259453,-0.027036640967495543,0.5992693800114371,0.5676131129031139,0.0531116279259453,1.0,0.5791825706987612,0.7587855544853473,1.3100756911000382,2.9999134612578917,8.157993291231744e+18,1.1138380173628408e+18,7.281686914054166e+17,1.2583475167484773e+17,-0.21542914726855128,1.5193402091995267e-13,0,0.9121711855730348,1e+19,4096,power,p0,1.0,0.8,A1_balanced_q01_q99,R2,R2,1.0,1.0,2,129,0.8157993291231744,0.11138380173628408,0.07281686914054165,2.048e-16,3.0114336635830927,0.21520735927894521,6.814114917167469,0.011520202325201012,0.008716887198660529
0.23004304633516615,6.019150641947359,0.0531116279259453,-0.027036640967495543,0.5992693800114371,0.5676131129031139,0.0531116279259453,1.0,0.5833651576691097,0.750467393418499,1.3060263307374196,2.995864100895273,8.307982500143049e+18,1.1343165440195308e+18,5.5770095583742086e+17,9.265442734574747e+16,-0.31354412626741046,5.651035195342047e-14,0,0.9333355757054682,1e+19,4096,logarithmic,p0,1.0,0.8,A1_balanced_q01_q99,R2,R2,1.0,1.0,2,129,0.8307982500143049,0.11343165440195307,0.05577009558374209,2.048e-16,3.0114336635830927,0.21520735927894521,6.814114917167469,0.015569562687819616,0.01178088004455512
0.213663198987469,5.899429828588257,0.0531116279259453,-0.027036640967495543,0.5992693800114371,0.5676131129031139,0.0531116279259453,1.0,0.5982008276686523,0.7546992836208486,1.3246963921827537,3.014534162340607,7.562946296269578e+18,2.0651885353013458e+18,3.718651684290769e+17,6.3034086214068056e+16,-0.3742528865093852,8.770761894538737e-15,0,0.9559769992975631,1e+19,8192,exponential,p0,1.0,0.8,A1_balanced_q01_q99,R2,R2,1.0,1.0,2,129,0.7562946296269578,0.20651885353013458,0.03718651684290769,0.0,3.0346514285532704,0.2044611410334612,6.403048959103759,0.02011726621266341,0.014959147750377998
0.2221763447642069,5.485744749525389,0.0531116279259453,-0.027036640967495543,0.5992693800114371,0.5676131129031139,0.0531116279259453,1.0,0.590307234748473,0.7702139613239867,1.3321586012787985,3.021996371436652,7.312816300553943e+18,1.99688637113793e+18,6.902973283081271e+17,1.2583475167484773e+17,-0.23627116140782367,1.300626273348371e-13,0,0.9169065256992486,1e+19,8192,power,p0,1.0,0.8,A1_balanced_q01_q99,R2,R2,1.0,1.0,2,129,0.7312816300553943,0.199688637113793,0.0690297328308127,0.0,3.0346514285532704,0.2044611410334612,6.403048959103759,0.012655057116618629,0.009410268134633748
0.21775120742095674,5.695003246507016,0.0531116279259453,-0.027036640967495543,0.5992693800114371,0.5676131129031139,0.0531116279259453,1.0,0.5943587246029565,0.7621856863790671,1.3282647196700772,3.018102489827931,7.440562999159029e+18,2.031769736303692e+18,5.276672645372803e+17,9.265442734574747e+16,-0.33097579382415454,4.424238753131249e-14,0,0.9370247773261939,1e+19,8192,logarithmic,p0,1.0,0.8,A1_balanced_q01_q99,R2,R2,1.0,1.0,2,129,0.7440562999159028,0.2031769736303692,0.052766726453728034,2.048e-16,3.0346514285532704,0.2044611410334612,6.403048959103759,0.016548938725339468,0.012305748548899709
0.16902676813780934,4.576808758760682,0.0531116279259453,-0.027036640967495543,0.5992693800114371,0.5676131129031139,0.0531116279259453,1.0,0.6478116700783413,0.8102729095102447,1.4276880946053747,3.1175258647632282,4.64161915726882e+18,5.069885884846157e+18,2.884949578850226e+17,6.3034086214068056e+16,-0.44310488434881456,2.9976021664879227e-15,0,0.9659928169693093,1e+19,32768,exponential,p0,1.0,0.8,A1_balanced_q01_q99,R2,R2,1.0,1.0,2,129,0.464161915726882,0.5069885884846157,0.02884949578850226,0.0,3.141230674780817,0.16337528406908372,4.875794103672979,0.02370481001758895,0.01633245549298512
0.17433757921105617,4.320776175688361,0.0531116279259453,-0.027036640967495543,0.5992693800114371,0.5676131129031139,0.0531116279259453,1.0,0.6410337348907421,0.8234342166326368,1.4339383932796215,3.123776163437475,4.519641952693884e+18,4.936654250195773e+18,5.437037971103432e+17,1.2583475167484773e+17,-0.32542000419612854,5.229150445984487e-14,0,0.9350563806584087,1e+19,32768,power,p0,1.0,0.8,A1_balanced_q01_q99,R2,R2,1.0,1.0,2,129,0.4519641952693884,0.49366542501957733,0.05437037971103432,2.048e-16,3.141230674780817,0.16337528406908372,4.875794103672979,0.017454511343342194,0.01202604152724341
0.1715680243286058,4.451466330757288,0.0531116279259453,-0.027036640967495543,0.5992693800114371,0.5676131129031139,0.0531116279259453,1.0,0.6445333124033329,0.8165950267641283,1.4306684013546769,3.12050617151253,4.582375702400016e+18,5.00517623387479e+18,4.1244806372519226e+17,9.265442734574747e+16,-0.40612728273280196,1.5765166949677223e-14,0,0.951070079418467,1e+19,32768,logarithmic,p0,1.0,0.8,A1_balanced_q01_q99,R2,R2,1.0,1.0,2,129,0.4582375702400016,0.5005176233874791,0.041244806372519226,0.0,3.141230674780817,0.16337528406908372,4.875794103672979,0.02072450326828701,0.0142790440839798
0.10898376536439133,2.798078852470413,0.0531116279259453,-0.027036640967495543,0.5992693800114371,0.5676131129031139,0.0531116279259453,1.0,0.7520519477002867,0.9299190129352439,1.646907147628482,3.3367449177863353,1.8296710147722053e+18,7.993954641607416e+18,1.7637434362038064e+17,6.3034086214068056e+16,-0.572267816851449,2.609024107869118e-15,0,0.9793278814580488,1e+19,131072,exponential,p0,1.0,0.8,A1_balanced_q01_q99,R2,R2,1.0,1.0,2,129,0.18296710147722053,0.7993954641607416,0.017637434362038063,2.048e-16,3.3671545656485984,0.10675396678354974,2.907809368728097,0.03040964786226308,0.01812993701846613
0.11112548846802536,2.6985631889099246,0.0531116279259453,-0.027036640967495543,0.5992693800114371,0.5676131129031139,0.0531116279259453,1.0,0.7470924134111371,0.9393925164472737,1.6513270147672865,3.34116478492514,1.7992749151766856e+18,7.861152056067952e+18,3.3957302875536557e+17,1.2583475167484773e+17,-0.48693241186746683,1.609823385706477e-15,0,0.9598667214960224,1e+19,131072,power,p0,1.0,0.8,A1_balanced_q01_q99,R2,R2,1.0,1.0,2,129,0.17992749151766857,0.7861152056067952,0.033957302875536555,4.096e-16,3.3671545656485984,0.10675396678354974,2.907809368728097,0.025989780723458367,0.01549485511224141
0.11000331335806685,2.7500139688976404,0.0531116279259453,-0.027036640967495543,0.5992693800114371,0.5676131129031139,0.0531116279259453,1.0,0.749674870998271,0.9344398088340329,1.649006177011451,3.3388439471693045,1.8150638901582492e+18,7.930135140360735e+18,2.5480096948101706e+17,9.265442734574747e+16,-0.5454078200359586,5.162537064506978e-15,0,0.9700163242074544,1e+19,131072,logarithmic,p0,1.0,0.8,A1_balanced_q01_q99,R2,R2,1.0,1.0,2,129,0.18150638901582491,0.7930135140360735,0.025480096948101705,2.048e-16,3.3671545656485984,0.10675396678354974,2.907809368728097,0.028310618479293836,0.016878516065303318
5.018537950010504,310.271331395453,0.0531116279259453,-0.027036640967495543,0.5992693800114371,0.5676131129031139,0.0531116279259453,1.0,0.20454027922398635,0.24894198409507992,0.4440285820991332,2.1338663522569865,9.342650708450199e+21,6.377916216968669e+20,1.9557669852934664e+19,6.3034086214068056e+16,-0.1770608372536025,1.7852386235972517e-13,0,0.9977257753885971,1e+22,2048,exponential,p0,1.0,0.8,A1_balanced_q01_q99,R2,R2,1.0,1.0,2,129,0.93426507084502,0.06377916216968668,0.0019557669852934664,0.0,2.1431835539034494,5.0071376358424855,311.58715294570754,0.00931720164646288,0.020552086245256233
5.029848433153183,308.9743013077103,0.0531116279259453,-0.027036640967495543,0.5992693800114371,0.5676131129031139,0.0531116279259453,1.0,0.20438378872889415,0.24923403712160325,0.44416131857746105,2.1339990887353144,9.324563431903116e+21,6.365568636179194e+20,3.88797044789653e+19,1.2583475167484773e+17,-0.1744022329630911,2.4424906541753444e-15,0,0.9954745705706074,1e+22,2048,power,p0,1.0,0.8,A1_balanced_q01_q99,R2,R2,1.0,1.0,2,129,0.9324563431903117,0.06365568636179193,0.0038879704478965303,0.0,2.1431835539034494,5.0071376358424855,311.58715294570754,0.009184465168134981,0.02025929323143098
5.023878496982897,309.6578629630171,0.0531116279259453,-0.027036640967495543,0.5992693800114371,0.5676131129031139,0.0531116279259453,1.0,0.20446632922492713,0.24907992399835183,0.44409123801477646,2.13392900817263,9.334100874969471e+21,6.372079530645826e+20,2.86911719659463e+19,9.265442734574747e+16,-0.17622319311953832,1.9984014443252818e-15,0,0.9966621772986282,1e+22,2048,logarithmic,p0,1.0,0.8,A1_balanced_q01_q99,R2,R2,1.0,1.0,2,129,0.9334100874969471,0.06372079530645826,0.00286911719659463,0.0,2.1431835539034494,5.0071376358424855,311.58715294570754,0.009254545730819519,0.020413878462389963
4.879744466296455,299.9491206734376,0.0531116279259453,-0.027036640967495543,0.5992693800114371,0.5676131129031139,0.0531116279259453,1.0,0.2064999315158967,0.25131065507637396,0.4482666734233697,2.138104443581223,8.782050370660169e+21,1.1990426106074683e+21,1.890701873236337e+19,6.3034086214068056e+16,-0.17884551553698227,1.574296248918472e-13,0,0.9978015066938364,1e+22,4096,exponential,p0,1.0,0.8,A1_balanced_q01_q99,R2,R2,1.0,1.0,2,129,0.8782050370660169,0.11990426106074684,0.001890701873236337,0.0,2.147515168977484,4.869028164926255,301.17872139461934,0.009410725396260755,0.02056191854902864
4.890377805993355,298.7366508920056,0.0531116279259453,-0.027036640967495543,0.5992693800114371,0.5676131129031139,0.0531116279259453,1.0,0.2063471680939197,0.25159572466342645,0.4483962214203551,2.1382339915782085,8.765610524154295e+21,1.1967980235645332e+21,3.759145228117121e+19,1.2583475167484773e+17,-0.17625036755545243,4.440892098500626e-16,0,0.9956248002823926,1e+22,4096,power,p0,1.0,0.8,A1_balanced_q01_q99,R2,R2,1.0,1.0,2,129,0.8765610524154295,0.11967980235645331,0.0037591452281171204,0.0,2.147515168977484,4.869028164926255,301.17872139461934,0.009281177399275364,0.02027886328495059
4.884765099400191,299.3757005366866,0.0531116279259453,-0.027036640967495543,0.5992693800114371,0.5676131129031139,0.0531116279259453,1.0,0.20642774727758226,0.2514452904626059,0.4483278226609546,2.138165592818808,8.77427984154054e+21,1.1979816743650017e+21,2.7738484094458683e+19,9.265442734574747e+16,-0.17802786435009285,8.881784197001252e-16,0,0.9967731634857324,1e+22,4096,logarithmic,p0,1.0,0.8,A1_balanced_q01_q99,R2,R2,1.0,1.0,2,129,0.877427984154054,0.11979816743650017,0.0027738484094458685,0.0,2.147515168977484,4.869028164926255,301.17872139461934,0.00934957615867571,0.020428310820653498
4.6354650724639805,281.9238557554581,0.0531116279259453,-0.027036640967495543,0.5992693800114371,0.5676131129031139,0.0531116279259453,1.0,0.2101371644705771,0.25570806303957083,0.4561338173075188,2.145971587465372,7.841089118692795e+21,2.141140068677713e+21,1.7770812629492031e+19,6.3034086214068056e+16,-0.18215253395161718,1.2634338020234281e-13,0,0.9979337414160128,1e+22,8192,exponential,p0,1.0,0.8,A1_balanced_q01_q99,R2,R2,1.0,1.0,2,129,0.7841089118692796,0.2141140068677713,0.0017770812629492032,0.0,2.155555634547043,4.625896891539429,283.0099172045741,0.009584047081670821,0.020579084064642313
4.6449614882882,280.8522629456357,0.0531116279259453,-0.027036640967495543,0.5992693800114371,0.5676131129031139,0.0531116279259453,1.0,0.20999100262524514,0.2559807671972005,0.456257721609958,2.1460954917678117,7.827287671686414e+21,2.1373713535485034e+21,3.5340974765083103e+19,1.2583475167484773e+17,-0.17966976318957342,2.6645352591003757e-15,0,0.9958871934310496,1e+22,8192,power,p0,1.0,0.8,A1_balanced_q01_q99,R2,R2,1.0,1.0,2,129,0.7827287671686414,0.21373713535485034,0.00353409747650831,2.097152e-16,2.155555634547043,4.625896891539429,283.0099172045741,0.00946014277923135,0.020313033925892107
4.639948611255116,281.4171432306438,0.0531116279259453,-0.027036640967495543,0.5992693800114371,0.5676131129031139,0.0531116279259453,1.0,0.21006810719048488,0.2558368480637767,0.4561922999157175,2.146030070073571,7.834566497498446e+21,2.1393589582502423e+21,2.6074544251311493e+19,9.265442734574747e+16,-0.18137028913344017,8.881784197001252e-16,0,0.9969669836425656,1e+22,8192,logarithmic,p0,1.0,0.8,A1_balanced_q01_q99,R2,R2,1.0,1.0,2,129,0.7834566497498446,0.21393589582502423,0.0026074544251311494,0.0,2.155555634547043,4.625896891539429,283.0099172045741,0.00952556447347197,0.020453508877022138
3.702161244397612,214.87592249779928,0.0531116279259453,-0.027036640967495543,0.5992693800114371,0.5676131129031139,0.0531116279259453,1.0,0.22682888545225652,0.27590278204425683,0.49225129084651525,2.1820890610043686,4.773031875753225e+21,5.213423616822722e+21,1.3544507424053686e+19,6.3034086214068056e+16,-0.19725093144377565,4.3076653355456074e-14,0,0.998425478100146,1e+22,32768,exponential,p0,1.0,0.8,A1_balanced_q01_q99,R2,R2,1.0,1.0,2,129,0.4773031875753225,0.5213423616822722,0.0013544507424053686,2.097152e-16,2.1924647324220055,3.696336697083492,215.50640865007304,0.010375671417636845,0.020642886666680287
3.7079473413611423,214.25240188066772,0.0531116279259453,-0.027036640967495543,0.5992693800114371,0.5676131129031139,0.0531116279259453,1.0,0.22670848320617365,0.276127282826169,0.4923532192547501,2.1821909894126037,4.766619743601965e+21,5.20641985861164e+21,2.69603977863935e+19,1.2583475167484773e+17,-0.19520642798339552,3.3306690738754696e-15,0,0.9968638010821884,1e+22,32768,power,p0,1.0,0.8,A1_balanced_q01_q99,R2,R2,1.0,1.0,2,129,0.4766619743601965,0.5206419858611641,0.0026960397786393504,0.0,2.1924647324220055,3.696336697083492,215.50640865007304,0.010273743009401759,0.02044009530074219
3.704892384846279,214.58126256225833,0.0531116279259453,-0.027036640967495543,0.5992693800114371,0.5676131129031139,0.0531116279259453,1.0,0.22677202205839986,0.2760087713316743,0.4922993926194545,2.182137162777308,4.770002913585664e+21,5.210115182412502e+21,1.9881904001833525e+19,9.265442734574747e+16,-0.1966067710717494,1.6142642778049776e-13,0,0.9976880349252633,1e+22,32768,logarithmic,p0,1.0,0.8,A1_balanced_q01_q99,R2,R2,1.0,1.0,2,129,0.4770002913585664,0.5210115182412501,0.0019881904001833525,0.0,2.1924647324220055,3.696336697083492,215.50640865007304,0.010327569644697387,0.020547185925274467
2.4175605836099683,128.2983949686654,0.0531116279259453,-0.027036640967495543,0.5992693800114371,0.5676131129031139,0.0531116279259453,1.0,0.26219364977370546,0.31874444460425216,0.5688273593018639,2.2586651294597173,1.8610148557000136e+21,8.130897972210407e+21,8.08717208958141e+18,6.3034086214068056e+16,-0.22894299304138904,4.218847493575595e-15,0,0.9990601391416989,1e+22,131072,exponential,p0,1.0,0.8,A1_balanced_q01_q99,R2,R2,1.0,1.0,2,129,0.18610148557000136,0.8130897972210407,0.0008087172089581411,2.097152e-16,2.2707036700715384,2.4152894804725173,128.52297303152443,0.01203854061182108,0.020725163266788194
2.419819339150011,128.0756357395828,0.0531116279259453,-0.027036640967495543,0.5992693800114371,0.5676131129031139,0.0531116279259453,1.0,0.26211041542505575,0.3188995158350251,0.5688976986105684,2.258735468768422,1.8595194014194485e+21,8.124364232761666e+21,1.6116365818888653e+19,1.2583475167484773e+17,-0.2275302507238418,8.348877145181177e-14,0,0.9981262634733542,1e+22,131072,power,p0,1.0,0.8,A1_balanced_q01_q99,R2,R2,1.0,1.0,2,129,0.18595194014194485,0.8124364232761666,0.0016116365818888653,4.194304e-16,2.2707036700715384,2.4152894804725173,128.52297303152443,0.011968201303116377,0.0206040693814096
2.4186264287188135,128.19320680774092,0.0531116279259453,-0.027036640967495543,0.5992693800114371,0.5676131129031139,0.0531116279259453,1.0,0.2621543607768539,0.3188176271336303,0.5688605462606656,2.2586983164185193,1.8603088678045124e+21,8.127813464029101e+21,1.187766816638621e+19,9.265442734574747e+16,-0.22849788208421382,2.2870594307278225e-14,0,0.9986193600223702,1e+22,131072,logarithmic,p0,1.0,0.8,A1_balanced_q01_q99,R2,R2,1.0,1.0,2,129,0.18603088678045124,0.8127813464029101,0.0011877668166386211,0.0,2.2707036700715384,2.4152894804725173,128.52297303152443,0.012005353653019135,0.020668029668815487
40.065459684848875,3893.0712772715196,0.0531116279259453,-0.027036640967495543,0.5992693800114371,0.5676131129031139,0.0531116279259453,1.0,0.10093607253173174,0.12263715897550719,0.21891243166799004,1.9087502018258435,9.358661418585911e+23,6.388846195087982e+22,2.45396190529045e+20,6.3034086214068056e+16,-0.08850827825279434,3.552713678800501e-15,0,0.9997148900869015,1e+24,2048,exponential,p0,1.0,0.8,A1_balanced_q01_q99,R2,R2,1.0,1.0,2,129,0.9358661418585912,0.06388846195087981,0.000245396190529045,0.0,1.91340257677864,40.05403825337882,3895.137240569872,0.0046523749527964675,0.020809961205959657
40.07683280164484,3891.0157268622784,0.0531116279259453,-0.027036640967495543,0.5992693800114371,0.5676131129031139,0.0531116279259453,1.0,0.10092633310299413,0.12265528889370032,0.2189206472420872,1.9087584173999408,9.356375202841805e+23,6.387285471806673e+22,4.8962499775264195e+20,1.2583475167484773e+17,-0.08834304605226169,3.1086244689504383e-15,0,0.9994310669887732,1e+24,2048,power,p0,1.0,0.8,A1_balanced_q01_q99,R2,R2,1.0,1.0,2,129,0.9356375202841806,0.06387285471806672,0.0004896249977526419,0.0,1.91340257677864,40.05403825337882,3895.137240569872,0.00464415937869922,0.020773213140728174
40.07082463724772,3892.10142041543,0.0531116279259453,-0.027036640967495543,0.5992693800114371,0.5676131129031139,0.0531116279259453,1.0,0.10093147776482882,0.12264571156878008,0.2189163069861081,1.9087540771439615,9.357582809270966e+23,6.3881098644623135e+22,3.6062042828016196e+20,9.265442734574747e+16,-0.08845621898395599,3.1086244689504383e-15,0,0.9995809943753087,1e+24,2048,logarithmic,p0,1.0,0.8,A1_balanced_q01_q99,R2,R2,1.0,1.0,2,129,0.9357582809270967,0.06388109864462313,0.00036062042828016196,0.0,1.91340257677864,40.05403825337882,3895.137240569872,0.004648499634678505,0.020792627001275914
38.95998245702962,3763.0916105144424,0.0531116279259453,-0.027036640967495543,0.5992693800114371,0.5676131129031139,0.0531116279259453,1.0,0.10190082339952139,0.12380831503410113,0.22100381164187563,1.910841581799729,8.79659898779028e+23,1.201028981799633e+23,2.3720304100860356e+20,6.3034086214068056e+16,-0.08935971216807755,3.552713678800501e-15,0,0.9997244103049829,1e+24,4096,exponential,p0,1.0,0.8,A1_balanced_q01_q99,R2,R2,1.0,1.0,2,129,0.8796598987790281,0.12010289817996331,0.00023720304100860356,0.0,1.9155386872733293,38.94924696670958,3765.0218973431524,0.004697105473600249,0.020811193563724118
38.97067272310065,3761.17096665179,0.0531116279259453,-0.027036640967495543,0.5992693800114371,0.5676131129031139,0.0531116279259453,1.0,0.10189131892909653,0.12382600736097597,0.2210118288072292,1.9108495989650827,8.7945217678209e+23,1.200745372033147e+23,4.7328601459527496e+20,1.2583475167484773e+17,-0.08919846717834919,1.3322676295501878e-15,0,0.9994500570068263,1e+24,4096,power,p0,1.0,0.8,A1_balanced_q01_q99,R2,R2,1.0,1.0,2,129,0.87945217678209,0.12007453720331471,0.000473286014595275,0.0,1.9155386872733293,38.94924696670958,3765.0218973431524,0.004689088308246658,0.020775672372866656
38.96502527008597,3762.185416425759,0.0531116279259453,-0.027036640967495543,0.5992693800114371,0.5676131129031139,0.0531116279259453,1.0,0.10189633951469915,0.12381666114957397,0.22100759335714493,1.9108453635149985,8.795618989306715e+23,1.2008951793400101e+23,3.4858313532745115e+20,9.265442734574747e+16,-0.08930890914341143,2.6645352591003757e-15,0,0.9995949829693824,1e+24,4096,logarithmic,p0,1.0,0.8,A1_balanced_q01_q99,R2,R2,1.0,1.0,2,129,0.8795618989306715,0.12008951793400101,0.00034858313532745114,0.0,1.9155386872733293,38.94924696670958,3765.0218973431524,0.0046933237583308696,0.020794438136596802
37.01392978446326,3536.1899916938874,0.0531116279259453,-0.027036640967495543,0.5992693800114371,0.5676131129031139,0.0531116279259453,1.0,0.10369160049943493,0.1259822860849492,0.2248859072433175,1.914723677401171,7.853297283424755e+23,2.1444737115271865e+23,2.229005048057571e+20,6.3034086214068056e+16,-0.09093980875573598,3.552713678800501e-15,0,0.9997410292781312,1e+24,8192,exponential,p0,1.0,0.8,A1_balanced_q01_q99,R2,R2,1.0,1.0,2,129,0.7853297283424755,0.21444737115271867,0.0002229005048057571,1.3421772800000001e-16,1.919503795573991,37.004345501425576,3537.8944784229056,0.00478011817281998,0.020813344786887053
37.023473987039694,3534.4938872107027,0.0531116279259453,-0.027036640967495543,0.5992693800114371,0.5676131129031139,0.0531116279259453,1.0,0.1036825117671974,0.12599920416348342,0.22489357337232868,1.9147313435301823,7.851554549429776e+23,2.1439978289642908e+23,4.4476216059342606e+20,1.2583475167484773e+17,-0.09078561863211612,2.6645352591003757e-15,0,0.999483208173038,1e+24,8192,power,p0,1.0,0.8,A1_balanced_q01_q99,R2,R2,1.0,1.0,2,129,0.7851554549429777,0.21439978289642908,0.00044476216059342606,1.3421772800000001e-16,1.919503795573991,37.004345501425576,3537.8944784229056,0.004772452043808828,0.02077996532208685
37.018431939812814,3535.389755787829,0.0531116279259453,-0.027036640967495543,0.5992693800114371,0.5676131129031139,0.0531116279259453,1.0,0.10368731280560166,0.1259902668777611,0.22488952335277906,1.9147272935106325,7.852475103320591e+23,2.144249201546743e+23,3.275695132665433e+20,9.265442734574747e+16,-0.09089122849597028,4.440892098500626e-16,0,0.9996194025935234,1e+24,8192,logarithmic,p0,1.0,0.8,A1_balanced_q01_q99,R2,R2,1.0,1.0,2,129,0.7852475103320592,0.21442492015467432,0.00032756951326654336,1.3421772800000001e-16,1.919503795573991,37.004345501425576,3537.8944784229056,0.004776502063358556,0.0207975997089853
29.574264567495216,2693.04760472883,0.0531116279259453,-0.027036640967495543,0.5992693800114371,0.5676131129031139,0.0531116279259453,1.0,0.11191172248852856,0.13596226824373167,0.24270659636948075,1.9325443665273343,4.778694141306582e+23,5.219608320744469e+23,1.6975379489506653e+20,6.3034086214068056e+16,-0.09818798931406657,1.3322676295501878e-15,0,0.9998027815393753,1e+24,32768,exponential,p0,1.0,0.8,A1_balanced_q01_q99,R2,R2,1.0,1.0,2,129,0.4778694141306582,0.5219608320744469,0.00016975379489506654,1.3421772800000001e-16,1.937705300087363,29.56843255167263,2694.036098659802,0.005160933560028669,0.020821337758505355
29.58007285985996,2692.0636858953203,0.0531116279259453,-0.027036640967495543,0.5992693800114371,0.5676131129031139,0.0531116279259453,1.0,0.1119042508947248,0.13597617501814455,0.24271289739678112,1.9325506675546347,4.777886398330004e+23,5.218726050015919e+23,3.387551654075129e+20,1.2583475167484773e+17,-0.0980612393901679,4.440892098500626e-16,0,0.9996064039739756,1e+24,32768,power,p0,1.0,0.8,A1_balanced_q01_q99,R2,R2,1.0,1.0,2,129,0.4777886398330004,0.5218726050015918,0.0003387551654075129,1.3421772800000001e-16,1.937705300087363,29.56843255167263,2694.036098659802,0.005154632532728298,0.020795916811670718
29.577004350638187,2692.5834193693872,0.0531116279259453,-0.027036640967495543,0.5992693800114371,0.5676131129031139,0.0531116279259453,1.0,0.11190819787778894,0.13596882826013132,0.24270956849646416,1.9325473386543177,4.778313090548677e+23,5.219192111703301e+23,2.4947977480232518e+20,9.265442734574747e+16,-0.09814805458552703,5.329070518200751e-15,0,0.999710145043319,1e+24,32768,logarithmic,p0,1.0,0.8,A1_balanced_q01_q99,R2,R2,1.0,1.0,2,129,0.4778313090548677,0.5219192111703301,0.0002494797748023252,1.3421772800000001e-16,1.937705300087363,29.56843255167263,2694.036098659802,0.005157961433045255,0.020809346970586264
19.323111268188484,1606.3083720504915,0.0531116279259453,-0.027036640967495543,0.5992693800114371,0.5676131129031139,0.0531116279259453,1.0,0.12933540634619434,0.15711964855267466,0.28048336649581684,1.9703211366536704,1.8623325242492612e+23,8.136654953946639e+23,1.0125218041021e+20,6.3034086214068056e+16,-0.11353302422750777,2.220446049250313e-15,0,0.9998823701399173,1e+24,131072,exponential,p0,1.0,0.8,A1_balanced_q01_q99,R2,R2,1.0,1.0,2,129,0.1862332524249261,0.8136654953946639,0.00010125218041020999,2.6843545600000003e-16,1.9762883719785738,19.320838426993262,1606.6600108223258,0.005967235324903397,0.02083163828937629
19.32537519831271,1605.958229550697,0.0531116279259453,-0.027036640967495543,0.5992693800114371,0.5676131129031139,0.0531116279259453,1.0,0.12933025489481026,0.15712923589422986,0.2804877099116069,1.9703254800694605,1.862144720333114e+23,8.13583442611673e+23,2.0208535501569006e+20,1.2583475167484773e+17,-0.11344563863500275,8.881784197001252e-16,0,0.9997652152221548,1e+24,131072,power,p0,1.0,0.8,A1_balanced_q01_q99,R2,R2,1.0,1.0,2,129,0.1862144720333114,0.813583442611673,0.00020208535501569006,1.3421772800000001e-16,1.9762883719785738,19.320838426993262,1606.6600108223258,0.005962891909113255,0.020816475410463053
19.324179126997617,1606.1432009383539,0.0531116279259453,-0.027036640967495543,0.5992693800114371,0.5676131129031139,0.0531116279259453,1.0,0.1293329763900731,0.15712417081192936,0.2804854151809999,1.9703231853388534,1.8622439351125246e+23,8.136267902102295e+23,1.48816278518209e+20,9.265442734574747e+16,-0.1135054919250561,2.6645352591003757e-15,0,0.9998271083713179,1e+24,131072,logarithmic,p0,1.0,0.8,A1_balanced_q01_q99,R2,R2,1.0,1.0,2,129,0.18622439351125247,0.8136267902102295,0.00014881627851820898,1.3421772800000001e-16,1.9762883719785738,19.320838426993262,1606.6600108223258,0.0059651866397203435,0.02082448632261472
0.2461296979281701,5.784558570059291,0.1136718029556062,0.03352353406216535,0.6353652247770848,0.5676131129031139,0.1136718029556062,1.0,0.5701120830576781,0.7588643800447812,1.2703851041863032,2.960222874344157,8.542509920979005e+18,5.831686772721668e+17,8.743214017488274e+17,1.511474715243251e+17,-0.3283306919150466,1.3827827771706325e-13,0,0.893713460678941,1e+19,2048,exponential,p0,1.0,0.5,A1_balanced_q01_q99,R2,R2,1.0,1.0,2,129,0.8542509920979006,0.05831686772721668,0.08743214017488274,0.0,2.998925629084324,0.2213116933514807,7.04960382676961,0.038702754740167045,0.02956467320070177
0.26643982567891794,4.991061273396714,0.1136718029556062,0.03352353406216535,0.6353652247770848,0.5676131129031139,0.1136718029556062,1.0,0.5549486586095714,0.7908587565553683,1.2864740202680325,2.976311790425886,7.978904973819713e+18,5.4469324621275904e+17,1.476401779967527e+18,2.958091874842377e+17,-0.19603191438719653,1.375566327510569e-13,0,0.814423661741495,1e+19,2048,power,p0,1.0,0.5,A1_balanced_q01_q99,R2,R2,1.0,1.0,2,129,0.7978904973819713,0.054469324621275905,0.1476401779967527,2.048e-16,2.998925629084324,0.2213116933514807,7.04960382676961,0.022613838658438024,0.017274500335663436
0.25232951613414567,5.522884136016796,0.1136718029556062,0.03352353406216535,0.6353652247770848,0.5676131129031139,0.1136718029556062,1.0,0.565310472295755,0.7687607602617206,1.2752552575747287,2.965093027732582,8.361520090236404e+18,5.708131048268052e+17,1.0676668049367912e+18,1.9331689360892726e+17,-0.336532324182766,8.176792576364278e-14,0,0.8688362479769287,1e+19,2048,logarithmic,p0,1.0,0.5,A1_balanced_q01_q99,R2,R2,1.0,1.0,2,129,0.8361520090236404,0.05708131048268052,0.10676668049367911,0.0,2.998925629084324,0.2213116933514807,7.04960382676961,0.03383260135174204,0.025844408471931573
0.23860171357182272,5.623600254116489,0.1136718029556062,0.03352353406216535,0.6353652247770848,0.5676131129031139,0.1136718029556062,1.0,0.5761649106287581,0.7648820495423208,1.2819234422245116,2.971761212382365,8.050803942450792e+18,1.0992030982759483e+18,8.499929592732594e+17,1.511474715243251e+17,-0.33711810118025476,1.5060175329040248e-13,0,0.8968063336814607,1e+19,4096,exponential,p0,1.0,0.5,A1_balanced_q01_q99,R2,R2,1.0,1.0,2,129,0.8050803942450793,0.10992030982759483,0.08499929592732594,0.0,3.0114336635830927,0.21520735927894521,6.814114917167469,0.03967245120072782,0.030018594487235064
0.2578186957403572,4.8687235421558555,0.1136718029556062,0.03352353406216535,0.6353652247770848,0.5676131129031139,0.1136718029556062,1.0,0.5611893327872858,0.7963712056055896,1.2977089767108123,2.9875467468686656,7.531487721353969e+18,1.0282991235555283e+18,1.4402131550905034e+18,2.958091874842377e+17,-0.20667693174382434,1.6170398353665405e-13,0,0.8193454168929424,1e+19,4096,power,p0,1.0,0.5,A1_balanced_q01_q99,R2,R2,1.0,1.0,2,129,0.7531487721353969,0.10282991235555283,0.14402131550905034,0.0,3.0114336635830927,0.21520735927894521,6.814114917167469,0.02388691671442711,0.01807429701715997
0.2444624241496701,5.375317988766339,0.1136718029556062,0.03352353406216535,0.6353652247770848,0.5676131129031139,0.1136718029556062,1.0,0.5714310698948784,0.7746102487454285,1.2866976115047277,2.9765353816625812,7.88437959665489e+18,1.0764806275966143e+18,1.0391397757484952e+18,1.9331689360892726e+17,-0.3450008863237658,8.47655279301307e-14,0,0.8725404124509442,1e+19,4096,logarithmic,p0,1.0,0.5,A1_balanced_q01_q99,R2,R2,1.0,1.0,2,129,0.788437959665489,0.10764806275966143,0.10391397757484952,0.0,3.0114336635830927,0.21520735927894521,6.814114917167469,0.034898281920511476,0.026406167039505414
0.2254526545159809,5.338329931058404,0.1136718029556062,0.03352353406216535,0.6353652247770848,0.5676131129031139,0.1136718029556062,1.0,0.5873765938223295,0.7761087256555158,1.3033725485233179,2.9932103186811716,7.221243921835382e+18,1.9718810069225152e+18,8.068750712421024e+17,1.511474715243251e+17,-0.35318676793578996,1.773026170326375e-13,0,0.9022677589326247,1e+19,8192,exponential,p0,1.0,0.5,A1_balanced_q01_q99,R2,R2,1.0,1.0,2,129,0.7221243921835382,0.1971881006922515,0.08068750712421024,0.0,3.0346514285532704,0.2044611410334612,6.403048959103759,0.041441109872098814,0.030815503407026136
0.24281202043574016,4.65007159326032,0.1136718029556062,0.03352353406216535,0.6353652247770848,0.5676131129031139,0.1136718029556062,1.0,0.5727486364611779,0.8066793433592222,1.3186123355192458,3.0084501056770994,6.774559672382278e+18,1.8499064278718538e+18,1.3755338997458698e+18,2.958091874842377e+17,-0.22615032006389651,2.0483614804334138e-13,0,0.8280903725100115,1e+19,8192,power,p0,1.0,0.5,A1_balanced_q01_q99,R2,R2,1.0,1.0,2,129,0.6774559672382278,0.18499064278718538,0.137553389974587,0.0,3.0346514285532704,0.2044611410334612,6.403048959103759,0.02620132287617105,0.019483236738860713
0.2307379760787548,5.113034230994929,0.1136718029556062,0.03352353406216535,0.6353652247770848,0.5676131129031139,0.1136718029556062,1.0,0.5827672215875531,0.7855322714292164,1.3079744767911368,2.9978122469489903,7.078627020486973e+18,1.9329370850609764e+18,9.884358944520499e+17,1.9331689360892726e+17,-0.3605141432168939,9.786615962070755e-14,0,0.879095174006375,1e+19,8192,logarithmic,p0,1.0,0.5,A1_balanced_q01_q99,R2,R2,1.0,1.0,2,129,0.7078627020486974,0.19329370850609764,0.098843589445205,0.0,3.0346514285532704,0.2044611410334612,6.403048959103759,0.036839181604280125,0.027393521306316535
0.17639969720405552,4.227259660004184,0.1136718029556062,0.03352353406216535,0.6353652247770848,0.5676131129031139,0.1136718029556062,1.0,0.6384760918178385,0.8284926960723341,1.4022936810267903,3.0921314511846436,4.47412394416594e+18,4.886936446747651e+18,6.389396090864105e+17,1.511474715243251e+17,-0.42326108327524553,1.0336176359260207e-13,0,0.9232974836568617,1e+19,32768,exponential,p0,1.0,0.5,A1_balanced_q01_q99,R2,R2,1.0,1.0,2,129,0.44741239441659403,0.4886936446747651,0.06389396090864105,2.048e-16,3.141230674780817,0.16337528406908372,4.875794103672979,0.04909922359617358,0.03382903653434088
0.18746573301063665,3.774754348193726,0.1136718029556062,0.03352353406216535,0.6353652247770848,0.5676131129031139,0.1136718029556062,1.0,0.625404273473533,0.8551672515466637,1.4152967063669104,3.105134476524764,4.245822544915349e+18,4.637570438392872e+18,1.1166070166917793e+18,2.958091874842377e+17,-0.3110331179126136,9.403589018575076e-14,0,0.862453839266067,1e+19,32768,power,p0,1.0,0.5,A1_balanced_q01_q99,R2,R2,1.0,1.0,2,129,0.4245822544915349,0.4637570438392872,0.11166070166917794,0.0,3.141230674780817,0.16337528406908372,4.875794103672979,0.036096198256053036,0.024870039078377724
0.17974534509374207,4.082019099012728,0.1136718029556062,0.03352353406216535,0.6353652247770848,0.5676131129031139,0.1136718029556062,1.0,0.6344105852399242,0.8366398397081032,1.4061953685757846,3.096033138733638,4.402343589787733e+18,4.808533158338814e+18,7.891232518734525e+17,1.9331689360892726e+17,-0.42855226370315125,1.9406698470447736e-13,0,0.9045088109897106,1e+19,32768,logarithmic,p0,1.0,0.5,A1_balanced_q01_q99,R2,R2,1.0,1.0,2,129,0.4402343589787733,0.4808533158338814,0.07891232518734526,0.0,3.141230674780817,0.16337528406908372,4.875794103672979,0.04519753604717902,0.03114079991931629
0.11196811838797383,2.660895557068033,0.1136718029556062,0.03352353406216535,0.6353652247770848,0.5676131129031139,0.1136718029556062,1.0,0.745176133873304,0.9430957188877159,1.6138400288578012,3.303677799015655,1.7876128125109624e+18,7.810199552047897e+18,4.021876354411437e+17,1.511474715243251e+17,-0.5560082454048111,1.2490009027033011e-14,0,0.952312637460905,1e+19,131072,exponential,p0,1.0,0.5,A1_balanced_q01_q99,R2,R2,1.0,1.0,2,129,0.17876128125109625,0.7810199552047896,0.04021876354411437,2.048e-16,3.3671545656485984,0.10675396678354974,2.907809368728097,0.06347676663294344,0.03784423240952022
0.11658277336569274,2.4682501079136223,0.1136718029556062,0.03352353406216535,0.6353652247770848,0.5676131129031139,0.1136718029556062,1.0,0.7350139671863881,0.9631437027450237,1.623290004252141,3.3131277744099945,1.726532657644443e+18,7.543336283425747e+18,7.301310589298107e+17,2.958091874842377e+17,-0.4701475266218149,1.535993554568904e-13,0,0.9119252892707124,1e+19,131072,power,p0,1.0,0.5,A1_balanced_q01_q99,R2,R2,1.0,1.0,2,129,0.17265326576444429,0.7543336283425747,0.07301310589298107,2.048e-16,3.3671545656485984,0.10675396678354974,2.907809368728097,0.05402679123860388,0.032210248763887596
0.1133473999680287,2.600959240176183,0.1136718029556062,0.03352353406216535,0.6353652247770848,0.5676131129031139,0.1136718029556062,1.0,0.7420807613700929,0.9491287054313198,1.6166481305980318,3.3064859007558853,1.7688718037807388e+18,7.728318835504967e+18,5.028093607142955e+17,1.9331689360892726e+17,-0.5588266069955021,3.9968028886505635e-14,0,0.9400693723780669,1e+19,131072,logarithmic,p0,1.0,0.5,A1_balanced_q01_q99,R2,R2,1.0,1.0,2,129,0.17688718037807388,0.7728318835504967,0.05028093607142955,0.0,3.3671545656485984,0.10675396678354974,2.907809368728097,0.06066866489271305,0.03617006939643895
5.034393986859793,308.45538674475455,0.1136718029556062,0.03352353406216535,0.6353652247770848,0.5676131129031139,0.1136718029556062,1.0,0.204321029761743,0.24935132123083129,0.43367103397504864,2.123508804132902,9.317315665453824e+21,6.360620827616477e+20,4.662225178452747e+19,1.511474715243251e+17,-0.17646976298997966,2.4424906541753444e-15,0,0.9945712628349639,1e+22,2048,exponential,p0,1.0,0.5,A1_balanced_q01_q99,R2,R2,1.0,1.0,2,129,0.9317315665453824,0.06360620827616477,0.004662225178452747,0.0,2.1431835539034494,5.0071376358424855,311.58715294570754,0.019674749770547173,0.04339899140120429
5.060227391985673,305.5315632900558,0.1136718029556062,0.03352353406216535,0.6353652247770848,0.5676131129031139,0.1136718029556062,1.0,0.203965792820844,0.25001691178512736,0.4339677048480373,2.123805475005891,9.276355114059267e+21,6.332658424531126e+20,9.037904348762035e+19,2.958091874842377e+17,-0.17353935397708276,0.0,0,0.9894530002370951,1e+22,2048,power,p0,1.0,0.5,A1_balanced_q01_q99,R2,R2,1.0,1.0,2,129,0.9276355114059267,0.06332658424531125,0.009037904348762034,2.097152e-16,2.1431835539034494,5.0071376358424855,311.58715294570754,0.019378078897558382,0.042744588330467535
5.041949776843187,307.5957871320583,0.1136718029556062,0.03352353406216535,0.6353652247770848,0.5676131129031139,0.1136718029556062,1.0,0.204216877277407,0.24954616306230204,0.4337577250481467,2.123595495206,9.305295061730315e+21,6.352414762141229e+20,5.9463462055562355e+19,1.9331689360892726e+17,-0.17650662411787363,1.3322676295501878e-15,0,0.9930715538975272,1e+22,2048,logarithmic,p0,1.0,0.5,A1_balanced_q01_q99,R2,R2,1.0,1.0,2,129,0.9305295061730315,0.06352414762141229,0.005946346205556235,0.0,2.1431835539034494,5.0071376358424855,311.58715294570754,0.019588058697449284,0.043207766344732376
4.894651634413832,298.2514481224421,0.1136718029556062,0.03352353406216535,0.6353652247770848,0.5676131129031139,0.1136718029556062,1.0,0.20628589366218508,0.2517102181951217,0.4378041706777085,2.127641940835562,8.759021628112822e+21,1.195898419625004e+21,4.507995226217554e+19,1.511474715243251e+17,-0.17826819852980821,1.3322676295501878e-15,0,0.9947512559117233,1e+22,4096,exponential,p0,1.0,0.5,A1_balanced_q01_q99,R2,R2,1.0,1.0,2,129,0.8759021628112822,0.11958984196250041,0.004507995226217554,0.0,2.147515168977484,4.869028164926255,301.17872139461934,0.019873228141921828,0.04342191288705895
4.918945168779849,295.5163076431524,0.1136718029556062,0.03352353406216535,0.6353652247770848,0.5676131129031139,0.1136718029556062,1.0,0.20593895097392126,0.25236012069727926,0.43809377372593644,2.12793154388379,8.721771082661664e+21,1.1908124784860725e+21,8.741643885226294e+19,2.958091874842377e+17,-0.17540650798030455,1.1102230246251565e-15,0,0.9898002507955161,1e+22,4096,power,p0,1.0,0.5,A1_balanced_q01_q99,R2,R2,1.0,1.0,2,129,0.8721771082661663,0.11908124784860726,0.008741643885226294,2.097152e-16,2.147515168977484,4.869028164926255,301.17872139461934,0.019583625093694046,0.042789146119517334
4.901756269171549,297.44754393012056,0.1136718029556062,0.03352353406216535,0.6353652247770848,0.5676131129031139,0.1136718029556062,1.0,0.20618419207754637,0.2519004415308059,0.4378887897187878,2.1277265598766415,8.748092179254889e+21,1.1944061855409342e+21,5.750163520417583e+19,1.9331689360892726e+17,-0.17830395424528575,1.1102230246251565e-15,0,0.9933007985454692,1e+22,4096,logarithmic,p0,1.0,0.5,A1_balanced_q01_q99,R2,R2,1.0,1.0,2,129,0.8748092179254889,0.11944061855409342,0.005750163520417583,0.0,2.147515168977484,4.869028164926255,301.17872139461934,0.019788609100842347,0.04323702492602449
4.648778997662587,280.4232520448446,0.1136718029556062,0.03352353406216535,0.6353652247770848,0.5676131129031139,0.1136718029556062,1.0,0.2099323591190074,0.2560903175471263,0.44547686365160477,2.1353146338094584,7.821754347373896e+21,2.1358603871228983e+21,4.2385265503206785e+19,1.511474715243251e+17,-0.18159963037956264,3.552713678800501e-15,0,0.9950656706878955,1e+22,8192,exponential,p0,1.0,0.5,A1_balanced_q01_q99,R2,R2,1.0,1.0,2,129,0.7821754347373896,0.21358603871228982,0.004238526550320678,0.0,2.155555634547043,4.625896891539429,283.0099172045741,0.020241000737584613,0.04346193754910355
4.67048558493707,278.0029116442579,0.1136718029556062,0.03352353406216535,0.6353652247770848,0.5676131129031139,0.1136718029556062,1.0,0.20960013091344878,0.2567124097136538,0.4457539482113987,2.1355917183692523,7.790451548430242e+21,2.1273126361580178e+21,8.223581541174025e+19,2.958091874842377e+17,-0.17885980761202505,8.881784197001252e-16,0,0.9904072287396546,1e+22,8192,power,p0,1.0,0.5,A1_balanced_q01_q99,R2,R2,1.0,1.0,2,129,0.7790451548430242,0.21273126361580177,0.008223581541174025,0.0,2.155555634547043,4.625896891539429,283.0099172045741,0.019963916177790697,0.042866975274771804
4.655125873987014,279.71221798796716,0.1136718029556062,0.03352353406216535,0.6353652247770848,0.5676131129031139,0.1136718029556062,1.0,0.2098350028770399,0.2562723572990941,0.445557813670406,2.1353955838282594,7.812573499356491e+21,2.1333534035576126e+21,5.407309708589692e+19,1.9331689360892726e+17,-0.18163346045710335,3.774758283725532e-15,0,0.99370132369671,1e+22,8192,logarithmic,p0,1.0,0.5,A1_balanced_q01_q99,R2,R2,1.0,1.0,2,129,0.7812573499356491,0.21333534035576127,0.005407309708589692,2.097152e-16,2.155555634547043,4.625896891539429,283.0099172045741,0.020160050718783573,0.04328811982599049
3.7102747811201495,214.00237683340643,0.1136718029556062,0.03352353406216535,0.6353652247770848,0.5676131129031139,0.1136718029556062,1.0,0.22666012275194403,0.2762175402308415,0.48070700273349976,2.170544772891353,4.764045731188553e+21,5.203608350652883e+21,3.2345918158565183e+19,1.511474715243251e+17,-0.19679383170156875,3.552713678800501e-15,0,0.99623630845742,1e+22,32768,exponential,p0,1.0,0.5,A1_balanced_q01_q99,R2,R2,1.0,1.0,2,129,0.4764045731188553,0.5203608350652883,0.0032345918158565184,2.097152e-16,2.1924647324220055,3.696336697083492,215.50640865007304,0.02191995953065229,0.043610791255428716
3.723524470296482,212.58753780220616,0.1136718029556062,0.03352353406216535,0.6353652247770848,0.5676131129031139,0.1136718029556062,1.0,0.22638558783372142,0.276730843129246,0.48093524401075427,2.1707730141686077,4.749449394519558e+21,5.187665258653896e+21,6.288534682654527e+19,2.958091874842377e+17,-0.19453132784919774,3.1086244689504383e-15,0,0.9926715893255798,1e+22,32768,power,p0,1.0,0.5,A1_balanced_q01_q99,R2,R2,1.0,1.0,2,129,0.47494493945195576,0.5187665258653895,0.006288534682654527,0.0,2.1924647324220055,3.696336697083492,215.50640865007304,0.021691718253397774,0.04315669449104829
3.714146152801294,213.58748746419946,0.1136718029556062,0.03352353406216535,0.6353652247770848,0.5676131129031139,0.1136718029556062,1.0,0.2265797718518065,0.27636761077202976,0.4807736486041521,2.1706114187620056,4.759770869109906e+21,5.19893906129978e+21,4.129006959031473e+19,1.9331689360892726e+17,-0.1968205303900039,8.881784197001252e-16,0,0.9951934333116081,1e+22,32768,logarithmic,p0,1.0,0.5,A1_balanced_q01_q99,R2,R2,1.0,1.0,2,129,0.4759770869109906,0.519893906129978,0.004129006959031473,2.097152e-16,2.1924647324220055,3.696336697083492,215.50640865007304,0.021853313659999873,0.04347819615875475
2.4207286567951507,127.98612636453922,0.1136718029556062,0.03352353406216535,0.6353652247770848,0.5676131129031139,0.1136718029556062,1.0,0.2620769367756274,0.3189619239935396,0.5554222622960185,2.245260032453872,1.8589181025770726e+21,8.121737118032736e+21,1.9344779390192865e+19,1.511474715243251e+17,-0.22862553356212714,1.638689184346731e-13,0,0.9977505549144895,1e+22,131072,exponential,p0,1.0,0.5,A1_balanced_q01_q99,R2,R2,1.0,1.0,2,129,0.18589181025770726,0.8121737118032736,0.0019344779390192866,0.0,2.2707036700715384,2.4152894804725173,128.52297303152443,0.025443637617666326,0.04380294594922371
2.4259132705590307,127.4776075326912,0.1136718029556062,0.03352353406216535,0.6353652247770848,0.5676131129031139,0.1136718029556062,1.0,0.26188637455830865,0.3193175392565603,0.5555800385520185,2.245417808709872,1.8554977188760285e+21,8.106793233617293e+21,3.770904750667992e+19,2.958091874842377e+17,-0.22705644536851122,4.440892098500626e-16,0,0.9956110877043147,1e+22,131072,power,p0,1.0,0.5,A1_balanced_q01_q99,R2,R2,1.0,1.0,2,129,0.18554977188760285,0.8106793233617293,0.0037709047506679924,2.097152e-16,2.2707036700715384,2.4152894804725173,128.52297303152443,0.025285861361666218,0.04353132343527782
2.422242116984479,127.83736085547173,0.1136718029556062,0.03352353406216535,0.6353652247770848,0.5676131129031139,0.1136718029556062,1.0,0.26202125255768866,0.31906577067466885,0.5554683013926593,2.245306071550513,1.8579182375295996e+21,8.117368640982657e+21,2.471312148774327e+19,1.9331689360892726e+17,-0.228642941305801,2.6645352591003757e-15,0,0.9971255417524069,1e+22,131072,logarithmic,p0,1.0,0.5,A1_balanced_q01_q99,R2,R2,1.0,1.0,2,129,0.18579182375295997,0.8117368640982657,0.0024713121487743273,0.0,2.2707036700715384,2.4152894804725173,128.52297303152443,0.02539759852102552,0.04372368652523678
40.081415204571776,3890.1879856837772,0.1136718029556062,0.03352353406216535,0.6353652247770848,0.5676131129031139,0.1136718029556062,1.0,0.10092240998467436,0.12266259301860473,0.21372768082869897,1.9035654509865525,9.355454392681692e+23,6.3866568654040345e+22,5.879920777904103e+20,1.511474715243251e+17,-0.08847095445391588,1.7763568394002505e-15,0,0.99931673307939,1e+24,2048,exponential,p0,1.0,0.5,A1_balanced_q01_q99,R2,R2,1.0,1.0,2,129,0.9355454392681692,0.06386656865404035,0.0005879920777904104,0.0,1.91340257677864,40.05403825337882,3895.137240569872,0.009837125792087509,0.04400122694075624
40.107584880900944,3885.466016352616,0.1136718029556062,0.03352353406216535,0.6353652247770848,0.5676131129031139,0.1136718029556062,1.0,0.10090001693258009,0.12270429853017603,0.21374614184853336,1.9035839120063869,9.350199483163116e+23,6.383069513839354e+22,1.1493565452948852e+21,2.958091874842377e+17,-0.08828673779960315,1.7763568394002505e-14,0,0.9986640331522096,1e+24,2048,power,p0,1.0,0.5,A1_balanced_q01_q99,R2,R2,1.0,1.0,2,129,0.9350199483163116,0.06383069513839354,0.0011493565452948852,0.0,1.91340257677864,40.05403825337882,3895.137240569872,0.009818664772253127,0.043918651243295526
40.08904704119045,3888.8100115898987,0.1136718029556062,0.03352353406216535,0.6353652247770848,0.5676131129031139,0.1136718029556062,1.0,0.10091587749803649,0.12267475690274537,0.21373306395150202,1.9035708341093556,9.353921249332789e+23,6.3856102395445175e+22,7.517726712758556e+20,1.9331689360892726e+17,-0.08847286389064637,4.440892098500626e-15,0,0.9991263428426884,1e+24,2048,logarithmic,p0,1.0,0.5,A1_balanced_q01_q99,R2,R2,1.0,1.0,2,129,0.935392124933279,0.06385610239544517,0.0007517726712758557,1.3421772800000001e-16,1.91340257677864,40.05403825337882,3895.137240569872,0.009831742669284438,0.04397714836200133
38.974980048183824,3760.397526195787,0.1136718029556062,0.03352353406216535,0.6353652247770848,0.5676131129031139,0.1136718029556062,1.0,0.10188749037249853,0.12383313530112562,0.21576914905924638,1.9056069192171,8.793685113403237e+23,1.2006311408166553e+23,5.6837457801082025e+20,1.511474715243251e+17,-0.08932328626877616,3.1086244689504383e-15,0,0.9993395357671058,1e+24,4096,exponential,p0,1.0,0.5,A1_balanced_q01_q99,R2,R2,1.0,1.0,2,129,0.8793685113403237,0.12006311408166553,0.0005683745780108203,0.0,1.9155386872733293,38.94924696670958,3765.0218973431524,0.009931768056229417,0.044004110320686296
38.999579364657016,3755.9850571484053,0.1136718029556062,0.03352353406216535,0.6353652247770848,0.5676131129031139,0.1136718029556062,1.0,0.10186563618302606,0.12387383603849969,0.2157871647084202,1.9056249348662737,8.788910239723503e+23,1.1999792113969156e+23,1.1110548879580079e+21,2.958091874842377e+17,-0.0891435049555722,1.9095836023552692e-14,0,0.998708578247768,1e+24,4096,power,p0,1.0,0.5,A1_balanced_q01_q99,R2,R2,1.0,1.0,2,129,0.8788910239723503,0.11999792113969157,0.001111054887958008,1.3421772800000001e-16,1.9155386872733293,38.94924696670958,3765.0218973431524,0.00991375240705561,0.04392428942583104
38.98215381970069,3759.1099178385175,0.1136718029556062,0.03352353406216535,0.6353652247770848,0.5676131129031139,0.1136718029556062,1.0,0.10188111523948198,0.12384500591789807,0.21577440226041103,1.9056121724182646,8.792292062540611e+23,1.200440942938878e+23,7.26699452051052e+20,1.9331689360892726e+17,-0.08932514782636132,7.549516567451064e-15,0,0.99915549176289,1e+24,4096,logarithmic,p0,1.0,0.5,A1_balanced_q01_q99,R2,R2,1.0,1.0,2,129,0.8792292062540611,0.12004409429388781,0.000726699452051052,0.0,1.9155386872733293,38.94924696670958,3765.0218973431524,0.009926514855064683,0.043980835266106154
37.02731962276971,3533.810831055178,0.1136718029556062,0.03352353406216535,0.6353652247770848,0.5676131129031139,0.1136718029556062,1.0,0.10367885054097638,0.12600602035679961,0.21955862029664325,1.9093963904544968,7.850852587673131e+23,2.1438061466072763e+23,5.341265719592641e+20,1.511474715243251e+17,-0.09090497197307751,3.1086244689504383e-15,0,0.9993793433649514,1e+24,8192,exponential,p0,1.0,0.5,A1_balanced_q01_q99,R2,R2,1.0,1.0,2,129,0.7850852587673132,0.21438061466072764,0.0005341265719592641,0.0,1.919503795573991,37.004345501425576,3537.8944784229056,0.010107405119494262,0.044009143717188615
37.04928312234487,3529.913593137584,0.1136718029556062,0.03352353406216535,0.6353652247770848,0.5676131129031139,0.1136718029556062,1.0,0.10365795001640209,0.1260449430409055,0.219575847902737,1.9094136180605905,7.846846086574082e+23,2.1427121047071624e+23,1.0441808718755947e+21,2.958091874842377e+17,-0.09073303986725834,1.4654943925052066e-14,0,0.9987863491021249,1e+24,8192,power,p0,1.0,0.5,A1_balanced_q01_q99,R2,R2,1.0,1.0,2,129,0.7846846086574082,0.21427121047071626,0.0010441808718755947,0.0,1.919503795573991,37.004345501425576,3537.8944784229056,0.010090177513400578,0.043934132160461735
37.03372456463213,3532.6736451000693,0.1136718029556062,0.03352353406216535,0.6353652247770848,0.5676131129031139,0.1136718029556062,1.0,0.10367275386573506,0.12601737203686145,0.21956364362100733,1.9094014137788609,7.849683764962258e+23,2.143486980085694e+23,6.829254952048714e+20,1.9331689360892726e+17,-0.09090674907340769,3.552713678800501e-15,0,0.9992063795092925,1e+24,8192,logarithmic,p0,1.0,0.5,A1_balanced_q01_q99,R2,R2,1.0,1.0,2,129,0.7849683764962258,0.2143486980085694,0.0006829254952048714,0.0,1.919503795573991,37.004345501425576,3537.8944784229056,0.010102381795130233,0.04398727141650773
29.582413376635042,2691.667360942485,0.1136718029556062,0.03352353406216535,0.6353652247770848,0.5676131129031139,0.1136718029556062,1.0,0.11190124068759519,0.13598177853952986,0.2369544562675889,1.9267922264254425,4.777560992627815e+23,5.218370620214274e+23,4.068387157910095e+20,1.511474715243251e+17,-0.09815933813184066,1.3322676295501878e-15,0,0.9995272823235788,1e+24,32768,exponential,p0,1.0,0.5,A1_balanced_q01_q99,R2,R2,1.0,1.0,2,129,0.47775609926278156,0.5218370620214274,0.0004068387157910095,0.0,1.937705300087363,29.56843255167263,2694.036098659802,0.010913073661920514,0.04402784691090496
29.59578278276017,2689.4052081067803,0.1136718029556062,0.03352353406216535,0.6353652247770848,0.5676131129031139,0.1136718029556062,1.0,0.11188405201893147,0.1360137826781233,0.23696861855927187,1.9268063887171254,4.775703141237131e+23,5.2163413510686104e+23,7.955507694259439e+20,2.958091874842377e+17,-0.09801795269155515,7.105427357601002e-15,0,0.9990754467753451,1e+24,32768,power,p0,1.0,0.5,A1_balanced_q01_q99,R2,R2,1.0,1.0,2,129,0.4775703141237131,0.5216341351068611,0.0007955507694259439,1.3421772800000001e-16,1.937705300087363,29.56843255167263,2694.036098659802,0.010898911370237574,0.04397071037637381
29.586311767846013,2691.0074367231937,0.1136718029556062,0.03352353406216535,0.6353652247770848,0.5676131129031139,0.1136718029556062,1.0,0.11189622756094872,0.13599111135654668,0.23695858551325544,1.926796355671109,4.777019099549073e+23,5.2177787284674686e+23,5.202171983458497e+20,1.9331689360892726e+17,-0.09816078977653815,2.6645352591003757e-15,0,0.999395510303577,1e+24,32768,logarithmic,p0,1.0,0.5,A1_balanced_q01_q99,R2,R2,1.0,1.0,2,129,0.4777019099549073,0.5217778728467468,0.0005202171983458496,0.0,1.937705300087363,29.56843255167263,2694.036098659802,0.010908944416254007,0.04401118782825824
19.32628756870999,1605.8171542811908,0.1136718029556062,0.03352353406216535,0.6353652247770848,0.5676131129031139,0.1136718029556062,1.0,0.1293281790735897,0.15713309946849782,0.27383189340801356,1.963669663565867,1.8620690463843498e+23,8.13550380158965e+23,2.4271520259998905e+20,1.511474715243251e+17,-0.1135132586468474,3.552713678800501e-15,0,0.9997180053309296,1e+24,131072,exponential,p0,1.0,0.5,A1_balanced_q01_q99,R2,R2,1.0,1.0,2,129,0.18620690463843498,0.8135503801589651,0.00024271520259998907,0.0,1.9762883719785738,19.320838426993262,1606.6600108223258,0.012618708412706736,0.04405195287599467
19.331500211629027,1605.0115146479234,0.1136718029556062,0.03352353406216535,0.6353652247770848,0.5676131129031139,0.1136718029556062,1.0,0.1293163218085156,0.15715517153931832,0.27384165786767306,1.9636794280255265,1.861636826105001e+23,8.133615402374491e+23,4.747771520508479e+20,2.958091874842377e+17,-0.11341573749562152,2.6645352591003757e-15,0,0.9994483239420076,1e+24,131072,power,p0,1.0,0.5,A1_balanced_q01_q99,R2,R2,1.0,1.0,2,129,0.18616368261050012,0.8133615402374491,0.0004747771520508479,1.3421772800000001e-16,1.9762883719785738,19.320838426993262,1606.6600108223258,0.012608943953047236,0.04401786511497257
19.32780734332694,1605.5822014336177,0.1136718029556062,0.03352353406216535,0.6353652247770848,0.5676131129031139,0.1136718029556062,1.0,0.1293247215804208,0.15713953499631128,0.2738347401483112,1.9636725103061647,1.8619430077910222e+23,8.13495313057283e+23,3.103861636149299e+20,1.9331689360892726e+17,-0.11351425127997242,3.9968028886505635e-15,0,0.9996393707323863,1e+24,131072,logarithmic,p0,1.0,0.5,A1_balanced_q01_q99,R2,R2,1.0,1.0,2,129,0.18619430077910223,0.8134953130572831,0.00031038616361492993,1.3421772800000001e-16,1.9762883719785738,19.320838426993262,1606.6600108223258,0.012615861672409023,0.044042014896183965
0.2663034447948928,4.995818655707322,0.1907565600886432,0.11060829119520235,0.6813102608657186,0.5676131129031139,0.1907565600886432,1.0,0.5550452673542036,0.7906478935047102,1.247627651011593,2.9374654211694464,7.982422305512702e+18,5.449333627230005e+17,1.4726443317642952e+18,2.947753778215943e+17,-0.29809345655089503,1.392774784392259e-13,0,0.8149356565223322,1e+19,2048,exponential,p0,1.0,0.2,A1_balanced_q01_q99,R2,R2,1.0,1.0,2,129,0.7982422305512702,0.054493336272300054,0.1472644331764295,2.048e-16,2.998925629084324,0.2213116933514807,7.04960382676961,0.06146020791487761,0.046948879325241645
0.2980866724860149,4.050331016675749,0.1907565600886432,0.11060829119520235,0.6813102608657186,0.5676131129031139,0.1907565600886432,1.0,0.5341715505688895,0.838466743044677,1.2726091948454235,2.962446965003277,7.244098171366629e+18,4.945304351652952e+17,2.2613713934680748e+18,5.5831767432284166e+17,-0.18612390974178655,2.0866641747829817e-13,0,0.7021877935400376,1e+19,2048,power,p0,1.0,0.2,A1_balanced_q01_q99,R2,R2,1.0,1.0,2,129,0.724409817136663,0.04945304351652952,0.2261371393468075,0.0,2.998925629084324,0.2213116933514807,7.04960382676961,0.03647866408104683,0.027865711099759133
0.26889019838364003,4.906757831306399,0.1907565600886432,0.11060829119520235,0.6813102608657186,0.5676131129031139,0.1907565600886432,1.0,0.5532240879553587,0.7946385859724759,1.2496390638453245,2.939476834003178,7.916274520082741e+18,5.4041767390431514e+17,1.5433078060129436e+18,3.1452699706642054e+17,-0.368135504452669,9.781064846947629e-14,0,0.8052689732016249,1e+19,2048,logarithmic,p0,1.0,0.2,A1_balanced_q01_q99,R2,R2,1.0,1.0,2,129,0.7916274520082741,0.05404176739043151,0.15433078060129435,0.0,2.998925629084324,0.2213116933514807,7.04960382676961,0.05944879508114598,0.045412379830562115
0.25768949970861743,4.87326676449149,0.1907565600886432,0.11060829119520235,0.6813102608657186,0.5676131129031139,0.1907565600886432,1.0,0.5612849751546218,0.7961633334141368,1.2585261587480572,2.948363928905911,7.534738046930669e+18,1.0287429013409339e+18,1.4365190517283973e+18,2.947753778215943e+17,-0.3069340964258582,1.6459056340067946e-13,0,0.8198466544506973,1e+19,4096,exponential,p0,1.0,0.2,A1_balanced_q01_q99,R2,R2,1.0,1.0,2,129,0.7534738046930669,0.10287429013409338,0.14365190517283974,0.0,3.0114336635830927,0.21520735927894521,6.814114917167469,0.0630697346771818,0.04772240515496848
0.2878397829748363,3.9664364551734703,0.1907565600886432,0.11060829119520235,0.6813102608657186,0.5676131129031139,0.1907565600886432,1.0,0.5405622636650037,0.8433931485332802,1.2831015942175494,2.972939364375403,6.850189250643665e+18,9.352791723545484e+17,2.2145315770017882e+18,5.5831767432284166e+17,-0.19597352569192178,1.8318679906315083e-15,0,0.7091980088723115,1e+19,4096,power,p0,1.0,0.2,A1_balanced_q01_q99,R2,R2,1.0,1.0,2,129,0.6850189250643665,0.09352791723545484,0.22145315770017882,2.048e-16,3.0114336635830927,0.21520735927894521,6.814114917167469,0.038494299207689764,0.029127132884714215
0.26014028556963825,4.78818131499994,0.1907565600886432,0.11060829119520235,0.6813102608657186,0.5676131129031139,0.1907565600886432,1.0,0.5594815560770293,0.8000980970536439,1.2605021845514286,2.950339954709282,7.473593127859743e+18,1.0203945817237834e+18,1.5060122904164756e+18,3.1452699706642054e+17,-0.3756906223980927,1.2051470932306074e-13,0,0.8103809797071206,1e+19,4096,logarithmic,p0,1.0,0.2,A1_balanced_q01_q99,R2,R2,1.0,1.0,2,129,0.7473593127859742,0.10203945817237835,0.15060122904164758,2.048e-16,3.0114336635830927,0.21520735927894521,6.814114917167469,0.061093708873810826,0.0462272235996974
0.24269505747871423,4.654242589897872,0.1907565600886432,0.11060829119520235,0.6813102608657186,0.5676131129031139,0.1907565600886432,1.0,0.5728424666764729,0.8064769374671739,1.278803428775744,2.9686411989335975,6.777370037250863e+18,1.8506738448386355e+18,1.3719561179105009e+18,2.947753778215943e+17,-0.32315025169356626,2.0233814623793478e-13,0,0.8285721902408305,1e+19,8192,exponential,p0,1.0,0.2,A1_balanced_q01_q99,R2,R2,1.0,1.0,2,129,0.6777370037250863,0.18506738448386356,0.13719561179105008,0.0,3.0346514285532704,0.2044611410334612,6.403048959103759,0.06601022961967296,0.04908503807020683
0.27005966212601545,3.8151318389439743,0.1907565600886432,0.11060829119520235,0.6813102608657186,0.5676131129031139,0.1907565600886432,1.0,0.552408426195914,0.8526243244261974,1.3026429510380835,2.992480721195937,6.181879292348483e+18,1.6880651720972923e+18,2.130055535554226e+18,5.5831767432284166e+17,-0.21408296503036361,2.4424906541753444e-14,0,0.7217350326055954,1e+19,8192,power,p0,1.0,0.2,A1_balanced_q01_q99,R2,R2,1.0,1.0,2,129,0.6181879292348482,0.16880651720972922,0.21300555355542258,0.0,3.0346514285532704,0.2044611410334612,6.403048959103759,0.04217070735733319,0.03135803023271655
0.24491429820108712,4.576071851507429,0.1907565600886432,0.11060829119520235,0.6813102608657186,0.5676131129031139,0.1907565600886432,1.0,0.5710724023894473,0.8103094283813371,1.280715558942592,2.9705533291004453,6.724472556178147e+18,1.8362293060070461e+18,1.4392981378148068e+18,3.1452699706642054e+17,-0.3895904135854814,1.6231460620019789e-13,0,0.8194695919421788,1e+19,8192,logarithmic,p0,1.0,0.2,A1_balanced_q01_q99,R2,R2,1.0,1.0,2,129,0.6724472556178147,0.18362293060070461,0.14392981378148068,0.0,3.0346514285532704,0.2044611410334612,6.403048959103759,0.06409809945282507,0.04766318296417706
0.18739048120322926,3.7775755612093196,0.1907565600886432,0.11060829119520235,0.6813102608657186,0.5676131129031139,0.1907565600886432,1.0,0.6254896489238713,0.8549884456636865,1.3725903209208974,3.062428091078751,4.2472902131794396e+18,4.639173523515463e+18,1.1135362633050984e+18,2.947753778215943e+17,-0.39452774439147337,9.403589018575076e-14,0,0.8628553361897666,1e+19,32768,exponential,p0,1.0,0.2,A1_balanced_q01_q99,R2,R2,1.0,1.0,2,129,0.424729021317944,0.46391735235154624,0.11135362633050984,2.048e-16,3.141230674780817,0.16337528406908372,4.875794103672979,0.07880258370206628,0.05429445290180556
0.20519293111409273,3.190578701613954,0.1907565600886432,0.11060829119520235,0.6813102608657186,0.5676131129031139,0.1907565600886432,1.0,0.6064844163480202,0.8963726444725013,1.3933384512416904,3.083176221399544,3.9281051744061804e+18,4.2905383451647247e+18,1.7813564804290947e+18,5.5831767432284166e+17,-0.2943466908260327,7.827072323607354e-15,0,0.7720992467562711,1e+19,32768,power,p0,1.0,0.2,A1_balanced_q01_q99,R2,R2,1.0,1.0,2,129,0.392810517440618,0.4290538345164725,0.17813564804290946,0.0,3.141230674780817,0.16337528406908372,4.875794103672979,0.05805445338127324,0.039999129936737814
0.18881971521698507,3.724541584090941,0.1907565600886432,0.11060829119520235,0.6813102608657186,0.5676131129031139,0.1907565600886432,1.0,0.6238759427171248,0.8583785935144013,1.3742373068608489,3.0640750770187024,4.2196012873312195e+18,4.6089298327756467e+18,1.1714688798931325e+18,3.1452699706642054e+17,-0.4514228271476153,1.0519363158323358e-13,0,0.8552572386193922,1e+19,32768,logarithmic,p0,1.0,0.2,A1_balanced_q01_q99,R2,R2,1.0,1.0,2,129,0.42196012873312194,0.46089298327756467,0.11714688798931325,0.0,3.141230674780817,0.16337528406908372,4.875794103672979,0.07715559776211478,0.053159690609179265
0.11655090938983162,2.4695059275850215,0.1907565600886432,0.11060829119520235,0.6813102608657186,0.5676131129031139,0.1907565600886432,1.0,0.7350822798171888,0.9630065896164538,1.5743430144418673,3.264180784599721,1.7269389696216835e+18,7.545111487541777e+18,7.279495428365414e+17,2.947753778215943e+17,-0.5316611228094569,1.52433621281034e-13,0,0.9121986429593165,1e+19,131072,exponential,p0,1.0,0.2,A1_balanced_q01_q99,R2,R2,1.0,1.0,2,129,0.17269389696216836,0.7545111487541778,0.07279495428365415,2.048e-16,3.3671545656485984,0.10675396678354974,2.907809368728097,0.10297378104887756,0.061391969200874516
0.12424164777792292,2.192651725161266,0.1907565600886432,0.11060829119520235,0.6813102608657186,0.5676131129031139,0.1907565600886432,1.0,0.7192847220392118,0.9955957242729394,1.589910928604664,3.2797486987625177,1.6345119800228462e+18,7.141291808185149e+18,1.2241962117920046e+18,5.5831767432284166e+17,-0.44987837533038977,1.3924972286361026e-13,0,0.8482983693691382,1e+19,131072,power,p0,1.0,0.2,A1_balanced_q01_q99,R2,R2,1.0,1.0,2,129,0.1634511980022846,0.714129180818515,0.12241962117920047,0.0,3.3671545656485984,0.10675396678354974,2.907809368728097,0.08740586688608065,0.05211052981825517
0.11715713023625743,2.445780917684227,0.1907565600886432,0.11060829119520235,0.6813102608657186,0.5676131129031139,0.1907565600886432,1.0,0.7337868869854016,0.9656121325249089,1.5755576891613123,3.2653954593191656,1.719244041014905e+18,7.511491831463521e+18,7.692641275215741e+17,3.1452699706642054e+17,-0.5732296900412827,1.8035573035035668e-13,0,0.9070107837222827,1e+19,131072,logarithmic,p0,1.0,0.2,A1_balanced_q01_q99,R2,R2,1.0,1.0,2,129,0.1719244041014905,0.7511491831463522,0.07692641275215742,2.048e-16,3.3671545656485984,0.10675396678354974,2.907809368728097,0.10175910632943275,0.06066779191801982
5.060043638143139,305.55220985264316,0.1907565600886432,0.11060829119520235,0.6813102608657186,0.5676131129031139,0.1907565600886432,1.0,0.2039683110462429,0.25001218317521207,0.42089729968537654,2.11073506984323,9.276645093512665e+21,6.332856383837979e+20,9.006926810353595e+19,2.947753778215943e+17,-0.17551739097860458,2.220446049250313e-16,0,0.9894893142531935,1e+22,2048,exponential,p0,1.0,0.2,A1_balanced_q01_q99,R2,R2,1.0,1.0,2,129,0.9276645093512665,0.06332856383837979,0.009006926810353595,2.097152e-16,2.1431835539034494,5.0071376358424855,311.58715294570754,0.032448484060219496,0.07157557260624829
5.106495874496148,300.4003107671074,0.1907565600886432,0.11060829119520235,0.6813102608657186,0.5676131129031139,0.1907565600886432,1.0,0.20333558602084645,0.25120494989204456,0.42141652912064315,2.111254299278497,9.203957685777568e+21,6.283235113490819e+20,1.677188028733503e+20,5.5831767432284166e+17,-0.17233515696056484,1.1102230246251565e-15,0,0.9803509915113067,1e+22,2048,power,p0,1.0,0.2,A1_balanced_q01_q99,R2,R2,1.0,1.0,2,129,0.9203957685777568,0.06283235113490819,0.01677188028733503,0.0,2.1431835539034494,5.0071376358424855,311.58715294570754,0.03192925462495255,0.0704302450133088
5.0635522545239455,305.1583522858298,0.1907565600886432,0.11060829119520235,0.6813102608657186,0.5676131129031139,0.1907565600886432,1.0,0.2039202489260359,0.25010245757182026,0.4209364358010841,2.1107742059589376,9.271111576222355e+21,6.329078836034461e+20,9.598054017419892e+19,3.1452699706642054e+17,-0.17683315073515848,3.1086244689504383e-15,0,0.988796158074601,1e+22,2048,logarithmic,p0,1.0,0.2,A1_balanced_q01_q99,R2,R2,1.0,1.0,2,129,0.9271111576222355,0.0632907883603446,0.009598054017419892,0.0,2.1431835539034494,5.0071376358424855,311.58715294570754,0.03240934794451178,0.07148924531015169
4.91877234192701,295.53562933886144,0.1907565600886432,0.11060829119520235,0.6813102608657186,0.5676131129031139,0.1907565600886432,1.0,0.2059414110484199,0.25235550265877515,0.4248991661289403,2.1147369362867936,8.722034877875905e+21,1.1908484953259904e+21,8.711662679810553e+19,2.947753778215943e+17,-0.17733764327531065,6.661338147750939e-16,0,0.989835386354688,1e+22,4096,exponential,p0,1.0,0.2,A1_balanced_q01_q99,R2,R2,1.0,1.0,2,129,0.8722034877875905,0.11908484953259904,0.008711662679810552,2.097152e-16,2.147515168977484,4.869028164926255,301.17872139461934,0.032778232690690245,0.07161863962526092
4.962473895257906,290.71102970979837,0.1907565600886432,0.11060829119520235,0.6813102608657186,0.5676131129031139,0.1907565600886432,1.0,0.20532301159488253,0.2535207696719596,0.4254061814788745,2.115243951636728,8.65587537599052e+21,1.1818155180019058e+21,1.6230910600757317e+20,5.5831767432284166e+17,-0.1742278712341651,2.220446049250313e-16,0,0.9809899761259937,1e+22,4096,power,p0,1.0,0.2,A1_balanced_q01_q99,R2,R2,1.0,1.0,2,129,0.8655875375990519,0.11818155180019058,0.016230910600757317,2.097152e-16,2.147515168977484,4.869028164926255,301.17872139461934,0.032271217340755776,0.07051083890964374
4.922072381198237,295.16702679163666,0.1907565600886432,0.11060829119520235,0.6813102608657186,0.5676131129031139,0.1907565600886432,1.0,0.20589445719813604,0.2524436682859072,0.4249373746551026,2.114775144812956,8.717000822469091e+21,1.190161178961113e+21,9.283799856979717e+19,3.1452699706642054e+17,-0.1786221024576958,3.3306690738754696e-15,0,0.9891647042155474,1e+22,4096,logarithmic,p0,1.0,0.2,A1_balanced_q01_q99,R2,R2,1.0,1.0,2,129,0.8717000822469091,0.1190161178961113,0.009283799856979717,0.0,2.147515168977484,4.869028164926255,301.17872139461934,0.032740024164527703,0.0715351560924038
4.670331120974412,278.02002116110435,0.1907565600886432,0.11060829119520235,0.6813102608657186,0.5676131129031139,0.1907565600886432,1.0,0.20960248773449872,0.2567079878090601,0.43232875083735733,2.122166520995211,7.790673342496021e+21,2.127373200724247e+21,8.195345677973217e+19,2.947753778215943e+17,-0.18070783965611636,1.7763568394002505e-15,0,0.9904403016427068,1e+22,8192,exponential,p0,1.0,0.2,A1_balanced_q01_q99,R2,R2,1.0,1.0,2,129,0.7790673342496022,0.21273732007242468,0.008195345677973217,0.0,2.155555634547043,4.625896891539429,283.0099172045741,0.03338911355183205,0.07169386468698948
4.70940759104964,273.74268425080436,0.1907565600886432,0.11060829119520235,0.6813102608657186,0.5676131129031139,0.1907565600886432,1.0,0.20900956400222162,0.25782442187227417,0.43281411108400536,2.122651881241859,7.734995251230257e+21,2.112169369935942e+21,1.5283537883380105e+20,5.5831767432284166e+17,-0.17772687046151964,2.220446049250313e-15,0,0.982108151388319,1e+22,8192,power,p0,1.0,0.2,A1_balanced_q01_q99,R2,R2,1.0,1.0,2,129,0.7734995251230257,0.2112169369935942,0.015283537883380105,0.0,2.155555634547043,4.625896891539429,283.0099172045741,0.032903753305184136,0.07065168811666486
4.673280630669461,277.69359213923286,0.1907565600886432,0.11060829119520235,0.6813102608657186,0.5676131129031139,0.1907565600886432,1.0,0.20955750196258693,0.2567924125561258,0.43236531575227305,2.1222030859101264,7.786440512431813e+21,2.126217355928047e+21,8.734213164014028e+19,3.1452699706642054e+17,-0.18193685290070089,1.1102230246251565e-15,0,0.9898089591016384,1e+22,8192,logarithmic,p0,1.0,0.2,A1_balanced_q01_q99,R2,R2,1.0,1.0,2,129,0.7786440512431813,0.2126217355928047,0.00873421316401403,0.0,2.155555634547043,4.625896891539429,283.0099172045741,0.03335254863691661,0.07161535166932013
3.72343009184669,212.5975648917834,0.1907565600886432,0.11060829119520235,0.6813102608657186,0.5676131129031139,0.1907565600886432,1.0,0.22638753873402928,0.2767271899350566,0.46645094541322124,2.156288715571075,4.749553023428375e+21,5.187778449056699e+21,6.266852751492637e+19,2.947753778215943e+17,-0.19605474562734604,1.5543122344752192e-15,0,0.9926969361835496,1e+22,32768,exponential,p0,1.0,0.2,A1_balanced_q01_q99,R2,R2,1.0,1.0,2,129,0.47495530234283745,0.5187778449056699,0.006266852751492637,0.0,2.1924647324220055,3.696336697083492,215.50640865007304,0.03617601685093064,0.07197388832459539
3.7473480598655895,210.07950419936387,0.1907565600886432,0.11060829119520235,0.6813102608657186,0.5676131129031139,0.1907565600886432,1.0,0.22589523843143547,0.2776515901715808,0.4668515566678908,2.1566893268257443,4.723446134874067e+21,5.159262764918448e+21,1.1729110020748449e+20,5.5831767432284166e+17,-0.1935818133972824,3.9968028886505635e-15,0,0.9862938415521476,1e+22,32768,power,p0,1.0,0.2,A1_balanced_q01_q99,R2,R2,1.0,1.0,2,129,0.47234461348740675,0.5159262764918447,0.011729110020748449,0.0,2.1924647324220055,3.696336697083492,215.50640865007304,0.035775405596261134,0.07117685337671883
3.725232491058074,212.40619740189425,0.1907565600886432,0.11060829119520235,0.6813102608657186,0.5676131129031139,0.1907565600886432,1.0,0.2263502927219085,0.27679694940723,0.46648108950027745,2.156318859658131,4.747574807181788e+21,5.185617709391096e+21,6.680748342711513e+19,3.1452699706642054e+17,-0.19706734854589547,2.220446049250313e-16,0,0.9922129837353078,1e+22,32768,logarithmic,p0,1.0,0.2,A1_balanced_q01_q99,R2,R2,1.0,1.0,2,129,0.4747574807181788,0.5185617709391096,0.006680748342711513,0.0,2.1924647324220055,3.696336697083492,215.50640865007304,0.036145872763874376,0.07191391524451943
2.4258762921030748,127.48122345920683,0.1907565600886432,0.11060829119520235,0.6813102608657186,0.5676131129031139,0.1907565600886432,1.0,0.26188773178109115,0.3193150041758535,0.5388483982192862,2.2286861683771395,1.855522066067905e+21,8.106899608121748e+21,3.757832581034679e+19,2.947753778215943e+17,-0.2281105746542534,6.661338147750939e-16,0,0.995626330927657,1e+22,131072,exponential,p0,1.0,0.2,A1_balanced_q01_q99,R2,R2,1.0,1.0,2,129,0.1855522066067905,0.8106899608121748,0.0037578325810346787,0.0,2.2707036700715384,2.4152894804725173,128.52297303152443,0.042017501694398884,0.07233597582616288
2.435269413362715,126.5677621773937,0.1907565600886432,0.11060829119520235,0.6813102608657186,0.5676131129031139,0.1907565600886432,1.0,0.26154386359190696,0.3199583614594157,0.5391260624641456,2.228963832621999,1.8493595996902392e+21,8.079975381686634e+21,7.066501862312898e+19,5.5831767432284166e+17,-0.2263851972196991,2.6645352591003757e-15,0,0.9917617551592097,1e+22,131072,power,p0,1.0,0.2,A1_balanced_q01_q99,R2,R2,1.0,1.0,2,129,0.18493595996902393,0.8079975381686635,0.0070665018623128975,4.194304e-16,2.2707036700715384,2.4152894804725173,128.52297303152443,0.04173983744953924,0.07185795801705983
2.426582609500234,127.41218368661953,0.1907565600886432,0.11060829119520235,0.6813102608657186,0.5676131129031139,0.1907565600886432,1.0,0.26186181255692037,0.31936342299731374,0.5388692581898437,2.228707028347697,1.855057135034402e+21,8.104868293440972e+21,4.007457152462762e+19,3.1452699706642054e+17,-0.22881076634038744,0.0,0,0.9953352136131285,1e+22,131072,logarithmic,p0,1.0,0.2,A1_balanced_q01_q99,R2,R2,1.0,1.0,2,129,0.1855057135034402,0.8104868293440972,0.004007457152462762,2.097152e-16,2.2707036700715384,2.4152894804725173,128.52297303152443,0.04199664172384132,0.07230006397359838
40.107397974653196,3885.499709845667,0.1907565600886432,0.11060829119520235,0.6813102608657186,0.5676131129031139,0.1907565600886432,1.0,0.10090017679640585,0.12270400071179591,0.20730933533382614,1.8971471054916798,9.350236991590781e+23,6.38309511959264e+22,1.1453496449954516e+21,2.947753778215943e+17,-0.08841020576315675,2.1316282072803006e-14,0,0.9986686932852944,1e+24,2048,exponential,p0,1.0,0.2,A1_balanced_q01_q99,R2,R2,1.0,1.0,2,129,0.9350236991590781,0.0638309511959264,0.0011453496449954515,0.0,1.91340257677864,40.05403825337882,3895.137240569872,0.016255471286960255,0.07271033188391354
40.15499248523884,3876.9343563003663,0.1907565600886432,0.11060829119520235,0.6813102608657186,0.5676131129031139,0.1907565600886432,1.0,0.10085950067878546,0.12277981684104733,0.2073419145661823,1.8971796847240359,9.34069619658033e+23,6.376581936865506e+22,2.1645609733119436e+21,5.5831767432284166e+17,-0.08820635083435394,1.5720758028692217e-13,0,0.9974827202313761,1e+24,2048,power,p0,1.0,0.2,A1_balanced_q01_q99,R2,R2,1.0,1.0,2,129,0.934069619658033,0.06376581936865505,0.0021645609733119435,1.3421772800000001e-16,1.91340257677864,40.05403825337882,3895.137240569872,0.016222892054604143,0.0725646057615931
40.110968662569555,3884.8561014453967,0.1907565600886432,0.11060829119520235,0.6813102608657186,0.5676131129031139,0.1907565600886432,1.0,0.10089712290402025,0.12270969016845608,0.20731177883503474,1.8971495489928882,9.349520480620107e+23,6.382605981436659e+22,1.2218921236227823e+21,3.1452699706642054e+17,-0.088492158932171,2.7977620220553945e-14,0,0.9985796690862636,1e+24,2048,logarithmic,p0,1.0,0.2,A1_balanced_q01_q99,R2,R2,1.0,1.0,2,129,0.9349520480620107,0.06382605981436659,0.0012218921236227824,0.0,1.91340257677864,40.05403825337882,3895.137240569872,0.016253027785751772,0.07269940216180958
38.99940367054467,3756.016543813091,0.1907565600886432,0.11060829119520235,0.6813102608657186,0.5676131129031139,0.1907565600886432,1.0,0.10186579220529789,0.12387354538787014,0.2092888986093353,1.8991266687671888,8.788944323124647e+23,1.1999838649172852e+23,1.1071811958066627e+21,2.947753778215943e+17,-0.08926399607624821,1.7319479184152442e-14,0,0.9987130832837443,1e+24,4096,exponential,p0,1.0,0.2,A1_balanced_q01_q99,R2,R2,1.0,1.0,2,129,0.8788944323124647,0.11999838649172852,0.0011071811958066628,1.3421772800000001e-16,1.9155386872733293,38.94924696670958,3765.0218973431524,0.01641201850614049,0.07271578120235829
39.044144710288045,3748.011455753421,0.1907565600886432,0.11060829119520235,0.6813102608657186,0.5676131129031139,0.1907565600886432,1.0,0.10182609105132438,0.12394754020181814,0.20932069316673002,1.8991584633245835,8.780274099255236e+23,1.1988000903516482e+23,2.0925810393116183e+21,5.5831767432284166e+17,-0.08906503075215286,1.9051427102567686e-13,0,0.9975665171530892,1e+24,4096,power,p0,1.0,0.2,A1_balanced_q01_q99,R2,R2,1.0,1.0,2,129,0.8780274099255235,0.11988000903516483,0.0020925810393116182,0.0,1.9155386872733293,38.94924696670958,3765.0218973431524,0.01638022394874583,0.07257491089575493
39.00276016870814,3755.415085958469,0.1907565600886432,0.11060829119520235,0.6813102608657186,0.5676131129031139,0.1907565600886432,1.0,0.10186281168508068,0.12387909793160017,0.20929128320022644,1.89912905335808,8.788293235895199e+23,1.1998949698075578e+23,1.1811794297244507e+21,3.1452699706642054e+17,-0.089343972492711,2.930988785010413e-14,0,0.9986270216156998,1e+24,4096,logarithmic,p0,1.0,0.2,A1_balanced_q01_q99,R2,R2,1.0,1.0,2,129,0.8788293235895199,0.11998949698075578,0.0011811794297244508,1.3421772800000001e-16,1.9155386872733293,38.94924696670958,3765.0218973431524,0.0164096339152493,0.0727052159334103
37.04912624836994,3529.9414056688424,0.1907565600886432,0.11060829119520235,0.6813102608657186,0.5676131129031139,0.1907565600886432,1.0,0.10365809923922076,0.12604466507541207,0.21296349614336865,1.9028012663012221,7.846874687278403e+23,2.1427199146061556e+23,1.0405398115441227e+21,2.947753778215943e+17,-0.09084826347398543,1.4654943925052066e-14,0,0.998790583308399,1e+24,8192,exponential,p0,1.0,0.2,A1_balanced_q01_q99,R2,R2,1.0,1.0,2,129,0.7846874687278403,0.21427199146061557,0.0010405398115441227,1.3421772800000001e-16,1.919503795573991,37.004345501425576,3537.8944784229056,0.01670252927276894,0.07272529422889241
37.0890772245532,3522.8692765706137,0.1907565600886432,0.11060829119520235,0.6813102608657186,0.5676131129031139,0.1907565600886432,1.0,0.10362012410201545,0.12611543612973486,0.21299390210382543,1.902831672261679,7.839598239044002e+23,2.1407329591416154e+23,1.9668801814382966e+21,5.5831767432284166e+17,-0.09065795391968615,1.794120407794253e-13,0,0.9977128399000392,1e+24,8192,power,p0,1.0,0.2,A1_balanced_q01_q99,R2,R2,1.0,1.0,2,129,0.7839598239044002,0.21407329591416155,0.0019668801814382965,0.0,1.919503795573991,37.004345501425576,3537.8944784229056,0.01667212331231216,0.07259290215913944
37.052123216209765,3529.4101249199757,0.1907565600886432,0.11060829119520235,0.6813102608657186,0.5676131129031139,0.1907565600886432,1.0,0.10365524858779078,0.1260499753147016,0.21296577649219775,1.9028035466500512,7.846328329744395e+23,2.142570722575536e+23,1.1100947680069002e+21,3.1452699706642054e+17,-0.09092474215375607,2.1760371282653068e-14,0,0.9987096948520473,1e+24,8192,logarithmic,p0,1.0,0.2,A1_balanced_q01_q99,R2,R2,1.0,1.0,2,129,0.7846328329744395,0.2142570722575536,0.0011100947680069003,1.3421772800000001e-16,1.919503795573991,37.004345501425576,3537.8944784229056,0.016700248923939842,0.0727153652512608
29.59568727954599,2689.4213572364806,0.1907565600886432,0.11060829119520235,0.6813102608657186,0.5676131129031139,0.1907565600886432,1.0,0.11188417476782377,0.136013554083854,0.22983252804890617,1.9196702982067597,4.7757164071021813e+23,5.216355840930809e+23,7.927751967008486e+20,2.947753778215943e+17,-0.0981126837687293,4.440892098500626e-15,0,0.9990786737002408,1e+24,32768,exponential,p0,1.0,0.2,A1_balanced_q01_q99,R2,R2,1.0,1.0,2,129,0.4775716407102181,0.521635584093081,0.0007927751967008485,0.0,1.937705300087363,29.56843255167263,2694.036098659802,0.018035001880603252,0.07276064713168469
29.62001477112574,2685.312509265708,0.1907565600886432,0.11060829119520235,0.6813102608657186,0.5676131129031139,0.1907565600886432,1.0,0.11185292413819521,0.13607177238314194,0.22985753048729926,1.9196953006451527,4.772339771372339e+23,5.212667654277627e+23,1.4992574350032642e+21,5.5831767432284166e+17,-0.09795609103908626,6.439293542825908e-14,0,0.9982570168725435,1e+24,32768,power,p0,1.0,0.2,A1_balanced_q01_q99,R2,R2,1.0,1.0,2,129,0.47723397713723387,0.5212667654277627,0.0014992574350032642,1.3421772800000001e-16,1.937705300087363,29.56843255167263,2694.036098659802,0.018009999442210267,0.07265977696768941
29.597511832706623,2689.1128599385256,0.1907565600886432,0.11060829119520235,0.6813102608657186,0.5676131129031139,0.1907565600886432,1.0,0.11188182978796796,0.13601792123068265,0.2298344028532848,1.9196721730111383,4.775462981490844e+23,5.2160790325830655e+23,8.457985926091584e+20,3.1452699706642054e+17,-0.09817555641071245,6.217248937900877e-15,0,0.9990170263086968,1e+24,32768,logarithmic,p0,1.0,0.2,A1_balanced_q01_q99,R2,R2,1.0,1.0,2,129,0.4775462981490844,0.5216079032583065,0.0008457985926091584,1.3421772800000001e-16,1.937705300087363,29.56843255167263,2694.036098659802,0.01803312707622462,0.07275308339641381
19.331462969301366,1605.0172684289194,0.1907565600886432,0.11060829119520235,0.6813102608657186,0.5676131129031139,0.1907565600886432,1.0,0.12931640650891563,0.1571550138529818,0.2655952156581856,1.955432985816039,1.861639913383373e+23,8.133628890899516e+23,4.7311957171131797e+20,2.947753778215943e+17,-0.11348105985888007,2.220446049250313e-15,0,0.9994502504538212,1e+24,131072,exponential,p0,1.0,0.2,A1_balanced_q01_q99,R2,R2,1.0,1.0,2,129,0.1861639913383373,0.8133628890899516,0.00047311957171131797,1.3421772800000001e-16,1.9762883719785738,19.320838426993262,1606.6600108223258,0.020855386162534684,0.07280622218970693
19.340952596233393,1603.5521862618934,0.1907565600886432,0.11060829119520235,0.6813102608657186,0.5676131129031139,0.1907565600886432,1.0,0.12929483127369087,0.15719518881895975,0.26561245995953453,1.9554502301173882,1.8608536092046623e+23,8.130193475522449e+23,8.952915272890485e+20,5.5831767432284166e+17,-0.11337296478764715,1.1102230246251565e-14,0,0.9989594806385034,1e+24,131072,power,p0,1.0,0.2,A1_balanced_q01_q99,R2,R2,1.0,1.0,2,129,0.18608536092046624,0.8130193475522449,0.0008952915272890486,1.3421772800000001e-16,1.9762883719785738,19.320838426993262,1606.6600108223258,0.0208381418611856,0.0727460222765655
19.332174485595164,1604.9073476764186,0.1907565600886432,0.11060829119520235,0.6813102608657186,0.5676131129031139,0.1907565600886432,1.0,0.12931478834189492,0.15715802643213814,0.2655965084544842,1.9554342786123378,1.861580932709656e+23,8.133371200404002e+23,5.0478668863449766e+20,3.1452699706642054e+17,-0.11352441022774523,1.7763568394002505e-15,0,0.9994134450034955,1e+24,131072,logarithmic,p0,1.0,0.2,A1_balanced_q01_q99,R2,R2,1.0,1.0,2,129,0.1861580932709656,0.8133371200404002,0.0005047866886344976,2.6843545600000003e-16,1.9762883719785738,19.320838426993262,1606.6600108223258,0.020854093366236004,0.07280170903354545
0.2794407432367834,4.567637076437336,0.2354981322386596,0.15534986334521875,0.7079777010127629,0.5676131129031139,0.2354981322386596,1.0,0.5460322676611142,0.8107279669337847,1.235761206708448,2.9255989768663015,7.658303396853225e+18,5.228068452251802e+17,1.8188897579215926e+18,3.9821240774678394e+17,-0.278870657808162,8.881784197001252e-15,0,0.7667818247944846,1e+19,2048,exponential,p0,1.0,0.1,A1_balanced_q01_q99,R2,R2,1.0,1.0,2,129,0.7658303396853225,0.05228068452251802,0.18188897579215926,2.048e-16,2.998925629084324,0.2213116933514807,7.04960382676961,0.07332665221802248,0.056013545399584475
0.3170637376783067,3.6108816802683816,0.2354981322386596,0.15534986334521875,0.7079777010127629,0.5676131129031139,0.2354981322386596,1.0,0.5230795958213047,0.8658568770104305,1.2650678933115997,2.9549056634694533,6.869277851160105e+18,4.689427013058632e+17,2.6617794475340324e+18,7.371549896190986e+17,-0.18075766394693688,4.996003610813204e-16,0,0.6404692661284535,1e+19,2048,power,p0,1.0,0.1,A1_balanced_q01_q99,R2,R2,1.0,1.0,2,129,0.6869277851160105,0.046894270130586314,0.26617794475340323,0.0,2.998925629084324,0.2213116933514807,7.04960382676961,0.04401996561487076,0.03362644097163192
0.27740204418680386,4.630299744860643,0.2354981322386596,0.15534986334521875,0.7079777010127629,0.5676131129031139,0.2354981322386596,1.0,0.5473933104103318,0.8076419829414653,1.2341900997304245,2.924027869888278,7.706727686531874e+18,5.2611261006724256e+17,1.7671597034008847e+18,3.8165125386587046e+17,-0.3830615977168745,8.93729534823251e-15,0,0.7741042080780389,1e+19,2048,logarithmic,p0,1.0,0.1,A1_balanced_q01_q99,R2,R2,1.0,1.0,2,129,0.7706727686531873,0.05261126100672425,0.17671597034008849,2.048e-16,2.998925629084324,0.2213116933514807,7.04960382676961,0.07489775919604602,0.05721369935969525
0.2701424964760583,4.4635521778743295,0.2354981322386596,0.15534986334521875,0.7079777010127629,0.5676131129031139,0.2354981322386596,1.0,0.5523508315509296,0.8159755596330293,1.2462958665982575,2.936133636756111,7.234770770892711e+18,9.877873692525514e+17,1.777441859854738e+18,3.9821240774678394e+17,-0.2877271658899744,6.827871601444713e-15,0,0.7726524405900825,1e+19,4096,exponential,p0,1.0,0.1,A1_balanced_q01_q99,R2,R2,1.0,1.0,2,129,0.7234770770892711,0.09877873692525514,0.17774418598547378,0.0,3.0114336635830927,0.21520735927894521,6.814114917167469,0.07530002682698189,0.05697658959261973
0.3058720001530014,3.5423843934444585,0.2354981322386596,0.15534986334521875,0.7079777010127629,0.5676131129031139,0.2354981322386596,1.0,0.5295096529273491,0.870510745550601,1.2751633287337052,2.965001098891559,6.5010971984018e+18,8.876164708217924e+17,2.611286330776407e+18,7.371549896190986e+17,-0.19022443690599666,2.942091015256665e-15,0,0.6484353108089009,1e+19,4096,power,p0,1.0,0.1,A1_balanced_q01_q99,R2,R2,1.0,1.0,2,129,0.6501097198401801,0.08876164708217923,0.2611286330776407,0.0,3.0114336635830927,0.21520735927894521,6.814114917167469,0.046432564691533784,0.03513370836163272
0.26820902292424914,4.523613259650616,0.2354981322386596,0.15534986334521875,0.7079777010127629,0.5676131129031139,0.2354981322386596,1.0,0.5537013790762941,0.8129286251232977,1.244750767343877,2.9345885375017304,7.279643354748416e+18,9.939139727016504e+17,1.7264426725499348e+18,3.8165125386587046e+17,-0.3902313191160441,2.481348460037225e-14,0,0.7798354122926601,1e+19,4096,logarithmic,p0,1.0,0.1,A1_balanced_q01_q99,R2,R2,1.0,1.0,2,129,0.7279643354748416,0.09939139727016505,0.1726442672549935,2.048e-16,3.0114336635830927,0.21520735927894521,6.814114917167469,0.07684512608136229,0.058145705857332176
0.25398187910519304,4.276743645269131,0.2354981322386596,0.15534986334521875,0.7079777010127629,0.5676131129031139,0.2354981322386596,1.0,0.5640573748798049,0.8257983777748152,1.2659051896254694,2.955742959783323,6.517292324859882e+18,1.7796552908417385e+18,1.7030523842983782e+18,3.9821240774678394e+17,-0.30399897559759503,2.8033131371785203e-14,0,0.7831150156625766,1e+19,8192,exponential,p0,1.0,0.1,A1_balanced_q01_q99,R2,R2,1.0,1.0,2,129,0.6517292324859882,0.17796552908417385,0.17030523842983783,0.0,3.0346514285532704,0.2044611410334612,6.403048959103759,0.0789084687699475,0.058676135743667604
0.2864765627541817,3.4183621677789024,0.2354981322386596,0.15534986334521875,0.7079777010127629,0.5676131129031139,0.2354981322386596,1.0,0.5414354404935606,0.8792375016123889,1.2939740305692844,2.983811800727138,5.8756838644454e+18,1.604453407251224e+18,2.5198627283033764e+18,7.371549896190986e+17,-0.20766719147976914,7.549516567451064e-15,0,0.6627212106175808,1e+19,8192,power,p0,1.0,0.1,A1_balanced_q01_q99,R2,R2,1.0,1.0,2,129,0.58756838644454,0.1604453407251224,0.25198627283033764,0.0,3.0346514285532704,0.2044611410334612,6.403048959103759,0.05083962782613227,0.03780421734174883
0.25222785821311006,4.332251593427849,0.2354981322386596,0.15534986334521875,0.7079777010127629,0.5676131129031139,0.2354981322386596,1.0,0.5653879252071367,0.8228231485783936,1.2644071870365878,2.954244957194441,6.556287243903838e+18,1.790303503402008e+18,1.653409252694154e+18,3.8165125386587046e+17,-0.40344544870072907,4.4297898682543746e-14,0,0.7900450598027076,1e+19,8192,logarithmic,p0,1.0,0.1,A1_balanced_q01_q99,R2,R2,1.0,1.0,2,129,0.6556287243903838,0.17903035034020082,0.1653409252694154,0.0,3.0346514285532704,0.2044611410334612,6.403048959103759,0.08040647135882928,0.05979004664093564
0.19468849748690764,3.5183344792522457,0.2354981322386596,0.15534986334521875,0.7079777010127629,0.5676131129031139,0.2354981322386596,1.0,0.6174173481723694,0.8721721514022048,1.3567444494303944,3.046582219588248,4.1098755205320084e+18,4.4890800352264284e+18,1.401044444241564e+18,3.9821240774678394e+17,-0.3759891261081525,1.8285373215576328e-13,0,0.8246490782008773,1e+19,32768,exponential,p0,1.0,0.1,A1_balanced_q01_q99,R2,R2,1.0,1.0,2,129,0.41098755205320087,0.4489080035226428,0.1401044444241564,0.0,3.141230674780817,0.16337528406908372,4.875794103672979,0.09464845519256926,0.06521215233386897
0.21602265278455315,2.89937686752285,0.2354981322386596,0.15534986334521875,0.7079777010127629,0.5676131129031139,0.2354981322386596,1.0,0.5959714094106597,0.920708741318965,1.381419093415578,3.0712568635734314,3.7579864940667244e+18,4.104723381252614e+18,2.1372901246806612e+18,7.371549896190986e+17,-0.2855399522489351,2.731148640577885e-14,0,0.7206666345099497,1e+19,32768,power,p0,1.0,0.1,A1_balanced_q01_q99,R2,R2,1.0,1.0,2,129,0.37579864940667246,0.4104723381252614,0.21372901246806614,0.0,3.141230674780817,0.16337528406908372,4.875794103672979,0.06997381120738577,0.04821148772638051
0.19354980194431026,3.556949187149229,0.2354981322386596,0.15534986334521875,0.7079777010127629,0.5676131129031139,0.2354981322386596,1.0,0.6186499214617068,0.8695115894444835,1.3554438121070025,3.045281582264856,4.130680864192252e+18,4.511805018595057e+18,1.357514117212692e+18,3.8165125386587046e+17,-0.4625772784322943,2.025601908428598e-13,0,0.8305150569538513,1e+19,32768,logarithmic,p0,1.0,0.1,A1_balanced_q01_q99,R2,R2,1.0,1.0,2,129,0.4130680864192252,0.4511805018595057,0.1357514117212692,2.048e-16,3.141230674780817,0.16337528406908372,4.875794103672979,0.09594909251596118,0.06610828274710796
0.11966833968158848,2.3511398329376685,0.2354981322386596,0.15534986334521875,0.7079777010127629,0.5676131129031139,0.2354981322386596,1.0,0.7285149979104689,0.9763371547863693,1.5528094793441412,3.242647249501995,1.6881420010013885e+18,7.375604945175133e+18,9.362530538234803e+17,3.9821240774678394e+17,-0.5155086100539539,1.366129431801255e-13,0,0.8858027306346719,1e+19,131072,exponential,p0,1.0,0.1,A1_balanced_q01_q99,R2,R2,1.0,1.0,2,129,0.16881420010013887,0.7375604945175133,0.09362530538234803,2.048e-16,3.3671545656485984,0.10675396678354974,2.907809368728097,0.12450731614660349,0.07423005390593224
0.12904555713350935,2.043201374116597,0.2354981322386596,0.15534986334521875,0.7079777010127629,0.5676131129031139,0.2354981322386596,1.0,0.710066927971478,1.015462993861967,1.5716431570189011,3.2614809271767546,1.581996357952969e+18,6.911847554320385e+18,1.506156087726648e+18,7.371549896190986e+17,-0.43879274594310813,1.1562972801471005e-13,0,0.8103613128927409,1e+19,131072,power,p0,1.0,0.1,A1_balanced_q01_q99,R2,R2,1.0,1.0,2,129,0.1581996357952969,0.6911847554320385,0.1506156087726648,2.048e-16,3.3671545656485984,0.10675396678354974,2.907809368728097,0.10567363847184374,0.0630015980021984
0.11917845347357651,2.3691553268744276,0.2354981322386596,0.15534986334521875,0.7079777010127629,0.5676131129031139,0.2354981322386596,1.0,0.7295317336263706,0.9742534494827768,1.5518376645816017,3.241675434739455,1.6941136073734797e+18,7.401695291521891e+18,9.041911011046316e+17,3.8165125386587046e+17,-0.5805081636675015,1.464939280992894e-13,0,0.889904832140771,1e+19,131072,logarithmic,p0,1.0,0.1,A1_balanced_q01_q99,R2,R2,1.0,1.0,2,129,0.16941136073734797,0.7401695291521891,0.09041911011046315,2.048e-16,3.3671545656485984,0.10675396678354974,2.907809368728097,0.12547913090914342,0.074809440438728
5.078368507000737,303.50373952325305,0.2354981322386596,0.15534986334521875,0.7079777010127629,0.5676131129031139,0.2354981322386596,1.0,0.20371778230968474,0.25048333990872923,0.413694411561632,2.1035321817194856,9.247822995311057e+21,6.31318049813235e+20,1.2085895487570734e+20,3.9821240774678394e+17,-0.1748398287648095,1.5543122344752192e-15,0,0.9858743716861047,1e+22,2048,exponential,p0,1.0,0.1,A1_balanced_q01_q99,R2,R2,1.0,1.0,2,129,0.9247822995311057,0.0631318049813235,0.012085895487570735,0.0,2.1431835539034494,5.0071376358424855,311.58715294570754,0.03965137218396375,0.08746386005040058
5.137583449451068,297.0266750578387,0.2354981322386596,0.15534986334521875,0.7079777010127629,0.5676131129031139,0.2354981322386596,1.0,0.20291643461683037,0.2520002919853935,0.4143461966849827,2.1041839668428364,9.155995978935794e+21,6.250493254953502e+20,2.1895469556885648e+20,7.371549896190986e+17,-0.17158467034181696,4.440892098500626e-16,0,0.9742815987617524,1e+22,2048,power,p0,1.0,0.1,A1_balanced_q01_q99,R2,R2,1.0,1.0,2,129,0.9155995978935794,0.06250493254953501,0.02189546955688565,0.0,2.1431835539034494,5.0071376358424855,311.58715294570754,0.03899958706061302,0.08602613823469171
5.075442707423524,303.82938507258444,0.2354981322386596,0.15534986334521875,0.7079777010127629,0.5676131129031139,0.2354981322386596,1.0,0.20375770109171418,0.25040816843000185,0.4136623027822763,2.10350007294013,9.252411820605735e+21,6.316313136200181e+20,1.1595686577424825e+20,3.8165125386587046e+17,-0.17700739790443237,3.1086244689504383e-15,0,0.9864506675412081,1e+22,2048,logarithmic,p0,1.0,0.1,A1_balanced_q01_q99,R2,R2,1.0,1.0,2,129,0.9252411820605735,0.06316313136200181,0.011595686577424824,2.097152e-16,2.1431835539034494,5.0071376358424855,311.58715294570754,0.03968348096331953,0.08753468629497362
4.936009331043666,293.61808836944294,0.2354981322386596,0.15534986334521875,0.7079777010127629,0.5676131129031139,0.2354981322386596,1.0,0.20569662278776796,0.2528157033204136,0.41762113227863185,2.1074589024364854,8.695809743728644e+21,1.187267890343751e+21,1.1692236592760385e+20,3.9821240774678394e+17,-0.17667534400950788,4.440892098500626e-16,0,0.9863371847168081,1e+22,4096,exponential,p0,1.0,0.1,A1_balanced_q01_q99,R2,R2,1.0,1.0,2,129,0.8695809743728644,0.1187267890343751,0.011692236592760384,0.0,2.147515168977484,4.869028164926255,301.17872139461934,0.040056266540998475,0.08752074418423371
4.991733275415299,287.54816487451984,0.2354981322386596,0.15534986334521875,0.7079777010127629,0.5676131129031139,0.2354981322386596,1.0,0.20491304008664482,0.2542982013024618,0.41825771667204226,2.108095486829896,8.612182457332472e+21,1.1758499781744603e+21,2.1196756449306752e+20,7.371549896190986e+17,-0.17349270378984255,3.774758283725532e-15,0,0.9751111624899544,1e+22,4096,power,p0,1.0,0.1,A1_balanced_q01_q99,R2,R2,1.0,1.0,2,129,0.8612182457332472,0.11758499781744602,0.021196756449306752,0.0,2.147515168977484,4.869028164926255,301.17872139461934,0.03941968214758784,0.08612984221911114
4.933256980724652,293.922990016103,0.2354981322386596,0.15534986334521875,0.7079777010127629,0.5676131129031139,0.2354981322386596,1.0,0.20573563292589322,0.2527422715932873,0.417589780486859,2.1074275506447124,8.699985853754413e+21,1.187838068565936e+21,1.1217607767965142e+20,3.8165125386587046e+17,-0.17879191377330694,5.329070518200751e-15,0,0.9868949466219836,1e+22,4096,logarithmic,p0,1.0,0.1,A1_balanced_q01_q99,R2,R2,1.0,1.0,2,129,0.8699985853754413,0.1187838068565936,0.011217607767965142,0.0,2.147515168977484,4.869028164926255,301.17872139461934,0.04008761833277141,0.08758924612873367
4.685739520435002,276.3212183227067,0.2354981322386596,0.15534986334521875,0.7079777010127629,0.5676131129031139,0.2354981322386596,1.0,0.20936789853649343,0.257148745908978,0.4249116069219437,2.1147493770797974,7.76861551817673e+21,2.1213499441634594e+21,1.100345376598098e+20,3.9821240774678394e+17,-0.18007269565431888,2.220446049250313e-16,0,0.9871465228798917,1e+22,8192,exponential,p0,1.0,0.1,A1_balanced_q01_q99,R2,R2,1.0,1.0,2,129,0.776861551817673,0.21213499441634595,0.01100345376598098,2.097152e-16,2.155555634547043,4.625896891539429,283.0099172045741,0.040806257467245644,0.08762012494574414
4.735590256659651,270.9330486167603,0.2354981322386596,0.15534986334521875,0.7079777010127629,0.5676131129031139,0.2354981322386596,1.0,0.20861595926932855,0.25856999160531235,0.4255212230497447,2.1153589932075985,7.698167431419754e+21,2.1021129199396874e+21,1.9971964864055866e+20,7.371549896190986e+17,-0.17701917593283323,1.7763568394002505e-15,0,0.9765638975725572,1e+22,8192,power,p0,1.0,0.1,A1_balanced_q01_q99,R2,R2,1.0,1.0,2,129,0.7698167431419753,0.21021129199396874,0.019971964864055867,0.0,2.155555634547043,4.625896891539429,283.0099172045741,0.04019664133944456,0.08631114331885172
4.6832787703303,276.5914477614797,0.2354981322386596,0.15534986334521875,0.7079777010127629,0.5676131129031139,0.2354981322386596,1.0,0.20940529345627526,0.2570784026700317,0.4248815970103826,2.1147193671682363,7.772129132137559e+21,2.122309395015696e+21,1.0556147284674512e+20,3.8165125386587046e+17,-0.18209884672668525,2.220446049250313e-16,0,0.9876718180783675,1e+22,8192,logarithmic,p0,1.0,0.1,A1_balanced_q01_q99,R2,R2,1.0,1.0,2,129,0.777212913213756,0.2122309395015696,0.010556147284674513,0.0,2.155555634547043,4.625896891539429,283.0099172045741,0.040836267378806745,0.08768456291099261
3.732851260099185,211.6002024686104,0.2354981322386596,0.15534986334521875,0.7079777010127629,0.5676131129031139,0.2354981322386596,1.0,0.22619311961700256,0.27709164525197094,0.45840066099678906,2.1482384311546427,4.73923249453317e+21,5.176505679362097e+21,8.426182610473232e+19,3.9821240774678394e+17,-0.19552700386082836,1.1102230246251565e-15,0,0.990169892789827,1e+22,32768,exponential,p0,1.0,0.1,A1_balanced_q01_q99,R2,R2,1.0,1.0,2,129,0.47392324945331704,0.5176505679362098,0.008426182610473232,0.0,2.1924647324220055,3.696336697083492,215.50640865007304,0.04422630126736271,0.08799030809676316
3.7634201902816042,208.4131091373281,0.2354981322386596,0.15534986334521875,0.7079777010127629,0.5676131129031139,0.2354981322386596,1.0,0.22556678697095495,0.2782711709731301,0.4589045190290424,2.148742289186896,4.7060766170807046e+21,5.140290619616684e+21,1.5363276330261116e+20,7.371549896190986e+17,-0.1929854115096429,4.440892098500626e-16,0,0.9820140783075233,1e+22,32768,power,p0,1.0,0.1,A1_balanced_q01_q99,R2,R2,1.0,1.0,2,129,0.47060766170807045,0.5140290619616683,0.015363276330261116,2.097152e-16,2.1924647324220055,3.696336697083492,215.50640865007304,0.04372244323510932,0.0869878588250734
3.7313457991225985,211.75909307077882,0.2354981322386596,0.15534986334521875,0.7079777010127629,0.5676131129031139,0.2354981322386596,1.0,0.22622414276595573,0.27703343651901224,0.45837589988628535,2.148213670044139,4.740878414133972e+21,5.178303462478066e+21,8.08181233879623e+19,3.8165125386587046e+17,-0.19719930972320363,4.440892098500626e-16,0,0.9905732746901321,1e+22,32768,logarithmic,p0,1.0,0.1,A1_balanced_q01_q99,R2,R2,1.0,1.0,2,129,0.47408784141339716,0.5178303462478065,0.00808181233879623,2.097152e-16,2.1924647324220055,3.696336697083492,215.50640865007304,0.04425106237786647,0.08803957149161201
2.4295709828899428,127.12071697745898,0.2354981322386596,0.15534986334521875,0.7079777010127629,0.5676131129031139,0.2354981322386596,1.0,0.2617522621220509,0.31956820453510815,0.5294769577139475,2.219314727871801,1.8530928317555954e+21,8.096286121462315e+21,5.062104678209142e+19,3.9821240774678394e+17,-0.2277416226280976,3.1086244689504383e-15,0,0.9941044560968856,1e+22,131072,exponential,p0,1.0,0.1,A1_balanced_q01_q99,R2,R2,1.0,1.0,2,129,0.18530928317555953,0.8096286121462315,0.005062104678209142,2.097152e-16,2.2707036700715384,2.4152894804725173,128.52297303152443,0.05138894219973755,0.0884695455652907
2.44160559270171,125.95725277128705,0.2354981322386596,0.15534986334521875,0.7079777010127629,0.5676131129031139,0.2354981322386596,1.0,0.26131290767743665,0.3203916701274454,0.5298268129376763,2.21966458309553,1.8452275968463043e+21,8.061922385794627e+21,9.285001735906828e+19,7.371549896190986e+17,-0.22596046720541715,6.661338147750939e-16,0,0.9891632949172434,1e+22,131072,power,p0,1.0,0.1,A1_balanced_q01_q99,R2,R2,1.0,1.0,2,129,0.18452275968463044,0.8061922385794626,0.009285001735906828,0.0,2.2707036700715384,2.4152894804725173,128.52297303152443,0.05103908697600845,0.08786724609517074
2.428980130502184,127.17826356194034,0.2354981322386596,0.15534986334521875,0.7079777010127629,0.5676131129031139,0.2354981322386596,1.0,0.2617739077862229,0.31952772530913515,0.5294598037729163,2.2192975739307697,1.853480851342338e+21,8.097981404904763e+21,4.8537743752898675e+19,3.8165125386587046e+17,-0.22890064382985884,2.220446049250313e-16,0,0.9943476777392566,1e+22,131072,logarithmic,p0,1.0,0.1,A1_balanced_q01_q99,R2,R2,1.0,1.0,2,129,0.18534808513423381,0.8097981404904763,0.004853774375289868,0.0,2.2707036700715384,2.4152894804725173,128.52297303152443,0.05140609614076874,0.08849907723694458
40.12609072156174,3882.1322006777777,0.2354981322386596,0.15534986334521875,0.7079777010127629,0.5676131129031139,0.2354981322386596,1.0,0.10088419353951908,0.12273378263931439,0.20367520586049995,1.8935129760183536,9.346487332649558e+23,6.380535352422098e+22,1.5459132108232188e+21,3.9821240774678394e+17,-0.08836652535013856,7.327471962526033e-14,0,0.9982027345553299,1e+24,2048,exponential,p0,1.0,0.1,A1_balanced_q01_q99,R2,R2,1.0,1.0,2,129,0.9346487332649558,0.06380535352422098,0.0015459132108232188,0.0,1.91340257677864,40.05403825337882,3895.137240569872,0.019889600760286452,0.088965705563951
40.18723012269723,3871.1491836858513,0.2354981322386596,0.15534986334521875,0.7079777010127629,0.5676131129031139,0.2354981322386596,1.0,0.10083198582231183,0.12283114563454772,0.20371633408598883,1.8935541042438424,9.33424578504449e+23,6.372178455923706e+22,2.853636936313926e+21,7.371549896190986e+17,-0.0881550846995279,8.881784197001252e-16,0,0.9966802122065275,1e+24,2048,power,p0,1.0,0.1,A1_balanced_q01_q99,R2,R2,1.0,1.0,2,129,0.9334245785044489,0.06372178455923706,0.0028536369363139262,0.0,1.91340257677864,40.05403825337882,3895.137240569872,0.0198484725347976,0.0887817400010767
40.12309894050863,3882.6708700915497,0.2354981322386596,0.15534986334521875,0.7079777010127629,0.5676131129031139,0.2354981322386596,1.0,0.10088675099497592,0.12272901647773382,0.20367319413191654,1.89351096428977,9.34708724844684e+23,6.380944894939709e+22,1.4818262059189301e+21,3.8165125386587046e+17,-0.08850250950561168,6.394884621840902e-14,0,0.9982772968298423,1e+24,2048,logarithmic,p0,1.0,0.1,A1_balanced_q01_q99,R2,R2,1.0,1.0,2,129,0.934708724844684,0.0638094489493971,0.0014818262059189302,1.3421772800000001e-16,1.91340257677864,40.05403825337882,3895.137240569872,0.019891612488869947,0.08897470397749302
39.016975326758846,3752.86948309318,0.2354981322386596,0.15534986334521875,0.7079777010127629,0.5676131129031139,0.2354981322386596,1.0,0.10185019264625804,0.12390261105883386,0.20561964451126216,1.8954574146691157,8.78553696158357e+23,1.19951864648821e+23,1.4944391928219637e+21,3.9821240774678394e+17,-0.089221362131795,6.394884621840902e-14,0,0.9982626225795399,1e+24,4096,exponential,p0,1.0,0.1,A1_balanced_q01_q99,R2,R2,1.0,1.0,2,129,0.878553696158357,0.119951864648821,0.0014944391928219637,0.0,1.9155386872733293,38.94924696670958,3765.0218973431524,0.020081272604213662,0.08897293312255114
39.07445143130646,3742.6038542403585,0.2354981322386596,0.15534986334521875,0.7079777010127629,0.5676131129031139,0.2354981322386596,1.0,0.10179923286836354,0.12399763978750453,0.20565978329068751,1.895497553448541,8.774411551748115e+23,1.1979996571986758e+23,2.75887910532095e+21,7.371549896190986e+17,-0.08901497863442083,8.881784197001252e-16,0,0.9967906014547583,1e+24,4096,power,p0,1.0,0.1,A1_balanced_q01_q99,R2,R2,1.0,1.0,2,129,0.8774411551748115,0.11979996571986758,0.00275887910532095,0.0,1.9155386872733293,38.94924696670958,3765.0218973431524,0.020041133824788337,0.0887950925539866
39.01416294273829,3753.372904852318,0.2354981322386596,0.15534986334521875,0.7079777010127629,0.5676131129031139,0.2354981322386596,1.0,0.1018526887587356,0.12389795945297538,0.20561768124978563,1.8954554514076392,8.786082125686036e+23,1.1995930795603335e+23,1.4324794753630717e+21,3.8165125386587046e+17,-0.0893540709799723,5.1514348342607263e-14,0,0.9983347062139489,1e+24,4096,logarithmic,p0,1.0,0.1,A1_balanced_q01_q99,R2,R2,1.0,1.0,2,129,0.8786082125686036,0.11995930795603335,0.0014324794753630718,0.0,1.9155386872733293,38.94924696670958,3765.0218973431524,0.020083235865690163,0.08898163163162952
37.064816040503025,3527.161395258106,0.2354981322386596,0.15534986334521875,0.7079777010127629,0.5676131129031139,0.2354981322386596,1.0,0.10364317887036636,0.12607246307590794,0.20922906763706312,1.8990668377949167,7.844015295624341e+23,2.1419391100584866e+23,1.4045594317172362e+21,3.9821240774678394e+17,-0.09080748220852337,4.574118861455645e-14,0,0.9983671867953294,1e+24,8192,exponential,p0,1.0,0.1,A1_balanced_q01_q99,R2,R2,1.0,1.0,2,129,0.7844015295624341,0.21419391100584867,0.0014045594317172363,0.0,1.919503795573991,37.004345501425576,3537.8944784229056,0.020436957779074394,0.0889855508321015
37.11614213752972,3518.09061005284,0.2354981322386596,0.15534986334521875,0.7079777010127629,0.5676131129031139,0.2354981322386596,1.0,0.10359442885770098,0.12616335944696597,0.20926745528535765,1.8991052254432113,7.834677068125792e+23,2.1393891514028828e+23,2.59337804713255e+21,7.371549896190986e+17,-0.09061005313775682,8.881784197001252e-16,0,0.9969833787001581,1e+24,8192,power,p0,1.0,0.1,A1_balanced_q01_q99,R2,R2,1.0,1.0,2,129,0.7834677068125792,0.2139389151402883,0.00259337804713255,0.0,1.919503795573991,37.004345501425576,3537.8944784229056,0.020398570130779836,0.08881840530752957
37.062304800217774,3527.606125398447,0.2354981322386596,0.15534986334521875,0.7079777010127629,0.5676131129031139,0.2354981322386596,1.0,0.10364556639114436,0.12606801422721353,0.20922719014315633,1.89906496030101,7.84447280607795e+23,2.142064040913019e+23,1.3463153009032424e+21,3.8165125386587046e+17,-0.09093439493783041,4.085620730620576e-14,0,0.9984349417616016,1e+24,8192,logarithmic,p0,1.0,0.1,A1_balanced_q01_q99,R2,R2,1.0,1.0,2,129,0.784447280607795,0.2142064040913019,0.0013463153009032425,1.3421772800000001e-16,1.919503795573991,37.004345501425576,3537.8944784229056,0.020438835272981182,0.08899372571954245
29.60523994270449,2687.8067863074575,0.2354981322386596,0.15534986334521875,0.7079777010127629,0.5676131129031139,0.2354981322386596,1.0,0.11187189949673669,0.13603641736569377,0.225799277563916,1.9156370477217695,4.774389889695704e+23,5.214906930184961e+23,1.0703180119336383e+21,3.9821240774678394e+17,-0.09807912135077212,1.4210854715202004e-14,0,0.998755953645349,1e+24,32768,exponential,p0,1.0,0.1,A1_balanced_q01_q99,R2,R2,1.0,1.0,2,129,0.47743898896957043,0.5214906930184962,0.0010703180119336383,1.3421772800000001e-16,1.937705300087363,29.56843255167263,2694.036098659802,0.02206825236559351,0.08903244556424737
29.636502060186714,2682.5333344883916,0.2354981322386596,0.15534986334521875,0.7079777010127629,0.5676131129031139,0.2354981322386596,1.0,0.11183176442878469,0.1361112152110586,0.2258308490343581,1.9156686191922117,4.770054281645085e+23,5.210171290031538e+23,1.9774428323376763e+21,7.371549896190986e+17,-0.09791659671836449,1.887379141862766e-13,0,0.9977005450997134,1e+24,32768,power,p0,1.0,0.1,A1_balanced_q01_q99,R2,R2,1.0,1.0,2,129,0.4770054281645085,0.5210171290031539,0.0019774428323376765,0.0,1.937705300087363,29.56843255167263,2694.036098659802,0.022036680895151317,0.08890507321155927
29.60371086477743,2688.0651276342423,0.2354981322386596,0.15534986334521875,0.7079777010127629,0.5676131129031139,0.2354981322386596,1.0,0.11187386402089654,0.13603275791819133,0.2257977337977724,1.9156355039556259,4.7746021694505086e+23,5.215138796285142e+23,1.0259034264347298e+21,3.8165125386587046e+17,-0.09818347951651298,1.2878587085651816e-14,0,0.9988076038741251,1e+24,32768,logarithmic,p0,1.0,0.1,A1_balanced_q01_q99,R2,R2,1.0,1.0,2,129,0.47746021694505086,0.5215138796285143,0.0010259034264347299,2.6843545600000003e-16,1.937705300087363,29.56843255167263,2694.036098659802,0.022069796131737096,0.08903867375453928
19.335188560747593,1604.4418374671043,0.2354981322386596,0.15534986334521875,0.7079777010127629,0.5676131129031139,0.2354981322386596,1.0,0.12930793446182903,0.15717078751834435,0.2609298843993729,1.9507676545572266,1.8613311277307284e+23,8.1322797857974e+23,6.389086471874498e+20,3.9821240774678394e+17,-0.11345788632400929,1.7763568394002505e-15,0,0.9992575473719492,1e+24,131072,exponential,p0,1.0,0.1,A1_balanced_q01_q99,R2,R2,1.0,1.0,2,129,0.18613311277307285,0.8132279785797399,0.0006389086471874498,2.6843545600000003e-16,1.9762883719785738,19.320838426993262,1606.6600108223258,0.025520717421347205,0.08909290907100231
19.34738724112316,1602.5599253014636,0.2354981322386596,0.15534986334521875,0.7079777010127629,0.5676131129031139,0.2354981322386596,1.0,0.12928020979163546,0.15722242494202895,0.2609516645579863,1.9507894347158399,1.8603208471147697e+23,8.127865802434236e+23,1.181335045099584e+21,7.371549896190986e+17,-0.1133456306184235,2.220446049250313e-14,0,0.9986268406246825,1e+24,131072,power,p0,1.0,0.1,A1_balanced_q01_q99,R2,R2,1.0,1.0,2,129,0.18603208471147697,0.8127865802434237,0.001181335045099584,1.3421772800000001e-16,1.9762883719785738,19.320838426993262,1606.6600108223258,0.02549893726273389,0.08901687446512285
19.334592151422346,1604.5339337015653,0.2354981322386596,0.15534986334521875,0.7079777010127629,0.5676131129031139,0.2354981322386596,1.0,0.12930929055791596,0.15716826249742988,0.2609288197219755,1.950766589879829,1.8613805520742265e+23,8.1324957240491e+23,6.123723876675399e+20,3.8165125386587046e+17,-0.1135298621352649,2.6645352591003757e-15,0,0.9992883936459291,1e+24,131072,logarithmic,p0,1.0,0.1,A1_balanced_q01_q99,R2,R2,1.0,1.0,2,129,0.18613805520742266,0.8132495724049099,0.0006123723876675399,2.6843545600000003e-16,1.9762883719785738,19.320838426993262,1606.6600108223258,0.025521782098744783,0.08909662586332406
0.2919547856716893,4.210057262057061,0.2748589092261798,0.19471064033273894,0.7314380112793853,0.5676131129031139,0.2748589092261798,1.0,0.5379597576185977,0.8294388089950627,1.2261567971886016,2.915994567346455,7.37487819365645e+18,5.034583513536137e+17,2.1216634549899356e+18,5.0395121085675616e+17,-0.26091510984378324,2.986499936241671e-14,0,0.7229731383374107,1e+19,2048,exponential,p0,1.0,0.05,A1_balanced_q01_q99,R2,R2,1.0,1.0,2,129,0.737487819365645,0.050345835135361366,0.21216634549899357,0.0,2.998925629084324,0.2213116933514807,7.04960382676961,0.0829310617378689,0.06335026421059126
0.3341825965004195,3.2742919455831108,0.2748589092261798,0.19471064033273894,0.7314380112793853,0.5676131129031139,0.2748589092261798,1.0,0.5138110571078922,0.889898308252095,1.2587169693148716,2.9485547394727254,6.565268304452246e+18,4.481889829172733e+17,2.986542712630482e+18,9.121186388584588e+17,-0.17635840247427337,2.220446049250313e-16,0,0.5878845453242154,1e+19,2048,power,p0,1.0,0.05,A1_balanced_q01_q99,R2,R2,1.0,1.0,2,129,0.6565268304452245,0.044818898291727326,0.29865427126304817,0.0,2.998925629084324,0.2213116933514807,7.04960382676961,0.050370889611598635,0.0384778525506349
0.284354533804691,4.4218543818923575,0.2748589092261798,0.19471064033273894,0.7314380112793853,0.5676131129031139,0.2748589092261798,1.0,0.5428057910106413,0.818121946039371,1.2203543546187186,2.910192124776572,7.544246047891388e+18,5.150205302027188e+17,1.9407334219058918e+18,4.3889582385463904e+17,-0.39465236204388787,4.440892098500626e-16,0,0.7493502669492107,1e+19,2048,logarithmic,p0,1.0,0.05,A1_balanced_q01_q99,R2,R2,1.0,1.0,2,129,0.7544246047891389,0.05150205302027188,0.1940733421905892,0.0,2.998925629084324,0.2213116933514807,7.04960382676961,0.08873350430775195,0.0677826959456479
0.2820173458432049,4.120170719274312,0.2748589092261798,0.19471064033273894,0.7314380112793853,0.5676131129031139,0.2748589092261798,1.0,0.5443310326188806,0.8344642311292014,1.2363763030430486,2.926214073200902,6.971757664023779e+18,9.518773130613801e+17,2.0763650229148416e+18,5.0395121085675616e+17,-0.26977635373722864,4.746203430272544e-14,0,0.7296334459670442,1e+19,4096,exponential,p0,1.0,0.05,A1_balanced_q01_q99,R2,R2,1.0,1.0,2,129,0.6971757664023779,0.09518773130613802,0.20763650229148417,0.0,3.0114336635830927,0.21520735927894521,6.814114917167469,0.08521959038219062,0.06448233594410088
0.3221520733907393,3.2165324024882427,0.2748589092261798,0.19471064033273894,0.7314380112793853,0.5676131129031139,0.2748589092261798,1.0,0.5202558822818913,0.8943423599236116,1.2684811088158685,2.958318878973722,6.2172754955405e+18,8.488653476577962e+17,2.933859156801704e+18,9.121186388584588e+17,-0.18552224843668513,7.771561172376096e-16,0,0.5965783134283473,1e+19,4096,power,p0,1.0,0.05,A1_balanced_q01_q99,R2,R2,1.0,1.0,2,129,0.6217275495540501,0.08488653476577962,0.2933859156801704,0.0,3.0114336635830927,0.21520735927894521,6.814114917167469,0.05311478460937069,0.04018988321135784
0.2748039785403439,4.323690280961582,0.2748589092261798,0.19471064033273894,0.7314380112793853,0.5676131129031139,0.2748589092261798,1.0,0.5491473397397095,0.8232788434019574,1.2306650995446144,2.920502869702468,7.129003747106761e+18,9.733466449383096e+17,1.8976496079549294e+18,4.3889582385463904e+17,-0.4015413635305439,1.6653345369377348e-16,0,0.7555439869035379,1e+19,4096,logarithmic,p0,1.0,0.05,A1_balanced_q01_q99,R2,R2,1.0,1.0,2,129,0.712900374710676,0.09733466449383096,0.18976496079549293,0.0,3.0114336635830927,0.21520735927894521,6.814114917167469,0.09093079388062453,0.068803780590567
0.26476580947277745,3.9582979536754435,0.2748589092261798,0.19471064033273894,0.7314380112793853,0.5676131129031139,0.2748589092261798,1.0,0.5561390969810165,0.8438781421214254,1.2554062113418112,2.9452439814996647,6.288131771035903e+18,1.7170791822775375e+18,1.9947890466865597e+18,5.0395121085675616e+17,-0.28607868001903164,3.2585045772748344e-14,0,0.7415322406094589,1e+19,8192,exponential,p0,1.0,0.05,A1_balanced_q01_q99,R2,R2,1.0,1.0,2,129,0.6288131771035903,0.17170791822775375,0.19947890466865598,0.0,3.0346514285532704,0.2044611410334612,6.403048959103759,0.0894074470536057,0.06648314916750894
0.30132131567362225,3.1116477478871363,0.2748589092261798,0.19471064033273894,0.7314380112793853,0.5676131129031139,0.2748589092261798,1.0,0.53221503838435,0.9026794468486701,1.2866809058269275,2.976518675984781,5.625634759837293e+18,1.5361733317529037e+18,2.8381919084098033e+18,9.121186388584588e+17,-0.20243311755387222,1.1657341758564144e-15,0,0.6122007487159162,1e+19,8192,power,p0,1.0,0.05,A1_balanced_q01_q99,R2,R2,1.0,1.0,2,129,0.5625634759837292,0.15361733317529036,0.28381919084098034,0.0,3.0346514285532704,0.2044611410334612,6.403048959103759,0.058132752568489376,0.04322736626414955
0.25821290511902206,4.147262182792055,0.2748589092261798,0.19471064033273894,0.7314380112793853,0.5676131129031139,0.2748589092261798,1.0,0.5608979005101198,0.8329349264894093,1.249860601508841,2.9396983716666947,6.425259699053959e+18,1.7545242484883346e+18,1.8202160524577075e+18,4.3889582385463904e+17,-0.4142542385571073,7.438494264988549e-15,0,0.766593479770941,1e+19,8192,logarithmic,p0,1.0,0.05,A1_balanced_q01_q99,R2,R2,1.0,1.0,2,129,0.6425259699053959,0.17545242484883347,0.18202160524577074,0.0,3.0346514285532704,0.2044611410334612,6.403048959103759,0.09495305688657574,0.07060685046868927
0.20172177506253586,3.293497724927809,0.2748589092261798,0.19471064033273894,0.7314380112793853,0.5676131129031139,0.2748589092261798,1.0,0.6100126019043657,0.8884427817728472,1.3436764516506794,3.0335142218085327,3.986221243421166e+18,4.3540165901474924e+18,1.6597621664313408e+18,5.0395121085675616e+17,-0.35851522886893994,3.7414515929867775e-14,0,0.7891605138921627,1e+19,32768,exponential,p0,1.0,0.05,A1_balanced_q01_q99,R2,R2,1.0,1.0,2,129,0.39862212434211663,0.43540165901474925,0.16597621664313408,0.0,3.141230674780817,0.16337528406908372,4.875794103672979,0.1077164529722845,0.07421591536598174
0.22588600325033523,2.668231197005979,0.2748589092261798,0.19471064033273894,0.7314380112793853,0.5676131129031139,0.2748589092261798,1.0,0.5869932395535482,0.9423692920274631,1.3713911285629181,3.0612288987207714,3.6162964850372306e+18,3.949960107389999e+18,2.43374340757277e+18,9.121186388584588e+17,-0.27833778049185376,1.4988010832439613e-15,0,0.6760194490799623,1e+19,32768,power,p0,1.0,0.05,A1_balanced_q01_q99,R2,R2,1.0,1.0,2,129,0.36162964850372303,0.3949960107389999,0.24337434075727699,0.0,3.141230674780817,0.16337528406908372,4.875794103672979,0.08000177606004577,0.05512068841264458
0.19744154242954454,3.4275945004072925,0.2748589092261798,0.19471064033273894,0.7314380112793853,0.5676131129031139,0.2748589092261798,1.0,0.6144768345055645,0.8785740014251728,1.3388301521759896,3.028667922333843,4.0604972699006397e+18,4.435145818003472e+18,1.5043569120958886e+18,4.3889582385463904e+17,-0.47138742704693115,1.2251311076738602e-13,0,0.8106073578681185,1e+19,32768,logarithmic,p0,1.0,0.05,A1_balanced_q01_q99,R2,R2,1.0,1.0,2,129,0.406049726990064,0.4435145818003472,0.15043569120958886,0.0,3.141230674780817,0.16337528406908372,4.875794103672979,0.11256275244697411,0.07755498327740218
0.1227201611076175,2.243506835808956,0.2748589092261798,0.19471064033273894,0.7314380112793853,0.5676131129031139,0.2748589092261798,1.0,0.722304291171235,0.9892269186896827,1.5347431815498802,3.2245809517077335,1.6519411220190976e+18,7.217440891509571e+18,1.1306179864713329e+18,5.0395121085675616e+17,-0.5000020691168794,1.0888512314011223e-13,0,0.860620160558585,1e+19,131072,exponential,p0,1.0,0.05,A1_balanced_q01_q99,R2,R2,1.0,1.0,2,129,0.16519411220190977,0.721744089150957,0.11306179864713328,0.0,3.3671545656485984,0.10675396678354974,2.907809368728097,0.14257361394086487,0.08500100537009804
0.1334858366726125,1.9185444445584716,0.2748589092261798,0.19471064033273894,0.7314380112793853,0.5676131129031139,0.2748589092261798,1.0,0.7019467620459799,1.0335135322281637,1.5562005753340777,3.2460383454919315,1.5365910622528812e+18,6.713468790386987e+18,1.7499401473601308e+18,9.121186388584588e+17,-0.42949855924662894,1.4654943925052066e-14,0,0.776531431111068,1e+19,131072,power,p0,1.0,0.05,A1_balanced_q01_q99,R2,R2,1.0,1.0,2,129,0.1536591062252881,0.6713468790386987,0.1749940147360131,2.048e-16,3.3671545656485984,0.10675396678354974,2.907809368728097,0.1211162201566669,0.07220831537743654
0.12085772307722269,2.3082667865625446,0.2748589092261798,0.19471064033273894,0.7314380112793853,0.5676131129031139,0.2748589092261798,1.0,0.726069529131726,0.9813791914920946,1.5310823820948152,3.2209201522526687,1.67383120847236e+18,7.313080138562974e+18,1.0130886529646683e+18,4.3889582385463904e+17,-0.586371229532652,1.0927370119873103e-13,0,0.8759127995684497,1e+19,131072,logarithmic,p0,1.0,0.05,A1_balanced_q01_q99,R2,R2,1.0,1.0,2,129,0.167383120847236,0.7313080138562974,0.10130886529646684,2.048e-16,3.3671545656485984,0.10675396678354974,2.907809368728097,0.14623441339592969,0.08718353848781715
5.096976577291204,301.4451375088932,0.2748589092261798,0.19471064033273894,0.7314380112793853,0.5676131129031139,0.2748589092261798,1.0,0.20346461832814733,0.2509609452305949,0.4074868931256098,2.0973246632834632,9.218752831326928e+21,6.293335266185849e+20,1.519136420544881e+20,5.0395121085675616e+17,-0.17415419664079082,3.3306690738754696e-15,0,0.9822168856981648,1e+22,2048,exponential,p0,1.0,0.05,A1_balanced_q01_q99,R2,R2,1.0,1.0,2,129,0.9218752831326928,0.0629333526618585,0.01519136420544881,2.097152e-16,2.1431835539034494,5.0071376358424855,311.58715294570754,0.04585889061998616,0.1011565393662529
5.167670801312388,293.81673200018247,0.2748589092261798,0.19471064033273894,0.7314380112793853,0.5676131129031139,0.2748589092261798,1.0,0.20251399290845762,0.252767851427662,0.40825472667547474,2.098092496833328,9.110088881366221e+21,6.21915400967934e+20,2.67995717665847e+20,9.121186388584588e+17,-0.17089513792541466,8.881784197001252e-16,0,0.968442356639392,1e+22,2048,power,p0,1.0,0.05,A1_balanced_q01_q99,R2,R2,1.0,1.0,2,129,0.9110088881366222,0.0621915400967934,0.0267995717665847,4.194304e-16,2.1431835539034494,5.0071376358424855,311.58715294570754,0.04509105707012129,0.09946283540474037
5.085542801834831,302.70749789647545,0.2748589092261798,0.19471064033273894,0.7314380112793853,0.5676131129031139,0.2748589092261798,1.0,0.20362002855624695,0.2506675786103024,0.40736318656913606,2.0972009567269896,9.236591621933117e+21,6.305513213906341e+20,1.3285705667625001e+20,4.3889582385463904e+17,-0.17715245766374244,2.220446049250313e-15,0,0.9844626521605004,1e+22,2048,logarithmic,p0,1.0,0.05,A1_balanced_q01_q99,R2,R2,1.0,1.0,2,129,0.9236591621933117,0.06305513213906341,0.013285705667625,2.097152e-16,2.1431835539034494,5.0071376358424855,311.58715294570754,0.045982597176459805,0.10142941398185357
4.953516411423585,291.6900112679408,0.2748589092261798,0.19471064033273894,0.7314380112793853,0.5676131129031139,0.2748589092261798,1.0,0.20544916859878407,0.2532823274209611,0.4113480558357397,2.101185825993593,8.669347547184449e+21,1.1836549184422501e+21,1.4699753437329962e+20,5.0395121085675616e+17,-0.17600494148291546,1.5543122344752192e-15,0,0.9827966512020629,1e+22,4096,exponential,p0,1.0,0.05,A1_balanced_q01_q99,R2,R2,1.0,1.0,2,129,0.8669347547184449,0.11836549184422501,0.014699753437329962,2.097152e-16,2.147515168977484,4.869028164926255,301.17872139461934,0.04632934298389069,0.10122707195805582
5.020060553141052,284.53617941179397,0.2748589092261798,0.19471064033273894,0.7314380112793853,0.5676131129031139,0.2748589092261798,1.0,0.2045191851540669,0.2550487890295683,0.41209813222999364,2.101935902387847,8.570333101239672e+21,1.1701361460892566e+21,2.5953075267107173e+20,9.121186388584588e+17,-0.17281681470300664,3.774758283725532e-15,0,0.9694523657144534,1e+22,4096,power,p0,1.0,0.05,A1_balanced_q01_q99,R2,R2,1.0,1.0,2,129,0.8570333101239672,0.11701361460892566,0.025953075267107172,0.0,2.147515168977484,4.869028164926255,301.17872139461934,0.045579266589636624,0.09958819619930429
4.942758704195307,292.8724569153257,0.2748589092261798,0.19471064033273894,0.7314380112793853,0.5676131129031139,0.2748589092261798,1.0,0.20560108453389517,0.2529956911901516,0.4112272511118479,2.1010650212697013,8.685587313823747e+21,1.185872187914069e+21,1.2854049826218415e+20,4.3889582385463904e+17,-0.17893329966360694,2.886579864025407e-15,0,0.9849707442501943,1e+22,4096,logarithmic,p0,1.0,0.05,A1_balanced_q01_q99,R2,R2,1.0,1.0,2,129,0.8685587313823747,0.11858721879140689,0.012854049826218414,0.0,2.147515168977484,4.869028164926255,301.17872139461934,0.04645014770778255,0.10149102365023763
4.701395165573403,274.6114464431462,0.2748589092261798,0.19471064033273894,0.7314380112793853,0.5676131129031139,0.2748589092261798,1.0,0.20913060140917836,0.25759586575749577,0.41851720786974456,2.108354978027598,7.746341560313561e+21,2.1152676687362895e+21,1.3839077095014877e+20,5.0395121085675616e+17,-0.17942941843273463,4.440892098500626e-16,0,0.9838109662532151,1e+22,8192,exponential,p0,1.0,0.05,A1_balanced_q01_q99,R2,R2,1.0,1.0,2,129,0.7746341560313561,0.21152676687362895,0.013839077095014876,0.0,2.155555634547043,4.625896891539429,283.0099172045741,0.04720065651944516,0.10135032415247992
4.760953491359513,268.2533977664178,0.2748589092261798,0.19471064033273894,0.7314380112793853,0.5676131129031139,0.2748589092261798,1.0,0.20823744380172163,0.2592903463108207,0.41923576030998355,2.109073530467837,7.662851703990473e+21,2.0924693719696652e+21,2.446789240398617e+20,9.121186388584588e+17,-0.17636781289751766,5.10702591327572e-15,0,0.9712223131647459,1e+22,8192,power,p0,1.0,0.05,A1_balanced_q01_q99,R2,R2,1.0,1.0,2,129,0.7662851703990473,0.20924693719696652,0.02446789240398617,0.0,2.155555634547043,4.625896891539429,283.0099172045741,0.04648210407920583,0.09980743199569866
4.691774436605477,275.6602044774318,0.2748589092261798,0.19471064033273894,0.7314380112793853,0.5676131129031139,0.2748589092261798,1.0,0.2092762999119844,0.25732118570121315,0.4184015491200804,2.108239319277934,7.76001300333992e+21,2.1190008841120207e+21,1.209861125480607e+20,4.3889582385463904e+17,-0.18223375521930077,6.661338147750939e-16,0,0.9858594190629824,1e+22,8192,logarithmic,p0,1.0,0.05,A1_balanced_q01_q99,R2,R2,1.0,1.0,2,129,0.776001300333992,0.2119000884112021,0.012098611254806069,2.097152e-16,2.155555634547043,4.625896891539429,283.0099172045741,0.047316315269108955,0.10159866925261017
3.7424370002196308,210.59278181167033,0.2748589092261798,0.19471064033273894,0.7314380112793853,0.5676131129031139,0.2748589092261798,1.0,0.2259959780050739,0.27746201489501365,0.45145464911679095,2.1412924192746443,4.728781311787049e+21,5.165090200821267e+21,1.0612848739168392e+20,5.0395121085675616e+17,-0.1949913665961158,1.3322676295501878e-15,0,0.9876052437647311,1e+22,32768,exponential,p0,1.0,0.05,A1_balanced_q01_q99,R2,R2,1.0,1.0,2,129,0.47287813117870486,0.5165090200821266,0.010612848739168393,0.0,2.1924647324220055,3.696336697083492,215.50640865007304,0.05117231314736115,0.10180972567975322
3.7790236748459702,206.81466633783776,0.2748589092261798,0.19471064033273894,0.7314380112793853,0.5676131129031139,0.2748589092261798,1.0,0.22524970601959513,0.27887147366278964,0.45204933379818074,2.141887103956034,4.6893451223763533e+21,5.12201536566761e+21,1.8863951195603488e+20,9.121186388584588e+17,-0.19243412994592302,4.440892098500626e-16,0,0.9778765581341831,1e+22,32768,power,p0,1.0,0.05,A1_balanced_q01_q99,R2,R2,1.0,1.0,2,129,0.4689345122376353,0.512201536566761,0.01886395119560349,2.097152e-16,2.1924647324220055,3.696336697083492,215.50640865007304,0.05057762846597136,0.10062657251440978
3.7365447691709788,211.21115467167223,0.2748589092261798,0.19471064033273894,0.7314380112793853,0.5676131129031139,0.2748589092261798,1.0,0.22611707816628765,0.2772344073517508,0.4513591431292619,2.1411969132871156,4.735199611073997e+21,5.17210069518909e+21,9.269969373691317e+19,4.3889582385463904e+17,-0.19730930160731702,1.9984014443252818e-15,0,0.9891809214303326,1e+22,32768,logarithmic,p0,1.0,0.05,A1_balanced_q01_q99,R2,R2,1.0,1.0,2,129,0.4735199611073997,0.517210069518909,0.009269969373691317,0.0,2.1924647324220055,3.696336697083492,215.50640865007304,0.05126781913488987,0.10199973933739473
2.4333371784913207,126.75484410837612,0.2748589092261798,0.19471064033273894,0.7314380112793853,0.5676131129031139,0.2748589092261798,1.0,0.2616144544867546,0.31982611535881555,0.5213822248204756,2.211219994978329,1.850623648336699e+21,8.085498094492927e+21,6.387825717037551e+19,5.0395121085675616e+17,-0.22736609335708502,1.9984014443252818e-15,0,0.9925555079245603,1e+22,131072,exponential,p0,1.0,0.05,A1_balanced_q01_q99,R2,R2,1.0,1.0,2,129,0.1850623648336699,0.8085498094492927,0.006387825717037551,0.0,2.2707036700715384,2.4152894804725173,128.52297303152443,0.05948367509320951,0.10240517665445399
2.4477753701791856,125.3671164071519,0.2748589092261798,0.19471064033273894,0.7314380112793853,0.5676131129031139,0.2748589092261798,1.0,0.26108878763064963,0.3208130816934415,0.5217958756059441,2.2116336457637975,1.8412232386308798e+21,8.044427077794222e+21,1.1434968357490134e+20,9.121186388584588e+17,-0.2255656035364353,1.7763568394002505e-15,0,0.9866395477193554,1e+22,131072,power,p0,1.0,0.05,A1_balanced_q01_q99,R2,R2,1.0,1.0,2,129,0.18412232386308797,0.8044427077794222,0.011434968357490135,4.194304e-16,2.2707036700715384,2.4152894804725173,128.52297303152443,0.05907002430774089,0.10169304880268996
2.4310213180763363,126.97962993338615,0.2748589092261798,0.19471064033273894,0.7314380112793853,0.5676131129031139,0.2748589092261798,1.0,0.2616991595100975,0.319667546828512,0.5213159908464644,2.2111537610043177,1.8521411239770346e+21,8.092128046730597e+21,5.57308292923707e+19,4.3889582385463904e+17,-0.22897563992889297,4.440892098500626e-16,0,0.993507683053753,1e+22,131072,logarithmic,p0,1.0,0.05,A1_balanced_q01_q99,R2,R2,1.0,1.0,2,129,0.18521411239770347,0.8092128046730597,0.00557308292923707,4.194304e-16,2.2707036700715384,2.4152894804725173,128.52297303152443,0.059549909067220685,0.10251920292802422
40.14518273209093,3878.6973935191313,0.2748589092261798,0.19471064033273894,0.7314380112793853,0.5676131129031139,0.2748589092261798,1.0,0.10086787918767995,0.12276419382565666,0.20053259751014055,1.8903703676679942,9.34266093751862e+23,6.377923200012711e+22,1.9546742480109101e+21,5.0395121085675616e+17,-0.08832193260276511,1.8074430840897548e-13,0,0.9977270472996587,1e+24,2048,exponential,p0,1.0,0.05,A1_balanced_q01_q99,R2,R2,1.0,1.0,2,129,0.934266093751862,0.06377923200012711,0.00195467424801091,0.0,1.91340257677864,40.05403825337882,3895.137240569872,0.02303220911064585,0.10302251708925486
40.2187231356765,3865.5104424842184,0.2748589092261798,0.19471064033273894,0.7314380112793853,0.5676131129031139,0.2748589092261798,1.0,0.10080513504803384,0.122881269788097,0.20058131727294373,1.8904190874307973,9.327953655860348e+23,6.3678830290673315e+22,3.525804123291864e+21,9.121186388584588e+17,-0.08810712531929947,2.6645352591003757e-15,0,0.9958968618869681,1e+24,2048,power,p0,1.0,0.05,A1_balanced_q01_q99,R2,R2,1.0,1.0,2,129,0.9327953655860348,0.06367883029067331,0.003525804123291864,0.0,1.91340257677864,40.05403825337882,3895.137240569872,0.022983489347842667,0.10280459476266156
40.13343844330157,3880.8097327523787,0.2748589092261798,0.19471064033273894,0.7314380112793853,0.5676131129031139,0.2748589092261798,1.0,0.10087791359222628,0.12274548746215737,0.2005248212979412,1.8903625914557947,9.345014311174994e+23,6.379529769762128e+22,1.703271184879457e+21,4.3889582385463904e+17,-0.0885111557566783,1.0746958878371515e-13,0,0.9980196355056141,1e+24,2048,logarithmic,p0,1.0,0.05,A1_balanced_q01_q99,R2,R2,1.0,1.0,2,129,0.9345014311174994,0.06379529769762128,0.001703271184879457,0.0,1.91340257677864,40.05403825337882,3895.137240569872,0.023039985322845347,0.10305729989929055
39.0349228216987,3749.6592930683328,0.2748589092261798,0.19471064033273894,0.7314380112793853,0.5676131129031139,0.2748589092261798,1.0,0.10183426914464033,0.12393229193875867,0.20244660935681558,1.892284379514669,8.78205966675526e+23,1.1990438798343182e+23,1.8896453410420747e+21,5.0395121085675616e+17,-0.08917783577943471,1.545430450278218e-13,0,0.9978027363837669,1e+24,4096,exponential,p0,1.0,0.05,A1_balanced_q01_q99,R2,R2,1.0,1.0,2,129,0.878205966675526,0.11990438798343182,0.0018896453410420747,0.0,1.9155386872733293,38.94924696670958,3765.0218973431524,0.02325430775866022,0.1030315164681525
39.10405956475278,3737.332475696425,0.2748589092261798,0.19471064033273894,0.7314380112793853,0.5676131129031139,0.2748589092261798,1.0,0.10177302072484838,0.12404656657092043,0.20249415836872323,1.8923319285265767,8.768692304575079e+23,1.197218789317984e+23,3.408890610693737e+21,9.121186388584588e+17,-0.08896815060819652,5.329070518200751e-15,0,0.9960331520102836,1e+24,4096,power,p0,1.0,0.05,A1_balanced_q01_q99,R2,R2,1.0,1.0,2,129,0.8768692304575079,0.11972187893179839,0.003408890610693737,1.3421772800000001e-16,1.9155386872733293,38.94924696670958,3765.0218973431524,0.023206758746752598,0.10282084381110114
39.02388250977077,3751.6335254675314,0.2748589092261798,0.19471064033273894,0.7314380112793853,0.5676131129031139,0.2748589092261798,1.0,0.10184406324559224,0.12391403466786342,0.20243902036732478,1.8922767905251783,8.784198355053723e+23,1.1993358820766684e+23,1.6465762869607562e+21,4.3889582385463904e+17,-0.08936250678558133,8.748557434046234e-14,0,0.9980856080458342,1e+24,4096,logarithmic,p0,1.0,0.05,A1_balanced_q01_q99,R2,R2,1.0,1.0,2,129,0.8784198355053724,0.11993358820766684,0.0016465762869607562,0.0,1.9155386872733293,38.94924696670958,3765.0218973431524,0.023261896748151045,0.10306514056497847
37.080842232605754,3524.3252530069662,0.2748589092261798,0.19471064033273894,0.7314380112793853,0.5676131129031139,0.2748589092261798,1.0,0.10362794733330741,0.1261008512642315,0.20599957816829378,1.8958373483261473,7.84109692098838e+23,2.1411421992245606e+23,1.7760879787059042e+21,5.0395121085675616e+17,-0.09076584408904519,1.1901590823981678e-13,0,0.997934897360572,1e+24,8192,exponential,p0,1.0,0.05,A1_balanced_q01_q99,R2,R2,1.0,1.0,2,129,0.7841096920988381,0.21411421992245608,0.0017760879787059043,0.0,1.919503795573991,37.004345501425576,3537.8944784229056,0.023666447247843836,0.10304722783860579
37.14258543079047,3513.43131677427,0.2748589092261798,0.19471064033273894,0.7314380112793853,0.5676131129031139,0.2748589092261798,1.0,0.10356934801214097,0.1262101659044592,0.2060450549844225,1.8958828251422761,7.829875370310177e+23,2.1380779677860327e+23,3.2046661903788293e+21,9.121186388584588e+17,-0.09056523058264668,1.3322676295501878e-15,0,0.9962711851238777,1e+24,8192,power,p0,1.0,0.05,A1_balanced_q01_q99,R2,R2,1.0,1.0,2,129,0.7829875370310178,0.2138077967786033,0.0032046661903788296,2.6843545600000003e-16,1.919503795573991,37.004345501425576,3537.8944784229056,0.02362097043171496,0.10284921502392713
37.07098370347241,3526.0694937276403,0.2748589092261798,0.19471064033273894,0.7314380112793853,0.5676131129031139,0.2748589092261798,1.0,0.10363731598511934,0.126083388936039,0.2059923205065186,1.8958300906643721,7.842891884357314e+23,2.1416323438885037e+23,1.5475771754183026e+21,4.3889582385463904e+17,-0.09094245864436286,7.149836278586008e-14,0,0.9982007985455255,1e+24,8192,logarithmic,p0,1.0,0.05,A1_balanced_q01_q99,R2,R2,1.0,1.0,2,129,0.7842891884357314,0.21416323438885038,0.0015475771754183026,0.0,1.919503795573991,37.004345501425576,3537.8944784229056,0.023673704909618953,0.10307882877636758
29.614999262719728,2686.1588250607447,0.2748589092261798,0.19471064033273894,0.7314380112793853,0.5676131129031139,0.2748589092261798,1.0,0.11185936414916792,0.13605977160849125,0.22231099321333792,1.9121487633711913,4.7730354974233226e+23,5.213427572652248e+23,1.3536929924429237e+21,5.0395121085675616e+17,-0.09804484386738012,4.4853010194856324e-14,0,0.9984263595662122,1e+24,32768,exponential,p0,1.0,0.05,A1_balanced_q01_q99,R2,R2,1.0,1.0,2,129,0.47730354974233224,0.5213427572652248,0.0013536929924429237,0.0,1.937705300087363,29.56843255167263,2694.036098659802,0.02555653671617164,0.10310562550665492
29.65261576729288,2679.8214030180193,0.2748589092261798,0.19471064033273894,0.7314380112793853,0.5676131129031139,0.2748589092261798,1.0,0.11181109940875084,0.13614975415400343,0.22234840188958643,1.91218617204744,4.767822863319663e+23,5.20773398617529e+23,2.444315050504561e+21,9.121186388584588e+17,-0.0978796180014169,1.3322676295501878e-15,0,0.9971569813533341,1e+24,32768,power,p0,1.0,0.05,A1_balanced_q01_q99,R2,R2,1.0,1.0,2,129,0.4767822863319663,0.520773398617529,0.002444315050504561,1.3421772800000001e-16,1.937705300087363,29.56843255167263,2694.036098659802,0.025519128039922956,0.10295470345462512
29.608995586566383,2687.1724233975942,0.2748589092261798,0.19471064033273894,0.7314380112793853,0.5676131129031139,0.2748589092261798,1.0,0.11186707490888909,0.13604540513116684,0.22230502498024288,1.9121427951380965,4.773868585483336e+23,5.2143375269705986e+23,1.1793887546065541e+21,4.3889582385463904e+17,-0.09819009896241272,2.220446049250313e-14,0,0.9986291042878133,1e+24,32768,logarithmic,p0,1.0,0.05,A1_balanced_q01_q99,R2,R2,1.0,1.0,2,129,0.4773868585483336,0.5214337526970598,0.001179388754606554,0.0,1.937705300087363,29.56843255167263,2694.036098659802,0.025562504949266485,0.10312970382420113
19.338995678182734,1603.8541421167915,0.2748589092261798,0.19471064033273894,0.7314380112793853,0.5676131129031139,0.2748589092261798,1.0,0.12929927928296328,0.15718690484959816,0.25689436171100943,1.9467321318688628,1.8610156993699265e+23,8.1309016582605e+23,8.08264236957381e+20,5.0395121085675616e+17,-0.113434210233086,3.552713678800501e-15,0,0.9990606657816916,1e+24,131072,exponential,p0,1.0,0.05,A1_balanced_q01_q99,R2,R2,1.0,1.0,2,129,0.18610156993699264,0.81309016582605,0.0008082642369573811,0.0,1.9762883719785738,19.320838426993262,1606.6600108223258,0.02955624010971092,0.10318093214623113
19.353678663609614,1601.5906624844727,0.2748589092261798,0.19471064033273894,0.7314380112793853,0.5676131129031139,0.2748589092261798,1.0,0.12926592005358414,0.15724905064680592,0.2569201748474808,1.9467579450053343,1.8598002619417274e+23,8.125591331107538e+23,1.4608406950737543e+21,9.121186388584588e+17,-0.11332001739990442,5.3734794391857577e-14,0,0.9983017114637773,1e+24,131072,power,p0,1.0,0.05,A1_balanced_q01_q99,R2,R2,1.0,1.0,2,129,0.18598002619417275,0.8125591331107538,0.0014608406950737543,2.6843545600000003e-16,1.9762883719785738,19.320838426993262,1606.6600108223258,0.029530426973239488,0.10309081840128767
19.336653528953647,1604.2156547485931,0.2748589092261798,0.19471064033273894,0.7314380112793853,0.5676131129031139,0.2748589092261798,1.0,0.12930460370278402,0.1571769896025843,0.25689024508100483,1.9467280152388584,1.8612097380958242e+23,8.131749426389863e+23,7.04083551431393e+20,4.3889582385463904e+17,-0.11353441758482175,4.440892098500626e-16,0,0.9991817832951639,1e+24,131072,logarithmic,p0,1.0,0.05,A1_balanced_q01_q99,R2,R2,1.0,1.0,2,129,0.18612097380958242,0.8131749426389863,0.000704083551431393,1.3421772800000001e-16,1.9762883719785738,19.320838426993262,1606.6600108223258,0.029560356739715354,0.10319530331521606
