C,L_ctx,cost,shadow_price,loss_drop_per_log_budget,equivalent_compute_multiplier,equivalent_no_quality_C,share_quality,C_quality,N_change_pct,D_change_pct
1e+19,2048,exponential,2.030778176752062e-20,0.20307781767520622,1.2106346423905097,1.2106346423905096e+19,0.08644835939915457,8.644835939915457e+17,11.07493390252181,-17.75357333072387
1.0592537251772854e+19,2048,exponential,1.8979875214549846e-20,0.20104503524411954,1.2134370599271107,1.285337725995965e+19,0.08459930673722227,8.961213080881851e+17,10.814333941001752,-17.393295550542874
1.1220184543019653e+19,2048,exponential,1.7739223082409177e-20,0.1990373566344249,1.216183332618502,1.3645801430124247e+19,0.08278273602235321,9.288375751468837e+17,10.559417612557343,-17.038522471968143
1.1885022274370165e+19,2048,exponential,1.6580058992819278e-20,0.1970543704400285,1.2188742626830604,1.4486347761644685e+19,0.0809983524243704,9.626672227509268e+17,10.310078351808016,-16.68923988570742
1.2589254117941713e+19,2048,exponential,1.5497000152854736e-20,0.19509567299006986,1.221510654559818,1.5377908038026867e+19,0.07924585320667403,9.976461838119255e+17,10.066210988753156,-16.3454307619065
1.3335214321633241e+19,2048,exponential,1.448502165529431e-20,0.19316086822684833,1.2240933142196537,1.6323546694797425e+19,0.07752492815755732,1.0338115322502465e+18,9.827711747861944,-16.00707533994482
1.4125375446227497e+19,2048,exponential,1.3539432513659856e-20,0.19124956758430517,1.2266230485009089,1.7326511091071457e+19,0.07583526001929118,1.0712015198347734e+18,9.59447824653228,-15.674151219388577
1.496235656094436e+19,2048,exponential,1.2655853314027657e-20,0.18936138986749113,1.2291006644694036,1.8390242391084853e+19,0.07417652491369661,1.1098556142105012e+18,9.36640949380607,-15.346633452501068
1.5848931924611109e+19,2048,exponential,1.1830195373691312e-20,0.18749596113248287,1.2315269688028203,1.9518387091878568e+19,0.07254839276432752,1.149814538161776e+18,9.143405888121459,-15.024494637232944
1.6788040181225658e+19,2048,exponential,1.1058641304349347e-20,0.18565291456717856,1.2339027671993053,2.0714809235467465e+19,0.07095052771402603,1.1911203101422336e+18,8.925369214987388,-14.707705011098271
1.7782794100389229e+19,2048,exponential,1.0337626884450805e-20,0.18383189037283687,1.236228863810226,2.1983603346095366e+19,0.0693825885374893,1.233816286114198e+18,8.712202644222234,-14.39623254547584
1.8836490894897943e+19,2048,exponential,9.663824151859487e-21,0.18203253564639604,1.2385060606967682,2.3329108135590593e+19,0.06784422904823648,1.2779472027384768e+18,8.50381072679738,-14.090043040161415
1.9952623149688828e+19,2048,exponential,9.034125634073319e-21,0.18025450426360856,1.2407351573102778,2.475592102238186e+19,0.0663350984994402,1.3235592219568192e+18,8.30009939128471,-13.789100217973093
2.1134890398366433e+19,2048,exponential,8.445629638883753e-21,0.1784974567630032,1.242916949996033,2.626891351243805e+19,0.06485484197813059,1.3706999770111644e+18,8.100975939893807,-13.493365819210757
2.238721138568347e+19,2048,exponential,7.895626533626421e-21,0.1767610602307059,1.245052231520111,2.7873247493257638e+19,0.06340310079229369,1.419418619944874e+18,7.9063490441026785,-13.202799695789235
2.3713737056616554e+19,2048,exponential,7.381585946079562e-21,0.1750449881861469,1.2471417906190654,2.9574392495058457e+19,0.06197951285044397,1.4697658706326152e+18,7.7161287398781475,-12.917359904869407
2.511886431509572e+19,2048,exponential,6.90114482462861e-21,0.1733489204686711,1.2491864115721227,3.137814397654147e+19,0.060583713033271355,1.5217940673874394e+18,7.530226422485109,-12.637002801819452
2.660725059798814e+19,2048,exponential,6.452096299572664e-21,0.17167254312508182,1.2511868737953642,3.3290642695986614e+19,0.059215333557008996,1.5755572191947948e+18,7.348554840868116,-12.361683132335033
2.8183829312644493e+19,2048,exponential,6.0323792914071974e-21,0.1700155482981518,1.25314395145763,3.53183952320547e+19,0.057874004328181815,1.631111059624725e+18,7.171028091641207,-12.091354123596453
2.9853826189179695e+19,2048,exponential,5.6400688156058024e-21,0.1683776341161082,1.2550584131176534,3.7468295722482115e+19,0.05655935328946044,1.6885131024759608e+18,6.9975616126465745,-11.825967574290065
3.162277660168379e+19,2048,exponential,5.273366936863503e-21,0.16675850458314012,1.256931021382016,3.974764889288973e+19,0.055271006756346115,1.7478226992060887e+18,6.828072176120958,-11.565473943390414
3.3496543915782656e+19,2048,exponential,4.9305943289605364e-21,0.16515786947093553,1.2587625325834,4.216419445222166e+19,0.05400858974446824,1.809101098205069e+18,6.662477881451601,-11.309822437564254
3.5481338923357606e+19,2048,exponential,4.610182399390834e-21,0.16357544421128417,1.2605536964787294,4.472613293585305e+19,0.05277172628729593,1.8724115059702067e+18,6.500698147536577,-11.05896109709078
3.758374042884435e+19,2048,exponential,4.3106659406744145e-21,0.16201094978976735,1.2623052559666785,4.744215308221757e+19,0.05156003974409868,1.9378191502431032e+18,6.342653704754908,-10.812836880194043
3.981071705534986e+19,2048,exponential,4.030676272860392e-21,0.1604641126405572,1.2640179468240724,5.032146083389741e+19,0.05037315309801837,2.0053913451710295e+18,6.188266586556579,-10.571395745694911
4.216965034285823e+19,2048,exponential,3.768934844138882e-21,0.15893466454235153,1.2656924974605823,5.337381005949173e+19,0.049210689244153526,2.0751975585570084e+18,6.037460120668348,-10.334582733887743
4.466835921509617e+19,2048,exponential,3.5242472587231744e-21,0.15742234251546472,1.2673296286913234,5.660953509831848e+19,0.048072271267565456,2.1473094812651602e+18,5.8901589199422455,-10.102342045578105
4.731512589614812e+19,2048,exponential,3.2954977032575826e-21,0.15592688872009952,1.2689300535267531,6.00395852360243e+19,0.04695752271116191,2.2218010988498606e+18,5.746288872847649,-9.874617119206563
5.011872336272715e+19,2048,exponential,3.081643744953771e-21,0.15444805035581655,1.2704944769793247,6.367556122559949e+19,0.04586606783342917,2.2987487654797146e+18,5.605777133608214,-9.65135070599038
5.308844442309901e+19,2048,exponential,2.8817114764745294e-21,0.15298557956222464,1.2720235958864339,6.75297539750875e+19,0.04479753185600263,2.378231280229403e+18,5.468552112018288,-9.43248494304958
5.6234132519034905e+19,2048,exponential,2.6947909842765573e-21,0.15153923332090843,1.2735180987490575,7.161518553044388e+19,0.043751541201107254,2.460329965815081e+18,5.334543462920149,-9.21796142444844
5.956621435290085e+19,2048,exponential,2.520032118698884e-21,0.1501087733586126,1.2749786655855915,7.594565248964683e+19,0.04272772371889432,2.545128749851185e+18,5.203682075384153,-9.00772127013878
6.309573444801943e+19,2048,exponential,2.356640545553803e-21,0.1486939660516984,1.2764059678003352,8.053577199219719e+19,0.04172570890474718,2.632714248709288e+18,5.075900061581007,-8.801705192756415
6.683439175686135e+19,2048,exponential,2.203874060345096e-21,0.14729458233188883,1.2778006680661036,8.540103043670912e+19,0.040745128106630224,2.723175854062027e+18,4.951130745371657,-8.599853562256843
7.0794578438414025e+19,2048,exponential,2.0610391475138817e-21,0.14591039759331348,1.2791634202204152,9.055783508834414e+19,0.039785614722579,2.816605822198139e+18,4.829308650624231,-8.402106468370462
7.498942093324558e+19,2048,exponential,1.9274877683018704e-21,0.1445411916008711,1.2804948691747722,9.602356874740823e+19,0.03884680438844993,2.9130993661969234e+18,4.710369489271593,-8.208403780866448
7.94328234724279e+19,2048,exponential,1.802614361928296e-21,0.14318674839991358,1.2817956508364707,1.018166476606192e+20,0.03792833515605576,3.012754751054058e+18,4.594250149117696,-8.018685207615118
8.413951416451965e+19,2048,exponential,1.6858530458105338e-21,0.141846856227274,1.2830663920424743,1.0795658286727689e+20,0.03702984766182841,3.115673391852416e+18,4.480888681427331,-7.832890350467469
8.91250938133744e+19,2048,exponential,1.5766750015195437e-21,0.14052130742363156,1.2843077105048046,1.1446404518398081e+20,0.03615098528617766,3.221959955076502e+18,4.3702242882735165,-7.6509587589230215
9.440608762859264e+19,2048,exponential,1.474586034058608e-21,0.13920989834723585,1.2855202147669555,1.2136093404361644e+20,0.03529139430369726,3.331722463170059e+18,4.26219730970514,-7.472829981638629
1e+20,2048,exponential,1.3791242928898898e-21,0.13791242928898897,1.2867045041708765,1.2867045041708764e+20,0.0344507240244136,3.44507240244136e+18,4.156749210707522,-7.298443615756966
1.0592537251772853e+20,2048,exponential,1.2898581439118707e-21,0.1366287043888908,1.2878611688340402,1.36417174059863e+20,0.03362862692625592,3.562124834423375e+18,4.053822567995269,-7.127739354096619
1.1220184543019654e+20,2048,exponential,1.206384182317795e-21,0.13535853155385527,1.2889907896360258,1.4462714533968834e+20,0.032824758778950275,3.682998510799266e+18,3.953361056638194,-6.960657030214568
1.1885022274370165e+20,2048,exponential,1.1283253769417368e-21,0.13410172237689655,1.290093938214327,1.5332795191707206e+20,0.032038778759541864,3.807815992007728e+18,3.855309436540799,-6.797136661374436
1.2589254117941713e+20,2048,exponential,1.0553293373301875e-21,0.13285809205768762,1.2911711769687813,1.6254882056621877e+20,0.03127034955975413,3.936703769646115e+18,3.759613538786155,-6.637118489447024
1.333521432163324e+20,2048,exponential,9.870666953658143e-22,0.13162745932449402,1.2922230590742596,1.7232071444111783e+20,0.030519137485405863,4.0697923927927813e+18,3.6662202518599862,-6.480543019778951
1.4125375446227496e+20,2048,exponential,9.232295938180138e-22,0.13040964635747557,1.2932501285011742,1.826764361096104e+20,0.029784812548106197,4.207216598375079e+18,3.575077507762092,-6.327351058058905
1.496235656094436e+20,2048,exponential,8.635302747069852e-22,0.12920447871336144,1.2942529200433353,1.9365073669731792e+20,0.029067048549452027,4.3491154457118177e+18,3.48613426802864,-6.177483745229518
1.5848931924611108e+20,2048,exponential,8.076997608444983e-22,0.12801178525149126,1.2952319593528527,2.0528043150364023e+20,0.02836552315795855,4.4956324553646495e+18,3.399340509669413,-6.030882590476605
1.678804018122566e+20,2048,exponential,7.554866243592457e-22,0.12683139806121552,1.296187762981562,2.1760452247347462e+20,0.027679917978952504,4.646915752436852e+18,3.3146472110334058,-5.887489502339482
1.778279410038923e+20,2048,exponential,7.066558364295967e-22,0.12566315239065848,1.297120838428712,2.306643279310203e+20,0.027009918617659626,4.803118214461108e+18,3.2320063376269026,-5.7472468179961655
1.8836490894897945e+20,2048,exponential,6.609876928326855e-22,0.1245068865768248,1.2980316841944106,2.445036200061706e+20,0.02635521473572265,4.964397624025199e+18,3.151370827869382,-5.610097330745456
1.995262314968883e+20,2048,exponential,6.182768102798546e-22,0.12336244197705594,1.2989207898386286,2.5916877020946317e+20,0.025715500101377832,5.130916826285768e+18,3.0726945788369653,-5.475984315766247
2.1134890398366433e+20,2048,exponential,5.783311888443223e-22,0.12222966290181712,1.2997886360452122,2.7470890363857758e+20,0.02509047263352931,5.302843891528544e+18,2.995932431966941,-5.344851554168062
2.238721138568347e+20,2048,exponential,5.40971336100669e-22,0.12110839654881297,1.3006356946907889,2.9117606232807958e+20,0.02447983443994577,5.480352282936003e+18,2.921040158762911,-5.216643355406614
2.3713737056616553e+20,2048,exponential,5.06029448888303e-22,0.11999849293841802,1.3014624289180272,3.086253782842761e+20,0.02388329184981733,5.663621029730013e+18,2.847974446495871,-5.091304578100031
2.5118864315095718e+20,2048,exponential,4.73348648883608e-22,0.11889980485041235,1.3022692932131024,3.271152567793552e+20,0.02330055544089451,5.852834905861944e+18,2.7766928839153104,-4.968780649298332
2.660725059798814e+20,2048,exponential,4.427822684201684e-22,0.1178121877620107,1.3030567334869843,3.4670757051284036e+20,0.022731340061440106,6.04818461442824e+18,2.7071539469817107,-4.849017582257787
2.818382931264449e+20,2048,exponential,4.1419318323362907e-22,0.11673549978717486,1.3038251871602347,3.674678652845081e+20,0.022175364847213795,6.249866977994904e+18,2.6393169846312015,-4.731961992771094
2.9853826189179696e+20,2048,exponential,3.8745318902913813e-22,0.11566960161719275,1.3045750832511274,3.894655778611379e+20,0.021632353233709666,6.458085135021078e+18,2.573142204578671,-4.617561114100511
3.1622776601683794e+20,2048,exponential,3.6244241897598515e-22,0.11461435646251457,1.3053068424667011,4.127742667597375e+20,0.02110203296386578,6.673048742576948e+18,2.50859065917175,-4.505762810567992
3.3496543915782655e+20,2048,exponential,3.3904879942648714e-22,0.11356962999582712,1.3060208772966029,4.374718567129465e+20,0.020584136091455096,6.894974185558724e+18,2.4456242312967946,-4.39651558984433
3.54813389233576e+20,2048,exponential,3.171675413361447e-22,0.11253529029635782,1.306717592109396,4.636408976274724e+20,0.02007839898036731,7.124084792608102e+18,2.384205620357216,-4.2897686139986675
3.7583740428844355e+20,2048,exponential,2.9670066502962134e-22,0.11151120779538785,1.3073973832510892,4.913688388945928e+20,0.019584562299987285,7.360611058952531e+18,2.3242983283207286,-4.185471709346789
3.9810717055349857e+20,2048,exponential,2.7755655611360766e-22,0.1104972552229617,1.3080606391457654,5.2074831996272155e+20,0.019102371016866047,7.6047908763877e+18,2.2658666458494903,-4.083575375152392
4.216965034285823e+20,2048,exponential,2.5964955048369383e-22,0.10949330755577684,1.3087077403979461,5.5187747813573467e+20,0.018631574382883532,7.856869770631532e+18,2.2088756385201025,-3.984030791229831
4.466835921509617e+20,2048,exponential,2.4289954650845013e-22,0.10849924196623409,1.3093390598965804,5.848602746181677e+20,0.018171925920090527,8.117101146287205e+18,2.153291133129809,-3.8867898244848487
4.7315125896148124e+20,2048,exponential,2.272316426011921e-22,0.10751493777263939,1.309954962920468,6.1980683988866e+20,0.017723183402413533,8.385746539657191e+18,2.0990797041196885,-3.7918050344628362
5.0118723362727146e+20,2048,exponential,2.125757985083929e-22,0.1065402763905297,1.3105558072448389,6.568338395471964e+20,0.01728510883440798,8.663075879663247e+18,2.0462086600879115,-3.699029677919896
5.308844442309901e+20,2048,exponential,1.9886651875446103e-22,0.10557514128511382,1.3111419432490226,6.960648618496976e+20,0.01685746842722752,8.949367757130145e+18,1.9946460304275382,-3.608417712486933
5.6234132519034906e+20,2048,exponential,1.860425567859425e-22,0.10461941792480767,1.3117137140249615,7.376308282151514e+20,0.016440032571984824,9.244909702702449e+18,1.9443605520766738,-3.5199237994553934
5.956621435290085e+20,2048,exponential,1.740466384545327e-22,0.1036729937358453,1.3122714554864021,7.816704280669621e+20,0.016032575810664276,9.549998473671614e+18,1.8953216563965203,-3.4335033057362185
6.309573444801943e+20,2048,exponential,1.6282520356837528e-22,0.10273575805794913,1.3128154964787262,8.28330579450665e+20,0.015634876804748246,9.86494034999894e+18,1.8474994561717528,-3.3491123050246596
6.683439175686135e+20,2048,exponential,1.5232816432505211e-22,0.10180760210104085,1.3133461588890627,8.77766916955607e+20,0.015246718301709605,1.0190051439829676e+19,1.8008647327466987,-3.266707578219563
7.079457843841402e+20,2048,exponential,1.4250867951807873e-22,0.1008884189029743,1.3138637577567855,9.301443085590215e+20,0.014867887099517783,1.0525657994802956e+19,1.755388923297585,-3.186246613133503
7.498942093324558e+20,2048,exponential,1.3332294348195227e-22,0.09997810328827429,1.3143686013840725,9.856374031063148e+20,0.014498174009303703,1.0872096735471161e+19,1.711044108244586,-3.107687603532072
7.943282347242789e+20,2048,exponential,1.2472998880903221e-22,0.09907655182785763,1.3148609914465286,1.0444312102435362e+21,0.014137373816320338,1.1229715187154977e+19,1.6678029988044685,-3.0309894475370247
8.413951416451965e+20,2048,exponential,1.1669150193539786e-22,0.09818366279972479,1.31534122310368,1.1067217147250868e+21,0.013785285239331466,1.1598872026566734e+19,1.6256389246928515,-2.956111745434775
8.91250938133744e+20,2048,exponential,1.0917165075230397e-22,0.09729933615060038,1.3158095851093146,1.1727165271340492e+21,0.013441710888556443,1.1979937439548492e+19,1.5845258219770786,-2.883014796924044
9.440608762859264e+20,2048,exponential,1.0213692345544969e-22,0.09642347345850043,1.3162663599214273,1.2426355731731094e+21,0.013106457222294457,1.2373293490283315e+19,1.5444382210729746,-2.8116595978271097
1e+21,2048,exponential,9.555597789621801e-23,0.09555597789621802,1.3167118238118654,1.3167118238118655e+21,0.012779334502343637,1.2779334502343637e+19,1.5053512349082476,-2.7420078363173284
1.0592537251772854e+21,2048,exponential,8.939950074742244e-23,0.09469675419569673,1.3171462469753983,1.3951920687119716e+21,0.012460156748330297,1.319846745196176e+19,1.46724054722982,-2.6740218886704747
1.1220184543019653e+21,2048,exponential,8.36400758414156e-23,0.09384570861328428,1.3175698936382512,1.4783377354947953e+21,0.012148741691053849,1.3631112373910084e+19,1.430082401078514,-2.607664814591326
1.1885022274370166e+21,2048,exponential,7.825206108060914e-23,0.09300274889584144,1.3179830221659976,1.566425757568459e+21,0.011844910724952454,1.4077702780398598e+19,1.39385358741686,-2.5429003521294957
1.2589254117941712e+21,2048,exponential,7.32114733599164e-23,0.09216778424769075,1.3183858851706736,1.6597494933921131e+21,0.011548488859785839,1.4538686093406286e+19,1.3585314339203736,-2.4796929122217204
1.333521432163324e+21,2048,exponential,6.8495880977488e-23,0.09134072529838838,1.3187787296171658,1.758619700225612e+21,0.011259304671631125,1.5014524090876742e+19,1.3240937939328123,-2.4180075728865047
1.4125375446227498e+21,2048,exponential,6.408430304447154e-23,0.09052148407129804,1.3191617969286864,1.8633655655937813e+21,0.010977190253279744,1.5505693367224551e+19,1.2905190355824603,-2.357810073094291
1.4962356560944358e+21,2048,exponential,5.99571154366944e-23,0.08970997395295227,1.3195353230913633,1.9743357998853894e+21,0.01070198116412189,1.601268580861021e+19,1.2577860310609479,-2.299066806338257
1.584893192461111e+21,2048,exponential,5.60959628611469e-23,0.08890610966318303,1.3198995387578702,2.091899793709909e+21,0.010433516379598703,1.653600908345748e+19,1.2258741460672073,-2.241744813932278
1.678804018122566e+21,2048,exponential,5.248367663816897e-23,0.0881098072260035,1.3202546693499924,2.2164488438498468e+21,0.010171638240298956,1.7076187148703033e+19,1.1947632294207144,-2.1858117780619746
1.7782794100389228e+21,2048,exponential,4.9104197826433226e-23,0.08732098394122423,1.32060093516021,2.348397451873548e+21,0.009916192400775042,1.7633760772282692e+19,1.164433602828141,-2.131236014596105
1.8836490894897945e+21,2048,exponential,4.594250534223911e-23,0.08653955835678871,1.3209385514521053,2.4881846997147263e+21,0.009667027778144427,1.8209288072374303e+19,1.1348660508322839,-2.0779864657065383
1.995262314968883e+21,2048,exponential,4.298454874748905e-23,0.08576545024180779,1.3212677285596575,2.63627570677962e+21,0.009423996500545656,1.8803345073937375e+19,1.1060418109037018,-2.0260326922790894
2.1134890398366433e+21,2048,exponential,4.0217185402036317e-23,0.084998580560282,1.321588671985398,2.7931631734134035e+21,0.009186953855507555,1.941652628310021e+19,1.077942563717893,-1.9753448661759432
2.238721138568347e+21,2048,exponential,3.762812169601453e-23,0.08423887144548997,1.3219015824973062,2.959369015843669e+21,0.00895575823829201,2.0049445279971942e+19,1.050550423584129,-1.925893762335329
2.3713737056616553e+21,2048,exponential,3.520585809638828e-23,0.08348624617503066,1.322206656224484,3.1354460980215614e+21,0.008730271100265348,2.0702735330467095e+19,1.0238479290368474,-1.8776507507374252
2.5118864315095717e+21,2048,exponential,3.2939637759330875e-23,0.08274062914650357,1.3225040847516574,3.321980066103673e+21,0.008510356897348343,2.1377050017753203e+19,0.9978180336014164,-1.8305877882640487
2.660725059798814e+21,2048,exponential,3.081939847629702e-23,0.08200194585380886,1.3227940552122615,3.51959129165616e+21,0.008295883038596207,2.2073063893952856e+19,0.9724440967082026,-1.7846774104446683
2.818382931264449e+21,2048,exponential,2.883572773682474e-23,0.08127012286405569,1.3230767503803469,3.7289369300248035e+21,0.008086719834952292,2.2791473152747205e+19,0.9477098747753043,-1.7398927231229822
2.9853826189179696e+21,2048,exponential,2.6979820705277955e-23,0.08054508779505996,1.3233523487611385,3.950713100695774e+21,0.007882740448219018,2.35329963235547e+19,0.9235995124487584,-1.6962073940490874
3.1622776601683794e+21,2048,exponential,2.5243440922000473e-23,0.07982676929342238,1.3236210246802518,4.1856571968755393e+21,0.007683820840285814,2.4298374987972055e+19,0.9000975340066608,-1.6535956444173827
3.3496543915782654e+21,2048,exponential,2.361888355171095e-23,0.07911509701316424,1.3238829483716066,4.434550331948534e+21,0.007489839722652304,2.508837451919963e+19,0.8771888349099477,-1.6120322403476939
3.5481338923357606e+21,2048,exponential,2.209894101355298e-23,0.07841000159491611,1.324138286063962,4.698219930922928e+21,0.007300678506279915,2.5903784845178982e+19,0.854858673524328,-1.571492484346071
3.7583740428844353e+21,2048,exponential,2.0676870838006588e-23,0.0777114146456381,1.3243872000661425,4.977542475456985e+21,0.007116221251806198,2.6745421236211e+19,0.8330926629839253,-1.5319522067298807
3.9810717055349854e+21,2048,exponential,1.9346365605969663e-23,0.07701926871886103,1.3246298488508852,5.273446411567343e+21,0.006936354620150283,2.7614125117837165e+19,0.8118767632161017,-1.493387757046949
4.2169650342858226e+21,2048,exponential,1.8101524834759397e-23,0.07633349729543683,1.3248663871373143,5.586915229658638e+21,0.0067609678235381184,2.8510764909791764e+19,0.7911972731168948,-1.4557759954916816
4.4668359215096167e+21,2048,exponential,1.693682868459001e-23,0.07565403476478112,1.3250969659720717,5.918990727087456e+21,0.006589952576972716,2.9436236891866595e+19,0.7710408228769339,-1.4190942843269383
4.731512589614812e+21,2048,exponential,1.5847113367335017e-23,0.07498081640659882,1.3253217328091191,6.270776464076466e+21,0.006423203050173198,3.0391466097546748e+19,0.7513943664567924,-1.3833204793224474
5.011872336272714e+21,2048,exponential,1.482754814707516e-23,0.07431377837307775,1.3255408315881194,6.643441424436425e+21,0.006260615820004353,3.1377407236311134e+19,0.7322451742062919,-1.348432921213738
5.308844442309901e+21,2048,exponential,1.387361382913163e-23,0.07365285767153923,1.3257544028115,7.038223893233713e+21,0.006102089823415774,3.2395045645516632e+19,0.7135808256353293,-1.3144104271982648
5.623413251903491e+21,2048,exponential,1.2981082641014168e-23,0.07299799214753344,1.325962583620167,7.456435564257837e+21,0.005947526310909573,3.3445398272813576e+19,0.6953892023235486,-1.281232282465572
5.956621435290085e+21,2048,exponential,1.2145999414992853e-23,0.07234912046836726,1.3261655078678862,7.899465890908213e+21,0.005796828800551846,3.4529514690074042e+19,0.6776584809738084,-1.2488782317743419
6.309573444801943e+21,2048,exponential,1.136466398788463e-23,0.07170618210705382,1.3263633061942586,8.368786694923003e+21,0.005649903032543426,3.564847813984197e+19,0.660377126608025,-1.2173284710836563
6.683439175686135e+21,2048,exponential,1.063361473913249e-23,0.0710691173266716,1.3265561060964575,8.865957048230717e+21,0.005506656924362818,3.6803406615349776e+19,0.643533885896197,-1.1865636392362822
7.079457843841402e+21,2048,exponential,9.94961319338867e-24,0.07043786716512332,1.3267440319995936,9.392628444109291e+21,0.005367000526492293,3.79954539751768e+19,0.6271177806274286,-1.156564809710503
7.498942093324559e+21,2048,exponential,9.309629618613553e-24,0.06981237342028224,1.3269272053257688,9.950550274794928e+21,0.005230845978738894,3.92258110936626e+19,0.6111181013106703,-1.1273134824348885
7.943282347242789e+21,2048,exponential,8.710829555181957e-24,0.0691925786355176,1.3271057445618086,1.0541575633702312e+22,0.0050981074671575255,4.049570704821902e+19,0.5955244009135718,-1.0987915756809463
8.413951416451964e+21,2048,exponential,8.150561215684336e-24,0.06857842608558566,1.327279765325797,1.116766746149102e+22,0.004968701181585758,4.180641034473004e+19,0.5803264887245252,-1.0709814180249633
8.912509381337441e+21,2048,exponential,7.62634369902691e-24,0.06796985976288102,1.327449380432213,1.183090505635267e+22,0.004842545273795404,4.315923018225282e+19,0.565514424352398,-1.043865740399097
9.440608762859265e+21,2048,exponential,7.135855966096597e-24,0.0673668243640331,1.327614699955855,1.2533490970104017e+22,0.004719559816267183,4.455551775829043e+19,0.55107851184375,-1.0174276682173744
1e+22,2048,exponential,6.676926527684288e-24,0.06676926527684288,1.3277758312945456,1.3277758312945455e+22,0.004599666761592906,4.599666761592906e+19,0.5370092939325444,-0.9916507135964925
1.0592537251772853e+22,2048,exponential,6.247523798556548e-24,0.06617712856754768,1.3279328792305585,1.4066178491103673e+22,0.00448278990250809,4.7484119034188145e+19,0.5232975464091183,-0.9665187676631382
1.1220184543019653e+22,2048,exponential,5.84574707456228e-24,0.06559036096840605,1.3280859459907932,1.4901369403007532e+22,0.004368854832558353,4.901935746296794e+19,0.5099342726071265,-0.9420160929515475
1.1885022274370165e+22,2048,exponential,5.469818092456154e-24,0.06500890986559432,1.3282351313058411,1.5786104121170904e+22,0.004257788907400617,5.0603916004022534e+19,0.49691069801662824,-0.9181273159025505
1.2589254117941714e+22,2048,exponential,5.118073134736238e-24,0.06443272328740504,1.3283805324677185,1.672332008856283e+22,0.00414952120674016,5.223937693944003e+19,0.4842182650063087,-0.8948374194532205
1.3335214321633241e+22,2048,exponential,4.788955644240334e-24,0.06386174989274004,1.328522244386547,1.7716128859951819e+22,0.004043982496903958,5.392737330914781e+19,0.47184862766620483,-0.8721317357301306
1.4125375446227496e+22,2048,exponential,4.481009315528923e-24,0.06329593895988893,1.3286603596460025,1.8767826420519437e+22,0.003941105194049162,5.566959053902168e+19,0.459793646758655,-0.8499959388390987
1.4962356560944358e+22,2048,exponential,4.1928716322228155e-24,0.06273524037558652,1.3287949685576228,1.9881904115948e+22,0.0038408233280057286,5.746776812121466e+19,0.44804538478386835,-0.8284160377604488
1.584893192461111e+22,2048,exponential,3.923267821460174e-24,0.06217960462433963,1.3289261592139976,2.106206023021755e+22,0.003743072506751502,5.932370134838801e+19,0.43659610115180936,-0.8073783693448577
1.6788040181225657e+22,2048,exponential,3.671005198506604e-24,0.061628982778017136,1.329054017540842,2.2312212249495044e+22,0.003647789881516569,6.123924310356854e+19,0.4254382474632834,-0.7868695914153845
1.7782794100389228e+22,2048,exponential,3.434967876300087e-24,0.0610833264856957,1.329178627347976,2.363650985276704e+22,0.0035549141125146727,6.321630570741633e+19,0.41456446289449556,-0.7668766759731493
1.8836490894897943e+22,2048,exponential,3.2141118163442594e-24,0.06054258796375253,1.3293000703791928,2.503934867228486e+22,0.003464385335297591,6.525686282475103e+19,0.4039675696837053,-0.7473869025072855
1.995262314968883e+22,2048,exponential,3.0074601988930257e-24,0.06000671998620075,1.3294184263611175,2.6525384869435727e+22,0.003376145127728637,6.7362951432227545e+19,0.39364056872053244,-0.7283878514126041
2.1134890398366432e+22,2048,exponential,2.8140990917963904e-24,0.059475675875259225,1.3295337730509678,2.8099550574358794e+22,0.0032901364775708647,6.9536673849127625e+19,0.38357663523751473,-0.7098673975165504
2.238721138568347e+22,2048,exponential,2.633173398713087e-24,0.05894940949214846,1.3296461862832891,2.9767070240491853e+22,0.003206303750685198,7.178019983329927e+19,0.3737691145887734,-0.6918137037023597
2.371373705661655e+22,2048,exponential,2.463883068645595e-24,0.058427875228111145,1.3297557400157296,3.153347796825957e+22,0.0031245926598329993,7.409576874431386e+19,0.3642115181392791,-0.6742152146537617
2.511886431509572e+22,2048,exponential,2.3054795499190735e-24,0.05791102799564515,1.3298625063737288,3.340463585533481e+22,0.00304495023407787,7.648569177602097e+19,0.3548975192335657,-0.6570606506921983
2.660725059798814e+22,2048,exponential,2.1572624728196252e-24,0.05739882321994735,1.3299665556943143,3.538675343430177e+22,0.0029673247887806436,7.89523542607088e+19,0.3458209492669839,-0.6403390017307276
2.8183829312644493e+22,2048,exponential,2.0185765461273314e-24,0.056891216830560164,1.3300679565688989,3.7486408262155697e+22,0.002891665896181568,8.149821804717649e+19,0.33697579383746845,-0.6240395213247929
2.9853826189179694e+22,2048,exponential,1.888808653734754e-24,0.056388165253215834,1.3301667758851103,3.971056772989562e+22,0.0028179243565629388,8.4125823955086e+19,0.3283561889943165,-0.6081517208367693
3.1622776601683792e+22,2048,exponential,1.767385138435227e-24,0.055889625401873165,1.3302630788677117,4.206661216450172e+22,0.002746052169986072,8.683779430803856e+19,0.31995641756865645,-0.5926653637014057
3.3496543915782655e+22,2048,exponential,1.6537692607994526e-24,0.05539555467094028,1.330356929118617,4.456235929988751e+22,0.0026760025085952673,8.963683554790592e+19,0.3117709055891371,-0.577570459795751
3.5481338923357603e+22,2048,exponential,1.5474588218409585e-24,0.0549059109276787,1.3304483886560272,4.7206090197939505e+22,0.002607729689482219,9.25257409330207e+19,0.3037942187796405,-0.562857259912275
3.7583740428844353e+22,2048,exponential,1.4479839389008385e-24,0.054420652504784735,1.330537517952651,5.000657670557127e+22,0.0025411891481032663,9.550739332290927e+19,0.2960210591426815,-0.5485162503391927
3.981071705534985e+22,2048,exponential,1.3549049648652998e-24,0.053939738193141185,1.3306243759730376,5.297311053881406e+22,0.002476337412242258,9.858476805235378e+19,0.2884462616179917,-0.5345381475387212
4.2169650342858225e+22,2048,exponential,1.2678105414689565e-24,0.053463127234735654,1.3307090202101817,5.611553409035082e+22,0.0024131320765119336,1.0176093589764365e+20,0.28106479082017355,-0.5209138929278323
4.466835921509617e+22,2048,exponential,1.1863157780335906e-24,0.05299077931574072,1.3307915067211515,5.9444273062619466e+22,0.0023515317773855947,1.0503906613797331e+20,0.2738717378512501,-0.5076346477580485
4.7315125896148125e+22,2048,exponential,1.1100605475516173e-24,0.05252265455975189,1.3308718901620196,6.297037103466057e+22,0.0022914961687518554,1.0842242971503513e+20,0.2668623171934392,-0.4946917880999546
5.011872336272714e+22,2048,exponential,1.038707892545688e-24,0.05205871352117865,1.3309502238219189,6.670552607729053e+22,0.002232985897984538,1.1191440249395793e+20,0.26003186367471454,-0.48207689992595393
5.308844442309901e+22,2048,exponential,9.719425336247232e-25,0.05159891717878216,1.3310265596563566,7.0662129537985165e+22,0.0021759625825200474,1.1551846862885854e+20,0.25337582949547244,-0.46978177428008694
5.623413251903491e+22,2048,exponential,9.094694741142761e-25,0.051143226929359194,1.3311009483197318,7.485330712402483e+22,0.0021203887869342287,1.1923822403633509e+20,0.24688978133420303,-0.4577984025526005
5.9566214352900855e+22,2048,exponential,8.510126945661241e-25,0.05069160458156549,1.3311734391971883,7.929296242010796e+22,0.0020662280005106647,1.2307737998038398e+20,0.24056939752268303,-0.4461189718509506
6.309573444801943e+22,2048,exponential,7.963139313525097e-25,0.05024401234987633,1.3312440804355419,8.399582298465877e+22,0.002013444615292685,1.2703976677230187e+20,0.23441046528294152,-0.43473586045894574
6.683439175686135e+22,2048,exponential,7.451315339243015e-25,0.04980041284868779,1.331312918973755,8.897748917766255e+22,0.0019620039046098848,1.3112933758918866e+20,0.22840887809898458,-0.42364163345782746
7.079457843841402e+22,2048,exponential,6.972393956613971e-25,0.049360769086503165,1.3313800005724252,9.425448588186027e+22,0.0019118720020784104,1.3535017241534767e+20,0.22256063283137006,-0.4128290381194444
7.498942093324558e+22,2048,exponential,6.524259535739748e-25,0.04892504446033294,1.3314453698428004,9.984431728876259e+22,0.0018630158810487034,1.397064821092826e+20,0.21686182752855832,-0.40229100001879514
7.94328234724279e+22,2048,exponential,6.104932524142304e-25,0.048493202750127924,1.331509070274991,1.0576552493108994e+23,0.0018154033345174098,1.4420261260197837e+20,0.21130865867136084,-0.39202061861220994
8.413951416451964e+22,2048,exponential,5.712560690497046e-25,0.048065208113375425,1.3315711442655949,1.1203774915400065e+23,0.0017690029554769877,1.488430492294331e+20,0.20589741878482837,-0.382011163208007
8.91250938133744e+22,2048,exponential,5.345410932140044e-25,0.047641025079801856,1.331631633144581,1.1868179422886774e+23,0.0017237841177025017,1.536324212042403e+20,0.20062449405460203,-0.3722560689698895
9.440608762859264e+22,2048,exponential,5.001861610022396e-25,0.047220618546186775,1.331690577201642,1.2571969732546934e+23,0.0016797169569664808,1.5857550623061056e+20,0.19548636199884228,-0.36274893300316524
1e+23,2048,exponential,4.68039537712864e-25,0.046803953771286405,1.3317480157118697,1.3317480157118696e+23,0.0016367723526741853,1.6367723526741852e+20,0.19047958918869679,-0.3534835105174383
1.0592537251772854e+23,2048,exponential,4.379592468565344e-25,0.046390996370862234,1.331803986960795,1.410718334394183e+23,0.0015949219099113058,1.6894269744404215e+20,0.1856008290346045,-0.3444537110823265
1.1220184543019653e+23,2048,exponential,4.098124423579098e-25,0.04598171231281352,1.331858528268929,1.4943698472371941e+23,0.0015541379418964648,1.743771451338709e+20,0.18084681961778593,-0.3356535949560202
1.1885022274370166e+23,2048,exponential,3.834748211679296e-25,0.0455760679124096,1.3319116760155705,1.5829799936938755e+23,0.001514393452830924,1.7998599919055877e+20,0.17621438157930935,-0.3270773694984519
1.2589254117941714e+23,2048,exponential,3.588300736835456e-25,0.045174029827619054,1.331963465662215,1.6768426545035958e+23,0.00147566212113778,1.85774854352244e+20,0.17170041605927278,-0.31871938566182534
1.3335214321633241e+23,2048,exponential,3.3576936953984226e-25,0.044775565054534686,1.3320139317752955,1.7762691259624923e+23,0.001437918283083267,1.9174948481910263e+20,0.16730190268285927,-0.31057413455484184
1.4125375446227497e+23,2048,exponential,3.141908764962596e-25,0.04438064092288961,1.3320631080483647,1.8815891519251858e+23,0.0014011369167725822,1.979158500098233e+20,0.16301589759863955,-0.30263624408612966
1.4962356560944359e+23,2048,exponential,2.9399931028570032e-25,0.04398922509166364,1.3321110273238497,1.993152016958533e+23,0.0013652936265129872,2.042801005027211e+20,0.15883953156612396,-0.2949004756832574
1.584893192461111e+23,2048,exponential,2.751055134325527e-25,0.043601285544777144,1.3321577216141853,2.111327704270826e+23,0.0013303646275368097,2.1084858416741512e+20,0.1547700080839487,-0.28736172107868274
1.6788040181225658e+23,2048,exponential,2.574260611741849e-25,0.043216790586868704,1.332203222122479,2.236508122255047e+23,0.001296326731077187,2.1762785249320724e+20,0.15080460157059772,-0.2800149991744494
1.7782794100389228e+23,2048,exponential,2.4088289274079403e-25,0.04283570883915683,1.3322475592626575,2.3691084037113933e+23,0.0012631573297894115,2.2462466712042557e+20,0.14694065558480407,-0.2728554529723315
1.8836490894897944e+23,2048,exponential,2.2540296636079415e-25,0.042458009235380866,1.3322907626791634,2.5095682820562697e+23,0.0012308343835108404,2.318460065812927e+20,0.1431755810908708,-0.26587834657424425
1.9952623149688827e+23,2048,exponential,2.1091793646429377e-25,0.04208366101782065,1.3323328612661547,2.658353549079023e+23,0.0011993364053524836,2.3929907325700548e+20,0.13950685476888935,-0.25907906225304256
2.1134890398366435e+23,2048,exponential,1.9736385165553975e-25,0.041712633733392845,1.3323738831862164,2.8159575990786566e+23,0.00116864244811534,2.4699130055796346e+20,0.13593201736323834,-0.25245309758632484
2.238721138568347e+23,2048,exponential,1.8468087211728503e-25,0.04134489722982036,1.332413855888655,2.9829030644992912e+23,0.0011387320910247805,2.5493036033433115e+20,0.13244867207347077,-0.2459960626575941
2.371373705661655e+23,2048,exponential,1.7281300519624404e-25,0.04098042165187441,1.3324528061273129,3.159743548485397e+23,0.0011095854267764262,2.6312417052429828e+20,0.1290544829817497,-0.2397036773179262
2.5118864315095718e+23,2048,exponential,1.6170785799928213e-25,0.04061917743768734,1.3324907599779994,3.347065460100614e+23,0.0010811830488866555,2.71580903047654e+20,0.12574717352455966,-0.2335717685161498
2.660725059798814e+23,2048,exponential,1.513164059054541e-25,0.0402611353151331,1.3325277428554338,3.545489958292603e+23,0.001053506039341672,2.8030899195257818e+20,0.12252452499850186,-0.22759626768676933
2.818382931264449e+23,2048,exponential,1.41592775969486e-25,0.03990626629827504,1.3325637795298346,3.7556750110481285e+23,0.001026535956538501,2.8931714182373356e+20,0.11938437510150557,-0.22177320819660729
2.9853826189179693e+23,2048,exponential,1.3249404425826725e-25,0.039554541683877925,1.3325988941430418,3.978317576563944e+23,0.0010002548235117255,2.986143364600766e+20,0.11632461651296389,-0.21609872285348608
3.162277660168379e+23,2048,exponential,1.2398004622369676e-25,0.03920593304798393,1.3326331102243207,4.214155913663075e+23,0.0009746451164398746,3.082098478310024e+20,0.11334319550835303,-0.2105690414719752
3.3496543915782654e+23,2048,exponential,1.1601319927289503e-25,0.03886041224254973,1.3326664507056978,4.4639720291153605e+23,0.0009496897534252575,3.181132453197794e+20,0.11043811060968967,-0.2051804884973918
3.5481338923357603e+23,2048,exponential,1.0855833675089165e-25,0.03851795139214374,1.3326989379369647,4.7285942699740163e+23,0.000925372083541455,3.2833440526347954e+20,0.10760741126418782,-0.19992948067979466
3.758374042884436e+23,2048,exponential,1.0158255260139231e-25,0.03817852289070157,1.332730593700347,5.0089000695213474e+23,0.000901675876142537,3.388835207989192e+20,0.10484919655890934,-0.19481252480608724
3.9810717055349855e+23,2048,exponential,9.505505601852505e-26,0.03784209939833931,1.3327614392246971,5.305818855925527e+23,0.0008785853104280966,3.497711120243967e+20,0.10216161397218482,-0.18982621548951917
4.2169650342858225e+23,2048,exponential,8.894703544672308e-26,0.03750865383822129,1.332791495199498,5.6203351332498036e+23,0.0008560849652587968,3.6100803648741396e+20,0.09954285814661734,-0.18496723300213125
4.466835921509616e+23,2048,exponential,8.323153132725253e-26,0.03717815939348246,1.3328207817883668,5.953491745026807e+23,0.0008341598092165056,3.726055000087895e+20,0.09699116969892341,-0.18023234116468778
4.731512589614813e+23,2048,exponential,7.788331702865425e-26,0.03685058950420393,1.3328493186423476,6.306393331215793e+23,0.0008127951909037718,3.845750678539572e+20,0.09450483405921695,-0.1756183852860138
5.011872336272715e+23,2048,exponential,7.2878787434564e-26,0.03652591786443909,1.3328771249127773,6.68020999000106e+23,0.0007919768294773105,3.969286762626306e+20,0.09208218033316395,-0.17112229014508706
5.308844442309901e+23,2048,exponential,6.819585469627806e-26,0.036204118419290936,1.3329042192639264,7.076181156570713e+23,0.0007716908054100006,4.096786443482533e+20,0.08972158020508214,-0.1667410580339479
5.623413251903491e+23,2048,exponential,6.381385068915297e-26,0.03588516536203735,1.3329306198852242,7.495619711730504e+23,0.0007519235514765984,4.22837686379184e+20,0.0874214468510548,-0.16247176682941955
5.956621435290085e+23,2048,exponential,5.971343574156931e-26,0.035569033131304884,1.3329563445033024,7.939916333974286e+23,0.0007326618439577353,4.364189244537805e+20,0.08518023389669782,-0.15831156812846636
6.309573444801942e+23,2048,exponential,5.587651323297223e-26,0.03525569640828859,1.3329814103936102,8.410544109434163e+23,0.0007138927940575215,4.5043590158207995e+20,0.08299643438725024,-0.15425768541433849
6.683439175686135e+23,2048,exponential,5.228614968345269e-26,0.03494513011401769,1.3330058343918703,8.90906341499281e+23,0.0006956038395297288,4.6490259518706804e+20,0.0808685797914599,-0.15030741227478606
7.079457843841402e+23,2048,exponential,4.8926499981629277e-26,0.03463730940666516,1.3330296329051143,9.437127090743137e+23,0.0006777827365077942,4.7983343103903944e+20,0.07879523902805108,-0.14645811066046344
7.498942093324558e+23,2048,exponential,4.578273742033968e-26,0.03433220967890106,1.333052821922578,9.996485918940306e+23,0.000660417551534046,4.952432976368999e+20,0.076775017516173,-0.14270720918474478
7.94328234724279e+23,2048,exponential,4.284098823089143e-26,0.0340298065552876,1.3330754170262327,1.0588994427607794e+24,0.0006434966537834516,5.111475610507896e+20,0.0748065562482747,-0.13905220146331887
8.413951416451965e+23,2048,exponential,4.0088270326546495e-26,0.033730075889715515,1.3330974334010839,1.1216617038033529e+24,0.0006270087074774933,5.275620802407971e+20,0.07288853088875946,-0.13549064449623893
8.912509381337441e+23,2048,exponential,3.751243598451557e-26,0.03343299376288152,1.333118885845203,1.1881434576533489e+24,0.0006109426644836704,5.4450322286700056e+20,0.07101965089659767,-0.1320201570902957
9.440608762859264e+23,2048,exponential,3.5102118213155104e-26,0.03313853647980339,1.333139788779584,1.258565117206889e+24,0.0005952877570964124,5.6198788160672275e+20,0.06919865866310548,-0.12863841831274314
1e+24,2048,exponential,3.284668056737527e-26,0.03284668056737527,1.3331601562575741,1.333160156257574e+24,0.0005800334909950827,5.800334909950827e+20,0.067424328680743,-0.1253431659920312
1e+19,2048,power,2.116480416923995e-20,0.2116480416923995,1.1153852607519537,1.1153852607519537e+19,0.1467765295839931,1.467765295839931e+18,20.249655274911117,-29.04566183866446
1.0592537251772854e+19,2048,power,1.9766369590880965e-20,0.20937600622371677,1.119905648828565,1.1862642303687424e+19,0.14401361664621026,1.5254695990875174e+18,19.798878070978954,-28.54804676495958
1.1220184543019653e+19,2048,power,1.846091943447967e-20,0.20713492288867993,1.1243525882918541,1.2615443532056402e+19,0.14128672006645926,1.5852630726236308e+18,19.357050476334692,-28.055085434286887
1.1885022274370165e+19,2048,power,1.7242228418926685e-20,0.20492426881872192,1.1287265088230982,1.3414939699034595e+19,0.13859589090901334,1.647215250589801e+18,18.924029750360383,-27.566858363342984
1.2589254117941713e+19,2048,power,1.6104491030484826e-20,0.20274353002288648,1.1330278674329644,1.4263975745823164e+19,0.13594116303697457,1.7113978465610179e+18,18.499674541263154,-27.083442185982655
1.3335214321633241e+19,2048,power,1.5042293017206028e-20,0.20059220127324953,1.137257147341598,1.5165567798609443e+19,0.13332255330354373,1.7778848222101276e+18,18.08384488404664,-26.60490962607992
1.4125375446227497e+19,2048,power,1.4050584832007325e-20,0.1984697859911728,1.1414148568601643,1.6122913393051838e+19,0.13074006176371433,1.8467524582754368e+18,17.676402198319117,-26.13132947663297
1.496235656094436e+19,2048,power,1.312465689044494e-20,0.19637579613489245,1.1455015282756453,1.7139402307166892e+19,0.1281936719044019,1.9180794278903762e+18,17.277209287241813,-25.66276658576333
1.5848931924611109e+19,2048,power,1.2260116518402756e-20,0.19430975208796544,1.149517716740642,1.8218628038756831e+19,0.12568335089330138,1.9919468723649444e+18,16.886130336577022,-25.199281849003086
1.6788040181225658e+19,2048,power,1.145286647358091e-20,0.19227118254868852,1.1534639991697437,1.93643999656589e+19,0.12320904984531306,2.0684384794937505e+18,16.50303091419516,-24.740932207982958
1.7782794100389229e+19,2048,power,1.0699084932679326e-20,0.1902596244204132,1.157340973144239,2.0580756229368103e+19,0.12077070410584284,2.1476405644732352e+18,16.127777969933877,-24.287770655372874
1.8836490894897943e+19,2048,power,9.995206843632352e-21,0.1882746227027024,1.161149255826396,2.1871977384991433e+19,0.11836823355015606,2.229642153512668e+18,15.760239835764667,-23.83984624594224
1.9952623149688828e+19,2048,power,9.337906549204788e-21,0.18631573038329435,1.1648894828850274,2.3242600863040844e+19,0.11600154289794236,2.3145350702251064e+18,15.400286226234638,-23.397204113598356
2.1134890398366433e+19,2048,power,8.724081594720623e-21,0.1843825083308262,1.1685623074335194,2.469743629126961e+19,0.11367052204223646,2.4024140248877635e+18,15.047788239139015,-22.959885494240538
2.238721138568347e+19,2048,power,8.150837638714209e-21,0.18247452518828008,1.1721683989816578,2.624158172762053e+19,0.1113750463917975,2.4933767066634737e+18,14.702618356384134,-22.527927754253994
2.3713737056616554e+19,2048,power,7.615474390896745e-21,0.18059135726712253,1.175708442402442,2.7880440858375717e+19,0.10911497722605414,2.5875238788773514e+18,14.364650445005257,-22.1013644244602
2.511886431509572e+19,2048,power,7.1154725070386e-21,0.17873258844209655,1.1791831369150987,2.96197412188193e+19,0.10689016206169302,2.684959477446259e+18,14.033759758299036,-21.68022523932357
2.660725059798814e+19,2048,power,6.6484813752243575e-21,0.17689781004665128,1.1825931950851825,3.1465553497106924e+19,0.10470043502995559,2.785790712560404e+18,13.709822937037774,-21.26453618120746
2.8183829312644493e+19,2048,power,6.212307732449301e-21,0.17508662076897266,1.185939341842897,3.3424311985650156e+19,0.10254561726372328,2.8901281737205473e+18,13.392718010719218,-20.854319529457022
2.9853826189179695e+19,2048,power,5.8049050547299584e-21,0.17329862654859882,1.18922231352043,3.5502836248133083e+19,0.1004255172934333,2.998085938236617e+18,13.08232439882886,-20.449593914088027
3.162277660168379e+19,2048,power,5.424363667815045e-21,0.17153344047360528,1.1924428569092123,3.770835407431361e+19,0.09833993145089605,3.1097816832965837e+18,12.778522912073464,-20.050374373844804
3.3496543915782656e+19,2048,power,5.0689015292211775e-21,0.16979068267833503,1.1956017283377403,4.0048525799050764e+19,0.09628864428007286,3.225336801718635e+18,12.48119575355171,-19.656672418385845
3.5481338923357606e+19,2048,power,4.736855635710794e-21,0.16806998024167122,1.1986996927707476,4.253147006652353e+19,0.09427142895387973,3.344876521501834e+18,12.190226519836568,-19.268496094356603
3.758374042884435e+19,2048,power,4.426674013482454e-21,0.16637096708583518,1.201737522930244,4.5165791125412676e+19,0.09228804769610179,3.4685300292950963e+18,11.905500201927444,-18.885850055092835
3.981071705534986e+19,2048,power,4.1369082512814305e-21,0.1646932838757072,1.204715998439049,4.7960607745910284e+19,0.09033825220749028,3.59643059790723e+18,11.626903186061854,-18.508735633714746
4.216965034285823e+19,2048,power,3.866206539373757e-21,0.16303657791866324,1.207635904987131,5.092558385478848e+19,0.08842178409516838,3.7287157179849533e+18,11.354323254333787,-18.137150919342137
4.466835921509617e+19,2048,power,3.613307179870181e-21,0.16140050306492734,1.2104980335213729,5.407096099050021e+19,0.08653837530444071,3.865527233989565e+18,11.087649585116832,-17.771090836191217
4.731512589614812e+19,2048,power,3.3770325362580353e-21,0.15978471960843735,1.2133031794588767,5.740759268629355e+19,0.08468774855216878,4.007011484607202e+18,10.826772753248548,-17.41054722528663
5.011872336272715e+19,2048,power,3.1562833922038454e-21,0.15818889418823456,1.2160521419242192,6.094698089575176e+19,0.08286961776085273,4.1533194477311186e+18,10.571584729967176,-17.055508928544285
5.308844442309901e+19,2048,power,2.950033691743012e-21,0.15661269969036848,1.2187457230108287,6.470131458195e+19,0.08108368849262144,4.304606890160406e+18,10.321978882564743,-16.705961874963783
5.6234132519034905e+19,2048,power,2.7573256348865413e-21,0.1550558151503418,1.2213847270666254,6.868351059858989e+19,0.07932965838232707,4.461034522161549e+18,10.077849973754894,-16.36188916869452
5.956621435290085e+19,2048,power,2.5772651044527476e-21,0.15351792565608377,1.2239699600040452,7.290725699911244e+19,0.07760721756899726,4.622768157047103e+18,9.83909416071176,-16.02327117871183
6.309573444801943e+19,2048,power,2.4090174015919635e-21,0.15199872225150432,1.2265022286344733,7.738705891782474e+19,0.07591604912485578,4.789978875924698e+18,9.605608993852544,-15.69008562992671
6.683439175686135e+19,2048,power,2.2518032690115524e-21,0.15049790184049913,1.2289823400270892,8.213828717563467e+19,0.07425582948145489,4.962843197794251e+18,9.377293414966537,-15.362307695221167
7.0794578438414025e+19,2048,power,2.1048951823531947e-21,0.14901516709174303,1.2314111008920572,8.71772297720365e+19,0.07262622885166255,5.141543255125232e+18,9.154047755581551,-15.03991008882063
7.498942093324558e+19,2048,power,1.967613891500891e-21,0.14755022634386172,1.2337893169879997,9.252114643455468e+19,0.07102691164764494,5.32626697513369e+18,8.935773734359408,-14.722863159932931
7.94328234724279e+19,2048,power,1.8393251948551444e-21,0.14610279351131772,1.2361177925535456,9.818832640703303e+19,0.06945753689364448,5.51720826690251e+18,8.722374454415194,-14.41113498707567
8.413951416451965e+19,2048,power,1.7194369307626132e-21,0.14467258799089908,1.2383973297628152,1.0419814966888171e+20,0.06791775863323044,5.714567214543119e+18,8.513754400181384,-14.104691472622054
8.91250938133744e+19,2048,power,1.6073961713726634e-21,0.14325933456884746,1.2406287282046342,1.1057115178880539e+20,0.06640722633044462,5.918550276586864e+18,8.309819433865107,-13.803496437401497
9.440608762859264e+19,2048,power,1.5026866051981503e-21,0.14186276332864897,1.2428127843851418,1.1732909262859892e+20,0.06492558526432757,6.129370491801772e+18,8.110476791514486,-13.507511715176745
1e+20,2048,power,1.4048260955950711e-21,0.14048260955950712,1.2449502912535604,1.2449502912535604e+20,0.06347247691637317,6.347247691637317e+18,7.915635078669125,-13.216697246797438
1.0592537251772853e+20,2048,power,1.3133644032474434e-21,0.13911861366550968,1.247042037750838,1.3209339239402481e+20,0.062047539350475314,6.572408719507517e+18,7.725204265594776,-12.9310111738551
1.1220184543019654e+20,2048,power,1.2278810615573481e-21,0.1377705210755232,1.2490888083806717,1.4015006940651651e+20,0.06065040758496369,6.805087657126516e+18,7.539095682113417,-12.650409931680784
1.1885022274370165e+20,2048,power,1.1479833945961512e-21,0.1364380821538233,1.2510913828027115,1.4869248951882796e+20,0.05928071395637838,7.045526058121233e+18,7.357222012012632,-12.374848341515332
1.2589254117941713e+20,2048,power,1.0733046679780478e-21,0.135121052111487,1.2530505354473975,1.5774971613370217e+20,0.05793808847464352,7.293973189150772e+18,7.179497287042813,-12.104279701707021
1.333521432163324e+20,2048,power,1.0035023636738995e-21,0.13381919091856995,1.2549670351520885,1.673525438033774e+20,0.05662215916935377,7.550686278769633e+18,7.005836880506666,-11.838655877798931
1.4125375446227496e+20,2048,power,9.38256570394223e-22,0.13253226321708175,1.2568416448180206,1.7753360109508647e+20,0.05533255242690899,7.815930774281559e+18,6.836157500437379,-11.577927391368082
1.496235656094436e+20,2048,power,8.772684817404467e-22,0.13126003823478868,1.2586751210875735,1.883274595610209e+20,0.054068893318267294,8.089980606835772e+18,6.670377182379994,-11.32204350750311
1.5848931924611108e+20,2048,power,8.202589948536632e-22,0.13000228969985642,1.2604682140415047,1.997707491747995e+20,0.05283080591712504,8.373118465028564e+18,6.508415281766977,-11.07095232079569
1.678804018122566e+20,2048,power,7.669674027844403e-22,0.12875879575635468,1.262221666915502,2.1190228061791076e+20,0.0516179136083499,8.665636077280129e+18,6.350192465907067,-10.82460083975163
1.778279410038923e+20,2048,power,7.171501742679242e-22,0.1275293388806475,1.2639362158356802,2.247631748223102e+20,0.05042983938653401,8.967834503264334e+18,6.19563070559479,-10.582935069527387
1.8836490894897945e+20,2048,power,6.705798150168832e-22,0.12631370579867868,1.2656125895724262,2.3839700019949214e+20,0.04926620614455978,9.280024434681655e+18,6.044653266333233,-10.345900092892613
1.995262314968883e+20,2048,power,6.2704380504541e-22,0.12511168740418016,1.2672515093121606,2.5284991801179924e+20,0.04812663695209432,9.602526505670269e+18,5.897184699204261,-10.113440149362319
2.1134890398366433e+20,2048,power,5.863436069078977e-22,0.12392307867781269,1.26885368844635,2.6817083636876594e+20,0.04701075532396483,9.93567161316418e+18,5.753150831368359,-9.885498712407081
2.238721138568347e+20,2048,power,5.482937400848301e-22,0.1227476786072608,1.2704198323774398,2.8441157335998307e+20,0.045918185478375416,1.0279801247514114e+19,5.612478756228367,-9.662018564699315
2.3713737056616553e+20,2048,power,5.127209170701782e-22,0.12158529010829507,1.2719506383409778,3.016270298661352e+20,0.04484855258497395,1.063526783369913e+19,5.475096823252579,-9.442941871331135
2.5118864315095718e+20,2048,power,4.794632370160092e-22,0.12043571994681715,1.273446795243522,3.198753726221551e+20,0.04380148300277432,1.1002435083466594e+19,5.340934627474758,-9.228210250962366
2.660725059798814e+20,2048,power,4.4836943307070975e-22,0.11929877866190246,1.2749089835157739,3.392182281403052e+20,0.042776604507983,1.1381678358749327e+19,5.20992299868468,-9.017764844863141
2.818382931264449e+20,2048,power,4.192981698084393e-22,0.11817428048985279,1.2763378749803311,3.5972088813709033e+20,0.04177354651178673,1.177338504672013e+19,5.0819939903155475,-8.811546383814884
2.9853826189179696e+20,2048,power,3.9211738739103456e-22,0.11706204328927187,1.2777341327336726,3.814525271461332e+20,0.040791940268176494,1.2177954946855412e+19,4.957080868049668,-8.609495252852517
3.1622776601683794e+20,2048,power,3.6670368933067833e-22,0.11596188846717298,1.279098411041668,4.044864330393938e+20,0.039831419071915855,1.2595800670392424e+19,4.835118098143654,-8.411551553821706
3.3496543915782655e+20,2048,power,3.429417709329904e-22,0.11487364090613189,1.2804313552482696,4.2890025122218764e+20,0.0388916184467536,1.302734805257545e+19,4.716041335500032,-8.21765516574976
3.54813389233576e+20,2048,power,3.2072388569750344e-22,0.11379712889249323,1.2817336016967094,4.5477624331256784e+20,0.037972176324019634,1.347303657810036e+19,4.599787411490319,-8.027745803018593
3.7583740428844355e+20,2048,power,2.9994934713607794e-22,0.11273218404563683,1.283005777662799,4.822015611638623e+20,0.037072733211745874,1.3933319820180543e+19,4.486294321544104,-7.841763071340213
3.9810717055349857e+20,2048,power,2.805240636410646e-22,0.1116786412483138,1.2842485012997895,5.112685371400302e+20,0.03619293235446272,1.4408665893669327e+19,4.37550121252146,-7.659646521542762
4.216965034285823e+20,2048,power,2.6236010419468173e-22,0.11063633857805581,1.28546238159427,5.420749916072816e+20,0.035332419883849706,1.4899557922689937e+19,4.267348369876367,-7.481335701172376
4.466835921509617e+20,2048,power,2.453752928597026e-22,0.10960511723966618,1.2866480183326376,5.74724558662739e+20,0.03449084496040695,1.540649452323647e+19,4.161777204635864,-7.306770203934121
4.7315125896148124e+20,2048,power,2.29492830130317e-22,0.10858482149879284,1.2878060020776827,6.093270311812075e+20,0.033667859906346985,1.5929990301226852e+19,4.058730240193631,-7.135889716978438
5.0118723362727146e+20,2048,power,2.1464093935120804e-22,0.1075752986165909,1.288936914154753,6.459987263252926e+20,0.032863120329897036,1.6470576366501239e+19,3.9581510989505686,-6.9686340660721875
5.308844442309901e+20,2048,power,2.0075253653335354e-22,0.10657639878547093,1.2900413266471051,6.848628727320576e+20,0.03207628524121976,1.7028800863279665e+19,3.8599844887949875,-6.8049432586613445
5.6234132519034906e+20,2048,power,1.877649220074678e-22,0.10558797506594197,1.291119802399937,7.260500206610822e+20,0.03130701716016188,1.7605229517602433e+19,3.7641761894577686,-6.644757524875389
5.956621435290085e+20,2048,power,1.7561949246057237e-22,0.10460988332454108,1.2921728950326632,7.696984764652407e+20,0.030554982216049267,1.820044620230264e+19,3.670673038737382,-6.4880173564890615
6.309573444801943e+20,2048,power,1.6426147199893415e-22,0.10364198217285528,1.2932011489591055,8.159547628259735e+20,0.029819850239748574,1.8815053520068846e+19,3.57942291861979,-6.334663543887286
6.683439175686135e+20,2048,power,1.5363966097153823e-22,0.10268413290763148,1.294205099414963,8.649741062802734e+20,0.02910129484822227,1.9449673405180183e+19,3.49037474130367,-6.184637211069466
7.079457843841402e+20,2048,power,1.4370620137313713e-22,0.10173619945197078,1.295185272492396,9.169209536574157e+20,0.02839899352180315,2.010494774451305e+19,3.4034784351407943,-6.037879848729888
7.498942093324558e+20,2048,power,1.34416357725093e-22,0.10079804829760715,1.29614218518116,9.719695191388675e+20,0.027712627674422466,2.078153901843577e+19,3.31868493050691,-5.894333345459513
7.943282347242789e+20,2048,power,1.257283124059264e-22,0.09986954844826217,1.2970763454159606,1.0303043637568791e+21,0.027041882717020682,2.1480130962232025e+19,3.2359461456155314,-5.753940017112802
8.413951416451965e+20,2048,power,1.176029744723676e-22,0.09895057136407416,1.297988252129682,1.0921210092544547e+21,0.026386448114375863,2.2201429248708907e+19,3.15521497228608,-5.6166426343837506
8.91250938133744e+20,2048,power,1.1000380107581334e-22,0.0980409909070964,1.2988783953120906,1.1576265883435528e+21,0.025746017435581522,2.294616219266976e+19,3.0764452616815596,-5.482384448642286
9.440608762859264e+20,2048,power,1.0289663063892384e-22,0.09714068328785175,1.299747256073634,1.2270405335191034e+21,0.02512028839840897,2.3715081477957165e+19,2.9995918100174546,-5.3511092160680835
1e+21,2048,power,9.624952701294479e-23,0.09624952701294479,1.3005953067141116,1.3005953067141117e+21,0.02450896290778477,2.450896290778477e+19,2.9246103442613913,-5.222761220139594
1.0592537251772854e+21,2048,power,9.003263388831381e-23,0.09536740283371911,1.3014230107957299,1.3785371722168156e+21,0.023911747088611088,2.5328607179108405e+19,2.8514575078408377,-5.09728529253195
1.1220184543019653e+21,2048,power,8.421803877970746e-23,0.09449419369595034,1.3022308232203805,1.4611270154141072e+21,0.0233283513131634,2.617484068180882e+19,2.7800908463483376,-4.974626832455575
1.1885022274370166e+21,2048,power,7.877964595193127e-23,0.09362978469056986,1.3030191903107422,1.548641210077495e+21,0.022758490223285816,2.7048516323478757e+19,2.7104687932782756,-4.854731824506231
1.2589254117941712e+21,2048,power,7.36930576952819e-23,0.09277406300540439,1.3037885498949087,1.6413725370689732e+21,0.022201882747610223,2.7950514380641104e+19,2.6425506557850253,-4.737546855059538
1.333521432163324e+21,2048,power,6.893546339843652e-23,0.09192691787792547,1.3045393313943874,1.7396311575144285e+21,0.021658252114019696,2.8881743377241883e+19,2.5762966004839294,-4.6230191272703225
1.4125375446227498e+21,2048,power,6.448553590363069e-23,0.09108824054899667,1.3052719559149724,1.843745643673069e+21,0.021127325857569178,2.9843140991295496e+19,2.5116676393053705,-4.5110964747286815
1.4962356560944358e+21,2048,power,6.032333466320606e-23,0.09025792421760635,1.305986836340487,1.954064070922605e+21,0.020608835824080983,3.0835674990586323e+19,2.448625615398159,-4.401727373811115
1.584893192461111e+21,2048,power,5.643021524857123e-23,0.08943586399657572,1.3066843774289711,2.0709551744824613e+21,0.020102518169620907,3.186034419835797e+19,2.3871331890996883,-4.2948609547844185
1.678804018122566e+21,2048,power,5.278874479246068e-23,0.08862195686922966,1.3073649759111208,2.194809574712301e+21,0.019608113356058235,3.2918179489953313e+19,2.327153823986161,-4.190447011716691
1.7782794100389228e+21,2048,power,4.9382622973234655e-23,0.08781610164701828,1.3080290205907898,2.3260410750499797e+21,0.019125366142913318,3.4010244821398282e+19,2.268651772993091,-4.088436011228003
1.8836490894897945e+21,2048,power,4.619660817591293e-23,0.08701819892807519,1.3086768924473111,2.465088036894711e+21,0.01865402557568369,3.5137638290955923e+19,2.2115920646334164,-3.988779100147166
1.995262314968883e+21,2048,power,4.321644848890273e-23,0.08622815105670155,1.3093089647393825,2.612414835995412e+21,0.01819384497084181,3.6301493234706797e+19,2.155940489301078,-3.891428112104356
2.1134890398366433e+21,2048,power,4.042881721798079e-23,0.08544586208376137,1.3099256031104407,2.7685134051753213e+21,0.017744581897688794,3.750297935724897e+19,2.1016635856825783,-3.796335573120868
2.238721138568347e+21,2048,power,3.782125262019936e-23,0.08467123772797379,1.3105271656952058,2.93390486850992e+21,0.017305998157243416,3.874330389864569e+19,2.048728627273544,-3.703454706233167
2.3713737056616553e+21,2048,power,3.538210158009635e-23,0.08390418533809019,1.3111140032272435,3.109141272377876e+21,0.016877859758344237,4.00237128387825e+19,1.9971036090020267,-3.6127394351923914
2.5118864315095717e+21,2048,power,3.3100466968952005e-23,0.0831446138559413,1.3116864591475226,3.294807419127496e+21,0.01645993689113041,4.134549214033432e+19,1.9467572339810557,-3.5241443872984224
2.660725059798814e+21,2048,power,3.096615844501064e-23,0.08239243378034049,1.3122448697135156,3.4915228094391806e+21,0.016052003898069836,4.2709969031582654e+19,1.897658900375565,-3.437624895393565
2.818382931264449e+21,2048,power,2.8969646468586e-23,0.0816475571318282,1.3127895641090157,3.699943699826946e+21,0.01565383924269242,4.4118513330361926e+19,1.8497786883963752,-3.353136999064188
2.9853826189179696e+21,2048,power,2.710201932091692e-23,0.08090989741824435,1.313320864554255,3.9207652821025937e+21,0.01526522547618061,4.557253881045338e+19,1.8030873474347953,-3.270637445099789
3.1622776601683794e+21,2048,power,2.535494292959845e-23,0.08017936960111338,1.3138390864163683,4.1547239920305145e+21,0.014885949201969626,4.7073504611789865e+19,1.7575562833221703,-3.190083687230949
3.3496543915782654e+21,2048,power,2.3720623316422217e-23,0.07945589006282748,1.3143445383199712,4.402599954830399e+21,0.014515801038497115,4.8622916695878205e+19,1.7131575457373538,-3.1114338852021084
3.5481338923357606e+21,2048,power,2.2191771495629647e-23,0.0787393765746142,1.3148375222577606,4.6652195756375356e+21,0.014154575580242582,5.022232934788682e+19,1.6698638157560897,-3.034646903207705
3.7583740428844353e+21,2048,power,2.07615706619203e-23,0.07802974826527229,1.315318333701044,4.943458283512011e+21,0.013802071357190018,5.187334672690171e+19,1.6276483935387054,-2.9596823077222223
3.9810717055349854e+21,2048,power,1.942364551815367e-23,0.07732692559066301,1.315787261710061,5.238243438097281e+21,0.013458090792838447,5.357762446589004e+19,1.5864851861812745,-2.8865003647788323
4.2169650342858226e+21,2048,power,1.8172033602578672e-23,0.07663083030394129,1.3162445890439731,5.550557408566347e+21,0.013122440160887433,5.5336871322970325e+19,1.546348695705957,-2.8150620367067725
4.4668359215096167e+21,2048,power,1.7001158484649664e-23,0.07594138542651112,1.31669059227049,5.881440835067597e+21,0.012794929540712043,5.7152850885637095e+19,1.5072140072109885,-2.745328978376105
4.731512589614812e+21,2048,power,1.5905804707120062e-23,0.07525851521969312,1.3171255418750343,6.231996083484956e+21,0.012475372771741714,5.9027383329633755e+19,1.4690567771762364,-2.6772635329763705
5.011872336272714e+21,2048,power,1.4881094360147745e-23,0.07458214515708839,1.3175497023692406,6.603390904968746e+21,0.012163587406850671,6.096234723423004e+19,1.4318532219263158,-2.6108287273597153
5.308844442309901e+21,2048,power,1.392246518066432e-23,0.07391220189762289,1.3179633323989008,6.996862312374141e+21,0.011859394664863045,6.295968145571787e+19,1.3955801062531359,-2.545988266977972
5.623413251903491e+21,2048,power,1.3025650077284798e-23,0.07324861325926106,1.3183666848511268,7.4137206864599e+21,0.011562619382272155,6.502138706098539e+19,1.3602147321987834,-2.4827065304416807
5.956621435290085e+21,2048,power,1.2186657987580749e-23,0.07259130819337263,1.3187600069607832,7.855354125465903e+21,0.011273089964266235,6.71495293231018e+19,1.3257349280037856,-2.420948563731995
6.309573444801943e+21,2048,power,1.1401755980668376e-23,0.07194021675973693,1.3191435404159617,8.323233052490571e+21,0.010990638335153624,6.934623978090755e+19,1.2921190372098712,-2.3606800740804235
6.683439175686135e+21,2048,power,1.0667452523775978e-23,0.0712952701021763,1.3195175214626718,8.818915095947891e+21,0.010715099888268789,7.161371836464575e+19,1.2593459079414782,-2.301867423563464
7.079457843841402e+21,2048,power,9.980481836792371e-24,0.0706564004247964,1.3198821810084804,9.344050259286984e+21,0.010446313435444205,7.39542355897813e+19,1.2273948823316116,-2.2444776224035845
7.498942093324559e+21,2048,power,9.33778926378997e-24,0.07002354096882875,1.3202377447251623,9.900386397115403e+21,0.010184121156122595,7.63701348211649e+19,1.1962457861323994,-2.1884783220368798
7.943282347242789e+21,2048,power,8.736517595165482e-24,0.069396625990054,1.3205844331502694,1.048977501588616e+22,0.009928368546184254,7.886383460982594e+19,1.165878918473573,-2.1338378079348574
8.413951416451964e+21,2048,power,8.17399427839819e-24,0.0687755907367987,1.320922461787686,1.1114177418381717e+22,0.00967890436655795,8.143783110470337e+19,1.136275041799295,-2.0805249922299707
8.912509381337441e+21,2048,power,7.64771945948406e-24,0.06816037142848859,1.3212520412069184,1.1775671212367904e+22,0.009435580591682093,8.409470054173213e+19,1.107415371960374,-2.0285094061432973
9.440608762859265e+21,2048,power,7.155354800900274e-24,0.06755090523474623,1.3215733771412903,1.2476457205001578e+22,0.009198252357876857,8.683710181276315e+19,1.0792815684731005,-1.977761192244487
1e+22,2048,power,6.694713025502205e-24,0.06694713025502205,1.321886670584948,1.321886670584948e+22,0.00896677791168715,8.96677791168715e+19,1.0518557249476146,-1.9282510965657473
1.0592537251772853e+22,2048,power,6.2637481390625144e-24,0.06634898549874257,1.3221921178886005,1.4005369262735444e+22,0.00874101855825079,9.258956469670933e+19,1.0251203596717051,-1.8799504605736872
1.1220184543019653e+22,2048,power,5.8605462872600655e-24,0.0657564108659666,1.3224899108539836,1.4838580856063305e+22,0.008520838609744456,9.560538166261981e+19,0.9990584063603425,-1.8328312130266644
1.1885022274370165e+22,2048,power,5.483317205813941e-24,0.06516934712853586,1.322780236827156,1.572127257878739e+22,0.008306105333955894,9.871824690733064e+19,0.9736532050704794,-1.7868658617329891
1.2589254117941714e+22,2048,power,5.130386225158488e-24,0.06458773591170794,1.3230632787903467,1.6656379830808837e+22,0.008096688903027671,1.019312741141341e+20,0.9488884932761676,-1.7420274852219642
1.3335214321633241e+22,2048,power,4.800186793579662e-24,0.06401151967625826,1.3233392154526198,1.7647012058282672e+22,0.007892462342417816,1.052476768615611e+20,0.9247483970947545,-1.6982897243327355
1.4125375446227496e+22,2048,power,4.49125348508783e-24,0.0634406417010433,1.32360822133918,1.8696463070129302e+22,0.007693301480113692,1.0867077182762361e+20,0.901217422687095,-1.6556267737586783
1.4962356560944358e+22,2048,power,4.2022154605063656e-24,0.06287504606600923,1.3238704668793106,1.9808221965952123e+22,0.007499084896140194,1.1220398209684197e+20,0.8782804478022488,-1.6140133735316198
1.584893192461111e+22,2048,power,3.931790352312149e-24,0.06231467763563797,1.3241261184929938,2.0985984711595e+22,0.007309693872395103,1.1585084057333696e+20,0.8559227134893543,-1.5734248004818818
1.6788040181225657e+22,2048,power,3.6787785456865214e-24,0.061759482042816206,1.3243753386761998,2.2233666400720383e+22,0.007125012342845049,1.1961499350341144e+20,0.8341298159517896,-1.5338368596617857
1.7782794100389228e+22,2048,power,3.442057830033726e-24,0.06120940567312228,1.324618286084792,2.3555414243056328e+22,0.0069449268441111,1.2350020411109365e+20,0.8128876985728839,-1.4952258757739645
1.8836490894897943e+22,2048,power,3.220578396900029e-24,0.06066439564951241,1.324855115617073,2.4955621322379955e+22,0.006769326466473578,1.2751035635032121e+20,0.7921826440758339,-1.4575686845784808
1.995262314968883e+22,2048,power,3.0133581617984098e-24,0.060124399817402724,1.3250859784949978,2.6438941169847363e+22,0.006598102805320246,1.3164945877745954e+20,0.7720012668428922,-1.4208426243153438
2.1134890398366432e+22,2048,power,2.8194783889080603e-24,0.059589366730134624,1.325311022344014,2.8010303200987703e+22,0.0064311499130620155,1.3592164854802951e+20,0.7523305053898088,-1.385025527147854
2.238721138568347e+22,2048,power,2.6380795989883124e-24,0.05905924563481043,1.3255303912715013,2.967492906754282e+22,0.006268364251538514,1.4033119554165427e+20,0.7331576149711472,-1.3500957106132416
2.371373705661655e+22,2048,power,2.4683577421283584e-24,0.05853398645849561,1.3257442259439491,3.1438349978362452e+22,0.00610964464493223,1.4488250661928829e+20,0.7144701603493786,-1.3160319691225553
2.511886431509572e+22,2048,power,2.3095606181489538e-24,0.05801353979477217,1.3259526636626937,3.3306425046782953e+22,0.005954892233210086,1.4958013001702146e+20,0.6962560086946068,-1.2828135654855966
2.660725059798814e+22,2048,power,2.1609845285925244e-24,0.05749785689063656,1.3261558384383423,3.5285360725314043e+22,0.005804010426108923,1.5442875988081603e+20,0.6785033226296644,-1.250420222484161
2.8183829312644493e+22,2048,power,2.021971145282537e-24,0.05698688963373532,1.3263538810639084,3.738173139206877e+22,0.005656904857678305,1.5943324094667483e+20,0.661200553425223,-1.2188321145066072
2.9853826189179694e+22,2048,power,1.8919045814098604e-24,0.05648059053992274,1.326546919186513,3.9602501157185955e+22,0.0055134833413958305,1.645985733709688e+20,0.644336434316517,-1.1880298592225502
3.1622776601683792e+22,2048,power,1.7702086520182033e-24,0.05597891274113945,1.3267350773778435,4.195504696153721e+22,0.005373655825865139,1.699299177156699e+20,0.627899973969881,-1.1579945093337152
3.3496543915782655e+22,2048,power,1.6563443116128906e-24,0.05548180997359798,1.326918477203271,4.444718304430281e+22,0.005237334351107429,1.7543260009350706e+20,0.6118804500774733,-1.1287075443855765
3.5481338923357603e+22,2048,power,1.5498072574163737e-24,0.054989236566269674,1.3270972372896988,4.708718686052733e+22,0.005104433005455864,1.8111211747815237e+20,0.5962674030878468,-1.1001508626546364
3.7583740428844353e+22,2048,power,1.4501256875389672e-24,0.054501147429664,1.3272714733920714,4.988382653457741e+22,0.0049748678830603766,1.869741431847356e+20,0.5810506300663709,-1.0723067731110092
3.981071705534985e+22,2048,power,1.3568582040305841e-24,0.05401749804489175,1.3274412984586008,5.2846389940521575e+22,0.004848557042009372,1.9302453252615917e+20,0.5662201786820198,-1.045157987458878
4.2169650342858225e+22,2048,power,1.26959185143143e-24,0.05353824445300541,1.3276068226948117,5.5984715505833186e+22,0.004725420463074535,1.992693286508403e+20,0.5517663413247442,-1.0186876122644684
4.466835921509617e+22,2048,power,1.1879402820481347e-24,0.053063343244608735,1.3277681536262222,5.930922484054109e+22,0.004605380009082176,2.057147685677055e+20,0.5376796493457459,-0.9928791411692894
4.7315125896148125e+22,2048,power,1.1115420397520055e-24,0.05259275154972742,1.3279253961598723,6.283095729999673e+22,0.004488359384915814,2.1236728936444972e+20,0.5239508674200088,-0.9677164471923683
5.011872336272714e+22,2048,power,1.040058954628145e-24,0.052126427027935185,1.328078652644577,6.656160659583694e+22,0.004374284098151762,2.1923353462524455e+20,0.5105709880317111,-0.9431837751272654
5.308844442309901e+22,2048,power,9.731746413019254e-25,0.05166432785872658,1.3282280229299779,7.051355957652081e+22,0.0042630814203295534,2.2632036105431148e+20,0.4975312260765863,-0.9192657340321042
5.623413251903491e+22,2048,power,9.10593094235037e-25,0.05120641273213111,1.3283736044244059,7.469993730599009e+22,0.004154680348858628,2.3363484531194626e+20,0.4848230135816589,-0.8959472898169119
5.9566214352900855e+22,2048,power,8.520373737178534e-25,0.05075264083956035,1.3285154921516276,7.913463857665343e+22,0.0040490115695607735,2.4118429106983256e+20,0.4724379945403312,-0.8732137579304022
6.309573444801943e+22,2048,power,7.972483766921759e-25,0.05030297186488409,1.3286537788062294,8.38323860009154e+22,0.00394600741984793,2.4897623629263933e+20,0.4603680198604465,-0.8510507961469904
6.683439175686135e+22,2048,power,7.459836869183142e-25,0.04985736597572642,1.3287885548081562,8.880877483408193e+22,0.003845601852534533,2.5701846075320474e+20,0.448605142424241,-0.8294443974571464
7.079457843841402e+22,2048,power,6.980164993561586e-25,0.049415783814976744,1.3289199083558059,9.408032469046506e+22,0.003747730400281862,2.6531899378878303e+20,0.4371416122515681,-0.8083808830544381
7.498942093324558e+22,2048,power,6.531346139625593e-25,0.04897818649251121,1.329047925478242,9.966453432414468e+22,0.003652330140672292,2.7388612230605455e+20,0.4259698717802296,-0.7878468954371498
7.94328234724279e+22,2048,power,6.111394944177669e-25,0.04854453557711531,1.3291726900861802,1.0557993965598765e+23,0.0035593396619105055,2.8272839904294837e+20,0.41508255124258486,-0.7678293916057566
8.413951416451964e+22,2048,power,5.718453875847914e-25,0.04811479308860578,1.3292942840219668,1.1184617523928128e+23,0.0034686990291477697,2.918546510954343e+20,0.40447246414987426,-0.748315636370589
8.91250938133744e+22,2048,power,5.350784997769802e-25,0.04768892149014299,1.329412787108393,1.1848403936773505e+23,0.003380349751425971,3.012739887178565e+20,0.39413260287246565,-0.7292931957600501
9.440608762859264e+22,2048,power,5.006762261633583e-25,0.04726688368073107,1.3295282771965942,1.2551556304171348e+23,0.0032942347492359303,3.109958144055221e+20,0.38405613433194485,-0.710749930547494
1e+23,2048,power,4.68486429878986e-25,0.0468486429878986,1.3296408302128124,1.3296408302128124e+23,0.003210298322686436,3.2102983226864357e+20,0.37423639577209844,-0.6926739898666101
1.0592537251772854e+23,2048,power,4.383667676295765e-25,0.04643416316055543,1.3297505202041755,1.4085431920827059e+23,0.0031284861202777662,3.313860577069657e+20,0.3646668906426953,-0.67505380494981
1.1220184543019653e+23,2048,power,4.1018405878764223e-25,0.04602340836202168,1.3298574193835166,1.4921245661386938e+23,0.003048745108274627,3.4207482739469746e+20,0.35534128456768954,-0.6578780829642583
1.1885022274370166e+23,2048,power,3.838136951715519e-25,0.045616343163222155,1.3299615981731165,1.5806623218344435e+23,0.0029710235406728387,3.53106809585748e+20,0.34625340140566063,-0.6411358009544843
1.2589254117941714e+23,2048,power,3.591390888806265e-25,0.045212932536042624,1.3300631252476243,1.6744502676646078e+23,0.0028952709297531487,3.6449301474951764e+20,0.3373972194042896,-0.6248161998947621
1.3335214321633241e+23,2048,power,3.360511557294274e-25,0.04481314184684463,1.330162067575899,1.773799625363141e+23,0.0028214380172161195,3.762448065478089e+20,0.32876686744187644,-0.6089087788456737
1.4125375446227497e+23,2048,power,3.1444783198306703e-25,0.044416936850130845,1.3302584904619859,1.879040061830739e+23,0.002749476745891542,3.883739131638987e+20,0.32035662134985987,-0.5934032892107144
1.4962356560944359e+23,2048,power,2.9423362224421104e-25,0.04402428368236095,1.3303524575851855,1.990520782211815e+23,0.0026793402320151928,4.00892438994947e+20,0.31216090033330257,-0.5782897291098821
1.584893192461111e+23,2048,power,2.753191764812333e-25,0.043635148855910584,1.3304440310391976,2.1086116877445433e+23,0.0026109827380664313,4.138128767194959e+20,0.30417426345497045,-0.5635583378383324
1.6788040181225658e+23,2048,power,2.576208943170003e-25,0.043249499253170905,1.330533271370411,2.2337046022224082e+23,0.0025443596461587974,4.271481197520299e+20,0.29639140622299553,-0.5491995904497671
1.7782794100389228e+23,2048,power,2.4106055481937095e-25,0.042867302120784635,1.3306202376152876,2.366214571132365e+23,0.00247942743197699,4.409114750970363e+20,0.28880715723953454,-0.5352041924236439
1.8836490894897944e+23,2048,power,2.2556497014803535e-25,0.042488525064013946,1.3307049873369585,2.50658123777679e+23,0.0024161436392521685,4.5511667661539056e+20,0.281416474936691,-0.521563074443232
1.9952623149688827e+23,2048,power,2.110656615187658e-25,0.04211313604123713,1.3307875766609658,2.655270300940388e+23,0.002354466854768459,4.6977789871628196e+20,0.2742144443863559,-0.5082673872711996
2.1134890398366435e+23,2048,power,1.9749855604549816e-25,0.04174110335857234,1.3308680603101608,2.8127750589341778e+23,0.0022943566838923833,4.8490977048824984e+20,0.2671962741939149,-0.4953084967341037
2.238721138568347e+23,2048,power,1.848037031136325e-25,0.04137239566461982,1.3309464916388416,2.9796180451352546e+23,0.002235773726618287,5.005273902836088e+20,0.2603572934499976,-0.48267797879015806
2.371373705661655e+23,2048,power,1.7292500902501994e-25,0.04100698194532367,1.3310229226660844,3.156352760443279e+23,0.0021786795541214967,5.166463407706376e+20,0.25369294875952075,-0.47036761469991806
2.5118864315095718e+23,2048,power,1.6180998873632447e-25,0.04064483151894901,1.3310974041083317,3.343565508397332e+23,0.0021230366858110035,5.332827044685709e+20,0.24719880134462802,-0.4583693862970528
2.660725059798814e+23,2048,power,1.5140953358862337e-25,0.040285914031170045,1.3311699854111985,3.541877339035597e+23,0.002068808566874402,5.504530797809192e+20,0.24087052421590815,-0.44667547135395225
2.818382931264449e+23,2048,power,1.4167769399724522e-25,0.039930199450274366,1.3312407147805754,3.7519461079418584e+23,0.002015959546305478,5.681745975426983e+20,0.23470389947011228,-0.43527823909994545
2.9853826189179693e+23,2048,power,1.3257147613722199e-25,0.039577658062436086,1.3313096392129538,3.9744686573043044e+23,0.0019644548554142885,5.8646493810028295e+20,0.22869481533598357,-0.42417024551770766
3.162277660168379e+23,2048,power,1.2405065172258058e-25,0.03922826046716446,1.3313768045251329,4.210183126216191e+23,0.0019142605867923767,6.053423489354346e+20,0.22283926392892006,-0.41334422936994963
3.3496543915782654e+23,2048,power,1.1607758003493298e-25,0.03888197757277908,1.3314422553831373,4.4598713978769965e+23,0.001865343673751163,6.248256628583318e+20,0.21713333842179328,-0.4027931076752922
3.5481338923357603e+23,2048,power,1.0861704141229144e-25,0.03853878059201881,1.331506035330511,4.724361691805803e+23,0.0018176718702059777,6.449343167823156e+20,0.21157323059874944,-0.3925099715920033
3.758374042884436e+23,2048,power,1.016360814593677e-25,0.03819864103773756,1.331568186815987,5.0045313096598986e+23,0.001771213731005681,6.656883711012247e+20,0.20615522840967682,-0.3824880823304899
3.9810717055349855e+23,2048,power,9.510386528846341e-26,0.03786153071869126,1.3316287512203542,5.3013095437602385e+23,0.0017259385926985619,6.871085296883116e+20,0.20087571357652045,-0.3727208671448712
4.2169650342858225e+23,2048,power,8.899154114463756e-26,0.03752742173541447,1.3316877688829125,5.6156807579653415e+23,0.0016818165547268459,7.092161605366157e+20,0.1957311592631239,-0.3632019154162891
4.466835921509616e+23,2048,power,8.327211281047504e-26,0.0371962864761831,1.3317452791270912,5.9486876511057414e+23,0.0016388184610417508,7.3203331706144e+20,0.1907181277972736,-0.3539249748156892
4.731512589614813e+23,2048,power,7.792032022483368e-26,0.036868097613061826,1.331801320285608,6.301434713796985e+23,0.001596915882131483,7.555827600860957e+20,0.18583326845029724,-0.34488394755137763
5.011872336272715e+23,2048,power,7.291252778639165e-26,0.03654282809803319,1.331855929724941,6.675091890089209e+23,0.0015560810974544616,7.798879805328902e+20,0.18107331526893145,-0.3360728866967033
5.308844442309901e+23,2048,power,6.822661984694814e-26,0.0362204511592061,1.331909143869282,7.070898456092176e+23,0.0015162870782699483,8.049732228419733e+20,0.17643508496014704,-0.3274859925978646
5.623413251903491e+23,2048,power,6.384190293137388e-26,0.03590094029710242,1.331960998223853,7.490167128430617e+23,0.0014775074708587228,8.308635091413352e+20,0.17191547482582337,-0.31911760935831035
5.956621435290085e+23,2048,power,5.973901425092911e-26,0.03558426928101842,1.332011527397735,7.934288416150835e+23,0.0014397165801260207,8.57584664192119e+20,0.16751146075233425,-0.31096222140547525
6.309573444801942e+23,2048,power,5.589983610463671e-26,0.035270412145459666,1.332060765126101,8.404735230502204e+23,0.0014028893535795487,8.851633411340884e+20,0.16322009524174508,-0.3030144501256271
6.683439175686135e+23,2048,power,5.230741578950392e-26,0.034959343186647396,1.3321087442919446,8.903067767874847e+23,0.0013670013656750337,9.136270480568967e+20,0.159038505496234,-0.29526905057849495
7.079457843841402e+23,2048,power,4.894589066483101e-26,0.034651036959094154,1.33215549694724,9.430938682079579e+23,0.0013320288025219637,9.430041754236786e+20,0.1549638915492757,-0.2877209082852161
7.498942093324558e+23,2048,power,4.5800418038726917e-26,0.03434546827224707,1.3322010543336673,9.990098563114095e+23,0.0012979484469425528,9.733240243742747e+20,0.15099352443981306,-0.28036503608479535
7.94328234724279e+23,2048,power,4.285710956631561e-26,0.03404261218719649,1.3322454469027774,1.0582401740577413e+24,0.0012647376638765372,1.0046168359363582e+21,0.1471247444299495,-0.273196571060641
8.413951416451965e+23,2048,power,4.010296986915322e-26,0.03374244401344922,1.3322887043356828,1.1209812430968172e+24,0.0012323743861249149,1.0369138211734847e+21,0.14335495927426667,-0.26621077154364015
8.912509381337441e+23,2048,power,3.7525839104075796e-26,0.03344493930576349,1.3323308555622837,1.1874411249244193e+24,0.001200837100425712,1.070247192300221e+21,0.13968164252085025,-0.2594030141724879
9.440608762859264e+23,2048,power,3.51143392272133e-26,0.033150073861044266,1.332371928780055,1.2578402106228689e+24,0.0011701048338548128,1.1046501947953729e+21,0.13610233185985532,-0.2527687910265586
1e+24,2048,power,3.2857823715298607e-26,0.032857823715298606,1.3324119514722648,1.3324119514722646e+24,0.001140157140545159,1.140157140545159e+21,0.1326146275155926,-0.24630370682674485
1e+19,2048,logarithmic,2.0620508134123443e-20,0.20620508134123444,1.1755228473794554,1.1755228473794554e+19,0.10923363115127169,1.0923363115127169e+18,14.382347703327714,-22.12379036325609
1.0592537251772854e+19,2048,logarithmic,1.9266619090884673e-20,0.20408238043591395,1.1790009805559343,1.2488611806415456e+19,0.10700695539023268,1.1334751611698356e+18,14.051085793942143,-21.702363603696718
1.1220184543019653e+19,2048,logarithmic,1.800211763517437e-20,0.20198708203180496,1.1824144393829668,1.3266908216208011e+19,0.10481537686386767,1.176047871358748e+18,13.726784239876721,-21.286385690113597
1.1885022274370165e+19,2048,logarithmic,1.682106462174826e-20,0.19991872770809802,1.185763948161055,1.4092830936039248e+19,0.10265871738271837,1.2201011427518794e+18,13.409320997146178,-20.875879096404937
1.2589254117941713e+19,2048,logarithmic,1.5717918271543663e-20,0.19787686732550236,1.189050242643121,1.4969255663634506e+19,0.10053678613373294,1.2656831488387228e+18,13.098575411686554,-20.47086264418809
1.3335214321633241e+19,2048,logarithmic,1.4687507390949016e-20,0.1958610589088774,1.1922740690906615,1.589923024144973e+19,0.09844938008369322,1.3128435832479803e+18,12.794428220592092,-20.071351560633467
1.4125375446227497e+19,2048,logarithmic,1.3725006409105114e-20,0.1938708685304884,1.195436183350505,1.6885984911831134e+19,0.09639628438964817,1.3616337086250993e+18,12.496761553285495,-19.677357540434727
1.496235656094436e+19,2048,logarithmic,1.2825912108979495e-20,0.19190587019388505,1.1985373499528067,1.7932943181603242e+19,0.09437727281541669,1.4121064071137856e+18,12.205458932612379,-19.288888811686412
1.5848931924611109e+19,2048,logarithmic,1.1986021936493173e-20,0.1899656457183757,1.2015783412309426,1.9043733332256346e+19,0.0923921081532591,1.4643162324923105e+18,11.920405275799318,-18.905950205400636
1.6788040181225658e+19,2048,logarithmic,1.1201413779935878e-20,0.1880497846240983,1.2045599364637989,2.0222200614048883e+19,0.09044054264977737,1.5183194640163154e+18,11.641486895266983,-18.528543228423867
1.7782794100389229e+19,2048,logarithmic,1.0468427119313763e-20,0.1861578840176874,1.2074829210409748,2.14724201646082e+19,0.08852231843516034,1.574174162021546e+18,11.368591499271474,-18.156666139501077
1.8836490894897943e+19,2048,logarithmic,9.783645452159817e-21,0.18428954847851806,1.2103480856512039,2.2798710695026057e+19,0.08663716795489822,1.631940225342184e+18,11.101608192326085,-17.790314028218635
1.9952623149688828e+19,2048,logarithmic,9.14387990876243e-21,0.18244438994554782,1.2131562254944621,2.4205648988989923e+19,0.08478481440308695,1.6916794506011034e+18,10.840427475406834,-17.4294788965894
2.1134890398366433e+19,2048,logarithmic,8.54615397573614e-21,0.18062202760474688,1.2159081395179545,2.5698085263193612e+19,0.08296497215649894,1.7534555934311278e+18,10.584941245901547,-17.074149743015976
2.238721138568347e+19,2048,logarithmic,7.98768925242188e-21,0.17882208777712058,1.2186046296761948,2.7281159440133493e+19,0.08117734720859635,1.8173344316878682e+18,10.335042797276106,-16.72431264837586
2.3713737056616554e+19,2048,logarithmic,7.465892169785499e-21,0.17704420380734576,1.221246500215343,2.8960318387419857e+19,0.07942163760269318,1.883383830716156e+18,10.090626818457205,-16.379950863994186
2.511886431509572e+19,2048,logarithmic,6.978341606299039e-21,0.1752880159530127,1.2238345569819802,3.074133418095564e+19,0.07769753386351017,1.9516738107350666e+18,9.851589392895676,-16.041044901245915
2.660725059798814e+19,2048,logarithmic,6.522777339784498e-21,0.17355317127452455,1.226369606756215,3.2630323452718785e+19,0.07600471942634289,2.0222766164064824e+18,9.61782799735893,-15.707572622592082
2.8183829312644493e+19,2048,logarithmic,6.0970892783692325e-21,0.17183932352551323,1.2288524566092565,3.4633767887499158e+19,0.07434287106337423,2.0952667886620767e+18,9.38924150008027,-15.379509333562158
2.9853826189179695e+19,2048,logarithmic,5.699307417614123e-21,0.1701461330441546,1.2312839132853062,3.6758535936752534e+19,0.07271165930587521,2.1707212388444488e+18,9.165730159147301,-15.056827876085555
3.162277660168379e+19,2048,logarithmic,5.3275924744680344e-21,0.1684732666449144,1.2336647826077676,3.901190582177024e+19,0.07111074886243439,2.2487193252552023e+18,8.947195619917148,-14.739498722099187
3.3496543915782656e+19,2048,logarithmic,4.9802271521064275e-21,0.16682039751110614,1.2359958689095107,4.140158990265337e+19,0.06953979903201714,2.3293429321706624e+18,8.733540912355032,-14.427490067854709
3.5481338923357606e+19,2048,logarithmic,4.6556079928368484e-21,0.16518720508813683,1.2382779744871115,4.393576049410597e+19,0.06799846411152541,2.412676551408802e+18,8.524670447917071,-14.120767928453759
3.758374042884435e+19,2048,logarithmic,4.352237779184584e-21,0.16357337497748342,1.2405118990787816,4.662307721386969e+19,0.06648639379727649,2.4988073665267666e+18,8.320490016033656,-13.819296232453858
3.981071705534986e+19,2048,logarithmic,4.0687184459958115e-21,0.16197859883142202,1.2426984393658005,4.947271595471673e+19,0.06500323357989203,2.5878253397318984e+18,8.120906780195503,-13.523036916355991
4.216965034285823e+19,2048,logarithmic,3.8037444689341136e-21,0.16040257424853252,1.2448383884970282,5.249439957628679e+19,0.06354862513214116,2.6798233015917655e+18,7.92582927362071,-13.231950018775828
4.466835921509617e+19,2048,logarithmic,3.556096697107197e-21,0.15884500467000132,1.2469325356363388,5.5698430418794684e+19,0.06212220668928832,2.7748970436315807e+18,7.735167394520515,-12.945993774135744
4.731512589614812e+19,2048,logarithmic,3.3246365997633103e-21,0.15730559927674284,1.2489816655325228,5.909572474665208e+19,0.06072361342156301,2.873145413910284e+18,7.548832400944283,-12.66512470569694
5.011872336272715e+19,2048,logarithmic,3.108300899045318e-21,0.15578407288736837,1.2509865581112656,6.269784923646871e+19,0.05935247779837641,2.974670415669232e+18,7.3667369052113685,-12.389297717777016
5.308844442309901e+19,2048,logarithmic,2.9060965626992777e-21,0.15428014585701966,1.2529479880888919,6.651705963069085e+19,0.05800842994395704,3.0795773091509955e+18,7.1887948679354885,-12.118466187007115
5.6234132519034905e+19,2048,logarithmic,2.7170961324134462e-21,0.15279354397709494,1.25486672460736,7.056634168529755e+19,0.05669109798411732,3.187974716688446e+18,7.014921591628176,-11.852582052475357
5.956621435290085e+19,2048,logarithmic,2.540433365118162e-21,0.15132399837588967,1.2567435308901247,7.485945454762264e+19,0.05540010838387471,3.299974731167821e+18,6.845033713905657,-11.59159590464075
6.309573444801943e+19,2048,logarithmic,2.37529916612104e-21,0.14987124542017513,1.258579163918373,7.941097670840399e+19,0.054135086275708386,3.4156930279727176e+18,6.679049200286791,-11.335457072882438
6.683439175686135e+19,2048,logarithmic,2.220937794387839e-21,0.14843502661773642,1.2603743741271802,8.42363546807249e+19,0.05289565577825118,3.535248980519726e+18,6.5168873365876845,-11.084113711570486
7.0794578438414025e+19,2048,logarithmic,2.0766433216180326e-21,0.14701508852089645,1.2621299051210682,8.935195456756151e+19,0.051681440305237004,3.658765779499313e+18,6.358468720940014,-10.837512884570454
7.498942093324558e+19,2048,logarithmic,1.9417563280114264e-21,0.14561118263104214,1.2638464934085165,9.477511668921763e+19,0.05049206286458485,3.786370555940251e+18,6.2037152554103026,-10.595600648062565
7.94328234724279e+19,2048,logarithmic,1.81566081878279e-21,0.14422306530417725,1.2655248681548394,1.0052421345211094e+20,0.0493271463474926,3.918194508218996e+18,6.052550137248591,-10.35832213160477
8.413951416451965e+19,2048,logarithmic,1.697781346564542e-21,0.14285049765752453,1.2671657509530068,1.0661871065110469e+20,0.048186313807466276,4.0543730331392973e+18,5.904897849774549,-10.12562161736128
8.91250938133744e+19,2048,logarithmic,1.5875803258448866e-21,0.14149324547719302,1.2687698556117954,1.1307923240898277e+20,0.04706918872923025,4.195045861212071e+18,5.760684152899054,-9.897442617418184
9.440608762859264e+19,2048,logarithmic,1.4845555265281652e-21,0.14015107912692945,1.270337887960787,1.1992762996874736e+20,0.04597539528748427,4.340357196269425e+18,5.619836073303119,-9.67372794913296
1e+20,2048,logarithmic,1.3882377345797755e-21,0.13882377345797756,1.2718705456716772,1.2718705456716772e+20,0.04490455859550405,4.490455859550405e+18,5.482281894280261,-9.454419808462111
1.0592537251772853e+20,2048,logarithmic,1.2981885685324224e-21,0.1375111077200536,1.2733685180953922,1.3488203463160237e+20,0.043856304943601855,4.645495438402126e+18,5.347951145252505,-9.239459841219077
1.1220184543019654e+20,2048,logarithmic,1.213998441391098e-21,0.13621286547346348,1.2748324861143432,1.430385575563947e+20,0.04283026202748304,4.805634439742468e+18,5.216774590978623,-9.028789212230281
1.1885022274370165e+20,2048,logarithmic,1.1352846581814088e-21,0.13492883450236762,1.2762631220095217,1.5168415633040373e+20,0.04182605916656595,4.971036448437607e+18,5.088684220452899,-8.82234867234648
1.2589254117941713e+20,2048,logarithmic,1.0616896400457157e-21,0.13365880672921582,1.277661089341664,1.608480013032844e+20,0.04084332751232837,5.14187029075022e+18,4.963613235530762,-8.620078623304106
1.333521432163324e+20,2048,logarithmic,9.928792664064388e-22,0.1324025781303585,1.2790270428461128,1.7056099739517695e+20,0.03988170024679488,5.318310203021431e+18,4.84149603926487,-8.421919180395431
1.4125375446227496e+20,2048,logarithmic,9.285413272882465e-22,0.13115994865284886,1.2803616283407944,1.8085588707256913e+20,0.038940812771262844,5.500536005753383e+18,4.722268223991244,-8.227810232956356
1.496235656094436e+20,2048,logarithmic,8.683840784251934e-22,0.12993072213244813,1.2816654826467695,1.917673594321581e+20,0.038020302885403014,5.688733283265015e+18,4.605866559166305,-8.037691502656797
1.5848931924611108e+20,2048,logarithmic,8.121348922760188e-22,0.12871470621283998,1.2829392335209333,2.0333216575486024e+20,0.03711981095687782,5.883093569099901e+18,4.492228978964952,-7.851502599589788
1.678804018122566e+20,2048,logarithmic,7.595389985345712e-22,0.12751171226606278,1.2841834996002293,2.1558924191355634e+20,0.03623898008162835,6.08381453737013e+18,4.381294569664074,-7.669183076172958
1.778279410038923e+20,2048,logarithmic,7.103583081547768e-22,0.12632155531417238,1.2853988903570226,2.2857983804087724e+20,0.035377456235000986,6.291100200225537e+18,4.273003556823629,-7.490672478871541
1.8836490894897945e+20,2048,logarithmic,6.643703153119023e-22,0.12514405395213124,1.2865860060649872,2.4234765588746243e+20,0.03453488841389249,6.505161111646024e+18,4.167297292264793,-7.31591039774433
1.995262314968883e+20,2048,logarithmic,6.213670720978403e-22,0.12397903027193737,1.2877454377752016,2.569389943265966e+20,0.03371092877010019,6.726214577758123e+18,4.064118240879777,-7.144836513849406
2.1134890398366433e+20,2048,logarithmic,5.811542310978316e-22,0.12282630978799589,1.2888777673017788,2.7240290348814333e+20,0.032905232735072766,6.954484873885022e+18,3.963409967279552,-6.977390644525682
2.238721138568347e+20,2048,logarithmic,5.435501513223096e-22,0.12168572136372782,1.289983567216787,2.887913480334023e+20,0.03211745913626971,7.190203468547208e+18,3.8651171222796377,-6.813512786564379
2.3713737056616553e+20,2048,logarithmic,5.083850632719703e-22,0.12055709713942873,1.2910634008537931,3.061593801126798e+20,0.03134727030533741,7.433609254634554e+18,3.7691854292631444,-6.653143157323038
2.5118864315095718e+20,2048,logarithmic,4.755002891973469e-22,0.1194402724613693,1.2921178223197523,3.245653225796682e+20,0.030594332178317526,7.684948787981247e+18,3.6755616704139404,-6.496222233795379
2.660725059798814e+20,2048,logarithmic,4.447475148788438e-22,0.11833508581213856,1.2931473765147488,3.440709630705884e+20,0.029858314388114735,7.944476533580837e+18,3.5841936728369994,-6.342690789677253
2.818382931264449e+20,2048,logarithmic,4.159881094994929e-22,0.11724137874223374,1.2941525991591143,3.64741759592157e+20,0.029138890349440425,8.212455119684927e+18,3.4950302945949696,-6.19248993047904
2.9853826189179696e+20,2048,logarithmic,3.890924904124501e-22,0.11615899580288352,1.2951340168276593,3.866470583006707e+20,0.02843573733646845,8.489155600040967e+18,3.408021410644979,-6.04556112670026
3.1622776601683794e+20,2048,logarithmic,3.6393952981973092e-22,0.11508778448011188,1.2960921469904352,4.0986032419475246e+20,0.027748536553429258,8.774857724527502e+18,3.3231178987199295,-5.901846245135822
3.3496543915782655e+20,2048,logarithmic,3.4041600057820372e-22,0.11402759513002896,1.297027498059812,4.3445938548738195e+20,0.027076973198375227,9.069850218458457e+18,3.240271625142066,-5.7612875783359385
3.54813389233576e+20,2048,logarithmic,3.1841605853541955e-22,0.11297828091534895,1.2979405694433699,4.605266924679597e+20,0.02642073652035161,9.374431070833273e+18,3.1594354305927608,-5.623827872275711
3.7583740428844355e+20,2048,logarithmic,2.9784075897144013e-22,0.11193969774312601,1.2988318516023178,4.8814959171336805e+20,0.025779519870205537,9.688907831820403e+18,3.0805631158503433,-5.489410352280877
3.9810717055349857e+20,2048,logarithmic,2.785976048848795e-22,0.11091170420370093,1.2997018261150843,5.174206165578914e+20,0.02515302074526416,1.0013597919770567e+19,3.0036094275021075,-5.357978747252479
4.216965034285823e+20,2048,logarithmic,2.606001250125682e-22,0.10989416151085143,1.3005509657456722,5.484377947856159e+20,0.02454094082811823,1.0348828938065195e+19,2.9285300436472594,-5.2294773122442795
4.466835921509617e+20,2048,logarithmic,2.4376747961303285e-22,0.10888693344313584,1.3013797345165328,5.813049745663097e+20,0.023942986019736396,1.069493900211611e+19,2.8552815595984216,-5.103850849438629
4.7315125896148124e+20,2048,logarithmic,2.2802409217557187e-22,0.10788988628642068,1.3021885877856274,6.16132169716043e+20,0.023358866467143753,1.1052277076842195e+19,2.783821473587933,-4.981044727567263
5.0118723362727146e+20,2048,logarithmic,2.132993053392242e-22,0.10690288877758448,1.3029779723272894,6.530359254279856e+20,0.02278829658588659,1.1421203324958294e+19,2.7141081725052363,-4.861004899841436
5.308844442309901e+20,2048,logarithmic,1.995270594202828e-22,0.10592581204938056,1.303748326416755,6.921397056868425e+20,0.022230995077509787,1.180208946642566e+19,2.646100917649985,-4.74367792041841
5.6234132519034906e+20,2048,logarithmic,1.8664559205377343e-22,0.10495852957645624,1.3045000799178963,7.33574303651946e+20,0.02168668494226475,1.2195319149418748e+19,2.579759830537154,-4.629010959479807
5.956621435290085e+20,2048,logarithmic,1.7459715755369434e-22,0.10400091712250559,1.3052336543740126,7.774782763706253e+20,0.021155093487267233,1.2601288333182167e+19,2.5150458787383423,-4.516951816948289
6.309573444801943e+20,2048,logarithmic,1.633277646897867e-22,0.10305285268855387,1.3059494631014295,8.239984052638135e+20,0.020635952330314285,1.3020405683154979e+19,2.4519208617905797,-4.407448934914071
6.683439175686135e+20,2048,logarithmic,1.5278693166511512e-22,0.1021142164623511,1.3066479112855043,8.732901839114001e+20,0.020128997399574355,1.3453092978759959e+19,2.390347397160153,-4.300451408801154
7.079457843841402e+20,2048,logarithmic,1.429274571595762e-22,0.10118489076886678,1.3073293960790229,9.255183347556082e+20,0.019633968929349224,1.3899785534261975e+19,2.330288906285194,-4.19590899733735
7.498942093324558e+20,2048,logarithmic,1.3370520637987835e-22,0.10026476002187171,1.3079943067025503,9.808573564360627e+20,0.019150611452112096,1.4360932633114673e+19,2.2717096006996673,-4.093772131371742
7.943282347242789e+20,2048,logarithmic,1.2507891112680013e-22,0.09935371067658612,1.3086430245466747,1.0394921035724013e+21,0.018678673787016587,1.4836997976231547e+19,2.21457446823623,-3.9939919215791653
8.413951416451965e+20,2048,logarithmic,1.1700998295626509e-22,0.09845163118338868,1.3092759232758275,1.1016184009173103e+21,0.018217909025064736,1.5328460144623647e+19,2.158849259334139,-3.896520165116202
8.91250938133744e+20,2048,logarithmic,1.0946233857195062e-22,0.09755841194256451,1.309893368933576,1.1674436939172202e+21,0.017768074511122646,1.5835813076868323e+19,2.1045004734413286,-3.8013093512593854
9.440608762859264e+20,2048,logarithmic,1.0240223664432129e-22,0.09667394526007676,1.3104957200490808,1.2371877378384913e+21,0.017328931822962558,1.635956656188511e+19,2.0514953455222695,-3.708312666076563
1e+21,2048,logarithmic,9.579812530435158e-23,0.09579812530435158,1.3110833277446825,1.3110833277446825e+21,0.016900246747507022,1.6900246747507024e+19,1.9998018326818245,-3.61748399617996
1.0592537251772854e+21,2048,logarithmic,8.962049960991691e-23,0.09493084806405394,1.3116565358443089,1.3893770717462177e+21,0.0164817892544449,1.7458396665357715e+19,1.9493886009061434,-3.5287779316007017
1.1220184543019653e+21,2048,logarithmic,8.384176832935165e-23,0.0940720113068426,1.3122156809826535,1.4723302100869576e+21,0.016073333467385143,1.8034576772555526e+19,1.9002250119240172,-3.442149767826408
1.1885022274370166e+21,2048,logarithmic,7.843612942999423e-23,0.09322151453908627,1.3127610927148812,1.5602194827842882e+21,0.01567465763270738,1.8629365510785356e+19,1.8522811101960857,-3.357555507045462
1.2589254117941712e+21,2048,logarithmic,7.337945370001668e-23,0.09237925896652482,1.3132930936267748,1.6533380487005285e+21,0.015285544086261947,1.924335988329528e+19,1.8055276100391149,-3.274951858642039
1.333521432163324e+21,2048,logarithmic,6.86491759696346e-23,0.09154514745585918,1.3138119994451722,1.7519964590934862e+21,0.014905779218071909,1.9877176050393563e+19,1.759935882881214,-3.194296238973171
1.4125375446227498e+21,2048,logarithmic,6.422419343301878e-23,0.09071908449725288,1.3143181191485391,1.8565236888752682e+21,0.014535153435176779,2.0531449944039535e+19,1.7154779446620028,-3.1155467704765183
1.4962356560944358e+21,2048,logarithmic,6.008477060518221e-23,0.08990097616772848,1.314811755077572,1.9672682289991676e+21,0.014173461122759941,2.12068379021417e+19,1.672126443368227,-3.0386622801334306
1.584893192461111e+21,2048,logarithmic,5.62124504788236e-23,0.08909073009544485,1.3152932030457472,2.0845992435975746e+21,0.01382050060368997,2.190401732319291e+19,1.6298546467241382,-2.963602297339518
1.678804018122566e+21,2048,logarithmic,5.2589971474792915e-23,0.08828825542483347,1.3157627524496174,2.2089077957084245e+21,0.013476074096606038,2.2623687341899645e+19,1.5886364300261357,-2.890327051204389
1.7782794100389228e+21,2048,logarithmic,4.920118980664972e-23,0.08749346278258213,1.3162206863788788,2.3406081456548586e+21,0.013139987672670262,2.3366569526474793e+19,1.5484462641263352,-2.818797467317391
1.8836490894897945e+21,2048,logarithmic,4.6031006904758254e-23,0.08670626424444633,1.3166672817259983,2.4801391263841795e+21,0.012812051211103445,2.4133408598291624e+19,1.5092592035792496,-2.7489751640224713
1.995262314968883e+21,2048,logarithmic,4.3065301568737986e-23,0.08592657330287322,1.317102809295336,2.6279656003266313e+21,0.012492078353619417,2.4924973174615347e+19,1.4710508749334439,-2.680822448215492
2.1134890398366433e+21,2048,logarithmic,4.029086653886917e-23,0.08515430483542094,1.3175275339118047,2.7845800026056006e+21,0.012179886457865288,2.574205653515304e+19,1.4337974651885466,-2.6143023107117247
2.238721138568347e+21,2048,logarithmic,3.769534919740977e-23,0.08438937507395662,1.317941714528759,2.950503975716543e+21,0.011875296549970622,2.6585477413186994e+19,1.3974757104094682,-2.549378421203774
2.3713737056616553e+21,2048,logarithmic,3.5267196129799305e-23,0.08363170157461856,1.3183456043352144,3.1262901010951517e+21,0.011578133276305703,2.7456080812077576e+19,1.3620628845016025,-2.486015122840868
2.5118864315095717e+21,2048,logarithmic,3.2995601293452296e-23,0.0828812031885225,1.3187394508623431,3.312523733317503e+21,0.011288224854542516,2.8354738847954457e+19,1.3275367881459443,-2.4241774264540994
2.660725059798814e+21,2048,logarithmic,3.0870457558441757e-23,0.08213780003320169,1.3191234960889833,3.5098249430133805e+21,0.011005403024107994,2.928235161942979e+19,1.2938757379041377,-2.363831004463113
2.818382931264449e+21,2048,logarithmic,2.8882311399834373e-23,0.08140141346475781,1.3194979765463837,3.718850574936306e+21,0.01072950299611739,3.0239848105208017e+19,1.261058555472938,-2.304942184468739
2.9853826189179696e+21,2048,logarithmic,2.7022320535902556e-23,0.0806719660507136,1.319863123421886,3.9402964280144817e+21,0.01046036340286539,3.1228187090479964e+19,1.2290645571217507,-2.2474779425868285
3.1622776601683794e+21,2048,logarithmic,2.528221431994381e-23,0.0799493815435474,1.3202191626616318,4.174899564611082e+21,0.010197826246956528,3.2248358123029377e+19,1.1978735432794263,-2.191405896514853
3.3496543915782654e+21,2048,logarithmic,2.365425670603654e-23,0.07923358485489493,1.32056631507222,4.423440756651989e+21,0.009941736850145277,3.3301382500004598e+19,1.1674657882940531,-2.1366942983746195
3.5481338923357606e+21,2048,logarithmic,2.2131211620852965e-23,0.07852450203040345,1.3209047964212612,4.6867470767311453e+21,0.009691943801957295,3.4388314286338187e+19,1.1378220303522424,-2.083312027339901
3.7583740428844353e+21,2048,logarithmic,2.0706310584642809e-23,0.07782206022522477,1.3212348175367723,4.965694642785358e+21,0.009448298908156334,3.5510241365828116e+19,1.1089234615687005,-2.0312285820795695
3.9810717055349854e+21,2048,logarithmic,1.937322243477744e-23,0.07712618768012806,1.3215565844054453,5.261211525439976e+21,0.009210657139119923,3.666828652593414e+19,1.0807517182358728,-1.9804140730254494
4.2169650342858226e+21,2048,logarithmic,1.8126025014852493e-23,0.07643681369822312,1.321870298269683,5.574280827664225e+21,0.008978876578182336,3.7863608577362846e+19,1.0532888712405875,-1.9308392144910091
4.4668359215096167e+21,2048,logarithmic,1.6959178701301498e-23,0.07575386862227435,1.3221761557233886,5.905943946948726e+21,0.008752818370000212,3.909740350956619e+19,1.0265174166412372,-1.882475316651877
4.731512589614812e+21,2048,logarithmic,1.5867501647862538e-23,0.07507728381259539,1.3224743488065887,6.257304030821025e+21,0.008532346668992942,4.0370905683298116e+19,1.000420266410984,-1.8352942774108039
5.011872336272714e+21,2048,logarithmic,1.4846146636058277e-23,0.07440699162550869,1.3227650650986649,6.629529637155975e+21,0.008317328587907133,4.168538906142196e+19,0.9749807393398147,-1.7892685741574432
5.308844442309901e+21,2048,logarithmic,1.3890579427162303e-23,0.07374292539235483,1.323048487810385,7.023858611418681e+21,0.00810763414655058,4.304216847919702e+19,0.9501825521002205,-1.7443712554422008
5.623413251903491e+21,2048,logarithmic,1.2996558517961118e-23,0.07308501939904175,1.3233247958745815,7.441602193693604e+21,0.007903136220739513,4.444260095530505e+19,0.9260098104736159,-1.7005759325773417
5.956621435290085e+21,2048,logarithmic,1.2160116208994608e-23,0.07243320886611569,1.3235941640355375,7.884149369118945e+21,0.007703710491498966,4.588808704493186e+19,0.9024470007305219,-1.65785677117255
6.309573444801943e+21,2048,logarithmic,1.1377540899929872e-23,0.07178742992934552,1.3238567629369802,8.352971476148631e+21,0.007509235394554044,4.738007223624504e+19,0.8794789811766845,-1.6161884826311534
6.683439175686135e+21,2048,logarithmic,1.0645360532289164e-23,0.0711476196208044,1.3241127592088089,8.849627087922016e+21,0.007319592070147401,4.892004839166471e+19,0.8570909738498722,-1.5755463156047367
7.079457843841402e+21,2048,logarithmic,9.960327104960231e-24,0.07051371585043684,1.3243623155524322,9.375767182925628e+21,0.007134664313214897,5.050955523536454e+19,0.8352685563722595,-1.535906047424196
7.498942093324559e+21,2048,logarithmic,9.319402192785447e-24,0.06988565738809999,1.324605590824742,9.933140622088704e+21,0.006954338523950664,5.215018188848221e+19,0.8139976539597304,-1.4972439755200129
7.943282347242789e+21,2048,logarithmic,8.71974340306656e-24,0.06926338384606538,1.324842740120727,1.0523599950473738e+22,0.006778503658788314,5.384356845357387e+19,0.7932645315805953,-1.4595369088362675
8.413951416451964e+21,2048,logarithmic,8.15869170907549e-24,0.06864683566197062,1.3250739148547916,1.1149107542796024e+22,0.00660705118182528,5.5591407649889436e+19,0.7730557862680731,-1.4227621592536321
8.912509381337441e+21,2048,logarithmic,7.633759603627862e-24,0.06803595408220811,1.3252992628406213,1.1811742113146633e+22,0.006439875016713657,5.739544650110108e+19,0.7533583395774146,-1.3868975330223687
9.440608762859265e+21,2048,logarithmic,7.142620019486747e-24,0.0674306811457406,1.3255189283697355,1.2513705610503147e+22,0.006276871499038631,5.925748807716567e+19,0.7341594301949472,-1.3519213222228932
1e+22,2048,logarithmic,6.683095966833137e-24,0.06683095966833137,1.325733052288696,1.3257330522886962e+22,0.006117939329205905,6.117939329205905e+19,0.7154466066904286,-1.3178122962549388
1.0592537251772853e+22,2048,logarithmic,6.25315084127675e-24,0.06623673322717873,1.3259417720749627,1.4045087614385751e+22,0.005962979525854676,6.316308275917448e+19,0.6972077204140614,-1.2845496933648226
1.1220184543019653e+22,2048,logarithmic,5.8508793589126175e-24,0.06564794614594409,1.32614522191135,1.4879594120689098e+22,0.005811895379813703,6.521053870623305e+19,0.6794309185353953,-1.2521132122178869
1.1885022274370165e+22,2048,logarithmic,5.474499077757218e-24,0.06506454348016347,1.3263435327592408,1.5763622430310392e+22,0.005664592408614826,6.732380695161536e+19,0.6621046372262462,-1.2204830035248304
1.2589254117941714e+22,2048,logarithmic,5.122342467543518e-24,0.06448647100302995,1.3265368324303692,1.6700109280275383e+22,0.005520978311577369,6.950499894409228e+19,0.6452175949720473,-1.1896396617156246
1.3335214321633241e+22,2048,logarithmic,4.792849492329251e-24,0.06391367519154163,1.3267252456573404,1.7692165496762146e+22,0.005380962925475035,7.175629386797218e+19,0.6287587860336341,-1.159564216689013
1.4125375446227496e+22,2048,logarithmic,4.484560672680591e-24,0.06334610321299988,1.3269088941628406,1.874308631298867e+22,0.0052444581807960106,7.407994081578289e+19,0.6127174740313768,-1.1302381256171667
1.4962356560944358e+22,2048,logarithmic,4.196110596357233e-24,0.06278370291185378,1.3270878967275068,1.985636229855066e+22,0.005111378058604923,7.64782610306344e+19,0.5970831856726644,-1.1016432648327412
1.584893192461111e+22,2048,logarithmic,3.926221848441892e-24,0.062226422796876346,1.327262369256534,2.103569093644486e+22,0.004981638548015546,7.895365022051692e+19,0.5818457046012693,-1.0737619217833005
1.6788040181225657e+22,2048,logarithmic,3.6736993337458096e-24,0.06167421202866658,1.3274324248449794,2.228498888615932e+22,0.004855157604279683,8.150858094683062e+19,0.5669950653783395,-1.0465767870682319
1.7782794100389228e+22,2048,logarithmic,3.4374249660873946e-24,0.06112702040746956,1.3275981738418525,2.3608404973482408e+22,0.004731855107498497,8.414560508952091e+19,0.5525215475976841,-1.0200709465669755
1.8836490894897943e+22,2048,logarithmic,3.2163527006885683e-24,0.060584798361300624,1.3277597239128631,2.5010333950096854e+22,0.0046116528219612065,8.686735639130268e+19,0.538415670112169,-0.9942278736399968
1.995262314968883e+22,2048,logarithmic,3.0095038874779894e-24,0.06004749693437185,1.327917180102027,2.6495431068573216e+22,0.004494474356113754,8.967655308347808e+19,0.5246681853952495,-0.9690314214318985
2.1134890398366432e+22,2048,logarithmic,2.8159629245301553e-24,0.059515067775808235,1.3280706448919808,2.806862752107984e+22,0.004380245123160989,9.257600059598658e+19,0.5112700740198539,-0.9444658152631846
2.238721138568347e+22,2048,logarithmic,2.6348731922175793e-24,0.05898746312864554,1.3282202182630811,2.9735146792994233e+22,0.004268892302303679,9.556859435438945e+19,0.4982125392495318,-0.9205156451102203
2.371373705661655e+22,2048,logarithmic,2.465433249914228e-24,0.058464635819105604,1.328365997751381,3.1500521985626343e+22,0.0041603448006113306,9.865732266655891e+19,0.4854870017575674,-0.8971658581929831
2.511886431509572e+22,2048,logarithmic,2.3068932782647063e-24,0.057946539246137505,1.328508078505328,3.3370614165483865e+22,0.0040545332155308735,1.0184526970196876e+20,0.473085094455028,-0.8744017516553959
2.660725059798814e+22,2048,logarithmic,2.158551751136624e-24,0.05743312737121828,1.3286465533413634,3.535163180090687e+22,0.003951389798031353,1.0513561856655394e+20,0.4609986574291236,-0.8522089653435372
2.8183829312644493e+22,2048,logarithmic,2.01975232240247e-24,0.05692435470840852,1.328781512798378,3.7450151350507017e+22,0.003850848416382314,1.0853165447618648e+20,0.44921973300056095,-0.8305734746934079
2.9853826189179694e+22,2048,logarithmic,1.889880913659922e-24,0.05642017631465143,1.328913045190974,3.967313907166484e+22,0.003752844520564889,1.120367680319596e+20,0.4377405608837037,-0.8094815837153768
3.1622776601683792e+22,2048,logarithmic,1.7683629899005904e-24,0.05592054778031198,1.3290412366616609,4.202797412137726e+22,0.0036573151073130074,1.1565445860052242e+20,0.4265535734546244,-0.7889199180836637
3.3496543915782655e+22,2048,logarithmic,1.654661010977708e-24,0.055425425219948116,1.3291661712319258,4.452247302604289e+22,0.003564198685781213,1.1938833780284522e+20,0.41565139112706984,-0.7688754183328594
3.5481338923357603e+22,2048,logarithmic,1.548272047511241e-24,0.054934765263307164,1.3292879308522763,4.716491560129836e+22,0.0034734352438363946,1.2324213311489437e+20,0.4050268178283467,-0.7493353331572528
3.7583740428844353e+22,2048,logarithmic,1.4487255506041965e-24,0.05444852504654274,1.3294065954511416,4.99640724078294e+22,0.0033849662149688163,1.2721969158379574e+20,0.39467283658183305,-0.7302872128206905
3.981071705534985e+22,2048,logarithmic,1.3555812654319125e-24,0.053966662203642976,1.3295222429827354,5.292923383417977e+22,0.0032987344458184197,1.313249836632134e+20,0.38458260517841847,-0.7117189026628612
4.2169650342858225e+22,2048,logarithmic,1.268427279410135e-24,0.053489134858068325,1.3296349494739639,5.607024090296102e+22,0.0032146841643114093,1.3556210717173554e+20,0.3747494519604988,-0.6936185367265701
4.466835921509617e+22,2048,logarithmic,1.1868781962483995e-24,0.05301590161458891,1.3297447890702074,5.939751790259031e+22,0.0031327609484019677,1.3993529137824444e+20,0.36516687168912654,-0.6759745314793175
4.7315125896148125e+22,2048,logarithmic,1.1105734277586637e-24,0.05254692155131793,1.3298518340802072,6.292210695272849e+22,0.003052911695413864,1.4444890121832999e+20,0.35582852150768396,-0.6587755796439887
5.011872336272714e+22,2048,logarithmic,1.0391755958147499e-24,0.052082154211936606,1.3299561550198893,6.665570461799809e+22,0.0029750845919755994,1.4910744164593703e+20,0.34672821700481027,-0.6420106441429541
5.308844442309901e+22,2048,logarithmic,9.723690373500796e-25,0.05162155959810198,1.3300578206552665,7.06107006913653e+22,0.0028992290845434613,1.5391556212461778e+20,0.33785992835584366,-0.6256689521367709
5.623413251903491e+22,2048,logarithmic,9.098584057416996e-25,0.051165098162036564,1.3301568980443674,7.4800219275735364e+22,0.0028252958505058387,1.5887806126282477e+20,0.3292177765647386,-0.6097399891801025
5.9566214352900855e+22,2048,logarithmic,8.513673623581641e-25,0.050712730799290215,1.330253452578325,7.923816229996694e+22,0.0027532367698624126,1.6399989159791283e+20,0.32079602978245525,-0.5942134934732168
6.309573444801943e+22,2048,logarithmic,7.966373524518335e-25,0.050264418841674145,1.3303475480213387,8.393925561352815e+22,0.002683004897471037,1.6928616453356814e+20,0.3125890997171865,-0.5790794502241736
6.683439175686135e+22,2048,logarithmic,7.4542645995193245e-25,0.04982012405035777,1.3304392465500448,8.891909781262913e+22,0.0026145544358559215,1.7474215543563426e+20,0.3045915381228781,-0.5643280861109434
7.079457843841402e+22,2048,logarithmic,6.975083360667782e-25,0.049379808609127177,1.3305286087916972,9.41942119596577e+22,0.002547840708569104,1.803733088913798e+20,0.2967980333736353,-0.5499498638501077
7.498942093324558e+22,2048,logarithmic,6.52671196932803e-25,0.04894343511779919,1.3306156938617082,9.978210036737827e+22,0.002482820134098699,1.8618524413746456e+20,0.28920340711580117,-0.5359354768666447
7.94328234724279e+22,2048,logarithmic,6.107168858554306e-25,0.04851096658578531,1.3307005594002372,1.057013026295001e+23,0.0024194502003160425,1.921837606620345e+20,0.28180261099521875,-0.5222758440616704
8.413951416451964e+22,2048,logarithmic,5.714599959751199e-25,0.04808236642580494,1.3307832616079835,1.1197145708997057e+23,0.0023576894394540886,1.9837484398648564e+20,0.2745907234649625,-0.5089621046849402
8.91250938133744e+22,2048,logarithmic,5.34727049460779e-25,0.047657598447740826,1.3308638552811176,1.1861336595475874e+23,0.002297497403609619,2.0476467163269143e+20,0.26756294667065195,-0.4959856133096019
9.440608762859264e+22,2048,logarithmic,5.00355729584608e-25,0.047236626852632906,1.330942393845481,1.2564906426198533e+23,0.00223883464076139,2.1135961928164852e+20,0.26071460340686414,-0.48333793490289434
1e+23,2048,logarithmic,4.681941622680762e-25,0.04681941622680762,1.3310189293899517,1.3310189293899516e+23,0.0021816626712966142,2.181662671296614e+20,0.2540411341362514,-0.47101083998611903
1.0592537251772854e+23,2048,logarithmic,4.381002439087071e-25,0.046405931536137535,1.331093512699069,1.4099657618858072e+23,0.002125943965037619,2.2519140644842668e+20,0.24753809408983862,-0.4589962999008934
1.1220184543019653e+23,2048,logarithmic,4.09941012503633e-25,0.04599613812043089,1.3311661932848904,1.4935930346085438e+23,0.002071641918760717,2.3244204635550574e+20,0.2412011504355771,-0.4472864821709277
1.1885022274370166e+23,2048,logarithmic,3.835920592783134e-25,0.045590001687942756,1.331237019418083,1.5821781628250065e+23,0.00201872083419986,2.3992542080200458e+20,0.2350260795064285,-0.43587374594972195
1.2589254117941714e+23,2048,logarithmic,3.5893697820918986e-25,0.04518748831001599,1.3313060381583761,1.6760150023126007e+23,0.0019671458965251935,2.4764899578421936e+20,0.22900876416853677,-0.4247506376350296
1.3335214321633241e+23,2048,logarithmic,3.3586685099721643e-25,0.044788564415799384,1.331373295384226,1.7754148236047777e+23,0.0019168831532966114,2.5562047678738458e+20,0.22314519092621055,-0.4139098862499413
1.4125375446227497e+23,2048,logarithmic,3.142797652080479e-25,0.04439319678715903,1.331438835821808,1.8807073439671093e+23,0.0018678994938652067,2.6384781646664358e+20,0.21743144772843337,-0.4033443995477004
1.4962356560944359e+23,2048,logarithmic,2.940803634400494e-25,0.04400135255362125,1.33150270307335,1.9922418205244687e+23,0.0018201626292399316,2.7233922257593824e+20,0.2118637212082497,-0.39304725958196896
1.584893192461111e+23,2048,logarithmic,2.7517942152138452e-25,0.043612999187462885,1.3315649396447802,2.110388208162902e+23,0.0017736410723926629,2.8110316615045556e+20,0.20643829428734772,-0.3830117186676585
1.6788040181225658e+23,2048,logarithmic,2.5749345386509455e-25,0.04322810449889782,1.331625586972754,2.2355383860446796e+23,0.0017283041190012465,2.9014838995170738e+20,0.20115154378801403,-0.3732311953767442
1.7782794100389228e+23,2048,logarithmic,2.409443442323194e-25,0.04284663663136641,1.33168468545097,2.3681074568016193e+23,0.001684121828621476,2.99483917183467e+20,0.19599993809551464,-0.36369927061241647
1.8836490894897944e+23,2048,logarithmic,2.254590002664747e-25,0.04246856405692243,1.3317422744559695,2.5085351227140547e+23,0.0016410650062801612,3.091190604873189e+20,0.19098003487603155,-0.35440968376639903
1.9952623149688827e+23,2048,logarithmic,2.109690302669508e-25,0.04209385557171765,1.3317983923722436,2.6572871434364792e+23,0.0015991051844814492,3.1906343122671986e+20,0.18608847885837054,-0.3453563289672945
2.1134890398366435e+23,2048,logarithmic,1.974104407695646e-25,0.041722480291579565,1.331853076616784,2.8148568801022864e+23,0.0015582146056187809,3.293269490688671e+20,0.18132199965923412,-0.33653325140015067
2.238721138568347e+23,2048,logarithmic,1.847233535934065e-25,0.041354407647679434,1.3319063636630157,2.9817669309260935e+23,0.0015183662047847492,3.399198518739414e+20,0.1766774096640722,-0.32793464370864944
2.371373705661655e+23,2048,logarithmic,1.728517411002215e-25,0.04098960738229013,1.3319582890641999,3.15857086372493e+23,0.00147953359297129,3.508527059015231e+20,0.17215160196455415,-0.3195548424811734
2.5118864315095718e+23,2048,logarithmic,1.6174317849319698e-25,0.04062804954462923,1.3320088874762563,3.3458550511017685e+23,0.0014416910406526088,3.6213641634442025e+20,0.16774154833854027,-0.31138832480642753
2.660725059798814e+23,2048,logarithmic,1.513486120577642e-25,0.04026970448678621,1.3320581926800255,3.544240614374061e+23,0.001404813461743528,3.737822382003727e+20,0.16344429728620824,-0.30342970491160637
2.818382931264449e+23,2048,logarithmic,1.416221423177002e-25,0.03991454285973108,1.3321062376030384,3.754385482691308e+23,0.0013688763979257993,3.8580178749248347e+20,0.15925697210512624,-0.2956737308666302
2.9853826189179693e+23,2048,logarithmic,1.3252082114600611e-25,0.03956253560940235,1.3321530543407045,3.9769865741672245e+23,0.0013338560033349712,3.982070528495612e+20,0.15517676902154776,-0.28811528137034914
3.162277660168379e+23,2048,logarithmic,1.2400446193198838e-25,0.03921365397287271,1.3321986741770564,4.212782106256039e+23,0.0012997290296008063,4.110104074578956e+20,0.1512009553654714,-0.28074936260710226
3.3496543915782654e+23,2048,logarithmic,1.1603546196380792e-25,0.0388678694745882,1.3322431276049294,4.462554043031815e+23,0.0012664728112340587,4.2422462139646365e+20,0.1473268677805839,-0.27357110516359473
3.5481338923357603e+23,2048,logarithmic,1.0857863624002513e-25,0.0385251539226829,1.3322864443456952,4.7271306874824616e+23,0.001234065251352341,4.37862874367709e+20,0.1435519104953542,-0.26657576103269465
3.758374042884436e+23,2048,logarithmic,1.0160106197427891e-25,0.03818547940536227,1.3323286533685468,5.007389427411521e+23,0.0012024848077386333,4.519387688367761e+20,0.1398735536181972,-0.25975870066656803
3.9810717055349855e+23,2048,logarithmic,9.507193310468512e-26,0.037848818287357686,1.3323697829091794,5.3042596440495254e+23,0.0011717104792249384,4.664663435921241e+20,0.1362893314896807,-0.25311541011183714
4.2169650342858225e+23,2048,logarithmic,8.896242416389983e-26,0.03751514320644697,1.3324098604882328,5.618725793016529e+23,0.0011417217923949659,4.8146008774117084e+20,0.1327968410638869,-0.2466414881982848
4.466835921509616e+23,2048,logarithmic,8.324556290725462e-26,0.03718442707004134,1.3324489129290766,5.9518306678480385e+23,0.0011124987885986425,4.969349551548349e+20,0.1293937403370693,-0.24033264379985653
4.731512589614813e+23,2048,logarithmic,7.789611113522727e-26,0.036856643051836245,1.3324869663753154,6.304678856902455e+23,0.0010840220112722126,5.1290637937540445e+20,0.12607774681254735,-0.23418469315527046
5.011872336272715e+23,2048,logarithmic,7.289045318279646e-26,0.036531764588523905,1.3325240463077612,6.67844040510805e+23,0.0010562724935573964,5.293902890026115e+20,0.12284663600183876,-0.22819355724889023
5.308844442309901e+23,2048,logarithmic,6.820649158220889e-26,0.03620976537656667,1.3325601775610645,7.074354692688552e+23,0.0010292317462131074,5.4640312357323696e+20,0.11969823996444973,-0.22235525925394795
5.623413251903491e+23,2048,logarithmic,6.382354943748959e-26,0.03589061936902965,1.33259538433989,7.493734543722364e+23,0.0010028817458136291,5.6396184995004704e+20,0.11663044588299254,-0.21666592203338775
5.956621435290085e+23,2048,logarithmic,5.972227907872429e-26,0.03557430077247057,1.332629690234742,7.93797057815625e+23,0.0009772049232269246,5.820839792364501e+20,0.1136411946769833,-0.21112176570290409
6.309573444801942e+23,2048,logarithmic,5.588457659199509e-26,0.035260784043885246,1.3326631182373498,8.408535821697333e+23,0.0009521841523671875,6.007875842337252e+20,0.11072847964226362,-0.20571910524140868
6.683439175686135e+23,2048,logarithmic,5.229350184685519e-26,0.034950043887708726,1.3326956907557415,8.906990588865017e+23,0.0009278027392154674,6.200913174581561e+20,0.10789034513658535,-0.2004543481700316
7.079457843841402e+23,2048,logarithmic,4.893320366757175e-26,0.03464205525286797,1.3327274296288472,9.434987655388532e+23,0.000904044411102676,6.400144297361821e+20,0.10512488528438002,-0.19532399227184527
7.498942093324558e+23,2048,logarithmic,4.5788849817168526e-26,0.034336793329888156,1.3327583561408698,9.994277737094812e+23,0.0008808933062490654,6.605767893958957e+20,0.1024302427276691,-0.19032462337889022
7.94328234724279e+23,2048,logarithmic,4.284656148457494e-26,0.034034233548047695,1.3327884910352024,1.0586715293448278e+24,0.0008583339635546451,6.817989020742548e+20,0.09980460739222874,-0.18545291319578272
8.413951416451965e+23,2048,logarithmic,4.009335198515913e-26,0.033734351572583685,1.3328178545280436,1.1214264674978701e+24,0.0008363513126348496,7.037019311595453e+20,0.09724621529973998,-0.18070561718965816
8.912509381337441e+23,2048,logarithmic,3.7517069403552635e-26,0.03343712330194507,1.3328464663216544,1.1879006634974203e+24,0.0008149306640960784,7.26307718889585e+20,0.09475334739954544,-0.17607957252009365
9.440608762859264e+23,2048,logarithmic,3.510634292512953e-26,0.03314252486509202,1.3328743456173706,1.2583145227025657e+24,0.0007940577000456914,7.496388081267227e+20,0.0923243284330244,-0.17157169602145528
1e+24,2048,logarithmic,3.285053261884178e-26,0.03285053261884178,1.3329015111281084,1.3329015111281083e+24,0.0007737184648312276,7.737184648312276e+20,0.08995752582696692,-0.1671789822339509
1e+19,4096,exponential,2.046915758227885e-20,0.20469157582278852,1.2142864838219882,1.2142864838219882e+19,0.0840379246131764,8.40379246131764e+17,10.735439443825179,-17.283745837168908
1.0592537251772854e+19,4096,exponential,1.9131295085414137e-20,0.20264895586690818,1.2170156731668293,1.2891283854011056e+19,0.08223127155870276,8.710378072462086e+17,10.482247323753668,-16.930660746617797
1.1220184543019653e+19,4096,exponential,1.7881294701505455e-20,0.20063142641901072,1.219689766755468,1.3685144268228948e+19,0.08045671346016123,9.027391727478623e+17,10.234599821147805,-16.583061213832238
1.1885022274370165e+19,4096,exponential,1.671335341509836e-20,0.19863857761786466,1.2223095695695814,1.4527176460510284e+19,0.0787139452392707,9.355169924722856e+17,9.99239219440371,-16.24092936060325
1.2589254117941713e+19,4096,exponential,1.5622053975301817e-20,0.19667000733927611,1.224875887916038,1.5420273815914492e+19,0.07700265447467049,9.694059849376883e+17,9.755521096024022,-15.904244605808193
1.3335214321633241e+19,4096,exponential,1.46023390682451e-20,0.19472532107220666,1.2273895287700107,1.6367502422276522e+19,0.07532252183012755,1.0044419718506493e+18,9.523884570968889,-15.572983756734516
1.4125375446227497e+19,4096,exponential,1.364948723167509e-20,0.19280413179589906,1.229851299142484,1.737211134341823e+19,0.07367322147901151,1.0406619137241094e+18,9.297382055267578,-15.247121101896122
1.496235656094436e+19,4096,exponential,1.2759090393273042e-20,0.19090605985747106,1.2322620054720963,1.8437543502377873e+19,0.07205442152518181,1.0781039466523544e+18,9.075914373652694,-14.926628504251749
1.5848931924611109e+19,4096,exponential,1.192703292244405e-20,0.18903073285041122,1.2346224530411636,1.9567447210845778e+19,0.0704657844190671,1.1168074202721166e+18,8.85938373711943,-14.611475495247038
1.6788040181225658e+19,4096,exponential,1.114947209282737e-20,0.18717778549384,1.2369334454157848,2.076568838314209e+19,0.06890696736856383,1.156812936949855e+18,8.647693740048744,-14.301629369218283
1.7782794100389229e+19,4096,exponential,1.0422819859817249e-20,0.18534685951257787,1.2391957839097678,2.2036363475337826e+19,0.06737762274418058,1.1981623922334653e+18,8.440749356922229,-13.997055277976422
1.8836490894897943e+19,4096,exponential,9.743725863916558e-21,0.18353760351804582,1.2414102670721905,2.338381319253814e+19,0.06587739847788393,1.2408990166082243e+18,8.238456938647932,-13.697716325390875
1.9952623149688828e+19,4096,exponential,9.109061576841563e-21,0.18174967289003,1.2435776901982927,2.4812637009887015e+19,0.0644059384551633,1.2850674185979254e+18,8.04072420847628,-13.40357366176973
2.1134890398366433e+19,4096,exponential,8.515905512963316e-21,0.17998272965932416,1.2456988448633868,2.632770855555935e+19,0.06296288289986741,1.330713629253878e+18,7.847460257501493,-13.114586577855402
2.238721138568347e+19,4096,exponential,7.961529433954556e-21,0.17823644239128147,1.2477745184795184,2.7934191906870383e+19,0.061547868751381435,1.3778851480754783e+18,7.658575539756041,-12.830712598266913
2.3713737056616554e+19,4096,exponential,7.443385479432761e-21,0.17651048607030626,1.2498054938744,2.9637558853652316e+19,0.060160530033768395,1.4266309904074668e+18,7.473981866885104,-12.551907574216791
2.511886431509572e+19,4096,exponential,6.959094160966925e-21,0.17480454198530307,1.2517925488923651,3.1443607186275144e+19,0.05880049821651972,1.4770017363607867e+18,7.29359240241827,-12.27812577535926
2.660725059798814e+19,4096,exponential,6.506433161087495e-21,0.1731182976161151,1.2537364560168047,3.335848006907266e+19,0.05746740256660611,1.5290495813051556e+18,7.117321655613917,-12.009319980603106
2.8183829312644493e+19,4096,exponential,6.083326882910815e-21,0.17145144652098007,1.255637982013765,3.538868656354933e+19,0.056160870491537486,1.5828283879830254e+18,6.945085474906021,-11.745441567772808
2.9853826189179695e+19,4096,exponential,5.687836699691323e-21,0.16980368822502223,1.2574978875961627,3.754112336955647e+19,0.05488052787318926,1.6383937402966239e+18,6.776801040940961,-11.486440601977964
3.162277660168379e+19,4096,exponential,5.318151857065593e-21,0.16817472810981504,1.259316927108225,3.982309785666231e+19,0.05362599939217688,1.6958029988208404e+18,6.612386859207131,-11.232265922569606
3.3496543915782656e+19,4096,exponential,4.9725809839610836e-21,0.16656427730403817,1.2610958482296193,4.224235246223462e+19,0.05239690884258259,1.7551153580968284e+18,6.451762752285073,-10.982865228591422
3.5481338923357606e+19,4096,exponential,4.649544171137318e-21,0.164972052575245,1.2628353916988044,4.480709053727634e+19,0.05119287943689914,1.8163919057632026e+18,6.2948498516889995,-10.738185162597091
3.758374042884435e+19,4096,exponential,4.347565579113541e-21,0.1633977762227817,1.2645362910551268,4.752600372586946e+19,0.050013534101040355,1.879695683582656e+18,6.141570589343326,-10.498171392770129
3.981071705534986e+19,4096,exponential,4.065266539832782e-21,0.16184117597186404,1.2661992723990558,5.0408300969168675e+19,0.04885849575933687,1.9450917504249713e+18,5.991848688678236,-10.262768693243707
4.216965034285823e+19,4096,exponential,3.801359118833588e-21,0.16030198486884806,1.2678250541701723,5.3463739230271455e+19,0.0477273876094404,2.012647247268166e+18,5.845609155365072,-10.031921022555624
4.466835921509617e+19,4096,exponential,3.554640106951764e-21,0.15877994117770924,1.2694143469422303,5.670265604201226e+19,0.046619833387087785,2.0824314642823706e+18,5.702778267700004,-9.805571600170504
4.731512589614812e+19,4096,exponential,3.323985412676599e-21,0.15727478827775315,1.2709678532349096,6.013600398576686e+19,0.04553545762071351,2.154515910062777e+18,5.563283566642752,-9.5836629810092
5.011872336272715e+19,4096,exponential,3.1083448282410655e-21,0.1557862745625776,1.2724862673416246,6.3775387215764144e+19,0.044473885875907684,2.2289743830801155e+18,5.427053845520313,-9.366137127932895
5.308844442309901e+19,4096,exponential,2.906737144348581e-21,0.15431415334030715,1.2739702751728854,6.763310015019588e+19,0.04343474498974246,2.3058830454194207e+18,5.294019139422668,-9.152935482152735
5.6234132519034905e+19,4096,exponential,2.718245590138189e-21,0.15285818273511317,1.2754205541146881,7.17221684575863e+19,0.042417663295025936,2.3853204988802913e+18,5.164110714279446,-8.94399903151074
5.956621435290085e+19,4096,exponential,2.542013576571425e-21,0.15141812559003764,1.2768377729014053,7.605639247452565e+19,0.041422270834538186,2.4673678635140147e+18,5.0372610556443265,-8.739268376614683
6.309573444801943e+19,4096,exponential,2.3772407229003934e-21,0.14999374937114096,1.2782225915026173,8.065039319890836e+19,0.040448199565339904,2.5521088586751816e+18,4.913403857203447,-8.538683794808877
6.683439175686135e+19,4096,exponential,2.2231791472498128e-21,0.14858482607297893,1.2795756610233753,8.55196610113811e+19,0.03949508355326116,2.639629886668628e+18,4.792474009006975,-8.34218530195374
7.0794578438414025e+19,4096,exponential,2.079130003626961e-21,0.14719113212542892,1.2808976236174014,9.068060728676026e+19,0.03856255915767924,2.730020119074304e+18,4.674407585452278,-8.14971271201712
7.498942093324558e+19,4096,exponential,1.944440248867541e-21,0.14581244830187282,1.2821891124126241,9.61506190667348e+19,0.03765026520673251,2.8233715858359946e+18,4.5591418330207745,-7.961205694464857
7.94328234724279e+19,4096,exponential,1.8184996241369433e-21,0.14444855962874628,1.2834507514486673,1.0194811697537691e+20,0.03675784316310803,2.9197792672023506e+18,4.446615157786193,-7.776603829455442
8.413951416451965e+19,4096,exponential,1.7007378366443203e-21,0.1430992552964693,1.2846831556256861,1.0809261656968721e+20,0.035884937280566936,3.019341188611161e+18,4.3367671127169105,-7.595846660853301
8.91250938133744e+19,4096,exponential,1.5906219281923744e-21,0.14176432857175586,1.2858869306640575,1.1460479332882619e+20,0.03503119475138481,3.12215851861176e+18,4.22953838476785,-7.418873747057075
9.440608762859264e+19,4096,exponential,1.4876538180868318e-21,0.14044357671131585,1.2870626730745263,1.215065514977644e+20,0.03419626584488037,3.228335669922426e+18,4.124870781792533,-7.245624709672938
1e+20,4096,exponential,1.3913680087695485e-21,0.13913680087695485,1.288210970138235,1.2882109701382349e+20,0.033379804037230974,3.337980403723097e+18,4.0227072192846824,-7.076039280049784
1.0592537251772853e+20,4096,exponential,1.3013294433210037e-21,0.13784380605206561,1.2893323998961996,1.3657301475818188e+20,0.03258146613277447,3.4512039372878915e+18,3.9229917069520726,-6.910057343690901
1.1220184543019654e+20,4096,exponential,1.2171315047085364e-21,0.13656440095952974,1.2904275311478102,1.4478835038871672e+20,0.03180091237699839,3.568121055063197e+18,3.825669335160553,-6.747618982589976
1.1885022274370165e+20,4096,exponential,1.1383941473360263e-21,0.13529839798101304,1.2914969234578377,1.534946970257694e+20,0.031037806561440694,3.688850223303151e+18,3.7306862612319858,-6.588664515497711
1.2589254117941713e+20,4096,exponential,1.0647621520851839e-21,0.13404561307766882,1.2925411271715757,1.6272128707853782e+20,0.030291816120707336,3.81351370837548e+18,3.637989695639021,-6.433134536177043
1.333521432163324e+20,4096,exponential,9.959034966299173e-22,0.13280586571223896,1.2935606834376379,1.724990895167927e+20,0.02956261222184253,3.9422376988560435e+18,3.547527888084434,-6.280969949662218
1.4125375446227496e+20,4096,exponential,9.315078333559857e-22,0.13157897877255215,1.2945561242380508,1.8286091291075595e+20,0.028849869846269586,4.075152431533554e+18,3.4592501134945053,-6.1321120065744195
1.496235656094436e+20,4096,exponential,8.712850677326148e-22,0.1303647784964194,1.2955279724251645,1.93841514581026e+20,0.028153267864534613,4.2123923214494346e+18,3.3731066579363755,-5.986502335532462
1.5848931924611108e+20,4096,exponential,8.149640304615499e-22,0.12916309439791798,1.296476741765064,2.0547771622076115e+20,0.027472489104085517,4.354096096102718e+18,3.2890488044650112,-5.844082973695308
1.678804018122566e+20,4096,exponential,7.622912371759342e-22,0.12797375919505802,1.297402936987061,2.1780852637378963e+20,0.02680722041031624,4.500406933953616e+18,3.2070288189214757,-5.704796395488987
1.778279410038923e+20,4096,exponential,7.130297298783513e-22,0.12679660873882873,1.29830705383889,2.308752701749993e+20,0.026157152701112667,4.651472607363266e+18,3.1269999356870137,-5.568585539557647
1.8836490894897945e+20,4096,exponential,6.669579946955009e-22,0.12563148194361196,1.29918957914726,2.4472172678353656e+20,0.02552198101512982,4.807445630112511e+18,3.048916343407715,-5.435393833987678
1.995262314968883e+20,4096,exponential,6.238689508897884e-22,0.12447822071895674,1.3000509908834552,2.5939427496477127e+20,0.024901404554036537,4.968483409646363e+18,2.9727331707020577,-5.305165219854546
2.1134890398366433e+20,4096,exponential,5.835690064058278e-22,0.12333666990270771,1.300891758233555,2.7494204730404392e+20,0.02429512671895578,5.134748404195543e+18,2.8984064718640568,-5.1778441731422316
2.238721138568347e+20,4096,exponential,5.458771755450525e-22,0.12220667719546935,1.3017123416730647,2.9141709356387926e+20,0.023702855141332926,5.306408284932545e+18,2.8258932125608593,-5.053375725074083
2.3713737056616553e+20,4096,exponential,5.10624254655885e-22,0.12108809309640467,1.3025131930455607,3.088745537265646e+20,0.023124301708458136,5.483636103322452e+18,2.7551512555567204,-4.931705480924487
2.5118864315095718e+20,4096,exponential,4.776520520007877e-22,0.11998077084034832,1.3032947556450902,3.273728412962485e+20,0.022559182583867906,5.666610463836484e+18,2.686139346449945,-4.812779637340226
2.660725059798814e+20,4096,exponential,4.468126682176419e-22,0.11888456633622528,1.3040574643020404,3.469738374686136e+20,0.0220072182228493,5.855515702199625e+18,2.6188170994500437,-4.6965449982377505
2.818382931264449e+20,4096,exponential,4.179678240313233e-22,0.11779933810676244,1.30480174547215,3.677430968122768e+20,0.02146813338326427,6.050542069350053e+18,2.5531449831948105,-4.582948989318092
2.9853826189179696e+20,4096,exponential,3.9098823209395146e-22,0.11672494722947477,1.305528017328479,3.8975006514428785e+20,0.02094165713190947,6.251885921294206e+18,2.489084306617073,-4.471939671249581
3.1622776601683794e+20,4096,exponential,3.657530100401093e-22,0.11566125727891786,1.306236689856015,4.130683103223968e+20,0.020427522846623854,6.459749915045779e+18,2.426597204876746,-4.3634657515756565
3.3496543915782655e+20,4096,exponential,3.4214913203683003e-22,0.11460813427018594,1.3069281649487001,4.3777576671977374e+20,0.019925468214349335,6.674343210844839e+18,2.3656466253580755,-4.257476595388776
3.54813389233576e+20,4096,exponential,3.200709162891296e-22,0.11356544660364226,1.3076028365086207,4.639549941930613e+20,0.019435235225349942,6.895881680858196e+18,2.3061963137385844,-4.15392223481863
3.7583740428844355e+20,4096,exponential,2.994195461303827e-22,0.11253306501086692,1.3082610905471947,4.916934524028261e+20,0.018956570163785463,7.124588124568884e+18,2.248210800149031,-4.0527533773936035
3.9810717055349857e+20,4096,exponential,2.8010262248420765e-22,0.11151086250180268,1.3089033052880508,5.2108379139634804e+20,0.018489223594832842,7.360692491069889e+18,2.191655385417035,-3.953921413310335
4.216965034285823e+20,4096,exponential,2.620337456314706e-22,0.11049871431308571,1.3095298512715041,5.5222415941654466e+20,0.01803295034854605,7.604432108483103e+18,2.1364961274134675,-3.857378421669433
4.466835921509617e+20,4096,exponential,2.4513212435287585e-22,0.10949649785753882,1.310141091460306,5.852185289580711e+20,0.017587509500635725,7.856051920733132e+18,2.082699827494916,-3.763077175711449
4.7315125896148124e+20,4096,exponential,2.29322210645643e-22,0.10850409267481596,1.3107373813466412,6.201770421520385e+20,0.017152664350347714,8.115804731910739e+18,2.030234017061683,-3.6709711471112794
5.0118723362727146e+20,4096,exponential,2.1453335833198196e-22,0.10752138038317419,1.311319069059995,6.572163766248678e+20,0.016728182395615288,8.38395145847085e+18,1.979066944223562,-3.581014509362457
5.308844442309901e+20,4096,exponential,2.0069950398848148e-22,0.10654824463236037,1.311886495475969,6.964601330449011e+20,0.016313835305648686,8.660761389515208e+18,1.9291675605958014,-3.4931621403107904
5.6234132519034906e+20,4096,exponential,1.8775886872950414e-22,0.10558457105759016,1.3124399943256428,7.380392456418962e+20,0.015909398891130737,8.946512455420329e+18,1.8805055082066868,-3.4073696238581475
5.956621435290085e+20,4096,exponential,1.7565367947460808e-22,0.10463024723460246,1.3129798923055085,7.820924170611859e+20,0.01551465307217051,9.241491505078004e+18,1.8330511065448585,-3.323593250899237
6.309573444801943e+20,4096,exponential,1.6432990842065833e-22,0.1036851626357721,1.3135065091877118,8.287665789945286e+20,0.015129381844170455,9.545994592024656e+18,1.7867753397327268,-3.241790019515156
6.683439175686135e+20,4096,exponential,1.5373702952374542e-22,0.10274920858726161,1.3140201579306008,8.78217380115466e+20,0.014753373241752072,9.860327269744536e+18,1.7416498438467043,-3.1619176344784727
7.079457843841402e+20,4096,exponential,1.4382779087492807e-22,0.10182227822718905,1.3145211447893212,9.30609702937414e+20,0.01438641930088311,1.0184804896442827e+19,1.6976468943650458,-3.0839345060865275
7.498942093324558e+20,4096,exponential,1.3455800192753255e-22,0.10090426646480209,1.3150097694263774,9.861182113084483e+20,0.014028316019340962,1.0519752949589514e+19,1.6547393937720756,-3.007799748383888
7.943282347242789e+20,4096,exponential,1.2588633460239338e-22,0.09999506994062905,1.315486325022132,1.0449279303587592e+21,0.01367886331564528,1.0865507350551212e+19,1.6129008593023464,-2.9334731767910016
8.413951416451965e+20,4096,exponential,1.1777413736171103e-22,0.09909458698759767,1.3159510983849825,1.1072348608237842e+21,0.013337864986583597,1.1222414799631012e+19,1.572105410840674,-2.8609153051866176
8.91250938133744e+20,4096,exponential,1.1018526140205816e-22,0.09820271759309615,1.3164043700612953,1.1732466297804898e+21,0.013005128663453642,1.1590833121853104e+19,1.5323277589682993,-2.790087342465608
9.440608762859264e+20,4096,exponential,1.0308589817303806e-22,0.09731936336196009,1.3168464144448249,1.2431831799547615e+21,0.012680465767135761,1.197113162383588e+19,1.493543193170277,-2.7209511886167825
1e+21,4096,exponential,9.644442748036759e-23,0.09644442748036759,1.3172774998856345,1.3172774998856345e+21,0.012363691462108953,1.2363691462108953e+19,1.4557275701925887,-2.6534694303393835
1.0592537251772854e+21,4096,exponential,9.023127548088256e-23,0.09557781468062271,1.317697888798486,1.395776397368041e+21,0.01205462460951434,1.2768906023241845e+19,1.4188573025671003,-2.587605336243637
1.1220184543019653e+21,4096,exponential,8.441878192256262e-23,0.0947194312068084,1.3181078377704474,1.478941318738503e+21,0.011753087719370482,1.318718131616348e+19,1.3829093472868204,-2.523322851646259
1.1885022274370166e+21,4096,exponential,7.898107602517481e-23,0.09386918478129261,1.3185075976678216,1.5670492167208357e+21,0.011458906902035592,1.3618936377062703e+19,1.3478611946483365,-2.460586593004066
1.2589254117941712e+21,4096,exponential,7.389396043685239e-23,0.0930269845720666,1.3188974137422385,1.660393469709715e+21,0.011171911819009582,1.4064603687274805e+19,1.3136908572566774,-2.3993618420066976
1.333521432163324e+21,4096,exponential,6.913480273904469e-23,0.09219274116089977,1.3192775257358935,1.7592848555402152e+21,0.010891935633165411,1.452462960456948e+19,1.2803768591885145,-2.339614539349022
1.4125375446227498e+21,4096,exponential,6.468243400687371e-23,0.09136636651229244,1.3196481679858252,1.8640525829726074e+21,0.010618814958491301,1.4999474808270629e+19,1.247898225329136,-2.281311278223086
1.4962356560944358e+21,4096,exponential,6.051705396431955e-23,0.09054777394320604,1.3200095695272218,1.9750453843124966e+21,0.010352389809426864,1.5489614758653155e+19,1.2162344708587902,-2.2244192975285126
1.584893192461111e+21,4096,exponential,5.662014230385564e-23,0.08973687809356017,1.320361954195715,2.092632672789438e+21,0.010092503549865323,1.5995540171071146e+19,1.1853655909195515,-2.1689064748539377
1.678804018122566e+21,4096,exponential,5.297437576836757e-23,0.08893359489747016,1.320705540728574,2.217205768531866e+21,0.009839002841896297,1.6517757505294848e+19,1.15527205043775,-2.114741319227287
1.7782794100389228e+21,4096,exponential,4.956355061957683e-23,0.08813784155521537,1.3210405428648029,2.3491791972031199e+21,0.009591737594356615,1.7056789470540638e+19,1.125934774109849,-2.061892963662726
1.8836490894897945e+21,4096,exponential,4.637251014177873e-23,0.08734953650591777,1.3213671694440634,2.4889920656050173e+21,0.009350560911252118,1.7613175546698914e+19,1.0973351365628048,-2.010331157535117
1.995262314968883e+21,4096,exponential,4.3387076852731817e-23,0.08656859940091452,1.3216856245044681,2.637109518809879e+21,0.0091153290401135,1.8187472522279946e+19,1.0694549526668595,-1.9600262587801343
2.1134890398366433e+21,4096,exponential,4.0593989115004196e-23,0.08579495107780936,1.3219961073790942,2.794024283652422e+21,0.008885901320341968,1.8780255049612706e+19,1.042276468019998,-1.9109492259562488
2.238721138568347e+21,4096,exponential,3.798084186115306e-23,0.08502851353518491,1.3222988127913005,2.9602583036997135e+21,0.008662140131598927,1.939211621785172e+19,1.015782349595029,-1.8630716101784128
2.3713737056616553e+21,4096,exponential,3.5536031164876337e-23,0.08426920990796087,1.3225939309487964,3.1363644711196625e+21,0.008443910842291855,2.0023668144362267e+19,0.9899556765425865,-1.8163655469331297
2.5118864315095717e+21,4096,exponential,3.3248702407772236e-23,0.0835169644433827,1.3228816476363532,3.3229284611907817e+21,0.008231081758202044,2.0675542585073664e+19,0.9647799311652161,-1.77080374780626
2.660725059798814e+21,4096,exponential,3.110870180772592e-23,0.08277170247762503,1.3231621443073418,3.520570675535679e+21,0.008023524071300803,2.1348391564409053e+19,0.9402389900467156,-1.726359492123486
2.818382931264449e+21,4096,exponential,2.9106531090219997e-23,0.08203335041299406,1.3234355981738348,3.729948300520892e+21,0.00782111180879549,2.204288802542003e+19,0.9163171153400151,-1.683006618521754
2.9853826189179696e+21,4096,exponential,2.7233305098152514e-23,0.08130183569571464,1.3237021822954234,3.951757487648543e+21,0.007623721782444004,2.275972650077465e+19,0.8929989462182375,-1.6407195164701571
3.1622776601683794e+21,4096,exponential,2.5480712149102622e-23,0.08057708679428824,1.3239620656667421,4.1867356631683197e+21,0.007431233538175265,2.3499623805265666e+19,0.870269490479858,-1.5994731177452315
3.3496543915782654e+21,4096,exponential,2.3840976961440274e-23,0.07985903317840466,1.3242154133036004,4.4356639745680327e+21,0.0072435293060490995,2.426331975053323e+19,0.8481141163105832,-1.5592428878758557
3.5481338923357606e+21,4096,exponential,2.2306825982345835e-23,0.0791476052983972,1.32446238632773,4.699369882053319e+21,0.007060493950587198,2.5051577882710045e+19,0.8265185442008605,-1.5200048175696312
3.7583740428844353e+21,4096,exponential,2.087145496168376e-23,0.0784427345652238,1.3247031420502853,4.978729903609245e+21,0.0068820149215052156,2.586518624372857e+19,0.8054688390133791,-1.481735414126495
3.9810717055349854e+21,4096,exponential,1.9528498625853267e-23,0.07774435333096329,1.3249378340538536,5.274672522744605e+21,0.00670798220487151,2.6704958157046153e+19,0.7849514022076676,-1.4444116928580941
4.2169650342858226e+21,4096,exponential,1.8272002315253316e-23,0.07705239486981283,1.3251666122732102,5.588181268559126e+21,0.00653828827471927,2.757173303857214e+19,0.7649529642116848,-1.4080111685136343
4.4668359215096167e+21,4096,exponential,1.7096395457875175e-23,0.07636679335957068,1.3253896230746518,5.920297978345946e+21,0.006372828045134081,2.8466377233608823e+19,0.745460576937762,-1.3725118467200592
4.731512589614812e+21,4096,exponential,1.5996466759852512e-23,0.07568748386359703,1.3256070093339873,6.272126253545402e+21,0.006211498822837695,2.9389784880634143e+19,0.7264616064538654,-1.3378922154566153
5.011872336272714e+21,4096,exponential,1.496734100155155e-23,0.07501440231323656,1.325818910513205,6.644835120508362e+21,0.006054200260287792,3.0342878802791453e+19,0.7079437257963006,-1.3041312365597135
5.308844442309901e+21,4096,exponential,1.4004457335039182e-23,0.07434748549068888,1.3260254627357664,7.039662908206188e+21,0.005900834309311175,3.1326611427978215e+19,0.6898949079195082,-1.271208337262797
5.623413251903491e+21,4096,exponential,1.310354898555235e-23,0.07368667101232163,1.3262267988605125,7.457921355741751e+21,0.005751305175285415,3.234196573844113e+19,0.6723034188000021,-1.2391034017958047
5.956621435290085e+21,4096,exponential,1.2260624265918211e-23,0.07303189731240618,1.326423048554325,7.900999963281514e+21,0.0056055192718840645,3.338995625083629e+19,0.6551578106656519,-1.2077967630241382
6.309573444801943e+21,4096,exponential,1.1471948818807016e-23,0.07238310362727177,1.3266143383634046,8.370370600831237e+21,0.005463385176397334,3.4471630027721196e+19,0.6384469153765338,-1.1772691941604796
6.683439175686135e+21,4096,exponential,1.0734029007228439e-23,0.0717402299798619,1.3268007917832232,8.867592390135377e+21,0.0053248135856402935,3.5588067721494098e+19,0.6221598379297477,-1.147501900529213
7.079457843841402e+21,4096,exponential,1.0043596378858208e-23,0.07110321716468485,1.3269825293272066,9.394316875885997e+21,0.005189717272457381,3.6740384651817615e+19,0.6062859501057671,-1.1184765114076178
7.498942093324559e+21,4096,exponential,9.397593134620946e-24,0.0704720067331469,1.3271596685940619,9.952293503382682e+21,0.005058011042833094,3.792973191760154e+19,0.5908148842452832,-1.0901750719392367
7.943282347242789e+21,4096,exponential,8.793158536470982e-24,0.06984654097925719,1.3273323243338873,1.0543375420806106e+22,0.004929611693615142,3.915729754465479e+19,0.5757365271532144,-1.0625800351222847
8.413951416451964e+21,4096,exponential,8.227616193544298e-24,0.06922676292569517,1.3275006085129692,1.1169525625338542e+22,0.0048044379708571516,4.042430767014913e+19,0.5610410141342115,-1.0356742538828123
8.912509381337441e+21,4096,exponential,7.698462169801819e-24,0.06861261631023009,1.3276646303772894,1.1832823473507498e+22,0.0046824105287857085,4.173202776507584e+19,0.5467187231507076,-1.0094409732294696
9.440608762859265e+21,4096,exponential,7.203353859977933e-24,0.06800404557248378,1.3278244965148647,1.2535471577337424e+22,0.004563451889395397,4.308176389591286e+19,0.5327602691117539,-0.9838638225028395
1e+22,4096,exponential,6.74009958410253e-24,0.06740099584102531,1.3279803109167378,1.327980310916738e+22,0.004447486402676413,4.4474864026764124e+19,0.5191564982754304,-0.95892680770715
1.0592537251772853e+22,4096,exponential,6.306648854089198e-24,0.06680341292079041,1.3281321750368924,1.4068289539356387e+22,0.0043344402074753895,4.591271936326512e+19,0.505898482776912,-0.9346143039409838
1.1220184543019653e+22,4096,exponential,5.901083268902903e-24,0.06621124328081623,1.3282801878508403,1.490354883252324e+22,0.004224241192991934,4.7396765739595e+19,0.49297751527381806,-0.9109110479226024
1.1885022274370165e+22,4096,exponential,5.521607997639143e-24,0.06562443404228166,1.328424445913046,1.5788354129494398e+22,0.004116818960911353,4.892848504998086e+19,0.48038510370607135,-0.8878021306113593
1.2589254117941714e+22,4096,exponential,5.166543812484456e-24,0.06504293296684623,1.328565043413257,1.6725642943743759e+22,0.004012104788172741,5.050940672611735e+19,0.46811296617288445,-0.8652729899315204
1.3335214321633241e+22,4096,exponential,4.8343196359953306e-24,0.06446668844527773,1.3287020722315432,1.771852690280584e+22,0.003910031590372893,5.214110926197901e+19,0.45615302591686113,-0.8433094035918298
1.4125375446227496e+22,4096,exponential,4.523465569435706e-24,0.0638956494863626,1.3288356219923259,1.8770302066962842e+22,0.0038105338858029515,5.382522178753886e+19,0.444497406427824,-0.8218974820170644
1.4962356560944358e+22,4096,exponential,4.232606371070957e-24,0.06332976570608842,1.328965780117162,1.9884459859406555e+22,0.0037135477601172966,5.556342569297125e+19,0.4331384266416771,-0.8010236613695154
1.584893192461111e+22,4096,exponential,3.9604553553304194e-24,0.06276898731709332,1.3290926318765242,2.1064698644113245e+22,0.003619010831630987,5.735745630494975e+19,0.4220685962556425,-0.7806746966851352
1.6788040181225657e+22,4096,exponential,3.705808685634939e-24,0.0622132651183744,1.329216260440416,2.2314935989812213e+22,0.003526862217242516,5.920910461671397e+19,0.41128061114816816,-0.7608376551146101
1.7782794100389228e+22,4096,exponential,3.467540035449026e-24,0.0616625504852464,1.3293367469279334,2.363932166070066e+22,0.0034370424989791336,6.112021907363318e+19,0.400767348892761,-0.7414999092622887
1.8836490894897943e+22,4096,exponential,3.244595593763113e-24,0.06111679535954487,1.329454170455789,2.5042251376974566e+22,0.0033494936911595175,6.3092707416044356e+19,0.39052186438044423,-0.7226491306384863
1.995262314968883e+22,4096,exponential,3.0359893927537343e-24,0.060575952240067885,1.329568608185727,2.652838139078609e+22,0.0032641592081697297,6.51285385811973e+19,0.38053738553918137,-0.7042732832171383
2.1134890398366432e+22,4096,exponential,2.8407989368086462e-24,0.06003997417324663,1.3296801353710266,2.8102643925951686e+22,0.0031809838328478346,6.7229744666214556e+19,0.37080730914460514,-0.6863606170941061
2.238721138568347e+22,4096,exponential,2.6581611134514885e-24,0.05950881474404222,1.329788825401875,2.9770263532591504e+22,0.003099913685470809,6.939842295400811e+19,0.36132519673668373,-0.6688996622631005
2.371373705661655e+22,4096,exponential,2.4872683679606686e-24,0.05898242806705908,1.3298947498498181,3.153677441091343e+22,0.003020896193339448,7.163673800418555e+19,0.3520847706180996,-0.6518792224868397
2.511886431509572e+22,4096,exponential,2.3273651246540368e-24,0.058460768777870584,1.3299979785112057,3.3408038761574567e+22,0.002943880060954186,7.394692381102391e+19,0.3430799099495285,-0.6352883692797184
2.660725059798814e+22,4096,exponential,2.1777444389136448e-24,0.05794379202455042,1.3300985794497615,3.539026622344784e+22,0.002868815240776321,7.633128603066325e+19,0.3343046469338251,-0.6191164359959922
2.8183829312644493e+22,4096,exponential,2.0377448650541944e-24,0.0574314534594052,1.3301966190380463,3.749003446322509e+22,0.0027956529045677233,7.879220427973552e+19,0.3257531630906252,-0.6033530120261199
2.9853826189179694e+22,4096,exponential,1.906747526102043e-24,0.05692370923089877,1.3302921619981998,3.9714310985122335e+22,0.0027243454153027783,8.133213450773771e+19,0.3174197856082639,-0.5879879370892516
3.1622776601683792e+22,4096,exponential,1.784173372453467e-24,0.05642051597576876,1.3303852714415718,4.207047623296728e+22,0.002654846299645187,8.395361144548662e+19,0.3092989837900406,-0.5730112956401467
3.3496543915782655e+22,4096,exponential,1.6694806172219936e-24,0.05592183081132444,1.3304760089076675,4.456634806127092e+22,0.0025871102209828523,8.665925113212228e+19,0.3013853655781995,-0.5584134113751693
3.5481338923357603e+22,4096,exponential,1.5621623368737968e-24,0.055427611327923516,1.3305644344020342,4.721020765638419e+22,0.00252109295301366,8.945175352316613e+19,0.2936736741560919,-0.5441848418382356
3.7583740428844353e+22,4096,exponential,1.4617442264863047e-24,0.054937815581623146,1.330650606433412,5.001082699367768e+22,0.0024567513538745374,9.233390518223256e+19,0.2861587846342717,-0.5303163731336324
3.981071705534985e+22,4096,exponential,1.3677824996543627e-24,0.054452402086998995,1.3307345820500047,5.297749792176198e+22,0.0023940433408062628,9.530858205908263e+19,0.2788357008145059,-0.5167990147405765
4.2169650342858225e+22,4096,exponential,1.2798619237132813e-24,0.05397132981012696,1.3308164168749044,5.612006297015017e+22,0.0023329278653470456,9.837875235679555e+19,0.2716995520176013,-0.5036239944156029
4.466835921509617e+22,4096,exponential,1.1975939815503245e-24,0.05349455816172715,1.3308961651407452,5.944894798250075e+22,0.002273364889045897,1.0154747949088938e+20,0.26474559001090636,-0.49078275321979836
4.7315125896148125e+22,4096,exponential,1.120615151840397e-24,0.05302204699045953,1.3309738797235524,6.297519668360459e+22,0.0022153153596894733,1.048179251433781e+20,0.2579691859840416,-0.47826694061945396
5.011872336272714e+22,4096,exponential,1.048585300068815e-24,0.05255375657637117,1.3310496121757849,6.671050729470341e+22,0.002158741188033687,1.081933524147853e+20,0.25136582760263426,-0.46606840969078966
5.308844442309901e+22,4096,exponential,9.811861731971386e-25,0.05208964762448949,1.3311234127586575,7.066727131852388e+22,0.0021036052250322248,1.1167712907726394e+20,0.24493111613730356,-0.45417921242626447
5.623413251903491e+22,4096,exponential,9.18119991289656e-25,0.05162968125855769,1.3311953304736965,7.485861462257832e+22,0.002049871239554443,1.152727309320629e+20,0.23866076365204325,-0.44259159512670676
5.9566214352900855e+22,4096,exponential,8.591081298490588e-25,0.05117381901490882,1.3312654130935586,7.929844095693402e+22,0.0019975038965841514,1.1898374527468628e+20,0.23255059027329494,-0.4312979939010586
6.309573444801943e+22,4096,exponential,8.038898870139701e-25,0.0507220228364818,1.3313337071921523,8.400147805069329e+22,0.0019464687358907238,1.2281387447113317e+20,0.22659652156893362,-0.4202910303028662
6.683439175686135e+22,4096,exponential,7.522213301471946e-25,0.05027425506692494,1.3314002581740236,8.898332643998904e+22,0.0018967321511713985,1.267669396492236e+20,0.22079458569190802,-0.40956350676114583
7.079457843841402e+22,4096,exponential,7.038742166995518e-25,0.049830478444913645,1.33146511030311,9.42605111893651e+22,0.001848261369638663,1.3084688450757485e+20,0.215140911205558,-0.3991084027151315
7.498942093324558e+22,4096,exponential,6.586349845596364e-25,0.04939065609850428,1.331528306730744,9.98505366779635e+22,0.001801024432069333,1.3505777924750677e+20,0.20963172434682598,-0.3889188702198121
7.94328234724279e+22,4096,exponential,6.163038074133616e-25,0.048954751539650745,1.3315898895230889,1.0577194463215728e+23,0.001754990173288869,1.3940382463070038e+20,0.20426334666008295,-0.3789882299470304
8.413951416451964e+22,4096,exponential,5.766937109234141e-25,0.04852272865882999,1.331649899687834,1.1204437559696568e+23,0.001710128203090499,1.4388935616707756e+20,0.1990321926283345,-0.36930996721203924
8.91250938133744e+22,4096,exponential,5.396297458097391e-25,0.04809455171978038,1.3317083772003406,1.1868863405003695e+23,0.0016664088875800907,1.4851884843701646e+20,0.19393476735825033,-0.35987772808153684
9.440608762859264e+22,4096,exponential,5.04948214164871e-25,0.04767018535435018,1.331765361029141,1.257267573740414e+23,0.0016238033309388079,1.532969195522097e+20,0.18896766432787704,-0.35068531557177485
1e+23,4096,exponential,4.72495945574543e-25,0.0472495945574543,1.3318208891607743,1.3318208891607743e+23,0.001582283357595994,1.5822833575959937e+20,0.1841275631818906,-0.34172668592197253
1.0592537251772854e+23,4096,exponential,4.421296198348957e-25,0.04683274468213302,1.3318749986241618,1.4107935537631352e+23,0.0015418214948045602,1.633180161930141e+20,0.17941122757993977,-0.3329959449477782
1.1220184543019653e+23,4096,exponential,4.137151332648417e-25,0.04641960143471493,1.331927725514255,1.4944474878234367e+23,0.0015023909556110067,1.6857103777719144e+20,0.17481550310523009,-0.3244873444825491
1.1885022274370166e+23,4096,exponential,3.8712700580542344e-25,0.04601013087007686,1.3319791050152463,1.583060133210184e+23,0.0014639656222128466,1.7399264028911862e+20,0.17033731521569617,-0.3161952788880651
1.2589254117941714e+23,4096,exponential,3.6224782627912754e-25,0.04560429938699941,1.3320291714231332,1.676925373155717e+23,0.0014265200296957213,1.7958823158173195e+20,0.16597366724573348,-0.30811428164277954
1.3335214321633241e+23,4096,exponential,3.38967733351593e-25,0.0452020737236172,1.3320779581677613,1.7763545065290696e+23,0.0013900293501428289,1.85363392975152e+20,0.16172163846113197,-0.3002390220096962
1.4125375446227497e+23,4096,exponential,3.1718392989635613e-25,0.044803420952959326,1.3321254978344197,1.8816772798403892e+23,0.0013544693771092389,1.9132388482085896e+20,0.1575783821599508,-0.2925643017773538
1.4962356560944359e+23,4096,exponential,2.9680022861167783e-25,0.044408308478577234,1.332171822184784,1.9932429803971704e+23,0.001319816510454127,1.9747565224435997e+20,0.1535411238146489,-0.28508505206729096
1.584893192461111e+23,4096,exponential,2.7772662687703694e-25,0.044016704030260284,1.332216962177443,2.1114215942362506e+23,0.0012860477415233495,2.038248310720343e+20,0.14960715926557455,-0.27779633021971506
1.6788040181225658e+23,4096,exponential,2.5987890896654013e-25,0.04362857565983361,1.3322609479879353,2.2366050326699243e+23,0.0012531406386755099,2.1037775394811242e+20,0.14577385295755363,-0.27069331674757224
1.7782794100389228e+23,4096,exponential,2.4317827385794e-25,0.04324389173703812,1.3323038090282293,2.369208431511329e+23,0.0012210733331445235,2.171409566478504e+20,0.1420386362175563,-0.2637713123572083
1.8836490894897944e+23,4096,exponential,2.275509869892974e-25,0.04286262094548941,1.3323455739658157,2.5096715272864662e+23,0.0011898245052316145,2.241211845932176e+20,0.13839900557517382,-0.25702573503698645
1.9952623149688827e+23,4096,exponential,2.1292805442163974e-25,0.04248473227871412,1.3323862707422809,2.658460114994e+23,0.0011593733708200832,2.3132539957757562e+20,0.13485252112763746,-0.25045211721534955
2.1134890398366435e+23,4096,exponential,1.99244917965203e-25,0.04211019503626077,1.332425926591443,2.816067592245199e+23,0.0011296996682061164,2.3876078670607198e+20,0.13139680493718942,-0.24404610297590335
2.238721138568347e+23,4096,exponential,1.8644116991979037e-25,0.041738978819884774,1.3324645680570772,2.9830165949027206e+23,0.0011007836452387725,2.4643476155863604e+20,0.12802953947870233,-0.23780344534666265
2.371373705661655e+23,4096,exponential,1.7446028616674852e-25,0.041371053529803525,1.3325022210101511,3.159860729639228e+23,0.001072606046763052,2.5435497758275974e+20,0.12474846611638668,-0.23172000364246603
2.5118864315095718e+23,4096,exponential,1.6324937643131408e-25,0.04100638936102163,1.3325389106656917,3.347186409159696e+23,0.0010451481023591575,2.6252933372339447e+20,0.12155138362284212,-0.22579174087362652
2.660725059798814e+23,4096,exponential,1.5275895061023848e-25,0.04064495679972308,1.3325746615992164,3.5456147961699596e+23,0.001018391514371976,2.7096598229759807e+20,0.1184361467336581,-0.2200147212127912
2.818382931264449e+23,4096,exponential,1.4294270013072777e-25,0.04028672661972957,1.3326094977627607,3.755803862535455e+23,0.0009923184462243813,2.7967333712176556e+20,0.11540066473536559,-0.21438510751862205
2.9853826189179693e+23,4096,exponential,1.3375729337332156e-25,0.03993166987902259,1.332643442500536,3.978450570456108e+23,0.0009669115110081833,2.8866008189955414e+20,0.11244290009175817,-0.20889915892002842
3.162277660168379e+23,4096,exponential,1.251621842536781e-25,0.03957975791632847,1.3326765185641638,4.214293182886426e+23,0.0009421537603468624,2.979351788788516e+20,0.10956086710485202,-0.2035532284574204
3.3496543915782654e+23,4096,exponential,1.1711943311643773e-25,0.03923096234776326,1.3327087481275763,4.464113710860309e+23,0.0009180286735240277,3.075078777864529e+20,0.10675263060337947,-0.19834376077352278
3.5481338923357603e+23,4096,exponential,1.095935391489394e-25,0.038885255063537794,1.332740152801535,4.728740505831866e+23,0.0008945201468718001,3.173877250492996e+20,0.10401630466927436,-0.19326728986339692
3.758374042884436e+23,4096,exponential,1.0255128357352124e-25,0.038542608224720325,1.3327707536477587,5.009051005625263e+23,0.0008716124834134395,3.2758457331151117e+20,0.10135005139677578,-0.18832043687855293
3.9810717055349855e+23,4096,exponential,9.59615829248688e-26,0.03820299426005444,1.3328005711927986,5.305974643096518e+23,0.0008492903827545604,3.3810859125671585e+20,0.09875207967147137,-0.183499907971596
4.2169650342858225e+23,4096,exponential,8.979535176356229e-26,0.03786638586283379,1.3328296254414438,5.620495927146838e+23,0.0008275389312173529,3.489702737453837e+20,0.09622064399923413,-0.1788024922114717
4.466835921509616e+23,4096,exponential,8.402537421867819e-26,0.03753275598782797,1.3328579358898969,5.9536577063021524e+23,0.0008063435922125324,3.601804522774042e+20,0.09375404334202031,-0.17422505952543466
4.731512589614813e+23,4096,exponential,7.862618379145256e-26,0.03720207784826259,1.3328855215385786,6.306564625675091e+23,0.0007856901968435013,3.7175030579019665e+20,0.0913506200002967,-0.169764558707719
5.011872336272715e+23,4096,exponential,7.357395088852588e-26,0.03687432491284902,1.3329124009046076,6.68038678876865e+23,0.0007655649347376868,3.836913718032239e+20,0.08900875851434176,-0.16541801546618995
5.308844442309901e+23,4096,exponential,6.884637758751344e-26,0.036549470902863965,1.332938592034027,7.076363636260229e+23,0.0007459543450997479,3.960155579199719e+20,0.08672688459563371,-0.16118253051838893
5.623413251903491e+23,4096,exponential,6.442259916966827e-26,0.036227489789277936,1.3329641125136586,7.495808054621083e+23,0.0007268453079817667,4.087351536988541e+20,0.08450346408470644,-0.15705527773266503
5.956621435290085e+23,4096,exponential,6.028309198430888e-26,0.03590835578992981,1.332988979482698,7.940110728192094e+23,0.0007082250357653999,4.218628429049268e+20,0.08233700193327476,-0.15303350231206103
6.309573444801942e+23,4096,exponential,5.64095872377407e-26,0.03559204336674873,1.3330132096440297,8.410744749140174e+23,0.0006900810648511576,4.354117161545511e+20,0.08022604121491472,-0.1491145190245513
6.683439175686135e+23,4096,exponential,5.278499032558073e-26,0.03527852722301999,1.333036819275221,8.909270500576051e+23,0.0006724012475501345,4.4939528396567996e+20,0.07816916215781511,-0.14529571047330325
7.079457843841402e+23,4096,exponential,4.9393305351926954e-26,0.03496778230069528,1.3330598242393166,9.43734082902087e+23,0.0006551737441734018,4.638274902267329e+20,0.07616498120468496,-0.14157452541136983
7.498942093324558e+23,4096,exponential,4.621956450177051e-26,0.03465978377774564,1.3330822399952742,9.996706523363953e+23,0.0006383870153146759,4.787227260975053e+20,0.07421215009333348,-0.13794847709392988
7.94328234724279e+23,4096,exponential,4.3249761954490743e-26,0.034354507065555914,1.3331040816082016,1.0589222118475738e+24,0.0006220298143216425,4.940958443559813e+20,0.0723093549597209,-0.1344151416699635
8.413951416451965e+23,4096,exponential,4.0470792046383714e-26,0.034051927806360315,1.3331253637593263,1.1216852042710825e+24,0.0006060911799516514,5.09962174205324e+20,0.07045531546756578,-0.13097215661661554
8.912509381337441e+23,4096,exponential,3.787039140894917e-26,0.03375202187071803,1.3331461007557102,1.1881677129678697e+24,0.0005905604292074515,5.263375365558078e+20,0.06864878395627105,-0.12761721920790947
9.440608762859264e+23,4096,exponential,3.543708482724425e-26,0.033454765355026915,1.3331663065397124,1.2585901515867528e+24,0.0005754271503487794,5.4323825979698224e+20,0.06688854461083249,-0.12434808502137518
1e+24,4096,exponential,3.316013457907644e-26,0.03316013457907644,1.3331859946982294,1.3331859946982295e+24,0.0005606811960756837,5.6068119607568374e+20,0.06517341265572796,-0.1211625664838567
1e+19,4096,power,2.131260181465443e-20,0.2131260181465443,1.1212792725252763,1.1212792725252762e+19,0.14317224577827747,1.4317224577827748e+18,19.662230028090555,-28.396140200580977
1.0592537251772854e+19,4096,power,1.990522499720471e-20,0.2108468372878111,1.1257037380281172,1.1924058779522781e+19,0.1404564222735636,1.487789885183461e+18,19.22312248863891,-27.904624557342505
1.1220184543019653e+19,4096,power,1.8591367223950387e-20,0.20859857115977032,1.1300553221086744,1.2679429257880844e+19,0.13777667841357497,1.5458797575245834e+18,18.792778255581986,-27.41786712561295
1.1885022274370165e+19,4096,power,1.736477162840157e-20,0.20638069759290373,1.134334489946692,1.3481590679602756e+19,0.13513304281576485,1.6060592238687826e+18,18.371056403227225,-26.935943340904778
1.2589254117941713e+19,4096,power,1.6219602958087975e-20,0.20419270333148862,1.138541732587638,1.4333391195427414e+19,0.1325255271505079,1.6683975384119276e+18,17.957817392072318,-26.458924721695208
1.3335214321633241e+19,4096,power,1.5150418961772462e-20,0.20203408391777194,1.1426775658250394,1.5237850240799076e+19,0.12995412635873813,1.7329661269743805e+18,17.552923066765523,-25.986878850548933
1.4125375446227497e+19,4096,power,1.4152143731575814e-20,0.19990434357748338,1.1467425290866484,1.6198168763505365e+19,0.1274188188877985,1.799838655705017e+18,17.1562366551967,-25.519869362115045
1.496235656094436e+19,4096,power,1.322004286560893e-20,0.19780299510620944,1.1507371843261,1.7217740059824261e+19,0.12491956694579891,1.8690911020818025e+18,16.767622767661262,-25.057955937375276
1.5848931924611109e+19,4096,power,1.234970032603943e-20,0.19572955975674655,1.1546621149216594,1.8300161255320869e+19,0.12245631677331215,1.9408018282788378e+18,16.386947396486185,-24.601194304269413
1.6788040181225658e+19,4096,power,1.1536996876142054e-20,0.19368356712734772,1.158517924583711,1.9449245468581495e+19,0.1200289989316884,2.0150516569774766e+18,16.014077915984437,-24.149636244527773
1.7782794100389229e+19,4096,power,1.0778089987929887e-20,0.1916645550508238,1.1623052362723814,2.066903469843601e+19,0.11763752860717516,2.0919239497000435e+18,15.648883082709464,-23.703329606583466
1.8836490894897943e+19,4096,power,1.0069395119439357e-20,0.18967206948444923,1.1660246911267673,2.196381347763554e+19,0.11528180592997843,2.1715046877474304e+18,15.291233035980522,-23.262318324419738
1.9952623149688828e+19,4096,power,9.40756826771214e-21,0.18770566440063127,1.1696769474070836,2.3338123338491937e+19,0.1129617163074189,2.2538825558239882e+18,14.940999298604773,-22.8266424421674
2.1134890398366433e+19,4096,power,8.789489709994939e-21,0.1857649016783126,1.1732626794509553,2.479677813868967e+19,0.11067713077026445,2.339149028435208e+18,14.598054777801783,-22.39633814430141
2.238721138568347e+19,4096,power,8.21224885170969e-21,0.18384935099506117,1.1767825766451214,2.634488029834359e+19,0.10842790633135056,2.427398459147032e+18,14.262273766256861,-21.971437791224645
2.3713737056616554e+19,4096,power,7.673130105364907e-21,0.1819585897198319,1.180237342413526,2.798783800239427e+19,0.10621388635555441,2.51872817279697e+18,13.933531943282972,-21.551969960048332
2.511886431509572e+19,4096,power,7.16959972979849e-21,0.1800922028063552,1.1836276932229868,2.9731383425657946e+19,0.10403490094020262,2.613238560751374e+18,13.611706376049337,-21.13795949035432
2.660725059798814e+19,4096,power,6.69929356401153e-21,0.17824978268714387,1.1869543576072223,3.1581592041229394e+19,0.10189076730496523,2.7110331793045064e+18,13.296675520838729,-20.729427534716592
2.8183829312644493e+19,4096,power,6.2600055943759206e-21,0.17643092916809058,1.1902180752102338,3.3544903076549497e+19,0.09978129019029741,2.8122188513187907e+18,12.988319224306988,-20.326391613758943
2.9853826189179695e+19,4096,power,5.8496772982126835e-21,0.17463524932363172,1.1934195958497922,3.5628141185260773e+19,0.09770626226349843,2.9169057712088893e+18,12.686518724696882,-19.92886567550418
3.162277660168379e+19,4096,power,5.466387710662745e-21,0.17286235739247768,1.1965596786017718,3.7838539407006384e+19,0.09566546453143687,3.0252076133739325e+18,12.391156652986757,-19.536860158780932
3.3496543915782656e+19,4096,power,5.1083441654188156e-21,0.17111187467388345,1.1996390909059604,4.0183763491621085e+19,0.09365866675901904,3.1372416441871345e+18,12.102117033937553,-19.150382060438965
3.5481338923357606e+19,4096,power,4.7738736632892514e-21,0.16938342942445667,1.202658607693951,4.267193766868245e+19,0.09168562789248849,3.2531288376542336e+18,11.819285287003689,-18.76943500612044
3.758374042884435e+19,4096,power,4.46141482572642e-21,0.16767665675549961,1.205619010539639,4.531167194820195e+19,0.08974609648663455,3.372993994855693e+18,11.542548227084936,-18.394019324337417
3.981071705534986e+19,4096,power,4.169510393397159e-21,0.1659911985308748,1.2085210868327325,4.8112091043321815e+19,0.08783981113502286,3.4969658672917647e+18,11.271794065095197,-18.02413212360414
4.216965034285823e+19,4096,power,3.8968002326162756e-21,0.16432670326539695,1.2113656289756878,5.1082865011261284e+19,0.0859665009023868,3.625177284252658e+18,11.006912408304913,-17.65976737235779
4.466835921509617e+19,4096,power,3.6420148150141765e-21,0.16268282602375525,1.2141534336043585,5.42342417144819e+19,0.08412588575829551,3.7577652843396864e+18,10.74779426046273,-17.300915981432418
4.731512589614812e+19,4096,power,3.4039691381878356e-21,0.16105922831996025,1.2168853008326364,5.757708121006827e+19,0.08231767701130467,3.8948712512683387e+18,10.494332021637165,-16.94756588881019
5.011872336272715e+19,4096,power,3.181557057295698e-21,0.15945557801733534,1.21956203352128,6.1122892181738004e+19,0.0805415777427467,4.036641054086304e+18,10.246419487792657,-16.599702146420903
5.308844442309901e+19,4096,power,2.9737459996163164e-21,0.1578715492290438,1.22218443657102,6.4883870535677166e+19,0.07879728323940527,4.183225191946357e+18,10.003951850048743,-16.257307008722123
5.6234132519034905e+19,4096,power,2.7795720360097963e-21,0.15630682221917855,1.224753316240075,6.887294028857184e+19,0.07708448142430395,4.334778943575393e+18,9.766825693637248,-15.920360022837588
5.956621435290085e+19,4096,power,2.5981352850047763e-21,0.15476108330442964,1.2272694794860932,7.310379688384168e+19,0.0754028532848612,4.491462521586376e+18,9.53493899656177,-15.588838120030225
6.309573444801943e+19,4096,power,2.4285956268956555e-21,0.15323402475622955,1.2297337333324925,7.75909530801185e+19,0.0737520732979303,4.653441231797075e+18,9.30819112762833,-15.262715708049534
6.683439175686135e+19,4096,power,2.2701687067890054e-21,0.1517253447037037,1.2321468842591108,8.234978756456951e+19,0.07213180985051006,4.82088563768042e+18,9.086482844695887,-14.941964764738424
7.0794578438414025e+19,4096,power,2.1221222069667947e-21,0.15023474703701103,1.2345097376170944,8.73965964527193e+19,0.07054172565624697,4.99397173015226e+18,8.869716291955122,-14.626554931838754
7.498942093324558e+19,4096,power,1.9837723702900473e-21,0.14876194131142267,1.236823097067806,9.274864784597816e+19,0.06898147816656651,5.172881102830146e+18,8.65779499713013,-14.31645360942364
7.94328234724279e+19,4096,power,1.8544807576070613e-21,0.14730664265201604,1.2390877640456528,9.842423962828372e+19,0.06745071997610279,5.357801132949938e+18,8.450623868214112,-14.0116260504778
8.413951416451965e+19,4096,power,1.7336512232982064e-21,0.14586857165903624,1.2413045372444875,1.0444276069396506e+20,0.06594909922185851,5.548925168114876e+18,8.248109189815867,-13.712035455486893
8.91250938133744e+19,4096,power,1.6207270941717194e-21,0.1444474543139322,1.24347421212737,1.1082475581036369e+20,0.06447625997561635,5.746452719062324e+18,8.050158619086933,-13.417643066826134
9.440608762859264e+19,4096,power,1.5151885379346586e-21,0.14304302188609855,1.2455975804594148,1.175919943308145e+20,0.06303184262912359,5.950589658636704e+18,7.8566811812536,-13.128408262785529
1e+20,4096,power,1.4165501084033728e-21,0.14165501084033727,1.2476754298633206,1.2476754298633206e+20,0.061615484271653274,6.161548427165327e+18,7.667587264725362,-12.844288651039037
1.0592537251772853e+20,4096,power,1.3243584554926138e-21,0.14028316274505873,1.249708543397261,1.323758429979428e+20,0.06022681905954059,6.37954824443967e+18,7.482788615792124,-12.565240161401858
1.1220184543019654e+20,4096,power,1.238190188838557e-21,0.13892722418124964,1.251697699154785,1.4044279176589784e+20,0.0588654785773463,6.604815328509955e+18,7.302198332909282,-12.291217137719135
1.1885022274370165e+20,4096,power,1.1576498846697846e-21,0.13758694665222443,1.2536436698862163,1.489958294072084e+20,0.05753109219033168,6.837583121509354e+18,7.125730860574397,-12.022172428741273
1.2589254117941713e+20,4096,power,1.0823682262476674e-21,0.13626208649417715,1.2555472226412598,1.580640304290676e+20,0.05622328738796162,7.078092522731162e+18,6.95330198278028,-11.758057477833772
1.333521432163324e+20,4096,power,1.012000268856862e-21,0.13495240478756718,1.2574091184322003,1.6767820084269305e+20,0.05494169011817886,7.326592129186742e+18,6.7848288160789805,-11.498822411417276
1.4125375446227496e+20,4096,power,9.462238209395042e-22,0.13365766726934436,1.2592301119174132,1.778709810402853e+20,0.053685925112237534,7.583338483884082e+18,6.620229802233291,-11.24441612599668
1.496235656094436e+20,4096,power,8.847379335390541e-22,0.1323776442460442,1.2610109511045318,1.8867695477681576e+20,0.052455616199906185,7.848596332070455e+18,6.459424700472649,-10.994786373677734
1.5848931924611108e+20,4096,power,8.27261490751781e-22,0.1311121105077728,1.2627523770729023,2.0013276461869285e+20,0.051250386614877526,8.122638885691942e+18,6.302334579369373,-10.749879846077148
1.678804018122566e+20,4096,power,7.735318943798905e-22,0.12986084524309205,1.2644551237147637,2.1227723424280114e+20,0.050069859290266014,8.405748096333007e+18,6.148881808322737,-10.50964225651847
1.778279410038923e+20,4096,power,7.233038364427795e-22,0.12862363195483556,1.2661199174946451,2.2515149799209075e+20,0.04891365714408821,8.698214936903534e+18,5.998990048676522,-10.274018420443731
1.8836490894897945e+20,4096,power,6.763481536328671e-22,0.12740025837686536,1.2677474772264838,2.3879913811806503e+20,0.04778140335465112,9.00033969235332e+18,5.852584244472903,-10.04295233396071
1.995262314968883e+20,4096,power,6.324507582039715e-22,0.12619051639178813,1.2693385138679059,2.5326633016592394e+20,0.04667272162581263,9.312432259701715e+18,5.709590612845661,-9.816387250454406
2.1134890398366433e+20,4096,power,5.914116401536426e-22,0.12499420194965365,1.2708937303311607,2.686019969852015e+20,0.045587236442078745,9.634812457677505e+18,5.569936634083006,-9.594265755219633
2.238721138568347e+20,4096,power,5.530439359089569e-22,0.12381111498764198,1.2724138213101728,2.8485797187736112e+20,0.04452457331355013,9.967810346278078e+18,5.433551041346951,-9.376529838044668
2.3713737056616553e+20,4096,power,5.171730590499318e-22,0.12264105935076108,1.2738994731231732,3.0208917142205294e+20,0.04348435901074239,1.0311766556562598e+19,5.300363810077058,-9.163120963716874
2.5118864315095718e+20,4096,power,4.8363588890664625e-22,0.12148384271356753,1.2753513635703766,3.20353778555966e+20,0.042466221789317464,1.0667032631006267e+19,5.170306147088133,-8.953980140411144
2.660725059798814e+20,4096,power,4.5228001314807e-22,0.1203392765029207,1.27677016180618,3.3971343651210894e+20,0.04146979160480531,1.1033971374753995e+19,5.0433104793664585,-8.749047985927882
2.818382931264449e+20,4096,power,4.2296302074291485e-22,0.11920717582178823,1.2781565282253315,3.6023345426345014e+20,0.04049470031738839,1.141295721811965e+19,4.919310442592417,-8.548264791769277
2.9853826189179696e+20,4096,power,3.9555184191735587e-22,0.11808735937410625,1.2795111143625577,3.819830241530342e+20,0.03954058188685981,1.1804376590693399e+19,4.798240869382098,-8.35157058502226
3.1622776601683794e+20,4096,power,3.699221319625808e-22,0.11697964939071284,1.2808345628051478,4.050354524330252e+20,0.03860707255786951,1.2208628307425044e+19,4.680037777285717,-8.158905188058597
3.3496543915782655e+20,4096,power,3.4595769595726705e-22,0.1158838715563558,1.282127507117943,4.2946840347809114e+20,0.03769381103559371,1.2626123967069776e+19,4.56463835653218,-7.970208276028446
3.54813389233576e+20,4096,power,3.2354995166830297e-22,0.1147998549377903,1.2833905717801977,4.5536415848374895e+20,0.036800438651973306,1.305728836338894e+19,4.451980957553947,-7.785419432165563
3.7583740428844355e+20,4096,power,3.0259742807739534e-22,0.11372743191296725,1.2846243721339168,4.828098895084828e+20,0.03592659952268587,1.3502559909516691e+19,4.3420050782916775,-7.604478200899623
3.9810717055349857e+20,4096,power,2.8300529715322386e-22,0.11266643810132203,1.2858295143430407,5.1189794976928714e+20,0.03507194069501504,1.396239107591254e+19,4.234651351301055,-7.427324138793634
4.216965034285823e+20,4096,power,2.6468493664916254e-22,0.11161671229516766,1.2870065953630812,5.4272618115413554e+20,0.034236112286808534,1.4437248842335482e+19,4.129861530672918,-7.253896863320797
4.466835921509617e+20,4096,power,2.475535218558546e-22,0.11057809639219475,1.288156202920684,5.753982399721542e+20,0.03341876761670836,1.4927615164289524e+19,4.027578478777927,-7.084136099498051
4.7315125896148124e+20,4096,power,2.315336443773536e-22,0.10955043532908475,1.2892789155026863,6.100239420225892e+20,0.032619563325856485,1.5433987454402759e+19,3.9277461528574698,-6.91798172440733
5.0118723362727146e+20,4096,power,2.1655295612926365e-22,0.10853357701623353,1.2903753023541364,6.467196281278236e+20,0.03183815949128491,1.595687907922094e+19,3.8303095914621776,-6.7553738096216005
5.308844442309901e+20,4096,power,2.025438368783789e-22,0.10752737227359051,1.2914459234849698,6.85608551343696e+20,0.031074219731195885,1.6496819871907594e+19,3.735214900767425,-6.5962526615794275
5.6234132519034906e+20,4096,power,1.8944308375620586e-22,0.10653167476761109,1.2924913296847145,7.268212871319387e+20,0.030327411302359702,1.7054356661361725e+19,3.642409240762934,-6.440558859928092
5.956621435290085e+20,4096,power,1.7719162128385534e-22,0.10554634094932155,1.2935120625449732,7.704961678561676e+20,0.029597405189845022,1.7630053818279686e+19,3.5518408113459854,-6.288233293885592
6.309573444801943e+20,4096,power,1.6573423054397386e-22,0.10457122999349407,1.2945086544891016,8.16779743043073e+20,0.02888387618931458,1.8224493818704642e+19,3.4634588383127163,-6.139217196643787
6.683439175686135e+20,4096,power,1.550192962267746e-22,0.10360620373893194,1.2954816288088928,8.658272669363039e+20,0.028186502982110367,1.8838277825623052e+19,3.377213559283465,-5.993452177874159
7.079457843841402e+20,4096,power,1.4499857036249393e-22,0.1026511266298547,1.2964314997076314,9.178032149608264e+20,0.027504968203363508,1.9472026289191014e+19,3.2930562095473848,-5.850880254354507
7.498942093324558e+20,4096,power,1.3562695163218538e-22,0.10170586565838888,1.2973587723492879,9.728818308113948e+20,0.026838958503357387,2.0126379566181777e+19,3.2109390078678635,-5.711443878787148
7.943282347242789e+20,4096,power,1.2686227922280148e-22,0.10077029030814647,1.2982639429134828,1.0312477059806488e+21,0.026188164602382265,2.0801998559279153e+19,3.1308151422347885,-5.575085966830851
8.413951416451965e+20,4096,power,1.1866514026176735e-22,0.09984427249889684,1.299147498655766,1.093096393649471e+21,0.02555228133930904,2.149956537684584e+19,3.052638755593984,-5.441749922410855
8.91250938133744e+20,4096,power,1.1099868993066008e-22,0.09892768653231737,1.3000099179729825,1.1586350589765924e+21,0.02493100771412006,2.221978401382911e+19,2.976364931552067,-5.311379661342275
9.440608762859264e+20,4096,power,1.0382848341776911e-22,0.0980204090388179,1.3008516704733082,1.2280831679450424e+21,0.02432404692462344,2.296338105448e+19,2.9019496800804845,-5.183919633327838
1e+21,4096,power,9.712231892543137e-23,0.09712231892543137,1.301673217050612,1.301673217050612e+21,0.023731106397586053,2.373110639758605e+19,2.829349923213509,-5.059314842364526
1.0592537251772854e+21,4096,power,9.08500910002982e-23,0.09623329732476124,1.302475009962984,1.3796515062536127e+21,0.023151897814506668,2.4523734004940042e+19,2.7585234807720793,-4.937510865628703
1.1220184543019653e+21,4096,power,8.498365350353898e-23,0.0953532275449746,1.3032574929149234,1.4622789577578567e+21,0.022586137132261253,2.5342062673791996e+19,2.6894290560978806,-4.818453870866257
1.1885022274370166e+21,4096,power,7.949669158347545e-23,0.0944819950208341,1.3040211011430303,1.5498319833333626e+21,0.02203354459883796,2.618691683405176e+19,2.622026221827123,-4.7020906323564144
1.2589254117941712e+21,4096,power,7.43646020555995e-23,0.09361948726575527,1.3047662615049145,1.6426034030602158e+21,0.021493844764380834,2.7059147371038134e+19,2.5562754057101955,-4.588368545496402
1.333521432163324e+21,4096,power,6.956438163456341e-23,0.09276559382487903,1.3054933925710062,1.7409034185410447e+21,0.02096676648776245,2.7959632474594968e+19,2.4921378764699575,-4.4772356400419095
1.4125375446227498e+21,4096,power,6.507452249964711e-23,0.09192020622914941,1.3062029047190393,1.8450606438109353e+21,0.020452042938889324,2.888927851541777e+19,2.429575729736455,-4.368640592080775
1.4962356560944358e+21,4096,power,6.087491470971395e-23,0.09108321795038167,1.3068952002309613,1.9554231973642413e+21,0.019949411596954774,2.984902094946757e+19,2.3685518740365286,-4.262532734761404
1.584893192461111e+21,4096,power,5.694675501581114e-23,0.09025452435730971,1.307570673392051,2.0723598589208523e+21,0.019458614244839172,3.0839825251372405e+19,2.309030016857627,-4.1588620678355
1.678804018122566e+21,4096,power,5.327246164958423e-23,0.08943402267260231,1.3082297105919818,2.1962612947691404e+21,0.018979396959852478,3.186268787774355e+19,2.2509746508109663,-4.057579266080169
1.7782794100389228e+21,4096,power,4.983559469368811e-23,0.08862161193083057,1.3088726904276549,2.3275413557497477e+21,0.01851151010102055,3.2918637261372387e+19,2.194351039863629,-3.9586356866120997
1.8836490894897945e+21,4096,power,4.662078166648452e-23,0.08781719293737607,1.3094999838075578,2.466638452186007e+21,0.018054708293096803,3.4008734837295632e+19,2.139125205680137,-3.8619833751723176
1.995262314968883e+21,4096,power,4.3613647977722037e-23,0.08702066822826761,1.3101119540575172,2.6140170103212086e+21,0.017608750407485697,3.513407610174917e+19,2.0852639140668705,-3.7675750714158185
2.1134890398366433e+21,4096,power,4.0800751934626775e-23,0.0862319420309274,1.3107089570275745,2.7701690150934964e+21,0.01717339954025925,3.629579170507357e+19,2.032734661514013,-3.675364213240506
2.238721138568347e+21,4096,power,3.8169523999073984e-23,0.08545092022581875,1.3112913411998812,2.9356156443658127e+21,0.016748422987433766,3.749504857965199e+19,1.9815056618690985,-3.585304940226597
2.3713737056616553e+21,4096,power,3.5708210016332724e-23,0.08467751030897556,1.31185944779743,3.1109090000306443e+21,0.01633359221768271,3.873305110401262e+19,1.931545833111059,-3.497352096196027
2.5118864315095717e+21,4096,power,3.340581815435622e-23,0.0839116213554035,1.312413610893384,3.296633941731574e+21,0.015928682842641345,4.001104230425011e+19,1.8828247842659351,-3.4114612309677717
2.660725059798814e+21,4096,power,3.1252069309867974e-23,0.08315316398333514,1.312954157521029,3.4934100292832414e+21,0.015533474584966319,4.133030509396786e+19,1.8353128024402476,-3.3275886013242384
2.818382931264449e+21,4096,power,2.9237350753595833e-23,0.08240205031932628,1.3134814077839863,3.7018935802315863e+21,0.0151477512442999,4.269216355397466e+19,1.7889808399907725,-3.245691171241971
2.9853826189179696e+21,4096,power,2.735267280204541e-23,0.08165819396417665,1.3139956749667174,3.922779849379024e+21,0.014771300661286017,4.409798425301479e+19,1.7438005018328262,-3.1657266114247573
3.1622776601683794e+21,4096,power,2.5589628317253957e-23,0.08092150995966435,1.3144972656451601,4.1568053375021094e+21,0.014403914679780324,4.5549177610840695e+19,1.6997440328918811,-3.0876532981777505
3.3496543915782654e+21,4096,power,2.3940354849052646e-23,0.08019191475607122,1.3149864797972888,4.4047502369190324e+21,0.014045389107392213,4.704719930500186e+19,1.6567843056881415,-3.0114303116472563
3.5481338923357606e+21,4096,power,2.2397499246619334e-23,0.07946932618049472,1.3154636109135895,4.667441022016889e+21,0.013695523674486534,4.859355172273246e+19,1.6148948080844105,-2.9370174334871546
3.7583740428844353e+21,4096,power,2.0954184577509807e-23,0.07875366340592221,1.3159289461073063,4.945753193329971e+21,0.013354121991775882,5.018978545940267e+19,1.5740496311723584,-2.864375143961062
3.9810717055349854e+21,4096,power,1.9603979203024286e-23,0.07804484692105627,1.3163827662243266,5.240614184269542e+21,0.013020991506621359,5.183750086502165e+19,1.5342234573114233,-2.793464618524455
4.2169650342858226e+21,4096,power,1.8340867868727324e-23,0.07734279850087947,1.3168253459526795,5.553006440143782e+21,0.012695943458158887,5.353834964032586e+19,1.495391548331737,-2.7242477239283858
4.4668359215096167e+21,4096,power,1.7159224678222006e-23,0.07664744117793636,1.3172569539314631,5.883970679679398e+21,0.012378792831363663,5.529403648406095e+19,1.457529733882268,-2.6566870138555077
4.731512589614812e+21,4096,power,1.6053787826972507e-23,0.07595869921432544,1.3176778528592337,6.234609349860078e+21,0.012069358310157367,5.710632079308174e+19,1.420614399947473,-2.5907457241400533
5.011872336272714e+21,4096,power,1.5019635981064095e-23,0.07527649807438143,1.318088299601711,6.606090285538557e+21,0.011767462229662238,5.897701841697821e+19,1.384622477514763,-2.5263877675818724
5.308844442309901e+21,4096,power,1.405216619336013e-23,0.074600764398035,1.3184885452987052,6.999650585958297e+21,0.011472930527696847,6.0908003468971e+19,1.3495314314115436,-2.4635777283992133
5.623413251903491e+21,4096,power,1.3147073256586802e-23,0.0739314259748362,1.3188788354702456,7.416600721038423e+21,0.01118559269560885,6.290121019488169e+19,1.3153192492987298,-2.4022808563340603
5.956621435290085e+21,4096,power,1.2300330399468676e-23,0.07326841171862537,1.3192594101218709,7.85832888104009e+21,0.010905281728531014,6.4958634902045155e+19,1.2819644308284195,-2.3424630604413577
6.309573444801943e+21,4096,power,1.1508171238209423e-23,0.07261165164283967,1.3196305038489635,8.326305584036029e+21,0.01063183407514583,6.708233795008056e+19,1.2494459769708088,-2.284090902592606
6.683439175686135e+21,4096,power,1.076707290136303e-23,0.07196107683643825,1.3199923459400906,8.822088556461847e+21,0.010365089587039173,6.927444580551404e+19,1.217743379495806,-2.2271315907012923
7.079457843841402e+21,4096,power,1.0073740251518788e-23,0.07131661944043555,1.3203451604793637,9.347327902933667e+21,0.010104891467716667,7.153715316229281e+19,1.1868366106294381,-2.1715529717135973
7.498942093324559e+21,4096,power,9.425091132246802e-24,0.07067821262502556,1.3206891664476523,9.903771582472024e+21,0.009851086221358163,7.38727251303123e+19,1.1567061128682,-2.117323524368442
7.943282347242789e+21,4096,power,8.81824257343682e-24,0.07004579056728552,1.3210245778227707,1.0493271209293474e+22,0.009603523601375402,7.628349949413473e+19,1.127332788958979,-2.064412351755851
8.413951416451964e+21,4096,power,8.250497892548927e-24,0.06941928842944599,1.3213516036784707,1.1117788197401544e+22,0.009362056558839113,7.877188904414775e+19,1.098697992050468,-2.012789173698759
8.912509381337441e+21,4096,power,7.719334633383273e-24,0.06879864233771144,1.3216704482822246,1.1779400269351788e+22,0.009126541190836935,8.134038398249676e+19,1.0707835159969648,-1.9624243189593327
9.440608762859265e+21,4096,power,7.222393287800085e-24,0.06818378936162142,1.321981311191874,1.2480308350774185e+22,0.008896836688817583,8.399155440617908e+19,1.0435715858361228,-1.9132887173090363
1e+22,4096,power,6.757466749393777e-24,0.06757466749393777,1.3222843873509447,1.3222843873509446e+22,0.008672805286978046,8.672805286978046e+19,1.0170448484270622,-1.86535389146677
1.0592537251772853e+22,4096,power,6.3224904514577685e-24,0.06697121563104458,1.3225798671828242,1.4009476511578859e+22,0.00845431221074294,8.955261703041271e+19,0.9911863632479978,-1.818591948921433
1.1220184543019653e+22,4096,power,5.91553314469709e-24,0.06637337355385073,1.3228679366835352,1.4842822375632903e+22,0.008241225625384655,9.246807237747838e+19,0.965979593360955,-1.7729755736625608
1.1885022274370165e+22,4096,power,5.5347882730548726e-24,0.06578108190917994,1.3231487775132662,1.5725652693050823e+22,0.00803341658482989,9.547733504999793e+19,0.9414083965317843,-1.7284780178227876
1.2589254117941714e+22,4096,power,5.178565908740059e-24,0.06519428219163836,1.32342256708664,1.6660903002472477e+22,0.007830758980692859,9.858341474429662e+19,0.9174570165135343,-1.6850730932553626
1.3335214321633241e+22,4096,power,4.845285210086769e-24,0.06461291672594681,1.32368947866152,1.765168289324234e+22,0.00763312949157687,1.0178941771495694e+20,0.8941100744862762,-1.6427351630539655
1.4125375446227496e+22,4096,power,4.5334673682482206e-24,0.064036928649727,1.3239496814266392,1.8701286322064564e+22,0.007440407532678395,1.050985498720215e+20,0.8713525606600658,-1.6014391330347988
1.4962356560944358e+22,4096,power,4.2417290109495054e-24,0.06346626189672835,1.3242033405877454,1.981320254106749e+22,0.007252475205730433,1.0851411997754702e+20,0.849169826022278,-1.5611604431760462
1.584893192461111e+22,4096,power,3.9687760335957484e-24,0.06290086118048711,1.324450617452497,2.0991127673513777e+22,0.007069217249314777,1.1203954294467651e+20,0.8275475742538507,-1.5218750590509922
1.6788040181225657e+22,4096,power,3.713397829969446e-24,0.06234067197840323,1.3246916695139483,2.2238976975535065e+22,0.0068905209895737595,1.1567834324254305e+20,0.8064718537867721,-1.483559463238937
1.7782794100389228e+22,4096,power,3.474461896563023e-24,0.06178564051622809,1.3249266505326724,2.356089782454087e+22,0.006716276291348385,1.194341584103741e+20,0.78592905002004,-1.4461906467434615
1.8836490894897943e+22,4096,power,3.250908786282237e-24,0.06123571375294908,1.3251557106175742,2.496128347736995e+22,0.006546375509767656,1.2331074268432133e+20,0.7659058776860572,-1.4097461004192513
1.995262314968883e+22,4096,power,3.0417473888394196e-24,0.06069083936606295,1.3253789963052527,2.644478764379153e+22,0.006380713442312641,1.2731197074061789e+20,0.7463893733606897,-1.3742038064125661
2.1134890398366432e+22,4096,power,2.846050516631775e-24,0.060150965737226725,1.32559665063814,2.8016339923678727e+22,0.006219187281376222,1.3144184155880096e+20,0.7273668881253803,-1.3395422296322068
2.238721138568347e+22,4096,power,2.6629507762811586e-24,0.05961604193827619,1.3258088132411496,2.9681162159031755e+22,0.006061696567337344,1.35704482408853e+20,0.708826080370506,-1.3057403092503361
2.371373705661655e+22,4096,power,2.491636707303268e-24,0.05908601771760356,1.326015620397056,3.144478575506205e+22,0.005908143142168049,1.4010415296622541e+20,0.6907549087452836,-1.2727774502470979
2.511886431509572e+22,4096,power,2.3313491705789256e-24,0.05856084348688297,1.3262172051204886,3.331307002776702e+22,0.005758431103588327,1.4464524955886207e+20,0.673141625247875,-1.2406335150004777
2.660725059798814e+22,4096,power,2.1813779704289984e-24,0.05804047030813512,1.3264136972306715,3.529222163882044e+22,0.005612466759784056,1.4933230955045287e+20,0.6559747684518946,-1.2092888149266678
2.8183829312644493e+22,4096,power,2.0410586951474314e-24,0.0575248498811241,1.326605223422687,3.7388815182207623e+22,0.005470158584699474,1.5417001586426695e+20,0.6392431568790213,-1.1787241021872674
2.9853826189179694e+22,4096,power,1.9097697618316488e-24,0.057013934531073146,1.3267919073376047,3.960981499086706e+22,0.005331417173916706,1.5916320165211695e+20,0.6229358824990427,-1.1489205614520048
3.1622776601683792e+22,4096,power,1.7869296522711605e-24,0.0565076771966954,1.326973869631096,4.196259823561602e+22,0.005196155201131644,1.643168551130633e+20,0.6070423043673223,-1.1198598017343686
3.3496543915782655e+22,4096,power,1.6719943275144692e-24,0.056006031418527905,1.3271512280409645,4.445497939295905e+22,0.0050642873752347805,1.696361244666955e+20,0.591552042397625,-1.0915238483032108
3.5481338923357603e+22,4096,power,1.5644548095398918e-24,0.05550895132756177,1.3273240974532114,4.709523616287713e+22,0.004935730398005028,1.751263230859351e+20,0.5764549712588662,-1.0638951346666037
3.7583740428844353e+22,4096,power,1.4638349192071756e-24,0.05501639163416083,1.3274925899669157,4.9892136922530865e+22,0.004810402922422356,1.8079293479447613e+20,0.5617412144033107,-1.0369564946397292
3.981071705534985e+22,4096,power,1.3696891603697597e-24,0.05452830761726021,1.3276568149578574,5.285496980689423e+22,0.004688225511604216,1.8664161933414826e+20,0.5474011382229582,-1.0106911544997321
4.2169650342858225e+22,4096,power,1.2816007406850665e-24,0.05404465511383737,1.327816879140819,5.599357351271357e+22,0.004569120598370944,1.9267821800765388e+20,0.5334253463247007,-0.9850827252231853
4.466835921509617e+22,4096,power,1.1991797202737916e-24,0.05356539050864826,1.3279728866307583,5.931836992793089e+22,0.004453012445442077,1.989087595023005e+20,0.519804673934976,-0.9601151948213427
4.7315125896148125e+22,4096,power,1.1220612799540938e-24,0.05309047072422106,1.328124939002666,6.284039869472519e+22,0.004339827106267003,2.0533946590053948e+20,0.5065301824177304,-0.9357729207618903
5.011872336272714e+22,4096,power,1.0499041013130407e-24,0.052619853211100936,1.328273135350267,6.657135382076226e+22,0.004229492386490827,2.1197675888329438e+20,0.4935931539137739,-0.9120406224893407
5.308844442309901e+22,4096,power,9.823888513795988e-25,0.05215349593833791,1.3284175723435199,7.052362246002706e+22,0.0041219378060560275,2.188272661322761e+20,0.4809850860992171,-0.8889033740458574
5.623413251903491e+22,4096,power,9.192167651330755e-25,0.051691357384211954,1.32855834428495,7.4710325991789484e+22,0.004017094561940513,2.2589782793765726e+20,0.4686976870497128,-0.8663465967828077
5.9566214352900855e+22,4096,power,8.601083195191078e-25,0.051233396527188516,1.3286955431647935,7.914536353389812e+22,0.00391489549153022,2.3319550401769423e+20,0.4567228702297754,-0.844356052186257
6.309573444801943e+22,4096,power,8.048019930559875e-25,0.05077957283709736,1.3288292587150463,8.384345803464307e+22,0.003815275036625931,2.4072758055710733e+20,0.44505274957673535,-0.8229178347888388
6.683439175686135e+22,4096,power,7.530531054973459e-25,0.05032984626653065,1.3289595784623267,8.882020509598446e+22,0.0037181692080812388,2.4850157747120043e+20,0.43367963471030446,-0.8020183652019175
7.079457843841402e+22,4096,power,7.046327323757643e-25,0.049884177242450034,1.3290865877797038,9.409212469001428e+22,0.003623515551069907,2.5652525590303153e+20,0.4225960262320472,-0.7816443832362241
7.498942093324558e+22,4096,power,6.593266895875267e-25,0.04944252665800239,1.3292103699373379,9.967671594006611e+22,0.0035312531109786723,2.6480662596101263e+20,0.4117946111428461,-0.7617829411404875
7.94328234724279e+22,4096,power,6.169345834917091e-25,0.04900485586453276,1.329331006152148,1.0559251514810852e+23,0.0034413223999224577,2.7335395470475248e+20,0.40126825835256064,-0.7424213969356885
8.413951416451964e+22,4096,power,5.772689222904465e-25,0.04857112666379401,1.3294485756363128,1.11859157260752e+23,0.0033536653638772977,2.821757743870128e+20,0.39101001430092985,-0.7235474078656767
8.91250938133744e+22,4096,power,5.401542847309654e-25,0.04814130130034344,1.3295631556448155,1.184974409776503e+23,0.003268225350427184,2.912808909600712e+20,0.38101309866367394,-0.7051489239411124
9.440608762859264e+22,4096,power,5.054265424264043e-25,0.04771534245412372,1.329674821521945,1.2552939771813402e+23,0.0031849470771189783,3.006783928549243e+20,0.37127090016904063,-0.6872141816028132
1e+23,4096,power,4.72932132332229e-25,0.0472932132332229,1.3297836467467028,1.3297836467467026e+23,0.0031037766004208024,3.103776600420802e+20,0.36177697249977214,-0.6697316974828338
1.0592537251772854e+23,4096,power,4.425273761389038e-25,0.04687487716680636,1.3298897029773646,1.4086906219536872e+23,0.0030246612852779463,3.2038837338301805e+20,0.35252503029450377,-0.6526902622774666
1.1220184543019653e+23,4096,power,4.140778435513594e-25,0.04646029819821873,1.3299930600949403,1.4922767575200658e+23,0.002947549775260431,3.307205242815814e+20,0.3435089452381135,-0.6360789347245821
1.1885022274370166e+23,4096,power,3.87457756621568e-25,0.0460494406782483,1.3300937862457403,1.5808194276531972e+23,0.0028723919632962203,3.413844246449743e+20,0.3347227422368704,-0.6198870356818875
1.2589254117941714e+23,4096,power,3.6254943248388068e-25,0.045642269358551264,1.3301919478829918,1.6746124457538864e+23,0.0027991389629830987,3.5239071716426075e+20,0.3261605956904834,-0.6041041423196281
1.3335214321633241e+23,4096,power,3.3924276201426966e-25,0.04523874938523106,1.3302876098074792,1.773967038619595e+23,0.002727743080473119,3.637503859246111e+20,0.31781682584588467,-0.5887200824141292
1.4125375446227497e+23,4096,power,3.174347220947109e-25,0.044838846292566785,1.3303808352073974,1.87921287837702e+23,0.00265815778692237,3.754747673559167e+20,0.3096858952314152,-0.5737249287418922
1.4962356560944359e+23,4096,power,2.970289193140534e-25,0.044442525996888395,1.3304716856971637,1.9906991755641658e+23,0.0025903376914992214,3.875755615346484e+20,0.3017624051787182,-0.5591089935820359
1.584893192461111e+23,4096,power,2.779351630767728e-25,0.044049754790594586,1.3305602213554562,2.1087958369858113e+23,0.0025242385149434935,4.000648438482087e+20,0.2940410924258563,-0.5448628233222674
1.6788040181225658e+23,4096,power,2.6006906622211463e-25,0.04366049933630697,1.330646500762391,2.233894692180634e+23,0.00245981706366955,4.129550770334892e+20,0.28651682579536875,-0.5309771931627738
1.7782794100389228e+23,4096,power,2.4335167137886647e-25,0.04327472666115965,1.3307305810357886,2.366410792565075e+23,0.0023970312044056565,4.262591236015379e+20,0.27918460295210945,-0.5174431019230763
1.8836490894897944e+23,4096,power,2.277091013955053e-25,0.04289240415121828,1.3308125178666828,2.5067837875611976e+23,0.002335839839361857,4.3999025866079496e+20,0.27203954723444834,-0.504251766946906
1.9952623149688827e+23,4096,power,2.130722322928794e-25,0.0425134995460278,1.3308923655540017,2.65547938226969e+23,0.002276202881918612,4.541621831515773e+20,0.2650769045769552,-0.4913946191231755
2.1134890398366435e+23,4096,power,1.9937638728676241e-25,0.04213798093327983,1.330970177038427,2.8129908815201524e+23,0.002218081232829249,4.687890375051968e+20,0.25829204047513876,-0.4788632979746188
2.238721138568347e+23,4096,power,1.8656105052150942e-25,0.04176581674360205,1.3310460039355232,2.979840825417383e+23,0.0021614367569271174,4.838854157411352e+20,0.25168043704235643,-0.46664964686436994
2.371373705661655e+23,4096,power,1.7456959924379804e-25,0.04139697574546354,1.3311198965680564,3.156582721804551e+23,0.002106232260330532,4.994663800164138e+20,0.24523769013411467,-0.454745708296167
2.5118864315095718e+23,4096,power,1.6334905322743413e-25,0.041031427040192664,1.3311919039976028,3.343802881386971e+23,0.0020524314681370512,5.155474756416729e+20,0.23895950653476383,-0.44314371930357366
2.660725059798814e+23,4096,power,1.5284984033708445e-25,0.04066914005711282,1.3312620740553958,3.542122361598936e+23,0.0019999990025980955,5.321447465785385e+20,0.2328417012849915,-0.431836107006478
2.818382931264449e+23,4096,power,1.4302557719033003e-25,0.04031008454874721,1.3313304533724832,3.7521990256575674e+23,0.001948900361773865,5.492747514358571e+20,0.22688019473584564,-0.42081548392381984
2.9853826189179693e+23,4096,power,1.338328639452038e-25,0.039954230586202476,1.3313970874091634,3.9747297236293245e+23,0.001899101898640425,5.66954579975524e+20,0.22107101033324028,-0.41007464403860494
3.162277660168379e+23,4096,power,1.2523109230221646e-25,0.03960154855457834,1.331462020483723,4.2104526027383303e+23,0.0018505708006680704,5.85201870151255e+20,0.2154102718019857,-0.39960655829544
3.3496543915782654e+23,4096,power,1.1718226586957825e-25,0.039252009148512464,1.3315252958005381,4.4601495545758215e+23,0.0018032750698425476,6.040348256921692e+20,0.20989420072050624,-0.3894043705137351
3.5481338923357603e+23,4096,power,1.0965083209473258e-25,0.03890558336781384,1.3315869554774995,4.724648807321905e+23,0.0017571835031295023,6.234722342507067e+20,0.20451911409073986,-0.3794613933237545
3.758374042884436e+23,4096,power,1.0260352501687956e-25,0.0385622425131884,1.3316470405727303,5.004827671572427e+23,0.001712265673372965,6.435334861326991e+20,0.1992814219645478,-0.3697711041874219
3.9810717055349855e+23,4096,power,9.600921814323112e-26,0.03822195818205536,1.3317055911108229,5.3016154488740395e+23,0.0016684919106196552,6.642385936281917e+20,0.19417762513189718,-0.3603271415077991
4.2169650342858225e+23,4096,power,8.983878679673905e-26,0.03788470226445074,1.331762646108274,5.615996512606556e+23,0.0016258332838618864,6.856082109623671e+20,0.18920431285915917,-0.351123300816758
4.466835921509616e+23,4096,power,8.406497932506435e-26,0.03755044693901607,1.3318182435984496,5.949013571427399e+23,0.0015842615831907643,7.076636548864201e+20,0.18435816068254063,-0.3421535310450863
4.731512589614813e+23,4096,power,7.866229659995657e-26,0.0372191646690709,1.3318724206558994,6.301771126094144e+23,0.001543749302352228,7.304269259288651e+20,0.17963592826037988,-0.3334119308786243
5.011872336272715e+23,4096,power,7.360687927298716e-26,0.036890828198764984,1.331925213420089,6.675439131124276e+23,0.001504269621698412,7.539207303285693e+20,0.1750344572700513,-0.3248927451866668
5.308844442309901e+23,4096,power,6.887640228802727e-26,0.03656541054930945,1.3319766571186136,7.071256873430672e+23,0.0014657963915264,7.781685026712836e+20,0.1705506693619796,-0.3165903615339083
5.623413251903491e+23,4096,power,6.444997618308874e-26,0.036242885015284554,1.332026786089809,7.490537080787848e+23,0.0014283041157972284,8.031944292522432e+20,0.16618156416132734,-0.30849930676762893
5.956621435290085e+23,4096,power,6.030805474424304e-26,0.0359232251610206,1.3320756338048123,7.93467027374937e+23,0.0013917679362275537,8.290234721882491e+20,0.16192421731437978,-0.30061424367594514
6.309573444801942e+23,4096,power,5.643234860256118e-26,0.0356064048170526,1.332123232889158,8.405129375441144e+23,0.0013561636167465402,8.55681394303053e+20,0.1577757785903522,-0.2929299677277064
6.683439175686135e+23,4096,power,5.280574439135358e-26,0.03529239807664409,1.3321696151437525,8.903474594510477e+23,0.0013214675283109607,8.831947848110602e+20,0.15373347002345383,-0.2854414038794939
7.079457843841402e+23,4096,power,4.9412229105665794e-26,0.034981179292379413,1.3322148115654913,9.431358597419012e+23,0.0012876566340710486,9.115910858248703e+20,0.14979458410016022,-0.2781436034532736
7.498942093324558e+23,4096,power,4.623681932907391e-26,0.03467272307282349,1.3322588523672132,9.990531987220764e+23,0.0012547084748801818,9.408986197130054e+20,0.14595648199680067,-0.2710317410904328
7.94328234724279e+23,4096,power,4.3265495014380683e-26,0.0343670042792451,1.3323017669972745,1.0582849106989827e+24,0.0012226011551413278,9.711466173352752e+20,0.14221659185194024,-0.2641011117658798
8.413951416451965e+23,4096,power,4.0485137525037155e-26,0.034063998022403896,1.3323435841586546,1.12102741871324e+24,0.0011913133289833682,1.0023652471837715e+21,0.1385724070879224,-0.25734712787659486
8.912509381337441e+23,4096,power,3.788347166298594e-26,0.03376367965939933,1.3323843318275264,1.1874887856959846e+24,0.0011608241867603975,1.0345856454585449e+21,0.13502148477331222,-0.2507653163958512
9.440608762859264e+23,4096,power,3.5449011426294665e-26,0.03346602479057756,1.3324240372714526,1.2578894042109193e+24,0.0011311134418674437,1.0678399471081692e+21,0.13156144401773595,-0.24435131608457894
1e+24,4096,power,3.3171009256498544e-26,0.033171009256498546,1.3324627270670708,1.3324627270670708e+24,0.0011021613178657688,1.1021613178657687e+21,0.12818996441732455,-0.23810087477723618
1e+19,4096,logarithmic,2.0776583559236495e-20,0.20776583559236494,1.1800562346025119,1.1800562346025118e+19,0.1063301100178172,1.063301100178172e+18,13.950745268171882,-21.574019732910166
1.0592537251772854e+19,4096,logarithmic,1.9413143182364205e-20,0.20563444233319306,1.1834499742667701,1.253573793803039e+19,0.10414927604043552,1.1032050862034872e+18,13.62855694667906,-21.159720053476683
1.1220184543019653e+19,4096,logarithmic,1.8139668180607697e-20,0.20353042453555992,1.1867799886859998,1.3315890485019693e+19,0.10200330382678624,1.1444958929342445e+18,13.31316973101937,-20.75089786078168
1.1885022274370165e+19,4096,logarithmic,1.695018489679542e-20,0.2014533250531063,1.1900470169401958,1.4143735303881996e+19,0.09989199876726292,1.1872186303802767e+18,13.004463394278742,-20.34757086609835
1.2589254117941713e+19,4096,logarithmic,1.5839119075094168e-20,0.19940269504069838,1.1932518083321508,1.5022150241786925e+19,0.09781515415744836,1.2314198322737603e+18,12.70231910106563,-19.949753204854737
1.3335214321633241e+19,4096,logarithmic,1.4801268961624508e-20,0.1973780938354007,1.196395121470645,1.5954185358167486e+19,0.09577255161051178,1.2771475018558554e+18,12.406619408669162,-19.557455499835864
1.4125375446227497e+19,4096,logarithmic,1.3831780229972216e-20,0.19537908883806446,1.1994777233751241,1.6943073182059837e+19,0.09376396147540096,1.3244511591656497e+18,12.11724826810714,-19.170684928200554
1.496235656094436e+19,4096,logarithmic,1.2926122606940996e-20,0.19340525539553483,1.2025003886024168,1.7992239578943513e+19,0.09178914325990359,1.3733818898782802e+18,11.834091025044845,-18.78944529207057
1.5848931924611109e+19,4096,logarithmic,1.2080068082452877e-20,0.1914561766834631,1.205463898395997,1.910531526325448e+19,0.08984784605767519,1.4239923957410327e+18,11.55703442055982,-18.413737092442382
1.6788040181225658e+19,4096,logarithmic,1.1289670595479919e-20,0.18953144358971868,1.2083690398582907,2.028614799489005e+19,0.08793980897833104,1.4763370466575304e+18,11.285966591717278,-18.04355760616172
1.7782794100389229e+19,4096,logarithmic,1.0551247095319936e-20,0.18763065459840433,1.2112166051463498,2.153881550028998e+19,0.08606476157974095,1.530471934471623e+18,11.020777071929434,-17.6789009657059
1.8836490894897943e+19,4096,logarithmic,9.861359884434738e-21,0.18575341567446677,1.214007390691246,2.2867639161094468e+19,0.08422242430166114,1.5864549285044713e+18,10.761356791081166,-17.319758241524184
1.9952623149688828e+19,4096,logarithmic,9.21680015551188e-21,0.18389934014892192,1.2167421964414493,2.427719851592089e+19,0.08241250889986568,1.6443457328993966e+18,10.507598075399072,-16.966117526682055
2.1134890398366433e+19,4096,logarithmic,8.61457264139663e-21,0.1820680486046838,1.2194218251303428,2.5772346623505752e+19,0.0806347188799883,1.7042059458316413e+18,10.259394647029296,-16.6179640235507
2.238721138568347e+19,4096,logarithmic,8.051881302121089e-21,0.1802591687630171,1.2220470815680724,2.7358226338322006e+19,0.07888874993026707,1.766099120641211e+18,10.016641623326583,-16.275280132307557
2.3713737056616554e+19,4096,logarithmic,7.526115978453606e-21,0.17847233537064924,1.2246187719577504,2.9040287552802763e+19,0.07717429035241585,1.8300908289481692e+18,9.779235515875495,-15.938045541032043
2.511886431509572e+19,4096,logarithmic,7.03483994621514e-21,0.17670719008739338,1.2271377032361266,3.082430546352646e+19,0.07549102149012722,1.896248725818481e+18,9.547074228879504,-15.606237316911564
2.660725059798814e+19,4096,logarithmic,6.575778310139256e-21,0.17496338137469014,1.2296046824386095,3.271639992210371e+19,0.07383861815391869,1.964642617030471e+18,9.32005705780039,-15.279829998954785
2.8183829312644493e+19,4096,logarithmic,6.146807180202694e-21,0.17324056438457033,1.232020516088651,3.472305593511872e+19,0.0722167490424506,2.0353445285265103e+18,9.098084687036124,-14.958795691140491
2.9853826189179695e+19,4096,logarithmic,5.745943577296133e-21,0.17153840084943217,1.2343860096113604,3.685114538129265e+19,0.07062507715909627,2.108428778105065e+18,8.88105918752029,-14.64310415640897
3.162277660168379e+19,4096,logarithmic,5.371336018718467e-21,0.1698565589725117,1.2367019667711499,3.910795001806705e+19,0.06906326022340077,2.183972049428557e+18,8.668884013876088,-14.332722911028828
3.3496543915782656e+19,4096,logarithmic,5.021255737366775e-21,0.16819471331908178,1.2389691891332775,4.150118585410445e+19,0.06753095107682495,2.262053468419437e+18,8.461464001180975,-14.02761731917781
3.5481338923357606e+19,4096,logarithmic,4.6940884916483056e-21,0.16655254470840603,1.24118847554903,4.403902896872069e+19,0.06602779808225367,2.342754682119464e+18,8.258705361329977,-13.72775068753398
3.758374042884435e+19,4096,logarithmic,4.388326926073884e-21,0.1649297401064693,1.2433606216642505,4.673014286407574e+19,0.06455344551677067,2.426159940089855e+18,8.060515678988267,-13.43308435968149
3.981071705534986e+19,4096,logarithmic,4.1025634452257785e-21,0.16332599251950478,1.2454864194509738,4.958370744104351e+19,0.0631075339572397,2.512356178432553e+18,7.866803907142117,-13.143577810158291
4.216965034285823e+19,4096,logarithmic,3.835483566340185e-21,0.1617410008883445,1.2475666567617618,5.260944969505212e+19,0.061689700658279834,2.6014331065152517e+18,7.67748036222804,-12.859188737957517
4.466835921509617e+19,4096,logarithmic,3.58585971811299e-21,0.1601744699836145,1.2496021169064364,5.58176762339213e+19,0.06029957992223161,2.693483296485642e+18,7.492456718855278,-12.579873159328848
4.731512589614812e+19,4096,logarithmic,3.352545455547728e-21,0.15862611030180002,1.2515935782507845,5.921930772574639e+19,0.05893680346077451,2.7886022756630845e+18,7.311646004113315,-12.305585499717896
5.011872336272715e+19,4096,logarithmic,3.1344700627198126e-21,0.1570956379622043,1.2535418138368988,6.282591539130275e+19,0.05760100074786956,2.886888621898714e+18,7.134962591461935,-12.036278684692014
5.308844442309901e+19,4096,logarithmic,2.9306335172467427e-21,0.15558277460482486,1.2554475910245968,6.6649759662222836e+19,0.05629179936373844,2.988444061998068e+18,6.962322194219817,-11.771904229725205
5.6234132519034905e+19,4096,logarithmic,2.7401017920390705e-21,0.15408724728917012,1.2573116711536019,7.070383113338089e+19,0.055008825329638585,3.09337357330334e+18,6.793641858637023,-11.512412328699462
5.956621435290085e+19,4096,logarithmic,2.5620024715673406e-21,0.15260878839404196,1.2591348092259556,7.500189394555219e+19,0.05375170343319666,3.2017854885353487e+18,6.628839956573684,-11.257751941015371
6.309573444801943e+19,4096,logarithmic,2.3955206614296205e-21,0.1511471355183072,1.2609177536081861,7.95585317424553e+19,0.052520057544124275,3.313791603998765e+18,6.4678361777788185,-11.007870877192971
6.683439175686135e+19,4096,logarithmic,2.239895171445322e-21,0.14970203138267876,1.2626612457527244,8.438919635484416e+19,0.051313510920153724,3.429507291257537e+18,6.310551521780505,-10.762715882864837
7.0794578438414025e+19,4096,logarithmic,2.0944149538444802e-21,0.14827322373253035,1.264366019938141,8.951025937337608e+19,0.050131686503058326,3.5490516123907446e+18,6.156908289394347,-10.522232721067414
7.498942093324558e+19,4096,logarithmic,1.9584157793737367e-21,0.14686046524176735,1.2660328030275527,9.493906678152995e+19,0.048974207204666054,3.6725474389426913e+18,6.006830073861047,-10.286366252749968
7.94328234724279e+19,4096,logarithmic,1.8312771353049294e-21,0.14546351341776992,1.2676623142448522,1.0069399683006076e+20,0.04784069618278503,3.8001215746852183e+18,5.860241751614148,-10.055060515418058
8.413951416451965e+19,4096,logarithmic,1.712419330419581e-21,0.1440821305074356,1.2692552649680784,1.0679452134517277e+20,0.046730777106995976,3.931904882313098e+18,5.7170694726998095,-9.828258799854972
8.91250938133744e+19,4096,logarithmic,1.6013007930536156e-21,0.1427160834043343,1.2708123585394824,1.1326127067402695e+20,0.045644074414291164,4.068032414198342e+18,5.577240650850213,-9.605903724855159
9.440608762859264e+19,4096,logarithmic,1.4974155492296942e-21,0.1413651435569957,1.2723342900917385,1.2011610248326388e+20,0.0445802135545559,4.208643547332778e+18,5.440683953224079,-9.387937309920124
1e+20,4096,logarithmic,1.4002908687834781e-21,0.1400290868783478,1.2738217463897887,1.2738217463897888e+20,0.043538821225923174,4.3538821225923174e+18,5.307329289824803,-9.174301045872813
1.0592537251772853e+20,4096,logarithmic,1.3094850682078642e-21,0.13870769365632118,1.2752754056876934,1.350840224101663e+20,0.04251952560003806,4.5038965884611267e+18,5.177107802616132,-8.964935963361231
1.1220184543019654e+20,4096,logarithmic,1.2245854597027504e-21,0.13740074846563416,1.276695937600117,1.4324764025196818e+20,0.04152195653730514,4.658840149358049e+18,5.049951854333501,-8.759782699209707
1.1885022274370165e+20,4096,logarithmic,1.145206436628125e-21,0.13610804008077348,1.2780840029877378,1.519005684402545e+20,0.04054574579219853,4.8188709187123e+18,4.925795017018797,-8.558781560608676
1.2589254117941713e+20,4096,logarithmic,1.0709876862206455e-21,0.13482936139018128,1.279440253856217,1.610719848451977e+20,0.03959052720873527,4.98415207694054e+18,4.804572060279622,-8.36187258711637
1.333521432163324e+20,4096,logarithmic,1.0015925210514874e-21,0.13356450931166539,1.2807653332680662,1.7079280214847688e+20,0.03865593690623194,5.154852034481351e+18,4.686218939298281,-8.16899561047305
1.4125375446227496e+20,4096,logarithmic,9.367063212777894e-22,0.1323132847090337,1.2820598752670145,1.8109577082690172e+20,0.03774161345547804,5.331144600050187e+18,4.570672782589291,-7.98009031221083
1.496235656094436e+20,4096,logarithmic,8.760350802768192e-22,0.13107549230997284,1.2833245048142687,1.9201558824428444e+20,0.03684719804546937,5.513209154280448e+18,4.457871879535458,-7.79509627907482
1.5848931924611108e+20,4096,logarithmic,8.193040467511489e-22,0.12985094062517355,1.2845598377362246,2.0358901421370914e+20,0.03597233464086364,5.701230828923778e+18,4.347755667707021,-7.613953056253564
1.678804018122566e+20,4096,logarithmic,7.662564568588852e-22,0.1286394418687057,1.2857664806831186,2.15854993413813e+20,0.03511667013033024,5.89540069178831e+18,4.240264719973319,-7.436600198427001
1.778279410038923e+20,4096,logarithmic,7.166523503574189e-22,0.12744081187965983,1.2869450310981079,2.2885478506536665e+20,0.034279854465972336,6.095915937596942e+18,4.135340731436865,-7.262977318660524
1.8836490894897945e+20,4096,logarithmic,6.702674651532072e-22,0.12625487004504712,1.288096077196316,2.4263210029862165e+20,0.03346154079401481,6.302980084957161e+18,4.032926506183521,-7.093024135148607
1.995262314968883e+20,4096,logarithmic,6.268922050277989e-22,0.12508143922397136,1.2892201979534135,2.572332476673169e+20,0.03266138557695594,6.516803179636839e+18,3.9329659438833042,-6.926680515848949
2.1134890398366433e+20,4096,logarithmic,5.863306756615452e-22,0.12392034567306895,1.2903179631031767,2.7270728729229063e+20,0.03187904870739075,6.737602004348886e+18,3.835404026238276,-6.763886521019957
2.238721138568347e+20,4096,logarithmic,5.483997844042817e-22,0.12277141897321897,1.291389933143687,2.8910619414631367e+20,0.031114193613716493,6.965600295253538e+18,3.740186803297596,-6.604582443697171
2.3713737056616553e+20,4096,logarithmic,5.129283995480167e-22,0.12163449195752825,1.2924366593516692,3.064850310219738e+20,0.03036648735793961,7.201028965392506e+18,3.6472613796650677,-6.448708848153317
2.5118864315095718e+20,4096,logarithmic,4.79756565141193e-22,0.12050940064058008,1.293458683804515,3.249021317566791e+20,0.02963560072580874,7.444126335279419e+18,3.556575900581871,-6.296206606350441
2.660725059798814e+20,4096,logarithmic,4.487347676500795e-22,0.11939598414895647,1.2944565394096683,3.4441929532277555e+20,0.028921208309495437,7.695138370873619e+18,3.4680795379369522,-6.147016932458382
2.818382931264449e+20,4096,logarithmic,4.1972325102022424e-22,0.11829408465302238,1.2954307499408733,3.6510199142684616e+20,0.02822298858305651,7.954318929175789e+18,3.3817224761865328,-6.001081415451603
2.9853826189179696e+20,4096,logarithmic,3.925913769218929e-22,0.11720354729996924,1.2963818300809276,3.87019578300467e+20,0.027540623970905776,8.22193001168977e+18,3.2974558982072244,-5.858342049838283
3.1622776601683794e+20,4096,logarithmic,3.672170271788645e-22,0.11612422014811678,1.297310285470585,4.1024553340502934e+20,0.026873800909529635,8.498242026001824e+18,3.215231971101784,-5.718741264571648
3.3496543915782655e+20,4096,logarithmic,3.4348604558050943e-22,0.11505595410246057,1.298216612763197,4.348576978162104e+20,0.02622220990267852,8.783534055739419e+18,3.1350038319544415,-5.582221950176091
3.54813389233576e+20,4096,logarithmic,3.212917164645599e-22,0.11399860285146364,1.2991012996847247,4.609385350988807e+20,0.025585545570268663,9.078094139177132e+18,3.056725573557495,-5.448727484143124
3.7583740428844355e+20,4096,logarithmic,3.005342776324531e-22,0.11295202280508361,1.2999648250988551,4.8857540553143425e+20,0.02496350669122516,9.382219556767257e+18,2.9803522301254715,-5.3182017546506755
3.9810717055349857e+20,4096,logarithmic,2.8112046532199473e-22,0.11191607303402223,1.3008076590767597,5.1786085658936875e+20,0.024355796240499484,9.696217127882787e+18,2.9058397629884603,-5.190589182635996
4.216965034285823e+20,4096,logarithmic,2.62963089114102e-22,0.1108906152101955,1.3016302629713217,5.488929306518324e+20,0.023762121420490452,1.002040351706624e+19,2.833145046302077,-5.065834742295927
4.466835921509617e+20,4096,logarithmic,2.459806347918686e-22,0.10987551354840569,1.3024330894953382,5.817754909520526e+20,0.023182193687097518,1.0355105550092067e+19,2.7622258527556287,-4.943883980038521
4.7315125896148124e+20,4096,logarithmic,2.300968933025217e-22,0.10887063474921377,1.303216582803616,6.166185668530104e+20,0.022615728770629034,1.070066054015452e+19,2.6930408393178507,-4.824683031962385
5.0118723362727146e+20,4096,logarithmic,2.1524061409596594e-22,0.10787584794299226,1.303981178578423,6.535387195937489e+20,0.022062446691792872,1.1057416624508817e+19,2.625549533004068,-4.708178639890703
5.308844442309901e+20,4096,logarithmic,2.0134518122863278e-22,0.1068910246351507,1.3047273041182852,6.926594297198338e+20,0.02152207177298332,1.142573311189973e+19,2.559712316688456,-4.594318166023237
5.6234132519034906e+20,4096,logarithmic,1.8834831072866805e-22,0.10591603865252283,1.3054553784295995,7.341115074829696e+20,0.020994332645083193,1.1805980841123088e+19,2.4954904149689927,-4.48304960625493
5.956621435290085e+20,4096,logarithmic,1.7619176781843982e-22,0.10495076609089724,1.3061658123210274,7.780335275714517e+20,0.02047896224999133,1.2198542551079481e+19,2.432845880090606,-4.374321602208486
6.309573444801943e+20,4096,logarithmic,1.6482110268382237e-22,0.103995085263682,1.3068590085002338,8.245722896133272e+20,0.01997569783908424,1.2603813262687349e+19,2.3717415779317186,-4.268083452027572
6.683439175686135e+20,4096,logarithmic,1.5418540356673322e-22,0.10304887665168816,1.3075353616729468,8.738833059799913e+20,0.019484280967814196,1.3022200673036517e+19,2.3121411740722575,-4.164285119988653
7.079457843841402e+20,4096,logarithmic,1.4423706603867465e-22,0.10211202285401656,1.3081952586438925,9.261313185082637e+20,0.019004457486641587,1.3454125562175525e+19,2.2540091199416024,-4.062877244972052
7.498942093324558e+20,4096,logarithmic,1.3493157738890472e-22,0.10118440854003379,1.30883907841953,9.814908458548336e+20,0.018535977528498653,1.3900022212937665e+19,2.1973106390508867,-3.963811147837426
7.943282347242789e+20,4096,logarithmic,1.2622731513154066e-22,0.10026592040242195,1.3094671923123788,1.0401467632988498e+21,0.01807859549296936,1.4360338844224655e+19,2.142011713331815,-3.867038837764736
8.413951416451965e+20,4096,logarithmic,1.1808535870199183e-22,0.09935644711128624,1.3100799640466323,1.1022949169155501e+21,0.0176320700273732,1.4835538058179697e+19,2.088079069566051,-3.7725130175864763
8.91250938133744e+20,4096,logarithmic,1.1046931347468934e-22,0.09845587926930752,1.3106777498650597,1.1681427741582591e+21,0.017196164004928582,1.532609730169432e+19,2.035480165935666,-3.6801870881793097
9.440608762859264e+20,4096,logarithmic,1.0334514629156974e-22,0.09756410936791658,1.311260898636801,1.2379101130065298e+21,0.016770644500172616,1.5832509342712713e+19,1.9841831786766573,-3.5900151519372425
1e+21,4096,logarithmic,9.668103174448174e-23,0.09668103174448174,1.3118297519660311,1.3118297519660312e+21,0.01635528276180429,1.6355282761804288e+19,1.9341569888537524,-3.501952015382348
1.0592537251772854e+21,4096,logarithmic,9.044720850469979e-23,0.09580654254048991,1.312384644301366,1.3901483233416886e+21,0.015949854183112285,1.6894942459496198e+19,1.8853711692699227,-3.4159531909629726
1.1220184543019653e+21,4096,logarithmic,8.461584503952469e-23,0.09494053966070211,1.3129259030456586,1.473127092348302e+21,0.01555413827015023,1.7452030179873006e+19,1.8377959714886316,-3.331974898056167
1.1885022274370166e+21,4096,logarithmic,7.91609140995548e-23,0.09408292273327121,1.3134538486662923,1.5610428247756104e+21,0.015167918607807697,1.802710505096282e+19,1.7914023129986356,-3.2499740632386698
1.2589254117941712e+21,4096,logarithmic,7.405807540093211e-23,0.09323359307080224,1.313968794805632,1.654188706085371e+21,0.014790982823925044,1.862074414245035e+19,1.746161764518539,-3.1699083198593714
1.333521432163324e+21,4096,logarithmic,6.928456596490824e-23,0.09239245363233874,1.3144710483916686,1.752875314988484e+21,0.0144231225515967,1.923354304127237e+19,1.7020465374333993,-3.091736006940349
1.4125375446227498e+21,4096,logarithmic,6.481909761252385e-23,0.0915594089862568,1.314960909748583,1.8574316547311607e+21,0.014064133389797204,1.9866116445670973e+19,1.659029471377571,-3.015416167454521
1.4962356560944358e+21,4096,logarithmic,6.06417611453631e-23,0.09073436527405442,1.315438672707234,1.968206245510102e+21,0.01371381486246156,2.0519098778292797e+19,1.617084021972648,-2.940908546020271
1.584893192461111e+21,4096,logarithmic,5.6733936774241e-23,0.08991723017501364,1.3159046247154054,2.085568281639539e+21,0.0133719703761489,2.1193144818950033e+19,1.5761842487042488,-2.868173586030631
1.678804018122566e+21,4096,logarithmic,5.307821038656506e-23,0.08910791287172035,1.3163590469477364,2.209908857307851e+21,0.013038407176408404,2.1888930357672526e+19,1.5363048029572113,-2.7971724262663145
1.7782794100389228e+21,4096,logarithmic,4.9658295270086284e-23,0.08830632401642767,1.316802214415209,2.3416422649882248e+21,0.012712936302965322,2.260715286869958e+19,1.4974209162046392,-2.7278668970189934
1.8836490894897945e+21,4096,logarithmic,4.6458958935893944e-23,0.08751237569824039,1.317234396074142,2.481207370809697e+21,0.012395372543838537,2.3348532206088258e+19,1.459508388352293,-2.6602195157551134
1.995262314968883e+21,4096,logarithmic,4.346595470704429e-23,0.0867259814111098,1.3176558549346036,2.6290690714491195e+21,0.012085534388495798,2.411381132162617e+19,1.4225435762449834,-2.5941934823559443
2.1134890398366433e+21,4096,logarithmic,4.066595776113393e-23,0.08594705602261644,1.3180668481681255,2.785719837375362e+21,0.011783243980150796,2.4903757005769814e+19,1.386503382324511,-2.5297526739508136
2.238721138568347e+21,4096,logarithmic,3.80465053356301e-23,0.0851755157435285,1.3184676272146918,2.9516813475635816e+21,0.011488327067296206,2.5719160652342923e+19,1.3513652434609558,-2.46686163939156
2.3713737056616553e+21,4096,logarithmic,3.5595940823913376e-23,0.08441127809811645,1.318858437888947,3.127506221099854e+21,0.011200612954569835,2.656083904776021e+19,1.3171071199321371,-2.405485593369905
2.5118864315095717e+21,4096,logarithmic,3.330336150784345e-23,0.08365426189521012,1.3192395204854606,3.313779851418622e+21,0.010919934453038219,2.74296351855606e+19,1.283707484581953,-2.34559041023199
2.660725059798814e+21,4096,logarithmic,3.115856968936399e-23,0.0829043871999785,1.3196111098831804,3.5111223492551047e+21,0.010646127829986097,2.8326419107065573e+19,1.2511453121279104,-2.287142617486171
2.818382931264449e+21,4096,logarithmic,2.9152026999240775e-23,0.08216157530642057,1.3199734356487909,3.720190600755045e+21,0.010379032758289006,2.9252088768996307e+19,1.2194000686422513,-2.230109389050283
2.9853826189179696e+21,4096,logarithmic,2.7274811675583115e-23,0.08142574871054674,1.3203267221391053,3.9416804475670207e+21,0.010118492265446276,3.0207570938919223e+19,1.1884517011961915,-2.174458538251167
3.1622776601683794e+21,4096,logarithmic,2.551857861840691e-23,0.08069683108423864,1.3206711886024094,4.17632899614542e+21,0.009864352682347357,3.119382211940908e+19,1.158280627664099,-2.1201585105948273
3.3496543915782654e+21,4096,logarithmic,2.3875522039182e-23,0.07997474724976965,1.3210070492786565,4.424917063922098e+21,0.009616463591838233,3.2211829501853438e+19,1.1288677266993563,-2.0671783763393847
3.5481338923357606e+21,4096,logarithmic,2.2338340536183994e-23,0.07925942315497221,1.3213345134984942,4.6882717704569907e+21,0.009374677777154086,3.3262611950847283e+19,1.100194327870141,-2.015487822879314
3.7583740428844353e+21,4096,logarithmic,2.0900204437542047e-23,0.07855078584903612,1.3216537857811976,4.967269282159999e+21,0.009138851170278975,3.4347221020160545e+19,1.0722422019625366,-1.9650571469679745
3.9810717055349854e+21,4096,logarithmic,1.9554725264226394e-23,0.07784876345892183,1.3219650659312887,5.262837719684745e+21,0.008908842800289744,3.5466742001292567e+19,1.0449935514448283,-1.9158572467899537
4.2169650342858226e+21,4096,logarithmic,1.8295927174896157e-23,0.07715328516637689,1.3222685491340136,5.575960237633981e+21,0.008684514741739471,3.662229500565512e+19,1.0184310010965758,-1.8678596139055426
4.4668359215096167e+21,4096,logarithmic,1.7118220263549638e-23,0.07646428118553734,1.3225644260494762,5.907678286788549e+21,0.008465732063130756,3.781503608146818e+19,0.9925375887997356,-1.8210363250806827
4.731512589614812e+21,4096,logarithmic,1.601637558937001e-23,0.07578168274110357,1.3228528829055584,6.259095069675898e+21,0.008252362775527346,3.904615836647628e+19,0.9672967564936963,-1.7753600340212672
5.011872336272714e+21,4096,logarithmic,1.4985501826035963e-23,0.07510542204707389,1.3231341015895235,6.631379200935585e+21,0.00804427778134948,4.0316893277638705e+19,0.9426923412873212,-1.7308039630201777
5.308844442309901e+21,4096,logarithmic,1.402102342513462e-23,0.07443543228602285,1.3234082597383068,7.025768584618727e+21,0.0078413508233943,4.162851173897899e+19,0.91870856673546,-1.6873418945396401
5.623413251903491e+21,4096,logarithmic,1.3118660195200765e-23,0.07377164758891082,1.3236755308274206,7.443574521275305e+21,0.0076434584341223445,4.29823254488171e+19,0.8953300342668724,-1.6449481627300755
5.956621435290085e+21,4096,logarithmic,1.227440820432998e-23,0.07311400301541245,1.3239360842586427,7.886186058449052e+21,0.0074504798852446765,4.437968818764606e+19,0.8725417147788406,-1.603597644914212
6.309573444801943e+21,4096,logarithmic,1.1484521920328358e-23,0.07246243453474963,1.3241900854462627,8.355074599001755e+21,0.007262297137647201,4.582199716795994e+19,0.850328940384304,-1.5632657530358474
6.683439175686135e+21,4096,logarithmic,1.0745497507971655e-23,0.0718168790070155,1.324437695902003,8.851798782546927e+21,0.007078794791683351,4.731069442737948e+19,0.8286773963066763,-1.5239284250804674
7.079457843841402e+21,4096,logarithmic,1.0054057208194141e-23,0.07117727416498021,1.324679073318615,9.378009656178029e+21,0.006899860037863151,4.884726826645812e+19,0.8075731129413954,-1.4855621164988286
7.498942093324559e+21,4096,logarithmic,9.407134728931793e-24,0.07054355859636194,1.3249143716520493,9.93545615163221e+21,0.0067253826079688534,5.0433254732610535e+19,0.7870024580576507,-1.4481437916182727
7.943282347242789e+21,4096,logarithmic,8.801861581921871e-24,0.0699156717265545,1.3251437412023348,1.0525990887051772e+22,0.006555254726619353,5.2070239151635366e+19,0.7669521291574055,-1.4116509150699397
8.413951416451964e+21,4096,logarithmic,8.23555430404624e-24,0.06929355380179693,1.325367328693084,1.115157631257633e+22,0.006389371063309005,5.3759857708366e+19,0.747409145977973,-1.3760614432279161
8.912509381337441e+21,4096,logarithmic,7.705702505804399e-24,0.06867714587277714,1.3255852773495829,1.181429122014095e+22,0.006227628684940188,5.550379907801557e+19,0.7283608431490896,-1.3413538156816007
9.440608762859265e+21,4096,logarithmic,7.209957693240731e-24,0.06806638977865302,1.325797726975608,1.251633763906482e+22,0.006069927008870241,5.730380610985652e+19,0.7097948629838369,-1.3075069467298084
1e+22,4096,logarithmic,6.746122813148585e-24,0.06746122813148585,1.326004814028824,1.326004814028824e+22,0.005916167756489722,5.916167756489722e+19,0.6916991484259283,-1.2745002169276987
1.0592537251772853e+22,4096,logarithmic,6.312142474635062e-24,0.06686160430106958,1.3262066716949117,1.4047893573478042e+22,0.0057662549073481915,6.107926990930374e+19,0.6740619361265576,-1.242313464668665
1.1220184543019653e+22,4096,logarithmic,5.906093803187678e-24,0.06626746240015054,1.326403429960289,1.4882491262648684e+22,0.005620094653841485,6.305849916533962e+19,0.656871749671506,-1.2109269778291187
1.1885022274370165e+22,4096,logarithmic,5.526177886233979e-24,0.06567874727002268,1.326595215683521,1.576661368747154e+22,0.005477595356474197,6.510134282168242e+19,0.6401173929380999,-1.180321485464464
1.2589254117941714e+22,4096,logarithmic,5.170711771853109e-24,0.06509540446649145,1.3267821526654648,1.6703197679055276e+22,0.005338667499707285,6.720984180501153e+19,0.6237879435936344,-1.1504781495736638
1.3335214321633241e+22,4096,logarithmic,4.8381209847921536e-24,0.06451738024619465,1.3269643617180111,1.7695354160678934e+22,0.005203223648402561,6.9386102514838585e+19,0.6078727467250467,-1.1213785569301082
1.4125375446227496e+22,4096,logarithmic,4.526932526267774e-24,0.06394462155327142,1.3271419607316197,1.8746378465776637e+22,0.005071178404871152,7.16322989236061e+19,0.5923614086035478,-1.0930047109885543
1.4962356560944358e+22,4096,logarithmic,4.23576832621402e-24,0.06337707600636865,1.32731506474148,1.985976126737497e+22,0.004942448366534962,7.395067474415311e+19,0.5772437905709138,-1.0653390238606564
1.584893192461111e+22,4096,logarithmic,3.963339118671905e-24,0.06281469188597921,1.3274837859924855,2.1039200155219926e+22,0.004816952084205961,7.634354566669387e+19,0.5625100030721031,-1.0383643083896943
1.6788040181225657e+22,4096,logarithmic,3.708438712918974e-24,0.06225741812209649,1.3276482340028677,2.2288611898973426e+22,0.004694610020990129,7.881330166756691e+19,0.5481503997911696,-1.0120637702872304
1.7782794100389228e+22,4096,logarithmic,3.469938634718492e-24,0.06170520428218466,1.3278085156266242,2.361214543813171e+22,0.004575344511818868,8.13624093920208e+19,0.5341555719330149,-0.9864210003786567
1.8836490894897943e+22,4096,logarithmic,3.2467831137280915e-24,0.06115800055944759,1.3279647351147137,2.5014195641733863e+22,0.0044590797236124784,8.399341461345049e+19,0.5205163426092341,-0.9614199669215506
1.995262314968883e+22,4096,logarithmic,3.037984394665483e-24,0.06061575776139592,1.328116994174968,2.6499417883470608e+22,0.004345741616076775,8.670894477149959e+19,0.5072237613580555,-0.9370450080303905
2.1134890398366432e+22,4096,logarithmic,2.8426183512805114e-24,0.060078427298698694,1.3282653920309209,2.8072743480516734e+22,0.004235257903135476,8.951171159158353e+19,0.4942690987774556,-0.9132808241919643
2.238721138568347e+22,4096,logarithmic,2.6598203835423927e-24,0.059545961174313225,1.3284100254793056,2.9739396047266378e+22,0.004127558014998367,9.240451378844051e+19,0.4816438412706292,-0.8901124708741048
2.371373705661655e+22,4096,logarithmic,2.4887815797223854e-24,0.059018311972887406,1.3285509889464684,3.1504908818184432e+22,0.004022573060865423,9.539023985639185e+19,0.46933968591453823,-0.8675253512423153
2.511886431509572e+22,4096,logarithmic,2.3287451262384077e-24,0.05849543285042301,1.3286883745435698,3.337514299720501e+22,0.0039202357922661964,9.847187094911636e+19,0.4573485354304907,-0.8455052089669235
2.660725059798814e+22,4096,logarithmic,2.1790029492405e-24,0.057977277524197214,1.3288222721207295,3.5356307194504234e+22,0.003820480567032784,1.016524838517851e+20,0.44566249327750995,-0.8240381211445436
2.8183829312644493e+22,4096,logarithmic,2.038892572953187e-24,0.05746380026293118,1.3289527693198935,3.745497801507809e+22,0.0037232433139048893,1.0493525404854025e+20,0.43427385884058367,-0.8031104913097109
2.9853826189179694e+22,4096,logarithmic,1.9077941807621386e-24,0.056954955877201355,1.3290799516267684,3.9678121867388895e+22,0.003628461497763521,1.0832345888836277e+20,0.42317512273881697,-0.782709042563623
3.1622776601683792e+22,4096,logarithmic,1.785127865940766e-24,0.05645069971008538,1.3292039024214741,4.203311806436058e+22,0.0035360740854912392,1.1182048085249278e+20,0.41235896222413526,-0.7628208107942513
3.3496543915782655e+22,4096,logarithmic,1.670351059760372e-24,0.05595098762803741,1.3293247030283075,4.452778329332244e+22,0.003446021512454079,1.1542981092664982e+20,0.4018182366996248,-0.743433138018812
3.5481338923357603e+22,4096,logarithmic,1.5629561255219947e-24,0.05545577601198374,1.3294424327642869,4.7170397536002714e+22,0.0033582456496024293,1.1915505208143502e+20,0.3915459833198298,-0.7245336658137758
3.7583740428844353e+22,4096,logarithmic,1.4624681077898353e-24,0.054965021748636336,1.329557168986742,4.996973152450686e+22,0.003272689771185152,1.2299992286435677e+20,0.3815354127044257,-0.706110328865539
3.981071705534985e+22,4096,logarithmic,1.3684426268000154e-24,0.05447868222201512,1.3296689871398644,5.293507582429876e+22,0.0031892985230724657,1.269682611070831e+20,0.3717799047448178,-0.6881513486236668
4.2169650342858225e+22,4096,logarithmic,1.2804639086678766e-24,0.05399671530517391,1.3297779608001974,5.607627164058335e+22,0.003108017891682806,1.3106402775161133e+20,0.36227300450020206,-0.670645227054889
4.466835921509617e+22,4096,logarithmic,1.1981429426231823e-24,0.05351907935212466,1.329884161721218,5.940374345023041e+22,0.003028795173507137,1.3529131079916632e+20,0.3530084181932791,-0.6535807405103178
4.7315125896148125e+22,4096,logarithmic,1.1211157570706964e-24,0.05304573318995542,1.3299876598768692,6.29285335673975e+22,0.0029515789452253124,1.3965432938575574e+20,0.34398000929973804,-0.6369469337004996
5.011872336272714e+22,4096,logarithmic,1.0490418068037696e-24,0.05257663611113358,1.3300885235041537,6.6662338757442885e+22,0.002876319034408582,1.4415743798847018e+20,0.3351817947150115,-0.620733113764782
5.308844442309901e+22,4096,logarithmic,9.816024641949887e-25,0.052111747865992694,1.3301868191448132,7.061754902050827e+22,0.002802966490800878,1.4880513076669127e+20,0.3266079410267242,-0.6049288444632483
5.623413251903491e+22,4096,logarithmic,9.184996076521899e-25,0.051651028655394816,1.3302826116860536,7.480728867332139e+22,0.0027314735581733802,1.5360204604256168e+20,0.3182527608542429,-0.5895239404552055
5.9566214352900855e+22,4096,logarithmic,8.594543010617272e-25,0.05119443912356543,1.330375964400355,7.924545986541875e+22,0.002661793646744365,1.585529709251645e+20,0.3101107092906119,-0.57450846169953
6.309573444801943e+22,4096,logarithmic,8.042055583471791e-25,0.05074194035109481,1.3304669389844253,8.394678867403057e+22,0.002593881306158131,1.6366284608303523e+20,0.3021763804114119,-0.5598727079434429
6.683439175686135e+22,4096,logarithmic,7.525091876509692e-25,0.05029349384810237,1.3305555955972355,8.892687393042961e+22,0.00252769219901529,1.6893677066975026e+20,0.294444503876079,-0.5456072133252277
7.079457843841402e+22,4096,logarithmic,7.041367100013524e-25,0.04984906154755753,1.330641992897241,9.420223893961128e+22,0.0024631830749471963,1.7438000740752314e+20,0.2869099416032306,-0.5317027410740471
7.498942093324558e+22,4096,logarithmic,6.588743476594911e-25,0.04940860579875517,1.3307261880787022,9.979038626472712e+22,0.002400311745227117,1.799979878338496e+20,0.2795676845239292,-0.5181502783112024
7.94328234724279e+22,4096,logarithmic,6.165220776513988e-25,0.04897208936093804,1.3308082369072642,1.0570985575790772e+23,0.0023390370579104694,1.857963177164694e+20,0.27241284940702215,-0.5049410309478364
8.413951416451964e+22,4096,logarithmic,5.768927462803894e-25,0.048539475397067454,1.3308881937546064,1.1198028602980766e+23,0.0022793188734960257,1.9178078264197582e+20,0.265440675777473,-0.4920664187000101
8.91250938133744e+22,4096,logarithmic,5.398112406868669e-25,0.04811072746773104,1.3309661116324234,1.1862247956166188e+23,0.0022211180411013153,1.9795735378373313e+20,0.2586465228816559,-0.4795180701766988
9.440608762859264e+22,4096,logarithmic,5.0511371377650215e-25,0.047685809525188326,1.3310420422255622,1.2565847167568734e+23,0.0021643963751433936,2.0433219385479548e+20,0.2520258667397357,-0.46728781808037523
1e+23,4096,logarithmic,4.7264685907550245e-25,0.04726468590755024,1.3311160359243512,1.331116035924351e+23,0.002109116632517584,2.109116632517584e+20,0.24557429726104196,-0.4553676944971108
1.0592537251772854e+23,4096,logarithmic,4.422672322936174e-25,0.04684732133308621,1.3311881418562994,1.4100659981731137e+23,0.00205524249026616,2.1770232639570706e+20,0.23928751543198512,-0.443749926285264
1.1220184543019653e+23,4096,logarithmic,4.138406165837468e-25,0.04643368089466678,1.331258407916955,1.493696501127477e+23,0.0020027385237276468,2.247109582763894e+20,0.23316133063575606,-0.43242693062305326
1.1885022274370166e+23,4096,logarithmic,3.8724142868066408e-25,0.046023730054286185,1.3313268808001009,1.582284963277695e+23,0.00195157018516669,2.319445512070282e+20,0.22719165771494243,-0.42139131032820076
1.2589254117941714e+23,4096,logarithmic,3.6235216328482224e-25,0.045617434637785365,1.3313936060272331,1.6761252437279612e+23,0.0019017037828571056,2.394103217943915e+20,0.2213745147346291,-0.4106358499003093
1.3335214321633241e+23,4096,logarithmic,3.3906287322475797e-25,0.04521476082960908,1.3314586279763225,1.7755286164452e+23,0.0018531064606359723,2.4711571813383904e+20,0.215706020173978,-0.40015351102435925
1.4125375446227497e+23,4096,logarithmic,3.1727068309313583e-25,0.04481567516771606,1.3315219899099844,1.880824802238647e+23,0.0018057461779012437,2.5506842723445378e+20,0.21018239049821474,-0.38993742847974744
1.4962356560944359e+23,4096,logarithmic,2.9687933419884544e-25,0.04442014453858888,1.3315837340028887,1.992363061890491e+23,0.0017595916900532047,2.632763826825074e+20,0.20479993772062333,-0.3799809060669457
1.584893192461111e+23,4096,logarithmic,2.777987588171972e-25,0.044028136172352184,1.3316439013685626,2.1105133540613898e+23,0.0017146125293699473,2.717477725506956e+20,0.19955506703326353,-0.37027741263127023
1.6788040181225658e+23,4096,logarithmic,2.599446818503198e-25,0.04363961763799089,1.331702532085606,2.2356675618093106e+23,0.00167077898630963,2.8049104756113542e+20,0.19444427448205293,-0.360820578157639
1.7782794100389228e+23,4096,logarithmic,2.432382481317973e-25,0.04325455683867136,1.3317596652232104,2.368240791786764e+23,0.0016280620912312558,2.8951492951014523e+20,0.18946414470875084,-0.35160418996061926
1.8836490894897944e+23,4096,logarithmic,2.276056737232899e-25,0.04287292200715862,1.3318153388661222,2.508672750423713e+23,0.0015864335965263656,2.9882841996329085e+20,0.18461134874194762,-0.342622188950481
1.9952623149688827e+23,4096,logarithmic,2.129779196576026e-25,0.04249468170132849,1.3318695901390079,2.657429201657414e+23,0.0015458659591540717,3.0844080922933454e+20,0.17988264184238822,-0.33386866598114073
2.1134890398366435e+23,4096,logarithmic,1.9929038668224226e-25,0.04211980479977256,1.331922455230209,2.815003511041359e+23,0.0015063323235715769,3.183616856220192e+20,0.17527486140276327,-0.3253378582797173
2.238721138568347e+23,4096,logarithmic,1.864826296507384e-25,0.04174826049749204,1.3319739694149837,2.981918281352113e+23,0.001467806505052687,3.286009450189578e+20,0.17078492489401853,-0.31702414594975137
2.371373705661655e+23,4096,logarithmic,1.744980902962885e-25,0.04138001830167918,1.3320241670781268,3.158727085114937e+23,0.0014302629733869536,3.3916880072712775e+20,0.16640982786482184,-0.3089220485542832
2.5118864315095718e+23,4096,logarithmic,1.6328384720377256e-25,0.04101504802758384,1.3320730817361162,3.346016299792091e+23,0.0013936768369516598,3.5007579366480524e+20,0.16214664199012407,-0.30102622177518024
2.660725059798814e+23,4096,logarithmic,1.527903818725862e-25,0.04065331979446205,1.332120746058659,3.544407051716166e+23,0.001358023827149724,3.6133280287011635e+20,0.15799251316532814,-0.29333145414399686
2.818382931264449e+23,4096,logarithmic,1.4297135983408559e-25,0.04029480402160544,1.332167191889785,3.7545572752126624e+23,0.0013232802832059607,3.729510563466466e+20,0.15394465964753135,-0.2858326638465969
2.9853826189179693e+23,4096,logarithmic,1.3378342585421774e-25,0.03993947142444825,1.3322124502683912,3.9771638937373746e+23,0.0012894231373145526,3.8494214225695434e+20,0.15000037024164303,-0.2785248955984865
3.162277660168379e+23,4096,logarithmic,1.2518601231443845e-25,0.039587293010751236,1.3322565514482951,4.212965130257909e+23,0.0012564299001307513,3.973180204751063e+20,0.14615700253488573,-0.27140331759416547
3.3496543915782654e+23,4096,logarithmic,1.1714115992238307e-25,0.039238240076858236,1.3322995249178133,4.46274295453859e+23,0.0012242786465997094,4.100910345098212e+20,0.14241198116549114,-0.26446321851653076
3.5481338923357603e+23,4096,logarithmic,1.0961334995851467e-25,0.03889228420402665,1.332341399418876,4.7273256754401706e+23,0.0011929480021154227,4.232739238099964e+20,0.13876279614677411,-0.2577000046262157
3.758374042884436e+23,4096,logarithmic,1.0256934731605558e-25,0.038549397254826166,1.3323822029656274,5.007590686827196e+23,0.0011624171290032887,4.3687983646502086e+20,0.13520700121860685,-0.2511091969040202
3.9810717055349855e+23,4096,logarithmic,9.597805363938391e-26,0.03820955136960704,1.3324219628626737,5.304467376185977e+23,0.0011326657133190778,4.509223423124182e+20,0.1317422122499856,-0.24468642826819265
4.2169650342858225e+23,4096,logarithmic,8.981036991085333e-26,0.0378727189630344,1.3324607057227642,5.618940205592708e+23,0.0011036739519581376,4.654154464659517e+20,0.12836610567650286,-0.2384274408516074
4.466835921509616e+23,4096,logarithmic,8.403906787782817e-26,0.037538872720686775,1.3324984574841374,5.9520519752462996e+23,0.001075422540067988,4.803736032776804e+20,0.12507641697330207,-0.2323280833378405
4.731512589614813e+23,4096,logarithmic,7.863866975095182e-26,0.03720798559571901,1.3325352434274038,6.3049072803822e+23,0.0010478926587579335,4.958117307478101e+20,0.12187093917563896,-0.22638430836866563
5.011872336272715e+23,4096,logarithmic,7.358533564127485e-26,0.03688003080558481,1.332571088192,6.678676173026314e+23,0.0010210659630995548,5.117452253968316e+20,0.11874752142244649,-0.22059216999810172
5.308844442309901e+23,4096,logarithmic,6.885675823817333e-26,0.0365549818288203,1.3326060157923092,7.074598040727741e+23,0.000994924570411476,5.28189977614653e+20,0.11570406754723983,-0.2149478212161382
5.623413251903491e+23,4096,logarithmic,6.443206426207634e-26,0.03623281240188574,1.3326400496333084,7.493985715125272e+23,0.0009694510488225906,5.451623875020694e+20,0.11273853469957462,-0.20944751152636165
5.956621435290085e+23,4096,logarithmic,6.02917222559971e-26,0.035913496516062855,1.3326732125258616,7.938229823968446e+23,0.0009446284061075791,5.626793812204313e+20,0.10984893199690315,-0.2040875845756629
6.309573444801942e+23,4096,logarithmic,5.641745630797766e-26,0.03559700841440897,1.3327055267016656,8.408803401017615e+23,0.0009204400787887092,5.807584278656647e+20,0.10703331921759762,-0.19886447584721578
6.683439175686135e+23,4096,logarithmic,5.279216532279109e-26,0.0352833225887641,1.3327370138277577,8.90726676910339e+23,0.0008968699214982572,5.994175568836e+20,0.10428980552181777,-0.1937747104030052
7.079457843841402e+23,4096,logarithmic,4.939984748582618e-26,0.03497241377681011,1.3327676950207796,9.435272712533284e+23,0.0008739021965956609,6.186753760439383e+20,0.10161654820040056,-0.18881490067540474
7.498942093324558e+23,4096,logarithmic,4.62255295850864e-26,0.03466425695918241,1.3327975908607639,9.994571955987346e+23,0.0008515215640338274,6.385510899906832e+20,0.09901175146445063,-0.18398174432038283
7.94328234724279e+23,4096,logarithmic,4.325520087871065e-26,0.03435882735663031,1.3328267214046612,1.0587018968067129e+24,0.0008297130714690454,6.590645193876663e+20,0.096473665257224,-0.17927202211361903
8.413951416451965e+23,4096,logarithmic,4.0475751215577006e-26,0.03405610042722615,1.3328551061995215,1.1214578108732698e+24,0.000808462144609138,6.802361206781849e+20,0.09400058409718692,-0.17468259589764612
8.912509381337441e+23,4096,logarithmic,3.78749131353589e-26,0.03375605186362269,1.332882764295327,1.1879330141005082e+24,0.0007877545777943828,7.020870064783951e+20,0.09159084595322664,-0.17021040658136144
9.440608762859264e+23,4096,logarithmic,3.544120769201518e-26,0.033458657590355365,1.3329097142575235,1.2583479128519813e+24,0.0007675765248060943,7.246389666249475e+20,0.08924283114286613,-0.16585247218178223
1e+24,4096,logarithmic,3.316389376119077e-26,0.03316389376119077,1.3329359741792302,1.33293597417923e+24,0.0007479144898976665,7.479144898976665e+20,0.08695496126132074,-0.16160588591558334
1e+19,8192,exponential,2.077020980970548e-20,0.2077020980970548,1.2207280932967606,1.2207280932967606e+19,0.07976649258113543,7.976649258113542e+17,10.138555244439162,-16.447650382146573
1.0592537251772854e+19,8192,exponential,1.9413750174647132e-20,0.2056408719215615,1.2233267332948679,1.2958133993515483e+19,0.07803616041910373,8.266009362246787e+17,9.898461834183303,-16.107666641233685
1.1220184543019653e+19,8192,exponential,1.814628946299414e-20,0.20360471654584728,1.2258722066333616,1.3754512384585038e+19,0.07633718073473529,8.565172553375745e+17,9.663664627911972,-15.773121170148208
1.1885022274370165e+19,8192,exponential,1.6961956012622563e-20,0.2015932250269061,1.228365320375675,1.4599149193728741e+19,0.07466923158478693,8.874454805952969e+17,9.434062218845106,-15.443989773061151
1.2589254117941713e+19,8192,exponential,1.585526801558563e-20,0.19960599815628094,1.2308068813785997,1.5494940599786535e+19,0.07303198470200724,9.194182141512008e+17,9.209554590232427,-15.120245771893327
1.3335214321633241e+19,8192,exponential,1.482110745026964e-20,0.19764264433330084,1.233197695693688,1.644495557301958e+19,0.07142510591408308,9.524690953096517e+17,8.990043113146996,-14.801860100016162
1.4125375446227497e+19,8192,exponential,1.3854695769616493e-20,0.19570277943909278,1.2355385679927877,1.7452446151192406e+19,0.06984825555776657,9.866328340174993e+17,8.775430543840468,-14.488801396437745
1.496235656094436e+19,8192,exponential,1.2951571226236692e-20,0.19378602671142076,1.2378303010175347,1.852085832576544e+19,0.06830108888757598,1.0219452454366664e+18,8.565621020700531,-14.181036100297872
1.5848931924611109e+19,8192,exponential,1.2107567723374344e-20,0.1918920166203787,1.2400736950526299,1.9653843574390088e+19,0.06678325647851721,1.0584432856318632e+18,8.360520060820974,-13.878528545481005
1.6788040181225658e+19,8192,exponential,1.131879508827109e-20,0.19002038674495467,1.2422695474226244,2.0855271078044033e+19,0.06529440462231687,1.0961650884086619e+18,8.160034556159523,-13.581241055136728
1.7782794100389229e+19,8192,exponential,1.0581620671544848e-20,0.18817078165050444,1.2444186520119198,2.2129240663411884e+19,0.06383417571669216,1.1351500033380026e+18,7.964072769292985,-13.289134035931705
1.8836490894897943e+19,8192,exponential,9.892652182770332e-21,0.18634285276714563,1.2465217988076704,2.348009651353249e+19,0.062402208647219085,1.175438635004864e+18,7.772544328758735,-13.002166071847487
1.9952623149688828e+19,8192,exponential,9.24872167858259e-21,0.18453625826911588,1.2485797734652797,2.4912441692276572e+19,0.06099813916138487,1.2170728835193884e+18,7.585360223986903,-12.72029401735848
2.1134890398366433e+19,8192,exponential,8.64687062532548e-21,0.18275066295510825,1.250593356896027,2.643115353092269e+19,0.05962160023446888,1.2600959863307182e+18,7.402432799812408,-12.443473089822444
2.238721138568347e+19,8192,exponential,8.084335963583054e-21,0.18098573812961688,1.252563324876562,2.804139992796611e+19,0.05827222242690039,1.304552561384584e+18,7.2236757505778515,-12.171656960937149
2.3713737056616554e+19,8192,exponential,7.55853710688396e-21,0.17924116148532543,1.2544904476797156,2.9748656616313962e+19,0.05694963423279988,1.3504886516671053e+18,7.049004113822077,-11.90479784711661
2.511886431509572e+19,8192,exponential,7.06706381147467e-21,0.17751661698655544,1.256375489726269,3.1558725455246086e+19,0.055653462419430456,1.3979517711789524e+18,6.8783342635660105,-11.642846598659052
2.660725059798814e+19,8192,exponential,6.607664858356503e-21,0.17581179475381128,1.2582192092571947,3.3477753807908655e+19,0.05438333235732402,1.446990952384997e+18,6.711583903188001,-11.385752787572878
2.8183829312644493e+19,8192,exponential,6.178237492778289e-21,0.17412639094944396,1.2600223580259144,3.5512255068718203e+19,0.053138868340877894,1.4976567951863908e+18,6.548672057902216,-11.133464793952076
2.9853826189179695e+19,8192,exponential,5.7768175701031095e-21,0.17246010766445763,1.2617856810100698,3.766913040887036e+19,0.05191969389924597,1.5500015174635026e+18,6.389519066846083,-10.885929890794854
3.162277660168379e+19,8192,exponential,5.40157036044074e-21,0.1708126528064941,1.263509916142281,3.9955691812179575e+19,0.050725432097380355,1.6040790072393395e+18,6.234046574781127,-10.643094327165748
3.3496543915782656e+19,8192,exponential,5.050781967667194e-21,0.1691837399890073,1.2651957940594938,4.237968647777735e+19,0.04955570582711049,1.659944876515413e+18,6.082177523412402,-10.404903409611299
3.5481338923357606e+19,8192,exponential,4.722851321468855e-21,0.1675730884216638,1.2668440378702468,4.4949322670709105e+19,0.0484101380881689,1.7176565168328637e+18,5.933836142348348,-10.17130158175954
3.758374042884435e+19,8192,exponential,4.416282703852491e-21,0.1659804228019869,1.2684553629394353,4.767329710629129e+19,0.047288352259106985,1.7772731566140324e+18,5.788947939690092,-9.942232502016113
3.981071705534986e+19,8192,exponential,4.1296787741774996e-21,0.16440547320826449,1.2700304766900368,5.056082395917816e+19,0.04618997235806153,1.8388559203412186e+18,5.647439692279255,-9.717639119309085
4.216965034285823e+19,8192,exponential,3.861734059204277e-21,0.16284797499375095,1.271570078421248,5.362166559346485e+19,0.04511462329336422,1.9024678896309363e+18,5.509239435606861,-9.497463746820955
4.466835921509617e+19,8192,exponential,3.611228876919564e-21,0.16130766868217142,1.2730748591424592,5.686616511588332e+19,0.044061931104005934,1.968174166264556e+18,5.3742764533908804,-9.281648133657717
4.731512589614812e+19,8192,exponential,3.3770236650171478e-21,0.1597842998645579,1.2745455014226383,6.030528086018137e+19,0.043031523189989665,2.0360419372373786e+18,5.242481266845833,-9.070133534424695
5.011872336272715e+19,8192,exponential,3.1580536868810147e-21,0.15827761909743013,1.275982679254447,6.395062291718504e+19,0.042023028532628424,2.106140541890794e+18,5.113785623641953,-8.862860776664327
5.308844442309901e+19,8192,exponential,2.9533240897546023e-21,0.15678738180233667,1.2773870579327304,6.7814491831847715e+19,0.04103607790485991,2.1785415411941166e+18,4.98812248658036,-8.659770326141846
5.6234132519034905e+19,8192,exponential,2.761905291491864e-21,0.1553133481667772,1.2787592939466754,7.190991959574485e+19,0.04007030407167459,2.253318789244573e+18,4.865426021992003,-8.460802349955399
5.956621435290085e+19,8192,exponential,2.5829286738786944e-21,0.15385528304651225,1.2801000348852356,7.62507130711298e+19,0.039125341980763444,2.3305485070567055e+18,4.745631587868049,-8.265896777453019
6.309573444801943e+19,8192,exponential,2.4155825620009594e-21,0.15241295586927897,1.2814099193552628,8.085149999069766e+19,0.03820082894351369,2.4103093587141545e+18,4.628675721742659,-8.074993358955718
6.683439175686135e+19,8192,exponential,2.259108470519201e-21,0.15098614053992415,1.2826895769118027,8.572777768576616e+19,0.03729640480648939,2.4926825299593984e+18,4.514496128342427,-7.888031722286315
7.0794578438414025e+19,8192,exponential,2.112797599000852e-21,0.14957461534695865,1.2839396280000999,9.089596470464119e+19,0.036411712113552194,2.577751809299821e+18,4.403031667008195,-7.70495142710057
7.498942093324558e+19,8192,exponential,1.975987559664672e-21,0.14817816287055083,1.285160683908789,9.637345549249395e+19,0.03554639625878707,2.6656036717101297e+18,4.294222338916165,-7.525692017041063
7.94328234724279e+19,8192,exponential,1.8480593220120213e-21,0.14679656989195566,1.2863533467337618,1.0217867831426972e+20,0.03470010563040959,2.756327365014926e+18,4.188009274094284,-7.350193069711864
8.413951416451965e+19,8192,exponential,1.7284343598660897e-21,0.14542962730439532,1.287518209352244,1.083311566128701e+20,0.03387249174584027,2.850014999036702e+18,4.0843347182648815,-7.178394244506614
8.91250938133744e+19,8192,exponential,1.6165719873135257e-21,0.14407713002539108,1.2886558554066085,1.1485157400626823e+20,0.03306320937814149,2.946761637598101e+18,3.9831420195236555,-7.010235328308467
9.440608762859264e+19,8192,exponential,1.511966870951178e-21,0.14273887691054593,1.2897668592974798,1.217618431392926e+20,0.03227191667402069,3.0466653934702377e+18,3.884375614855018,-6.8456562790758735
1e+20,8192,exponential,1.4141467066878994e-21,0.14141467066878993,1.2908517861856,1.2908517861855999e+20,0.03149827526360791,3.1498275263607916e+18,3.7879810165195815,-6.684597267361925
1.0592537251772853e+20,8192,exponential,1.322670050139585e-21,0.14010431777907822,1.2919111920021198,1.3684617427264725e+20,0.03074195036222372,3.256352544040067e+18,3.6939047983123308,-6.526998715786481
1.1220184543019654e+20,8192,exponential,1.2371242903923734e-21,0.13880762840854666,1.2929456234668073,1.450708849938718e+20,0.030002610864360485,3.36634830670531e+18,3.60209458170222,-6.372801336493794
1.1885022274370165e+20,8192,exponential,1.1571237575944148e-21,0.13752441633212523,1.2939556181137517,1.5378691343328353e+20,0.02927992943009666,3.479926134686853e+18,3.5124990218869057,-6.221946166650638
1.2589254117941713e+20,8192,exponential,1.0823079554761943e-21,0.13625449885359756,1.2949417043241855,1.6302350183657714e+20,0.028573582564176556,3.5972009196040724e+18,3.4250677937463836,-6.074374601999455
1.333521432163324e+20,8192,exponential,1.0123399104963188e-21,0.13499769672811424,1.2959044013660368,1.7281162932563925e+20,0.027883250687982836,3.7182912390807864e+18,3.3397515777347397,-5.930028428531031
1.4125375446227496e+20,8192,exponential,9.469046298650079e-22,0.13375383408614316,1.296844219439743,1.831841149485621e+20,0.027208618204634518,3.843319475135229e+18,3.256502045706955,-5.788849852307121
1.496235656094436e+20,8192,exponential,8.857076612167915e-22,0.13252273835885744,1.2977616597300532,1.9417572684004003e+20,0.026549373557445032,3.9724119363620035e+18,3.1752718466937058,-5.650781527478033
1.5848931924611108e+20,8192,exponential,8.284737471870761e-22,0.13130424020495443,1.2986572144633575,2.058232978543484e+20,0.025905209281969495,4.1056989840273833e+18,3.096014592649965,-5.515766582554527
1.678804018122566e+20,8192,exponential,7.749455685981684e-22,0.13009817343888816,1.2995313669702837,2.181658480546023e+20,0.02527582205187958,4.2433151622046397e+18,3.018684844165076,-5.383748644959696
1.778279410038923e+20,8192,exponential,7.248825703813191e-22,0.128904374960519,1.3003845917531625,2.3124471446465194e+20,0.024660912718893677,4.385399332077562e+18,2.943238096171208,-5.254671863932526
1.8836490894897945e+20,8192,exponential,6.780598647530144e-22,0.12772268468615888,1.3012173545580095,2.4510368851415135e+20,0.024060186346995114,4.532094810547213e+18,2.869630763640263,-5.128480931813051
1.995262314968883e+20,8192,exponential,6.34267206530086e-22,0.1265529454810066,1.3020301124507625,2.5978916163277033e+20,0.0234733522411683,4.683549513279348e+18,2.7978201672919534,-5.005121103770116
2.1134890398366433e+20,8192,exponential,5.933080358091438e-22,0.1253950030929632,1.3028233138974776,2.753502794765974e+20,0.02290012397087646,4.839916102334779e+18,2.7277645193248823,-4.884538216022993
2.238721138568347e+20,8192,exponential,5.549985835540982e-22,0.12424870608780507,1.3035973988480902,2.918391052983932e+20,0.022340219388509084,5.001352138530972e+18,2.659422909160858,-4.766678702589022
2.3713737056616553e+20,8192,exponential,5.19167035932719e-22,0.12311390578571496,1.3043527988235786,3.093107930036421e+20,0.02179336064301611,5.168020238684999e+18,2.592755289243498,-4.651489610636716
2.5118864315095718e+20,8192,exponential,4.856527535197186e-22,0.12199045619914435,1.3050899370061666,3.278237704665472e+20,0.021259274188948317,5.340088237896094e+18,2.527722460869697,-4.53891861446607
2.660725059798814e+20,8192,exponential,4.54305541742596e-22,0.12087821397200015,1.305809228332354,3.4743993371404455e+20,0.020737690791117452,5.517729357028529e+18,2.4642860600838423,-4.428914028185904
2.818382931264449e+20,8192,exponential,4.249849691872839e-22,0.11977703832013888,1.3065110795884969,3.682248526220108e+20,0.02022834552508517,5.701122375561965e+18,2.4024085436344267,-4.32142481712946
2.9853826189179696e+20,8192,exponential,3.9755973060553374e-22,0.11868679097314708,1.307195889508754,3.9024798880604494e+20,0.019730977773687146,5.890451809982238e+18,2.3420531749939855,-4.216400608051385
3.1622776601683794e+20,8192,exponential,3.719070516759726e-22,0.11760733611740151,1.307864048875058,4.1358292642949615e+20,0.01924533121979222,6.085908097889e+18,2.28318401047094,-4.113791698173408
3.3496543915782655e+20,8192,exponential,3.4791213276624493e-22,0.11653854034038129,1.308515940618975,4.3830761669445144e+20,0.018771153835493964,6.287687788005357e+18,2.225765885394404,-4.01354906310366
3.54813389233576e+20,8192,exponential,3.254676291265966e-22,0.11548027257622429,1.30915193992529,4.64504636826603e+20,0.01830819786792485,6.495993736277346e+18,2.1697644004014194,-3.915624363696968
3.7583740428844355e+20,8192,exponential,3.044731651155202e-22,0.1144324040525038,1.3097724143369547,4.922614644130088e+20,0.017856219821881483,6.71103530825979e+18,2.115145907820759,-3.8199699518915
3.9810717055349857e+20,8192,exponential,2.848348802171854e-22,0.11339480823820837,1.310377723861381,5.21670768002788e+20,0.017414980439440494,6.933028587990178e+18,2.0618774981570276,-3.7265388755657436
4.216965034285823e+20,8192,exponential,2.664650047589038e-22,0.11236736079291026,1.3109682210777962,5.528307149344953e+20,0.016984244676742966,7.162196593558021e+18,2.0099269866942215,-3.6352848824724893
4.466835921509617e+20,8192,exponential,2.4928146337523484e-22,0.11134993951709829,1.311544251245496,5.858452974112816e+20,0.016563781678117277,7.398769499585709e+18,1.9592629002087358,-3.546162423279997
4.7315125896148124e+20,8192,exponential,2.332075043947963e-22,0.11034242430366303,1.3121061524129043,6.208246779052708e+20,0.016153364747706248,7.64298486684122e+18,1.909854463813021,-3.4591266537775223
5.0118723362727146e+20,8192,exponential,2.1817135344637516e-22,0.10934469709050644,1.312654255527158,6.578855550367219e+20,0.015752771318762557,7.89508787921363e+18,1.8616715879113066,-3.37413343626638
5.308844442309901e+20,8192,exponential,2.0410588969361522e-22,0.10835664181426669,1.3131888845442097,6.971515511415666e+20,0.015361782920760916,8.155331588285275e+18,1.8146848553038941,-3.2911393402063283
5.6234132519034906e+20,8192,exponential,1.9094834321269984e-22,0.10737814436513123,1.3137103565391783,7.387536228125276e+20,0.01498018514448466,8.423977165746285e+18,1.768865508411488,-3.2101016421274053
5.956621435290085e+20,8192,exponential,1.7864001212549749e-22,0.1064090925427219,1.314218981816943,7.828304957755912e+20,0.014607767605225667,8.701294163902332e+18,1.7241854366479625,-3.1309783248685386
6.309573444801943e+20,8192,exponential,1.6712599819232774e-22,0.10544937601303288,1.3147150640227343,8.295291255438931e+20,0.014244323904240448,8.987560784535307e+18,1.6806171639292211,-3.0537280761655072
6.683439175686135e+20,8192,exponential,1.563549596539465e-22,0.10449888626640112,1.3151989002526876,8.790051853768134e+20,0.013889651588595422,9.28306415638498e+18,1.6381338363329778,-2.9783102866361544
7.079457843841402e+20,8192,exponential,1.4627888019218315e-22,0.10355751657648878,1.315670781164239,9.314235831626117e+20,0.013543552109530151,9.5881006215288e+18,1.5967092099023805,-2.9046850471882824
7.498942093324558e+20,8192,exponential,1.3685285295324164e-22,0.10262516196026197,1.316130991086189,9.86959008938519e+20,0.013205830779463659,9.902976030944109e+18,1.556317638604976,-2.832813145893076
7.943282347242789e+20,8192,exponential,1.280348786471645e-22,0.10170171913893944,1.3165798081284639,1.0457965148643126e+21,0.01287629672776235,1.0228006049549476e+19,1.516934062440134,-2.7626560643482123
8.413951416451965e+20,8192,exponential,1.1978567680201815e-22,0.10078708649989979,1.3170175042913592,1.1081321295724313e+21,0.012554762855383178,1.056351647102698e+19,1.4785339957068322,-2.694175973571711
8.91250938133744e+20,8192,exponential,1.1206850931194602e-22,0.09988116405952212,1.3174443455742428,1.1741735089320404e+21,0.012241045788502313,1.0909843542740804e+19,1.441093515425318,-2.6273357294499977
9.440608762859264e+20,8192,exponential,1.0484901547489186e-22,0.09898385342694307,1.3178605920836313,1.2441406253851628e+21,0.011934965831232238,1.1267334301075698e+19,1.4045892499235269,-2.562098867777529
1e+21,8192,exponential,9.809505776871073e-23,0.09809505776871073,1.3182664981405903,1.3182664981405903e+21,0.011636346917529556,1.1636346917529557e+19,1.3689983675754913,-2.498429598904428
1.0592537251772854e+21,8192,exponential,9.177657766371824e-23,0.097214681774316,1.3186623123872787,1.3967979666471183e+21,0.01134501656238599,1.201725105590536e+19,1.3342985657088136,-2.436292802033424
1.1220184543019653e+21,8192,exponential,8.586546081590147e-23,0.09634263162258373,1.3190482778927681,1.479996509910913e+21,0.011060805812395503,1.2410428240958196e+19,1.3004680596723217,-2.3756540191840703
1.1885022274370166e+21,8192,exponential,8.033541102804818e-23,0.09547881494890352,1.3194246322578624,1.568139114373736e+21,0.010783549195783493,1.281627223886533e+19,1.2674855720658629,-2.3164794488501728
1.2589254117941712e+21,8192,exponential,7.516183240628139e-23,0.09462314081328228,1.3197916077190313,1.6615191932301727e+21,0.010513084671979317,1.3235189449898551e+19,1.2353303221362744,-2.258735939378065
1.333521432163324e+21,8192,exponential,7.032171917707566e-23,0.09377551966920103,1.3201494312512936,1.7604475602318226e+21,0.0102492535808122,1.3667599313689762e+19,1.2039820153378233,-2.202390982087299
1.4125375446227498e+21,8192,exponential,6.579355266487873e-23,0.09293586333325538,1.3204983246701265,1.865253461207995e+21,0.009991900591403046,1.411393472749506e+19,1.1734208330564266,-2.147412704154472
1.4962356560944358e+21,8192,exponential,6.155720496327471e-23,0.09210408495556499,1.3208385047321847,1.9762856667227538e+21,0.009740873650823415,1.4574642477872773e+19,1.1436274225003373,-2.0937698612849887
1.584893192461111e+21,8192,exponential,5.759384886320721e-23,0.09128009899093122,1.321170183234967,2.0939136294916978e+21,0.009496023932588527,1.5050183686207343e+19,1.1145828867495267,-2.0414318301845036
1.678804018122566e+21,8192,exponential,5.388587363038104e-23,0.09046382117072851,1.3214935671153034,2.218528710396294e+21,0.009257205785045314,1.5541034268521535e+19,1.0862687749832123,-1.990368600869452
1.7782794100389228e+21,8192,exponential,5.041680625068163e-23,0.0896551684755088,1.3218088585466217,2.3505454771605083e+21,0.0090242766797184,1.6047685410037647e+19,1.0586670728523595,-1.9405507688029067
1.8836490894897945e+21,8192,exponential,4.7171237787380286e-23,0.08885405910830546,1.3221162550350016,2.490403079996338e+21,0.008797097159666171,1.657064405495844e+19,1.0317601930351028,-1.8919495269107411
1.995262314968883e+21,8192,exponential,4.413475451722289e-23,0.08806041246861751,1.3224159495140266,2.6385667087791303e+21,0.008575530787902793,1.7110433411957856e+19,1.0055309659400269,-1.8445366574614264
2.1134890398366433e+21,8192,exponential,4.1293873534260413e-23,0.08727414912705982,1.3227081304382964,2.795529136584157e+21,0.008359444095934176,1.766759347588402e+19,0.9799626305822873,-1.7982845238504352
2.238721138568347e+21,8192,exponential,3.8635982530621453e-23,0.08649519080065962,1.3229929818756703,2.961812354702633e+21,0.008148706532454987,1.8242681566196955e+19,0.9550388256143627,-1.7531660622875145
2.3713737056616553e+21,8192,exponential,3.6149283482448533e-23,0.08572346032878765,1.3232706835982735,3.1379693045578696e+21,0.007943190412250603,1.8836272882674844e+19,0.9307435805180564,-1.7091547734084944
2.5118864315095717e+21,8192,exponential,3.382273998695366e-23,0.08495888164970512,1.3235414111720663,3.324585712264144e+21,0.007742770865344052,1.944896107894535e+19,0.9070613069592781,-1.6662247138275799
2.660725059798814e+21,8192,exponential,3.164602801316126e-23,0.08420137977771344,1.3238053360451578,3.5222820319107413e+21,0.007547325786426821,2.0081358854411633e+19,0.8839767903008777,-1.624350487639692
2.818382931264449e+21,8192,exponential,2.9609489844394176e-23,0.0834508807808886,1.3240626256347876,3.7317155040142756e+21,0.007356735784609497,2.073409856516578e+19,0.8614751812640042,-1.5835072378771131
2.9853826189179696e+21,8192,exponential,2.77040910050468e-23,0.08270731175938838,1.3243134434129227,3.9535823359643453e+21,0.007170884133523723,2.1407832854496367e+19,0.8395419877582411,-1.5436706379523102
3.1622776601683794e+21,8192,exponential,2.592137997773168e-23,0.08197060082431681,1.3245579489904933,4.1886200116910846e+21,0.006989656721808066,2.2103235303619396e+19,0.8181630668526063,-1.5048168830723352
3.3496543915782654e+21,8192,exponential,2.425345052951919e-23,0.08124067707713016,1.324796298200322,4.437609738213338e+21,0.006812942004004794,2.2821001103282684e+19,0.7973246169097337,-1.4669226816583225
3.5481338923357606e+21,8192,exponential,2.269290647782404e-23,0.0805174705895732,1.3250286431786304,4.7013790371777657e+21,0.006640630951894567,2.3561847746911e+19,0.7770131698655591,-1.4299652467631763
3.7583740428844353e+21,8192,exponential,2.1232828737526453e-23,0.07980091238413012,1.3252551324452433,4.980804489981577e+21,0.006472617006293085,2.432651574598429e+19,0.7572155836595762,-1.3939222875038126
3.9810717055349854e+21,8192,exponential,1.9866744501239044e-23,0.07909093441497551,1.3254759109823737,5.276814645580137e+21,0.006308796029331721,2.511576936836398e+19,0.7379190348108633,-1.358772000512587
4.2169650342858226e+21,8192,exponential,1.858859841428426e-23,0.07838746954941761,1.3256911203121522,5.590393100619545e+21,0.006149066257242308,2.5930397400297603e+19,0.7191110111469445,-1.324493061424581
4.4668359215096167e+21,8192,exponential,1.7392725614948654e-23,0.07769045154981309,1.325900898572634,5.92258176210612e+21,0.0059933282536650655,2.6771213932869616e+19,0.7007793046685418,-1.291064616393467
4.731512589614812e+21,8192,exponential,1.6273826519019393e-23,0.07699981505594766,1.3261053805926628,6.274484303430127e+21,0.005841484863495944,2.7639059173675426e+19,0.6829120045636738,-1.2584662736570773
5.011872336272714e+21,8192,exponential,1.5226943235473966e-23,0.0763154955678669,1.3263046979652446,6.647269825200547e+21,0.0056934411672888464,2.85348002845312e+19,0.6654974903551603,-1.2266780951461165
5.308844442309901e+21,8192,exponential,1.4247437507555863e-23,0.07563742942914556,1.3264989791196544,7.042176733029135e+21,0.005549104436225717,2.9459332246054113e+19,0.6485244251985156,-1.195680588159509
5.623413251903491e+21,8192,exponential,1.333097008035261e-23,0.0749655538105838,1.326688349392159,7.460516845117836e+21,0.005408384087667863,3.0413578749975433e+19,0.6319817493025903,-1.1654546970874202
5.956621435290085e+21,8192,exponential,1.2473481402415432e-23,0.07429980669432,1.3268729310955663,7.903679743270035e+21,0.005271191641297336,3.139849312007364e+19,0.6158586734982485,-1.1359817952128148
6.309573444801943e+21,8192,exponential,1.1671173574976578e-23,0.07364012685834638,1.3270528435872664,8.373137381747123e+21,0.005137440675859737,3.2415059262649946e+19,0.6001446729308357,-1.1072436765754756
6.683439175686135e+21,8192,exponential,1.0920493467934748e-23,0.07298645386141964,1.3272282033361407,8.870448969252286e+21,0.005007046786515157,3.3464292647488774e+19,0.5848294808894705,-1.0792225479163808
7.079457843841402e+21,8192,exponential,1.0218116927030271e-23,0.07233872802835306,1.3273991239881247,9.397266140225935e+21,0.004879927542804581,3.454724132028559e+19,0.5699030827631901,-1.0519010206990642
7.498942093324559e+21,8192,exponential,9.56093400154474e-24,0.07169689043568186,1.327565716430525,9.95533843259544e+21,0.004756002447238053,3.5664986947548045e+19,0.555355710125971,-1.025262103215796
7.943282347242789e+21,8192,exponential,8.94603512644314e-24,0.0710608828976897,1.327728088855023,1.054651909014051e+22,0.004635192894508548,3.6818645895014953e+19,0.5411778349443619,-0.9992891927769199
8.413951416451964e+21,8192,exponential,8.370698197172113e-24,0.07043064795278821,1.3278863468195206,1.117277120870933e+22,0.004517422131335939,3.8009370340665475e+19,0.527360163912971,-0.9739660679939366
8.912509381337441e+21,8192,exponential,7.832376479334788e-24,0.06980612885023801,1.3280405933086967,1.18361742466607e+22,0.004402615216943888,3.923834942343137e+19,0.5138936329033283,-0.9492768811468877
9.440608762859265e+21,8192,exponential,7.32868729921287e-24,0.06918726953720443,1.3281909287933649,1.2538930921116826e+22,0.004290698984170596,4.050681042875227e+19,0.5007694015441544,-0.9252061506575315
1e+22,8192,exponential,6.857401464613556e-24,0.06857401464613556,1.3283374512886428,1.3283374512886428e+22,0.004181602001216215,4.181602001216215e+19,0.4879788479089875,-0.9017387536493948
1.0592537251772853e+22,8192,exponential,6.416433368792665e-24,0.06796630948245469,1.3284802564109301,1.407197660427753e+22,0.004075254534025841,4.3167285462124945e+19,0.47551356331847483,-0.8788599186055124
1.1220184543019653e+22,8192,exponential,6.003831733273092e-24,0.06736410001256164,1.3286194374337235,1.4907355275449332e+22,0.0039715885093079455,4.4561956003371475e+19,0.46336534726809653,-0.8565552181378555
1.1885022274370165e+22,8192,exponential,5.617770948238862e-24,0.06676733285212848,1.3287550853422547,1.5792283786475328e+22,0.003870537478188047,4.600142414204947e+19,0.4515262024524347,-0.8348105618436796
1.2589254117941714e+22,8192,exponential,5.256542971864826e-24,0.06617595525468684,1.3288872888870187,1.67296997739013e+22,0.003772036580494424,4.748712705401621e+19,0.43998832990990167,-0.8136121892758363
1.3335214321633241e+22,8192,exponential,4.918549752446875e-24,0.0655899151004952,1.3290161346362077,1.7722714992282408e+22,0.0036760225096750766,4.902054801766525e+19,0.4287441242680101,-0.7929466630092752
1.4125375446227496e+22,8192,exponential,4.6022961395367486e-24,0.06500916088567998,1.3291417070269609,1.8774625632995533e+22,0.0035824334783417597,5.0603217892712055e+19,0.41778616909851074,-0.7728008618173021
1.4962356560944358e+22,8192,exponential,4.3063832524771766e-24,0.06443364171164279,1.329264088415627,1.9888923254533277e+22,0.0034912091844385303,5.223671664641304e+19,0.4071072323737823,-0.7531619739502005
1.584893192461111e+22,8192,exponential,4.029502276778368e-24,0.06386330727472582,1.3293833591268567,2.1069306360512394e+22,0.003402290778030627,5.392267492873957e+19,0.3967002620290927,-0.7340174905238972
1.6788040181225657e+22,8192,exponential,3.770428660691101e-24,0.06329810785612704,1.3294995975017267,2.2319692663782327e+22,0.003315620828709413,5.566277569808234e+19,0.38655838161587575,-0.7153551990067508
1.7782794100389228e+22,8192,exponential,3.528016686122928e-24,0.06273799431206155,1.3296128799447997,2.3644232077283913e+22,0.003231143293608625,5.745875589909567e+19,0.3766748860618341,-0.6971631768207365
1.8836490894897943e+22,8192,exponential,3.301194389715189e-24,0.06218291806415833,1.3297232809701394,2.504732047472785e+22,0.00314880348602678,5.931240819436634e+19,0.36704323752436707,-0.6794297850472808
1.995262314968883e+22,8192,exponential,3.088958811465832e-24,0.06163283109008845,1.3298308732463584,2.6533614266706202e+22,0.003068548044650449,6.122558275162494e+19,0.3576570613357477,-0.6621436622366139
2.1134890398366432e+22,8192,exponential,2.8903715497449882e-24,0.06108768591441686,1.3299357276406478,2.8108045840556803e+22,0.0029903249033726223,6.3200189088286065e+19,0.3485101420432457,-0.6452937183261898
2.238721138568347e+22,8192,exponential,2.7045546029190325e-24,0.0605474355996716,1.3300379132618985,2.9775839915167455e+22,0.002914083261699792,6.5238197975155204e+19,0.33959641953866804,-0.6288691286641113
2.371373705661655e+22,8192,exponential,2.5306864790794915e-24,0.0600120337376258,1.3301374975027909,3.1542530864927136e+22,0.0028397735557418686,6.734164340119569e+19,0.33090998527940396,-0.6128593281410577
2.511886431509572e+22,8192,exponential,2.3679985565683682e-24,0.059481434440783354,1.3302345460810372,3.3413981070262517e+22,0.002767347429778105,6.951262460132509e+19,0.3224450785894728,-0.5972540054201336
2.660725059798814e+22,8192,exponential,2.2157716791123052e-24,0.05895559233406606,1.3303291230796077,3.5396400355580926e+22,0.002696757708392285,7.175330814924975e+19,0.3141960830549628,-0.5820430972808377
2.8183829312644493e+22,8192,exponential,2.0733329704235145e-24,0.05843446254669452,1.33042129098616,3.7496366579062063e+22,0.0026279583691703108,7.406593011743162e+19,0.3061575229961644,-0.567216783060176
2.9853826189179694e+22,8192,exponential,1.9400528541044743e-24,0.05791800070425697,1.330511110731497,3.972084744255053e+22,0.0025609045159528505,7.645279830634175e+19,0.2983240600252346,-0.5527654792005676
3.1622776601683792e+22,8192,exponential,1.815342265609465e-24,0.05740616292096264,1.3305986417272269,4.2077223593843985e+22,0.0024955523526360465,7.891629454521611e+19,0.29069048968120015,-0.5386798338978482
3.3496543915782655e+22,8192,exponential,1.6986500438710394e-24,0.05689890579207241,1.3306839419025405,4.4573313097965226e+22,0.002431859157512479,8.145887706661496e+19,0.28325173814505167,-0.5249507218522576
3.5481338923357603e+22,8192,exponential,1.5894604910012952e-24,0.056396186386503344,1.3307670677401262,4.7217397358530205e+22,0.0023697832581451427,8.408308295714646e+19,0.2760028590325758,-0.511569239121179
3.7583740428844353e+22,8192,exponential,1.4872910892259375e-24,0.05589796223960082,1.3308480743112991,5.001824857514323e+22,0.002309284006766798,8.679153068680498e+19,0.26893903025693167,-0.4985266980662706
3.981071705534985e+22,8192,exponential,1.3916903649096889e-24,0.05540419134607621,1.3309270153103707,5.298515882784245e+22,0.002250321756196335,8.958692271943028e+19,0.26205555097995603,-0.48581462241408246
4.2169650342858225e+22,8192,exponential,1.3022358901868789e-24,0.0549148321531014,1.3310039430881195,5.612797088499157e+22,0.0021928578362654964,9.247204820691263e+19,0.255347838617781,-0.47342474239715493
4.466835921509617e+22,8192,exponential,1.2185324133231758e-24,0.05442984355355766,1.3310789086846087,5.945711083676229e+22,0.002136854530747173,9.544978576982047e+19,0.24881142592068084,-0.46134898999491414
4.7315125896148125e+22,8192,exponential,1.1402101095081056e-24,0.05394918487943686,1.3311519618611425,6.298362266236452e+22,0.002082275054777525,9.852310636720734e+19,0.24244195813103442,-0.44957949427949506
5.011872336272714e+22,8192,exponential,1.0669229443133552e-24,0.05347281589538738,1.3312231511315988,6.671920484562251e+22,0.002029083532764339,1.01695076258481e+20,0.23623519020046224,-0.43810857684710713
5.308844442309901e+22,8192,exponential,9.983471425534971e-25,0.05300069679241104,1.3312925237928999,7.067624916026658e+22,0.0019772449767720096,1.0496886006021253e+20,0.23018698413874716,-0.4269287474078842
5.623413251903491e+22,8192,exponential,9.34179755753693e-25,0.05253278818165283,1.3313601259548962,7.486788175350664e+22,0.001926725265382955,1.0834772390131779e+20,0.22429330611488663,-0.4160326991577312
5.9566214352900855e+22,8192,exponential,8.741373218706232e-25,0.052069051088416224,1.3314260025694833,7.930800666407977e+22,0.0018774911230086209,1.1183503867880006e+20,0.21855022424781545,-0.4054133048617681
6.309573444801943e+22,8192,exponential,8.179546113174156e-25,0.0516094469462166,1.331490197459048,8.401135191901705e+22,0.0018295100996672537,1.154342834185746e+20,0.21295390582716234,-0.39506361240078114
6.683439175686135e+22,8192,exponential,7.653834537329632e-25,0.051153937591008426,1.3315527533442653,8.8993518361938e+22,0.0017827505512015682,1.1914904874376611e+20,0.2075006149159231,-0.3849768407242937
7.079457843841402e+22,8192,exponential,7.161916402911094e-25,0.05070248525552534,1.3316137118712268,9.427103137473521e+22,0.0017371816199359964,1.2298304045433002e+20,0.20218670994525123,-0.37514637582407584
7.498942093324558e+22,8192,exponential,6.701618966824318e-25,0.05025505256374111,1.331673113637928,9.986139566408037e+22,0.0016927732157644823,1.269400832214865e+20,0.19700864136478202,-0.36556576679077635
7.94328234724279e+22,8192,exponential,6.270909222147555e-25,0.04981160252544669,1.331730998220146,1.0578315329438103e+23,0.0016494959976607443,1.3102412440066223e+20,0.19196294935788227,-0.35622872196282573
8.413951416451964e+22,8192,exponential,5.86788490772621e-25,0.049372098530940045,1.3317874041966913,1.1205594515953636e+23,0.0016073213556035818,1.3523923796674249e+20,0.18704626159957716,-0.34712910514582695
8.91250938133744e+22,8192,exponential,5.490766096504705e-25,0.04893650434582774,1.3318423691740375,1.1870057609726293e+23,0.0015662213929090994,1.3958962857553741e+20,0.1822552910805575,-0.33826093192538265
9.440608762859264e+22,8192,exponential,5.1378873253128295e-25,0.04850478410593184,1.3318959298104571,1.2573908386185189e+23,0.001526168908962455,1.4407963575554315e+20,0.17758683397848252,-0.32961836605425177
1e+23,8192,exponential,4.807690231230245e-25,0.04807690231230244,1.3319481218394134,1.3319481218394133e+23,0.0014871373823414592,1.487137382341459e+20,0.17303776757551237,-0.32119571591329166
1.0592537251772854e+23,8192,exponential,4.498716661898491e-25,0.047652823826330994,1.331998980092589,1.4109248815954197e+23,0.001449100954324333,1.534965584026009e+20,0.16860504824069977,-0.3129874310639602
1.1220184543019653e+23,8192,exponential,4.209602229256293e-25,0.04723251386496253,1.3320485385222307,1.4945830422479052e+23,0.0014120344127743728,1.584328669242285e+20,0.16428570944717613,-0.30498809886266853
1.1885022274370166e+23,8192,exponential,3.939070278140032e-25,0.04681593799600377,1.332096830222989,1.5832000498818116e+23,0.001375913176394041,1.6352758749042583e+20,0.16007685984416042,-0.2971924411560578
1.2589254117941714e+23,8192,exponential,3.6859262430323344e-25,0.04640306213352425,1.332143887453246,1.677069792081166e+23,0.0013407132793410775,1.68785801729238e+20,0.1559756813756863,-0.28959531105013925
1.3335214321633241e+23,8192,exponential,3.4490523679649413e-25,0.04599385253334913,1.33218974165597,1.776503572206358e+23,0.0013064113561995611,1.7421275427136694e+20,0.15197942744520354,-0.2821916897507659
1.4125375446227497e+23,8192,exponential,3.227402766190899e-25,0.04558827578863963,1.3322344234789307,1.8818311414028332e+23,0.0012729846272986202,1.798138579786899e+20,0.14808542112367817,-0.27497668347381543
1.4962356560944359e+23,8192,exponential,3.019998797750041e-25,0.0451862988255594,1.332277962794619,1.9934017917621654e+23,0.0012404108843719322,1.8559469934049175e+20,0.14429105340174608,-0.26794552042497255
1.584893192461111e+23,8192,exponential,2.82592474446034e-25,0.04478788889902597,1.332320388719516,2.1115855142587022e+23,0.0012086684765507851,1.9156104404276812e+20,0.1405937814864533,-0.2610935478494114
1.6788040181225658e+23,8192,exponential,2.6443237631863193e-25,0.04439301358854177,1.3323617296330073,2.236774225300624e+23,0.0011777362966840625,1.9771884271619945e+20,0.13699112713942974,-0.2544162291479024
1.7782794100389228e+23,8192,exponential,2.47439409947072e-25,0.04400164079410583,1.3324020131957464,2.3693830659604048e+23,0.0011475937679783022,2.0407423686847998e+20,0.1334806750523665,-0.24790914105518036
1.8836490894897944e+23,8192,exponential,2.315385544768084e-25,0.04361373873220233,1.3324412663676777,2.5098517781921046e+23,0.0011182208309510008,2.106335650069374e+20,0.13006007126770136,-0.24156797088770166
1.9952623149688827e+23,8192,exponential,2.166596121600099e-25,0.04322927593186416,1.3324795154255382,2.6586461625965744e+23,0.001089597930690839,2.1740336895755076e+20,0.12672702163449845,-0.23538851385072057
2.1134890398366435e+23,8192,exponential,2.027368981961785e-25,0.042848221230810064,1.332516785979934,2.816259622566941e+23,0.0010617060044181288,2.2439040038664703e+20,0.12347929030409599,-0.22936667040909242
2.238721138568347e+23,8192,exponential,1.8970895052526533e-25,0.042470543771652824,1.3325531029920659,2.9832147999331816e+23,0.0010345264693391349,2.3160162753180002e+20,0.12031469826252472,-0.22349844371826189
2.371373705661655e+23,8192,exponential,1.775182582891602e-25,0.04209621299817687,1.3325884907899852,3.160065307526719e+23,0.0010080412107881217,2.3904424214862896e+20,0.11723112189798712,-0.2177799371132494
2.5118864315095718e+23,8192,exponential,1.661110077600439e-25,0.041725198651683545,1.3326229730844643,3.3473975644088113e+23,0.0009822325706506925,2.4672566668042414e+20,0.11422649160419684,-0.21220735165655702
2.660725059798814e+23,8192,exponential,1.5543684461155817e-25,0.041357470767402704,1.3326565729845077,3.545832739845487e+23,0.0009570833360625285,2.5465356165774193e+20,0.11129879042255375,-0.2067769837470146
2.818382931264449e+23,8192,exponential,1.4544865148106978e-25,0.04099299967096787,1.332689313012441,3.7560288124728085e+23,0.0009325767283775029,2.6283583333535967e+20,0.1084460527109865,-0.20148522277783076
2.9853826189179693e+23,8192,exponential,1.3610233983904103e-25,0.04063175597495398,1.332721215118653,3.978682751478462e+23,0.0009086963923991906,2.7128064157420064e+20,0.10566636284721209,-0.19632854885034412
3.162277660168379e+23,8192,exponential,1.2735665524491777e-25,0.04027371057547695,1.3327523006959914,4.214532827028944e+23,0.0008854263858700786,2.799964079760577e+20,0.10295785397191892,-0.19130353054931382
3.3496543915782654e+23,8192,exponential,1.1917299512814158e-25,0.039918834648851466,1.3327825905937507,4.4643610576014146e+23,0.0008627511692127591,2.8899182427928016e+20,0.10031870675255572,-0.18640682275992138
3.5481338923357603e+23,8192,exponential,1.1151523828842908e-25,0.03956709964830737,1.3328121051313706,4.7289958023319886e+23,0.000840655595517528,2.982758610237443e+20,0.09774714818280295,-0.18163516454112738
3.758374042884436e+23,8192,exponential,1.0434958536129012e-25,0.039218477300762646,1.3328408641117737,5.0093145069733515e+23,0.0008191249007708902,3.078577764937603e+20,0.09524145041501786,-0.1769853770519858
3.9810717055349855e+23,8192,exponential,9.764440954330122e-26,0.03887293960365068,1.332868886834368,5.306246612564216e+23,0.0007981446943195816,3.1774712594785567e+20,0.09279992961384043,-0.17245436151970273
4.2169650342858225e+23,8192,exponential,9.137011691710093e-26,0.03853045882180221,1.3328961921077436,5.6207766364510734e+23,0.0007777009495648513,3.27953771144586e+20,0.09042094484781327,-0.16803909726484934
4.466835921509616e+23,8192,exponential,8.549901575850019e-26,0.03819100748437854,1.3329227982620304,5.953947435875953e+23,0.0007577799948817828,3.384878901739321e+20,0.08810289699967555,-0.1637366397647666
4.731512589614813e+23,8192,exponential,8.000519424791002e-26,0.03785455838185649,1.3329487231609873,6.306863664947201e+23,0.0007383685047585785,3.4935998760402787e+20,0.08584422770827604,-0.1595441187675295
5.011872336272715e+23,8192,exponential,7.486440604544095e-26,0.03752108456306333,1.332973984213756,6.680695436452147e+23,0.0007194534911508024,3.6058090495335334e+20,0.08364341834026234,-0.1554587364540616
5.308844442309901e+23,8192,exponential,7.005396322382633e-26,0.03719055933225926,1.3329985983863488,7.076682200650255e+23,0.0007010222950457018,3.7216183149887055e+20,0.08149898897911179,-0.15147776563617654
5.623413251903491e+23,8192,exponential,6.555263608590549e-26,0.03686295624626879,1.3330225822128248,7.49613685390221e+23,0.0006830625782317764,3.8411431543079364e+20,0.07940949744795756,-0.14759854800592276
5.956621435290085e+23,8192,exponential,6.134055942381277e-26,0.03653824911165684,1.3330459518062128,7.94045009075556e+23,0.0006655623152689196,3.9645027536521436e+20,0.0773735383509555,-0.14381849242147693
6.309573444801942e+23,8192,exponential,5.739914480556098e-26,0.03621641198195089,1.3330687228691516,8.411095013911239e+23,0.0006485097856544934,4.0918201222597915e+20,0.07538974213934235,-0.14013507323442642
6.683439175686135e+23,8192,exponential,5.371099850133969e-26,0.035897419154907295,1.3330909107042688,8.909632017352017e+23,0.0006318935661808203,4.223222215076914e+20,0.07345677420542707,-0.136545828662471
7.079457843841402e+23,8192,exponential,5.0259844686797726e-26,0.03558124516982008,1.3331125302242885,9.437713958819597e+23,0.0006157025234796281,4.3588400593207984e+20,0.07157333399521182,-0.13304835919667468
7.498942093324558e+23,8192,exponential,4.7030453583935417e-26,0.03526786480487201,1.3331335959619237,9.997091638784005e+23,0.0005999258067492061,4.498808885103316e+20,0.06973815414237361,-0.12964032604689812
7.94328234724279e+23,8192,exponential,4.400857422204181e-26,0.03495725307452688,1.333154122079466,1.0589619604067781e+24,0.000584552840659856,4.6432682602440616e+20,0.06794999962826953,-0.126319449628709
8.413951416451965e+23,8192,exponential,4.1180871521566866e-26,0.03464938522696139,1.3331741223781697,1.1217262295360906e+24,0.0005695733184336446,4.7923622294080094e+20,0.06620766695881741,-0.12308350808307722
8.912509381337441e+23,8192,exponential,3.853486742291981e-26,0.034344236741536735,1.3331936103074247,1.1882100559004054e+24,0.0005549771950942581,4.9462394577059145e+20,0.06450998336406943,-0.11993033583379553
9.440608762859264e+23,8192,exponential,3.60588858000697e-26,0.03404178332630795,1.3332125989736388,1.258633854462491e+24,0.000540754680882994,5.105053378901158e+20,0.0628558060185691,-0.11685782218082696
1e+24,8192,exponential,3.3742000915571126e-26,0.03374200091557113,1.3332311011489482,1.333231101148948e+24,0.000526896234837022,5.26896234837022e+20,0.061244021280959515,-0.11386390992742523
1e+19,8192,power,2.158897180101924e-20,0.21588971801019238,1.1317494226767288,1.1317494226767288e+19,0.1367310893069731,1.367310893069731e+18,18.6256485475381,-27.22746545431278
1.0592537251772854e+19,8192,power,2.0164850002374054e-20,0.2135969248265591,1.1360002005321388,1.2033124442158113e+19,0.1341016802044968,1.420477043091463e+18,18.207284505245248,-26.747465402009084
1.1220184543019653e+19,8192,power,1.8835249768056266e-20,0.21133497831145942,1.1401792534594668,1.2793021635937597e+19,0.13150839102626832,1.4755484162703204e+18,17.797348722167715,-26.272397605304132
1.1885022274370165e+19,8192,power,1.7593854930333155e-20,0.2091033577390469,1.1442871066940148,1.3599877751332954e+19,0.12895121018745953,1.5325880053849454e+18,17.395703587944865,-25.80232809286671
1.2589254117941713e+19,8192,power,1.6434774405490797e-20,0.20690155136176808,1.1483243086679853,1.4456546531631004e+19,0.12643010970775012,1.5916607792701156e+18,17.002212875037802,-25.33731894239888
1.3335214321633241e+19,8192,power,1.5352513379598952e-20,0.2047290562926939,1.1522914299047757,1.536605317876141e+19,0.12394504547257003,1.6528337454812992e+18,16.616741738123373,-24.877428277432557
1.4125375446227497e+19,8192,power,1.4341946460822708e-20,0.20258537838881444,1.1561890619209756,1.6331604586455351e+19,0.12149595751143247,1.7161760150478874e+18,16.239156713854385,-24.422710270414427
1.496235656094436e+19,8192,power,1.3398292663237754e-20,0.20047003213524808,1.1600178161376595,1.7356600182099657e+19,0.11908277029257479,1.7817588693825364e+18,15.869325720936466,-23.97321515195008
1.5848931924611109e+19,8192,power,1.2517092096424258e-20,0.19838254053031582,1.16377832280244,1.8444643413433965e+19,0.11670539303306769,1.8496558294160735e+18,15.507118060495696,-23.528989226073882
1.6788040181225658e+19,8192,power,1.1694184243791765e-20,0.19632243497143215,1.1674712299236178,1.9599553918382637e+19,0.11436372002353586,1.9199427270295613e+18,15.15240441667849,-23.090074891376734
1.7782794100389229e+19,8192,power,1.0925687720667782e-20,0.19428925514178608,1.1710972022177408,2.0825380418579972e+19,0.1120576309666034,1.9926977788565082e+18,14.805056857469578,-22.65651066783785
1.8836490894897943e+19,8192,power,1.020798141069014e-20,0.19228254889775226,1.1746569200718586,2.2126414379562426e+19,0.10978699132818252,2.0680016625315494e+18,14.464948835664938,-22.228331229162677
1.9952623149688828e+19,8192,power,9.537686886046731e-21,0.19030187215701957,1.178151078521544,2.350720448313982e+19,0.10755165270067377,2.1459375954627564e+18,14.131955189971723,-21.8055674404374
2.1134890398366433e+19,8192,power,8.911652023610829e-21,0.1883467887873953,1.1815803862457748,2.4972571960163926e+19,0.10535145317716257,2.2265914162079642e+18,13.805952146204703,-21.388246400900325
2.238721138568347e+19,8192,power,8.326935735080853e-21,0.18641687049625663,1.1849455645797349,2.6527626834774565e+19,0.10318621773567374,2.3100516685376886e+18,13.486817318528432,-20.976391491603852
2.3713737056616554e+19,8192,power,7.780793734876658e-21,0.18451169672063453,1.1882473465463692,2.817778513422293e+19,0.10105575863254643,2.3964096882691144e+18,13.174429710718162,-20.57002242774991
2.511886431509572e+19,8192,power,7.270665274788802e-21,0.18263085451789804,1.191486475907581,2.992878712159409e+19,0.09895987580398898,2.485759692959123e+18,12.868669717406611,-20.169155315467258
2.660725059798814e+19,8192,power,6.794160779268984e-21,0.18077393845703224,1.1946637062358596,3.1786716612138803e+19,0.09689835727487109,2.578198874545882e+18,12.569419125277271,-19.773802712788545
2.8183829312644493e+19,8192,power,6.3490503197948826e-21,0.1789405505104899,1.1977798000069844,3.3758021437530305e+19,0.09487097957382493,2.673827495032064e+18,12.276561114175122,-19.383973694586132
2.9853826189179695e+19,8192,power,5.9332528709771145e-21,0.1771302999466022,1.2008355277144929,3.5849535126180348e+19,0.09287750815372615,2.7727489853054607e+18,11.989980258103605,-18.99967392121813
3.162277660168379e+19,8192,power,5.544826295019712e-21,0.17534280322255036,1.203831667006387,3.806849987177557e+19,0.0909176978166394,2.875070047194982e+18,11.709562526075334,-18.62090571063135
3.3496543915782656e+19,8192,power,5.181958004810751e-21,0.1735776838778848,1.2067690018446684,4.0422590866495136e+19,0.0889912931423202,2.9809007588640164e+18,11.435195282798594,-18.24766811367492
3.5481338923357606e+19,8192,power,4.842956259338593e-21,0.17183457242858877,1.2096483216880272,4.29199420798836e+19,0.08709802891940503,3.090354683645812e+18,11.166767289156333,-17.879956992358892
3.758374042884435e+19,8192,power,4.5262420483070625e-21,0.1701131062616934,1.2124704206980739,4.556917356916812e+19,0.08523763057840275,3.203548982428415e+18,10.904168702465999,-17.517765100812
3.981071705534986e+19,8192,power,4.230341525782845e-21,0.16841292953043785,1.2152360969694243,4.8379420411897455e+19,0.08340981462565186,3.320604529701009e+18,10.647291076493248,-17.16108216868263
4.216965034285823e+19,8192,power,3.953878955465981e-21,0.16673369304998595,1.21794615178385,5.136036335715469e+19,0.08161428907742418,3.4416460333759314e+18,10.396027361191717,-16.809894986726448
4.466835921509617e+19,8192,power,3.695570132737522e-21,0.16507505419370025,1.2206013888886342,5.45222612973228e+19,0.07985075389336836,3.566802158505217e+18,10.150271902153518,-16.464187494335015
4.731512589614812e+19,8192,power,3.4542162510296744e-21,0.16343667678998985,1.2232026137993197,5.787598566841227e+19,0.07811890140852663,3.696205655013221e+18,9.909920439759912,-16.12394086876412
5.011872336272715e+19,8192,power,3.2286981822864994e-21,0.16181823101975706,1.2257506331268095,6.143305689337022e+19,0.07641841676315272,3.8299934895700424e+18,9.674870108047129,-15.789133615843532
5.308844442309901e+19,8192,power,3.017971143351355e-21,0.16021939331432497,1.2282462539289551,6.520568298958688e+19,0.07474897832983113,3.9683069817466716e+18,9.44501943295104,-15.459741661702342
5.6234132519034905e+19,8192,power,2.8210597220558163e-21,0.15863984625419855,1.2306902830864481,6.9206800468971905e+19,0.07311025813666257,4.111291944557933e+18,9.220268330777891,-15.135738445888514
5.956621435290085e+19,8192,power,2.637053238562397e-21,0.15707927846821912,1.2330835267030644,7.3450117666625675e+19,0.07150192228661853,4.259098829569178e+18,9.000518105716493,-14.817095014827586
6.309573444801943e+19,8192,power,2.4651014192031016e-21,0.15553738453347474,1.2354267895300297,7.795016064215595e+19,0.06992363137187999,4.41188287668134e+18,8.78567144727176,-14.503780116030573
6.683439175686135e+19,8192,power,2.3044103616014217e-21,0.15401386487583993,1.2377208744143637,8.272232180625457e+19,0.0683750408828164,4.569804268753562e+18,8.575632427238045,-14.195760292576498
7.0794578438414025e+19,8192,power,2.1542387713187054e-21,0.15250842567119474,1.2399665817710162,8.778291143420032e+19,0.06685580161100135,4.733028291213082e+18,8.37030649629078,-13.892999977725673
7.498942093324558e+19,8192,power,2.013894451615708e-21,0.15102077874733813,1.2421647090785255,9.31492122375121e+19,0.06536556004577447,4.901725496809922e+18,8.169600480165574,-13.595461589450542
7.94328234724279e+19,8192,power,1.8827310291761953e-21,0.1495506414866152,1.244316050397903,9.883953717516532e+19,0.06390395876385553,5.076071875678647e+18,7.973422575430855,-13.30310562470295
8.413951416451965e+19,8192,power,1.7601448998113366e-21,0.14809773672928297,1.2464213959144521,1.048732906965044e+20,0.062470636811578883,5.256249030874404e+18,7.78168234484844,-13.015890753236937
8.91250938133744e+19,8192,power,1.6455723792531676e-21,0.1466617926776363,1.2484815315021436,1.1127103361939389e+20,0.06106523007933344,5.442444359555885e+18,7.594290712330132,-12.733773910824597
9.440608762859264e+19,8192,power,1.5384870451608143e-21,0.1452425428009064,1.2504972383102482,1.180545518592304e+20,0.059687371667844956,5.634851239994949e+18,7.41115995746211,-12.456710391681302
1e+20,8192,power,1.4383972574097043e-21,0.14383972574097043,1.252469292371716,1.252469292371716e+20,0.05833669224595167,5.833669224595167e+18,7.232203709634533,-12.184653939976576
1.0592537251772853e+20,8192,power,1.3448438446136648e-21,0.14245308521887667,1.2543984642330208,1.328726246095493e+20,0.057012820399577134,6.03910423911156e+18,7.057336941749104,-11.917556840264842
1.1220184543019654e+20,8192,power,1.2573979456513549e-21,0.14108236994221998,1.2562855186049071,1.4095755357470209e+20,0.05571538297162577,6.251368788266558e+18,6.886475963520899,-11.655370006711852
1.1885022274370165e+20,8192,power,1.1756589957319757e-21,0.1397273335133819,1.2581312140336591,1.4952917502870415e+20,0.05444400539256635,6.470682167965805e+18,6.719538414374804,-11.398043070989338
1.2589254117941713e+20,8192,power,1.0992528472471976e-21,0.13838773433865936,1.2599363025923904,1.5861658285755508e+20,0.05319831200148876,6.697270684322904e+18,6.556443255944999,-11.145524468724489
1.333521432163324e+20,8192,power,1.0278300163196585e-21,0.13706333553830438,1.261701529591904,1.6825060307040525e+20,0.05197792635746893,6.931367879709176e+18,6.397110764178682,-10.897761524394046
1.4125375446227496e+20,8192,power,9.610640465754636e-22,0.13575390485749092,1.2634276333105519,1.7846389669650186e+20,0.05078247154108806,7.173214766052318e+18,6.241462521055818,-10.654700534568784
1.496235656094436e+20,8192,power,8.98649982244153e-22,0.13445921457823334,1.2651153447426693,1.892910687876186e+20,0.049611570445994596,7.423060065613805e+18,6.089421405928319,-10.416286849416512
1.5848931924611108e+20,8192,power,8.403029432252613e-22,0.13317904143227519,1.2667653873650002,2.007687838880151e+20,0.04846484606041624,7.681160459482938e+18,5.940911586495234,-10.182464952389536
1.678804018122566e+20,8192,power,7.857567952600079e-22,0.13191316651496116,1.2683784769206468,2.129358883554562e+20,0.04734192173856471,7.947780844034649e+18,5.795858509409335,-9.953178538013653
1.778279410038923e+20,8192,power,7.347629088122919e-22,0.13066137520012053,1.2699553212199848,2.2583353993948653e+20,0.046242421461892315,8.22319459560251e+18,5.6541888905444315,-9.728370587731161
1.8836490894897945e+20,8192,power,6.870890006961146e-22,0.12942345705596892,1.2714966199579871,2.3950534504732138e+20,0.04516597009019036,8.507683843631036e+18,5.515830704916191,-9.507983443727742
1.995262314968883e+20,8192,power,6.425180528909481e-22,0.1281992057620492,1.2730030645474881,2.5399750415315032e+20,0.0441121936025443,8.801539752576809e+18,5.3807131762765525,-9.291958880702822
2.1134890398366433e+20,8192,power,6.008473033626227e-22,0.1269884190272306,1.2744753379678084,2.693589658337065e+20,0.04308071932817084,9.105062812836772e+18,5.248766766400936,-9.080238175549715
2.238721138568347e+20,8192,power,5.618873040579408e-22,0.1257908985087692,1.2759141146282074,2.856415899415885e+20,0.042071176167199964,9.41856314099434e+18,5.119923164058093,-8.872762174893934
2.3713737056616553e+20,8192,power,5.254610415682611e-22,0.12460644973245605,1.2773200602456527,3.029003204580702e+20,0.041083194801470574,9.742360789678293e+18,4.994115273702704,-8.669471360486424
2.5118864315095718e+20,8192,power,4.91403116261409e-22,0.12343488201385537,1.2786938317363472,3.211933685993514e+20,0.04011640789543096,1.0076786067343649e+19,4.871277203882585,-8.470305912415089
2.660725059798814e+20,8192,power,4.595589759653483e-22,0.1222760083806483,1.28003607712054,3.4058240678411875e+20,0.03917045028725765,1.0422179868291009e+19,4.751344255383927,-8.275205770129446
2.818382931264449e+20,8192,power,4.297842005513041e-22,0.12112964549609323,1.28134743544001,3.6113277410636e+20,0.03824495917031243,1.0778894013251432e+19,4.634252909127556,-8.084110691271428
2.9853826189179696e+20,8192,power,4.0194383401046205e-22,0.11999561358360829,1.2826285366878618,3.829136939956132e+20,0.03733957426507758,1.1147291600875932e+19,4.519940813826917,-7.896960308307754
3.1622776601683794e+20,8192,power,3.7591176084821505e-22,0.1188737363524869,1.2838800017499192,4.0599850478707094e+20,0.03645393798172673,1.1527747370477804e+19,4.408346773422411,-7.713694182968522
3.3496543915782655e+20,8192,power,3.5157012383377284e-22,0.11776384092475119,1.285102442357394,4.3046490396703995e+20,0.03558769557348853,1.1920648076388626e+19,4.299410734307818,-7.534251858502428
3.54813389233576e+20,8192,power,3.2880878034270013e-22,0.11666575776315186,1.2862964610502736,4.563952069044021e+20,0.03474049528098427,1.232639287429908e+19,4.193073772362066,-7.358572909761141
3.7583740428844355e+20,8192,power,3.07524794715781e-22,0.11557932060031559,1.2874626511508866,4.8387662092686714e+20,0.03391198846772562,1.2745393719969628e+19,4.089278079797909,-7.186596991128846
3.9810717055349857e+20,8192,power,2.876219642310067e-22,0.11450436636904565,1.2886015967473012,5.130015356517884e+20,0.033101829746962345,1.317807578070681e+19,3.9879669518430028,-7.018263882319231
4.216965034285823e+20,8192,power,2.690103764471737e-22,0.1134407351337798,1.2897138726859323,5.4386783053499335e+20,0.0323096771000881,1.3624877860013687e+19,3.8890847732714118,-6.853513532070366
4.466835921509617e+20,8192,power,2.5160599582807314e-22,0.11238827002320359,1.2908000445730412,5.765792006585075e+20,0.031535191986808556,1.4086252835837868e+19,3.7925770047938068,-6.692286099760148
4.7315125896148124e+20,8192,power,2.353302776968532e-22,0.11134681716402108,1.2918606687846241,6.112455018382661e+20,0.03077803944729327,1.4562668112852943e+19,3.6983901693148136,-6.534521994970433
5.0118723362727146e+20,8192,power,2.201098077009817e-22,0.1103162256158857,1.2928962924842289,6.479831161971263e+20,0.030037888196524348,1.5054606089221308e+19,3.6064718380926175,-6.380161915053906
5.308844442309901e+20,8192,power,2.0587596509029829e-22,0.10929634730748172,1.293907453648319,6.869153394164235e+20,0.02931441071107304,1.5562564638306994e+19,3.516770616780751,-6.22914688071109
5.6234132519034906e+20,8192,power,1.9256460822456954e-22,0.10828703697376482,1.2948946810987654,7.281727909510142e+20,0.02860728330852663,1.6087057605812617e+19,3.4292361313987385,-6.081418269647165
5.956621435290085e+20,8192,power,1.8011578083293683e-22,0.10728815209434825,1.2958584945420775,7.718938485692078e+20,0.027916186219798536,1.6628615322840164e+19,3.3438190142217605,-5.936917848330414
6.309573444801943e+20,8192,power,1.6847343764674105e-22,0.10629955283303733,1.296799404614921,8.182251086593276e+20,0.027240803654553006,1.7187785135383138e+19,3.2604708896094348,-5.795587801901969
6.683439175686135e+20,8192,power,1.575851881193955e-22,0.10532110197850374,1.2977179129356435,8.67321873830373e+20,0.026580823859977887,1.7765131950778898e+19,3.1791443597870117,-5.657370762283421
7.079457843841402e+20,8192,power,1.474020570330442e-22,0.10435266488609425,1.2986145121613573,9.193486694246997e+20,0.025935939173136066,1.8361238801665161e+19,3.099792990588135,-5.522209834525538
7.498942093324558e+20,8192,power,1.3787826087203625e-22,0.1033941094207697,1.2994896860502718,9.744797906563498e+20,0.025305846067132313,1.897670742800102e+19,3.0223712971733763,-5.390048621448251
7.943282347242789e+20,8192,power,1.2897099891800051e-22,0.10244530590116224,1.300343909528925,1.0328998821905785e+21,0.0246902451913247,1.9612158877734564e+19,2.9468347297346487,-5.260831246619013
8.413951416451965e+20,8192,power,1.206402580911859e-22,0.10150612704474642,1.3011776487639832,1.0948045520873353e+21,0.02408884140581407,2.02682341267136e+19,2.873139659192603,-5.134502375715144
8.91250938133744e+20,8192,power,1.1284863062777812e-22,0.1005764479141156,1.3019913612382672,1.1604010221456361e+21,0.0235013438104379,2.0945594718456435e+19,2.801243362908301,-5.0110072363295455
9.440608762859264e+20,8192,power,1.0556114374362269e-22,0.09965614586434908,1.3027854958307512,1.229908816806574e+21,0.02292746576849801,2.1644923424423813e+19,2.7311040104040174,-4.890291636255584
1e+21,8192,power,9.874510049146718e-23,0.09874510049146717,1.303560492900183,1.303560492900183e+21,0.022366924925444644,2.2366924925444645e+19,2.662680649116944,-4.7723019803141415
1.0592537251772854e+21,8192,power,9.236993107159601e-23,0.09784319358195716,1.3043167843720498,1.3816024126573519e+21,0.021819443222737996,2.3112326514979496e+19,2.595933190186117,-4.656985285764659
1.1220184543019653e+21,8192,power,8.64070539050789e-23,0.09695030906336323,1.3050547938286932,1.4642955625510404e+21,0.02128474690710523,2.388187882491875e+19,2.530822394288923,-4.544289196356777
1.1885022274370166e+21,8192,power,8.082974582478684e-23,0.09606633295592705,1.3057749366021796,1.5519164206831195e+21,0.020762566535407184,2.4676356574640697e+19,2.4673098575298313,-4.434161995067399
1.2589254117941712e+21,8192,power,7.561302078222578e-23,0.09519115332526482,1.3064776198697658,1.6447578755944137e+21,0.02025263697532374,2.5496559344077296e+19,2.4053579973887906,-4.326552615571256
1.333521432163324e+21,8192,power,7.073351650828262e-23,0.09432466023607317,1.3071632427517104,1.7431301995455156e+21,0.019754697402064373,2.634331237155398e+19,2.344930038747428,-4.221410652504409
1.4125375446227498e+21,8192,power,6.616938860326515e-23,0.09346674570684471,1.307832196411214,1.8473620794972743e+21,0.01926849129130453,2.721746737720414e+19,2.2859899999874145,-4.118686370556102
1.4962356560944358e+21,8192,power,6.19002115664996e-23,0.09261730366558592,1.3084848641561462,1.95780170921031e+21,0.01879376640854414,2.811990341277361e+19,2.228502679180089,-4.018330712449258
1.584893192461111e+21,8192,power,5.790688630822025e-23,0.09177622990651779,1.3091216215425545,2.0748179460864457e+21,0.018330274795082317,2.905152773866745e+19,2.172433640358129,-3.920295305840893
1.678804018122566e+21,8192,power,5.417155371682675e-23,0.09094342204775117,1.3097428364795711,2.1988015365891508e+21,0.0178777727507896,3.0013276729107698e+19,2.1177491999042397,-3.8245324692162908
1.7782794100389228e+21,8192,power,5.06775138828968e-23,0.09011877948991705,1.3103488693356387,2.330166414307349e+21,0.017436020813866967,3.100611680630973e+19,2.064416413025305,-3.730995216787447
1.8836490894897945e+21,8192,power,4.740915060773259e-23,0.08930220337574003,1.3109400730457916,2.46935107496839e+21,0.017004783737761764,3.203104540460581e+19,2.0124030603510645,-3.6396372624715623
1.995262314968883e+21,8192,power,4.4351860848893514e-23,0.08849359655054104,1.311516793219919,2.616820032960541e+21,0.01658383046541522,3.308909196547586e+19,1.9616776346424336,-3.5504130229748188
2.1134890398366433e+21,8192,power,4.1491988778153687e-23,0.08769286352365281,1.3120793682517509,2.7730653641958626e+21,0.016172934101007116,3.4181318964478833e+19,1.9122093276267904,-3.4632776200355764
2.238721138568347e+21,8192,power,3.881676414879574e-23,0.08689991043073099,1.312628129428425,2.938608340430843e+21,0.015771871879358565,3.53088229711117e+19,1.8639680169512562,-3.378186881856471
2.3713737056616553e+21,8192,power,3.631424468920842e-23,0.08611464499695225,1.3131634010405902,3.1140011604648867e+21,0.015380425133147536,3.6472735742643732e+19,1.8169242532760421,-3.2950973437825493
2.5118864315095717e+21,8192,power,3.39732622584338e-23,0.08533697650107608,1.3136855004927408,3.2998287839585763e+21,0.014998379258088513,3.767422535302713e+19,1.7710492474969364,-3.2139662482513542
2.660725059798814e+21,8192,power,3.17833725167961e-23,0.08456681574036028,1.3141947384137613,3.496710873953242e+21,0.014625523676221126,3.891449735800242e+19,1.7263148581065035,-3.1347515440588003
2.818382931264449e+21,8192,power,2.973480788102687e-23,0.08380407499631375,1.3146914187675844,3.705303854534402e+21,0.014261651797446755,4.019479599756088e+19,1.682693578700567,-3.0574118849822307
2.9853826189179696e+21,8192,power,2.781843354851724e-23,0.08304866800126791,1.3151758389637098,3.9263030904631177e+21,0.01390656097944844,4.151640543696823e+19,1.6401585256277107,-2.981906627790587
3.1622776601683794e+21,8192,power,2.602570638954419e-23,0.08230050990575705,1.3156482899676076,4.160445196003296e+21,0.013560052486122909,4.2880651047577166e+19,1.5986834257874172,-2.9081958296811594
3.3496543915782654e+21,8192,power,2.4348636519559333e-23,0.08155951724668485,1.316109056410831,4.408510480602467e+21,0.013221931444649806,4.428890072871798e+19,1.5582426045785747,-2.836240245175059
3.5481338923357606e+21,8192,power,2.277975137602848e-23,0.08082560791626883,1.3165584167007596,4.6713255395358723e+21,0.012892006801316068,4.574256627197268e+19,1.5188109740044586,-2.7660013225087265
3.7583740428844353e+21,8192,power,2.1312062135856338e-23,0.08009870113174268,1.316996643129893,4.949765998105325e+21,0.012570091276211276,4.7243104769200546e+19,1.4803640209302138,-2.697441199547501
3.9810717055349854e+21,8192,power,1.9939032320226333e-23,0.07937871740580064,1.3174240019845542,5.244759418493375e+21,0.012256001316902639,4.8792020065720615e+19,1.4428777954959449,-2.6305226992532016
4.2169650342858226e+21,8192,power,1.8654548443771147e-23,0.07866557851777393,1.317840753653064,5.557288378911848e+21,0.011949557051193953,5.0390864260088504e+19,1.4063288996963408,-2.5652093247441665
4.4668359215096167e+21,8192,power,1.745289257438616e-23,0.07795920748551656,1.3182471527330604,5.888393735255808e+21,0.011650582239069833,5.204123925197907e+19,1.370694476111911,-2.5014652539609883
4.731512589614812e+21,8192,power,1.6328716678799194e-23,0.07725952853799176,1.3186434481382212,6.23917807607908e+21,0.011358904223919419,5.37447983397036e+19,1.335952196809731,-2.439255333981538
5.011872336272714e+21,8192,power,1.5277018637207083e-23,0.07656646708854087,1.3190298832040106,6.61080938234721e+21,0.011074353883131717,5.550324786896217e+19,1.302080252398885,-2.378545074996119
5.308844442309901e+21,8192,power,1.4293119817954866e-23,0.07587994970881919,1.3194066957926114,7.004524904105075e+21,0.01079676557814839,5.731834893447592e+19,1.2690573412559303,-2.3193006439825137
5.623413251903491e+21,8192,power,1.3372644110395596e-23,0.07519990410338777,1.3197741183968463,7.421635266912072e+21,0.010525977104056956,5.919191913618662e+19,1.2368626589141174,-2.2614888580984926
5.956621435290085e+21,8192,power,1.2511498320744383e-23,0.0745262590849419,1.3201323782432208,7.863528821664048e+21,0.010261829638802558,6.112583439178643e+19,1.2054758876129945,-2.2050771778114764
6.309573444801943e+21,8192,power,1.1705853841991834e-23,0.07385894455016448,1.3204816973937312,8.331676252222481e+21,0.010004167692093517,6.3122030807378805e+19,1.1748771860136342,-2.1500336997925307
6.683439175686135e+21,8192,power,1.0952129514768349e-23,0.07319789145619117,1.3208222928467568,8.827635456131599e+21,0.009752839054069672,6.518250660813095e+19,1.1450471790839467,-2.0963271496000524
7.079457843841402e+21,8192,power,1.0246975601497106e-23,0.07254303179767016,1.3211543766367297,9.353056714606295e+21,0.009507694743801082,6.730932413085224e+19,1.1159669481443757,-2.04392687416457
7.498942093324559e+21,8192,power,9.587258801265156e-24,0.07189429858440363,1.321478155932703,9.90968816893266e+21,0.009268588957681729,6.950461188048271e+19,1.0876180210732445,-1.9928028340933768
7.943282347242789e+21,8192,power,8.970048237589485e-24,0.07125162581956085,1.3217938331356411,1.0499381621440719e+22,0.009035379017773777,7.1770566652530336e+19,1.0599823626913363,-1.9429255958327007
8.413951416451964e+21,8192,power,8.392602355697826e-24,0.07061494847844181,1.322101605974584,1.1124098680283269e+22,0.008807925320163943,7.410945572359653e+19,1.0330423652900045,-1.8942663236714563
8.912509381337441e+21,8192,power,7.8523566700903e-24,0.06998420248778743,1.3224016676015073,1.178591726839471e+22,0.00858609128338011,7.652361911214486e+19,1.0067808393416033,-1.846796771641146
9.440608762859265e+21,8192,power,7.34691230702033e-24,0.0693593247056147,1.322694206684915,1.2487038518212793e+22,0.008369743296920872,7.901547191179379e+19,0.9811810043581337,-1.8004892752955248
1e+22,8192,power,6.874025290156976e-24,0.06874025290156975,1.3229794075021875,1.3229794075021874e+22,0.008158750669944074,8.158750669944073e+19,0.9562264799188647,-1.7553167434063988
1.0592537251772853e+22,8192,power,6.431596521067719e-24,0.0681269257377825,1.3232574500305694,1.4016653833134762e+22,0.007952985580157532,8.4242296020631e+19,0.9319012768530976,-1.7112526495772329
1.1220184543019653e+22,8192,power,6.0176624093246e-24,0.06751928275021428,1.3235285100368719,1.4850234130561541e+22,0.007752323022953181,8.698249495463467e+19,0.9081897885903301,-1.668271023801493
1.1885022274370165e+22,8192,power,5.630386109985399e-24,0.06691726433048086,1.3237927591658394,1.5733306429335941e+22,0.007556640760824271,8.981084376180997e+19,0.8850767826567463,-1.6263464439581488
1.2589254117941714e+22,8192,power,5.26804932896121e-24,0.066320811708145,1.3240503650271471,1.6668806510280243e+22,0.0073658192730983035,9.273017061586726e+19,0.8625473923425497,-1.585454027283273
1.3335214321633241e+22,8192,power,4.929044659359532e-24,0.06572986693346107,1.32430149128113,1.7659844212692382e+22,0.007179741706022742,9.574339442378195e+19,0.8405871085111594,-1.5455694218006744
1.4125375446227496e+22,8192,power,4.611868414298518e-24,0.06514437286056443,1.324546297723034,1.870971375124848e+22,0.006998293823230699,9.885352773614846e+19,0.8191817715740735,-1.5066687977480009
1.4962356560944358e+22,8192,power,4.315113923940346e-24,0.06456427313109118,1.3247849403660499,1.9821904644326245e+22,0.006821363956617896,1.0206367975089113e+20,0.7983175636073758,-1.4687288389857778
1.584893192461111e+22,8192,power,4.0374652665934185e-24,0.06398951215822093,1.3250175715228485,2.100011328997916e+22,0.006648842957655252,1.0537705941330808e+20,0.7779810006345755,-1.431726734425276
1.6788040181225657e+22,8192,power,3.777691405697788e-24,0.0634200351111253,1.325244339885862,2.2248255227945724e+22,0.006480624149163089,1.0879697861557127e+20,0.7581589250388987,-1.3956401694491194
1.7782794100389228e+22,8192,power,3.534640706346832e-24,0.06285578789982005,1.3254653906061733,2.357047812834156e+22,0.006316603277567524,1.1232685549882702e+20,0.738838498142913,-1.3604473173719822
1.8836490894897943e+22,8192,power,3.3072358067115336e-24,0.062296717160402255,1.3256808653710326,2.497117555010188e+22,0.006156678465660807,1.1597021786123403e+20,0.7200071929231333,-1.3261268309193053
1.995262314968883e+22,8192,power,3.0944688213404302e-24,0.06174277024066737,1.3258909024800234,2.6455001514784726e+22,0.006000750165883556,1.1973070667530732e+20,0.7016527868687561,-1.2926578337419947
2.1134890398366432e+22,8192,power,2.8953968548057756e-24,0.06119389518609496,1.3260956369198955,2.8026885944053917e+22,0.005848721114145769,1.2361207971808243e+20,0.683763354990119,-1.260019911981014
2.238721138568347e+22,8192,power,2.709137805567772e-24,0.06065004072619236,1.326295200438079,2.96920510120247e+22,0.005700496284201576,1.2761821531772382e+20,0.6663272629638062,-1.2281931058776507
2.371373705661655e+22,8192,power,2.5348664412391858e-24,0.0601111562611874,1.3264897216148004,3.1456028466677864e+22,0.005555982842592394,1.3175311622030903e+20,0.6493331604137342,-1.1971579014364297
2.511886431509572e+22,8192,power,2.3718107276552744e-24,0.05957719184906128,1.326679325933952,3.332467797777759e+22,0.005415090104169083,1.3602091358064073e+20,0.6327699743350124,-1.166895222154185
2.660725059798814e+22,8192,power,2.2192483952992925e-24,0.05904809819291132,1.3268641358525681,3.5304206572112258e+22,0.005277729488205412,1.4042587108107307e+20,0.6166269026489868,-1.1373864208117368
2.8183829312644493e+22,8192,power,2.076503727702485e-24,0.05852382662863685,1.3270442708690675,3.7401189220496565e+22,0.0051438144751110955,1.4497238918244114e+20,0.6008934078964412,-1.108613271341008
2.9853826189179694e+22,8192,power,1.942944557436952e-24,0.05800432911293542,1.3272198475901409,3.9622590644785626e+22,0.00501326056375349,1.496650095113657e+20,0.5855592110536767,-1.080557960759021
3.1622776601683792e+22,8192,power,1.817979456255121e-24,0.057489558211606256,1.3273909797963999,4.1975788417191716e+22,0.004885985229394261,1.5450841938826147e+20,0.5706142854868812,-1.0532030811898574
3.3496543915782655e+22,8192,power,1.701055106801656e-24,0.05697946708814802,1.3275577785067647,4.4468597428490705e+22,0.004761907882247124,1.5950745650060237e+20,0.5560488510290673,-1.0265316219643994
3.5481338923357603e+22,8192,power,1.5916538441413713e-24,0.05647400949264499,1.327720352041515,4.7109295806224666e+22,0.004640949826661751,1.646671137260833e+20,0.5418533681822213,-1.0005269618062473
3.7583740428844353e+22,8192,power,1.4892913561093133e-24,0.05597313975093403,1.3278788060841766,4.990665236883144e+22,0.00452303422093726,1.6999254411048622e+20,0.5280185324456177,-0.9751728611092969
3.981071705534985e+22,8192,power,1.393514532202786e-24,0.05547681275404333,1.3280332437421931,5.286995570671892e+22,0.004408086037768007,1.7548906600522036e+20,0.5145352687652816,-0.9504534543064769
4.2169650342858225e+22,8192,power,1.3038994514026842e-24,0.05498498394789585,1.3281837656062818,5.600904498667767e+22,0.004296032025324648,1.8116216836966144e+20,0.5013947260964935,-0.9263532423269161
4.466835921509617e+22,8192,power,1.2200494999344735e-24,0.05449760932327151,1.3283304698087082,5.933434258177283e+22,0.004186800668969977,1.8701751624355584e+20,0.48858827209683486,-0.9028570851619344
4.7315125896148125e+22,8192,power,1.1415936105628214e-24,0.05401464540601819,1.3284734520802686,6.2856888634868415e+22,0.004080322153611653,1.930609563949776e+20,0.4761074879195082,-0.8799501945146115
5.011872336272714e+22,8192,power,1.0681846155587115e-24,0.053536049247508107,1.32861280580621,6.658837767037816e+22,0.003976528326690126,1.9929852314943072e+20,0.46394416313260134,-0.8576181265614435
5.308844442309901e+22,8192,power,9.99497705987443e-25,0.05306177841532933,1.3287486220808982,7.054119737561115e+22,0.003875352661801252,2.0573644440594458e+20,0.4520902907432234,-0.8358467748089349
5.623413251903491e+22,8192,power,9.352289904428822e-25,0.05259179098420827,1.3288809897614249,7.4728469680270235e+22,0.003776730222952169,2.1238114784613653e+20,0.4405380623296651,-0.8146223630513871
5.9566214352900855e+22,8192,power,8.75094146798291e-25,0.052126045527155884,1.329009995520048,7.916409427029499e+22,0.0036805976294472715,2.1923926734243493e+20,0.429279863291554,-0.7939314384426965
6.309573444801943e+22,8192,power,8.18827160961159e-25,0.05166450110683095,1.3291357238955472,8.386279468028951e+22,0.003586893021402459,2.2631764957186363e+20,0.4183082681908923,-0.7737608646582461
6.683439175686135e+22,8192,power,7.661791470086741e-25,0.05120711726711558,1.3292582573434824,8.884016711733712e+22,0.0034955560258835335,2.3362336084195744e+20,0.40761603620969034,-0.754097815174648
7.079457843841402e+22,8192,power,7.16917243444661e-25,0.050753854024894615,1.3293776762854124,9.41127321780642e+22,0.0034065277236652865,2.411636941356541e+20,0.39719610670045924,-0.7349297666468857
7.498942093324558e+22,8192,power,6.70823580659696e-25,0.050304671862036965,1.3294940591569988,9.969798963037349e+22,0.0033197506166067433,2.4894617638212462e+20,0.3870415948431516,-0.7162444923974776
7.94328234724279e+22,8192,power,6.276943149940488e-25,0.04985953171756882,1.3296074824551405,1.0561447644147844e+23,0.0032351685956380706,2.569785759608613e+20,0.37714578739569404,-0.698030056008514
8.413951416451964e+22,8192,power,5.8733872510136255e-25,0.049418394980037,1.3297180207840587,1.1188182824457732e+23,0.003152726909353916,2.6526891044644605e+20,0.3675021385427302,-0.6802748050216967
8.91250938133744e+22,8192,power,5.495783665891067e-25,0.04898122348005521,1.329825746900342,1.1852084444793368e+23,0.003072372133207868,2.738254546017485e+20,0.35810426583686716,-0.6629673647433831
9.440608762859264e+22,8192,power,5.142462811722765e-25,0.048547979483027824,1.329930731757117,1.2555355720222072e+23,0.0029940521393021194,2.8265674862753114e+20,0.3489459462350464,-0.646096632158577
1e+23,8192,power,4.811862568204871e-25,0.0481186256820487,1.330033044547074,1.330033044547074e+23,0.0029177160667663428,2.9177160667663427e+20,0.3400211122243535,-0.6296517699496684
1.0592537251772854e+23,8192,power,4.502521356059725e-25,0.04769312519096546,1.3301327527447397,1.4089480733251826e+23,0.0028433142927197495,3.011791256413213e+20,0.3313238480351144,-0.6136222006195569
1.1220184543019653e+23,8192,power,4.213071661732962e-25,0.0472714415376103,1.3302299221476854,1.4925425211143696e+23,0.0027707984038091715,3.108886942224319e+20,0.3228483859451847,-0.5979976007241539
1.1885022274370166e+23,8192,power,3.9422339795042797e-25,0.046853538657187305,1.330324616916821,1.5810937704199376e+23,0.0027001211683172397,3.209100022894879e+20,0.3145891026611114,-0.5827678952007198
1.2589254117941714e+23,8192,power,3.688811144071851e-25,0.04643938088581583,1.3304168996158525,1.674895643206812e+23,0.0026312365088327124,3.31253050541008e+20,0.30654051579530606,-0.5679232518131516
1.3335214321633241e+23,8192,power,3.451683028412406e-25,0.046028932954223514,1.3305068312498434,1.7742593751113775e+23,0.002564099475476727,3.419281604746953e+20,0.298697280415805,-0.5534540756910178
1.4125375446227497e+23,8192,power,3.229801583346168e-25,0.045622159981584656,1.3305944713028008,1.879514647382664e+23,0.0024986662196770904,3.529459846774485e+20,0.29105418567669794,-0.5393510039718663
1.4962356560944359e+23,8192,power,3.022186196760912e-25,0.04521902746950111,1.3306798777745812,1.9910106799737142e+23,0.0024348939684834584,3.643175174454232e+20,0.28360615153382174,-0.5256049005514241
1.584893192461111e+23,8192,power,2.8279193518726743e-25,0.04481950129612038,1.330763107216843,2.10911738940637e+23,0.002372740999415856,3.7605410574475624e+20,0.2763482255239369,-0.5122068509219813
1.6788040181225658e+23,8192,power,2.646142565233317e-25,0.04442354771038846,1.330844214768206,2.2342266152480352e+23,0.0023121666158385126,3.88167460523855e+20,0.26927557963971616,-0.49914815713018035
1.7782794100389228e+23,8192,power,2.476052586441909e-25,0.044031133326432666,1.330923254188592,2.3667534192655728e+23,0.0022531311228518734,4.006696683885365e+20,0.26238350726495163,-0.486420332820825
1.8836490894897944e+23,8192,power,2.316897842681006e-25,0.043642225118069464,1.3310002778928463,2.507137461563523e+23,0.0021955958036947287,4.135732036517189e+20,0.25566742017584243,-0.47401509837203815
1.9952623149688827e+23,8192,power,2.1679751122905254e-25,0.04325679041343717,1.3310753369835104,2.655844458267705e+23,0.0021395228966483975,4.2689094076956115e+20,0.24912284562779163,-0.4619243761421421
2.1134890398366435e+23,8192,power,2.0286264126101575e-25,0.04287479688974696,1.3311484812828542,2.8133677255865057e+23,0.0020848755724354366,4.406361671765444e+20,0.24274542349920214,-0.4501402857996384
2.238721138568347e+23,8192,power,1.8982360882752555e-25,0.04249621256815105,1.331219759364201,2.9802298153685052e+23,0.0020316179121044227,4.5482259653222616e+20,0.2365309035139651,-0.4386551397590255
2.371373705661655e+23,8192,power,1.7762280870436582e-25,0.04212100580873033,1.3312892185824983,3.156984247577388e+23,0.0019797148853923246,4.694643823926336e+20,0.23047514258454083,-0.427461438763288
2.5118864315095718e+23,8192,power,1.6620634110621154e-25,0.04174914530555444,1.3313569051041736,3.34421734542775e+23,0.0019291323295633908,4.845761323216733e+20,0.22457410190201976,-0.4165518672435642
2.660725059798814e+23,8192,power,1.555237732268868e-25,0.041380600081924554,1.3314228639363226,3.54255017926448e+23,0.001879836928697871,5.001729224521661e+20,0.21882384473685956,-0.4059192894110053
2.818382931264449e+23,8192,power,1.4552791613466811e-25,0.04101533948564328,1.331487138955171,3.7526406256293895e+23,0.0018317961934482905,5.162703125169853e+20,0.21322053364816185,-0.3955567447908481
2.9853826189179693e+23,8192,power,1.3617461603350219e-25,0.040653333184424566,1.331549772933903,3.9751855483410426e+23,0.0017849784412355162,5.3288436136078e+20,0.207760428089232,-0.3854574441766845
3.162277660168379e+23,8192,power,1.2742255896418335e-25,0.04029455116139251,1.3316108075698319,4.2109231088168536e+23,0.0017393527768853456,5.500316429496364e+20,0.20243988199155627,-0.3756147655919029
3.3496543915782654e+23,8192,power,1.1923308807945015e-25,0.03993896371067683,1.3316702835109144,4.460635213296608e+23,0.0016948890736954649,5.677292628942032e+20,0.1972553414206768,-0.3660222503506172
3.5481338923357603e+23,8192,power,1.115700326828439e-25,0.03958654143310069,1.3317282403816428,4.725150105078771e+23,0.0016515579549256307,5.859948755028366e+20,0.19220334228287062,-0.356673599196744
3.758374042884436e+23,8192,power,1.043995482733929e-25,0.039237255231958056,1.3317847168083472,5.005345110362691e+23,0.0016093307757031512,6.048467013817797e+20,0.1872805080836759,-0.347562668522472
3.9810717055349855e+23,8192,power,9.7689966887078e-26,0.038891076308879585,1.331839750443862,5.302149546798835e+23,0.001568179605335569,6.243035455998455e+20,0.18248354774790254,-0.3386834666758154
4.2169650342858225e+23,8192,power,9.141165707178255e-26,0.03854797615978334,1.3318933779916193,5.616547804387489e+23,0.001528077210023429,6.443848164357834e+20,0.17780925348673815,-0.3300301503424974
4.466835921509616e+23,8192,power,8.553689287515965e-26,0.03820792657090831,1.331945635229188,5.9495826089396817e+23,0.0014889970359650243,6.651105447269917e+20,0.17325449871974374,-0.32159702100964527
4.731512589614813e+23,8192,power,8.003973126490653e-26,0.03787089961492916,1.3319965570312227,6.302358478916815e+23,0.001450913192845865,6.865014038388435e+20,0.16881623604620977,-0.3133785215062357
5.011872336272715e+23,8192,power,7.489589743833069e-26,0.03753686764714881,1.3320461773918746,6.676045387108154e+23,0.001413800437705378,7.08578730274584e+20,0.16449149526460705,-0.3053692326183355
5.308844442309901e+23,8192,power,7.008267751311042e-26,0.037205803301767336,1.332094529446676,7.071882639284408e+23,0.0013776341591732646,7.31364544946326e+20,0.16027738144046566,-0.2975638697792049
5.623413251903491e+23,8192,power,6.557881812392767e-26,0.036877679488226366,1.3321416454938761,7.491182982682785e+23,0.001342390362068327,7.548815751282556e+20,0.15617107302725586,-0.28995727983882613
5.956621435290085e+23,8192,power,6.136443248024464e-26,0.03655246938762363,1.3321875570152792,7.935336957943945e+23,0.0013080456523526219,7.79153277114163e+20,0.15216982002144164,-0.28254443789411665
6.309573444801942e+23,8192,power,5.742091246920589e-26,0.03623014644919982,1.3322322946965774,8.40581750892508e+23,0.0012745772224335306,8.042038596016024e+20,0.1482709421740669,-0.2753204442008217
6.683439175686135e+23,8192,power,5.37308464144226e-26,0.03591068438689268,1.3322758884471957,8.904184865670038e+23,0.0012419628368069919,8.300583078262136e+20,0.1444718272390455,-0.2682805211487227
7.079457843841402e+23,8192,power,5.0277942126489946e-26,0.03559405717595833,1.3323183674196437,9.432091716722967e+23,0.0012101808180345946,8.567424084701416e+20,0.14076992926959075,-0.2614200103094433
7.498942093324558e+23,8192,power,4.704695490456266e-26,0.03528023904965672,1.332359760028435,9.991288687929038e+23,0.0011792100330480651,8.842827753694779e+20,0.13716276694835106,-0.25473436954353
7.94328234724279e+23,8192,power,4.4023620170243e-26,0.034969204496001285,1.3324000939684904,1.0583630145884543e+24,0.0011490298797738505,9.127068760462131e+20,0.13364792197034792,-0.24821917018487127
8.413951416451965e+23,8192,power,4.1194590435589426e-26,0.034660928254568624,1.332439396233131,1.1211080345272152e+24,0.0011196202740716497,9.420430590913494e+20,0.13022303745393593,-0.24187009427765194
8.912509381337441e+23,8192,power,3.8547376326255156e-26,0.03435538531336939,1.3324776931316553,1.187571994045875e+24,0.0010909616369798973,9.723205824262587e+20,0.12688581639790364,-0.23568293188368505
9.440608762859264e+23,8192,power,3.607029139873265e-26,0.03405255090577626,1.3325150103064192,1.2579752882940283e+24,0.0010630348822618593,1.0035696424706374e+21,0.12363402017538938,-0.22965357845007306
1e+24,8192,power,3.3752400507509503e-26,0.0337524005075095,1.332551372749574,1.3325513727495738e+24,0.001035821404246006,1.035821404246006e+21,0.1204654670639238,-0.22377803223678772
1e+19,8192,logarithmic,2.106803302679705e-20,0.21068033026797048,1.1880742863586466,1.1880742863586466e+19,0.10116757385694607,1.0116757385694606e+18,13.190785296346474,-20.591378194805575
1.0592537251772854e+19,8192,logarithmic,1.968673209236072e-20,0.2085324430540031,1.191316710714459,1.2619066636902412e+19,0.09906986744557243,1.0494012614454248e+18,12.884677732038297,-20.190219730881097
1.1220184543019653e+19,8192,logarithmic,1.839647859511785e-20,0.20641188477893319,1.194497195948914,1.3402478974666322e+19,0.09700653683692834,1.0884312451895699e+18,12.585085786500837,-19.794575200177878
1.1885022274370165e+19,8192,logarithmic,1.71912341475174e-20,0.2043182007671573,1.1976165040892621,1.4233698827254209e+19,0.09497735915721214,1.1288080291443215e+18,12.291892565866647,-19.40445386010998
1.2589254117941713e+19,8192,logarithmic,1.6065363585553385e-20,0.2022509446756588,1.2006754052267776,1.5115607789562544e+19,0.0929821004345037,1.1705752907899456e+18,12.004982570375567,-19.01986154985614
1.3335214321633241e+19,8192,logarithmic,1.501360784633505e-20,0.20020967837183234,1.2036746766523136,1.6051259786681194e+19,0.09102051602349716,1.2137780888389873e+18,11.72424169524049,-18.640800762290976
1.4125375446227497e+19,8192,logarithmic,1.4031058683460517e-20,0.1981939718119303,1.2066151020145992,1.7043891335044307e+19,0.08909235103384336,1.2584629077401318e+18,11.449557231333607,-18.26727071912866
1.496235656094436e+19,8192,logarithmic,1.311313509479396e-20,0.19620340292014013,1.2094974705016737,1.8096932413206323e+19,0.08719734076121032,1.304677703635396e+18,11.180817865683924,-17.899267449036525
1.5848931924611109e+19,8192,logarithmic,1.2255561345850573e-20,0.19423755746828103,1.2123225760459013,1.9214017978420662e+19,0.08533521112020817,1.352471951816496e+18,10.917913681747148,-17.53678386845545
1.6788040181225658e+19,8192,logarithmic,1.1454346480012362e-20,0.1922960289561282,1.2150912165527825,2.039900016734248e+19,0.08350567907831301,1.4018966957272535e+18,10.660736159432327,-17.179809864876972
1.7782794100389229e+19,8192,logarithmic,1.0705765214264279e-20,0.19037841849237105,1.2178041931537849,2.165596122144439e+19,0.08170845308998273,1.453004597560475e+18,10.409178174856581,-16.828332382321896
1.8836490894897943e+19,8192,logarithmic,1.0006340126082524e-20,0.1884843346762054,1.2204623094834763,2.2989227180151615e+19,0.07994323353015557,1.5058499904994755e+18,10.163133999816365,-16.482335508775748
1.9952623149688828e+19,8192,logarithmic,9.352825043582874e-21,0.18661339347958109,1.2230663709809386,2.440338238724018e+19,0.07820971312636167,1.560488932655566e+18,9.922499300944821,-16.141800565326548
2.1134890398366433e+19,8192,logarithmic,8.742189557056523e-21,0.18476521813013322,1.225617184215597,2.5903284858751123e+19,0.07650757738867098,1.6169792627540992e+18,9.687171138607486,-15.806706196812481
2.238721138568347e+19,8192,logarithmic,8.171604575621406e-21,0.18293943899465467,1.2281155562375048,2.7494082563535254e+19,0.07483650503699146,1.6753806576288934e+18,9.457047965149323,-15.477028463477593
2.3713737056616554e+19,8192,logarithmic,7.638428857968412e-21,0.1811356934635348,1.2305622939519705,2.9181230670563914e+19,0.0731961684244432,1.7357546915690652e+18,9.232029623404392,-15.152740934058684
2.511886431509572e+19,8192,logarithmic,7.140196450993207e-21,0.1793536258356264,1.2329582035184854,3.097050982036501e+19,0.07158623395696588,1.798164897593724e+18,9.012017344212797,-14.833814779199505
2.660725059798814e+19,8192,logarithmic,6.674604974683711e-21,0.17759288720398778,1.2353040897738368,3.2868045481332113e+19,0.0700063625079208,1.8626768307018504e+18,8.796913743880008,-14.520218865639212
2.8183829312644493e+19,8192,logarithmic,6.239504695816583e-21,0.17585313534233837,1.237600755679183,3.4880328455261934e+19,0.06845620982736966,1.929358133165163e+18,8.586622821171574,-14.211919850683163
2.9853826189179695e+19,8192,logarithmic,5.832888336952898e-21,0.17413403459228524,1.2398490017909702,3.701423660029557e+19,0.06693542694542158,1.9982786019271508e+18,8.381049953924213,-13.908882276814062
3.162277660168379e+19,8192,logarithmic,5.452881570879027e-21,0.17243525575134605,1.2420496257552813,3.9277057843464225e+19,0.06544366056914547,2.0695102581745096e+18,8.180101895246562,-13.611068666231397
3.3496543915782656e+19,8192,logarithmic,5.097734154039849e-21,0.17075647596178095,1.24420342182557,4.167651455934726e+19,0.06398055347256519,2.1431274191498604e+18,7.983686769312559,-13.318439615136535
3.5481338923357606e+19,8192,logarithmic,4.76581165568564e-21,0.16909737860027027,1.2463111804032432,4.422078939585736e+19,0.06254574487929204,2.2192067722760195e+18,7.791714066751498,-13.030953887589492
3.758374042884435e+19,8192,logarithmic,4.455587742403955e-21,0.16745765316845085,1.248373687600842,4.691855263298927e+19,0.06113887083739263,2.2978274516652063e+18,7.604094639609271,-12.748568508747905
3.981071705534986e+19,8192,logarithmic,4.1656369804587605e-21,0.16583699518434566,1.2503917248275318,4.977899116545975e+19,0.05975956458610218,2.3790711170882196e+18,7.420740695916983,-12.471238857354482
4.216965034285823e+19,8192,logarithmic,3.8946281209210114e-21,0.16423510607470201,1.2523660683963418,5.28118392055338e+19,0.058407456914067395,2.463022035481779e+18,7.24156579382258,-12.198918757285526
4.466835921509617e+19,8192,logarithmic,3.6413178349587475e-21,0.1626516930682736,1.2542974891528507,5.6027410808072724e+19,0.05708217650878416,2.549767165073895e+18,7.066484835333964,-11.93156056805228
4.731512589614812e+19,8192,logarithmic,3.404544868878245e-21,0.16108646909005928,1.2561867521248857,5.943663432586238e+19,0.055783350296986674,2.6393962422108564e+18,6.8954140596329205,-11.669115274087394
5.011872336272715e+19,8192,logarithmic,3.1832245905765813e-21,0.15953915265653806,1.2580346161926765,6.305108890969538e+19,0.05451060377572257,2.7320018709706696e+18,6.7282710359992,-11.411532572717686
5.308844442309901e+19,8192,logarithmic,2.9763439009932408e-21,0.15800946777190936,1.2598418337791302,6.688304317447849e+19,0.05326356133392144,2.827679615652214e+18,6.564974656327505,-11.158760960690174
5.6234132519034905e+19,8192,logarithmic,2.7829564859456344e-21,0.1564971438253745,1.2616091505596436,7.094549615979806e+19,0.05204184656427623,2.926528096230791e+18,6.405445127253895,-10.910747819152643
5.956621435290085e+19,8192,logarithmic,2.6021783854042386e-21,0.1550019154894743,1.2633373051909897,7.525222072102262e+19,0.050845082565286526,3.028649086874799e+18,6.2496039618919585,-10.66743949698462
6.309573444801943e+19,8192,logarithmic,2.4331838588231753e-21,0.15352352261951427,1.2650270290587728,7.981780949505928e+19,0.049672892233346914,3.134147617620344e+18,6.097373971199449,-10.428781392400621
6.683439175686135e+19,8192,logarithmic,2.275201526592467e-21,0.15206171015408995,1.2666790460429178,8.465772359343979e+19,0.04852489854479689,3.243132079304907e+18,5.948679254962652,-10.194718032727545
7.0794578438414025e+19,8192,logarithmic,2.1275107690310702e-21,0.15061622801674066,1.268294072300703,8.978834418446767e+19,0.04740072482785683,3.3557143318633897e+18,5.803445192431078,-9.965193152302954
7.498942093324558e+19,8192,logarithmic,1.989438365600306e-21,0.14918683101874947,1.269872816066788,9.522702713571831e+19,0.046299995024425486,3.472009816093819e+18,5.661598432595505,-9.740149768416906
7.94328234724279e+19,8192,logarithmic,1.860355358190218e-21,0.14777327876310897,1.2714159774697003,1.0099216089837506e+20,0.04522233394171369,3.592137669003328e+18,5.5230668841314445,-9.519530255250219
8.413951416451965e+19,8192,logarithmic,1.7396741234262664e-21,0.14637533554967264,1.2729242483642562,1.0710322782560487e+20,0.04416736749373376,3.7162208428485565e+18,5.3877797050118525,-9.30327641575598
8.91250938133744e+19,8192,logarithmic,1.6268456399621506e-21,0.14499277028150578,1.2743983121793852,1.135808691285937e+20,0.04313472293267488,3.844386227988561e+18,5.255667291802779,-9.091329551444971
9.440608762859264e+19,8192,logarithmic,1.5213569376743896e-21,0.14362535637245577,1.2758388437808128,1.2044695368593374e+20,0.04212402907021248,3.976764779671864e+18,5.126661268655663,-8.883630530042751
1e+20,8192,logarithmic,1.4227287165595889e-21,0.1422728716559589,1.2772465093480858,1.2772465093480858e+20,0.04113491648882887,4.1134916488828867e+18,5.000694476015188,-8.680119850997736
1.0592537251772853e+20,8192,logarithmic,1.3305131239590384e-21,0.14093509829508788,1.2786219662653955,1.3543850808601254e+20,0.0401670177432376,4.2547063173786547e+18,4.877700959036502,-8.480737708804554
1.1220184543019654e+20,8192,logarithmic,1.2442916795046994e-21,0.13961182269386593,1.2799658630256787,1.4361453191913531e+20,0.03921996755201393,4.40055273704839e+18,4.7576159557477515,-8.285424054147661
1.1885022274370165e+20,8192,logarithmic,1.1636733378960323e-21,0.13830283540985025,1.2812788391474845,1.5228027542947e+20,0.03829340297956056,4.5511794737351014e+18,4.640375884958892,-8.094118652848238
1.2589254117941713e+20,8192,logarithmic,1.0882926802846697e-21,0.13700793106799602,1.282561525104061,1.6146492961429904e+20,0.03738696360854383,4.706739855661974e+18,4.525918333928991,-7.906761142610019
1.333521432163324e+20,8192,logarithmic,1.0178082256663182e-21,0.13572690827581604,1.283814542264212,1.7119942070322745e+20,0.036500291702953706,4.867392126610192e+18,4.414182045815629,-7.723291087577078
1.4125375446227496e+20,8192,logarithmic,9.519008542583219e-22,0.1344595695398348,1.285038502844372,1.8151651315534837e+20,0.03563303236195177,5.033299604001433e+18,4.305106906909506,-7.543648030702011
1.496235656094436e+20,8192,logarithmic,8.902723353823402e-22,0.13320572118335214,1.2862340098714131,1.924509187650931e+20,0.034784833664681575,5.204630842041065e+18,4.198633933676832,-7.367771543945123
1.5848931924611108e+20,8192,logarithmic,8.326439528748007e-22,0.13196517326551815,1.2874016571556977,2.0403941223892183e+20,0.03395534680622776,5.38155980008465e+18,4.094705259618525,-7.195601276318719
1.678804018122566e+20,8192,logarithmic,7.787552215173128e-22,0.13073773950171935,1.2885420292739607,2.16320953626493e+20,0.03314422622491821,5.564266016395601e+18,3.993264121957374,-7.027076999794102
1.778279410038923e+20,8192,logarithmic,7.283626884172034e-22,0.12952323718529082,1.2896557015614696,2.2933681801260633e+20,0.032351129721169165,5.752934787465337e+18,3.894254848181311,-6.862138653110539
1.8836490894897945e+20,8192,logarithmic,6.812388136757407e-22,0.12832148711054167,1.2907432401130468,2.4313073290040476e+20,0.031575718568085824,5.947757353076086e+18,3.797622842433235,-6.700726383493305
1.995262314968883e+20,8192,logarithmic,6.371709250624999e-22,0.12713231349710682,1.291805201792491,2.5774902374173304e+20,0.030817657614030044,6.1489310872888e+18,3.70331457178692,-6.5427805863361055
2.1134890398366433e+20,8192,logarithmic,5.959602417685163e-22,0.12595554391561553,1.2928421342500442,2.7324076809764828e+20,0.030076615377380017,6.356659695547491e+18,3.611277552395742,-6.388241942858574
2.238721138568347e+20,8192,logarithmic,5.574209626415831e-22,0.12479100921468289,1.2938545759473372,2.8965795894066885e+20,0.029352264133696845,6.571153418094865e+18,3.5214603355567364,-6.237051455802101
2.3713737056616553e+20,8192,logarithmic,5.213794146153617e-22,0.12363854344921348,1.2948430561895223,3.07055677640641e+20,0.028644279995539014,6.792629239903138e+18,3.433812493671806,-6.089150483175942
2.5118864315095718e+20,8192,logarithmic,4.876732573311618e-22,0.12249798381002211,1.2958080951641409,3.2549227720830694e+20,0.027952342985139593,7.021311107327391e+18,3.348284606149443,-5.944480770121907
2.660725059798814e+20,8192,logarithmic,4.561507402194168e-22,0.12136917055475811,1.2967502039863466,3.450295764045696e+20,0.027276137100191774,7.257430151698841e+18,3.264828245231799,-5.802984478916883
2.818382931264449e+20,8192,logarithmic,4.266700085576553e-22,0.12025194694013519,1.297669884750074,3.6573306535955137e+20,0.026615350372966428,7.501224920079147e+18,3.1833959617793672,-5.6646042171756505
2.9853826189179696e+20,8192,logarithmic,3.990984552547541e-22,0.1191461591554554,1.298567630584908,3.8767212338376756e+20,0.0259696749229969,7.75294161340648e+18,3.103941271017452,-5.529283064293167
3.1622776601683794e+20,8192,logarithmic,3.7331211532871987e-22,0.11805165625742124,1.2994439257180923,4.109202496939822e+20,0.025338807003568414,8.012834332270247e+18,3.026418638253414,-5.396964596171783
3.3496543915782655e+20,8192,logarithmic,3.4919510024768435e-22,0.11696829010622686,1.3002992455415203,4.355553078194059e+20,0.024722447042237836,8.281165330559307e+18,2.950783464581841,-5.267592908286423
3.54813389233576e+20,8192,logarithmic,3.2663906949302177e-22,0.11589591530292062,1.3011340566833143,4.616597844990385e+20,0.024120299675619773,8.558205277236176e+18,2.876992072583806,-5.141112637132872
3.7583740428844355e+20,8192,logarithmic,3.0554273687962935e-22,0.11483438912802679,1.301948817083623,4.8932106392911846e+20,0.0235320737786669,8.844233526498312e+18,2.805001692033504,-5.017468980110862
3.9810717055349857e+20,8192,logarithmic,2.8581140933287264e-22,0.11378357148141773,1.3027439760744306,5.186317182706062e+20,0.022957482488668485,9.139538396595301e+18,2.7347704456233135,-4.896607713892531
4.216965034285823e+20,8192,logarithmic,2.6735655597513665e-22,0.11274332482342317,1.3035199744629773,5.496898153803524e+20,0.022396243224197216,9.444417457580044e+18,2.6662573347125296,-4.778475211322942
4.466835921509617e+20,8192,logarithmic,2.5009540551785166e-22,0.11171351411716542,1.3042772446185726,5.825992447869826e+20,0.021848077699219447,9.75917782828066e+18,2.599422225114578,-4.663018456906498
4.7315125896148124e+20,8192,logarithmic,2.339505700884524e-22,0.1106940067721075,1.3050162105625345,6.174700629928047e+20,0.02131271193259126,1.0084136482788938e+19,2.5342258329251965,-4.550185060924472
5.0118723362727146e+20,8192,logarithmic,2.1884969374613967e-22,0.10968467258880331,1.305737288060923,6.544188592472297e+20,0.02078987625315101,1.0419620566770057e+19,2.4706297104156727,-4.43992327224697
5.308844442309901e+20,8192,logarithmic,2.0472512405644942e-22,0.10868538370482865,1.3064408847198898,6.935691430051617e+20,0.020279305300621605,1.0765967723911072e+19,2.4085962319725374,-4.332181989864625
5.6234132519034906e+20,8192,logarithmic,1.9151360520309464e-22,0.10769601454188957,1.3071274000833657,7.350517543554954e+20,0.019780738022525602,1.1123526432830171e+19,2.34808858012181,-4.22691077321653
5.956621435290085e+20,8192,logarithmic,1.7915599121649626e-22,0.10671644175408238,1.3077972257328543,7.790052987813226e+20,0.019293917667316356,1.1492656354785868e+19,2.289070731623366,-4.124059851343265
6.309573444801943e+20,8192,logarithmic,1.6759697799288698e-22,0.10574654417729754,1.3084507453891467,8.255766076938669e+20,0.018818591773921603,1.1873728692530403e+19,2.231507443650682,-4.023580130920101
6.683439175686135e+20,8192,logarithmic,1.5678485286580392e-22,0.10478620277975005,1.309088335015669,8.749212262677458e+20,0.018354512157890666,1.2267126560665395e+19,2.175364240070654,-3.925423203225331
7.079457843841402e+20,8192,logarithmic,1.4667126057392194e-22,0.10383530061361579,1.3097103629233668,9.272039301958199e+20,0.017901434894333962,1.2673245367870876e+19,2.1206073978086604,-3.8295413500703424
7.498942093324558e+20,8192,logarithmic,1.372109845458882e-22,0.10289372276776665,1.3103171898768315,9.82599273077412e+20,0.017459120297834585,1.3092493211384898e+19,2.0672039333334835,-3.735887548763961
7.943282347242789e+20,8192,logarithmic,1.2836174249423308e-22,0.10196135632157663,1.3109091692015675,1.0412921662557522e+21,0.01702733289951176,1.3525291284131813e+19,2.0151215892387997,-3.6444154761289593
8.413951416451965e+20,8192,logarithmic,1.200839953772856e-22,0.10103809029979234,1.3114866468921778,1.1034784930276277e+21,0.016605841421404737,1.3972074294900509e+19,1.9643288209515442,-3.5550795116371825
8.91250938133744e+20,8192,logarithmic,1.1234076885024302e-22,0.10012381562844518,1.3120499617213146,1.1693657592624647e+21,0.016194418748346033,1.4433290901994097e+19,1.9147947835560286,-3.4678347396926434
9.440608762859264e+20,8192,logarithmic,1.0509748638469953e-22,0.09921842509178766,1.3125994453492582,1.2391737825888418e+21,0.01579284189748358,1.4909404160783442e+19,1.8664893187454457,-3.3826369511093968
1e+21,8192,logarithmic,9.832181329024113e-23,0.09832181329024113,1.313135422433936,1.313135422433936e+21,0.015400891985608544,1.5400891985608544e+19,1.819382941905534,-3.2994426438266444
1.0592537251772854e+21,8192,logarithmic,9.198351092229906e-23,0.09743387659933081,1.313658210741286,1.3914973533374345e+21,0.015018354194439096,1.5908247626491523e+19,1.7734468293281624,-3.2182090228944027
1.1220184543019653e+21,8192,logarithmic,8.605430040779998e-23,0.09655451312959672,1.3141681212558147,1.474520884104367e+21,0.014645017734005198,1.6431980161133384e+19,1.7286528055682648,-3.138893999777803
1.1885022274370166e+21,8192,logarithmic,8.050773526424049e-23,0.09568362268745947,1.3146654582911923,1.5624828255135882e+21,0.014280675804274974,1.6972615002686716e+19,1.6849733309398873,-3.06145619101047
1.2589254117941712e+21,8192,logarithmic,7.531908232902287e-23,0.0948211067370242,1.3151505196008315,1.655676409459795e+21,0.013925125555155805,1.7530694423810058e+19,1.6423814891612487,-2.9858549162392944
1.333521432163324e+21,8192,logarithmic,7.046521045437178e-23,0.0939668683628039,1.3156235964882628,1.7544122625768914e+21,0.013578168045003284,1.810677809752706e+19,1.600850975140733,-2.9120501956868217
1.4125375446227498e+21,8192,logarithmic,6.592448645902442e-23,0.09312081223334608,1.3160849739173044,1.859019437572045e+21,0.013239608197758284,1.8701443655428714e+19,1.5603560829219987,-2.840002747078618
1.4962356560944358e+21,8192,logarithmic,6.167667786144505e-23,0.0922828445657444,1.3165349306218048,1.9698465056901586e+21,0.012909254758834844,1.931528726377547e+19,1.5208716937781697,-2.7696739820585847
1.584893192461111e+21,8192,logarithmic,5.770286195059229e-23,0.09145287309101698,1.316973739214945,2.0872627139318207e+21,0.012586920249872643,1.994892421807406e+19,1.4823732644590137,-2.7010260021246957
1.678804018122566e+21,8192,logarithmic,5.398534077949613e-23,0.09063080702033412,1.3174016662980306,2.2116592108624974e+21,0.012272420922462701,2.0602989556721828e+19,1.444836815600925,-2.634021594124414
1.7782794100389228e+21,8192,logarithmic,5.0507561694207744e-23,0.08981655701208024,1.3178189725686225,2.3434503450774292e+21,0.011965576710952677,2.12781386943284e+19,1.4082389202935586,-2.568624225331617
1.8836490894897945e+21,8192,logarithmic,4.725404303613506e-23,0.08901003513972737,1.3182259129279679,2.48307504062862e+21,0.011666211184431606,2.1975048075350254e+19,1.3725566928059374,-2.504798038135403
1.995262314968883e+21,8192,logarithmic,4.421030467960501e-23,0.08821115486050832,1.3186227365877154,2.6309982539746084e+21,0.011374151497989704,2.2694415848685724e+19,1.3377677774716767,-2.4425078443664816
2.1134890398366433e+21,8192,logarithmic,4.1362803088691953e-23,0.0874198309848717,1.3190096871757342,2.7877125172842736e+21,0.011089228343344025,2.3436962563903455e+19,1.3038503377475363,-2.3817191193007403
2.238721138568347e+21,8192,logarithmic,3.8698870598103634e-23,0.0866359796466957,1.3193870028410706,2.9537395732126404e+21,0.01081127589891854,2.4203431889803444e+19,1.2707830454203428,-2.3223979953402196
2.3713737056616553e+21,8192,logarithmic,3.6206658642315475e-23,0.08585951827425424,1.319754916357986,3.1296321065690255e+21,0.010540131779459245,2.4994591356018446e+19,1.238545069991126,-2.2645112554235847
2.5118864315095717e+21,8192,logarithmic,3.3875084675214165e-23,0.08509036556190828,1.3201136552289465,3.3159755786200956e+21,0.010275636985264592,2.5811233118404047e+19,1.2071160682150195,-2.208026326167911
2.660725059798814e+21,8192,logarithmic,3.169378253944429e-23,0.0843284414425135,1.3204634417865595,3.513390170109691e+21,0.010017635851104944,2.6654174748973945e+19,1.1764761738103369,-2.152911270776836
2.818382931264449e+21,8192,logarithmic,2.9653056060423367e-23,0.08357366706052505,1.320804493294539,3.7225328394387183e+21,0.009765975994902004,2.7524260051170152e+19,1.1466059873318724,-2.099134781732559
2.9853826189179696e+21,8192,logarithmic,2.7743835654741476e-23,0.08282596474578184,1.3211370220473897,3.9440995028293234e+21,0.009520508266235149,2.8422359901283267e+19,1.1174865662097577,-2.046666173291567
3.1622776601683794e+21,8192,logarithmic,2.5957637756447697e-23,0.08208525798795781,1.321461235469036,4.178827343702239e+21,0.009281086694738502,2.934937311685755e+19,1.0890994149460376,-1.9954753737984499
3.3496543915782654e+21,8192,logarithmic,2.4286526877577774e-23,0.08135147141166196,1.321777336210225,4.4274972589252013e+21,0.00904756843844726,3.0306227352949772e+19,1.0614264754874148,-1.9455329178527325
3.5481338923357606e+21,8192,logarithmic,2.272308013131312e-23,0.0806245307521734,1.3220855222447194,4.6909364500429134e+21,0.008819813732151027,3.1293880027133415e+19,1.0344501177528276,-1.8968099383273707
3.7583740428844353e+21,8192,logarithmic,2.126035405738135e-23,0.07990436283179485,1.3223859869642172,4.970021168080429e+21,0.008597685835806898,3.231331927417182e+19,1.0081531303246072,-1.8492781582643558
3.9810717055349854e+21,8192,logarithmic,1.9891853599800552e-23,0.07919089553681022,1.3226789192720374,5.265679621021501e+21,0.008381050983061335,3.3365564931311653e+19,0.9825187113070344,-1.802909882667958
4.2169650342858226e+21,8192,logarithmic,1.861150309687697e-23,0.0784840577950325,1.322964503675537,5.578895053601038e+21,0.008169778329929255,3.445166955517769e+19,0.957530459340683,-1.7576779902002904
4.4668359215096167e+21,8192,logarithmic,1.7413619152511257e-23,0.07778377955392513,1.3232429203771212,5.910709009623814e+21,0.007963739903672924,3.557271947128575e+19,0.9331723647805878,-1.7135559248025567
4.731512589614812e+21,8192,logarithmic,1.6292885266434642e-23,0.0770899917592852,1.3235143453640787,6.262224787625946e+21,0.007762810551922689,3.6729835857216913e+19,0.9094288010334406,-1.6705176872514715
5.011872336272714e+21,8192,logarithmic,1.5244328108982412e-23,0.07640262633447349,1.3237789504969848,6.634611101335965e+21,0.007566867892077564,3.792417586053377e+19,0.8862845160495292,-1.628537826661569
5.308844442309901e+21,8192,logarithmic,1.4263295333481203e-23,0.07572161616017642,1.324036903596796,7.02910595707306e+21,0.007375792261021333,3.915693375255548e+19,0.863724623979012,-1.5875914319551376
5.623413251903491e+21,8192,logarithmic,1.3345434826310476e-23,0.07504689505468869,1.3242883685305724,7.447020760936474e+21,0.007189466665188313,4.042934211913835e+19,0.8417345969758738,-1.5476541232973928
5.956621435290085e+21,8192,logarithmic,1.2486675301211131e-23,0.07437839775470151,1.3245335052959424,7.889744669405724e+21,0.007007776731008458,4.1742673089652064e+19,0.8203002571605778,-1.5087020435186504
6.309573444801943e+21,8192,logarithmic,1.1683208150515245e-23,0.07371605989658461,1.3247724701040455,8.358749197773162e+21,0.006830610655761644,4.309823960537485e+19,0.7994077687355494,-1.470711849530848
6.683439175686135e+21,8192,logarithmic,1.0931470471660074e-23,0.07305981799814913,1.3250054154612705,8.855593101690139e+21,0.006657859158866995,4.449739672857242e+19,0.7790436302508974,-1.4336607037456428
7.079457843841402e+21,8192,logarithmic,1.0228129192670902e-23,0.07240960944087725,1.3252324902495407,9.381927548010586e+21,0.006489415433631694,4.594154299356935e+19,0.7591946670153504,-1.3975262655007037
7.498942093324559e+21,8192,logarithmic,9.570066225273934e-24,0.07176537245261037,1.325453839805298,9.939501592074615e+21,0.006325175099481629,4.743212180115114e+19,0.7398480236662675,-1.3622866825171664
7.943282347242789e+21,8192,logarithmic,8.95436457894119e-24,0.07112704609067966,1.3256696059970643,1.0530167979592785e+22,0.006165036154694308,4.897062285769686e+19,0.7209911568765826,-1.3279205823767404
8.413951416451964e+21,8192,logarithmic,8.378295373518421e-24,0.07049457022546826,1.3258799273017274,1.1155889292365596e+22,0.006008898929653438,5.055858366047424e+19,0.7026118282049909,-1.2944070640332983
8.912509381337441e+21,8192,logarithmic,7.839305692143127e-24,0.06986788552439761,1.3260849388794083,1.1818744458213012e+22,0.005856666040640599,5.219759103056975e+19,0.6846980971004113,-1.2617256893786677
9.440608762859265e+21,8192,logarithmic,7.335007219952543e-24,0.06924693343631995,1.3262847726470395,1.2520935646698448e+22,0.005708242344180773,5.388928269499732e+19,0.6672383140331695,-1.2298564748434604
1e+22,8192,logarithmic,6.863165617631233e-24,0.06863165617631233,1.3264795573505912,1.3264795573505912e+22,0.005563534891954813,5.563534891954813e+19,0.6502211137756175,-1.1987798830637275
1.0592537251772853e+22,8192,logarithmic,6.421690582157026e-24,0.0680219967108572,1.3266694186359635,1.4052795237689278e+22,0.005422452886290913,5.743753419401973e+19,0.633635408814337,-1.168476814602315
1.1220184543019653e+22,8192,logarithmic,6.0086265502063004e-24,0.06741789874340223,1.3268544791185728,1.4887552117442603e+22,0.0052849076362462616,5.929763897149683e+19,0.6174703829014749,-1.1389285997403298
1.1885022274370165e+22,8192,logarithmic,5.622144002572144e-24,0.06681930670028657,1.3270348584516318,1.5771838851563303e+22,0.005150812514288588,6.121752146342446e+19,0.6017154847363093,-1.1101169903356412
1.2589254117941714e+22,8192,logarithmic,5.2605313306562075e-24,0.06622616571702507,1.327210673393119,1.670859243539052e+22,0.005020082913585006,6.319909949225887e+19,0.5863604217794638,-1.0820241517579876
1.3335214321633241e+22,8192,logarithmic,4.922187228626521e-24,0.06563842162494062,1.3273820378715198,1.7700923961703007e+22,0.004892636205906369,6.524435240354393e+19,0.5713951541963969,-1.0546326549023322
1.4125375446227496e+22,8192,logarithmic,4.605613577195907e-24,0.06505602093813505,1.3275490630501974,1.8752128938871576e+22,0.004768391700151802,6.735532303931925e+19,0.5568098889311424,-1.027925468288049
1.4962356560944358e+22,8192,logarithmic,4.309408787188999e-24,0.06447891084078859,1.3277118573906306,1.986569822047232e+22,0.0046472706014994685,6.9534119774829404e+19,0.542595073899399,-1.001885950237269
1.584893192461111e+22,8192,logarithmic,4.032261573131108e-24,0.06390703917478023,1.327870526714282,2.1045329582592155e+22,0.0045291959711866924,7.178291862056079e+19,0.5287413923112272,-0.9764978411487157
1.6788040181225657e+22,8192,logarithmic,3.772945129024258e-24,0.06334035442761886,1.328025174263325,2.2294939987211903e+22,0.004414092686922297,7.410396539170585e+19,0.5152397571130285,-0.9517452558606476
1.7782794100389228e+22,8192,logarithmic,3.53031168028335e-24,0.06277880572067794,1.3281759007601412,2.361867857231659e+22,0.004301887403933784,7.649957794721241e+19,0.5020813055486295,-0.92761267610737
1.8836490894897943e+22,8192,logarithmic,3.3032873874919417e-24,0.06222234279772317,1.3283228044655808,2.502094041180121e+22,0.004192508516650003,7.897214850065986e+19,0.4892573938372724,-0.9040849430717146
1.995262314968883e+22,8192,logarithmic,3.0908675792180134e-24,0.061670916013728004,1.3284659812360577,2.650638109078465e+22,0.004085886121019809,8.152414600525213e+19,0.4767595919684675,-0.8811472500365514
2.1134890398366432e+22,8192,logarithmic,2.8921122926046307e-24,0.06112447632396714,1.3286055245794803,2.8079932144651457e+22,0.003981951977466561,8.415811861531425e+19,0.4645796786137746,-0.8587851351396281
2.238721138568347e+22,8192,logarithmic,2.706142101830586e-24,0.060582975273379094,1.3287415257100468,2.9746817413006383e+22,0.0038806394744773363,8.687669622675174e+19,0.4527096361404581,-0.8369844742203925
2.371373705661655e+22,8192,logarithmic,2.5321342158274614e-24,0.06004636498619436,1.3288740736018438,3.1512570362749035e+22,0.003781883592825054,8.968259309898562e+19,0.4411416457477557,-0.8157314737819443
2.511886431509572e+22,8192,logarithmic,2.3693188278440666e-24,0.05951459815581674,1.3290032550414068,3.338305243770565e+22,0.0036856208704215267,9.25786105610033e+19,0.42986808269758203,-0.795012664043615
2.660725059798814e+22,8192,logarithmic,2.2169757005789838e-24,0.05898762803495534,1.3291291546790776,3.5364472495638353e+22,0.0035917893677982708,9.556763980419798e+19,0.4188815116643818,-0.7748148921115416
2.8183829312644493e+22,8192,logarithmic,2.0744309716553152e-24,0.05846540842599667,1.3292518550793735,3.746340739707312e+22,0.003500328634212237,9.865266476479971e+19,0.40817468217593245,-0.7551253152416448
2.9853826189179694e+22,8192,logarithmic,1.9410541651982638e-24,0.05794789367161225,1.3293714367702003,3.968682381419765e+22,0.0034111796743719297,1.0183676509876217e+20,0.39774052416636785,-0.7359313942186918
3.1622776601683792e+22,8192,logarithmic,1.816255396198708e-24,0.05743503864559443,1.3294879782910731,4.204210133212283e+22,0.00332428491578043,1.0512311925207176e+20,0.38757214362181713,-0.7172208868342689
3.3496543915782655e+22,8192,logarithmic,1.6994827552072298e-24,0.05692679874391427,1.329601556240292,4.45370569190959e+22,0.0032395881766898046,1.085150076295403e+20,0.3776628183314479,-0.6989818414782745
3.5481338923357603e+22,8192,logarithmic,1.5902198617101859e-24,0.05642312987599396,1.3297122453210248,4.717997084677411e+22,0.0031570346346627655,1.1201581586524802e+20,0.3680059937247293,-0.6812025908273567
3.7583740428844353e+22,8192,logarithmic,1.487983575292862e-24,0.055923988456190704,1.3298201183864808,4.997961414649257e+22,0.0030765707957352674,1.156290381978774e+20,0.3585952788159652,-0.6638717456522003
3.981071705534985e+22,8192,logarithmic,1.3923218543995876e-24,0.055429331395482,1.3299252464840723,5.2945277692543815e+22,0.0029981444641749224,1.1935828095433132e+20,0.3494244422278747,-0.6469781887180837
4.2169650342858225e+22,8192,logarithmic,1.3028117531606536e-24,0.05493911609335088,1.330027698898551,5.608680300886822e+22,0.0029217047128289693,1.2320726614507864e+20,0.3404874083161591,-0.6305110688017423
4.466835921509617e+22,8192,logarithmic,1.2190575473714492e-24,0.05445330042986201,1.3301275431942898,5.941461490129588e+22,0.002847201854055428,1.2717983517483568e+20,0.3317782533791558,-0.6144597948097741
4.7315125896148125e+22,8192,logarithmic,1.1406889812866288e-24,0.05397184275792579,1.330224845256502,6.293975602349555e+22,0.0027745874112310677,1.3127995267226567e+20,0.3232912019554446,-0.5988140300034583
5.011872336272714e+22,8192,logarithmic,1.0673596274307048e-24,0.053494701895743,1.3303196693316994,6.667392349123009e+22,0.00270381409082954,1.3551171044252933e+20,0.31502062320183377,-0.5835636863233518
5.308844442309901e+22,8192,logarithmic,9.987453521308552e-25,0.05302183711942736,1.3304120780670878,7.062950766628426e+22,0.0026348357550620882,1.3987933154660778e+20,0.30696102736651465,-0.5686989188288583
5.623413251903491e+22,8192,logarithmic,9.345428799494576e-25,0.05255320815579833,1.3305021325491948,7.481963323862997e+22,0.0025676073950747363,1.4438717451148673e+20,0.299107062329651,-0.5542101202273941
5.9566214352900855e+22,8192,logarithmic,8.744684506344627e-25,0.05208877517534151,1.3305898923415773,7.925820274302166e+22,0.002502085104693635,1.4903973767538144e+20,0.2914535102385596,-0.5400879155197713
6.309573444801943e+22,8192,logarithmic,8.1825656261857495e-25,0.05162849878533079,1.3306754155216807,8.395994265426388e+22,0.002438226054711858,1.5384166367234146e+20,0.28399528421021447,-0.5263231567365634
6.683439175686135e+22,8192,logarithmic,7.656587974836266e-25,0.05117234002310807,1.330758758716857,8.894045221395696e+22,0.0023759884677098777,1.587977440607067e+20,0.27672742511586357,-0.5129069177800205
7.079457843841402e+22,8192,logarithmic,7.164427201673077e-25,0.05072026034951517,1.3308399771395976,9.421625515058635e+22,0.0023153315934020028,1.639129241000362e+20,0.2696450984383647,-0.4998304893634842
7.498942093324558e+22,8192,logarithmic,6.703908500270913e-25,0.050272221642477855,1.3309191246219134,9.98048544643794e+22,0.0022562156845008464,1.691923076812248e+20,0.2627435912178955,-0.487085374063867
7.94328234724279e+22,8192,logarithmic,6.272996981912057e-25,0.04982818619072934,1.3309962536489492,1.0572479045855985e+23,0.0021986019730928954,1.746411624148196e+20,0.2560183090440704,-0.47466328144655234
8.413951416451964e+22,8192,logarithmic,5.869788669222424e-25,0.0493881166876777,1.331071415391853,1.1199570220935002e+23,0.002142452647516306,1.8026492488251084e+20,0.24946477313576576,-0.46255612330377005
8.91250938133744e+22,8192,logarithmic,5.492502069945995e-25,0.04895197622540899,1.331144659739813,1.186383926784832e+23,0.002087730829733629,1.8606920605708367e+20,0.24307861748364967,-0.45075600898216717
9.440608762859264e+22,8192,logarithmic,5.13947029345262e-25,0.04851972828882368,1.3312160353314608,1.2567489768408957e+23,0.0020344005531910776,1.9205979689621422e+20,0.23685558607267065,-0.4392552408167827
1e+23,8192,logarithmic,4.80913367499096e-25,0.04809133674990959,1.331285589585403,1.3312855895854029e+23,0.0019824267411558223,1.982426741155822e+20,0.23079153021181575,-0.42804630969923707
1.0592537251772854e+23,8192,logarithmic,4.500032874948902e-25,0.04766676586209873,1.3313533687302102,1.4102410153548032e+23,0.001931775185530077,2.0462400614777756e+20,0.22488240563716122,-0.4171218904484575
1.1220184543019653e+23,8192,logarithmic,4.210802422516634e-25,0.047245980254830844,1.3314194178335714,1.4938771572252464e+23,0.0018824125261157178,2.1121015929110154e+20,0.21912427029249226,-0.40647483788165406
1.1885022274370166e+23,8192,logarithmic,3.940164675091582e-25,0.04682894492814994,1.331483780830822,1.5824714393136924e+23,0.0018343062303465922,2.1800770405685222e+20,0.2135132815448193,-0.3960981823522003
1.2589254117941714e+23,8192,logarithmic,3.6869241666437907e-25,0.046415625247459166,1.3315465005528027,1.676317726531525e+23,0.0017874245734613183,2.2502342171958113e+20,0.20804569378052307,-0.38598512569402166
1.3335214321633241e+23,8192,logarithmic,3.4499623199715606e-25,0.046005986938379796,1.3316076187530759,1.7757272988391955e+23,0.0017417366191166096,2.3226431107756874e+20,0.20271785599657033,-0.3761290371882664
1.4125375446227497e+23,8192,logarithmic,3.2282324993985224e-25,0.04559999608171751,1.33166717613442,1.8810298832316244e+23,0.0016972122004318753,2.3973759543018154e+20,0.1975262094415564,-0.36652344960802496
1.4962356560944359e+23,8192,logarithmic,3.020755381977318e-25,0.045197619108536306,1.3317252123748378,1.9925747468751673e+23,0.0016538219014571478,2.474507297790083e+20,0.1924672853272913,-0.3571620553608157
1.584893192461111e+23,8192,logarithmic,2.826614626678321e-25,0.04479882279533475,1.3317817661528262,2.1107318550194493e+23,0.001611537039056725,2.5541140825999386e+20,0.1875377025811087,-0.3480387026996601
1.6788040181225658e+23,8192,logarithmic,2.6449528223657105e-25,0.04440357425932176,1.3318368751721008,2.2358930975227248e+23,0.0015703296452006517,2.636275718139837e+20,0.1827341656617243,-0.3391473920246191
1.7782794100389228e+23,8192,logarithmic,2.474967696602218e-25,0.044011840953791834,1.331890576185715,2.368473588055934e+23,0.0015301724496563302,2.721074161032672e+20,0.1780534624312491,-0.3304822722683842
1.8836490894897944e+23,8192,logarithmic,2.315908568480148e-25,0.043623590663592435,1.3319429050196208,2.5089130402926002e+23,0.0014910388630728856,2.8085939968211393e+20,0.17349246206344038,-0.3220376373449074
1.9952623149688827e+23,8192,logarithmic,2.167073029761494e-25,0.043238791500685485,1.3319938965956846,2.657677225645928e+23,0.0014529029604504276,2.898922524293463e+20,0.16904811301912126,-0.31380792269235513
2.1134890398366435e+23,8192,logarithmic,2.0278038396220278e-25,0.042857411899798185,1.3320435849540608,2.8152595173851186e+23,0.0014157394649869325,2.992149842514075e+20,0.16471744106338893,-0.30578770188445237
2.238721138568347e+23,8192,logarithmic,1.8974860192424648e-25,0.042479420614160115,1.332092003275151,2.9821825262499366e+23,0.001379523732295279,3.0883689406461424e+20,0.1604975473278314,-0.29797168331391344
2.371373705661655e+23,8192,logarithmic,1.775544133377274e-25,0.04210478671132678,1.3321391839009722,3.158999832984342e+23,0.0013442317349831017,3.187675790654874e+20,0.15638560643072008,-0.290354706959739
2.5118864315095718e+23,8192,logarithmic,1.6614397468600378e-25,0.04173347956908427,1.3321851583559874,3.346297823532835e+23,0.001309840047588261,3.290169442984805e+20,0.15237886463037587,-0.282931741214254
2.660725059798814e+23,8192,logarithmic,1.5546690447814547e-25,0.04136546887143501,1.3322299573675027,3.54469763298242e+23,0.0012763258318627796,3.3959521253058655e+20,0.14847463803191463,-0.2756978797891163
2.818382931264449e+23,8192,logarithmic,1.4547606058012539e-25,0.04100072460466184,1.3322736108855149,3.7548572046937894e+23,0.0012436668223981342,3.5051293444267966e+20,0.14467031083627013,-0.2686483386894145
2.9853826189179693e+23,8192,logarithmic,1.361273318734507e-25,0.040639217053467784,1.3323161481020915,3.977473471447723e+23,0.0012118413125849084,3.617809991477723e+20,0.1409633336301841,-0.26177845325424665
3.162277660168379e+23,8192,logarithmic,1.2737944331885686e-25,0.040280916797190536,1.3323575974703048,4.213284665835959e+23,0.0011808281409000554,3.7341064504664044e+20,0.13735122172289227,-0.25508367526849707
3.3496543915782654e+23,8192,logarithmic,1.19193773562041e-25,0.0399257947060876,1.3323979867226912,4.4630727675557015e+23,0.0011506066775148808,3.854134710316998e+20,0.1338315535126089,-0.24855957012999141
3.5481338923357603e+23,8192,logarithmic,1.115341842740952e-25,0.03957382193769393,1.3324373428892338,4.727666095719095e+23,0.0011211568112169407,3.978014480501913e+20,0.130401968910121,-0.24220181409748687
3.758374042884436e+23,8192,logarithmic,1.0436686047124183e-25,0.039224969933245694,1.332475692314971,5.007942054771055e+23,0.0010924589366396041,4.105869310383421e+20,0.12706016778423201,-0.23600619158515856
3.9810717055349855e+23,8192,logarithmic,9.76601611071646e-26,0.038879210414172125,1.3325130606771247,5.304830043117525e+23,0.001064493941792312,4.2378267123827796e+20,0.12380390845847522,-0.22996859253189283
4.2169650342858225e+23,8192,logarithmic,9.138447927675998e-26,0.038536515378651416,1.33254947300181,5.6193145341046324e+23,0.001037243195885605,4.374018289100476e+20,0.12063100623636025,-0.2240850098227387
4.466835921509616e+23,8192,logarithmic,8.551211141268114e-26,0.038196857098229654,1.3325849536803753,5.9524383395627286e+23,0.00101068853744425,4.5145798645139925e+20,0.11753933196638755,-0.21835153677315366
4.731512589614813e+23,8192,logarithmic,8.001713489593503e-26,0.03786020811450234,1.332619526485315,6.305306066731797e+23,0.0009848122627024148,4.659651619383526e+20,0.11452681064703096,-0.21276436467622117
5.011872336272715e+23,8192,logarithmic,7.487529353902512e-26,0.037526541235853916,1.3326532145857908,6.67908778002743e+23,0.0009595971142749556,4.809378231001777e+20,0.1115914200526813,-0.2073197803931781
5.308844442309901e+23,8192,logarithmic,7.006389043502209e-26,0.037195829534257686,1.332686040562781,7.075022879785706e+23,0.0009350262700983809,4.963909017425546e+20,0.10873118941294724,-0.20201416401944838
5.623413251903491e+23,8192,logarithmic,6.556168769857232e-26,0.036868046342130964,1.3327180264238645,7.494424210842626e+23,0.0009110833326361322,5.123398086334422e+20,0.10594419810472377,-0.19684398658523783
5.956621435290085e+23,8192,logarithmic,6.134881265535222e-26,0.03654316524924667,1.3327491936176123,7.938682414568245e+23,0.0008877523183419049,5.288004488663858e+20,0.1032285743945982,-0.1918058078277718
6.309573444801942e+23,8192,logarithmic,5.740667006505585e-26,0.0362211600996983,1.3327795630476693,8.409270538780311e+23,0.0008650176473756649,5.457892377166546e+20,0.10058249419768739,-0.18689627400129138
6.683439175686135e+23,8192,logarithmic,5.371785998969932e-26,0.03590200498891793,1.3328091550864418,8.907748920817863e+23,0.0008428641335665744,5.633231170059594e+20,0.09800417987755328,-0.18211211574870045
7.079457843841402e+23,8192,logarithmic,5.0266100944018136e-26,0.03558567426074529,1.3328379895884823,9.435770359961986e+23,0.0008212769746173413,5.814195719921073e+20,0.09549189907167577,-0.17745014601907583
7.498942093324558e+23,8192,logarithmic,4.7036157988132424e-26,0.03527214250454704,1.3328660859035506,9.995085596346882e+23,0.0008002417425447237,6.000966488004023e+20,0.09304396354656852,-0.17290725803490448
7.94328234724279e+23,8192,logarithmic,4.4013775444504856e-26,0.03496138455238436,1.3328934628892921,1.0587549114523827e+24,0.0007797443743507351,6.193729724142067e+20,0.09065872807851871,-0.168480423304751
8.413951416451965e+23,8192,logarithmic,4.1185613941709424e-26,0.03465337547622898,1.332920138923671,1.121512529091417e+24,0.0007597711629194165,6.39267765242518e+20,0.08833458937234084,-0.16416668969306825
8.912509381337441e+23,8192,logarithmic,3.853919150665785e-26,0.03434809058522483,1.3329461319170766,1.1879894905528398e+24,0.0007403087481341559,6.598008662831842e+20,0.08606998499307572,-0.15996317952189365
9.440608762859264e+23,8192,logarithmic,3.6062828444850977e-26,0.034045505422995045,1.3329714593240962,1.2584062039536365e+24,0.0007213441082103753,6.80992750900777e+20,0.08386339233552587,-0.1558670877292445
1e+24,8192,logarithmic,3.374559576499348e-26,0.033745595764993475,1.3329961381550357,1.3329961381550358e+24,0.0007028645512388649,7.028645512388649e+20,0.08171332761306438,-0.1518756800649279
1e+19,32768,exponential,2.217471478694753e-20,0.2217471478694753,1.245441496250927,1.2454414962509271e+19,0.06313812055761542,6.313812055761542e+17,7.870894966742892,-13.149707367198227
1.0592537251772854e+19,32768,exponential,2.0731116062004326e-20,0.21959511915760738,1.247522698425322,1.3214430655502416e+19,0.061719691383732754,6.537681301501133e+17,7.681478627313432,-12.865209451324134
1.1220184543019653e+19,32768,exponential,1.9381869962128433e-20,0.21746815776389034,1.2495591067541867,1.402028377519277e+19,0.06032898261156552,6.769023181943889e+17,7.496364061697625,-12.585785985365094
1.1885022274370165e+19,32768,exponential,1.8120779715509612e-20,0.2153658705477868,1.2515514997129573,1.4874717451609883e+19,0.05896562600440566,7.008077784845418e+17,7.315464268158811,-12.311391427786479
1.2589254117941713e+19,32768,exponential,1.6942057885721357e-20,0.21328787200422447,1.2535006504612418,1.5780638225661805e+19,0.05762925108037697,7.255092864775327e+17,7.138693591471279,-12.04197873524937
1.3335214321633241e+19,32768,exponential,1.5840299153067655e-20,0.2112337841249427,1.2554073264838186,1.6741125759610315e+19,0.05631948545661754,7.510324090481012e+17,6.965967716405519,-11.777499452412387
1.4125375446227497e+19,32768,exponential,1.4810454919057818e-20,0.20920323626111856,1.2572722892523802,1.7759443123827806e+19,0.05503595518424572,7.774035300192214e+17,6.797203660820061,-11.517903800469387
1.496235656094436e+19,32768,exponential,1.3847809610963114e-20,0.2071958649873023,1.2590962939075168,1.883904769400786e+19,0.053778285073901505,8.046498765118263e+17,6.6323197683414215,-11.263140764285728
1.5848931924611109e+19,32768,exponential,1.2947958571771671e-20,0.2052113139666941,1.2608800889604388,1.9983602695031595e+19,0.0525460990116697,8.327995461398281e+17,6.471235700654621,-11.01315817803502
1.6788040181225658e+19,32768,exponential,1.2106787428653296e-20,0.2032492338177892,1.2626244160140423,2.1196989429840323e+19,0.051339020265222926,8.618815350773208e+17,6.313872429402467,-10.767902809228037
1.7782794100389229e+19,32768,exponential,1.1320452840311753e-20,0.20130928198243034,1.2643300095026913,2.2483320233929515e+19,0.05015667178005849,8.91925767025583e+17,6.160152227698856,-10.527320441039045
1.8836490894897943e+19,32768,exponential,1.0585364530359156e-20,0.19939112259528588,1.265997596450288,2.3846952198498533e+19,0.04899867646572379,9.229631231086563e+17,6.009998661276472,-10.291355952855042
1.9952623149688828e+19,32768,exponential,9.898168520156198e-21,0.19749442635478975,1.2676278962460974,2.529250170783123e+19,0.04786465747195946,9.550254727269448e+17,5.863336579261902,-10.05995339895992
2.1134890398366433e+19,32768,exponential,9.255731480428655e-21,0.19561887039556952,1.2692216204377755,2.6824859839189426e+19,0.0467542384547092,9.881457053993681e+17,5.7200921046012265,-9.833056085296121
2.238721138568347e+19,32768,exponential,8.655126126440896e-21,0.19376413816238408,1.270779472541065,2.8449208676364165e+19,0.045667043831972225,1.0223577636256346e+18,5.580192624145708,-9.61060664424509
2.3713737056616554e+19,32768,exponential,8.093617586606744e-21,0.1919299192855998,1.2723021478656946,3.0171038591055557e+19,0.04460269902950646,1.0576966768011226e+18,5.443566778390196,-9.392547107359938
2.511886431509572e+19,32768,exponential,7.568650679161987e-21,0.190115909458227,1.2737903333568588,3.199616654947148e+19,0.043560830716393946,1.0941985962179534e+18,5.31014445090896,-9.17881897603351
2.660725059798814e+19,32768,exponential,7.077838035951654e-21,0.18832181031453785,1.2752447074517994,3.39307555049281e+19,0.04254106703052464,1.1319008311869802e+18,5.179856757468726,-8.96936329004011
2.8183829312644493e+19,32768,exponential,6.618949016505616e-21,0.18654732931029042,1.2766659399509286,3.5981334940843815e+19,0.041543037794054744,1.170841886316378e+18,5.052636034850355,-8.764120693936228
2.9853826189179695e+19,32768,exponential,6.189899359417689e-21,0.18479217960457042,1.2780546919030025,3.815482263233784e+19,0.04056637471892665,1.2110614999839695e+18,4.928415829390564,-8.56303150129758
3.162277660168379e+19,32768,exponential,5.788741521626112e-21,0.18305607994327364,1.2794116155037736,4.045854769867519e+19,0.039610711602554874,1.2526006840413169e+18,4.807130885243738,-8.366035756765221
3.3496543915782656e+19,32768,exponential,5.413655659526235e-21,0.18133875454424583,1.2807373540075857,4.290027502309837e+19,0.03867568451378518,1.2955017647889605e+18,4.688717132398268,-8.173073295908084
3.5481338923357606e+19,32768,exponential,5.062941208958385e-21,0.17963993298408637,1.2820325416514955,4.548823112111029e+19,0.037760931969273624,1.3398084252636467e+18,4.573111674438657,-7.9840838028795496
3.758374042884435e+19,32768,exponential,4.735009024010335e-21,0.17795935008664004,1.2832978035912805,4.823113154308077e+19,0.03686609510041926,1.385565748879248e+18,4.460252776085727,-7.799006865884895
3.981071705534986e+19,32768,exponential,4.428374037274139e-21,0.17629674581317806,1.284533755848915,5.113820990214701e+19,0.03599081781101515,1.4328202644649705e+18,4.350079850520694,-7.617782030458608
4.216965034285823e+19,32768,exponential,4.1416484067162725e-21,0.1746518651542811,1.2857410052709541,5.421924862375118e+19,0.03513474692579269,1.4816199927454907e+18,4.242533446501895,-7.440348850559753
4.466835921509617e+19,32768,exponential,3.873535116663949e-21,0.17302445802343472,1.2869201494974658,5.748461151889806e+19,0.03429753233003003,1.5320144943091556e+18,4.137555235300661,-7.266646937509913
4.731512589614812e+19,32768,exponential,3.6228220025996575e-21,0.17141427915233826,1.2880717769408196,6.09452782892301e+19,0.033478827100426156,1.5840549191120392e+18,4.035087997458864,-7.096616006785917
5.011872336272715e+19,32768,exponential,3.388376171493444e-21,0.16982108798793644,1.2891964667740643,6.461288107845459e+19,0.03267828762743348,1.6377940575669678e+18,3.9350756093871286,-6.930195922693827
5.308844442309901e+19,32768,exponential,3.1691387913029575e-21,0.16824464859117422,1.2902947889283307,6.849974319143595e+19,0.03189557372925417,1.6932863932683666e+18,3.837463029819621,-6.767326740953827
5.6234132519034905e+19,32768,exponential,2.9641202250440185e-21,0.1666847295374769,1.2913673040988396,7.261892010944299e+19,0.03113034875771933,1.7505881574053624e+18,3.7421962861338587,-6.607948749222725
5.956621435290085e+19,32768,exponential,2.7723954864845852e-21,0.16514110381895564,1.2924145637590507,7.698424293768246e+19,0.030382279696261026,1.8097573849172716e+18,3.649222460553836,-6.452002505590448
6.309573444801943e+19,32768,exponential,2.5930999960564133e-21,0.1636135487483357,1.2934371101825486,8.161036442929173e+19,0.029651037250206774,1.870853972447379e+18,3.5584896762426377,-6.299428875081303
6.683439175686135e+19,32768,exponential,2.4254256170134992e-21,0.16210184586460735,1.294435476472276,8.651280773852758e+19,0.028936295929618574,1.9339397381526003e+18,3.4699470833081003,-6.150169064207955
7.0794578438414025e+19,32768,exponential,2.2686169532050836e-21,0.16060578084039312,1.295410186596631,9.170801806493575e+19,0.028237734124904105,1.9990784834286042e+18,3.383544844728714,-6.004164653612798
7.498942093324558e+19,32768,exponential,2.121967891079923e-21,0.15912514339102374,1.2963617554320743,9.7213417359857e+19,0.0275550341754388,2.066336056611948e+18,3.299234122205452,-5.861357628834341
7.94328234724279e+19,32768,exponential,1.9848183697013725e-21,0.15765972718532123,1.297290688811931,1.0304746227682252e+20,0.02688788243142041,2.1357804187224128e+18,3.2169670619692337,-5.721690409257619
8.413951416451965e+19,32768,exponential,1.856551363639153e-21,0.15620932975807478,1.2981974835808936,1.0922970555809836e+20,0.02623596930919936,2.2074817113112822e+18,3.1366967805342094,-5.5851058752749765
8.91250938133744e+19,32768,exponential,1.7365900646152426e-21,0.1547737524242074,1.299082627654925,1.1578086106107011e+20,0.025598989340310786,2.28151232648277e+18,3.0583773504342604,-5.451547393727396
9.440608762859264e+19,32768,exponential,1.6243952487250997e-21,0.1533528001946113,1.2999466000862814,1.2272287264023655e+20,0.024976641214446118,2.3579469791589187e+18,2.981963785922992,-5.320958841645873
1e+20,32768,exponential,1.5194628169365687e-21,0.15194628169365687,1.3007898711331658,1.3007898711331658e+20,0.02436862781659114,2.436862781659114e+18,2.9074120286824545,-5.193284628372529
1.0592537251772853e+20,32768,exponential,1.4213214973885964e-21,0.1505540090783428,1.301612902333848,1.3787383155359467e+20,0.02377465625856576,2.5183393206695245e+18,2.8346789335179867,-5.068469716081092
1.1220184543019654e+20,32768,exponential,1.3295306987789164e-21,0.14917579795909316,1.3024161465848276,1.4613349516490303e+20,0.02319443790518733,2.6024587366781204e+18,2.7637222540796813,-4.9464596387726045
1.1885022274370165e+20,32768,exponential,1.2436785048432444e-21,0.14781146732217343,1.3032000482227888,1.5488561601088117e+20,0.022627688395288826,2.68930580595515e+18,2.6945006285997275,-4.827200519779384
1.2589254117941713e+20,32768,exponential,1.163379800595028e-21,0.14646083945371166,1.3039650431100624,1.6415947288625398e+20,0.022074127657810767,2.778968025160653e+18,2.626973565657753,-4.71063908782805
1.333521432163324e+20,32768,exponential,1.0882745216167152e-21,0.14512373986531785,1.3047115587232607,1.7398608263486856e+20,0.021533479923186515,2.8715356986627866e+18,2.5611014299984136,-4.596722691726207
1.4125375446227496e+20,32768,exponential,1.0180260182724915e-21,0.14379999722126996,1.3054400142449196,1.843983032373806e+20,0.021005473730238367,2.967102028654857e+18,2.49684542838875,-4.485399313703409
1.496235656094436e+20,32768,exponential,9.523195272541247e-22,0.14248944326726184,1.3061508206577641,1.9543094301051555e+20,0.02048984192879401,3.0657632081600384e+18,2.4341675955422026,-4.376617581472586
1.5848931924611108e+20,32768,exponential,8.908607433756316e-22,0.1411919127606883,1.3068443808414731,2.071208762801706e+20,0.01998632167823229,3.1676185170168284e+18,2.3730307801082873,-4.270326779053379
1.678804018122566e+20,32768,exponential,8.3337448500334955e-22,0.13990724340244473,1.3075210896716194,2.1950716591207105e+20,0.019494654442162026,3.2727704209412536e+18,2.313398630732344,-4.166476856402756
1.778279410038923e+20,32768,exponential,7.796034469476068e-22,0.1386352757702301,1.3081813341206063,2.326311931063923e+20,0.019014585979431925,3.381324673763858e+18,2.255235582201731,-4.065018437910107
1.8836490894897945e+20,32768,exponential,7.293070350515104e-22,0.1373758532533279,1.3088254933603605,2.4653679488692742e+20,0.01854586633166399,3.4933904229438305e+18,2.198506841682568,-3.9659028298013266
1.995262314968883e+20,32768,exponential,6.822602770952765e-22,0.1361288219888433,1.3094539388666224,2.612704097408139e+20,0.018088249807503353,3.6090803184654587e+18,2.1431783750499367,-3.869082026495496
2.1134890398366433e+20,32768,exponential,6.382528049911503e-22,0.13489403079937906,1.3100670345245615,2.7688123189189542e+20,0.017641494963765818,3.7285106252252396e+18,2.089216893319734,-3.77450871596261
2.238721138568347e+20,32768,exponential,5.970879035769867e-22,0.1336713311321259,1.3106651367355908,2.9342137471945402e+20,0.017205364583661738,3.851801339021872e+18,2.036589839191194,-3.6821362841296224
2.3713737056616553e+20,32768,exponential,5.585816216275694e-22,0.13246057699934657,1.3112485945252015,3.109460438642864e+20,0.016779625652273283,3.9790763062646666e+18,1.985265373701206,-3.591918818375861
2.5118864315095718e+20,32768,exponential,5.22561940992486e-22,0.1312616249202331,1.3118177496516077,3.295137205963294e+20,0.016364049329448606,4.1104633475195264e+18,1.9352123630035578,-3.5038111101681535
2.660725059798814e+20,32768,exponential,4.888680000403465e-22,0.13007433386410777,1.3123729367150807,3.4918635605195784e+20,0.01595841092028315,4.246094385016443e+18,1.886400365258445,-3.417768656860065
2.818382931264449e+20,32768,exponential,4.573493678416812e-22,0.12889856519495801,1.3129144832678217,3.7002957698519125e+20,0.01556248984333879,4.3861055742442394e+18,1.8387996176684185,-3.333747662726061
2.9853826189179696e+20,32768,exponential,4.278653657585959e-22,0.12773418261726918,1.3134427099241697,3.921129037152133e+20,0.015176069596758265,4.5306374397651564e+18,1.792381023634726,-3.251705039242614
3.1622776601683794e+20,32768,exponential,4.002844333296149e-22,0.12658105212314003,1.313957930471118,4.155099809929893e+20,0.014798937722422105,4.679835015383854e+18,1.7471161400545165,-3.1715984046710277
3.3496543915782655e+20,32768,exponential,3.744835355433567e-22,0.12543904194065603,1.314460451978901,4.402988225527077e+20,0.014430885768287422,4.833847988810826e+18,1.7029771647600445,-3.0933860829778226
3.54813389233576e+20,32768,exponential,3.503476087867237e-22,0.1243080224834964,1.3149505749115802,4.6656207015901705e+20,0.014071709249048875,4.99283085096449e+18,1.6599369240968942,-3.017027102123626
3.7583740428844355e+20,32768,exponential,3.2776904293222426e-22,0.12318786630175457,1.3154285932375447,4.9438726800919763e+20,0.013721207605251263,5.156943050060486e+18,1.6179688606575704,-2.942481191769164
3.9810717055349857e+20,32768,exponential,3.0664719719621186e-22,0.12207844803394462,1.3158947945397632,5.238671534003025e+20,0.013379184160981128,5.326349150642381e+18,1.5770470211564414,-2.869708780417135
4.216965034285823e+20,32768,exponential,2.8688794755601495e-22,0.12097964436017399,1.3163494601256966,5.550999646251083e+20,0.013045446080260266,5.501218997711859e+18,1.5371460444603358,-2.7986709920348463
4.466835921509617e+20,32768,exponential,2.684032636594814e-22,0.11989133395645882,1.316792865136831,5.881897671180765e+20,0.012719804322254922,5.681727886122157e+18,1.498241149775592,-2.7293296421887714
4.7315125896148124e+20,32768,exponential,2.5111081329666455e-22,0.11881339745015829,1.3172252786576784,6.232467989327685e+20,0.012402073595415121,5.868056735403609e+18,1.460308124988896,-2.661647233717901
5.0118723362727146e+20,32768,exponential,2.3493359263031694e-22,0.11774571737650488,1.317646963824151,6.603878366963997e+20,0.0120920723106503,6.060392270195752e+18,1.4233233151676572,-2.5955869519797226
5.308844442309901e+20,32768,exponential,2.197995805004915e-22,0.11668817813620819,1.3180581779313776,6.997365832552109e+20,0.011789622533642189,6.258927206465791e+18,1.3872636112201908,-2.531112659697443
5.6234132519034906e+20,32768,exponential,2.0564141522938471e-22,0.11564066595411103,1.31845917254064,7.414240782958747e+20,0.011494549936394628,6.463860443698798e+18,1.3521064387150172,-2.4681888914337646
5.956621435290085e+20,32768,exponential,1.9239609245587551e-22,0.11460306883887211,1.318850193585616,7.855891333048559e+20,0.011206683748111686,6.67539726325191e+18,1.3178297468687594,-2.406780847726653
6.309573444801943e+20,32768,exponential,1.8000468262592991e-22,0.11357527654365691,1.319231481477683,8.323787923078316e+20,0.010925856705493822,6.893749533069507e+18,1.2844119976893165,-2.3468543888993776
6.683439175686135e+20,32768,exponential,1.6841206685516924e-22,0.11255718052781107,1.3196032712103631,8.819488199170918e+20,0.010651905002536892,7.119135918964219e+18,1.2518321552842382,-2.288376028578365
7.079457843841402e+20,32768,exponential,1.5756668996417096e-22,0.11154867391949765,1.3199657924627262,9.344642183052579e+20,0.010384668239912234,7.351782102673736e+18,1.2200696753425389,-2.2313129269500465
7.498942093324558e+20,32768,exponential,1.474203295657992e-22,0.11054965147927505,1.320319269701795,9.900997748194329e+20,0.010123989374006985,7.591921006911152e+18,1.1891044947667462,-2.1756328837570726
7.943282347242789e+20,32768,exponential,1.3792788015727905e-22,0.10956000956459336,1.3206639222839183,1.049040642051827e+21,0.009869714665694461,7.839793027633408e+18,1.1589170214844957,-2.121304331083529
8.413951416451965e+20,32768,exponential,1.2904715123845503e-22,0.10857964609518896,1.3209999645549702,1.1114829522900286e+21,0.00962169362890501,8.095646273759216e+18,1.1294881244102273,-2.0682963259218368
8.91250938133744e+20,32768,exponential,1.207386785417456e-22,0.10760846051935931,1.3213276059494201,1.1776344683844348e+21,0.009379778979060496,8.359736814574839e+18,1.1007991235831183,-2.0165785425662275
9.440608762859264e+20,32768,exponential,1.1296554751919533e-22,0.10664635378109101,1.3216470510882876,1.2477152731911194e+21,0.009143826581434696,8.632328935075787e+18,1.0728317804671095,-1.9661212648388493
1e+21,32768,exponential,1.056932282880273e-22,0.10569322828802731,1.3219584998757978,1.3219584998757979e+21,0.008913695399497547,8.913695399497548e+18,1.0455682884082274,-1.9168953781619757
1.0592537251772854e+21,32768,exponential,9.888942128829375e-23,0.10474898788025111,1.3222621475948477,1.40061110550076e+21,0.008689247443296537,9.204117723299061e+18,1.0189912632633469,-1.8688723615077008
1.1220184543019653e+21,32768,exponential,9.252391295511262e-23,0.10381353779986505,1.3225581850012251,1.4839346904594873e+21,0.00847034771792798,9.503886453869732e+18,0.9930837341882492,-1.8220242792310493
1.1885022274370166e+21,32768,exponential,8.656844075355544e-23,0.10288678466135005,1.3228467984165233,1.572206366475964e+21,0.008256864172145367,9.813301460239665e+18,0.9678291345837975,-1.7763237728006254
1.2589254117941712e+21,32768,exponential,8.099656696687082e-23,0.10196863642268202,1.3231281698197472,1.6657196760467932e+21,0.008048667647149692,1.013267223208235e+19,0.9432112932122427,-1.7317440524549088
1.333521432163324e+21,32768,exponential,7.578356066857091e-23,0.10105900235718884,1.323402476937666,1.7647855663744067e+21,0.007845631825605437,1.0462318188307515e+19,0.9192144254633661,-1.688258888779115
1.4125375446227498e+21,32768,exponential,7.090628734606682e-23,0.10015779302612837,1.3236698933337692,1.8697334210207393e+21,0.007647633180920069,1.0802568995552303e+19,0.8958231247850668,-1.6458426042308072
1.4962356560944358e+21,32768,exponential,6.634310567833798e-23,0.09926492025197052,1.3239305884959296,1.9809121527016996e+21,0.0074545509268252146,1.115376489688771e+19,0.8730223542716686,-1.6044700646224652
1.584893192461111e+21,32768,exponential,6.207377100257144e-23,0.09838029709236538,1.3241847279226924,2.0986913608456436e+21,0.007266266967293297,1.1516257051068189e+19,0.8507974384037942,-1.5641166705662846
1.678804018122566e+21,32768,exponential,5.807934503505608e-23,0.09750383781477906,1.3244324732082804,2.2234625577540688e+21,0.007082665846821277,1.1890407882663027e+19,0.8291340549487103,-1.5247583489044092
1.7782794100389228e+21,32768,exponential,5.434211143999382e-23,0.09663545787178161,1.324673982126119,2.3556404674291457e+21,0.006903634701112122,1.22765914434179e+19,0.8080182270110203,-1.4863715441246095
1.8836490894897945e+21,32768,exponential,5.084549686635646e-23,0.09577507387696854,1.324909408711126,2.4956644013751743e+21,0.006729063208180057,1.267519378520764e+19,0.7874363152345243,-1.4489332097752827
1.995262314968883e+21,32768,exponential,4.7573997097711147e-23,0.09492260358150206,1.325138903340586,2.6439997159346647e+21,0.006558843539905735,1.308661334495102e+19,0.7673750101582888,-1.4124207998922222
2.1134890398366433e+21,32768,exponential,4.4513107983055845e-23,0.09407796585125353,1.325362612813669,2.801139355990946e+21,0.0063928703140644465,1.3511261341872247e+19,0.7478213247157584,-1.3768122604373545
2.238721138568347e+21,32768,exponential,4.164926083833702e-23,0.09324108064453192,1.3255806804295658,2.9676054901554817e+21,0.006231040546847999,1.3949562187505089e+19,0.7287625868850789,-1.3420860207667085
2.3713737056616553e+21,32768,exponential,3.896976202854542e-23,0.09241186899038462,1.3257932460643298,3.1439512428607643e+21,0.006073253605900596,1.4401953908847507e+19,0.7101864324834173,-1.3082209851301818
2.5118864315095717e+21,32768,exponential,3.6462736459152037e-23,0.09159025296745336,1.326000446246325,3.330762529101781e+21,0.0059194111638853075,1.4868888585089786e+19,0.6920807981057209,-1.2751965242120744
2.660725059798814e+21,32768,exponential,3.4117074723321977e-23,0.09077615568337147,1.3262024142303521,3.528659997908385e+21,0.005769417152598129,1.535083279835096e+19,0.6744339142020328,-1.2429924667153314
2.818382931264449e+21,32768,exponential,3.192238366783052e-23,0.08996950125468856,1.3263992800703874,3.7383010909918336e+21,0.005623177717643388,1.5848268098872707e+19,0.6572342982989365,-1.2115890910027627
2.9853826189179696e+21,32768,exponential,2.986894015602813e-23,0.08917021478730737,1.3265911706910816,3.960382223391196e+21,0.00548060117368317,1.636169148513516e+19,0.6404707483578242,-1.1809671167953395
3.1622776601683794e+21,32768,exponential,2.79476478206263e-23,0.08837822235742004,1.3267782099578638,4.195641093347944e+21,0.005341597960273104,1.689161589937262e+19,0.6241323362647488,-1.151107696930287
3.3496543915782654e+21,32768,exponential,2.614999661253326e-23,0.0875934509929288,1.326960518745756,4.4448591290676947e+21,0.0052060805982934895,1.743857073898419e+19,0.6082084014594091,-1.1219924091923072
3.5481338923357606e+21,32768,exponential,2.4468024964579595e-23,0.08681582865534236,1.327138215006904,4.7088640804799796e+21,0.005073963646984794,1.8003102384346309e+19,0.5926885447000263,-1.0936032482218416
3.7583740428844353e+21,32768,exponential,2.28942844007325e-23,0.08604528422212707,1.3273114138368194,4.988532764588543e+21,0.004945163661596264,1.8585774743558746e+19,0.5775626219444385,-1.0659226174866032
3.9810717055349854e+21,32768,exponential,2.1421806432408706e-23,0.08528174746950964,1.3274802275393087,5.284793973513886e+21,0.004819599151651665,1.918716981466086e+19,0.5628207383770789,-1.0389333213517649
4.2169650342858226e+21,32768,exponential,2.0044071593784876e-23,0.08452514905571253,1.327644765690174,5.598631554868057e+21,0.004697190539839947,1.98078882658832e+19,0.5484532425486188,-1.0126185572209012
4.4668359215096167e+21,32768,exponential,1.875498047761286e-23,0.08377542050461272,1.3278051351996814,5.931087674674869e+21,0.004577860121533224,2.0448550034510983e+19,0.5344507206492821,-0.9869619077739755
4.731512589614812e+21,32768,exponential,1.7548826642046616e-23,0.0830324941898114,1.3279614403737419,6.283266273651379e+21,0.004461532024936664,2.1109794944957493e+19,0.5208039908959128,-0.9619473332874939
5.011872336272714e+21,32768,exponential,1.6420271267386067e-23,0.08229630331910594,1.328113782973912,6.656336728309453e+21,0.004348132171871638,2.1792283346660856e+19,0.5075040980489831,-0.9375591640569225
5.308844442309901e+21,32768,exponential,1.5364319449498968e-23,0.0815667819193465,1.3282622622761562,7.051537729014748e+21,0.004237588239194586,2.2496696772445975e+19,0.4945423080362499,-0.9137820929030482
5.623413251903491e+21,32768,exponential,1.4376298024035836e-23,0.08084386482167709,1.328406975128438,7.470181387858289e+21,0.004129829620851319,2.3223738617998877e+19,0.48191010271034784,-0.8906011677930259
5.956621435290085e+21,32768,exponential,1.345183482240813e-23,0.08012748764713787,1.3285480160071452,7.913657589960277e+21,0.004024787390567883,2.3974134843141902e+19,0.4695991746984651,-0.8680017845386967
6.309573444801943e+21,32768,exponential,1.2586839266932764e-23,0.07941758679262932,1.3286854770723568,8.383438602629744e+21,0.003922394265176216,2.4748634695599284e+19,0.4576014223824698,-0.8459696796132565
6.683439175686135e+21,32768,exponential,1.1777484218541268e-23,0.07871409941722392,1.3288194482218765,8.881083957659723e+21,0.0038225845685736534,2.5548011457978438e+19,0.4459089449857734,-0.8244909230665898
7.079457843841402e+21,32768,exponential,1.102018899606571e-23,0.0780169634288121,1.3289500171443085,9.408245622945441e+21,0.003725294196314483,2.637306321871542e+19,0.43451403775691677,-0.8035519115320855
7.498942093324559e+21,32768,exponential,1.031160349136662e-23,0.07732611747108163,1.32907726937084,9.966673480565855e+21,0.0036304605808303468,2.7224613667744215e+19,0.42340918727907795,-0.7831393613569326
7.943282347242789e+21,32768,exponential,9.64859330946678e-24,0.07664150091081236,1.329201288326064,1.0558221129492797e+22,0.0035380226572768957,2.8103512917692592e+19,0.4125870668674647,-0.7632403018207334
8.413951416451964e+21,32768,exponential,9.028225867450482e-24,0.07596305382548325,1.329322155377662,1.1184852032160858e+22,0.003447920830002836,2.9010638351416594e+19,0.40204053207892887,-0.7438420684693248
8.912509381337441e+21,32768,exponential,8.447757390173096e-24,0.07529071699118041,1.3294399498850251,1.1848646025275064e+22,0.0033600969396374233,2.994689549672176e+19,0.39176261631697074,-0.72493229654923
9.440608762859265e+21,32768,exponential,7.904620744838252e-24,0.07462443187079913,1.329554749246855,1.255180621644101e+22,0.003274494230791374,3.0913218929141154e+19,0.3817465265418596,-0.7064989145546319
1e+22,32768,exponential,7.396414060252991e-24,0.07396414060252991,1.3296666289477086,1.3296666289477085e+22,0.003191057320367236,3.191057320367236e+19,0.37198563907172577,-0.6885301378748876
1.0592537251772853e+22,32768,exponential,6.920890080075149e-24,0.07330978598862121,1.3297756626035548,1.4085698242629083e+22,0.0031097321664730086,3.2939953816401646e+19,0.3624734954805753,-0.6710144625503012
1.1220184543019653e+22,32768,exponential,6.475946202651107e-24,0.07266131148441277,1.329881922006362,1.4921520585337052e+22,0.00303046603793387,3.4002388196971614e+19,0.3532037985910952,-0.6539406591359098
1.1885022274370165e+22,32768,exponential,6.0596151631062894e-24,0.07201866118762945,1.3299854771676074,1.5806907020725847e+22,0.002953207484396145,3.5098936732884865e+19,0.3441704085593411,-0.6372977666716739
1.2589254117941714e+22,32768,exponential,5.67005631621963e-24,0.0713817798279294,1.3300863963609653,1.6744795642605538e+22,0.0028779063070169734,3.6230693826663862e+19,0.3353673390460665,-0.6210750867558401
1.3335214321633241e+22,32768,exponential,5.3055474812971546e-24,0.07075061275669899,1.3301847461639593,1.7738298677463708e+22,0.0028045135297338295,3.7398788986920755e+19,0.32678875347620373,-0.605262177723731
1.4125375446227496e+22,32768,exponential,4.964477312765348e-24,0.07012510593708911,1.3302805914987097,1.8790712803748865e+22,0.0027329813711063473,3.860438795442275e+19,0.3184289613916702,-0.5898488489388565
1.4962356560944358e+22,32768,exponential,4.645338162553215e-24,0.0695052059342833,1.3303739956717702,1.990553008264927e+22,0.0026632632167245536,3.98486938642804e+19,0.31028241487727204,-0.5748251551769168
1.584893192461111e+22,32768,exponential,4.346719402524256e-24,0.06889085990599321,1.3304650204131012,2.1086449536603573e+22,0.002595313592175873,4.1132948445413335e+19,0.3023437050761135,-0.5601813911206399
1.6788040181225657e+22,32768,exponential,4.067301177271155e-24,0.06828201559317458,1.3305537259141325,2.2337389413925967e+22,0.0025290881365635665,4.245843325849027e+19,0.2946075587872077,-0.5459080859583021
1.7782794100389228e+22,32768,exponential,3.805848559505989e-24,0.06767862131095793,1.3306401708649809,2.3662500180198697e+22,0.0024645435765697633,4.382647097357695e+19,0.28706883513851533,-0.5319959980808142
1.8836490894897943e+22,32768,exponential,3.561206082071009e-24,0.06708062593978574,1.3307244124908015,2.50661782795014e+22,0.002401637701055164,4.523842668876922e+19,0.27972252233956496,-0.5184361098817925
1.995262314968883e+22,32768,exponential,3.3322926222755966e-24,0.06648797891675336,1.3308065065873818,2.655308071109191e+22,0.002340329336187996,4.66957092911205e+19,0.2725637345080578,-0.5052196226558725
2.1134890398366432e+22,32768,exponential,3.1180966158329015e-24,0.06590063022714565,1.3308865075558252,2.8128140469857044e+22,0.002280578321094594,4.819977286122478e+19,0.26558770857154634,-0.49233795159693283
2.238721138568347e+22,32768,exponential,2.9176715791381595e-24,0.06531853039616688,1.3309644684365276,2.9796582901722376e+22,0.0022223454840232617,4.9752118122847805e+19,0.25878980125384476,-0.4797827209062855
2.371373705661655e+22,32768,exponential,2.7301319200041e-24,0.06474163048085292,1.3310404409423089,3.1563943028228866e+22,0.002165592619014777,5.1354293939066e+19,0.2521654861095124,-0.4675457589750964
2.511886431509572e+22,32768,exponential,2.554649018252068e-24,0.06416988206216617,1.3311144754908337,3.3436083897714057e+22,0.002110282463070359,5.3007898856390345e+19,0.2457103506479541,-0.45561909368226905
2.660725059798814e+22,32768,exponential,2.39044755875956e-24,0.06360323723726459,1.3311866212362509,3.5419216023922045e+22,0.0020563786738101173,5.4714582698424295e+19,0.2394200935112556,-0.44399494777312976
2.8183829312644493e+22,32768,exponential,2.2368021006875832e-24,0.06304164861194349,1.3312569261001108,3.7519917976481306e+22,0.0020038458076133575,5.647604821063312e+19,0.23329052173350906,-0.43266573434581623
2.9853826189179694e+22,32768,exponential,2.0930338676621087e-24,0.06248506929325112,1.3313254368015337,3.974515819150672e+22,0.0019526492982321069,5.8294052757845025e+19,0.2273175481151135,-0.42162405247998525
3.1622776601683792e+22,32768,exponential,1.958507744665185e-24,0.061933452882214704,1.3313921988867654,4.210231807462074e+22,0.0019027554358767547,6.017041007637008e+19,0.22149718836375065,-0.4108626826612838
3.3496543915782655e+22,32768,exponential,1.832629468316688e-24,0.06138675346682736,1.3314572567579033,4.459921647297861e+22,0.0018541313467480341,6.210699208197476e+19,0.21582555890178323,-0.40037458289532424
3.5481338923357603e+22,32768,exponential,1.7148429980760056e-24,0.060844925615081424,1.3315206537010869,4.724413559741893e+22,0.0018067449730314483,6.410573073620141e+19,0.21029887412382653,-0.39015288430391815
3.7583740428844353e+22,32768,exponential,1.6046280567093458e-24,0.06030792436820499,1.3315824319139329,5.004584848066256e+22,0.0017605650533278675,6.616861997236909e+19,0.20491344402953082,-0.380190887121612
3.981071705534985e+22,32768,exponential,1.501497829112735e-24,0.059775705234029135,1.3316426325323754,5.301364806258761e+22,0.0017155611035199853,6.8297717683397894e+19,0.19966567184426243,-0.3704820567086764
4.2169650342858225e+22,32768,exponential,1.4049968092877726e-24,0.05924822418049683,1.3317012956568408,5.615737799898024e+22,0.0016717033980655025,7.049514777339018e+19,0.19455205169778278,-0.36102001964906094
4.466835921509617e+22,32768,exponential,1.3146987859240688e-24,0.058725437629307126,1.331758460377806,5.948746529589926e+22,0.0016289629517090012,7.276310227502101e+19,0.18956916636285737,-0.3517985599364004
4.7315125896148125e+22,32768,exponential,1.2302049576588104e-24,0.05820730244969219,1.3318141648008062,6.301495487782351e+22,0.00158731150160504,7.51038435348464e+19,0.18471368504580088,-0.3428116152390359
5.011872336272714e+22,32768,exponential,1.1511421696592879e-24,0.05769377595232336,1.3318684460707473,6.675154620416506e+22,0.0015467214898445783,7.75197064687056e+19,0.17998236123049072,-0.3340532732459822
5.308844442309901e+22,32768,exponential,1.0771612637129739e-24,0.05718481588334131,1.3319213403957362,7.070963205553858e+22,0.001507166046377132,8.001310088947424e+19,0.17537203057644835,-0.3255177680943522
5.623413251903491e+22,32768,exponential,1.0079355345140937e-24,0.056680380418509826,1.331972883070275,7.490233961833483e+22,0.0014686189723211221,8.258651390947484e+19,0.1708796088668585,-0.3171994768735753
5.9566214352900855e+22,32768,exponential,9.431592853063236e-25,0.05618042815748525,1.3320231084979655,7.934357400380713e+22,0.0014310547236549283,8.524251241996075e+19,0.16650209000115268,-0.3090929162011147
6.309573444801943e+22,32768,exponential,8.825464764829747e-25,0.055684918118204994,1.3320720502135783,8.404806434590474e+22,0.0013944483952809705,8.798374565011494e+19,0.16223654405163046,-0.30119273888923326
6.683439175686135e+22,32768,exponential,8.258294611578914e-25,0.05519380973138423,1.3321197409047074,8.903141263067385e+22,0.001358775705455986,9.081294780815101e+19,0.15808011534421684,-0.2934937306618757
7.079457843841402e+22,32768,exponential,7.727578021065001e-25,0.05470706283512504,1.332166212432796,9.43101454190785e+22,0.001324012980579507,9.373294080711424e+19,0.1540300206130052,-0.28599080697202517
7.498942093324558e+22,32768,exponential,7.230971648374115e-25,0.054224637669629115,1.332211495853709,9.990176863468253e+22,0.0012901371403341313,9.674663707812989e+19,0.15008354717400696,-0.27867900986416894
7.94328234724279e+22,32768,exponential,6.766282818924521e-25,0.05374649487201533,1.3322556214378447,1.0582482559782205e+23,0.0012571256831697976,9.985704247388185e+19,0.1462380511625394,-0.2715535049260587
8.413951416451964e+22,32768,exponential,6.331459837891651e-25,0.05327259547123718,1.3322986186896608,1.1209895849860867e+23,0.0012249566721255203,1.0306725926522805e+20,0.14249095580409765,-0.2646095782993907
8.91250938133744e+22,32768,exponential,5.924582923151425e-25,0.05280290088309867,1.332340516366823,1.187449735125528e+23,0.0011936087209814298,1.0638048923393176e+20,0.13883974973074587,-0.25784263376147365
9.440608762859264e+22,32768,exponential,5.5438557216000185e-25,0.0523373729053646,1.3323813424988422,1.2578490977464761e+23,0.0011630609807343404,1.0980003686460303e+20,0.13528198533978575,-0.2512481898738206
1e+23,32768,exponential,5.187597371296441e-25,0.0518759737129644,1.3324211244052886,1.3324211244052885e+23,0.001133293126390185,1.133293126390185e+20,0.1318152771896397,-0.2448218771926136
1.0592537251772854e+23,32768,exponential,4.854235074290591e-25,0.05141866585328545,1.3324598887134977,1.4114131007690836e+23,0.001104285344066559,1.169718364361183e+20,0.12843730043787804,-0.23855943554557113
1.1220184543019653e+23,32768,exponential,4.542297147265861e-25,0.050965412241554674,1.3324976613759432,1.4950869663780193e+23,0.0010760183183989478,1.2073124104105873e+20,0.12514578931521747,-0.23245671136884472
1.1885022274370166e+23,32768,exponential,4.250406519240913e-25,0.050516176156306415,1.3325344676870945,1.583720182982711e+23,0.0010484732202440906,1.2461127576681633e+20,0.12193853564144153,-0.2265096551093193
1.2589254117941714e+23,32768,exponential,3.9772746475562127e-25,0.05007092123493223,1.3325703322999345,1.677606654335391e+23,0.001021631694674219,1.2861581019197183e+20,0.11881338737418368,-0.22071431868314617
1.3335214321633241e+23,32768,exponential,3.721695825225722e-25,0.0496296114693127,1.3326052792420198,1.7770577004832247e+23,0.0009954758492559687,1.3274883801838207e+20,0.1157682471916166,-0.2150668529912303
1.4125375446227497e+23,32768,exponential,3.482541854465671e-25,0.04919221120152897,1.3326393319311751,1.8824030897937636e+23,0.0009699882426075777,1.3701448105258438e+20,0.11280107111946158,-0.2095635055013534
1.4962356560944359e+23,32768,exponential,3.2587570628360897e-25,0.048758685119649335,1.3326725131908166,1.993992132133082e+23,0.0009451518732287448,1.414169933149296e+20,0.1099098671784482,-0.20420061787345123
1.584893192461111e+23,32768,exponential,3.0493536399475443e-25,0.04832899825359372,1.3327048452648262,2.1121948368201613e+23,0.0009209501685967674,1.459607652804929e+20,0.10709269407993549,-0.19897462365461305
1.6788040181225658e+23,32768,exponential,2.853407274104518e-25,0.04790311597106822,1.3327363498321723,2.2374031391962523e+23,0.0008973669745234639,1.5065032825604814e+20,0.1043476599400961,-0.19388204601439307
1.7782794100389228e+23,32768,exponential,2.670053069586752e-25,0.047481003973573445,1.3327670480210982,2.370032199874275e+23,0.0008743865447669436,1.5549035889741326e+20,0.10167292103675507,-0.18891949554391552
1.8836490894897944e+23,32768,exponential,2.498481726510345e-25,0.047062628292481,1.332796960422963,2.5105217809754798e+23,0.000851993530892633,1.604856838717103e+20,0.09906668059094237,-0.18408366810073185
1.9952623149688827e+23,32768,exponential,2.3379359663746927e-25,0.04664795528517781,1.3328261071057512,2.659337703914785e+23,0.0008301729723780909,1.656412846691708e+20,0.0965271875810414,-0.17937134270641364
2.1134890398366435e+23,32768,exponential,2.1877071874879844e-25,0.04623695163127704,1.3328545076272469,2.8169733935670523e+23,0.0008089102869560908,1.709623025692812e+20,0.09405273558595884,-0.17477937949391675
2.238721138568347e+23,32768,exponential,2.0471323354815192e-25,0.04582958432889266,1.3328821810479516,2.983951513933132e+23,0.0007881912611906286,1.7645404376623055e+20,0.09164166165631649,-0.17030471770218547
2.371373705661655e+23,32768,exponential,1.915590975075907e-25,0.04542582069097777,1.332909145943499,3.160825700726347e+23,0.0007680020412807007,1.8212198465875306e+20,0.089292345218972,-0.16594437372396964
2.5118864315095718e+23,32768,exponential,1.792502550151657e-25,0.04502562834172253,1.332935420416988,3.348182396623939e+23,0.0007483291240866447,1.8797177730966854e+20,0.08700320699679409,-0.16169543918782558
2.660725059798814e+23,32768,exponential,1.677323820011232e-25,0.0446289752130136,1.3329610221108645,3.5466427952654184e+23,0.0007291593483739817,1.9400925508052268e+20,0.08477270797058178,-0.1575550791008684
2.818382931264449e+23,32768,exponential,1.5695464604983516e-25,0.04423582954095085,1.3329859682185385,3.7568649004421444e+23,0.0007104798862698886,2.002404384469761e+20,0.08259934835599392,-0.15352053002557486
2.9853826189179693e+23,32768,exponential,1.4686948193700068e-25,0.043846159862420846,1.333010275495727,3.979545707303997e+23,0.0006922782349273565,2.0667154100073408e+20,0.08048166660932221,-0.14958909830266043
3.162277660168379e+23,32768,exponential,1.374323815999514e-25,0.043459935011726215,1.3330339602715275,4.215423512812435e+23,0.0006745422083923798,2.1330897564398662e+20,0.07841823845908813,-0.14575815831815442
3.3496543915782654e+23,32768,exponential,1.2860169761266722e-25,0.043077124117269085,1.3330570384591705,4.465280363099077e+23,0.0006572599296693826,2.2015936098254694e+20,0.07640767596284181,-0.14202515081276346
3.5481338923357603e+23,32768,exponential,1.2033845929692022e-25,0.042697696598287,1.3330795255665602,4.729944645841588e+23,0.0006404198229804491,2.2722952792405996e+20,0.07444862658287921,-0.1383875812273172
3.758374042884436e+23,32768,exponential,1.1260620065681412e-25,0.04232162216164065,1.3331014367065028,5.010293836249669e+23,0.0006240106062138117,2.345265264878571e+20,0.07253977228904862,-0.1348430180921678
3.9810717055349855e+23,32768,exponential,1.0537079937628287e-25,0.041948870798652324,1.3331227866067283,5.3072574057640006e+23,0.000608021283557133,2.4205763283323663e+20,0.07067982868567135,-0.13138909145664623
4.2169650342858225e+23,32768,exponential,9.860032616806956e-26,0.041579412781992675,1.333143589619607,5.621819903108171e+23,0.0005924411383114838,2.4983035651320178e+20,0.06886754415398322,-0.1280234913507039
4.466835921509616e+23,32768,exponential,9.226490380843862e-26,0.041213218662616305,1.3331638597316608,5.95502421790779e+23,0.0005772597258815646,2.578524479608567e+20,0.06710169902317542,-0.1247439662905192
4.731512589614813e+23,32768,exponential,8.633657523474847e-26,0.040850259266743884,1.333183610572852,6.307975037693581e+23,0.0005624668669382369,2.6613190621594675e+20,0.06538110475662329,-0.12154832181481279
5.011872336272715e+23,32768,exponential,8.078918012305738e-26,0.04049050569289048,1.3332028554255904,6.681842509747308e+23,0.0005480526407492263,2.7467698689922554e+20,0.06370460316480475,-0.11843441906306262
5.308844442309901e+23,32768,exponential,7.55982394004279e-26,0.040133929308937506,1.333221607233534,7.07786611992922e+23,0.0005340073786740877,2.8349621044264095e+20,0.062071065628366284,-0.11540017337842157
5.623413251903491e+23,32768,exponential,7.074084718170962e-26,0.03978050174925055,1.333239878610226,7.497358801342946e+23,0.0005203216578195092,2.9259837058346212e+20,0.06047939235311883,-0.11244355295751962
5.956621435290085e+23,32768,exponential,6.619556965334849e-26,0.039430194911837343,1.3332576818473933,7.941711286457352e+23,0.0005069862948512611,3.019925431309321e+20,0.0589285116306737,-0.10956257751956189
6.309573444801942e+23,32768,exponential,6.19423504575385e-26,0.03908298095555004,1.3332750289231858,8.412396717111274e+23,0.0004939923399589506,3.116880950140568e+20,0.0574173791304311,-0.1067553170212232
6.683439175686135e+23,32768,exponential,5.796242215872308e-26,0.038738832297326796,1.3332919315100682,8.910975527680624e+23,0.0004813310709701044,3.216946936196559e+20,0.055944977201205504,-0.10401989039423576
7.079457843841402e+23,32768,exponential,5.42382234013533e-26,0.03839772160947329,1.3333084009826228,9.439100617596066e+23,0.0004689939876099129,3.3202231642994554e+20,0.05451031418861607,-0.10135446431265294
7.498942093324558e+23,32768,exponential,5.0753321392979764e-26,0.03805962181698458,1.3333244484250957,9.9985228303537e+23,0.00045697280590320825,3.426812609692202e+20,0.053112423779300144,-0.0987572519994262
7.94328234724279e+23,32768,exponential,4.749233937025894e-26,0.03772450609490416,1.3333400846387655,1.0591096757182313e+24,0.0004452594527152719,3.536821550696205e+20,0.05175036435518532,-0.09622651205609678
8.413951416451965e+23,32768,exponential,4.4440888727508096e-26,0.03739234786572009,1.333355320149131,1.1218786884602544e+24,0.00043384606042820307,3.650359674661984e+20,0.05042321835968533,-0.09376054731699002
8.912509381337441e+23,32768,exponential,4.1585505508031607e-26,0.03706312079679915,1.3333701652129473,1.1883674106255846e+24,0.0004227249617494895,3.767540187317836e+20,0.04913009169100757,-0.091357703742323
9.440608762859264e+23,32768,exponential,3.8913590977716787e-26,0.03673679879785543,1.3333846298249905,1.2587962620587662e+24,0.00041188868464969665,3.8884799256265025e+20,0.047870113103587464,-0.08901636933186241
1e+24,32768,exponential,3.6413356018454526e-26,0.036413356018454524,1.333398723724816,1.333398723724816e+24,0.0004013299474261626,4.013299474261626e+20,0.0466424336229343,-0.08673497306331823
1e+19,32768,power,2.2888843802275232e-20,0.22888843802275233,1.1728270348284697,1.1728270348284697e+19,0.11095505377659737,1.1095505377659736e+18,14.639672682440331,-22.44875395918853
1.0592537251772854e+19,32768,power,2.1385569142990898e-20,0.22652743779749515,1.1763549582424009,1.2460583716490332e+19,0.10870150629753499,1.1514247547804608e+18,14.30302096094682,-22.02319009512539
1.1220184543019653e+19,32768,power,1.9981579191400327e-20,0.22419700598847309,1.1798176633512782,1.3237771909915576e+19,0.1064831831877211,1.1947609660943985e+18,13.97342358082434,-21.603055454534026
1.1885022274370165e+19,32768,power,1.8670274703023038e-20,0.22189663071403862,1.1832158650771818,1.4062546911830469e+19,0.1042999161487824,1.2396068266432192e+18,13.650757439182337,-21.18837533216341
1.2589254117941713e+19,32768,power,1.74454981410439e-20,0.21962580931168144,1.1865502905276377,1.4937783131169999e+19,0.10215152395645051,1.286011493622766e+18,13.334900822092365,-20.779171329319944
1.3335214321633241e+19,32768,power,1.6301503895260168e-20,0.21738404820823345,1.1898216780365423,1.5866527081142594e+19,0.10003781285801534,1.334025674729072e+18,13.02573340584332,-20.375461408378914
1.4125375446227497e+19,32768,power,1.5232930523502968e-20,0.2151708627907782,1.1930307762251784,1.6852007633084867e+19,0.09795857697749538,1.3837016779852995e+18,12.723136258167656,-19.97725995162375
1.496235656094436e+19,32768,power,1.4234774877254396e-20,0.21298577727825324,1.1961783430839366,1.7897646879701492e+19,0.09591359872759693,1.4350934632056445e+18,12.426991839397639,-19.58457782416754
1.5848931924611109e+19,32768,power,1.3302367982686337e-20,0.21082832459372217,1.1992651450754634,1.9007071643859886e+19,0.09390264922753573,1.4882566951478497e+18,12.13718400352306,-19.19742244071361
1.6788040181225658e+19,32768,power,1.2431352557203207e-20,0.20869804623730978,1.2022919562598413,2.018412567125462e+19,0.09192548872578493,1.5432487984072837e+18,11.853597999126908,-18.8157978359084
1.7782794100389229e+19,32768,power,1.1617662049816616e-20,0.20659449215979475,1.2052595574422762,2.143288254752224e+19,0.08998186702685548,1.6001290141071736e+18,11.576120470155594,-18.43970473802624
1.8836490894897943e+19,32768,power,1.0857501101345684e-20,0.20451722063684236,1.208168735343752,2.275765938280295e+19,0.08807152392120968,1.6589584584416525e+18,11.304639456506816,-18.06914064573798
1.9952623149688828e+19,32768,power,1.014732732758758e-20,0.20246579814389404,1.2110202817951015,2.416303130928763e+19,0.08619418961742396,1.7198001831292818e+18,11.039044394411214,-17.704099907710535
2.1134890398366433e+19,32768,power,9.483834335246529e-21,0.20043979923169977,1.2138149929547397,2.565384683999235e+19,0.0843495851757576,1.7827192378373107e+18,10.779226116569873,-17.344573804773724
2.238721138568347e+19,32768,power,8.863935886601943e-21,0.1984388064025033,1.2165536685503313,2.723524413986497e+19,0.08253742294227752,1.8477827346383273e+18,10.525076852043714,-16.990550634414003
2.3713737056616554e+19,32768,power,8.284751134662388e-21,0.19646240998688952,1.219237111144659,2.8912668263353217e+19,0.08075740698274231,1.9150599145629207e+18,10.276490225852374,-16.642015797329268
2.511886431509572e+19,32768,power,7.743590855913072e-21,0.1945102080212964,1.2218661254257557,3.0691889415781286e+19,0.07900923351545011,1.9846222163143045e+18,10.033361258283314,-16.298951885811096
2.660725059798814e+19,32768,power,7.237944612766499e-21,0.19258180612623646,1.224441517521438,3.2579022299273785e+19,0.07729259134226228,2.0565433472114609e+18,9.795586363937936,-15.961338773741595
2.8183829312644493e+19,32768,power,6.76546878246703e-21,0.19067681738507553,1.2269640943382194,3.4580546607571812e+19,0.07560716227730727,2.1308993564370414e+18,9.563063350139277,-15.629153707710962
2.9853826189179695e+19,32768,power,6.323975393553432e-21,0.1887948622237934,1.2294346629246944,3.6703328737906553e+19,0.07395262157207262,2.2077687106468367e+18,9.335691415604842,-15.302371399669202
3.162277660168379e+19,32768,power,5.911421714981399e-21,0.18693556829119926,1.2318540298592235,3.895464479212214e+19,0.07232863833702174,2.2872323720356204e+18,9.113371148143656,-14.980964120018324
3.3496543915782656e+19,32768,power,5.525900546796833e-21,0.1850985703400275,1.2342230006618178,4.134220494353763e+19,0.0707348759584959,2.3693738789211965e+18,8.896004522283384,-14.664901791566788
3.5481338923357606e+19,32768,power,5.165631164727992e-21,0.18328351010877236,1.2365423792301702,4.3874179250560655e+19,0.06917099251055352,2.45427942893198e+18,8.683494896451327,-14.354152083874583
3.758374042884435e+19,32768,power,4.828950874326193e-21,0.18149003620431664,1.2388129672995323,4.655922500287207e+19,0.06763664116112751,2.542037964878706e+18,8.475747009769785,-14.048680507828182
3.981071705534986e+19,32768,power,4.514307133315284e-21,0.1797178039853623,1.24103556392624,4.940651569109409e+19,0.06613147057198446,2.632741263395469e+18,8.272666978440423,-13.748450510231692
4.216965034285823e+19,32768,power,4.2202502036359794e-21,0.1779664754467055,1.2432109649946355,5.242577169623114e+19,0.06465512529198145,2.726484026436547e+18,8.074162291736497,-13.453423568240197
4.466835921509617e+19,32768,power,3.9454262972972596e-21,0.1762357191043608,1.245339962747121,5.562729280090289e+19,0.06320724614316726,2.8233639757199974e+18,7.880141807566865,-13.163559283426462
4.731512589614812e+19,32768,power,3.688571182599097e-21,0.17452520988158024,1.2474233453369081,5.902199263041007e+19,0.06178747059929176,2.9234819502100403e+18,7.69051574765045,-12.878815475337923
5.011872336272715e+19,32768,power,3.448504219568961e-21,0.17283462899577404,1.249461896403192,6.262143513810003e+19,0.06039543315634995,3.0269420067351823e+18,7.505195692255606,-12.599148274343674
5.308844442309901e+19,32768,power,3.224122795579568e-21,0.1711636638463725,1.2514563946683839,6.643787325628436e+19,0.05903076569478356,3.1338515238404966e+18,7.324094574542062,-12.324512213642258
5.6234132519034905e+19,32768,power,3.0143971340940866e-21,0.1695120079036459,1.2534076135569108,7.048428984112661e+19,0.0576930978330427,3.2443213089769687e+18,7.147126674477455,-12.054860320261318
5.956621435290085e+19,32768,power,2.8183654513263428e-21,0.16787936059851508,1.2553163208352047,7.477444104756466e+19,0.05638205727219443,3.3584657091330657e+18,6.9742076123559205,-11.790144204927566
6.309573444801943e+19,32768,power,2.6351294373211076e-21,0.16626542721337148,1.2571832782724666,7.932290227837007e+19,0.055097270131346236,3.476402725018215e+18,6.805254341895606,-11.530314150658338
6.683439175686135e+19,32768,power,2.4638500395574557e-21,0.16466991877394133,1.259009241321666,8.414511686000103e+19,0.053838361273644136,3.598254128910165e+18,6.640185142949417,-11.275319199976853
7.0794578438414025e+19,32768,power,2.3037435286670562e-21,0.16309255194220862,1.2607949588203544,8.925744760696457e+19,0.05260495462266162,3.7241455862832287e+18,6.478919613808798,-11.025107240619025
7.498942093324558e+19,32768,power,2.1540778272474472e-21,0.16153304891042988,1.2625411727107605,9.467723144596074e+19,0.051396673469021506,3.854206781337029e+18,6.321378663121147,-10.779625089642197
7.94328234724279e+19,32768,power,2.0141690840411037e-21,0.15999113729625877,1.2642486177787233,1.004228372812783e+20,0.05021314076711081,3.9885715465500856e+18,6.167484501423859,-10.53881857583704
8.413951416451965e+19,32768,power,1.8833784769562214e-21,0.15846655003900945,1.2659180214108872,1.0651372729362203e+20,0.049053979421790905,4.1273779963858314e+18,6.017160632307728,-10.302632620363028
8.91250938133744e+19,32768,power,1.7611092295256924e-21,0.15695902529707687,1.2675501033696566,1.1297052187597306e+20,0.04791881256502918,4.27076866528373e+18,5.870331843212773,-10.071011315526789
9.440608762859264e+19,32768,power,1.6468038264456934e-21,0.1554683063465338,1.2691455755854322,1.1981506842215896e+20,0.04680726382239781,4.418890650071942e+18,5.726924195866578,-9.843898001634344
1e+20,32768,power,1.5399414148093582e-21,0.15399414148093582,1.2707051419655029,1.2707051419655029e+20,0.04571895756941719,4.571895756941719e+18,5.586865016386722,-9.621235341869305
1.0592537251772853e+20,32768,power,1.4400353785568027e-21,0.15253628391233756,1.2722294982191815,1.3476138352690966e+20,0.04465351917774679,4.729940653130364e+18,5.450082885039964,-9.402965395128525
1.1220184543019654e+20,32768,power,1.3466310745089676e-21,0.15109449167355465,1.2737193316985362,1.429136595766924e+20,0.043610575251239944,4.893187023461579e+18,5.316507625686695,-9.189029686786087
1.1885022274370165e+20,32768,power,1.259303719139308e-21,0.14966852752167867,1.2751753212542634,1.515548709683405e+20,0.04258975385191235,5.061801731899208e+18,5.186070294913114,-8.979369277341565
1.2589254117941713e+20,32768,power,1.1776564159712362e-21,0.14825815884286364,1.2765981371061355,1.6071418354520136e+20,0.04159068471588222,5.235956988274357e+18,5.058703170864187,-8.773924828922453
1.333521432163324e+20,32768,power,1.1013183141732858e-21,0.1468631575584058,1.277988440727468,1.7042249757670664e+20,0.040612999459367,5.415830520350339e+18,4.934339741801685,-8.572636669628631
1.4125375446227496e+20,32768,power,1.0299428895602904e-21,0.14548330003211524,1.279346884743171,1.8071255072958828e+20,0.03965633177484162,5.60160575139799e+18,4.812914694374326,-8.375444855680236
1.496235656094436e+20,32768,power,9.632063398034412e-22,0.1441183669790122,1.2806741128407275,1.9161902714694055e+20,0.03872031761746362,5.793471983455062e+18,4.694363901651166,-8.182289231390428
1.5848931924611108e+20,32768,power,9.008060862047323e-22,0.1427681433753417,1.2819707596937073,2.0317867299727553e+20,0.03780459538191108,5.991624586453762e+18,4.5786244108919405,-7.993109486925376
1.678804018122566e+20,32768,power,8.42459374907213e-22,0.14143241836992543,1.2832374508972257,2.1543041887716213e+20,0.036908806069766764,6.196265193403099e+18,4.46563443109933,-7.80784521387814
1.778279410038923e+20,32768,power,7.879019708932813e-22,0.14011098519686088,1.284474802914855,2.2841550947372902e+20,0.036032593447615155,6.407601901819744e+18,4.355333320352228,-7.62643595865129
1.8836490894897945e+20,32768,power,7.368869385707334e-22,0.1388036410895684,1.2856834230365488,2.4217764091749174e+20,0.03517560419601836,6.625849481608337e+18,4.247661572933126,-7.448821273657346
1.995262314968883e+20,32768,power,6.891835031643061e-22,0.1375101871961978,1.2868639093470038,2.5676310628136095e+20,0.03433748804955541,6.851229589597228e+18,4.142560806269158,-7.274940766358262
2.1134890398366433e+20,32768,power,6.445759875193394e-22,0.1362304284964005,1.288016850704034,2.722209497087886e+20,0.033517897928110454,7.083970990942478e+18,4.039973747703107,-7.104734146164981
2.238721138568347e+20,32768,power,6.028628192869692e-22,0.13496417371946473,1.2891428267264808,2.8860312968263244e+20,0.03271649005961183,7.32430978762142e+18,3.9398442210965667,-6.938141269211206
2.3713737056616553e+20,32768,power,5.63855603798704e-22,0.13371123526382228,1.2902424077911976,3.059646919765629e+20,0.03193292409442926,7.572489654241907e+18,3.8421171332904347,-6.775102181037774
2.5118864315095718e+20,32768,power,5.27378258253155e-22,0.1324714291179251,1.2913161550386332,3.2436395286306534e+20,0.031166863211635722,7.82876208140226e+18,3.7467384604317866,-6.61555715721418
2.660725059798814e+20,32768,power,4.932662031319241e-22,0.13124457478249227,1.2923646203866195,3.4386269318600596e+20,0.030417974217358517,8.093386626844002e+18,3.6536552341813966,-6.459446741931496
2.818382931264449e+20,32768,power,4.613656070354842e-22,0.130030495194127,1.2933883465518987,3.6452636394182194e+20,0.029685927635438602,8.366631174647176e+18,3.5628155278121243,-6.306711784599884
2.9853826189179696e+20,32768,power,4.315326813853907e-22,0.12882901665030114,1.2943878670789817,3.864243040515895e+20,0.0289703977906209,8.648772202725919e+18,3.4741684422217034,-6.157293474497827
3.1622776601683794e+20,32768,power,4.036330216774989e-22,0.1276399687357014,1.295363706375935,4.096299710465531e+20,0.028271062884514562,8.940095058891582e+18,3.3876640918533374,-6.01113337349739
3.3496543915782655e+20,32768,power,3.7754099219278632e-22,0.12646318424993824,1.2963163797567225,4.342211854326944e+20,0.027587605064540655,9.24089424575654e+18,3.3032535905626936,-5.8681734469305695
3.54813389233576e+20,32768,power,3.5313915127966194e-22,0.12529849913660537,1.2972463934896494,4.602803895450957e+20,0.026919710486112216,9.551473714764112e+18,3.220889037416086,-5.72835609261605
3.7583740428844355e+20,32768,power,3.3031771451468255e-22,0.12414575241368943,1.2981542448516386,4.878949217510644e+20,0.02626706936827217,9.8721471696359e+18,3.140523502455883,-5.591624168114473
3.9810717055349857e+20,32768,power,3.0897405322868222e-22,0.12300478610531675,1.2990404221878986,5.1715730691184656e+20,0.025629376043024583,1.0203238379540138e+19,3.0621110124251505,-5.457921016239853
4.216965034285823e+20,32768,power,2.8901222605341726e-22,0.12187544517483707,1.299905404976645,5.481655640665664e+20,0.025006328998591402,1.0545081502290756e+19,2.9856065364868956,-5.3271904888983705
4.466835921509617e+20,32768,power,2.7034254130026366e-22,0.12075757745922149,1.3007496638986162,5.8102353235939e+20,0.024397630916829904,1.0898021417902942e+19,2.9109659719117165,-5.199376969267888
4.7315125896148124e+20,32768,power,2.5288114812883272e-22,0.11965103360478203,1.3015736609109274,6.158412162911093e+20,0.02380298870503312,1.1262414072832338e+19,2.83814612979163,-5.074425392411075
5.0118723362727146e+20,32768,power,2.3654965459945205e-22,0.11855566700418593,1.302377849325046,6.527351514406552e+20,0.0232221135223513,1.1638626835245701e+19,2.767104720747837,-4.95228126433288
5.308844442309901e+20,32768,power,2.212747708306368e-22,0.11747133373476232,1.3031626738886346,6.918287918699387e+20,0.022654720801050805,1.2027038861674107e+19,2.6978003406688655,-4.832890679556712
5.6234132519034906e+20,32768,power,2.0698797560127602e-22,0.1163978924980892,1.303928570870758,7.332529204970201e+20,0.022100530262838463,1.2428041475413996e+19,2.6301924564812174,-4.7162003372618555
5.956621435290085e+20,32768,power,1.9362520484772463e-22,0.11533520456083901,1.3046759681504503,7.771460837992817e+20,0.021559265930470608,1.2842038557056047e+19,2.5642413919552354,-4.602157556027631
6.309573444801943e+20,32768,power,1.8112656060931193e-22,0.11428313369688242,1.3054052853081548,8.236550522884438e+20,0.021030656134858553,1.3269446947526461e+19,2.4999083135686773,-4.490710287245392
6.683439175686135e+20,32768,power,1.6943603907190233e-22,0.11324154613062389,1.306116933719924,8.729353082850792e+20,0.02051443351788896,1.371069686404678e+19,2.4371552164192956,-4.381807127233383
7.079457843841402e+20,32768,power,1.5850127644898216e-22,0.11221031048156212,1.3068113166540485,9.251515626107214e+20,0.020010335031159756,1.4166232329423833e+19,2.3759449102170427,-4.275397328123898
7.498942093324558e+20,32768,power,1.4827331152355085e-22,0.11118929771005807,1.3074888293698537,9.804783019113247e+20,0.01951810193084145,1.4636511615098626e+19,2.3162410053369165,-4.171430807547393
7.943282347242789e+20,32768,power,1.3870636375217891e-22,0.11017838106429198,1.3081498592186267,1.0391003684279457e+21,0.01903747976885879,1.5122007698396776e+19,2.258007898965131,-4.0698581571850685
8.413951416451965e+20,32768,power,1.2975762590561356e-22,0.10917743602839813,1.308794785746183,1.1012135741374042e+21,0.018568218380588825,1.5623208734434474e+19,2.201210761325778,-3.970630650219509
8.91250938133744e+20,32768,power,1.2138707028830508e-22,0.10818634027175864,1.3094239807970536,1.1670253513001957e+21,0.018110071869264117,1.6140618543151172e+19,2.1458155220074104,-3.8737002477417293
9.440608762859264e+20,32768,power,1.1355726764273732e-22,0.10720497359943806,1.3100378086201139,1.2367554415735994e+21,0.017662798587264935,1.6674757111955157e+19,2.091788856395871,-3.779019604161493
1e+21,32768,power,1.0623321790374456e-22,0.10623321790374457,1.3106366259752849,1.3106366259752849e+21,0.017226161114481952,1.7226161114481953e+19,2.0390981722036017,-3.686542071651233
1.0592537251772854e+21,32768,power,9.938219202323735e-23,0.10527095711689846,1.3112207822413497,1.3889154981190238e+21,0.016799926233919866,1.7795384445983222e+19,1.987711596124453,-3.596221703689839
1.1220184543019653e+21,32768,power,9.297358413742731e-23,0.10431807716478991,1.3117906195245594,1.4718532832867637e+21,0.016383864904715065,1.8382998775880612e+19,1.9375979605995575,-3.5080132577317014
1.1885022274370166e+21,32768,power,8.697877339677979e-23,0.10337446592181229,1.3123464727679424,1.5597267060538115e+21,0.015977752232726964,1.898959411803276e+19,1.8887267907117034,-3.4218721970546984
1.2589254117941712e+21,32768,power,8.137099482387299e-23,0.10244001316674567,1.3128886698611164,1.6528289093448077e+21,0.015581367438864327,1.9615779419288564e+19,1.8410682912039844,-3.3377546918211265
1.333521432163324e+21,32768,power,7.612521860634607e-23,0.10151461053968072,1.3134175317505572,1.7514704279684212e+21,0.015194493825297927,2.0262183166908076e+19,1.7945933336348752,-3.255617619398321
1.4125375446227498e+21,32768,power,7.121803727123343e-23,0.10059815149995954,1.3139333725500304,1.8559802198597087e+21,0.014816918739706862,2.092945401546034e+19,1.7492734436715063,-3.175418563977128
1.4962356560944358e+21,32768,power,6.662756022358963e-23,0.09969053128511417,1.3144364996512117,1.9667067584501042e+21,0.014448433537704029,2.1618261433823437e+19,1.7050807885154118,-3.0971158155173817
1.584893192461111e+21,32768,power,6.233331516641915e-23,0.09879164687079064,1.3149272138342811,2.0840191897878077e+21,0.014088833543573775,2.232929637292783e+19,1.661988164478867,-3.0206683680707447
1.678804018122566e+21,32768,power,5.831615595078134e-23,0.09790139693163388,1.3154058093784302,2.2083085582462747e+21,0.013737918009455952,2.3063271954913014e+19,1.619968984708553,-2.94603591751208
1.7782794100389228e+21,32768,power,5.455817643471139e-23,0.09701968180311804,1.3158725741720798,2.3399891048851248e+21,0.013395490073104376,2.3820924184382296e+19,1.57899726705506,-2.8731788587088913
1.8836490894897945e+21,32768,power,5.104262995733723e-23,0.09614640344430278,1.316327789822889,2.479499642769998e+21,0.013061356714338999,2.460301268246607e+19,1.5390476220948912,-2.802058282167408
1.995262314968883e+21,32768,power,4.7753854060529804e-23,0.09528146540149889,1.3167717317672505,2.627305013811509e+21,0.012735328710310441,2.541032144442369e+19,1.5000952413099622,-2.7326359701898673
2.1134890398366433e+21,32768,power,4.4677200114613574e-23,0.09442477277282421,1.3172046693793504,2.7838976319549064e+21,0.012417220589688232,2.624365962153998e+19,1.462115885422599,-2.6648743925710927
2.238721138568347e+21,32768,power,4.179896752726898e-23,0.09357623217362897,1.3176268660795518,2.949799117837857e+21,0.012106850585880107,2.7103862328098374e+19,1.4250858728857452,-2.5987367018620033
2.3713737056616553e+21,32768,power,3.9106342235882306e-23,0.09273575170277713,1.3180385794422487,3.125562030336989e+21,0.011804040589385228,2.7991791474231038e+19,1.3889820685354604,-2.534186728235588
2.5118864315095717e+21,32768,power,3.6587339203282294e-23,0.09190324090976301,1.318440061302847,3.3117717007452697e+21,0.011508616099377445,2.8908336625478816e+19,1.3537818724071116,-2.4711889739821635
2.660725059798814e+21,32768,power,3.423074865523009e-23,0.09107861076264524,1.318831557864066,3.50904817566243e+21,0.011220406174614457,2.9854415889918034e+19,1.319463208708016,-2.4097086076543928
2.818382931264449e+21,32768,power,3.2026085815203994e-23,0.09026177361678142,1.3192133098012386,3.7180482750406905e+21,0.01093924338376036,3.0830976833737753e+19,1.2860045149568622,-2.3497114578958977
2.9853826189179696e+21,32768,power,2.996354390807262e-23,0.08945264318434541,1.3195855523668407,3.9394677722112343e+21,0.010664963755205524,3.183899742618069e+19,1.2533847312884205,-2.2911640069767425
3.1622776601683794e+21,32768,power,2.8033950219251064e-23,0.08865113450461008,1.3199485154939246,4.1740437031188536e+21,0.010397406726466598,3.2879487014789763e+19,1.2215832899163726,-2.234033384052303
3.3496543915782654e+21,32768,power,2.6228725009920245e-23,0.08785716391497803,1.320302423898587,4.4225568124233303e+21,0.010136415093240385,3.395348733193287e+19,1.190580104769845,-2.178287358182651
3.5481338923357606e+21,32768,power,2.4539843101981692e-23,0.08707064902274317,1.3206474971813753,4.6858341445776336e+21,0.009881834958186453,3.506207353360969e+19,1.1603555612840655,-2.1238943311158276
3.7583740428844353e+21,32768,power,2.295979795862542e-23,0.08629150867756882,1.3209839499275644,4.964751788474711e+21,0.009633515679505336,3.6206355271573066e+19,1.1308905063689645,-2.0708233298782575
3.9810717055349854e+21,32768,power,2.1481568097796198e-23,0.08551966294465944,1.3213119918062834,5.26023778476407e+21,0.009391309819378883,3.7387477799842144e+19,1.1021662385258368,-2.019043999163961
4.2169650342858226e+21,32768,power,2.0098585686512225e-23,0.08475503307861958,1.3216318276684855,5.57327520547727e+21,0.009155073092332381,3.860662311669663e+19,1.0741644981466791,-1.9685265935751706
4.4668359215096167e+21,32768,power,1.8804707173928398e-23,0.08399754149797296,1.3219436576437043,5.904905416174709e+21,0.008924664313578407,3.986501114330699e+19,1.046867457962386,-1.9192419696998808
4.731512589614812e+21,32768,power,1.7594185830352268e-23,0.08324711176033431,1.3222476772355922,6.256231531429148e+21,0.008699945347395422,4.116390094016225e+19,1.0202577136627866,-1.8711615780670043
5.011872336272714e+21,32768,power,1.6461646068098348e-23,0.08250366853821461,1.3225440774161634,6.628422075103388e+21,0.008480781055593467,4.25045919625146e+19,0.9943182746757762,-1.8242574549830914
5.308844442309901e+21,32768,power,1.5402059428184474e-23,0.08176713759544395,1.3228330447187693,7.022714857559123e+21,0.008267039246114475,4.388842535609266e+19,0.9690325551108936,-1.7785022142726703
5.623413251903491e+21,32768,power,1.4410722124462038e-23,0.08103744576419865,1.3231147613298015,7.44042108265113e+21,0.00805859062181367,4.5316785294372176e+19,0.9443843648604844,-1.7338690389310352
5.956621435290085e+21,32768,power,1.3483234043847762e-23,0.0803145209226166,1.3233894051790798,7.882929698125502e+21,0.0078553087294629,4.679110035874003e+19,0.9203579008626228,-1.6903316727083562
6.309573444801943e+21,32768,power,1.2615479107951867e-23,0.0795982919729868,1.3236571500289054,8.351712003844603e+21,0.007657069909016975,4.8312844962925535e+19,0.8969377385247945,-1.6478644116387664
6.683439175686135e+21,32768,power,1.1803606907576818e-23,0.07888868882049838,1.3239181655617192,8.848326533117716e+21,0.007463753243179528,4.98835408231205e+19,0.8741088233012118,-1.606442095520999
7.079457843841402e+21,32768,power,1.1044015527340156e-23,0.0781856423525345,1.3241726174665738,9.374424223323737e+21,0.007275240507302323,5.150475847525414e+19,0.8518564624280911,-1.5660400993676493
7.498942093324559e+21,32768,power,1.0333335483078188e-23,0.07748908441849929,1.3244206675240435,9.93175389296506e+21,0.007091416119651159,5.3178118840932385e+19,0.8301663168162499,-1.5266343248356296
7.943282347242789e+21,32768,power,9.668414699726624e-24,0.07679894781016118,1.324662473689975,1.0522168043316544e+22,0.006912167092066942,5.490529484360787e+19,0.8090243930923391,-1.4882011916403703
8.413951416451964e+21,32768,power,9.046304462095263e-24,0.07611516624250216,1.324898190177752,1.114762900390074e+22,0.00673738298105023,5.668801307658694e+19,0.7884170357965736,-1.4507176289734636
8.912509381337441e+21,32768,power,8.464246275355747e-24,0.07543767433505859,1.3251279675392442,1.181021544216613e+22,0.006566955839294281,5.852805552453897e+19,0.7683309197279442,-1.4141610669254345
9.440608762859265e+21,32768,power,7.919659576179263e-24,0.07476640759374024,1.325351952744402,1.251212925895144e+22,0.006400780167689542,6.042726134022568e+19,0.748753042437933,-1.378509427925001
1e+22,32768,power,7.410130239311763e-24,0.07410130239311763,1.3255702892594678,1.3255702892594678e+22,0.006238752867821557,6.238752867821557e+19,0.7296707168766847,-1.3437411182086412
1.0592537251772853e+22,32768,power,6.933399827965553e-24,0.07344229595916062,1.3257831171238743,1.4043407055906172e+22,0.006080773194981491,6.441081658742328e+19,0.7110715641751586,-1.3098350193133768
1.1220184543019653e+22,32768,power,6.487355539771988e-24,0.07278932635242258,1.3259905730257597,1.48778589316534e+22,0.005926742711706667,6.649914696434553e+19,0.6929435065795797,-1.2767704796178059
1.1885022274370165e+22,32768,power,6.070020803177339e-24,0.07214233245165295,1.3261927903761155,1.5761830853729256e+22,0.005776565241867962,6.865460656895321e+19,0.6752747605243137,-1.2445273059263684
1.2589254117941714e+22,32768,power,5.67954648210081e-24,0.071501253937829,1.3263898993816816,1.6698259502787132e+22,0.005630146825317603,7.087934910524611e+19,0.6580538298412764,-1.2130857551023166
1.3335214321633241e+22,32768,power,5.31420264941924e-24,0.07086603127859677,1.3265820271164295,1.7690255646824266e+22,0.005487395673110993,7.317559736853799e+19,0.6412694991148493,-1.1824265257667665
1.4125375446227496e+22,32768,power,4.9723708924045314e-24,0.07023660571310728,1.326769297591762,1.8741114459011177e+22,0.005348222123313609,7.554564546162473e+19,0.6249108271656478,-1.1525307500535265
1.4962356560944358e+22,32768,power,4.6525371156404726e-24,0.06961291923724036,1.3269518318253763,1.9854326446969554e+22,0.00521253859740325,7.799186108203223e+19,0.608967140673089,-1.1233799854372117
1.584893192461111e+22,32768,power,4.353284809184193e-24,0.06899491458920394,1.3271297479088826,2.1033589029734185e+22,0.005080259557276638,8.051668788263241e+19,0.5934280279300097,-1.094956206633968
1.6788040181225657e+22,32768,power,4.0732887518324656e-24,0.06838253523549793,1.327303161074074,2.2282818800779386e+22,0.004951301462867542,8.312264790798167e+19,0.5782833327248937,-1.0672417975763793
1.7782794100389228e+22,32768,power,3.811309121312524e-24,0.067775725357236,1.3274721837579566,2.3606164517761797e+22,0.004825582730383273,8.58123441087998e+19,0.5635231483562153,-1.040219543473353
1.8836490894897943e+22,32768,power,3.566185985044841e-24,0.0671744298368098,1.3276369256664609,2.5008020862046585e+22,0.004703023691164905,8.858846293711703e+19,0.5491378117664647,-1.0138726229472095
1.995262314968883e+22,32768,power,3.33683414683912e-24,0.06657859424489439,1.3277974938370234,2.64930430136314e+22,0.0045835465511746745,9.14537770246442e+19,0.5351178978144855,-0.9881846002724348
2.1134890398366432e+22,32768,power,3.1222383264820032e-24,0.06598816482777617,1.3279539926997843,2.806616208978304e+22,0.004467075351115741,9.441114794707542e+19,0.5214542136515288,-0.9631394176862429
2.238721138568347e+22,32768,power,2.9214486506714756e-24,0.06540308849500207,1.3281065241376662,2.973260149857526e+22,0.004353535927184445,9.746352907704566e+19,0.5081377932334652,-0.9387213878072953
2.371373705661655e+22,32768,power,2.7335764351511593e-24,0.06482331280733782,1.3282551875451927,3.1497894261533604e+22,0.004242855872458472,1.0061396852860161e+20,0.4951598919448186,-0.9149151861435723
2.511886431509572e+22,32768,power,2.5577902392033634e-24,0.0642487859650255,1.3284000798861517,3.3367901362822557e+22,0.004134964498920781,1.0386561219612885e+20,0.4825119813384182,-0.8917058436963665
2.660725059798814e+22,32768,power,2.3933121748832818e-24,0.06367945679633549,1.3285412957500446,3.5348831185797313e+22,0.004029792800119478,1.0722170689074728e+20,0.4701857439925572,-0.8690787396664956
2.8183829312644493e+22,32768,power,2.239414454517934e-24,0.06311527474640233,1.3286789274074209,3.744726010135831e+22,0.00392727341446298,1.1068560357731117e+20,0.4581730684800611,-0.8470195942607117
2.9853826189179694e+22,32768,power,2.0954161610617545e-24,0.06255618986633578,1.328813064863981,3.967015427636045e+22,0.003827340589149141,1.1426076071525107e+20,0.446466044444227,-0.8255144615961552
3.1622776601683792e+22,32768,power,1.9606802269001714e-24,0.06200215280260281,1.328943795913695,4.202489277437243e+22,0.0037299301447261866,1.179507477065623e+20,0.43505695778827125,-0.8045497227133436
3.3496543915782655e+22,32768,power,1.8346106076249556e-24,0.061453114786670024,1.3290712061906413,4.451929202536704e+22,0.0036349794402827543,1.2175924845439833e+20,0.4239382859744012,-0.7841120786961198
3.5481338923357603e+22,32768,power,1.716649638179283e-24,0.06090902762489834,1.3291953792198723,4.716163174546112e+22,0.0035424273392648136,1.2569006503582274e+20,0.4131026934120374,-0.7641885438809837
3.7583740428844353e+22,32768,power,1.6062755595862988e-24,0.06036984368868817,1.3293163964671568,4.996068239262837e+22,0.003452214175914423,1.297471214923445e+20,0.40254302696995925,-0.7447664391932229
3.981071705534985e+22,32768,power,1.5030002052379569e-24,0.05983551590486106,1.3294343373876658,5.292573424940687e+22,0.0033642817223274793,1.3393446774206436e+20,0.3922523115746257,-0.7258333855742816
4.2169650342858225e+22,32768,power,1.4063668364354897e-24,0.05930599774627628,1.32954927947359,5.606662822900038e+22,0.0032785731561255694,1.3825628361729638e+20,0.3822237459091715,-0.7073772975174419
4.466835921509617e+22,32768,power,1.3159481175392861e-24,0.05878124322267443,1.3296612983007576,5.939378850690938e+22,0.003195033028736512,1.4271688303169921e+20,0.37245069821914,-0.6893863767192809
4.7315125896148125e+22,32768,power,1.2313442217107692e-24,0.05826120687173958,1.3297704675742639,6.291825708625605e+22,0.003113607234279405,1.4732071828108761e+20,0.36292670219932877,-0.6718491058237297
5.011872336272714e+22,32768,power,1.1521810588121034e-24,0.05774584375037787,1.3298768591730203,6.665173041138505e+22,0.0030342429790474923,1.5207238448217837e+20,0.35364545298521843,-0.654754242283917
5.308844442309901e+22,32768,power,1.0781086175751442e-24,0.05723510942620215,1.3299805431934242,7.060659815112713e+22,0.0029568887515836243,1.5697662415373386e+20,0.3446008032327974,-0.6380908123264972
5.623413251903491e+22,32768,power,1.0087994146618672e-24,0.05672895996922028,1.330081587991995,7.479598428027023e+22,0.0028814942933420165,1.620383319446378e+20,0.3357867592849173,-0.6218481050195956
5.9566214352900855e+22,32768,power,9.439470437150585e-25,0.05622735194371825,1.3301800602271352,7.92337905954441e+22,0.0028080105699297728,1.6726255951364814e+20,0.3271974774263331,-0.6060156664458693
6.309573444801943e+22,32768,power,8.832648179450166e-25,0.05573024240033699,1.3302760248998755,8.393474280964942e+22,0.002736389742921308,1.7265452056564698e+20,0.3188272602349773,-0.5905832939914646
6.683439175686135e+22,32768,power,8.2648450021483025e-25,0.05523758886833172,1.3303695453938196,8.891443937824808e+22,0.00266658514223959,1.782195960494666e+20,0.3106705529979603,-0.5755410307190401
7.079457843841402e+22,32768,power,7.733551149773709e-25,0.054749349348014176,1.3304606835140873,9.418940321826398e+22,0.0025985512390959723,1.8396333952241775e+20,0.30272194023297505,-0.5608791598674445
7.498942093324558e+22,32768,power,7.236418367822149e-25,0.0542654823033685,1.3305494995254483,9.977713649243309e+22,0.0025322436194826214,1.8989148268690765e+20,0.2949761422714525,-0.5465881994349053
7.94328234724279e+22,32768,power,6.77124950411814e-25,0.053785946654838115,1.330636052189608,1.0569617863962548e+23,0.0024676189582092355,1.9600994110465062e+20,0.2874280119323558,-0.5326588968756041
8.413951416451964e+22,32768,power,6.335988780258375e-25,0.0533107017722787,1.3307203988015566,1.1196616784397879e+23,0.002404634993477002,2.023248200941578e+20,0.2800725312738672,-0.5190822238976933
8.91250938133744e+22,32768,power,5.928712689909271e-25,0.05283970746807071,1.3308025952252194,1.186079061465298e+23,0.002343250501982407,2.0884242081741868e+20,0.27290480840951314,-0.5058493713500201
9.440608762859264e+22,32768,power,5.547621483524697e-25,0.052372923990389564,1.33088269592819,1.2564342841517434e+23,0.0022834252745425007,2.1556924656180255e+20,0.26592007441539334,-0.4929517442245679
1e+23,32768,power,5.191031201662888e-25,0.05191031201662887,1.3309607540157338,1.3309607540157337e+23,0.0022251200922344485,2.2251200922344482e+20,0.259113680307288,-0.48038095675416725
1.0592537251772854e+23,32768,power,4.85736622152125e-25,0.051451832646967,1.3310368212639565,1.4099057112719786e+23,0.002168296703041766,2.2967763599866167e+20,0.2524810940683908,-0.4681288275870221
1.1220184543019653e+23,32768,power,4.545152283596709e-25,0.05099744739808227,1.3311109481522672,1.4935310485502302e+23,0.002112917798998361,2.3707327628992515e+20,0.2460178977767402,-0.4561873750864476
1.1885022274370166e+23,32768,power,4.253009967512529e-25,0.05054711819700474,1.3311831838950385,1.582114179185953e+23,0.002058946993823563,2.4470630883340537e+20,0.23971978477754785,-0.44454881270286073
1.2589254117941714e+23,32768,power,3.9796485880528186e-25,0.050100807375104875,1.3312535764725673,1.67594895696319e+23,0.0020063488010393085,2.5258434905511533e+20,0.2335825569396599,-0.433205544456039
1.3335214321633241e+23,32768,power,3.723860484316547e-25,0.04965847766222212,1.331322172661313,1.775346650358102e+23,0.0019550886125610655,2.607152566628638e+20,0.22760212202701524,-0.42215016055955346
1.4125375446227497e+23,32768,power,3.484515676645197e-25,0.04922009218087886,1.3313890180634074,1.8806369745129792e+23,0.0019051326777611646,2.6910714348253197e+20,0.2217744908296071,-0.4113754328341601
1.4962356560944359e+23,32768,power,3.260556867629284e-25,0.0487856144407052,1.3314541571355119,1.9921691843613167e+23,0.001856448082978782,2.7776838154410154e+20,0.21609577497774257,-0.4008743108269597
1.584893192461111e+23,32768,power,3.0509947650043744e-25,0.0483550083328992,1.3315176332169363,2.1103132325274525e+23,0.0018090027314927664,2.8670761142864403e+20,0.21056218419828188,-0.3906399174051334
1.6788040181225658e+23,32768,power,2.8549037057014585e-25,0.04792823812484612,1.331579488557185,2.2354609958393933e+23,0.0017627653239312695,2.959337508822942e+20,0.20517002393187767,-0.38066554473578096
1.7782794100389228e+23,32768,power,2.6714175616421545e-25,0.04750526845484628,1.3316397643427995,2.3680275745198837e+23,0.0017177053391173361,3.054560037066284e+20,0.1999156929607615,-0.3709446503043279
1.8836490894897944e+23,32768,power,2.4997259091238676e-25,0.04708606432695222,1.3316985007235624,2.5084526683628628e+23,0.001673793015341601,3.152838689342584e+20,0.19479568108242695,-0.36147085300655135
1.9952623149688827e+23,32768,power,2.3390704448123135e-25,0.04667059110591511,1.3317557368380986,2.6572020344566748e+23,0.0016309993320542406,3.2542715029872456e+20,0.18980656684619568,-0.3522379293308453
2.1134890398366435e+23,32768,power,2.188741632453001e-25,0.046258814512235805,1.3318115108388575,2.8147690312862065e+23,0.0015892959919684506,3.3589596600816265e+20,0.18494501533703467,-0.3432398096153477
2.238721138568347e+23,32768,power,2.0480755654382663e-25,0.04585070061731967,1.331865859916573,2.9816762543327407e+23,0.0015486554035673977,3.467007588324428e+20,0.18020777602525406,-0.33447057439842665
2.371373705661655e+23,32768,power,1.9164510313252593e-25,0.04544621583872881,1.331918820323964,3.158477268592139e+23,0.0015090506640077369,3.5785230651392085e+20,0.17559168065162112,-0.3259244508315162
2.5118864315095718e+23,32768,power,1.7932867652962564e-25,0.045045326935533564,1.3319704273990987,3.345758443755801e+23,0.0014704555424111636,3.693617325120649e+20,0.17109364118106374,-0.31759580918802044
2.660725059798814e+23,32768,power,1.6780388803919628e-25,0.0446480010037564,1.3320207155880304,3.5441408981362206e+23,0.001432844463537371,3.812405170927871e+20,0.16671064779274491,-0.30947915943501103
2.818382931264449e+23,32768,power,1.5701984631326896e-25,0.04425420547190843,1.3320697184669483,3.754282557781487e+23,0.0013961924918304209,3.935005087734437e+20,0.16243976692442708,-0.3015691478865379
2.9853826189179693e+23,32768,power,1.4692893238761281e-25,0.04386390809661528,1.332117468763809,3.9768803376044764e+23,0.0013604753158312363,4.0615393613495075e+20,0.15827813936883928,-0.2938605539348549
3.162277660168379e+23,32768,power,1.3748658919474416e-25,0.04347707695832868,1.3321639983794358,4.2126724517558745e+23,0.0013256692329493202,4.1921342001281866e+20,0.1542229784054161,-0.2863482868437739
3.3496543915782654e+23,32768,power,1.2865112462190166e-25,0.04309368045712356,1.3322093384080882,4.4624408609002284e+23,0.001291751134585938,4.326919860791994e+20,0.1502715679885247,-0.27902738262415294
3.5481338923357603e+23,32768,power,1.203835272418596e-25,0.042713687308576734,1.3322535191575902,4.727013864506635e+23,0.001258698491602115,4.466030778285363e+20,0.1464212609718185,-0.2718930009715015
3.758374042884436e+23,32768,power,1.126472939006193e-25,0.04233706653972617,1.3322965701689031,5.0072688467467676e+23,0.0012264893401241921,4.609605699797224e+20,0.14266947738543756,-0.26494042228200065
3.9810717055349855e+23,32768,power,1.0540826839859202e-25,0.04196378748510723,1.3323385202352924,5.3041351851030746e+23,0.0011951022676800773,4.757787823081854e+20,0.13901370274520541,-0.25816504472535584
4.2169650342858225e+23,32768,power,9.863449055111565e-26,0.041593819782865006,1.3323793974209737,5.61859733132706e+23,0.0011645163996594674,4.910724939216389e+20,0.13545148640785598,-0.2515623813889811
4.466835921509616e+23,32768,power,9.229605496010246e-26,0.041227133370941145,1.332419229079326,5.951698074961684e+23,0.001134711386090999,5.0685695799372415e+20,0.13198043997197928,-0.24512805749232758
4.731512589614813e+23,32768,power,8.6364978871709e-26,0.040863698483330844,1.3324580418707013,6.304542000244724e+23,0.0011056673887301222,5.231479169703108e+20,0.12859823570441353,-0.23885780765093845
5.011872336272715e+23,32768,power,8.081507853516876e-26,0.040503485646411916,1.3324958617797218,6.678299147851658e+23,0.0010773650684507247,5.3996161826347477e+20,0.12530260502390256,-0.23274747322189482
5.308844442309901e+23,32768,power,7.56218535155864e-26,0.04014646567533943,1.3325327141322119,7.07420889361692e+23,0.0010497855729343967,5.573148304489887e+20,0.12209133700313846,-0.22679299969103894
5.623413251903491e+23,32768,power,7.076237844878289e-26,0.039792609670509564,1.3325686236117384,7.493584057089045e+23,0.0010229105246507032,5.7522485998323165e+20,0.11896227692682615,-0.22099043413965624
5.956621435290085e+23,32768,power,6.621520175918987e-26,0.03944188901408481,1.3326036142756421,7.93781525353933e+23,0.0009967220091225463,5.937095684564758e+20,0.11591332486564632,-0.21533592275021496
6.309573444801942e+23,32768,power,6.196025089270024e-26,0.039094275366584726,1.332637709570822,8.408375503849741e+23,0.0009712025634701097,6.127873903994577e+20,0.11294243430113315,-0.2098257083853139
6.683439175686135e+23,32768,power,5.797874364519623e-26,0.0387497406635368,1.3326709323490002,8.906825117559475e+23,0.000946335165227638,6.324773516611807e+20,0.11004761077877401,-0.20445612821734516
7.079457843841402e+23,32768,power,5.42531051944878e-26,0.038408257112186935,1.3327033048816883,9.434816865258028e+23,0.0009221032214269089,6.527990883762155e+20,0.1072269105929724,-0.19922361141198053
7.498942093324558e+23,32768,power,5.076689046866716e-26,0.03806979718826855,1.3327348488747903,9.99410145746771e+23,0.0008984905579417034,6.737728665403708e+20,0.10447843950653901,-0.19412467686762414
7.94328234724279e+23,32768,power,4.750471150748668e-26,0.037734333632828035,1.3327655854827736,1.0586533348178017e+24,0.0008754814090873829,6.954196022143051e+20,0.10180035150215705,-0.18915593100823358
8.413951416451965e+23,32768,power,4.445216949550356e-26,0.0374018394491055,1.3327955353225742,1.1214076882268229e+24,0.0008530604074700748,7.177608823751926e+20,0.0991908475634462,-0.18431406562656738
8.912509381337441e+23,32768,power,4.159579116640072e-26,0.037072287899469945,1.3328247184871325,1.1878812807195002e+24,0.0008312125740798102,7.408189864371951e+20,0.09664817448873375,-0.1795958557806454
9.440608762859264e+23,32768,power,3.892296929724344e-26,0.03674565250240585,1.3328531545585398,1.2582945170529964e+24,0.0008099233086222318,7.64616908462301e+20,0.09417062373209273,-0.17499815773764915
1e+24,32768,power,3.642190702955197e-26,0.03642190702955197,1.3328808626209847,1.3328808626209848e+24,0.0007891783800835452,7.891783800835452e+20,0.09175653027280184,-0.1705179069662277
1e+19,32768,logarithmic,2.243228705178938e-20,0.2243228705178938,1.2190965503270803,1.2190965503270803e+19,0.08085075434245353,8.085075434245353e+17,10.289500717645872,-16.660313114420855
1.0592537251772854e+19,32768,logarithmic,2.0966983615745127e-20,0.22209355500709135,1.2217284232191714,1.2941203834498785e+19,0.07910090441082764,8.378792766206154e+17,10.04608569343044,-16.316960318367023
1.1220184543019653e+19,32768,logarithmic,1.9597843783196313e-20,0.21989142389273306,1.2243066312633657,1.3736946340017678e+19,0.07738260241188645,8.682470794804837e+17,9.808030186195115,-15.979059452784572
1.1885022274370165e+19,32768,logarithmic,1.8318521425529385e-20,0.21771603517594385,1.2268319813411575,1.458092542514934e+19,0.07569553051854787,8.99643066283208e+17,9.575231929818507,-15.646587901045272
1.2589254117941713e+19,32768,logarithmic,1.7123091902417918e-20,0.21556695524440916,1.2293052805091842,1.547603656485774e+19,0.07403936431884738,9.32100372140836e+17,9.347590049422582,-15.319520506794914
1.3335214321633241e+19,32768,logarithmic,1.600602386941233e-20,0.21344375873579083,1.2317273353855973,1.6425348003181169e+19,0.07241377323757352,9.656531859611923e+17,9.125005059397374,-14.997829667221009
1.4125375446227497e+19,32768,logarithmic,1.496215298534959e-20,0.21134602840195654,1.2340989515607397,1.743211102859117e+19,0.07081842095346291,1.000336784476648e+18,8.907378860992822,-14.68148542694011
1.496235656094436e+19,32768,logarithmic,1.3986657390610662e-20,0.20927335497408436,1.2364209330318487,1.8499770859438027e+19,0.06925296581132097,1.0361875673718738e+18,8.69461473951838,-14.370455572323305
1.5848931924611109e+19,32768,logarithmic,1.3075034836061908e-20,0.20722533702866394,1.2386940816616812,1.963197817567466e+19,0.0677170612284995,1.0732430935452109e+18,8.486617361153904,-14.064705726060778
1.6788040181225658e+19,32768,logarithmic,1.222308135072862e-20,0.20520158085442206,1.2409191966608228,2.083260133519616e+19,0.06621035609519149,1.111542118539334e+18,8.283292769365126,-13.764199441763658
1.7782794100389229e+19,32768,logarithmic,1.1426871343899456e-20,0.203201700320202,1.2430970740933778,2.210573931539883e+19,0.0647324951680573,1.1511246331780037e+18,8.084548380904799,-13.468898298401399
1.8836490894897943e+19,32768,logarithmic,1.0682739044474659e-20,0.20122531674381766,1.2452285064057556,2.345573542297938e+19,0.06328311945671186,1.1920319034470917e+18,7.890292981413394,-13.178761994403022
1.9952623149688828e+19,32768,logarithmic,9.987261187009759e-21,0.19927205876191964,1.2473142819782894,2.4887191817537516e+19,0.06186186660264924,1.2343065116589814e+18,7.700436720603054,-12.893748441236808
2.1134890398366433e+19,32768,logarithmic,9.337240860077917e-21,0.19734156220089552,1.249355184699217,2.6404984897248805e+19,0.06046837125021506,1.277992398941027e+18,7.514891107024191,-12.613813856301892
2.238721138568347e+19,32768,logarithmic,8.729692438327387e-21,0.19543346994883776,1.2513519935607331,2.8014281597740552e+19,0.05910226540925931,1.3231349090898563e+18,7.333569002429541,-12.338912854985473
2.3713737056616554e+19,32768,logarithmic,8.161827524970578e-21,0.19354743182860779,1.2533054822766856,2.972055665832532e+19,0.057763178809159925,1.3697808338347438e+18,7.156384615710887,-12.068998541717058
2.511886431509572e+19,32768,logarithmic,7.631041836426817e-21,0.19168310447202408,1.255216418921445,3.1529610912968122e+19,0.056450739243914694,1.4179784595547423e+18,6.9832534964383575,-11.80402259990181
2.660725059798814e+19,32768,logarithmic,7.134902965493168e-21,0.18984015119520542,1.2570855655895887,3.344759066675584e+19,0.05516457290805423,1.4677776154955863e+18,6.814092527984572,-11.543935380586124
2.8183829312644493e+19,32768,logarithmic,6.671138963744306e-21,0.18801824187510158,1.2589136780758157,3.5481008222242267e+19,0.05390430472314377,1.5192297235338604e+18,6.648819920249571,-11.288685989743474
2.9853826189179695e+19,32768,logarithmic,6.237627687894932e-21,0.1862170528272301,1.260701505574752,3.76367636238658e+19,0.052669558654686505,1.572387849537816e+18,6.487355201989242,-11.03822237406671
3.162277660168379e+19,32768,logarithmic,5.8323868586175985e-21,0.18443626668466062,1.2624497904000418,3.992216769266305e+19,0.05145995801926348,1.6273067563751954e+18,6.329619212753368,-10.792491405163718
3.3496543915782656e+19,32768,logarithmic,5.4535647838041686e-21,0.1826755722782621,1.2641592677222728,4.2344966427802755e+19,0.050275125781775426,1.6840429586207373e+18,6.175534094438961,-10.551438962060544
3.5481338923357606e+19,32768,logarithmic,5.0994317015228754e-21,0.1809346645182473,1.265830665325227,4.491336685598363e+19,0.049114684842686315,1.7426547790172477e+18,6.025023282472541,-10.315010011932845
3.758374042884435e+19,32768,logarithmic,4.768371700957638e-21,0.17921324427703889,1.2674647033799333,4.763606441455361e+19,0.04797825831518732,1.8032024067460431e+18,5.878011496625546,-10.083148688983956
3.981071705534986e+19,32768,logarithmic,4.4588751824459416e-21,0.17751101827347684,1.2690620942359587,5.052227195929749e+19,0.04686546979223223,1.8657479575646034e+18,5.734424731472854,-9.855798371402269
4.216965034285823e+19,32768,logarithmic,4.1695318203693914e-21,0.1758276989583984,1.2706235422294636,5.358175049322044e+19,0.04577594360342113,1.9303555358706668e+18,5.594190246509223,-9.632901756342216
4.466835921509617e+19,32768,logarithmic,3.899023995104501e-21,0.17416300440160723,1.2721497435074953,5.6824841718385254e+19,0.044709305061724366,1.9970912987544215e+18,5.457236555929068,-9.414400932871136
4.731512589614812e+19,32768,logarithmic,3.64612066253215e-21,0.1725166581802557,1.2736413858678914,6.026250251888385e+19,0.043665180700075,2.066023522102106e+18,5.323493418086489,-9.200237452843563
5.011872336272715e+19,32768,logarithmic,3.40967163173493e-21,0.17088838926866146,1.2750991486143644,6.390634148945224e+19,0.04264319849786752,2.137222668816484e+18,5.1928918246453515,-8.990352399663193
5.308844442309901e+19,32768,logarithmic,3.188602223498515e-21,0.16927793192957083,1.276523702426196,6.776865763102168e+19,0.041642988097427475,2.2107614592220518e+18,5.065363989424632,-8.784686454897162
5.6234132519034905e+19,32768,logarithmic,2.9819082840859377e-21,0.1676850256068966,1.2779157092420024,7.1862481341671236e+19,0.040664181010532784,2.286714943724323e+18,4.9408433369715565,-8.58317996273572
5.956621435290085e+19,32768,logarithmic,2.7886515304769462e-21,0.1661094148199348,1.279275822157028,7.6201617839089e+19,0.03970641081508696,2.3651605777958103e+18,4.819264490849928,-8.3857729922594
6.309573444801943e+19,32768,logarithmic,2.607955204874386e-21,0.16455084905908438,1.2806046853334931,8.080069315869157e+19,0.03876931334205876,2.4461782993625964e+18,4.700563261678625,-8.192405397520874
6.683439175686135e+19,32768,logarithmic,2.439000017776681e-21,0.1630090826830785,1.2819029339234465,8.567520288010958e+19,0.03785252685282113,2.5298506086685614e+18,4.584676634925122,-8.00301687543029
7.0794578438414025e+19,32768,logarithmic,2.2810203603121242e-21,0.1614838748177361,1.2831711940036088,9.084156374380187e+19,0.03695569220703278,2.616262650696668e+18,4.4715427584612,-7.817547021438076
7.498942093324558e+19,32768,logarithmic,2.1333007678330852e-21,0.15997498925625123,1.284410082521681,9.631716832912304e+19,0.03607845302122309,2.705502300228824e+18,4.3611009299082015,-7.635935383033843
7.94328234724279e+19,32768,logarithmic,1.9951726179799507e-21,0.15848219436102323,1.2856202072537009,1.0212044297536938e+20,0.03522045581824415,2.7976602496290335e+18,4.253291583780183,-7.458121511066329
8.413951416451965e+19,32768,logarithmic,1.866011047556559e-21,0.15700526296703526,1.2868021667718728,1.0827090913803656e+20,0.03438135016777899,2.89283009943715e+18,4.148056278429024,-7.284045008891981
8.91250938133744e+19,32768,logarithmic,1.7452320736121316e-21,0.15554397228679118,1.2879565504224169,1.1478924838394798e+20,0.033560788818087814,2.991108451862923e+18,4.045337682826666,-7.113645579389683
9.440608762859264e+19,32768,logarithmic,1.6322899051071015e-21,0.1540981038168082,1.2890839383129957,1.2169737124098798e+20,0.03275842781919431,3.092595007273785e+18,3.945079563176024,-6.946863069845188
1e+20,32768,logarithmic,1.5266744324567638e-21,0.15266744324567638,1.290184901309217,1.290184901309217e+20,0.03197392663771764,3.197392663771764e+18,3.847226769379586,-6.783637514746355
1.0592537251772853e+20,32768,logarithmic,1.427908883099392e-21,0.15125178036367679,1.2912600010397763,1.3677719662738085e+20,0.03120694826356127,3.305607619959209e+18,3.7517252213706387,-6.623909176510933
1.1220184543019654e+20,32768,logarithmic,1.3355476320324471e-21,0.14985090897396963,1.2923097899098384,1.4499954329539345e+20,0.03045715930867461,3.41734948099478e+18,3.658521895329825,-6.467618584188339
1.1885022274370165e+20,32768,logarithmic,1.2491741570018166e-21,0.14846462680534164,1.293334811122136,1.5371313038404918e+20,0.029724230098114476,3.5327313680459464e+18,3.5675648097891255,-6.314706570162032
1.2589254117941713e+20,32768,logarithmic,1.1683991287210745e-21,0.14709273542651297,1.2943355987054836,1.6294719766001562e+20,0.029007834753626522,3.6518700312466545e+18,3.478803011642384,-6.165114304895136
1.333521432163324e+20,32768,logarithmic,1.0928586271432146e-21,0.14573504016200636,1.29531267755018,1.727327216866026e+20,0.028307651269978015,3.7748859662721024e+18,3.392186562082311,-6.018783329766919
1.4125375446227496e+20,32768,logarithmic,1.0222124754080256e-21,0.14439135000955952,1.2962665634500214,1.831025188712263e+20,0.027623361584275367,3.9019035346478715e+18,3.3076665224558877,-5.875655588023577
1.496235656094436e+20,32768,logarithmic,9.561426836499706e-22,0.14306147755909085,1.2971977631504454,1.9409135462316415e+20,0.026954651638492838,4.033051087911729e+18,3.22519494007818,-5.735673453912482
1.5848931924611108e+20,32768,logarithmic,8.943519953738293e-22,0.1417452389131993,1.2981067744024986,2.057360589838171e+20,0.026301211435451947,4.168461095752811e+18,3.144724833991641,-5.598779760022909
1.678804018122566e+20,32768,logarithmic,8.365625295932544e-22,0.14044245360919333,1.2989940860222169,2.1807564911315478e+20,0.02566273508848001,4.3082702782555203e+18,3.0662101806982145,-5.464917822893867
1.778279410038923e+20,32768,logarithmic,7.825145123824891e-22,0.13915294454264282,1.2998601779551107,2.3115145903871037e+20,0.02503892086498421,4.4526197423795395e+18,2.9896058998688524,-5.334031466931055
1.8836490894897945e+20,32768,logarithmic,7.319650919152092e-22,0.13787653789243975,1.3007055213454062,2.450072770976623e+20,0.024429471224168206,4.601655122812158e+18,2.914867840047264,-5.206065046686303
1.995262314968883e+20,32768,logarithmic,6.846872314605202e-22,0.1366130630473553,1.301530578609703,2.5968949152795853e+20,0.02383409284912826,4.755526727333495e+18,2.841952764348199,-5.0809634675397675
2.1134890398366433e+20,32768,logarithmic,6.404686751749087e-22,0.1353623525340865,1.3023358035147574,2.752472446915288e+20,0.023252496673550675,4.914389686838736e+18,2.770818336173564,-4.958672204846026
2.238721138568347e+20,32768,logarithmic,5.991109818730902e-22,0.13412424194677247,1.303121641259048,2.9173259644125092e+20,0.022684397903239017,5.078404110167668e+18,2.701423104945211,-4.83913732158382
2.3713737056616553e+20,32768,logarithmic,5.604286222820023e-22,0.1328985698779728,1.3038885285579118,3.092006971736098e+20,0.02212951603269453,5.247735243894984e+18,2.6337264918753434,-4.722305484570388
2.5118864315095718e+20,32768,logarithmic,5.242481355813029e-22,0.13168517785108652,1.3046368937318717,3.277099711411884e+20,0.021587574856967752,5.422553637241448e+18,2.567688775768917,-4.6081239792763125
2.660725059798814e+20,32768,logarithmic,4.904073413134588e-22,0.130483910254203,1.3053671567979608,3.473223106330662e+20,0.02105830247899826,5.603035312269415e+18,2.503271078884728,-4.496540723307718
2.818382931264449e+20,32768,logarithmic,4.587546030068948e-22,0.12929461427536307,1.3060797295637818,3.6810328166730505e+20,0.020541431312655716,5.789361939532996e+18,2.4404353528459044,-4.38750427858915
2.9853826189179696e+20,32768,logarithmic,4.291481400988848e-22,0.12811713983921844,1.3067750157239804,3.9012234187786276e+20,0.020036698081686295,5.981721019357329e+18,2.3791443646258736,-4.280963862312648
3.1622776601683794e+20,32768,logarithmic,4.0145538497181703e-22,0.12695133954506735,1.3074534109589953,4.134530713186578e+20,0.019543843814775003,6.180306068928295e+18,2.3193616826004737,-4.176869356686708
3.3496543915782655e+20,32768,logarithmic,3.7555238212793287e-22,0.12579706860625092,1.3081153030358263,4.381734169504689e+20,0.01906261383691654,6.385316815378809e+18,2.261051662683422,-4.075171317542581
3.54813389233576e+20,32768,logarithmic,3.513232267253432e-22,0.12465418479089507,1.308761071910517,4.6436595162153845e+20,0.018592757757292144,6.596959395063687e+18,2.2041794345558197,-3.975820981848366
3.7583740428844355e+20,32768,logarithmic,3.286595398822346e-22,0.12352254836397324,1.3093910898323173,4.921181484009944e+20,0.018134029453843216,6.815446559222616e+18,2.1487108879859385,-3.8787702741692187
3.9810717055349857e+20,32768,logarithmic,3.074599783281838e-22,0.12240202203067325,1.31000572144917,5.2152267117502366e+20,0.017686187054723666,7.040997886235953e+18,2.0946126592479963,-3.7839718121213117
4.216965034285823e+20,32768,logarithmic,2.8762977614206086e-22,0.12129247088105292,1.3106053239144104,5.526776824695914e+20,0.01724899291681227,7.273840000684116e+18,2.0418521176585713,-3.691378910877252
4.466835921509617e+20,32768,logarithmic,2.690803164655649e-22,0.12019376233595609,1.3111902469945107,5.856871695208147e+20,0.016822213601459125,7.514206799430528e+18,1.9903973522146456,-3.6009455867472395
4.7315125896148124e+20,32768,logarithmic,2.517287312213928e-22,0.11910576609417833,1.3117608331776482,6.206612896743659e+20,0.016405619847634712,7.762339684951828e+18,1.9402171583581707,-3.512626559897458
5.0118723362727146e+20,32768,logarithmic,2.354975269953357e-22,0.11802835408085598,1.3123174177829544,6.577167362595232e+20,0.01599898654264638,8.018487806148882e+18,1.8912810248644663,-3.426377256241553
5.308844442309901e+20,32768,logarithmic,2.203142353633688e-22,0.11696140039705759,1.3128603290703846,6.96977126151446e+20,0.015602092690580374,8.282908306879155e+18,1.8435591208508573,-3.342153808538717
5.6234132519034906e+20,32768,logarithmic,2.0611108605850958e-22,0.11590478127056436,1.313389888350863,7.385734103068289e+20,0.015214721378622053,8.55586658245626e+18,1.7970222829279514,-3.2599130567561585
5.956621435290085e+20,32768,logarithmic,1.928247014781357e-22,0.11485837500780749,1.3139064100967888,7.826443086347576e+20,0.014836659741404067,8.837636544375292e+18,1.751642002480236,-3.1796125477186687
6.309573444801943e+20,32768,logarithmic,1.8039581113161313e-22,0.11382206194695331,1.3144102020525983,8.293367706447831e+20,0.014467698923522648,9.128500893524816e+18,1.7073904130909812,-3.1012105340943674
6.683439175686135e+20,32768,logarithmic,1.6876898472039527e-22,0.11279572441210646,1.3149015653453955,8.788064634000439e+20,0.014107634040362605,9.428751402160271e+18,1.664240278106388,-3.0246659727460212
7.079457843841402e+20,32768,logarithmic,1.5789238262906516e-22,0.11177924666861433,1.3153807945954563,9.31218288393714e+20,0.013756264137359971,9.738689204918723e+18,1.6221649783539238,-2.9499385224950214
7.498942093324558e+20,32768,logarithmic,1.4771752268637987e-22,0.11077251487945193,1.3158481780264608,9.867469290627054e+20,0.013413392147832548,1.005862509916506e+19,1.5811385000000566,-2.8769885413159724
7.943282347242789e+20,32768,logarithmic,1.381990621304902e-22,0.10977541706266324,1.316303997575521,1.0455774307546751e+21,0.013078824849498356,1.0388879854970063e+19,1.541135422570017,-2.8057770830151485
8.413951416451965e+20,32768,logarithmic,1.2929459378280562e-22,0.10878784304984188,1.316748529002713,1.1079058150713418e+21,0.012752372819800057,1.0729784535028023e+19,1.5021309071149958,-2.736265893409251
8.91250938133744e+20,32768,logarithmic,1.2096445550046647e-22,0.10780968444562827,1.3171820420001061,1.1739397306255152e+21,0.012433850390147725,1.108168082483378e+19,1.4641006845366622,-2.6684174060432553
9.440608762859264e+20,32768,logarithmic,1.1317155203860292e-22,0.1068408345882018,1.3176048003002974,1.2438991423700418e+21,0.012123075599186314,1.1444921373448364e+19,1.4270210440763487,-2.6021947374832433
1e+21,32768,logarithmic,1.0588118851074937e-22,0.10588118851074937,1.3180170617841818,1.3180170617841818e+21,0.011819870145192347,1.1819870145192348e+19,1.3908688219528509,-2.5375616821965985
1.0592537251772854e+21,32768,logarithmic,9.906091468909038e-23,0.10493064290388826,1.318419078588049,1.396540320339195e+21,0.011524059337695762,1.2206902782618317e+19,1.3556213901700698,-2.4744827070665942
1.1220184543019653e+21,32768,logarithmic,9.268037943610991e-23,0.1039890960790237,1.3188110972098706,1.4797303888076978e+21,0.01123547204842226,1.260640698112368e+19,1.3212566454858354,-2.412922945559415
1.1885022274370166e+21,32768,logarithmic,8.671119460571868e-23,0.10305644793262127,1.3191933586147342,1.5678642451337306e+21,0.010953940661644563,1.3018782875577469e+19,1.2877529985385827,-2.3528481915650823
1.2589254117941712e+21,32768,logarithmic,8.112680779540121e-23,0.10213259991137204,1.3195660983393125,1.6612352937414469e+21,0.010679301024027222,1.3444443439347384e+19,1.2550893631434912,-2.2942248929482156
1.333521432163324e+21,32768,logarithmic,7.590238337154617e-23,0.10121745497823392,1.3199295465954464,1.7601543393306466e+21,0.010411392394046657,1.3883814896123435e+19,1.2232451457484084,-2.237020144822144
1.4125375446227498e+21,32768,logarithmic,7.101469122798991e-23,0.1003109175793276,1.3202839283726198,1.8649506183883388e+21,0.010150057391061264,1.433733714494967e+19,1.1922002350609917,-2.181201682580225
1.4962356560944358e+21,32768,logarithmic,6.644200277325292e-23,0.0994128936116664,1.3206294635394256,1.9759728918365552e+21,0.009895141944106935,1.4805464198888411e+19,1.1619349918333688,-2.1267378746934296
1.584893192461111e+21,32768,logarithmic,6.216399367500047e-23,0.09852329039170381,1.320966366943895,2.093590602439465e+21,0.009646495240484835,1.5288664637752922e+19,1.132430238810933,-2.0735977153000573
1.678804018122566e+21,32768,logarithmic,5.816165292115186e-23,0.0976420166246798,1.3212948485127332,2.2181951008078234e+21,0.009403969674206005,1.5787422075359797e+19,1.1036672508590861,-2.021750816622647
1.7782794100389228e+21,32768,logarithmic,5.441719778593414e-23,0.09676898237474234,1.3216151133492957,2.3502009440653096e+21,0.009167420794357959,1.6302235641769423e+19,1.075627745235752,-1.971167401199203
1.8836490894897945e+21,32768,logarithmic,5.0913994316111586e-23,0.09590409903583216,1.3219273618304348,2.4900472714835447e+21,0.008936707253446915,1.6833620480992123e+19,1.048293872040884,-1.9218182939780504
1.995262314968883e+21,32768,logarithmic,4.76364829778244e-23,0.0950472793033097,1.3222317897020972,2.6381992616464556e+21,0.008711690755773374,1.73821082646574e+19,1.0216482048281739,-1.8736749142794773
2.1134890398366433e+21,32768,logarithmic,4.457010912797766e-23,0.09419843714630391,1.3225285881736433,2.7951496759756246e+21,0.008492236005892634,1.7948247722160194e+19,0.995673731367952,-1.8267092676309549
2.238721138568347e+21,32768,logarithmic,4.1701257996104563e-23,0.09335748778077159,1.3228179440108796,2.961420493734676e+21,0.008278210657205914,1.853260518780865e+19,0.9703538445915205,-1.7808939375212662
2.3713737056616553e+21,32768,logarithmic,3.901719388316614e-23,0.09252434764324295,1.3231000396278478,3.1375646439333723e+21,0.008069485260731781,1.9135765165523632e+19,0.9456723336771944,-1.7362020770509745
2.5118864315095717e+21,32768,logarithmic,3.65060033029171e-23,0.09169893436524107,1.323375053177258,3.324167839874212e+21,0.007865933214096486,1.9758330911649436e+19,0.9216133753077171,-1.6926074005226943
2.660725059798814e+21,32768,logarithmic,3.415654180940822e-23,0.09088116674835837,1.3236431586396233,3.5218505224237026e+21,0.007667430710785265,2.0400925036457386e+19,0.8981615250854169,-1.6500841749728323
2.818382931264449e+21,32768,logarithmic,3.195838427092688e-23,0.09007096473997057,1.3239045259110105,3.7312699184513443e+21,0.007473856689691765,2.106419012494389e+19,0.8753017091002624,-1.6086072116531347
2.9853826189179696e+21,32768,logarithmic,2.990177836632856e-23,0.08926824940957463,1.3241593208895281,3.95312222126182e+21,0.007285092784998712,2.174878937753986e+19,0.8530192156590122,-1.568151857483835
3.1622776601683794e+21,32768,logarithmic,2.7977601094340396e-23,0.08847294292573503,1.3244077055603987,4.1881449002485096e+21,0.007101023276423779,2.245540727137059e+19,0.831299687165088,-1.5286939864801452
3.3496543915782654e+21,32768,logarithmic,2.6177318100064112e-23,0.08768496853362097,1.3246498380796636,4.4371191474269837e+21,0.006921535039858965,2.3184750242726425e+19,0.8101291121573428,-1.4902099911724642
3.5481338923357606e+21,32768,logarithmic,2.44929456356879e-23,0.08690425053312148,1.3248858728566177,4.7008724689594126e+21,0.006746517498432012,2.3937547391422894e+19,0.7894938174965782,-1.4526767740206892
3.7583740428844353e+21,32768,logarithmic,2.291701498433573e-23,0.08613071425752107,1.3251159606347966,4.980281430261693e+21,0.006575862574015445,2.4714551207754875e+19,0.769380460701452,-1.4160717388348787
3.9810717055349854e+21,32768,logarithmic,2.144253918713408e-23,0.08536428605272464,1.3253402485716241,5.276274563795198e+21,0.006409464639205082,2.5516538322766356e+19,0.7497760224408845,-1.3803727822199963
4.2169650342858226e+21,32768,logarithmic,2.0062981923999386e-23,0.08460489325701391,1.3255588803167264,5.589835449182701e+21,0.0062472204697918655,2.6344310282586948e+19,0.7306677991628874,-1.345558285034365
4.4668359215096167e+21,32768,logarithmic,1.877222840837741e-23,0.08385246418132351,1.3257719960888719,5.92200597586128e+21,0.006089029197744351,2.7198694347605352e+19,0.7120433958780481,-1.3116071038893562
4.731512589614812e+21,32768,logarithmic,1.756455816527539e-23,0.08310692809002217,1.3259797327515856,6.273889799088212e+21,0.0059347922647212245,2.8080544317277078e+19,0.6938907190802368,-1.2784985626823397
5.011872336272714e+21,32768,logarithmic,1.6434619570426628e-23,0.08236821518218738,1.3261822238873757,6.646656000757766e+21,0.0057844133761290484,2.8990741381387035e+19,0.6761979698143517,-1.2462124441801392
5.308844442309901e+21,32768,logarithmic,1.5377406036375844e-23,0.08163625657335662,1.3263795998706467,7.041542967166512e+21,0.005637798455740225,2.9930194998619836e+19,0.6589536368801108,-1.214728981651303
5.623413251903491e+21,32768,logarithmic,1.4388233738710016e-23,0.08091098427774682,1.3265719879392834,7.459862496581724e+21,0.005494855600884185,3.0899843803308245e+19,0.6421464901769092,-1.1840288505587937
5.956621435290085e+21,32768,logarithmic,1.3462720782594202e-23,0.08019233119092593,1.326759512264936,7.903004150232337e+21,0.005355495038223014,3.19006565412689e+19,0.6257655741807255,-1.1540931603118199
6.309573444801943e+21,32768,logarithmic,1.2596767716271827e-23,0.07948023107292713,1.3269422940219648,8.372439861145561e+21,0.005219629080122047,3.2933633035654062e+19,0.6098002015614945,-1.1249034460920515
6.683439175686135e+21,32768,logarithmic,1.1786539304250527e-23,0.07877461853179238,1.3271204514550459,8.869728816108924e+21,0.005087172081624205,3.3999805183783993e+19,0.5942399469300863,-1.0964416607495697
7.079457843841402e+21,32768,logarithmic,1.1028447478566772e-23,0.07807542900753248,1.3272940999456122,9.396522626944379e+21,0.004958040398035686,3.5100237985956286e+19,0.5790746407115854,-1.068690166771602
7.498942093324559e+21,32768,logarithmic,1.031913539182817e-23,0.07738259875649547,1.3274633520768593,9.95457080823488e+21,0.004832152343129696,3.6236030607252173e+19,0.5642943631547714,-1.0416317283398757
7.943282347242789e+21,32768,logarithmic,9.655462500681649e-24,0.07669606483612926,1.3276283176976134,1.0545726579667093e+22,0.004709428147973185,3.74083174734037e+19,0.5498894384624364,-1.0152495034661535
8.413951416451964e+21,32768,logarithmic,9.034490612994724e-24,0.07601576509012893,1.327789103984896,1.11719530122232e+22,0.004589789920381573,3.8618269401811485e+19,0.5358504290489785,-0.9895270362180186
8.912509381337441e+21,32768,logarithmic,8.453470836364236e-24,0.07534163813395872,1.3279458155052422,1.1835329538598269e+22,0.004473161605004454,3.986709476884065e+19,0.5221681299194314,-0.9644482490338557
9.440608762859265e+21,32768,logarithmic,7.909831369616094e-24,0.0746736233407368,1.3280985542748114,1.2538058849427506e+22,0.004359468944044594,4.1156040714560225e+19,0.5088335631694418,-0.9399974351310347
1e+22,32768,logarithmic,7.401166082747451e-24,0.07401166082747451,1.328247419818289,1.3282474198182889e+22,0.004248639438612516,4.248639438612516e+19,0.49583797260415174,-0.9161592510093852
1.0592537251772853e+22,32768,logarithmic,6.925223834297225e-24,0.07335569144165859,1.3283925092266011,1.4071047138958786e+22,0.0041406023107166436,4.38594842210428e+19,0.4831728184726547,-0.892918709051127
1.1220184543019653e+22,32768,logarithmic,6.479898478443551e-24,0.0727056567481689,1.3285339172134507,1.490639572279571e+22,0.004035288465889571,4.5276681271599645e+19,0.47082977231824863,-0.8702611702208873
1.1885022274370165e+22,32768,logarithmic,6.063219517217081e-24,0.07206149901652092,1.3286717361706386,1.5791293179714119e+22,0.003932630456449714,4.673940057177136e+19,0.45880071194375205,-0.84817233686868
1.2589254117941714e+22,32768,logarithmic,5.6733433561113916e-24,0.0714231612084226,1.3288060562223505,1.6728677115243115e+22,0.0038325624453969167,4.82491025479819e+19,0.4470777164776951,-0.8266382456253218
1.3335214321633241e+22,32768,logarithmic,5.308545124078015e-24,0.07079058696564146,1.3289369652782053,1.772165925192574e+22,0.0037350201709399618,4.9807294475107615e+19,0.43565306156398975,-0.8056452604156439
1.4125375446227496e+22,32768,logarithmic,4.967211021417955e-24,0.07016372059816778,1.3290645490852562,1.8773535748100297e+22,0.003639940911653628,5.141553197919108e+19,0.42451921464692344,-0.785180065564417
1.4962356560944358e+22,32768,logarithmic,4.6478311614490435e-24,0.06954250707266874,1.329188891278841,1.9887798128160325e+22,0.0035472634522622478,5.3075420588354175e+19,0.4136688303622682,-0.7652296590085039
1.584893192461111e+22,32768,logarithmic,4.3489928740366844e-24,0.06892689200122623,1.3293100734324215,2.1068144860530242e+22,0.0034569280500458765,5.4788617333455725e+19,0.4030947460399448,-0.7457813456233753
1.6788040181225657e+22,32768,logarithmic,4.0693744411420905e-24,0.06831682163034612,1.3294281751063033,2.231849362173812e+22,0.0033688764018653763,5.655683240009885e+19,0.3927899772960819,-0.7268227306439723
1.7782794100389228e+22,32768,logarithmic,3.8077392364766074e-24,0.0677122428302368,1.3295432738953428,2.364299428723828e+22,0.0032830516118018036,5.838183083362246e+19,0.3827477137307467,-0.7083417131982683
1.8836490894897943e+22,32768,logarithmic,3.562930243154957e-24,0.06711310308434486,1.3296554454755556,2.5046042692051773e+22,0.003199398159405081,6.0265434298787045e+19,0.3729613147229971,-0.6903264799480113
1.995262314968883e+22,32768,logarithmic,3.333864924932508e-24,0.06651935047914398,1.3297647636498668,2.6532295206840826e+22,0.003117861868546915,6.220952289590124e+19,0.36342430531977055,-0.6727654988338827
2.1134890398366432e+22,32768,logarithmic,3.119530428190116e-24,0.06593093369416721,1.3298713003926714,2.810668417773215e+22,0.003038389876872534,6.421603703520708e+19,0.3541303722158773,-0.6556475129251949
2.238721138568347e+22,32768,logarithmic,2.918979093308072e-24,0.06534780199227848,1.3299751258935735,2.9774434281080415e+22,0.0029609306058446527,6.628697937138406e+19,0.34507335983375853,-0.6389615343834865
2.371373705661655e+22,32768,logarithmic,2.7313242554530928e-24,0.06476990521017362,1.3300763086000664,3.1541079847377146e+22,0.0028854337313746576,6.842441680011058e+19,0.33624726647945025,-0.6226968385189546
2.511886431509572e+22,32768,logarithmic,2.555736316093205e-24,0.06419719374910779,1.3301749152593283,3.341248321174301e+22,0.0028118501550332725,7.063048251866164e+19,0.32764624060392933,-0.6068429579691004
2.660725059798814e+22,32768,logarithmic,2.3914390677648655e-24,0.06362961856583892,1.3302710109590619,3.5394854151826784e+22,0.0027401319758353477,7.290737815261147e+19,0.31926457713200573,-0.5913896769641824
2.8183829312644493e+22,32768,logarithmic,2.2377062557461705e-24,0.06306713116378687,1.3303646591674232,3.7494770477549123e+22,0.002670232462590714,7.525737595073905e+19,0.3110967138962195,-0.5763270257169828
2.9853826189179694e+22,32768,logarithmic,2.0938583613463287e-24,0.0625096835843939,1.3304559217720446,3.971919984094747e+22,0.002602106026815193,7.768282105035773e+19,0.3031372281323108,-0.5616452748955725
3.1622776601683792e+22,32768,logarithmic,1.959259592511286e-24,0.06195722839869041,1.3305448591182596,4.207552283841556e+22,0.0025357081961935903,8.018613381528848e+19,0.29538083307425467,-0.547334930217036
3.3496543915782655e+22,32768,logarithmic,1.833315068367895e-24,0.06140971869905127,1.3306315300463178,4.4571557481921554e+22,0.002470995588588014,8.276981224884362e+19,0.2878223746152653,-0.5333867271301584
3.5481338923357603e+22,32768,logarithmic,1.7154681851951075e-24,0.0608671080911448,1.330715991927911,4.721558512032621e+22,0.0024079258865835253,8.543643448419641e+19,0.2804568280583286,-0.5197916256109658
3.7583740428844353e+22,32768,logarithmic,1.6051981521179824e-24,0.06032935068606286,1.3307983007017632,5.0016377896722225e+22,0.0023464578125641446,8.818866135464473e+19,0.27327929492872993,-0.5065408050445863
3.981071705534985e+22,32768,logarithmic,1.502017685576839e-24,0.05979640109263097,1.3308785109084793,5.2983227832822814e+22,0.0022865511043107757,9.102923904631403e+19,0.2662849998734007,-0.49362565921846624
4.2169650342858225e+22,32768,logarithmic,1.4054708523314064e-24,0.05926821440989433,1.3309566757245317,5.612597763679644e+22,0.0022281664911136725,9.396100183593689e+19,0.25946928763851407,-0.4810377914192032
4.466835921509617e+22,32768,logarithmic,1.3151310514202743e-24,0.05874474621976792,1.3310328469955046,5.945505333668734e+22,0.0021712656703920126,9.698687491647701e+19,0.25282762009675164,-0.46876900960521883
4.7315125896148125e+22,32768,logarithmic,1.23059912611569e-24,0.05822595257985373,1.3311070752686034,6.298149884758748e+22,0.0021158112848120255,1.0010987731337191e+20,0.246355573360435,-0.45681132169090866
5.011872336272714e+22,32768,logarithmic,1.1515015974915583e-24,0.05771179001641779,1.3311794098243204,6.671701258714349e+22,0.0020617668998960436,1.0333312489431735e+20,0.24004883495991614,-0.4451569309231185
5.308844442309901e+22,32768,logarithmic,1.077489011763772e-24,0.05720221551752089,1.3312498987074701,7.067398626078772e+22,0.0020090969821144992,1.0665983347560155e+20,0.23390320109175633,-0.43379823135378803
5.623413251903491e+22,32768,logarithmic,1.0082343940687435e-24,0.05669718652631058,1.3313185887574226,7.4865545945239435e+22,0.0019577668774519064,1.1009332202800769e+20,0.22791457398581016,-0.4227278034586335
5.9566214352900855e+22,32768,logarithmic,9.434318018176131e-25,0.05619666093441142,1.3313855256377092,7.930559560648535e+22,0.0019077427904456005,1.1363701598588386e+20,0.2220789590430039,-0.41193840955570105
6.309573444801943e+22,32768,logarithmic,8.827949712106323e-25,0.05570059707555301,1.3314507538648412,8.40088631964713e+22,0.0018589917636718837,1.1729445066169647e+20,0.21639246263076561,-0.40142298990454295
6.683439175686135e+22,32768,logarithmic,8.260560509039761e-25,0.055208953719242136,1.3315143168365613,8.899094948132434e+22,0.0018114816576950818,1.210692747707617e+20,0.21085128934437147,-0.3911746583032616
7.079457843841402e+22,32768,logarithmic,7.7296441721478825e-25,0.05472169006461531,1.331576256859334,9.426837976295785e+22,0.0017651811314539133,1.2496525406872247e+20,0.20545173962365215,-0.38118669806666006
7.498942093324558e+22,32768,logarithmic,7.232855656092782e-25,0.05423876573441477,1.331636615175245,9.98586586654988e+22,0.0017200596230843486,1.2898627510575196e+20,0.20019020737187532,-0.37145255803407995
7.94328234724279e+22,32768,logarithmic,6.768000735583945e-25,0.053760140769090164,1.331695431988278,1.0578032816816348e+23,0.0016760873311699063,1.3313634910119195e+20,0.19506317763002823,-0.3619658486606947
8.413951416451964e+22,32768,logarithmic,6.333026301629714e-25,0.05328577562102488,1.3317527464898975,1.1205302907692466e+23,0.0016332351964116107,1.3741961594246673e+20,0.1900672243086543,-0.3527203381934352
8.91250938133744e+22,32768,logarithmic,5.926011282465195e-25,0.05281563114888257,1.3318085968841153,1.1869756613875531e+23,0.001591474883709849,1.4184034831226942e+20,0.18519900797162592,-0.34370994892689577
9.440608762859264e+22,32768,logarithmic,5.5451581489131715e-25,0.05234966861207015,1.3318630204118924,1.257359770142872e+23,0.001550778764650327,1.4640295594813943e+20,0.18045527367653857,-0.3349287535427514
1e+23,32768,logarithmic,5.188784966531597e-25,0.05188784966531597,1.331916053375021,1.3319160533750209e+23,0.0015111199003865758,1.5111199003865756e+20,0.17583284886730777,-0.3263709715288443
1.0592537251772854e+23,32768,logarithmic,4.855317959325489e-25,0.05143013635335699,1.331967731159343,1.410891781046471e+23,0.0014724720249113816,1.5597214776067215e+20,0.17132864131510495,-0.31803096567378786
1.1220184543019653e+23,32768,logarithmic,4.54328455207527e-25,0.050976491105734906,1.3320180882575436,1.4945488764889879e+23,0.0014348095287096353,1.6098827696205162e+20,0.16693963711169602,-0.30990323864068525
1.1885022274370166e+23,32768,logarithmic,4.251306860455547e-25,0.05052687673169688,1.332067158291265,1.5831647847248655e+23,0.0013981074427851438,1.6616538099464146e+20,0.1626628987109191,-0.30198242961583244
1.2589254117941714e+23,32768,logarithmic,3.97809560010578e-25,0.050081256415197506,1.332114974032802,1.6770333922414272e+23,0.0013623414230540388,1.7150862370225632e+20,0.1584955630173468,-0.2942633110311732
1.3335214321633241e+23,32768,logarithmic,3.722444387674554e-25,0.04963959371000099,1.3321615674261993,1.776466001267124e+23,0.0013274877350975395,1.7702333456865182e+20,0.1544348395242201,-0.28674078536222725
1.4125375446227497e+23,32768,logarithmic,3.4832244085957617e-25,0.04920185253487887,1.3322069696078767,1.8817923617792242e+23,0.0012935232392668103,1.8271501403064058e+20,0.15047800849112836,-0.27940988199186556
1.4962356560944359e+23,32768,logarithmic,3.259379427983907e-25,0.04876799716890209,1.332251210926771,1.9933617646636238e+23,0.0012604253761328752,1.8858933896162486e+20,0.14662241917289265,-0.27226575415085774
1.584893192461111e+23,32768,logarithmic,3.049921122556094e-25,0.04833799224682503,1.3322943209638995,2.1115441996502827e+23,0.0012281721522744862,1.946521683310144e+20,0.14286548808879473,-0.2653036759247218
1.6788040181225658e+23,32768,logarithmic,2.853924712911845e-25,0.04791180275455695,1.3323363285516017,2.2367315818630958e+23,0.0011967421263970911,2.00909549045198e+20,0.13920469733208485,-0.2585190393255443
1.7782794100389228e+23,32768,logarithmic,2.67052487683485e-25,0.04748939402472144,1.3323772617921972,2.3693390510491037e+23,0.0011661143957760497,2.0736772197585286e+20,0.13563759292316568,-0.25190735143286735
1.8836490894897944e+23,32768,logarithmic,2.4989119255248163e-25,0.04707073173230009,1.3324171480762326,2.509806347794384e+23,0.0011362685830171874,2.140331281816184e+20,0.1321617832081401,-0.24546423160420883
1.9952623149688827e+23,32768,logarithmic,2.3383282258345325e-25,0.04665578189035689,1.332456014100256,2.658599271287887e+23,0.0011071848231284187,2.2091241532936218e+20,0.12877493728513656,-0.2391854087378853
2.1134890398366435e+23,32768,logarithmic,2.188064852676893e-25,0.04624451084584393,1.3324938858841933,2.8162112234655816e+23,0.001078843750895507,2.280124443213908e+20,0.125474783478996,-0.23306671860801043
2.238721138568347e+23,32768,logarithmic,2.0474584567865004e-25,0.04583688527548465,1.3325307887883397,2.9831648446536097e+23,0.0010512264885556145,2.353402961352431e+20,0.12225910785297334,-0.22710410126043357
2.371373705661655e+23,32768,logarithmic,1.9158883339754136e-25,0.045432872181732115,1.3325667475297736,3.160013746131178e+23,0.0010243146337625285,2.429032788828908e+20,0.1191257527516143,-0.22129359846287944
2.5118864315095718e+23,32768,logarithmic,1.7927736829144217e-25,0.04503243888880179,1.3326017861985953,3.347344345357671e+23,0.0009980902478369201,2.5070893509635854e+20,0.11607261538426616,-0.21563135121901444
2.660725059798814e+23,32768,logarithmic,1.6775710393072657e-25,0.04463555303877583,1.3326359282735851,3.545777809945783e+23,0.0009725358442958305,2.5876504924705135e+20,0.11309764644156228,-0.21011359733767998
2.818382931264449e+23,32768,logarithmic,1.5697718751060137e-25,0.044242182587777776,1.3326691966375797,3.75597211682526e+23,0.0009476343776551148,2.6707965550625843e+20,0.11019884874781116,-0.20473666906105636
2.9853826189179693e+23,32768,logarithmic,1.4689003521467931e-25,0.0438522958022152,1.3327016135924095,3.978624233422711e+23,0.00092336923249895,2.7566104575459908e+20,0.10737427594635918,-0.19949699074690574
3.162277660168379e+23,32768,logarithmic,1.374511220269447e-25,0.04346586125508851,1.3327332008735273,4.214472428087053e+23,0.0008997242128106962,2.8451777784838455e+20,0.10462203121319735,-0.19439107660144117
3.3496543915782654e+23,32768,logarithmic,1.286187850623782e-25,0.043082847822365614,1.3327639796642168,4.46429871741957e+23,0.0008766835315590461,2.9365868415111017e+20,0.1019402660140889,-0.18941552847639986
3.5481338923357603e+23,32768,logarithmic,1.2035403954642295e-25,0.042703224679418166,1.332793970609514,4.728931458620368e+23,0.0008542318005342131,3.0309288033864424e+20,0.09932717887515263,-0.18456703370085537
3.758374042884436e+23,32768,logarithmic,1.1262040662944842e-25,0.042326961297520914,1.3328231938297197,5.0092480954439494e+23,0.0008323540204282875,3.1282977448681773e+20,0.09678101420096397,-0.17984236298093093
3.9810717055349855e+23,32768,logarithmic,1.0538375227474601e-25,0.04195402744040995,1.3328516689336485,5.306178066866832e+23,0.0008110355711544372,3.2287907645053364e+20,0.09430006111159628,-0.17523836833860384
4.2169650342858225e+23,32768,logarithmic,9.86121365076552e-26,0.04158439316090024,1.332879415031485,5.620705888107114e+23,0.0007902622023996675,3.3325080754371035e+20,0.09188265231356851,-0.17075198110442225
4.466835921509616e+23,32768,logarithmic,9.227567235921506e-26,0.04121802879755938,1.332906450747351,5.953874414210155e+23,0.0007700200244057571,3.439553105297347e+20,0.0895271629958394,-0.16638020995466407
4.731512589614813e+23,32768,logarithmic,8.634639388070139e-26,0.04085490497143781,1.3329327942315914,6.306788297017225e+23,0.0007502954989733226,3.550032599323604e+20,0.08723200975435663,-0.16212013899621347
5.011872336272715e+23,32768,logarithmic,8.079813264551057e-26,0.04049499258285278,1.3329584631726927,6.680617646975811e+23,0.0007310754306839297,3.664056726773448e+20,0.084995649544517,-0.15796892589825529
5.308844442309901e+23,32768,logarithmic,7.560640219241588e-26,0.04013826280822542,1.3329834748089493,7.07660191193043e+23,0.0007123469583352317,3.7817391907543574e+20,0.08281657865982783,-0.15392380006840067
5.623413251903491e+23,32768,logarithmic,7.074828989938263e-26,0.03978468709696981,1.3330078459398496,7.496053985749477e+23,0.0006940975465843834,3.903197341576322e+20,0.08069333173470472,-0.14998206087121213
5.956621435290085e+23,32768,logarithmic,6.620235580996104e-26,0.0394342371684315,1.3330315929371177,7.940364560408123e+23,0.0006763149777948851,4.0285522937407504e+20,0.07862448077222695,-0.14614107588960534
6.309573444801942e+23,32768,logarithmic,6.194853796507819e-26,0.03908688500887623,1.3330547317555799,8.411006735952584e+23,0.0006589873440821973,4.157929046681592e+20,0.07660863419651776,-0.1423982792279177
6.683439175686135e+23,32768,logarithmic,5.796806382179581e-26,0.03874260286852642,1.3330772779436466,8.909540903625602e+23,0.0006421030395535675,4.2914566093794574e+20,0.0746444359320586,-0.13875116985929692
7.079457843841402e+23,32768,logarithmic,5.424336736753097e-26,0.03840136325864379,1.3330992466536251,9.43761991834107e+23,0.000625650752737556,4.429268128973168e+20,0.07273056449876858,-0.13519731000577462
7.498942093324558e+23,32768,logarithmic,5.07580115634475e-26,0.03806313894865911,1.3331206526517405,9.996994577650444e+23,0.0006096194591988771,4.571501023496212e+20,0.07086573213856973,-0.1317343235655799
7.94328234724279e+23,32768,logarithmic,4.7496615774260043e-26,0.03772790296334532,1.3331415103278792,1.0589519425364034e+24,0.0005939984143342316,4.718297118871311e+20,0.06904868395751773,-0.12835989457300467
8.413951416451965e+23,32768,logarithmic,4.4444787863778593e-26,0.0373956285800347,1.3331618337051432,1.1217158899063089e+24,0.0005787771463449627,4.8698027902992246e+20,0.0672781970893821,-0.12507176569480638
8.912509381337441e+23,32768,logarithmic,4.158906065613285e-26,0.03706628932587959,1.3331816364491367,1.1881993841879733e+24,0.0005639454493822989,5.026169108182298e+20,0.0655530798870263,-0.12186773677040907
9.440608762859264e+23,32768,logarithmic,3.8916832481919026e-26,0.036739858975153084,1.3332009318769944,1.258622840013009e+24,0.0005494933768612497,5.1875519887294425e+20,0.06387217112628907,-0.11874566337908288
1e+24,32768,logarithmic,3.641631154659173e-26,0.03641631154659173,1.3332197329662725,1.3332197329662726e+24,0.0005354112349391418,5.3541123493914175e+20,0.06223433923204791,-0.11570345544500427
1e+19,131072,exponential,2.5246447057489678e-20,0.2524644705748968,1.2792587617999827,1.2792587617999827e+19,0.03971843298454471,3.971843298454471e+17,4.820788954273114,-8.388252311822686
1.0592537251772854e+19,131072,exponential,2.3610548333370374e-20,0.25009561275600917,1.2805880174833164,1.3564676279365976e+19,0.038781075482058266,4.1078998670751706e+17,4.702051610363456,-8.194833841937832
1.1220184543019653e+19,131072,exponential,2.208094603774994e-20,0.24775228942801292,1.2818866505778983,1.438300478271737e+19,0.037864033537260915,4.2484144383115264e+17,4.586129661107763,-8.005395210591981
1.1885022274370165e+19,131072,exponential,2.065070883173279e-20,0.24543413444667686,1.283155287275943,1.5250329170750431e+19,0.03696694797583188,4.39353000108245e+17,4.472961239707129,-7.819876014182759
1.2589254117941713e+19,131072,exponential,1.9313359352728416e-20,0.2431407887626243,1.2843945446412883,1.616956931018721e+19,0.03608946237836435,4.5433941286112595e+17,4.3624856292761915,-7.638215800483428
1.3335214321633241e+19,131072,exponential,1.8062844320496586e-20,0.24087190027211772,1.2856050305665625,1.7143818615574964e+19,0.035231223229936146,4.698159125845022e+17,4.254643249983547,-7.460354119986312
1.4125375446227497e+19,131072,exponential,1.689350662420259e-20,0.23862712367019284,1.2867873437409065,1.8176354349794103e+19,0.034391880060727846,4.8579821815940614e+17,4.149375646005771,-7.286230575084196
1.496235656094436e+19,131072,exponential,1.5800059258261847e-20,0.23640612030616381,1.2879420736277036,1.9270648535459754e+19,0.03357108557787857,5.0230255255419603e+17,4.046625472307408,-7.115784867108255
1.5848931924611109e+19,131072,exponential,1.4777560983639378e-20,0.23420855804148968,1.2890698004518806,2.0430379513433883e+19,0.03276849578878311,5.193456590283293e+17,3.946336481250401,-6.948956841236642
1.6788040181225658e+19,131072,exponential,1.3821393599564485e-20,0.23203411111002373,1.290171095196288,2.1659444186811195e+19,0.03198377011602421,5.3694481785489894e+17,3.8484535090744787,-6.78568652932432
1.7782794100389229e+19,131072,exponential,1.2927240718352813e-20,0.2298824599806358,1.291246519606766,2.2961970991011324e+19,0.031216571504165357,5.5511786357865024e+17,3.7529224622232293,-6.625914190651194
1.8836490894897943e+19,131072,exponential,1.209106794322803e-20,0.2277532912222072,1.292296626205381,2.4342333633024987e+19,0.030466566518613274,5.7388320282666144e+17,3.6596903035596373,-6.469580350647341
1.9952623149688828e+19,131072,exponential,1.1309104355761367e-20,0.22564629737101102,1.2933219583114823,2.5805165645406573e+19,0.029733425436771963,5.93259832689283e+17,3.568705038479103,-6.316625837627033
2.1134890398366433e+19,131072,exponential,1.0577825225804575e-20,0.22356117680045537,1.2943230500700558,2.7355375803309978e+19,0.029016822331720513,6.132673596897846e+17,3.4799157009161696,-6.166991817554912
2.238721138568347e+19,131072,exponential,9.893935862634483e-21,0.22149763359319266,1.2953004264871184,2.8998164455733068e+19,0.028316435148636448,6.339260193615214e+17,3.3932723392794406,-6.0206198269036175
2.3713737056616554e+19,131072,exponential,9.254356531475668e-21,0.219455377415596,1.2962546034715916,3.073904082515408e+19,0.027631945774198065,6.552566964520198e+17,3.3087260023176635,-5.877451803636868
2.511886431509572e+19,131072,exponential,8.656208364639269e-21,0.2174341233945704,1.2971860878833987,3.2583841332972925e+19,0.026963040099201245,6.772809457743212e+17,3.2262287249225308,-5.737430116356402
2.660725059798814e+19,131072,exponential,8.096800201258017e-21,0.2154335919967129,1.2980953775873423,3.453874901155645e+19,0.026309408074618172,7.000210137260983e+17,3.145733513897242,-5.600497591672804
2.8183829312644493e+19,131072,exponential,7.573616294008343e-21,0.2134535089097943,1.2989829615124302,3.6610314067299783e+19,0.02567074376133564,7.234998604981171e+17,3.0671943336842755,-5.46659753983082
2.9853826189179695e+19,131072,exponential,7.084304825329308e-21,0.21149360492654815,1.2998493197163088,3.880547566293415e+19,0.025046745373803695,7.477411829941761e+17,2.9905660920783728,-5.335673778650518
3.162277660168379e+19,131072,exponential,6.626667179491133e-21,0.20955361583075813,1.3006949234544252,4.1131584991343485e+19,0.024437115317827975,7.72769438485259e+17,2.9158046259246673,-5.207670655822117
3.3496543915782656e+19,131072,exponential,6.198647920443879e-21,0.20763328228562322,1.301520235253638,4.359642971745326e+19,0.02384156022273187,7.98609869021515e+17,2.842866686824852,-5.082533069615113
3.5481338923357606e+19,131072,exponential,5.798325428721138e-21,0.20573234972437748,1.3023257089899463,4.620825986927427e+19,0.02325979096812332,8.252885266264356e+17,2.7717099268472545,-4.960206488038521
3.758374042884435e+19,131072,exponential,5.423903153787815e-21,0.20385056824315148,1.3031117899700204,4.897581526399998e+19,0.022691522705486845,8.528322992982455e+17,2.702292884260493,-4.840636966510303
3.981071705534986e+19,131072,exponential,5.073701441127592e-21,0.20198769249605136,1.3038789150162888,5.190835456015004e+19,0.022136474874823172,8.812689378444465e+17,2.634574969303305,-4.723771164089364
4.216965034285823e+19,131072,exponential,4.7461498960787104e-21,0.20014348159243214,1.3046275125552214,5.501568603212657e+19,0.021594371216561267,9.106270835762707e+17,2.5685164499900326,-4.609556358311362
4.466835921509617e+19,131072,exponential,4.43978024895342e-21,0.19831769899634044,1.3053580027086336,5.830820016928972e+19,0.021064939778953445,9.40936296890661e+17,2.5040784379638747,-4.497940458680949
4.731512589614812e+19,131072,exponential,4.1532196883387195e-21,0.1965101124281076,1.3060707973876773,6.179690420768052e+19,0.020547912921168872,9.722270867681939e+17,2.4412228744137954,-4.388872018877099
5.011872336272715e+19,131072,exponential,3.885184631675508e-21,0.19472049376806377,1.3067663003893335,6.549345870894741e+19,0.02004302731229246,1.0045309412163706e+18,2.3799125160554935,-4.282300247714311
5.308844442309901e+19,131072,exponential,3.6344749042673405e-21,0.19294861896234478,1.3074449074951024,6.941021630781757e+19,0.019550023926433138,1.0378803586887016e+18,2.3201109211824056,-4.178175018905983
5.6234132519034905e+19,131072,exponential,3.399968299787535e-21,0.19119426793077002,1.3081070065717366,7.35602627566331e+19,0.019068648034141683,1.0723088805107578e+18,2.2617824358041494,-4.076446879688655
5.956621435290085e+19,131072,exponential,3.1806154971393176e-21,0.1894572244767589,1.3087529776737574,7.79574604031123e+19,0.018598649190330756,1.1078511243456477e+18,2.204892179868656,-3.9770670583441747
6.309573444801943e+19,131072,exponential,2.9754353101940067e-21,0.18773727619926137,1.3093831931475355,8.261649424553663e+19,0.018139781218888183,1.144542818732139e+18,2.1494060335841336,-3.8799874706759274
6.683439175686135e+19,131072,exponential,2.783510248487776e-21,0.1860342144066705,1.3099980177367894,8.755292071813238e+19,0.017691802194168795,1.1824208387299766e+18,2.0952906238400404,-3.785160725478698
7.0794578438414025e+19,131072,exponential,2.603982368410535e-21,0.18434783403268676,1.3105978086892833,9.2783219368467e+19,0.01725447441954228,1.2215232427078943e+18,2.0425133107344173,-3.692540129048627
7.498942093324558e+19,131072,exponential,2.4360493957770967e-21,0.18267793355410727,1.311182915864527,9.832484759824535e+19,0.016827564403174573,1.2618893103109576e+18,1.9910421742153517,-3.6020796887803463
7.94328234724279e+19,131072,exponential,2.2789611019347e-21,0.18102431491050877,1.311753681842371,1.0419629864909239e+20,0.016410842831207837,1.3035595816450908e+18,1.9408460008452533,-3.5137341158972935
8.413951416451965e+19,131072,exponential,2.1320159167431464e-21,0.1793867834257913,1.3123104420322291,1.1041716302561778e+20,0.016004084538507043,1.3465758977178831e+18,1.8918942706831032,-3.4274588273491613
8.91250938133744e+19,131072,exponential,1.9945577628651614e-21,0.1777651477315517,1.312853524782925,1.1700819355949744e+20,0.015607068477130686,1.3909814421760307e+18,1.8441571442943783,-3.3432099469225096
9.440608762859264e+19,131072,exponential,1.865973096833497e-21,0.1761592196922595,1.3133832514928603,1.239913743303609e+20,0.015219577682675922,1.436820784380876e+18,1.7976054499011296,-3.2609443056127896
1e+20,131072,exponential,1.7456881433219864e-21,0.17456881433219865,1.3138999367205124,1.3138999367205125e+20,0.014841399238651526,1.4841399238651525e+18,1.7522106706576501,-3.1806194412796973
1.0592537251772853e+20,131072,exponential,1.6331663099432888e-21,0.17299374976414697,1.3144038882949978,1.3922872150639849e+20,0.01447232423901628,1.5329863362151516e+18,1.7079449320783313,-3.1021935976457082
1.1220184543019654e+20,131072,exponential,1.5279057707336058e-21,0.17143384711975734,1.3148954074266954,1.4753369126096537e+20,0.014112147749024582,1.583409020424152e+18,1.6647809895949273,-3.0256257226504046
1.1885022274370165e+20,131072,exponential,1.4294372072653172e-21,0.16988893048161777,1.31537478881772,1.5633258664243554e+20,0.013760668764508195,1.6354585477640968e+18,1.6226922162777102,-2.950875466226033
1.2589254117941713e+20,131072,exponential,1.3373216970575257e-21,0.16835882681694256,1.3158423207722652,1.656547335534422e+20,0.013417690169724298,1.6891871122246766e+18,1.581652590687499,-2.8779031774955888
1.333521432163324e+20,131072,exponential,1.2511487396360718e-21,0.16684336591288323,1.3162982853064933,1.7553119745760428e+20,0.01308301869388965,1.7446485825695268e+18,1.5416366848948426,-2.8066699014590357
1.4125375446227496e+20,131072,exponential,1.1705344112291633e-21,0.1653423803134078,1.3167429582581756,1.859948865157299e+20,0.012756464866519627,1.8018985560620006e+18,1.5026196526448432,-2.737137375177523
1.496235656094436e+20,131072,exponential,1.0951196396792019e-21,0.1638557052577313,1.3171766093956991,1.9708066083514184e+20,0.012437842971683512,1.8609944139136448e+18,1.4645772176840932,-2.6692680235013144
1.5848931924611108e+20,131072,exponential,1.0245685917049085e-21,0.16238317862025767,1.3175995025265999,2.0882544819445544e+20,0.012126971001284691,1.921995378510941e+18,1.4274856622382925,-2.6030249543588013
1.678804018122566e+20,131072,exponential,9.585671651654063e-22,0.16092464085200414,1.318011895605335,2.2126836662755764e+20,0.01182367060746661,1.9849625724772623e+18,1.3913218156576423,-2.538371953650631
1.778279410038923e+20,131072,exponential,8.968215794613984e-22,0.15947993492347906,1.3184140408404392,2.3445085427327687e+20,0.011527767054244827,2.0499590796288622e+18,1.3560630432184473,-2.47527347976525
1.8836490894897945e+20,131072,exponential,8.390570576592215e-22,0.15804890626897786,1.3188061848007413,2.484168069213426e+20,0.011239089168456895,2.1170500078858442e+18,1.3216872350864994,-2.413694657746779
1.995262314968883e+20,131072,exponential,7.850165943454581e-22,0.15663140273227072,1.3191885685208808,2.6321272371074594e+20,0.010957469290120524,2.1863025542006318e+18,1.288172795448217,-2.3536012731462774
2.1134890398366433e+20,131072,exponential,7.344598036129279e-22,0.15522727451364968,1.3195614276057706,2.7888786146359902e+20,0.010682743222284682,2.2577860715687862e+18,1.2554986318016326,-2.294959765572946
2.238721138568347e+20,131072,exponential,6.871618419464246e-22,0.15383637411830223,1.3199249923341447,2.954943981663113e+20,0.010414750180454005,2.331572138189089e+18,1.2236441444090085,-2.237737221970526
2.3713737056616553e+20,131072,exponential,6.42912401120051e-22,0.15245855630598878,1.3202794877611332,3.130876061401191e+20,0.010153332741663808,2.407734628841512e+18,1.1925892159222906,-2.1819013696521505
2.5118864315095718e+20,131072,exponential,6.015147665381693e-22,0.15109367804198753,1.3206251338196568,3.317260354752108e+20,0.009898336793277432,2.486349788554555e+18,1.1623142011675691,-2.1274205691020676
2.660725059798814e+20,131072,exponential,5.627849367517938e-22,0.1497415984492788,1.3209621454208489,3.514717083366858e+20,0.009649611481576852,2.567496308635389e+18,1.1327999170921865,-2.074263806568788
2.818382931264449e+20,131072,exponential,5.265508001617321e-22,0.14840217876194636,1.3212907325532126,3.7239032478658744e+20,0.009407009160209336,2.6512554051382313e+18,1.1040276328842191,-2.022400686478776
2.9853826189179696e+20,131072,exponential,4.92651365181004e-22,0.14707528227975789,1.3216111003807087,3.94551480804562e+20,0.009170385338553204,2.7377108998496916e+18,1.0759790602496988,-1.971801423676589
3.1622776601683794e+20,131072,exponential,4.609360403733265e-22,0.14576077432390405,1.3219234493395602,4.180288992299218e+20,0.008939598630061277,2.8269493038714624e+18,1.0486363438570123,-1.9224368355182153
3.3496543915782655e+20,131072,exponential,4.312639613121362e-22,0.14445852219386363,1.3222279752338826,4.429006743909813e+20,0.008714510700635475,2.919059903883941e+18,1.021982051941972,-1.874278333830337
3.54813389233576e+20,131072,exponential,4.0350336111787574e-22,0.14316839512537302,1.3225248693299951,4.692495312326678e+20,0.008494986217085063,3.014134851176466e+18,0.9959991670790869,-1.8272979167566428
3.7583740428844355e+20,131072,exponential,3.775309818300337e-22,0.1418902642494674,1.322814318449522,4.971630998016549e+20,0.008280892795717316,3.1122692535332685e+18,0.9706710771127947,-1.7814681605025529
3.9810717055349857e+20,131072,exponential,3.532315239563725e-22,0.1406240025525718,1.323096505061145,5.2673420599911514e+20,0.008072100951104777,3.213561270066527e+18,0.945981566250409,-1.7367622109952574
4.216965034285823e+20,131072,exponential,3.3049713171552653e-22,0.13936948483761313,1.3233716073710955,5.5806117956505364e+20,0.007868484045073796,3.3181122090912067e+18,0.9219148063116522,-1.6931537754693582
4.466835921509617e+20,131072,exponential,3.0922691165125425e-22,0.13812658768613031,1.32363979941225,5.912481803154422e+20,0.007669918235951884,3.426026629139155e+18,0.8984553481440338,-1.6506171140010961
4.7315125896148124e+20,131072,exponential,2.893264824483986e-22,0.1368951894213567,1.323901251131976,6.264055437137746e+20,0.007476282428112685,3.537412443213117e+18,0.8755881131895071,-1.6091270309912975
5.0118723362727146e+20,131072,exponential,2.7070755392215227e-22,0.1356751700722489,1.3241561284785626,6.636501469227686e+20,0.007287458221853129,3.652381026384884e+18,0.8532983852085785,-1.568658866615602
5.308844442309901e+20,131072,exponential,2.5328753328461267e-22,0.13446641133844,1.3244045934863387,7.031057965499653e+20,0.007103329863633538,3.7710473268444856e+18,0.8315718021640661,-1.5291884882571272
5.6234132519034906e+20,131072,exponential,2.3698915691636653e-22,0.13326879655609314,1.3246468043594395,7.449036393726483e+20,0.006923784196712567,3.8935299805113416e+18,0.8103943482500764,-1.4906922819188484
5.956621435290085e+20,131072,exponential,2.217401459862934e-22,0.1320822106646308,1.3248829155541795,7.891825974039649e+20,0.0067487106122027865,4.019951429321679e+18,0.7897523460841382,-1.453147143645439
6.309573444801943e+20,131072,exponential,2.0747288437091613e-22,0.13090654017431966,1.3251130778600964,8.360898287425834e+20,0.006578001000573572,4.150438043309963e+18,0.7696324490381379,-1.4165304709406246
6.683439175686135e+20,131072,exponential,1.9412411742546793e-22,0.1297416731346868,1.3253374384796268,8.857812157338251e+20,0.006411549703624389,4.285120246606207e+18,0.7500216337245513,-1.3808201542076293
7.079457843841402e+20,131072,exponential,1.8163467025318494e-22,0.12858749910374567,1.325556141106426,9.384218820608029e+20,0.0062492534669493895,4.424132647474793e+18,0.7309071926312916,-1.3459945682147034
7.498942093324558e+20,131072,exponential,1.6994918420754771e-22,0.12744390911801487,1.3257693260023171,9.941867404797304e+20,0.00609101139291363,4.5676141725239465e+18,0.7122767268985308,-1.3120325635901042
7.943282347242789e+20,131072,exponential,1.5901587044446764e-22,0.12631079566329861,1.3259771300729215,1.0532610730155893e+21,0.005936724894158845,4.715708205220877e+18,0.6941181392391416,-1.278913458355413
8.413951416451965e+20,131072,exponential,1.4878627941853657e-22,0.12518805264622135,1.3261796869419173,1.1158411455414769e+21,0.005786297647654031,4.86856272884913e+18,0.6764196270035328,-1.2466170295077794
8.91250938133744e+20,131072,exponential,1.3921508528933412e-22,0.12407557536648824,1.3263771270239655,1.1821348587792493e+21,0.00563963554930638,5.026330474051724e+18,0.6591696753812659,-1.2151235046508169
9.440608762859264e+20,131072,exponential,1.3025988427107348e-22,0.12297326048985299,1.326569577596312,1.2523624378798257e+21,0.005496646669144854,5.18916907110701e+18,0.6423570507471554,-1.1844135536895006
1e+21,131072,exponential,1.2188100602177712e-22,0.12188100602177711,1.3267571628690777,1.3267571628690778e+21,0.0053572412070886965,5.357241207088696e+18,0.6259707941330683,-1.1544682805779805
1.0592537251772854e+21,131072,exponential,1.140413372268688e-22,0.12079871128175983,1.3269400040542094,1.4055661423811835e+21,0.005221331449310062,5.530714788066998e+18,0.6100002148453632,-1.125269215146396
1.1220184543019653e+21,131072,exponential,1.0670615658706383e-22,0.11972627687832084,1.3271182194331572,1.4890511332443674e+21,0.005088831725200777,5.70976310651258e+18,0.5944348842108482,-1.0967983049966046
1.1885022274370166e+21,131072,exponential,9.984298047174326e-23,0.11866360468461741,1.3272919244232626,1.577489408636212e+21,0.0049596583649504635,5.894565014070258e+18,0.5792646294452863,-1.0690379074669965
1.2589254117941712e+21,131072,exponential,9.34214185470028e-23,0.11761059781468113,1.3274612316428283,1.6711746776867453e+21,0.0048337296577418785,6.085305099874393e+18,0.5644795276658954,-1.04197078169318
1.333521432163324e+21,131072,exponential,8.741303873245735e-23,0.11656716060025463,1.327626250974978,1.7704180595777775e+21,0.004710965810570259,6.282173874584106e+18,0.5500699000163367,-1.015580080738665
1.4125375446227498e+21,131072,exponential,8.179124088278154e-23,0.1155331985682121,1.3277870896302482,1.8755491153680977e+21,0.004591288907689782,6.485367960321791e+18,0.5360263059217107,-0.9898493438188383
1.4962356560944358e+21,131072,exponential,7.653113862922412e-23,0.11450861841855137,1.3279438522079186,1.9869169409648875e+21,0.004474622870691048,6.695090286703587e+18,0.522339537473937,-0.9647624886222506
1.584893192461111e+21,131072,exponential,7.16094488529515e-23,0.11349332800293495,1.3280966407561283,2.1048913248648574e+21,0.004360893419212626,6.911550293158548e+18,0.509000613918853,-0.9403038037065437
1.678804018122566e+21,131072,exponential,6.700438829635894e-23,0.11248723630377201,1.3282455548308185,2.229863974503415e+21,0.004250028032286873,7.134964137736745e+18,0.49600077628222383,-0.9164579410092077
1.7782794100389228e+21,131072,exponential,6.269557685053629e-23,0.11149025341382161,1.328390691553449,2.362249815276864e+21,0.004141955910322509,7.365554912615541e+18,0.48333148210015775,-0.8932099084436596
1.8836490894897945e+21,131072,exponential,5.86639470869993e-23,0.11050229051630373,1.3285321456675085,2.5024883665445255e+21,0.004036607937722666,7.603552866518577e+18,0.47098440026656085,-0.8705450625966948
1.995262314968883e+21,131072,exponential,5.489165962983391e-23,0.10952325986550639,1.3286700095939465,2.651045199172146e+21,0.003933916646138386,7.8491956342687e+18,0.4589514059963662,-0.848449101529547
2.1134890398366433e+21,131072,exponential,5.1362023990558384e-23,0.10855307476787188,1.3288043734853725,2.8084134794483325e+21,0.003833816178356301,8.102728473704448e+18,0.44722457589745357,-0.8269080576790988
2.238721138568347e+21,131072,exponential,4.8059424512493596e-23,0.10759164956354919,1.3289353252791725,2.9751156044926854e+21,0.003736242252818105,8.364404510196113e+18,0.43579618314795177,-0.8059082908585036
2.3713737056616553e+21,131072,exponential,4.4969251094334994e-23,0.10663889960840262,1.329062950749519,3.151704934576501e+21,0.003641132128769753,8.634484989004441e+18,0.4246586927868279,-0.7854364813693504
2.5118864315095717e+21,131072,exponential,4.2077834383993386e-23,0.1056947412564599,1.32918733355824,3.33876762809933e+21,0.0035484245720368694,8.913239535734571e+18,0.4138047571053294,-0.7654796232134831
2.660725059798814e+21,131072,exponential,3.937238515380893e-23,0.1047590918427902,1.3293085553046444,3.536924585304025e+21,0.0034580598214232075,9.20094642514414e+18,0.4032272111407442,-0.7460250174109562
2.818382931264449e+21,131072,exponential,3.684093758693601e-23,0.10383186966679932,1.329426695574277,3.7468335071738415e+21,0.0033699795557278825,9.497892858573615e+18,0.39291906827556566,-0.7270602654276481
2.9853826189179696e+21,131072,exponential,3.44722962221935e-23,0.10291299397592807,1.3295418319866341,3.969191076337253e+21,0.0032841268613769212,9.804375250276284e+18,0.3828735159289387,-0.7085732627027941
3.1622776601683794e+21,131072,exponential,3.225598632104831e-23,0.10200238494974792,1.3296540402418084,4.2047352672092983e+21,0.003200446200664326,1.0120699522931565e+19,0.37308391135191243,-0.6905521922894398
3.3496543915782654e+21,131072,exponential,3.018220743567524e-23,0.10109996368443575,1.329763394166194,4.4542477930288115e+21,0.0031188833805973963,1.0447181412638536e+19,0.36354377751366407,-0.672985518596958
3.5481338923357606e+21,131072,exponential,2.824178997136373e-23,0.10020565217762384,1.3298699657571094,4.718556697902197e+21,0.003039385522340621,1.0784146783691387e+19,0.3542467990846898,-0.6558619812437994
3.7583740428844353e+21,131072,exponential,2.642615454990329e-23,0.09931937331360895,1.3299738252265438,4.998539102447163e+21,0.0029619010312526726,1.1131931953452685e+19,0.3451868185072815,-0.6391705890115063
3.9810717055349854e+21,131072,exponential,2.4727273993093134e-23,0.09844105084891418,1.3300750410438311,5.295124112137881e+21,0.0028863795675096106,1.1490884027646818e+19,0.3363578321614824,-0.6229006139109705
4.2169650342858226e+21,131072,exponential,2.3137637757225767e-23,0.0975706093981925,1.3301736799774615,5.609295897992255e+21,0.002812772017308688,1.1861361246408335e+19,0.32775398661466504,-0.6070415853491551
4.4668359215096167e+21,131072,exponential,2.1650218660321064e-23,0.09670797442045993,1.3302698071359431,5.9420969598145e+21,0.002741030464645625,1.2243733341431273e+19,0.3193695749573289,-0.5915832844009761
4.731512589614812e+21,131072,exponential,2.025844175413204e-23,0.09585307220565413,1.330363486007727,6.294631582809409e+21,0.0026711081636585105,1.2638381904573145e+19,0.31119903322829323,-0.5765157381904751
5.011872336272714e+21,131072,exponential,1.895615520250074e-23,0.09500582986150555,1.3304547785002818,6.668069499027405e+21,0.0026029595115315556,1.3045700768282941e+19,0.30323693691884923,-0.5618292143716452
5.308844442309901e+21,131072,exponential,1.7737603036591964e-23,0.09416617530071046,1.3305437449782411,7.063649765777937e+21,0.002536540021951335,1.346609639823298e+19,0.2954779975555377,-0.5475142157097546
5.623413251903491e+21,131072,exponential,1.659739966590794e-23,0.09333403722840528,1.3306304443007475,7.482684873867053e+21,0.0024718062991080274,1.3899988298542606e+19,0.2879170593725666,-0.5335614747752571
5.956621435290085e+21,131072,exponential,1.5530506031800175e-23,0.09250934512992288,1.3307149338578879,7.926565099278523e+21,0.0024087160122345385,1.4347809430002706e+19,0.2805490960469115,-0.5199619487234353
6.309573444801943e+21,131072,exponential,1.4532207297526908e-23,0.09169202925883278,1.3307972696063635,8.396763112723243e+21,0.0023472278706755086,1.48100066417132e+19,0.2733692075252536,-0.5067068141903719
6.683439175686135e+21,131072,exponential,1.35980919757411e-23,0.09088202062525134,1.3308775061042868,8.894838862336854e+21,0.0022873015994788835,1.5287041116566727e+19,0.26637261691579983,-0.49378746227841663
7.079457843841402e+21,131072,exponential,1.2724032400698072e-23,0.09007925098441412,1.3309556965452345,9.422444745712558e+21,0.0022288979155021156,1.5779388831023202e+19,0.2595546674486471,-0.4811954936355778
7.498942093324559e+21,131072,exponential,1.1906166458464926e-23,0.08928365282551162,1.3310318927914795,9.981331088411487e+21,0.002171978504024833,1.6287541029627924e+19,0.25291081953326966,-0.46892271365766014
7.943282347242789e+21,131072,exponential,1.1140880494004289e-23,0.0884951593607658,1.3311061454064907,1.057335194711377e+22,0.002116505995860983,1.6812004714756065e+19,0.24643664785037878,-0.4569611277512764
8.413951416451964e+21,131072,exponential,1.0424793319253779e-23,0.08771370451475431,1.331178503686639,1.1200471256644603e+22,0.0020624439449616725,1.7353303152063042e+19,0.24012783853566422,-0.4453029367149419
8.912509381337441e+21,131072,exponential,9.754741251214594e-24,0.0869392229139694,1.3312490156922334,1.1864769341253264e+22,0.002009756806501198,1.7911976392148701e+19,0.23398018642195595,-0.4339405322058565
9.440608762859265e+21,131072,exponential,9.127764113646775e-24,0.08617164987660607,1.3313177282777493,1.256844981172881e+22,0.001958409915437984,1.8488581808954302e+19,0.22798959235170724,-0.4228664923034975
1e+22,131072,exponential,8.541092140258587e-24,0.08541092140258587,1.3313846871214519,1.3313846871214518e+22,0.0019083694655419176,1.9083694655419175e+19,0.22215206060525183,-0.4120735772164541
1.0592537251772853e+22,131072,exponential,7.99213372127276e-24,0.0846569741637317,1.3314499367542372,1.4103433053939868e+22,0.001859602488885854,1.9697908637012922e+19,0.21646369611916239,-0.40155472480846166
1.1220184543019653e+22,131072,exponential,7.478463939034422e-24,0.08390974549428389,1.3315135205878557,1.4939827422521538e+22,0.001812076835778019,2.033183650356049e+19,0.2109207023096582,-0.3913030467530887
1.1885022274370165e+22,131072,exponential,6.997813841783344e-24,0.08316917338149091,1.3315754809424536,1.5825804251006226e+22,0.001765761155148206,2.098611066015402e+19,0.20551937841688517,-0.3813118242406932
1.2589254117941714e+22,131072,exponential,6.548060408041151e-24,0.08243519645646316,1.3316358590734618,1.676430222243943e+22,0.0017206248753640515,2.1661383797609832e+19,0.2002561171720041,-0.3715745040342222
1.3335214321633241e+22,131072,exponential,6.12721715710689e-24,0.08170775398520871,1.3316946951978603,1.7758434171445521e+22,0.0016766381854760324,2.2358329543157158e+19,0.19512740247507043,-0.36208469456342485
1.4125375446227496e+22,131072,exponential,5.733425364030572e-24,0.08098678585985539,1.3317520285198183,1.8811497404117503e+22,0.0016337720168821182,2.3077643132000248e+19,0.19012980712167504,-0.3528361620954601
1.4962356560944358e+22,131072,exponential,5.364945840121808e-24,0.08027223259005767,1.331807897255714,1.992698462942154e+22,0.0015919980254043948,2.3820042100419908e+19,0.18525999059029186,-0.3438228269937893
1.584893192461111e+22,131072,exponential,5.020151242559694e-24,0.07956403529458046,1.3318623386585893,2.1108595538353327e+22,0.0015512885737700363,2.4586267001108365e+19,0.18051469688045163,-0.3350387600552951
1.6788040181225657e+22,131072,exponential,4.697518879020118e-24,0.07886213569305585,1.3319153890419788,2.2360249069229543e+22,0.0015116167144887543,2.537708214144952e+19,0.17589075240325158,-0.3264781789267923
1.7782794100389228e+22,131072,exponential,4.395623975435794e-24,0.07816647609790908,1.3319670838032265,2.368609639976866e+22,0.0014729561731193865,2.619327634547932e+19,0.1713850639229353,-0.3181354445997764
1.8836490894897943e+22,131072,exponential,4.1131333770576405e-24,0.07747699940644708,1.332017457446207,2.5090534709030585e+22,0.0014352813319179203,2.7035663740288897e+19,0.16699461655096393,-0.31000505798488565
1.995262314968883e+22,131072,exponential,3.848799654911757e-24,0.0767936490931067,1.3320665436034729,2.6578221754828634e+22,0.0013985672138596278,2.7905084567651414e+19,0.16271647178214277,-0.3020816565546647
2.1134890398366432e+22,131072,exponential,3.601455591543673e-24,0.07611636920185946,1.332114375057962,2.8154091314938422e+22,0.0013627894670278486,2.8802406021681783e+19,0.15854776559067751,-0.2943600110731359
2.238721138568347e+22,131072,exponential,3.370009021624316e-24,0.07544510433876389,1.3321609837640997,2.9823369543286948e+22,0.0013279243493622478,2.9728523113368826e+19,0.15448570655891558,-0.2868350223841465
2.371373705661655e+22,131072,exponential,3.15343800456802e-24,0.0747797996646676,1.3322064008684336,3.1591592295335536e+22,0.0012939487137592803,3.0684359562834764e+19,0.1505275740598444,-0.2795017182797954
2.511886431509572e+22,131072,exponential,2.950786307783275e-24,0.07412040088805036,1.332250656729734,3.3464623480091353e+22,0.0012608399935177103,3.167086872021753e+19,0.14667071648464258,-0.2723552504392268
2.660725059798814e+22,131072,exponential,2.7611591805566588e-24,0.0734668542580066,1.3322937809386868,3.544867449957675e+22,0.0012285761881222885,3.268903451609075e+19,0.14291254950911103,-0.2653908914322378
2.8183829312644493e+22,131072,exponential,2.5837193998579133e-24,0.07281910655736369,1.3323358023369996,3.7550324840191247e+22,0.0011971358493585488,3.373987244236903e+19,0.13925055440398015,-0.25860403179185365
2.9853826189179694e+22,131072,exponential,2.4176835705598904e-24,0.07217710509593032,1.3323767490361258,3.977654388422879e+22,0.0011664980677519028,3.4824430564679262e+19,0.13568227639062513,-0.25199017715716865
3.1622776601683792e+22,131072,exponential,2.2623186636959035e-24,0.07154079770387536,1.3324166484355324,4.213471401384109e+22,0.0011366424593243166,3.594379056720132e+19,0.13220532303257482,-0.24554494547663896
3.3496543915782655e+22,131072,exponential,2.1169387774306406e-24,0.0709101327252287,1.3324555272404708,4.463265508403776e+22,0.0011075491526619252,3.709906883102804e+19,0.1288173626673217,-0.23926406427611235
3.5481338923357603e+22,131072,exponential,1.980902106409423e-24,0.07028505901150572,1.3324934114793576,4.727865034584009e+22,0.0010791987762869882,3.829141754711141e+19,0.12551612287881042,-0.233143367991262
3.7583740428844353e+22,131072,exponential,1.8536081060729973e-24,0.06966552591544932,1.3325303265207176,5.008147390551786e+22,0.0010515724463278002,3.952202586490891e+19,0.12229938900503168,-0.22717879535912866
3.981071705534985e+22,131072,exponential,1.7344948393891674e-24,0.06905148328488663,1.3325662970897203,5.3050419810934125e+22,0.0010246517544801035,4.0792121077875204e+19,0.11916500268649433,-0.22136638687362264
4.2169650342858225e+22,131072,exponential,1.6230364942613332e-24,0.06844288145669884,1.3326013472843126,5.619533286140125e+22,0.0009984187562539033,4.2102969846978494e+19,0.11611086044498453,-0.21570228229441657
4.466835921509617e+22,131072,exponential,1.5187410606291499e-24,0.06783967125089901,1.332635500590932,5.952664124318525e+22,0.0009728559594993693,4.345587946346488e+19,0.1131349122998504,-0.21018271821586776
4.7315125896148125e+22,131072,exponential,1.4211481569848724e-24,0.06724180396481812,1.332668779899883,6.3055391098829084e+22,0.0009479463132058526,4.485219915212438e+19,0.11023516042472092,-0.20480402569901246
5.011872336272714e+22,131072,exponential,1.3298269966900106e-24,0.06664923136739291,1.3327012075202713,6.67932831448809e+22,0.0009236731965681391,4.629332141636446e+19,0.1074096578228323,-0.19956262794383894
5.308844442309901e+22,131072,exponential,1.2443744850962845e-24,0.06606190569355655,1.3327328051946574,7.075271145941741e+22,0.0009000204083138547,4.7780683426424955e+19,0.10465650705380192,-0.19445503803459108
5.623413251903491e+22,131072,exponential,1.1644134390543307e-24,0.06547977963872641,1.3327635941132385,7.49468045679091e+22,0.0008769721562866081,4.931576845212491e+19,0.1019738589751018,-0.18947785672137618
5.9566214352900855e+22,131072,exponential,1.0895909209349859e-24,0.06490280635338802,1.3327935949277792,7.93894689636414e+22,0.0008545130472789141,5.09001073415663e+19,0.09935991152378865,-0.1846277702625021
6.309573444801943e+22,131072,exponential,1.0195766797955576e-24,0.06433093943777383,1.3328228277651808,8.409543520693018e+22,0.0008326280771094971,5.253528004726587e+19,0.09681290853005287,-0.17990154831959426
6.683439175686135e+22,131072,exponential,9.540616927973463e-25,0.06376413293663215,1.3328513122406578,8.908030675593885e+22,0.0008113026209395478,5.422291720124212e+19,0.09433113855490394,-0.17529604189669978
7.079457843841402e+22,131072,exponential,8.927568004245667e-25,0.06320234133408452,1.3328790674706323,9.43606116909698e+22,0.0007905224238224968,5.596470174062693e+19,0.09191293375789833,-0.17080818132958475
7.498942093324558e+22,131072,exponential,8.353914294702562e-25,0.06264551954857078,1.3329061120853267,9.995385750366238e+22,0.0007702735914821554,5.7762370585418195e+19,0.08955666879404411,-0.16643497432354826
7.94328234724279e+22,131072,exponential,7.817123981427208e-25,0.06209362292787901,1.3329324642410094,1.058785891327244e+23,0.0007505425813138975,5.961771637004718e+19,0.0872607597431907,-0.1621735040428396
8.413951416451964e+22,131072,exponential,7.314827980098988e-25,0.06154660724425634,1.3329581416319607,1.1215445043855413e+23,0.0007313161936040877,6.153258923049372e+19,0.08502366305396247,-0.15802092723362637
8.91250938133744e+22,131072,exponential,6.844809478388211e-25,0.06100442868960236,1.3329831615021297,1.188022493205257e+23,0.0007125815629625465,6.350889864871792e+19,0.08284387452754949,-0.15397447240508289
9.440608762859264e+22,131072,exponential,6.4049941470538365e-25,0.06046704387073875,1.3330075406564699,1.2584402669278947e+23,0.000694326149963348,6.5548615356263195e+19,0.08071992831584218,-0.15003143804293018
1e+23,131072,exponential,5.993440980475857e-25,0.059934409804758566,1.3330312954721026,1.3330312954721025e+23,0.0006765377329890792,6.7653773298907914e+19,0.07865039595613688,-0.14618919087756588
1.0592537251772854e+23,131072,exponential,5.608333726133816e-25,0.0594064839144465,1.3330544419090467,1.4120428834562848e+23,0.0006592044002740116,6.982647166435051e+19,0.07663388541665483,-0.1424451641801494
1.1220184543019653e+23,131072,exponential,5.2479728651529e-25,0.058883224023775126,1.333076995520817,1.495736989979775e+23,0.0006423145421414631,7.206887697492389e+19,0.07466904017416898,-0.1387968561080699
1.1885022274370166e+23,131072,exponential,4.910768108473317e-25,0.05836458835347202,1.333098971464685,1.584391096979774e+23,0.0006258568434309403,7.438322524743726e+19,0.0727545383190531,-0.13524182809451224
1.2589254117941714e+23,131072,exponential,4.59523137547981e-25,0.057850535516654165,1.3331203845117077,1.6782991290426056e+23,0.0006098202761106796,7.677182422230727e+19,0.07088909166803603,-0.13177770326225913
1.3335214321633241e+23,131072,exponential,4.299970224063909e-25,0.05734102451453354,1.3331412490564862,1.777772427717808e+23,0.0005941940920712055,7.9237055664178e+19,0.06907144491512529,-0.12840216489165002
1.4125375446227497e+23,131072,exponential,4.023681703084656e-25,0.05683601473218684,1.3331615791267246,1.8831407835650513e+23,0.0005789678160957241,8.178137773634498e+19,0.06730037479518725,-0.12511295491720587
1.4962356560944359e+23,131072,exponential,3.765146600064354e-25,0.05633546593439023,1.3331813883924963,1.9947535293543378e+23,0.0005641312390032674,8.440732745134208e+19,0.06557468926835508,-0.12190787246012524
1.584893192461111e+23,131072,exponential,3.5232240587019138e-25,0.055839338261518684,1.3332006901753235,2.112980698043325e+23,0.0005496744109604386,8.711752320012703e+19,0.06389322672930575,-0.1187847724014035
1.6788040181225658e+23,131072,exponential,3.2968465424214067e-25,0.055347592225505456,1.3332194974569789,2.238214249370124e+23,0.0005355876349578661,8.991466736240276e+19,0.06225485523341234,-0.1157415639860937
1.7782794100389228e+23,131072,exponential,3.08501512170476e-25,0.05486018870586296,1.3332378228881459,2.37086936912711e+23,0.0005218614604475028,9.28015490006636e+19,0.06065847173961636,-0.11277620945923106
1.8836490894897944e+23,131072,exponential,2.8867950643870705e-25,0.05437708894576338,1.3332556787967853,2.5113858454226624e+23,0.0005084866771368498,9.578104664065181e+19,0.05910300138276536,-0.1098867227451894
1.9952623149688827e+23,131072,exponential,2.701311709433836e-25,0.053898254548175054,1.3332730771963104,2.6602295264923962e+23,0.0004954543089365897,9.88561311410128e+19,0.057587396750502506,-0.1070711681457337
2.1134890398366435e+23,131072,exponential,2.5277466059718365e-25,0.05342364747205751,1.333290029793599,2.8178938648922432e+23,0.0004827556080578076,1.0202986865498507e+20,0.05611063718904408,-0.10432765908052755
2.238721138568347e+23,131072,exponential,2.3653339005175638e-25,0.052953230028609896,1.3333065479967272,2.9849015531918657e+23,0.0004703820492553329,1.0530542368710112e+20,0.054671728119704,-0.1016543568516326
2.371373705661655e+23,131072,exponential,2.2133569564452097e-25,0.0524869648775748,1.3333226429226335,3.1618062565900374e+23,0.00045832532421372107,1.0868606224792712e+20,0.05326970037820011,-0.09904946944396809
2.5118864315095718e+23,131072,exponential,2.071145190761206e-25,0.05202481502359377,1.3333383254044369,3.3491944481950994e+23,0.00044657733607242724,1.12175155110002e+20,0.05190360956490725,-0.09651125034957353
2.660725059798814e+23,131072,exponential,1.9380711142140574e-25,0.051566743812615515,1.3333536059986406,3.547687353053697e+23,0.0004351301940868792,1.1577618116820812e+20,0.05057253541920215,-0.09403799742833119
2.818382931264449e+23,131072,exponential,1.8135475616658745e-25,0.05111271492835362,1.33336849499227,3.757943007371981e+23,0.0004239762084222081,1.1949273090793698e+20,0.049275581199648144,-0.09162805178680733
2.9853826189179693e+23,131072,exponential,1.697025100493034e-25,0.050662692388794235,1.3333830024095719,3.9806584397541924e+23,0.00041310788507637836,1.2332850998449819e+20,0.04801187308649535,-0.08927979669144381
3.162277660168379e+23,131072,exponential,1.5879896055705267e-25,0.05021664054275273,1.333397138018813,4.216571981689345e+23,0.0004025179209296832,1.2728734291733592e+20,0.046780559601455884,-0.08699165651068208
3.3496543915782654e+23,131072,exponential,1.4859599901297262e-25,0.04977452406647633,1.3334109113387145,4.466465714944102e+23,0.0003921991989175232,1.3137317690275593e+20,0.045580811034029445,-0.08476209567510606
3.5481338923357603e+23,131072,exponential,1.3904860824690013e-25,0.0493363079602944,1.3334243316448269,4.7311680639741695e+23,0.00038214478332349017,1.355900857489381e+20,0.044411818888634436,-0.08258961766954842
3.758374042884436e+23,131072,exponential,1.3011466391403438e-25,0.0489019575453139,1.333437407975755,5.0115565419471805e+23,0.00037234791518986744,1.3994227393717332e+20,0.04327279534537265,-0.08047276404983261
3.9810717055349855e+23,131072,exponential,1.2175474858382348e-25,0.04847143846015855,1.3334501491390987,5.308560659479072e+23,0.00036280200784267243,1.4443408081337452e+20,0.042162972730253045,-0.07841011347974325
4.2169650342858225e+23,131072,exponential,1.1393197777815935e-25,0.04804471665775273,1.3334625637174131,5.623165005725462e+23,0.00035350064252850433,1.4906998491402745e+20,0.04108160300433372,-0.07640028079711758
4.466835921509616e+23,131072,exponential,1.0661183719068093e-25,0.047621758402146844,1.333474660073874,5.956412512040806e+23,0.0003444375641604395,1.5385460843091244e+20,0.04002795725996933,-0.07444191609763395
4.731512589614813e+23,131072,exponential,9.976203036845079e-26,0.04720253026538602,1.3334864463579348,6.309407909023286e+23,0.000335606677170331,1.5879272181902154e+20,0.039001325237952855,-0.0725337038492424
5.011872336272715e+23,131072,exponential,9.335233618343313e-26,0.04678699912441789,1.33349793051069,6.683321388403443e+23,0.0003270020414649773,1.6388924855230228e+20,0.038001014844857295,-0.07067436201652066
5.308844442309901e+23,131072,exponential,8.735447546446581e-26,0.04637513215804259,1.333509120270241,7.079392481916235e+23,0.00031861786848349843,1.6914927003192476e+20,0.03702635169835489,-0.06886264122296648
5.623413251903491e+23,131072,exponential,8.174198620089128e-26,0.04596689684390043,1.3335200231768414,7.4989341700113e+23,0.00031044851735360734,1.7457803065200663e+20,0.036076678666896456,-0.06709732391630974
5.956621435290085e+23,131072,exponential,7.64901067668402e-26,0.04556226095549875,1.3335306465779364,7.943337234022382e+23,0.00030248849114421965,1.8018094302782138e+20,0.035151355433860054,-0.06537722356804165
6.309573444801942e+23,131072,exponential,7.157566665062433e-26,0.04516119255927752,1.333540997633105,8.414074866220529e+23,0.0002947324332121069,1.8596359339169717e+20,0.034249758069448966,-0.06370118388928647
6.683439175686135e+23,131072,exponential,6.697698420681e-26,0.044763660011710546,1.3335510833188027,8.91270755303157e+23,0.0002871751236403091,1.9193174716201514e+20,0.03337127860922884,-0.06206807806201642
7.079457843841402e+23,131072,exponential,6.267377097957046e-26,0.044369631956443965,1.3335609104330552,9.440888247605574e+23,0.00027981147576597765,1.980913546908289e+20,0.03251532464809692,-0.06047680799422528
7.498942093324558e+23,131072,exponential,5.864704217494957e-26,0.043979077321471,1.3335704856000221,1.0000367848881278e+24,0.00027263653279551955,2.044485571958383e+20,0.031681318946508163,-0.05892630359587425
7.94328234724279e+23,131072,exponential,5.487903288679044e-26,0.0435919653163399,1.333579815274404,1.0593001005308474e+24,0.00026564546450487365,2.1100969288266737e+20,0.03086869903436984,-0.05741552206016687
8.413951416451965e+23,131072,exponential,5.13531197065301e-26,0.043208265429398623,1.3335889057457817,1.1220752262464346e+24,0.00025883356402278836,2.1778130326348507e+20,0.030076916844468116,-0.05594344718264921
8.912509381337441e+23,131072,exponential,4.805374737080464e-26,0.04282794742507157,1.3335977631428153,1.1885702574940968e+24,0.0002521962446951183,2.2477013967833144e+20,0.02930543833634669,-0.05450908867847826
9.440608762859264e+23,131072,exponential,4.4966360123065773e-26,0.042450981341170015,1.3336063934373625,1.2590056204089904e+24,0.00024572903702806825,2.3198317002561497e+20,0.02855374314254533,-0.053111481529333204
1e+24,131072,exponential,4.207733748623542e-26,0.04207733748623542,1.333614802448456,1.333614802448456e+24,0.0002394275857084928,2.3942758570849282e+20,0.02782132421794703,-0.05174968534106261
1e+19,131072,power,2.578282523409394e-20,0.2578282523409394,1.2315812260247236,1.2315812260247237e+19,0.07251194169198731,7.251194169198732e+17,9.138422906179656,-15.017274978829075
1.0592537251772854e+19,131072,power,2.410130560273732e-20,0.25529397741335685,1.2339558920902085,1.3070723754010139e+19,0.07091475687230402,7.511672038702953e+17,8.920497380841862,-14.700605903484076
1.1220184543019653e+19,131072,power,2.2529930811131256e-20,0.25278998144235715,1.2362808745249383,1.3871299559175533e+19,0.0693474901544985,7.780916371287116e+17,8.70743978510724,-14.389253239224987
1.1885022274370165e+19,131072,power,2.1061448053822275e-20,0.2503157792501679,1.2385569753367573,1.47202772399539e+19,0.06780979524460504,8.05920926902611e+17,8.499154701126809,-14.08318273785466
1.2589254117941713e+19,131072,power,1.9689085044829024e-20,0.24787089497911838,1.2407849939122075,1.5620557594089542e+19,0.06630132129729624,8.346841821669632e+17,8.295548088568516,-13.782358076336898
1.3335214321633241e+19,131072,power,1.8406517961535377e-20,0.24545486193206606,1.2429657265207892,1.6575214357599293e+19,0.06482171330993344,8.644114396834286e+17,8.096527280639588,-13.486740951246112
1.4125375446227497e+19,131072,power,1.7207841542995823e-20,0.24306722241400666,1.245099965842386,1.7587504485608735e+19,0.0633706125094967,8.951336939540419e+17,7.902000979717894,-13.19629117289869
1.496235656094436e+19,131072,power,1.608754119676619e-20,0.24070752757489727,1.247188500517451,1.866087904345164e+19,0.0619476567319837,9.268829281389253e+17,7.711879252556342,-12.91096675896558
1.5848931924611109e+19,131072,power,1.5040466978318252e-20,0.23837533725372734,1.2492321147196745,1.9798994744230097e+19,0.06055248079387743,9.59692145968485e+17,7.526073525077104,-12.63072402741222
1.6788040181225658e+19,131072,power,1.4061809316365452e-20,0.2360702198238765,1.2512315877506988,2.100572617117751e+19,0.05918471685531535,9.935954046814976e+17,7.344496576759441,-12.355517688610096
1.7782794100389229e+19,131072,power,1.31470763660632e-20,0.23379175203979533,1.2531876936564754,2.2285178725434753e+19,0.05784399477464639,1.0286278490215272e+18,7.167062534603663,-12.085300936457354
1.8836490894897943e+19,131072,power,1.2292072880079405e-20,0.23153951888503765,1.255101200864908,2.3641702342267314e+19,0.05652994245407563,1.0648257463253002e+18,6.993686866693838,-11.820025538383605
1.9952623149688828e+19,131072,power,1.1492880495027267e-20,0.22931311342168825,1.2569728718442383,2.5079906021290197e+19,0.05524218617614228,1.1022265227375165e+18,6.824286375346689,-11.559641924095986
2.1134890398366433e+19,131072,power,1.0745839337722441e-20,0.22711213664121832,1.2588034627817593,2.660467321897662e+19,0.05398035093080239,1.140868800587866e+18,6.6587791898607085,-11.304099272952406
2.238721138568347e+19,131072,power,1.0047530862224505e-20,0.22493619731679848,1.2605937232824291,2.822117815458951e+19,0.052744060732920796,1.1807924369672248e+18,6.497084758869143,-11.053345599848374
2.3713737056616554e+19,131072,power,9.394761834679048e-21,0.22278491185711546,1.2623443960867926,2.993490308369562e+19,0.05153293893000894,1.2220385635409108e+18,6.339123842300931,-10.807327839511716
2.511886431509572e+19,131072,power,8.784549388608254e-21,0.2206579041617078,1.2640562168077771,3.1751656596647772e+19,0.050346608500075135,1.2646496276386322e+18,6.184818502957934,-10.56599192911264
2.660725059798814e+19,131072,power,8.214107078556814e-21,0.2185548054778694,1.2657299136858349,3.3677593002808906e+19,0.0491846923394786,1.3086694346614546e+18,6.034092097719124,-10.329282889104475
2.8183829312644493e+19,131072,power,7.68083186488882e-21,0.2164752542591474,1.267366207361922,3.5719232864902017e+19,0.048046813540707896,1.3541431918477676e+18,5.886869268379202,-10.097144902217615
2.9853826189179695e+19,131072,power,7.182291967090146e-21,0.21441889602545075,1.2689658106677821,3.7883484751687475e+19,0.04693259566003798,1.4011175534418232e+18,5.743075932125219,-9.869521390533354
3.162277660168379e+19,131072,power,6.716215527181626e-21,0.2123853832248245,1.270529428432978,4.017766828120106e+19,0.04584166297502858,1.449640667309008e+18,5.602639271678789,-9.646355090590642
3.3496543915782656e+19,131072,power,6.280480028799835e-21,0.21037437509688958,1.2720577573081948,4.260953853108594e+19,0.04477364073186966,1.499762223044547e+18,5.465487725090634,-9.427588126454156
3.5481338923357606e+19,131072,power,5.8731024211945195e-21,0.2083855375379949,1.2735514856042296,4.518731189706926e+19,0.043728155382587876,1.5515335016228447e+18,5.331550975225707,-9.213162080720716
3.758374042884435e+19,131072,power,5.492229900823595e-21,0.20641854296809153,1.2750112931461604,4.791969348545046e+19,0.04270483481216193,1.60500742663697e+18,5.2007599389228165,-9.003018063403534
3.981071705534986e+19,131072,power,5.136131306428826e-21,0.20447307019936242,1.2764378511421703,5.081590613055972e+19,0.041703308555596334,1.6602386171787965e+18,5.073046755870503,-8.797096778688108
4.216965034285823e+19,131072,power,4.803189086459251e-21,0.20254880430661926,1.2778318220664542,5.388572113351981e+19,0.040723208005051095,1.71728344241249e+18,4.948344777183933,-8.595338589513569
4.466835921509617e+19,131072,power,4.4918918004869005e-21,0.20064543649949396,1.2791938595557222,5.713949082438028e+19,0.03976416660710784,1.7762000778952248e+18,4.8265885537188025,-8.397683579980718
4.731512589614812e+19,131072,power,4.200827118852015e-21,0.19876266399643627,1.2805246083187622,6.0588183055718e+19,0.03882582005030112,1.8370485637011896e+18,4.707713824121718,-8.204071615565034
5.011872336272715e+19,131072,power,3.9286752871876065e-21,0.19690018990053829,1.2818247040585382,6.424341774221948e+19,0.037907806443037914,1.899890864406423e+18,4.591657502636615,-8.014442401134236
5.308844442309901e+19,131072,power,3.674203024723113e-21,0.19505772307719524,1.2830947734063145,6.811750556754994e+19,0.03700976648204983,1.9647909309941747e+18,4.4783576666781455,-7.828735536768317
5.6234132519034905e+19,131072,power,3.4362578273650486e-21,0.1932349780336171,1.2843354338672952,7.222348898698567e+19,0.036131343611541175,2.0318147647421916e+18,4.367753544186215,-7.646890571388488
5.956621435290085e+19,131072,power,3.2137626485051537e-21,0.19143167480020434,1.285547293777324,7.657518566193168e+19,0.03527218417319141,2.1010304831553162e+18,4.259785500782498,-7.468847054210748
6.309573444801943e+19,131072,power,3.0057109323298068e-21,0.1896475388137904,1.2867309522700574,8.118723447047871e+19,0.034431937547203036,2.172508388009112e+18,4.154395026727764,-7.294544584026818
6.683439175686135e+19,131072,power,2.8111619761015708e-21,0.18788230080276488,1.287886999254258,8.607514424672769e+19,0.03361025628457636,2.2463210355718879e+18,4.051524723712663,-7.123922856347164
7.0794578438414025e+19,131072,power,2.6292365994664354e-21,0.1861356966740755,1.2890160154006147,9.125534541065072e+19,0.03280679623081127,2.3225433090752343e+18,3.9511182914775844,-6.956921708413821
7.498942093324558e+19,131072,power,2.4591131003168622e-21,0.18440746740211975,1.2901185721377348,9.674524465983436e+19,0.032021216641242654,2.4012524935047936e+18,3.8531205142917857,-6.793481162123715
7.94328234724279e+19,131072,power,2.300023478114664e-21,0.1826973589195217,1.2911952316567716,1.0256328290463298e+20,0.03125318028821802,2.482528352785985e+18,3.7574772472926288,-6.633541464881764
8.413951416451965e+19,131072,power,2.1512499068615522e-21,0.18100512200979915,1.292246546924276,1.0872899663898673e+20,0.030502353560337307,2.5664532094411873e+18,3.664135402705404,-6.4770431284221
8.91250938133744e+19,131072,power,2.0121214410997565e-21,0.1793305122019179,1.2932730617028991,1.1526308295058083e+20,0.02976840655397567,2.6531120267977513e+18,3.573042935958548,-6.323926965635307
9.440608762859264e+19,131072,power,1.882010939439822e-21,0.1776732896667258,1.2942753105794012,1.221874683860829e+20,0.02905101315731488,2.7425924938288666e+18,3.484148831696232,-6.17413412542922
1e+20,131072,power,1.760332191152744e-21,0.17603321911527442,1.295253818999708,1.295253818999708e+20,0.028349851127111147,2.834985112711115e+18,3.3974030897196084,-6.027606125680707
1.0592537251772853e+20,131072,power,1.6465372323313084e-21,0.17441006969900358,1.296209103310487,1.373014321290342e+20,0.02766460215843332,2.9303832891868063e+18,3.3127567108476974,-5.88428488430095
1.1220184543019654e+20,131072,power,1.5401138390304772e-21,0.17280361491180418,1.2971416708069565,1.4554168924894901e+20,0.026994951947597455,3.0288834258199127e+18,3.2301616827351998,-5.744112748480401
1.1885022274370165e+20,131072,power,1.4405831856381637e-21,0.17121363249392707,1.2980520197864691,1.5427377168453367e+20,0.026340590248541004,3.130585018239674e+18,3.1495709656293114,-5.6070325221329265
1.2589254117941713e+20,131072,power,1.3474976575139814e-21,0.16963990433774703,1.2989406396076386,1.6352693796142308e+20,0.0257012109228574,3.2355907544667105e+18,3.0709384781091087,-5.472987491612791
1.333521432163324e+20,131072,power,1.2604388076664632e-21,0.16808221639536147,1.2998080107544514,1.7333218400386374e+20,0.02507651198373434,3.3440066174210176e+18,2.994219082795735,-5.3419214497333005
1.4125375446227496e+20,131072,power,1.17901544792203e-21,0.16654035858800756,1.300654604905292,1.837223462015194e+20,0.024466195634023035,3.4559419907142733e+18,2.9193685720491525,-5.213778718137951
1.496235656094436e+20,131072,power,1.1028618656771292e-21,0.1650141247172953,1.3014808850062793,1.9473221058717375e+20,0.02386996829866779,3.571509767831059e+18,2.8463436536736886,-5.088504168085239
1.5848931924611108e+20,131072,power,1.0316361579188694e-21,0.16350331237823515,1.3022873053488557,2.0639862848759254e+20,0.02328754065172597,3.690826464808187e+18,2.775101936632507,-4.966043239686535
1.678804018122566e+20,131072,power,9.650186747540323e-22,0.1620077228740383,1.3030743116511097,2.1876063903121795e+20,0.022718627638205202,3.8140123365249275e+18,2.7056019167753798,-4.84634195964232
1.778279410038923e+20,131072,power,9.02710565203999e-22,0.160527161132687,1.303842341142713,2.3185959891910315e+20,0.022162948490938233,3.941191496718868e+18,2.63780296260705,-4.729346957542846
1.8836490894897945e+20,131072,power,8.444324185049166e-22,0.15906143562524513,1.3045918226530322,2.4573931988962155e+20,0.021620226742715756,4.072492041847944e+18,2.5716653010908974,-4.615005480770062
1.995262314968883e+20,131072,power,7.899229946031109e-22,0.15761035828589554,1.3053231767023383,2.6044621433296437e+20,0.021090190233895877,4.2080461789217213e+18,2.5071500035022787,-4.503265408056068
2.1134890398366433e+20,131072,power,7.38938037955264e-22,0.1561737444336844,1.3060368155956281,2.760294495384511e+20,0.020572571115700253,4.347990357429239e+18,2.4442189713394624,-4.39407526174691
2.238721138568347e+20,131072,power,6.912491691346344e-22,0.15475141269595125,1.306733143519012,2.9254111108638776e+20,0.0200671058494051,4.492465405495172e+18,2.3828349222994483,-4.287384218820744
2.3713737056616553e+20,131072,power,6.466428491102829e-22,0.15334318493342622,1.3074125566383425,3.1003637592640455e+20,0.01957353520163323,4.641616670399585e+18,2.3229613763326995,-4.183142120714711
2.5118864315095718e+20,131072,power,6.049194114068718e-22,0.15194888616696778,1.3080754431997872,3.285736957164415e+20,0.01909160423594475,4.795594163602029e+18,2.2645626417684417,-4.081299481994948
2.660725059798814e+20,131072,power,5.658921576711531e-22,0.15056834450592588,1.3087221836323255,3.4821499103051534e+20,0.0186210623009218,4.954552710413759e+18,2.2076038015388155,-3.981807497936607
2.818382931264449e+20,131072,power,5.293865124678635e-22,0.1492013910781041,1.3093531506517178,3.69025857079413e+20,0.018161663014937438,5.118652104467651e+18,2.1520506994936905,-3.884618051047206
2.9853826189179696e+20,131072,power,4.952392334048028e-22,0.14784785996129576,1.3099687093659595,3.910757816267541e+20,0.01771316424779292,5.288057267140018e+18,2.097869926814222,-3.789683716581971
3.1622776601683794e+20,131072,power,4.632976729455696e-22,0.14650758811637707,1.3105692173819223,4.14438375823121e+20,0.01727532809940437,5.462938412082551e+18,2.0450288085412938,-3.696957767104836
3.3496543915782655e+20,131072,power,4.334190885093613e-22,0.1451804153219231,1.3111550249130117,4.3919161872397795e+20,0.016847920875713008,5.643471215029521e+18,1.9934953902056574,-3.6063941761232843
3.54813389233576e+20,131072,power,4.054699976827178e-22,0.1438661841103353,1.311726474887696,4.654181163023147e+20,0.016430713061987255,5.829836989048086e+18,1.9432384245874124,-3.5179476208607063
3.7583740428844355e+20,131072,power,3.793255755779727e-22,0.1425647397054451,1.3122839030587539,4.932053758151095e+20,0.016023479293683605,6.022222865407669e+18,1.8942273585926594,-3.4315734841932066
3.9810717055349857e+20,131072,power,3.5486909156937656e-22,0.1412759299615749,1.3128276381130404,5.226460964336149e+20,0.015625998325021463,6.220821980248003e+18,1.846432320260738,-3.347227855800583
4.216965034285823e+20,131072,power,3.3199138282098395e-22,0.13999960530402883,1.3133580017816977,5.538384771012917e+20,0.015238052995430004,6.425833667232267e+18,1.7998241058999165,-3.264867532566107
4.466835921509617e+20,131072,power,3.1059036219110045e-22,0.138735618670989,1.3138753089505768,5.868865426404982e+20,0.014859430194011149,6.637463656377361e+18,1.7543741673644142,-3.1844500182723223
4.7315125896148124e+20,131072,power,2.9057055825775095e-22,0.1374838254567953,1.314379867770853,6.219004891894043e+20,0.014489920822163663,6.855924279258919e+18,1.7100545994701344,-3.1059335226263585
5.0118723362727146e+20,131072,power,2.718426853583819e-22,0.13624408345657618,1.3148719797696236,6.589970501147513e+20,0.014129319754507652,7.081434680796848e+18,1.6668381275501742,-3.0292769596484193
5.308844442309901e+20,131072,power,2.543232416760447e-22,0.13501625281221077,1.3153519399604041,6.982998836140338e+20,0.013777425798238811,7.314221037831717e+18,1.6246980951592827,-2.954439945466558
5.6234132519034906e+20,131072,power,2.3793413353412814e-22,0.13380019595959908,1.3158200369534512,7.399399832924178e+20,0.0134340416510421,7.554516784709359e+18,1.5836084519302407,-2.881382795551646
5.956621435290085e+20,131072,power,2.22602324182699e-22,0.13259577757720575,1.3162765530657288,7.840561130761067e+20,0.013098973857687183,7.802562846100393e+18,1.543543741579434,-2.8100665214225384
6.309573444801943e+20,131072,power,2.0825950547277646e-22,0.13140286453586153,1.3167217644305116,8.307952679043516e+20,0.012772032765422485,8.058607877285004e+18,1.5044790900622163,-2.7404528268514694
6.683439175686135e+20,131072,power,1.9484179092035563e-22,0.1302213258497952,1.3171559411064566,8.803131617278633e+20,0.012453032478280087,8.322908512142894e+18,1.466390193896272,-2.672504103617357
7.079457843841402e+20,131072,power,1.8228942876060653e-22,0.12905103262886444,1.3175793471861352,9.32774744432032e+20,0.012141790810400269,8.595729619096964e+18,1.429253308632883,-2.606183426816089
7.498942093324558e+20,131072,power,1.7054653368482153e-22,0.12789185803197028,1.317992240903874,9.883547493989222e+20,0.011838129238478145,8.877344565263996e+18,1.3930452374869562,-2.5414545497663643
7.943282347242789e+20,131072,power,1.5956083603854044e-22,0.12674367722162394,1.3183948747429024,1.0472382735240665e+21,0.011541872853429691,9.168035489076883e+18,1.3577433201416689,-2.478281898552781
8.413951416451965e+20,131072,power,1.4928344733966594e-22,0.12560636731964145,1.3187874955416752,1.1096213916112017e+21,0.01125285031137376,9.468093581650518e+18,1.3233254216939772,-2.4166305662004173
8.91250938133744e+20,131072,power,1.3966864105030475e-22,0.12447980736394927,1.3191703445993554,1.17571180718239e+21,0.010970893784015794,9.777819377169738e+18,1.2897699217838898,-2.356466306546645
9.440608762859264e+20,131072,power,1.3067364760606818e-22,0.12336387826646308,1.3195436577803756,1.245729541861678e+21,0.01069583890852198,1.0097523052592368e+19,1.2570557038745322,-2.29775552780338
1e+21,131072,power,1.2225846277203096e-22,0.12225846277203097,1.319907665618035,1.319907665618035e+21,0.010427524736962348,1.0427524736962347e+19,1.2251621447006977,-2.2404652858495577
1.0592537251772854e+21,131072,power,1.143856684555212e-22,0.12116344541840474,1.3202625934170638,1.3984930702892487e+21,0.010165793685400795,1.0768154830644517e+19,1.1940691038800688,-2.184563277271534
1.1220184543019653e+21,131072,power,1.0702026516304383e-22,0.1200787124972249,1.3206086613551589,1.481747288951503e+21,0.009910491482704524,1.1119754334796923e+19,1.1637569136961456,-2.1300178321816188
1.1885022274370166e+21,131072,power,1.0012951534186078e-22,0.11900415201599046,1.3209460845833902,1.569947363851565e+21,0.009661467119142854,1.1482675191410776e+19,1.1342063690336968,-2.0767979068169184
1.2589254117941712e+21,131072,power,9.368279689652979e-23,0.11793965366099346,1.3212750733254441,1.6633867657796085e+21,0.009418572794839151,1.1857280634256257e+19,1.1053987174922675,-2.02487307596364
1.333521432163324e+21,131072,power,8.765146621721441e-23,0.11688510876119497,1.321595832975759,1.7623763679309154e+21,0.009181663868139964,1.2243945551084251e+19,1.0773156496524328,-1.9742135252018844
1.4125375446227498e+21,131072,power,8.200873009995514e-23,0.11584041025302041,1.321908564196412,1.8672454774857843e+21,0.008950598803957252,1.2643056857445097e+19,1.0499392895145787,-1.9247900430081066
1.4962356560944358e+21,131072,power,7.672952597970031e-23,0.11480545264605195,1.322213463012761,1.9783429283277945e+21,0.00872523912214083,1.3055013882497223e+19,1.0232521850982446,-1.876574012722143
1.584893192461111e+21,131072,power,7.179040993476255e-23,0.11378013198959767,1.322510720907862,2.0960382385237066e+21,0.00850544934593153,1.348022876718969e+19,0.9972372992014256,-1.8295374043951207
1.678804018122566e+21,131072,power,6.716945195676853e-23,0.11276434584011365,1.3228005249156094,2.2207228364029643e+21,0.008291096950543867,1.3919126875216796e+19,0.971878000325721,-1.7836527665399005
1.7782794100389228e+21,131072,power,6.28461380132694e-23,0.11175799322946144,1.3230830577125854,2.3528113593016304e+21,0.008082052311924631,1.4372147217153044e+19,0.9471580537609992,-1.7388932177948124
1.8836490894897945e+21,131072,power,5.88012784610419e-23,0.11076097463397745,1.3233584977085393,2.4927430292772723e+21,0.007878188655728847,1.4839742888192471e+19,0.9230616128304225,-1.6952324385151374
1.995262314968883e+21,131072,power,5.501692239701725e-23,0.109773191944336,1.323627019135642,2.640983110355943e+21,0.007679382006554395,1.5322381519928107e+19,0.8995732102924814,-1.6526446623044921
2.1134890398366433e+21,131072,power,5.147627756072707e-23,0.1087945484361856,1.323888792136322,2.798024452142689e+21,0.007485511137471881,1.5820545746621946e+19,0.8766777499049638,-1.6111046675044705
2.238721138568347e+21,131072,power,4.81636354273635e-23,0.10782494874153799,1.3241439828498005,2.964389124913931e+21,0.007296457519884361,1.6334733686431095e+19,0.8543604981397834,-1.5705877686443048
2.3713737056616553e+21,131072,power,4.506430115411761e-23,0.1068642988208927,1.3243927534972755,3.1406301516122775e+21,0.007112105273750132,1.686545943806865e+19,0.8326070760572124,-1.5310698078724982
2.5118864315095717e+21,131072,power,4.216452806444248e-23,0.10591250593607761,1.3246352624657243,3.327333342486773e+21,0.006932341118197083,1.7413253593395145e+19,0.8114034513342139,-1.4925271463761436
2.660725059798814e+21,131072,power,3.945145637547486e-23,0.10496947862378565,1.3248716643903626,3.5251192384608015e+21,0.0067570543225580655,1.7978663766452142e+19,0.7907359304385464,-1.4549366557918941
2.818382931264449e+21,131072,power,3.6913055893053756e-23,0.1040351266697933,1.325102110235763,3.7346451696709764e+21,0.006586136657851366,1.8562255139463373e+19,0.7705911509634955,-1.4182757096339316
2.9853826189179696e+21,131072,power,3.4538072416730436e-23,0.1031093610838372,1.3253267473755797,3.956607436002142e+21,0.006419482348730778,1.916461102635157e+19,0.7509560740992516,-1.3825221747254424
3.1622776601683794e+21,131072,power,3.2315977613964366e-23,0.10219209407514097,1.3255457196709282,4.1917436168471933e+21,0.006256988025925995,1.978633345432682e+19,0.7318179772655364,-1.3476544026680193
3.3496543915782654e+21,131072,power,3.0236922138358675e-23,0.1012832390285632,1.3257591675474352,4.440835017750412e+21,0.0060985526791940865,2.0428043764133868e+19,0.7131644468764575,-1.3136512213293816
3.5481338923357606e+21,131072,power,2.8291691781473286e-23,0.10038271048136246,1.3259672280708794,4.7047092620447884e+21,0.005944077610798677,2.1090383229548958e+19,0.694983371260327,-1.2804919263815218
3.7583740428844353e+21,131072,power,2.647166646143528e-23,0.09949042410055281,1.3261700350215742,4.984243036076227e+21,0.005793466389534686,2.177401369675057e+19,0.677262933711309,-1.2481562728738127
3.9810717055349854e+21,131072,power,2.4768781864377427e-23,0.09860629666084106,1.3263677189673015,5.280364997115704e+21,0.0056466248053112945,2.247961824419679e+19,0.6599916056900357,-1.2166244668670778
4.2169650342858226e+21,131072,power,2.317549356670889e-23,0.09773024602312741,1.3265604073350274,5.594058853599769e+21,0.0055034608243079985,2.3207901863668662e+19,0.6431581401573405,-1.1858771571198634
4.4668359215096167e+21,131072,power,2.1684743477395963e-23,0.09686219111355364,1.3267482244812205,5.92636662791182e+21,0.005363884544714254,2.3959592163159884e+19,0.6267515650479005,-1.1558954268412802
4.731512589614812e+21,131072,power,2.0289928449899756e-23,0.09600205190308446,1.3269312917608802,6.278392112520451e+21,0.005227808153063898,2.4735440092312793e+19,0.6107611768695786,-1.1266607855030975
5.011872336272714e+21,131072,power,1.8984870923183678e-23,0.0951497493876125,1.3271097275952828,6.651304530933216e+21,0.005095145881171965,2.5536220691119632e+19,0.595176534452202,-1.098155160740799
5.308844442309901e+21,131072,power,1.7763791460337023e-23,0.09430520556856227,1.327283647538403,7.046342415603065e+21,0.0049658139636833045,2.636273386264501e+19,0.579987452808739,-1.070360890313482
5.623413251903491e+21,131072,power,1.662128306191128e-23,0.09346834343399094,1.327453164342091,7.464817715642537e+21,0.004839730596238332,2.721580517052942e+19,0.5651839971372752,-1.04326071415628
5.956621435290085e+21,131072,power,1.5552287139035334e-23,0.09263908694016419,1.327618388019957,7.908120147964945e+21,0.004716815894261735,2.8096286662076424e+19,0.5507564769431372,-1.0168377665102368
6.309573444801943e+21,131072,power,1.455207103884982e-23,0.09181736099359826,1.3277794259100302,8.377721806276295e+21,0.0045969918523788246,2.9005057717740327e+19,0.5366954402898694,-0.9910755681437067
6.683439175686135e+21,131072,power,1.3616207021770623e-23,0.09100309143355442,1.3279363827361474,8.875182043197706e+21,0.004480182304462717,2.9943025927861916e+19,0.5229916681702473,-0.9659580186608951
7.079457843841402e+21,131072,power,1.2740552596614018e-23,0.09019620501497305,1.3280893606681556,9.402152641704488e+21,0.004366312884314607,3.091112799752682e+19,0.5096361690008155,-0.9414693889063463
7.498942093324559e+21,131072,power,1.192123212571737e-23,0.089396629391835,1.328238459380868,9.960383293023754e+21,0.0042553109869797375,3.1910330680448827e+19,0.4966201732315101,-0.9175943134604125
7.943282347242789e+21,131072,power,1.1154619617883072e-23,0.08860429310093872,1.3283837761118578,1.0551727399153038e+22,0.0041471057306987375,3.294163174280869e+19,0.48393512807238803,-0.8943177832325899
8.413951416451964e+21,131072,power,1.0437322632309047e-23,0.08781912554608286,1.3285254057180402,1.1178148219233726e+22,0.004041627919495188,3.4006060958008345e+19,0.4715726923397723,-0.8716251381581608
8.912509381337441e+21,131072,power,9.766167221647245e-24,0.08704105698264128,1.3286634407311484,1.1841725380156442e+22,0.0039388100063986065,3.5104681133333365e+19,0.4595247314111983,-0.8495020599915581
9.440608762859265e+21,131072,power,9.13818384699075e-24,0.08627001850251986,1.3287979714119613,1.2544661772981376e+22,0.0038385860573012967,3.6238589169548018e+19,0.4477833122907393,-0.8279345652012049
1e+22,131072,power,8.550594201948509e-24,0.0855059420194851,1.3289290858035372,1.3289290858035371e+22,0.003740891715447755,3.740891715447755e+19,0.4363406987842433,-0.8069089979687027
1.0592537251772853e+22,131072,power,8.000798887034348e-24,0.08474876025485412,1.3290568697831933,1.4078084402903098e+22,0.0036456641665532125,3.861683349166834e+19,0.42518934678317244,-0.7864120232936145
1.1220184543019653e+22,131072,power,7.48636587940911e-24,0.08399840672353583,1.3291814071135046,1.4913660678964058e+22,0.0035528421045491034,3.986354406525126e+19,0.4143218996508269,-0.7664306202006199
1.1885022274370165e+22,131072,power,7.005019746572108e-24,0.08325481572041236,1.3293027794921346,1.5798793143646192e+22,0.003462365697951672,4.115029344217082e+19,0.40373118371159755,-0.7469520750523984
1.2589254117941714e+22,131072,power,6.554631555927707e-24,0.08251792230705358,1.329421066600665,1.6736419637180886e+22,0.0033741765568491467,4.247836611297551e+19,0.39341020384424663,-0.7279639749713129
1.3335214321633241e+22,131072,power,6.133209435267307e-24,0.08178766229875271,1.3295363461523368,1.7729652124342574e+22,0.0032882177005040527,4.384908777240957e+19,0.3833521391715333,-0.7094542013645677
1.4125375446227496e+22,131072,power,5.738889742114841e-24,0.08106397225187582,1.329648693938785,1.8781787013471374e+22,0.0032044335255648304,4.526382664108166e+19,0.373550338847739,-0.6914109235564347
1.4962356560944358e+22,131072,power,5.369928802608639e-24,0.08034678945151545,1.3297581838757315,1.9896316086982506e+22,0.0031227697748821945,4.6723994829527335e+19,0.36399831794040605,-0.6738225925259189
1.584893192461111e+22,131072,power,5.0246951831358584e-24,0.07963605189944158,1.3298648880477337,2.1076938079599105e+22,0.0030431735069243325,4.82310497460238e+19,0.35468975341230724,-0.6566779347572216
1.6788040181225657e+22,131072,power,4.7016624603155206e-24,0.07893169830233725,1.329968876751878,2.2327570942690083e+22,0.0029655930657852916,4.978649554956766e+19,0.3456184801836404,-0.6399659461852614
1.7782794100389228e+22,131072,power,4.399402457154095e-24,0.07823366806031772,1.3300702185406046,2.3652364835367275e+22,0.002889978051780169,5.139188464945075e+19,0.3367784872965185,-0.623675886259123
1.8836490894897943e+22,131072,power,4.116578915275558e-24,0.0775419012557169,1.330168980263515,2.5055715885409383e+22,0.002816279292621061,5.304881925294624e+19,0.3281639141584858,-0.6077972721023062
1.995262314968883e+22,131072,power,3.851941575077538e-24,0.07685633864214093,1.3302652271082323,2.654228076562578e+22,0.0027444488151667514,5.47589529626322e+19,0.31976904687449625,-0.5923198727795342
2.1134890398366432e+22,131072,power,3.604320637483212e-24,0.07617692163377793,1.3303590226404662,2.8116992133984143e+22,0.002674439817739515,5.652399242495174e+19,0.3115883146707077,-0.5772337036756392
2.238721138568347e+22,131072,power,3.372621582661211e-24,0.07550359229495487,1.3304504288430572,2.9785074988682746e+22,0.0026062066430020125,5.834569903165855e+19,0.30361628638957416,-0.5625290209664402
2.371373705661655e+22,131072,power,3.1558203226791292e-24,0.07483629332993967,1.3305395061542045,3.155206399238124e+22,0.0025397047513870427,6.022589067583204e+19,0.2958476670735788,-0.5481963161998005
2.511886431509572e+22,131072,power,2.952958666542892e-24,0.07417496807297688,1.3306263135048035,3.3423821823023176e+22,0.0024748906950726275,6.216644356422226e+19,0.28827729463105634,-0.5342263109818224
2.660725059798814e+22,131072,power,2.763140077468627e-24,0.07351956047855211,1.330710908355,3.540655861207791e+22,0.0024117220924954517,6.416929408773081e+19,0.28090013656918433,-0.5206099517532703
2.8183829312644493e+22,131072,power,2.5855257035348426e-24,0.07287001511188107,1.3307933467298143,3.750685253463601e+22,0.0023501576033944154,6.623644075188186e+19,0.27371128681543677,-0.5073384046789142
2.9853826189179694e+22,131072,power,2.4193306640804606e-24,0.07222627713961076,1.3308736832540349,3.973167161961935e+22,0.0022901569043772612,6.8369946169228575e+19,0.2667059626042967,-0.49440305062671275
3.1622776601683792e+22,131072,power,2.2638205753546646e-24,0.07158829232073582,1.3309519711862916,4.2088396852394784e+22,0.0022316806650019235,7.057193911565296e+19,0.2598795014452371,-0.4817954802533442
3.3496543915782655e+22,131072,power,2.118308299988032e-24,0.07095600699771601,1.3310282624523273,4.458484664638227e+22,0.0021746905243651385,7.284461665263328e+19,0.2532273581627331,-0.46950748918800356
3.5481338923357603e+22,131072,power,1.9821509058524285e-24,0.0703293680877903,1.3311026076775114,4.7229302764770895e+22,0.0021191490681907433,7.519024631759321e+19,0.24674510198845478,-0.4575310732940818
3.7583740428844353e+22,131072,power,1.8547468208084373e-24,0.0697083230744886,1.3311750562186278,5.003053777827319e+22,0.002065019806408859,7.761116838449298e+19,0.24042841374547486,-0.44585842404986087
3.981071705534985e+22,131072,power,1.7355331707104314e-24,0.06909281999932718,1.3312456561948918,5.299784414993838e+22,0.0020122671512187696,8.010979819694534e+19,0.23427308308769934,-0.43448192401071006
4.2169650342858225e+22,131072,power,1.6239832888559231e-24,0.06848280745369921,1.3313144545182813,5.614106504342896e+22,0.0019608563956262383,8.268862857611575e+19,0.22827500586128924,-0.4233941424204968
4.466835921509617e+22,131072,power,1.5196043858254559e-24,0.06787823457088706,1.3313814969231033,5.947062695689363e+22,0.0019107536924537836,8.5350232306097e+19,0.22243018124932235,-0.41258783063520266
4.7315125896148125e+22,131072,power,1.4219353693790682e-24,0.0672790510183565,1.3314468279949614,6.299757429060867e+22,0.0018619260337993974,8.809726469853423e+19,0.21673470954992613,-0.40205591820334785
5.011872336272714e+22,131072,power,1.3305448047326437e-24,0.06668520699010917,1.3315104911989424,6.6733605962968725e+22,0.001814341230958181,9.093246623998291e+19,0.21118478943995544,-0.39179150846359034
5.308844442309901e+22,131072,power,1.245029006170929e-24,0.06609665319925156,1.3315725289072342,7.069111419621711e+22,0.0017679678947819324,9.385866532395398e+19,0.20577671558876798,-0.3817878745182801
5.623413251903491e+22,131072,power,1.1650102515325e-24,0.0655133408707128,1.3316329824260125,7.488322560046207e+22,0.0017227754164757536,9.687878107063307e+19,0.20050687627235497,-0.37203845523481327
5.9566214352900855e+22,131072,power,1.090135111649125e-24,0.06493522173411528,1.3316918920217407,7.93238446921871e+22,0.001678733948822483,9.999582623705172e+19,0.19537175104566984,-0.36253685133327274
6.309573444801943e+22,131072,power,1.0200728873331193e-24,0.06436224801679494,1.3317492969468785,8.402769999149682e+22,0.0016358143878273787,1.0321291022060575e+20,0.1903679084673815,-0.35327682155381623
6.683439175686135e+22,131072,power,9.545141469836053e-25,0.0637943724369686,1.3318052354648853,8.901039285089912e+22,0.001593988354775011,1.0653324215890798e+20,0.18549200388651155,-0.34425227891343724
7.079457843841402e+22,131072,power,8.931693583294173e-25,0.06323154819703986,1.3318597448747036,9.428844917749829e+22,0.0015532281786909113,1.0996013412908866e+20,0.18074077727177063,-0.3354572870328809
7.498942093324558e+22,131072,power,8.357676082448709e-25,0.06267372897704651,1.3319128615346614,9.987937422002636e+22,0.0015135068792000651,1.1349700444969655e+20,0.176111051108796,-0.32688605655868397
7.94328234724279e+22,131072,power,7.820554049649387e-25,0.062120868928238086,1.3319646208857565,1.0580171060233764e+23,0.0014747981497749219,1.1714738108853464e+20,0.17159972833176163,-0.31853294164672086
8.413951416451964e+22,131072,power,7.317955573928287e-25,0.061572922666786455,1.3320150574744498,1.1207509979572492e+23,0.0014370763413651566,1.2091490517978966e+20,0.16720379031767152,-0.3103924365354449
8.91250938133744e+22,131072,power,6.8476612653464995e-25,0.06102984526762169,1.3320642049748348,1.1872034723382015e+23,0.0014003164464019692,1.2480333465398657e+20,0.1629202949231523,-0.30245917218800766
9.440608762859264e+22,131072,power,6.407594444160648e-25,0.06049159225839135,1.3321120962103186,1.2575949128593957e+23,0.0013644940831693273,1.2881654798437969e+20,0.15874637457116147,-0.29472791301131673
1e+23,131072,power,5.9958119613540585e-25,0.05995811961354058,1.3321587631748397,1.3321587631748396e+23,0.0013295854805350537,1.3295854805350536e+20,0.15467923438465814,-0.28719355364817956
1.0592537251772854e+23,131072,power,5.610495609874817e-25,0.05942938374850705,1.3322042370534208,1.4111423007957994e+23,0.0012955674630344754,1.3723346614377531e+20,0.15071615036275077,-0.2798511158376593
1.1220184543019653e+23,131072,power,5.249944088546962e-25,0.05890534151403202,1.332248548242402,1.494807456844977e+23,0.0012624174362994168,1.4164556605605213e+20,0.1468544676083816,-0.2726957453533019
1.1885022274370166e+23,131072,power,4.91256548306919e-25,0.05838595019057936,1.3322917263690501,1.5834316843855243e+23,0.0012301133728258218,1.4619924836035504e+20,0.14309159858989506,-0.2657227090003489
1.2589254117941714e+23,131072,power,4.596870230809613e-25,0.057871167482863604,1.33233380031078,1.677308878203542e+23,0.0011986337980726324,1.5089905478290004e+20,0.13942502145281033,-0.2589273916886792
1.3335214321633241e+23,131072,power,4.301464538251045e-25,0.05736095151448285,1.3323747982138507,1.7767503490924542e+23,0.0011679577768854553,1.5574967273385846e+20,0.1358522783714733,-0.2523052935702652
1.4125375446227497e+23,131072,power,4.0250442219457653e-25,0.056855260822652576,1.3324147475116517,1.8820858558692496e+23,0.0011380649002380489,1.607559399803588e+20,0.13237097393823394,-0.24585202723913513
1.4962356560944359e+23,131072,power,3.7663889457184528e-25,0.0563540543530388,1.332453674942519,1.9936646985430622e+23,0.0011089352722851269,1.6592284946937987e+20,0.12897877359283605,-0.2395633149957055
1.584893192461111e+23,131072,power,3.524356828610735e-25,0.05585729145468984,1.332491606567131,2.111856876259815e+23,0.0010805494977197145,1.712555543053248e+20,0.1256734020987027,-0.23343498618183522
1.6788040181225658e+23,131072,power,3.2978793997034765e-25,0.05536493187505832,1.3325285677854435,2.23705431386131e+23,0.0010528886694289058,1.767593728872969e+20,0.12245264203996076,-0.22746297456084363
1.7782794100389228e+23,131072,power,3.085956877491928e-25,0.05487693575511902,1.3325645833533006,2.3696721611242705e+23,0.0010259343564413257,1.8243979421111425e+20,0.11931433237521993,-0.22164331577689822
1.8836490894897944e+23,131072,power,2.887653752924094e-25,0.05439326362457258,1.3325996773985358,2.5101501689861456e+23,0.0009996685921603167,1.883024833414325e+20,0.11625636700969277,-0.21597214485636895
1.9952623149688827e+23,131072,power,2.702094656560426e-25,0.05391387639713804,1.3326338734367333,2.6589541473193257e+23,0.0009740738628765203,1.943532870593688e+20,0.11327669341529845,-0.2104456937796262
2.1134890398366435e+23,131072,power,2.5284604915699055e-25,0.05343873536592968,1.332667194386597,2.8165775090859226e+23,0.0009491330965538972,2.0059823969128763e+20,0.1103733112783889,-0.20506028910256546
2.238721138568347e+23,131072,power,2.3659848154553306e-25,0.05296780219891578,1.332699662584926,2.983542905991777e+23,0.0009248296518831262,2.0704356912455605e+20,0.10754427118264687,-0.1998123496358195
2.371373705661655e+23,131072,power,2.2139504545028975e-25,0.05250103893445842,1.332731299801279,3.1604039610610334e+23,0.0009011473075966879,2.136957030162581e+20,0.10478767332460226,-0.19469838417751628
2.5118864315095718e+23,131072,power,2.0716863359804632e-25,0.05203840797693106,1.3327621272521935,3.347747103874618e+23,0.0008780702520396763,2.205612752010653e+20,0.10210166625974626,-0.18971498929851727
2.660725059798814e+23,131072,power,1.9385645240742387e-25,0.05157987209241288,1.332792165615065,3.546193514555534e+23,0.0008555830729908557,2.2764713230464473e+20,0.09948444568297354,-0.18485884718265622
2.818382931264449e+23,131072,power,1.813997446454899e-25,0.05112539440445783,1.3328214350418348,3.7564011829452957e+23,0.0008336707477283136,2.3496034056919495e+20,0.0969342532379569,-0.18012672351646053
2.9853826189179693e+23,131072,power,1.6974352992080473e-25,0.05067493838993527,1.332849955172068,3.9790670897962864e+23,0.0008123186333342799,2.425081928979358e+20,0.09444937535343367,-0.17551546542612373
3.162277660168379e+23,131072,power,1.588363618654144e-25,0.05022846787494206,1.3328777451459808,4.2149295172107376e+23,0.0007915124572338098,2.5029821612554564e+20,0.09202814211137778,-0.1710219994660367
3.3496543915782654e+23,131072,power,1.4863010093207155e-25,0.04978594703078343,1.3329048236169523,4.4647704959843776e+23,0.000771238307961954,2.5833817852181502e+20,0.08966892614292732,-0.16664332965493633
3.5481338923357603e+23,131072,power,1.3907970180216516e-25,0.049347340370021316,1.332931208763827,4.729418397967007e+23,0.0007514826261543731,2.666360975359815e+20,0.08737014155173473,-0.1623765355582285
3.758374042884436e+23,131072,power,1.3014301446443978e-25,0.048912612742588416,1.332956918302923,5.009750682032936e+23,0.0007322321957562999,2.7520024778947523e+20,0.08513024286611603,-0.15821877041822807
3.9810717055349855e+23,131072,power,1.2178059808508295e-25,0.04848172933196518,1.3329819694996219,5.306696802763244e+23,0.0007134741354448684,2.8403916932506016e+20,0.08294772401002959,-0.1541672593217358
4.2169650342858225e+23,131072,power,1.1395554684640468e-25,0.048054655651420856,1.333006379179824,5.6212412914812665e+23,0.0006951958902599679,2.9316167612054884e+20,0.08082111730973729,-0.15021929742116136
4.466835921509616e+23,131072,power,1.0663332698420845e-25,0.0476313575403143,1.333030163741003,5.9544270198541575e+23,0.0006773852234388039,3.025768648756267e+20,0.07874899251929524,-0.14637224819240569
4.731512589614813e+23,131072,power,9.978162430356816e-26,0.047211801160454814,1.3330533391630863,6.307358656878207e+23,0.0006600302084495514,3.1229412408051414e+20,0.07672995587129083,-0.1426235417356203
5.011872336272715e+23,131072,power,9.33702014990323e-26,0.046795952992520914,1.333075921018937,6.681206330706081e+23,0.0006431192212194873,3.223231433755201e+20,0.07476264915262654,-0.13897067311781086
5.308844442309901e+23,131072,power,8.737076464865017e-26,0.046383779832535284,1.333097924484715,7.077209507455543e+23,0.0006266409325530759,3.3267392321082904e+20,0.07284574880070949,-0.13541120075287738
5.623413251903491e+23,131072,power,8.175683829182231e-26,0.045975248788396435,1.333119364349875,7.496681099854246e+23,0.0006105843007356324,3.433567848160982e+20,0.07097796502844034,-0.13194274482671853
5.956621435290085e+23,131072,power,7.650364853888552e-26,0.045570327276462444,1.333140255026958,7.941011819341668e+23,0.0005949385643182821,3.5438238048989885e+20,0.06915804096334632,-0.12856298575283365
6.309573444801942e+23,131072,power,7.158801369591909e-26,0.045168983018188884,1.3331606105611578,8.411674786052625e+23,0.0005796932350799262,3.6576170421916316e+20,0.06738475181142789,-0.1252696626681482
6.683439175686135e+23,131072,power,6.698824192145343e-26,0.044771184036818214,1.3331804446395878,8.910230411962881e+23,0.0005648380911621139,3.7750610263926486e+20,0.06565690404740643,-0.12206057197101661
7.079457843841402e+23,131072,power,6.268403546286082e-26,0.044376898654118264,1.3331997706003562,9.43833157338425e+23,0.0005503631703727756,3.896272863456968e+20,0.06397333461358734,-0.11893356588277282
7.498942093324558e+23,131072,power,5.865640104932619e-26,0.043986095487171896,1.3332186014414533,9.997729089952612e+23,0.0005362587636548113,4.021373415685251e+20,0.06233291015278475,-0.11588655105853052
7.94328234724279e+23,131072,power,5.48875660454731e-26,0.043598743445212924,1.3332369498293217,1.0590277528271072e+24,0.0005225154087156903,4.150487422213694e+20,0.06073452624879572,-0.11291748721946604
8.413951416451965e+23,131072,power,5.136089999522804e-26,0.04321481172650967,1.333254828107309,1.1217941349444915e+24,0.000509123883814262,4.2837436233685356e+20,0.05917710669121057,-0.11002438582444762
8.912509381337441e+23,131072,power,4.8060841209311e-26,0.04283426981529533,1.3332722483038029,1.1882801420884505e+24,0.0004960752017010043,4.421274889009064e+20,0.05765960276140625,-0.10720530877632584
9.440608762859264e+23,131072,power,4.4972828072034686e-26,0.04245708747874138,1.3332892221402992,1.2587061913963522e+24,0.0004833606037081417,4.563218350988027e+20,0.05618099252975295,-0.10445836715310408
1e+24,131072,power,4.208323476397659e-26,0.04208323476397659,1.3333057610391068,1.333305761039107e+24,0.00047097155398603086,4.7097155398603086e+20,0.05474028017542487,-0.1017817199753357
1e+19,131072,logarithmic,2.5437284718106217e-20,0.2543728471810622,1.2622527800304881,1.2622527800304882e+19,0.05159637265132352,5.159637265132352e+17,6.347386383122755,-10.820222329489493
1.0592537251772854e+19,131072,logarithmic,2.3785050776937258e-20,0.2519440363900168,1.2639666373883647,1.3388613691534324e+19,0.05040874041558144,5.3395646066699424e+17,6.19288962602389,-10.578640158624196
1.1220184543019653e+19,131072,logarithmic,2.2240501644449185e-20,0.24954253278005192,1.2656423325740518,1.4200740536938715e+19,0.04924554239221927,5.525440735617977e+17,6.0419758245305655,-10.341687787767151
1.1885022274370165e+19,131072,logarithmic,2.0796588985272077e-20,0.24716792332087986,1.267280586635853,1.5061658000044001e+19,0.048106401656560493,5.7174565522801926e+17,5.894569552709439,-10.109309442007708
1.2589254117941713e+19,131072,logarithmic,1.94467281986061e-20,0.24481980305479506,1.2688821128235341,1.5974279364046258e+19,0.04699094173380976,5.915809067283236e+17,5.750596660536589,-9.88144858176211
1.3335214321633241e+19,131072,logarithmic,1.8184767720262816e-20,0.24249777493882255,1.27044761639446,1.6941691249028217e+19,0.04589878685709292,6.120701598422971e+17,5.609984264048218,-9.65804797797869
1.4125375446227497e+19,131072,logarithmic,1.700496037101283e-20,0.24020144968877627,1.2719777944360837,1.7967163905674064e+19,0.04482956221533723,6.332343973816525e+17,5.472660735161838,-9.439049785321885
1.496235656094436e+19,131072,logarithmic,1.5901936613803477e-20,0.2379304456252638,1.273473335704091,1.9054162119659807e+19,0.043782894191014395,6.55095274156057e+17,5.338555691168856,-9.22439561328151
1.5848931924611109e+19,131072,logarithmic,1.4870679591706538e-20,0.23568438852166065,1.2749349204758005,2.020635676293044e+19,0.04275841058778627,6.776751386103954e+17,5.207599983918998,-9.01402659517675
1.6788040181225658e+19,131072,logarithmic,1.3906501827125922e-20,0.233462911454078,1.276363220418208,2.1427637030219457e+19,0.04175574084811124,7.009970551549371e+17,5.079725688705339,-8.807883455020537
1.7782794100389229e+19,131072,logarithmic,1.3005023470878248e-20,0.23126565465335716,1.2777588984701655,2.27221234014351e+19,0.04077451626089378,7.250848272104466e+17,4.954866092859134,-8.605906572218514
1.8836490894897943e+19,131072,logarithmic,1.2162151997278476e-20,0.22909226535910085,1.2791226087381946,2.4094181372955107e+19,0.03981437015927205,7.499630209912243e+17,4.832955684078288,-8.408036044093137
1.9952623149688828e+19,131072,logarithmic,1.1374063248385947e-20,0.22694239767577035,1.2804549964053555,2.554843600341222e+19,0.038874938108660086,7.756569900495716e+17,4.713930138489242,-8.214211746211287
2.1134890398366433e+19,131072,logarithmic,1.063718373709855e-20,0.22481571243086373,1.2817566976526873,2.7089787322261647e+19,0.037955858085173,8.021929006060818e+17,4.597726308463468,-8.024373390515716
2.238721138568347e+19,131072,logarithmic,9.948174124876257e-21,0.2227118770351914,1.283028339592731,2.8723426652284944e+19,0.03705677064457502,8.295977576908909e+17,4.484282210210644,-7.8384605812679915
2.3713737056616554e+19,131072,logarithmic,9.303913795556875e-21,0.22063056534526304,1.2842705402145727,3.045485390020727e+19,0.03617731908191535,8.578994321218572e+17,4.373537011137385,-7.656412868787066
2.511886431509572e+19,131072,logarithmic,8.701486452014569e-21,0.2185714575277976,1.28548390833994,3.22898958728299e+19,0.03531714958201097,8.871266883464731e+17,4.265431017017018,-7.478169801020207
2.660725059798814e+19,131072,logarithmic,8.13816666734964e-21,0.21653423992636586,1.2866690435898633,3.423472567946922e+19,0.034475911360963764,9.173092131751891e+17,4.159905658955876,-7.303670972937515
2.8183829312644493e+19,131072,logarithmic,7.611407326893609e-21,0.21451860493018116,1.2878265363614296,3.629588328510469e+19,0.03365325679889275,9.484776454345861e+17,4.056903480191987,-7.132856073786719
2.9853826189179695e+19,131072,logarithmic,7.11882790159935e-21,0.21252425084502982,1.288956967814131,3.848029728245516e+19,0.03284884156408529,9.806636065701038e+17,3.9563681227278824,-6.965664932221949
3.162277660168379e+19,131072,logarithmic,6.658203497385093e-21,0.21055088176635853,1.2900609098653593,4.079530795523718e+19,0.032062324728770415,1.0138997322285487e+18,3.8582443138097666,-6.802037559330742
3.3496543915782656e+19,131072,logarithmic,6.2274546287215874e-21,0.20859820745451663,1.2911389251945917,4.324869170915706e+19,0.03129336887672102,1.0482197048518716e+18,3.7624778522791225,-6.64191418960014
3.5481338923357606e+19,131072,logarithmic,5.8246376682279765e-21,0.20666594321215218,1.292191567255842,4.584868695170917e+19,0.030541640202908563,1.0836582873146431e+18,3.669015594799707,-6.48523531984595
3.758374042884435e+19,131072,logarithmic,5.447935927277162e-21,0.2047538097637603,1.2932193802979128,4.860402150666771e+19,0.02980680860542977,1.1202513576387165e+18,3.5778054419702165,-6.331941746137504
3.981071705534986e+19,131072,logarithmic,5.09565132563025e-21,0.2028615331373843,1.2942228993920881,5.1523941654252945e+19,0.029088547769925945,1.15803594481955e+18,3.488796324350907,-6.181974598769335
4.216965034285823e+19,131072,logarithmic,4.766196610935379e-21,0.20098884454846083,1.2952026504667744,5.46182428933271e+19,0.0283865352467319,1.197050265799905e+18,3.401938188402509,-6.035275375307858
4.466835921509617e+19,131072,logarithmic,4.4580880915478784e-21,0.19913548028580316,1.2961591503487682,5.789730252771262e+19,0.027700452520977296,1.2373337636277302e+18,3.317181982355799,-5.891785971759356
4.731512589614812e+19,131072,logarithmic,4.169938848578152e-21,0.19730118159971421,1.2970929068107317,6.13721141847505e+19,0.02702998507587884,1.2789271468362122e+18,3.2344796420235467,-5.751448711903495
5.011872336272715e+19,131072,logarithmic,3.900452395353792e-21,0.19548569459222317,1.298004418624509,6.505432438063925e+19,0.026374822449451885,1.3218724300851246e+18,3.153784076571031,-5.614206374840669
5.308844442309901e+19,131072,logarithmic,3.6484167546101854e-21,0.1936887701094261,1.2988941756199162,6.895627125388492e+19,0.025734658284876817,1.3662129761041272e+18,3.075049154246523,-5.4800022207911026
5.6234132519034905e+19,131072,logarithmic,3.412698925709682e-21,0.1919101636359263,1.2997626587486601,7.309102559536529e+19,0.025109190374754148,1.4119935389796004e+18,2.998229688095577,-5.348780015204246
5.956621435290085e+19,131072,logarithmic,3.192239716037876e-21,0.19014963519135547,1.3006103401530544,7.747243431115612e+19,0.024498120699476263,1.4592603088282404e+18,2.9232814216634706,-5.220484051220852
6.309573444801943e+19,131072,logarithmic,2.9860489124534436e-21,0.1884069492289597,1.3014376832391807,8.211516646230498e+19,0.023901155459951248,1.5080609579019136e+18,2.8501610146934864,-5.095059170534477
6.683439175686135e+19,131072,logarithmic,2.7932007702766578e-21,0.18668187453623702,1.3022451427542292,8.703476203430599e+19,0.023318005104903734,1.558444688169629e+18,2.77882602884163,-4.972450782710702
7.0794578438414025e+19,131072,logarithmic,2.612829798803266e-21,0.18497418413760333,1.3030331648676563,9.224768359807816e+19,0.022748384352979205,1.6104622804241766e+18,2.7092349134051785,-4.8526048830031865
7.498942093324558e+19,131072,logarithmic,2.44412682373199e-21,0.18328365519907475,1.3038021872558982,9.777137103381884e+19,0.02219201220987625,1.6641661449621356e+18,2.6413469910898213,-4.735468068730031
7.94328234724279e+19,131072,logarithmic,2.2863353081988366e-21,0.1816100689349372,1.3045526391903992,1.036242994993009e+20,0.021648611980725218,1.7196103738880338e+18,2.5751224438091302,-4.620987554246614
8.413951416451965e+19,131072,logarithmic,2.1387479153317165e-21,0.17995321051638982,1.3052849416285508,1.0982604083488965e+20,0.02111791127793125,1.7768507950945656e+18,2.510522298533635,-4.509111184572379
8.91250938133744e+19,131072,logarithmic,2.0007032963748674e-21,0.17831286898213747,1.3059995073074993,1.1639732860900162e+20,0.02059964202469296,1.83594502797269e+18,2.447508413203181,-4.399787447726311
9.440608762859264e+19,131072,logarithmic,1.871583089493384e-21,0.17668883715090455,1.306696740840309,1.2336012701976661e+20,0.020093540454406388,1.8969525409073608e+18,2.3860434626941984,-4.2929654858051
1e+20,131072,logarithmic,1.750809115358592e-21,0.1750809115358592,1.307377038814533,1.3073770388145329e+20,0.019599347106156927,1.9599347106156928e+18,2.3260909248733252,-4.188595104874815
1.0592537251772853e+20,131072,logarithmic,1.637840756537029e-21,0.17348889226090314,1.3080407898926782,1.3855470793776582e+20,0.01911680681650244,2.024954883387473e+18,2.267615066715689,-4.086626783698355
1.1220184543019654e+20,131072,logarithmic,1.5321725085687488e-21,0.17191258297882722,1.3086883749145908,1.4683725075846201e+20,0.01864566870773659,2.0920784382881132e+18,2.210580930529482,-3.98701168137664
1.1885022274370165e+20,131072,logarithmic,1.43333169142344e-21,0.1703517907912825,1.309320167001359,1.5561299349093217e+20,0.01818568617283047,2.1613728523879567e+18,2.154954320258118,-3.8897016439203513
1.2589254117941713e+20,131072,logarithmic,1.3408763107734997e-21,0.16880632617055774,1.3099365316607208,1.6491123875452014e+20,0.017736616857229683,2.232907768082332e+18,2.1007017878954537,-3.7946492098232865
1.333521432163324e+20,131072,logarithmic,1.254393059223381e-21,0.16727600288312963,1.3105378268935812,1.747630279823339e+20,0.01729822263769336,2.306755062569688e+18,2.0477906200012663,-3.701807614666963
1.4125375446227496e+20,131072,logarithmic,1.173495448287195e-21,0.1657606379149567,1.311124403301703,1.8520124453347554e+20,0.016870269598346286,2.382988919557188e+18,1.9961888243320125,-3.611130794808648
1.496235656094436e+20,131072,logarithmic,1.0978220625169206e-21,0.16426005139849514,1.311696604196129,1.962607229176239e+20,0.016452528004115573,2.4616859032649943e+18,1.9458651165895846,-3.5225733901950607
1.5848931924611108e+20,131072,logarithmic,1.0270349277520827e-21,0.16277406654140647,1.3122547657064205,2.0797836449427558e+20,0.01604477227171535,2.542925034803045e+18,1.896788907295699,-3.436090746345921
1.678804018122566e+20,131072,logarithmic,9.608179859928347e-22,0.16130250955692021,1.3127992168904106,2.2039326003037792e+20,0.015646780938340682,2.626787870996991e+18,1.848930288783368,-3.3516389155374027
1.778279410038923e+20,131072,logarithmic,8.988756698945539e-22,0.1598452095958429,1.3133302798443744,2.335468195227908e+20,0.015258336628221052,2.713358585740822e+18,1.8022600223381424,-3.269174657252183
1.8836490894897945e+20,131072,logarithmic,8.409315703439556e-22,0.1584019986801615,1.3138482698134422,2.4748290971618322e+20,0.014879226017185759,2.8027240539584814e+18,1.7567495254570353,-3.1886554379017995
1.995262314968883e+20,131072,logarithmic,7.867271910093646e-22,0.15697271163823112,1.3143534953022298,2.6224799977241697e+20,0.01450923979538197,2.894973938257247e+18,1.7123708592612585,-3.1100394298904654
2.1134890398366433e+20,131072,logarithmic,7.360207841604461e-22,0.15555718604150745,1.314846258185424,2.7789131557451153e+20,0.014148172628285313,2.9902007783597804e+18,1.6690967160434278,-3.0332855100357214
2.238721138568347e+20,131072,logarithmic,6.885862624291914e-22,0.1541552621428002,1.3153268538182863,2.9446500317695957e+20,0.01379582311613347,3.088500083403784e+18,1.6269004069666027,-2.9583532573958626
2.3713737056616553e+20,131072,logarithmic,6.44212181535474e-22,0.1527667828160156,1.3157955711470013,3.120243019444059e+20,0.013451993751914174,3.1899704272014147e+18,1.5857558499089874,-2.8852029505306187
2.5118864315095718e+20,131072,logarithmic,6.027007893281995e-22,0.1513915934973613,1.3162526928186304,3.3062772795290544e+20,0.013116490878026252,3.2947135465533215e+18,1.5456375574617764,-2.8137955642334123
2.660725059798814e+20,131072,logarithmic,5.638671367996465e-22,0.15002954212798256,1.316698495290787,3.503372682619587e+20,0.012789124641735008,3.402834442715486e+18,1.5065206250792995,-2.744092765765238
2.818382931264449e+20,131072,logarithmic,5.275382470163567e-22,0.14868047909800686,1.3171332489406944,3.7121858670153413e+20,0.012469708949531585,3.514441486119536e+18,1.4683807193933474,-2.6760569106308085
2.9853826189179696e+20,131072,logarithmic,4.9355233817687485e-22,0.1473442571919566,1.3175572181737745,3.9334124185658976e+20,0.012158061420507201,3.6296465244519316e+18,1.431194066669872,-2.609651037905314
3.1622776601683794e+20,131072,logarithmic,4.617580972562069e-22,0.1460207315355161,1.317970661531512,4.1677891797184414e+20,0.01185400333884323,3.7485649941985326e+18,1.394937441441857,-2.544838865171528
3.3496543915782655e+20,131072,logarithmic,4.320140009293005e-22,0.14470975954361284,1.3183738317986538,4.416096695426226e+20,0.011557359605516525,3.871316035766768e+18,1.359588155294067,-2.4815847830714888
3.54813389233576e+20,131072,logarithmic,4.041876806835542e-22,0.14341120086979026,1.3187669761095633,4.679161804027485e+20,0.011267958689314775,3.9980226122996987e+18,1.325124045808801,-2.4198538495070143
3.7583740428844355e+20,131072,logarithmic,3.78155329233192e-22,0.14212491735684465,1.3191503360537562,4.9578603816867175e+20,0.01098563257725059,4.128811632300426e+18,1.291523465681066,-2.3596117835229413
3.9810717055349857e+20,131072,logarithmic,3.5380114553793835e-22,0.1408507729886952,1.3195241477805078,5.253120249499145e+20,0.010710216724459634,4.263814076189384e+18,1.2587652719910247,-2.300824958885228
4.216965034285823e+20,131072,logarithmic,3.3101681590562326e-22,0.13958863384346404,1.3198886421025229,5.565924252897334e+20,0.010441550003665168,4.403165126920302e+18,1.2268288156444873,-2.243460397388286
4.466835921509617e+20,131072,logarithmic,3.097010288235116e-22,0.1383383680477347,1.3202440445985146,5.8973135235717897e+20,0.010179474654284586,4.5470043047855073e+18,1.1956939309780479,-2.187485761910346
4.7315125896148124e+20,131072,logarithmic,2.897590213178079e-22,0.13709984573196748,1.3205905757148417,6.248390934721447e+20,0.009923836231251952,4.695475606544422e+18,1.1653409255271807,-2.132869349237687
5.0118723362727146e+20,131072,logarithmic,2.711021547849074e-22,0.1358729389870401,1.320928450865929,6.62032476109052e+20,0.009674483553626389,4.848727649014544e+18,1.1357505699594483,-2.079580082680288
5.308844442309901e+20,131072,logarithmic,2.5364751837275486e-22,0.1346575218218898,1.3212578805336213,7.014352555929074e+20,0.009431268653050301,5.006913817267767e+18,1.1069040881734438,-2.0275875044998615
5.6234132519034906e+20,131072,logarithmic,2.3731755811661494e-22,0.13345347012223494,1.321579070365348,7.431785257730794e+20,0.009194046722120876,5.170192417579438e+18,1.0787831475621124,-1.9768617681685918
5.956621435290085e+20,131072,logarithmic,2.2203973015098845e-22,0.1322606616103404,1.321892221271068,7.874011540366468e+20,0.008962676062733169,5.338726835283773e+18,1.0513698494382773,-1.9273736304747602
6.309573444801943e+20,131072,logarithmic,2.077461764294114e-22,0.13107897580581535,1.322197529519016,8.342502421035917e+20,0.008737018034448813,5.51268569769139e+18,1.0246467196265652,-1.8790944434974532
6.683439175686135e+20,131072,logarithmic,1.9437342148635771e-22,0.12990829398740764,1.3224951868301524,8.838816141316995e+20,0.008516937002944197,5.692243042232812e+18,0.9985966992148043,-1.8319961464609236
7.079457843841402e+20,131072,logarithmic,1.8186208887136354e-22,0.1287484991557757,1.3227853804713892,9.36460333749691e+20,0.008302300288584804,5.877578489994843e+18,0.9732031354734216,-1.7860512574928156
7.498942093324558e+20,131072,logarithmic,1.7015663597509372e-22,0.1275994759972134,1.323068293347475,9.921612517326465e+20,0.00809297811517352,6.068877424822915e+18,0.9484497729248309,-1.7412328652852915
7.943282347242789e+20,131072,logarithmic,1.5920510605064858e-22,0.1264611108483033,1.3233441040916092,1.0511695861358703e+21,0.00788884355891417,6.26633117816829e+18,0.9243207445858603,-1.6975146206958058
8.413951416451965e+20,131072,logarithmic,1.4895889631167793e-22,0.1253332916614764,1.323612987154699,1.1136815368104496e+21,0.007689772497631486,6.47013721986398e+18,0.9008005633581728,-1.654870728278135
8.91250938133744e+20,131072,logarithmic,1.3937254106185036e-22,0.1242159079714579,1.3238751128933122,1.1799049363380808e+21,0.0074956435602841365,6.680499355019394e+18,0.8778741135853307,-1.6132759377752937
9.440608762859264e+20,131072,logarithmic,1.3040350887847098e-22,0.12310885086256891,1.3241306476562626,1.2500599395434226e+21,0.00730633807680662,6.897627927231288e+18,0.8555266427611175,-1.5727055355727493
1e+21,131072,logarithmic,1.2201201293687242e-22,0.12201201293687243,1.324379753869858,1.324379753869858e+21,0.007121740028311826,7.121740028311825e+18,0.8337437533914249,-1.5331353361266231
1.0592537251772854e+21,131072,logarithmic,1.1416083362170524e-22,0.12092528828313556,1.3246225901217954,1.4031114130404962e+21,0.006941735997684026,7.353059714744064e+18,0.8125113950165463,-1.49454167338543
1.1220184543019653e+21,131072,logarithmic,1.0681515262701126e-22,0.11984857244658767,1.32485931124369,1.4865165965692114e+21,0.0067662151205913675,7.591818231080511e+18,0.7918158563796629,-1.4569013922035134
1.1885022274370166e+21,131072,logarithmic,9.994239779895832e-23,0.11878176239945835,1.3250900683922537,1.574872497838862e+21,0.0065950690369421154,7.838254240506604e+18,0.7716437577486746,-1.4201918397632962
1.2589254117941712e+21,131072,logarithmic,9.351209802373523e-23,0.11772475651226777,1.3253150091290844,1.6684727436248283e+21,0.006428191842809189,8.09261406280049e+18,0.7519820433870672,-1.3843908570129515
1.333521432163324e+21,131072,logarithmic,8.749574750859055e-23,0.11667745452585626,1.3255342774991428,1.7676283681122337e+21,0.00626548004284462,8.355151919924881e+18,0.7328179741686425,-1.3494767701244026
1.4125375446227498e+21,131072,logarithmic,8.186667884641244e-23,0.11563975752413064,1.3257480141078593,1.872668844636402e+21,0.006106832503202895,8.626130189496618e+18,0.7141391203436598,-1.3154283819880819
1.4962356560944358e+21,131072,logarithmic,7.659994429398556e-23,0.11461156790750872,1.3259563561968575,1.9839431785667924e+21,0.005952150404992345,8.905819666386483e+18,0.6959333544469315,-1.282224963744416
1.584893192461111e+21,131072,logarithmic,7.167220473112813e-23,0.113592789367044,1.3261594377183554,2.1018210649578762e+21,0.00580133719827026,9.194499832709949e+18,0.6781888443426753,-1.2498462463554905
1.678804018122566e+21,131072,logarithmic,6.706162580258547e-23,0.11258332685921243,1.3263573894082623,2.2266941148051475e+21,0.00565429855659606,9.492459136478091e+18,0.6608940464191582,-1.2182724122371202
1.7782794100389228e+21,131072,logarithmic,6.274778077698156e-23,0.11158308658134243,1.326550338857898,2.3589771539711562e+21,0.005510942332157003,9.79999527918668e+18,0.6440376989127916,-1.187484086940005
1.8836490894897945e+21,131072,logarithmic,5.871155968738724e-23,0.1105919759476727,1.3267384105843787,2.499109599088402e+21,0.005371178511476481,1.0117415512629823e+19,0.6276088153742254,-1.1574623308985177
1.995262314968883e+21,131072,logarithmic,5.493508434640565e-23,0.10960990356602018,1.3269217260997628,2.6475569150003186e+21,0.005234919171716509,1.044503694523407e+19,0.6115966782668458,-1.1281886312452305
2.1134890398366433e+21,131072,logarithmic,5.1401628855116956e-23,0.10863677921504064,1.3271004039788057,2.8048121585719873e+21,0.005102078437583145,1.0783186858218844e+19,0.5959908326979235,-1.0996448936975711
2.238721138568347e+21,131072,logarithmic,4.809554524996553e-23,0.10767251382206829,1.3272745599255005,2.971397613989218e+21,0.004972572438841825,1.113220303189755e+19,0.5807810802830993,-1.0718134345236496
2.3713737056616553e+21,131072,logarithmic,4.500219395480723e-23,0.10671701944151576,1.3274443068382997,3.1478665249666063e+21,0.004846319268450775,1.1492434082445597e+19,0.5659574731363026,-1.0446769725849236
2.5118864315095717e+21,131072,logarithmic,4.2107878726927604e-23,0.10577020923381998,1.3276097548740584,3.3348049296078956e+21,0.004723238941316638,1.1864239809470896e+19,0.551510307985259,-1.0182186214617417
2.660725059798814e+21,131072,logarithmic,3.939978580607236e-23,0.10483199744492233,1.3277710115107693,3.532833604001123e+21,0.00460325335367727,1.2247991554732044e+19,0.5374301204183363,-0.9924218816723451
2.818382931264449e+21,131072,logarithmic,3.686592699440181e-23,0.10390229938626334,1.3279281816090243,3.742610120991911e+21,0.004486286243115655,1.2644072572363672e+19,0.523707679248897,-0.967270632976458
2.9853826189179696e+21,131072,logarithmic,3.449508641294499e-23,0.10298103141527938,1.328081367472269,3.9648310309605207e+21,0.004372263149206804,1.3052878410977538e+19,0.5103339809992224,-0.9427491267704147
3.1622776601683794e+21,131072,logarithmic,3.227677069664924e-23,0.10206811091639127,1.3282306689058154,4.2002341718313633e+21,0.004261111374799804,1.347481730801879e+19,0.49730024450740373,-0.9188419785812862
3.3496543915782654e+21,131072,logarithmic,3.020116240553395e-23,0.1011634562824652,1.3283761832747292,4.4496011159741714e+21,0.004152759947935581,1.391031059677275e+19,0.484597905651607,-0.8955341606582179
3.5481338923357606e+21,131072,logarithmic,2.825907644390795e-23,0.10026698689673692,1.3285180055604358,4.7137597621072906e+21,0.004047139584400981,1.4359793126426784e+19,0.47221861218174066,-0.8728109946559148
3.7583740428844353e+21,131072,logarithmic,2.64419192930877e-23,0.09937862311518597,1.3286562284162775,4.993587080796471e+21,0.0039441826509180496,1.4823713695605518e+19,0.46015421867451334,-0.8506581444282402
3.9810717055349854e+21,131072,logarithmic,2.4741650875667571e-23,0.09849828624934506,1.3287909422218216,5.290012022650468e+21,0.003843823128967443,1.5302535499813243e+19,0.4483967815920975,-0.8290616089170477
4.2169650342858226e+21,131072,logarithmic,2.3150748881196115e-23,0.09762589854953564,1.328922235136086,5.604018598853837e+21,0.003745996579244382,1.579673659322786e+19,0.43693855444999485,-0.8080077151440435
4.4668359215096167e+21,131072,logarithmic,2.1662175394124e-23,0.09676138318851482,1.3290501931496788,5.936649144250279e+21,0.003650640106744062,1.6306810365308078e+19,0.4257719830963902,-0.7874831113112268
4.731512589614812e+21,131072,logarithmic,2.0269345675212932e-23,0.09590466424552453,1.329174900135746,6.289007773792294e+21,0.0035576923264740556,1.6833266032688005e+19,0.4148897010922914,-0.7674747600019627
5.011872336272714e+21,131072,logarithmic,1.896609895722587e-23,0.09505566669073111,1.32929643789996,6.66226404381667e+21,0.0034670933297898856,1.737662914684958e+19,0.4042845251974292,-0.7479699314902888
5.308844442309901e+21,131072,logarithmic,1.7746671124733287e-23,0.0942143163700419,1.329414886229311,7.057656830282526e+21,0.003378784651349835,1.7937442118080565e+19,0.3939494509555219,-0.7289561971541181
5.623413251903491e+21,131072,logarithmic,1.6605669156305245e-23,0.09338053999029197,1.3295303229399749,7.476498436828183e+21,0.003292709236684772,1.8516264756238176e+19,0.38387764837748417,-0.71042142299379
5.956621435290085e+21,131072,logarithmic,1.553804721523021e-23,0.09255426510478969,1.3296428239240625,7.920178946265712e+21,0.0032088114103774493,1.9113674828857725e+19,0.37406245773026203,-0.6923537632649523
6.309573444801943e+21,131072,logarithmic,1.453908428227931e-23,0.09173542009920684,1.3297524631954032,8.390170829937689e+21,0.0031270368448473532,1.9730268637166113e+19,0.3644973854067812,-0.6747416542036921
6.683439175686135e+21,131072,logarithmic,1.3604363230922597e-23,0.0909239341778121,1.3298593129342782,8.888033830216002e+21,0.0030473325297341166,2.036666161056773e+19,0.3551760999070064,-0.657573807875611
7.079457843841402e+21,131072,logarithmic,1.2729751251845545e-23,0.09011973735002786,1.3299634435312673,9.415420132329752e+21,0.0029696467418747767,2.1023488920203452e+19,0.34609242789356287,-0.6408392061137191
7.498942093324559e+21,131072,logarithmic,1.1911381539647324e-23,0.08932276041731041,1.330064923630012,9.97407984266361e+21,0.002893929015868195,2.1701406112187322e+19,0.337240350350676,-0.6245270945757109
7.943282347242789e+21,131072,logarithmic,1.1145636160229127e-23,0.08853293496033893,1.3301638201691408,1.0565866791690568e+22,0.002820130115220232,2.240108976115664e+19,0.3286139988245562,-0.608626976899862
8.413951416451964e+21,131072,logarithmic,1.042913002265819e-23,0.08775019332650659,1.3302601984231894,1.1192744680772466e+22,0.002748202004063355,2.3123238144784994e+19,0.3202076517543784,-0.5931286089700394
8.912509381337441e+21,131072,logarithmic,9.758695884217155e-24,0.08697446861770447,1.3303541220426605,1.1856793593206146e+22,0.002678097819443736,2.386857193993164e+19,0.3120157308830862,-0.5780219932804864
9.440608762859265e+21,131072,logarithmic,9.131370321958098e-24,0.08620569467839065,1.3304456530931423,1.2560216891099137e+22,0.0026097718441685366,2.4637834941120872e+19,0.3040327977542612,-0.5632973734070679
1e+22,131072,logarithmic,8.544380608393724e-24,0.08544380608393724,1.330534852093596,1.330534852093596e+22,0.0025431794802066384,2.5431794802066383e+19,0.2962535502937014,-0.5489452285855179
1.0592537251772853e+22,131072,logarithmic,7.995132432984306e-24,0.08468873812924359,1.3306217780537193,1.4094660752054252e+22,0.0024782772226352415,2.625124380098396e+19,0.288672819460456,-0.5349562683811815
1.1220184543019653e+22,131072,logarithmic,7.481198414854679e-24,0.0839404268176156,1.3307064885105415,1.4930772373681937e+22,0.002415022634124672,2.709699963044825e+19,0.2812855659904301,-0.5213214274750078
1.1885022274370165e+22,131072,logarithmic,7.000307355696878e-24,0.08319880884989471,1.3307890395641124,1.5816457377707154e+22,0.0023533743199544775,2.7969906212589707e+19,0.27408687720205105,-0.5080318605357514
1.2589254117941714e+22,131072,logarithmic,6.5503341851136904e-24,0.0824638216138369,1.330869485912422,1.675465415596593e+22,0.002293291903552217,2.887083454043714e+19,0.26707196388642274,-0.4950789372012654
1.3335214321633241e+22,131072,logarithmic,6.1292905537433905e-24,0.0817354031737302,1.3309478808855149,1.7748475242531932e+22,0.0022347360025481286,2.9800683546249224e+19,0.2602361572648926,-0.48245423715238545
1.4125375446227496e+22,131072,logarithmic,5.735316032387931e-24,0.08101349226024739,1.3310242764788087,1.8801217633306483e+22,0.0021776682053369274,3.0760380997696532e+19,0.253574906027243,-0.4701495452932747
1.4962356560944358e+22,131072,logarithmic,5.3666698780673806e-24,0.08029802826052393,1.331098723385653,1.9916373717113985e+22,0.0021220510481397207,3.17508844227922e+19,0.24708377342916865,-0.4581568470173103
1.584893192461111e+22,131072,logarithmic,5.0217233304450996e-24,0.07958895120845576,1.3311712710291492,2.109764285453903e+22,0.00206784799255774,3.2773182064491356e+19,0.24075843446047518,-0.4464683235700706
1.6788040181225657e+22,131072,logarithmic,4.698952404428529e-24,0.07888620177521306,1.3312419675931964,2.2348943642888487e+22,0.0020150234036096495,3.382829386590888e+19,0.23459467308604154,-0.43507634751187574
1.7782794100389228e+22,131072,logarithmic,4.396931146959118e-24,0.07818972125996225,1.3313108600528714,2.367442690793231e+22,0.0019635425282450445,3.4917272487139324e+19,0.22858837954733424,-0.4239734782681581
1.8836490894897943e+22,131072,logarithmic,4.114325328068018e-24,0.07749945158080121,1.331377994204071,2.5078489465492473e+22,0.001913371474324683,3.6041204354674344e+19,0.22273554778937665,-0.4131524578317003
1.995262314968883e+22,131072,logarithmic,3.849886538203395e-24,0.07681533526583244,1.331443414692404,2.6565788698492403e+22,0.0018644771900661133,3.720121074457991e+19,0.21703227266471892,-0.4026062062719826
2.1134890398366432e+22,131072,logarithmic,3.602446665653511e-24,0.07613731544454755,1.3315071650415466,2.814125799779269e+22,0.0018168274439306783,3.839844890021912e+19,0.2114747477612422,-0.3923278178910472
2.238721138568347e+22,131072,logarithmic,3.370912729556694e-24,0.07546533583927696,1.331569287680806,2.981012311799417e+22,0.0017703908049652392,3.963411318602713e+19,0.20605926273209452,-0.38231055691370086
2.371373705661655e+22,131072,logarithmic,3.1542620455940013e-24,0.07479934075688159,1.331629823972079,3.1577919502422462e+22,0.0017251366235748978,4.090943627819441e+19,0.20078220095953725,-0.3725478535370863
2.511886431509572e+22,131072,logarithmic,2.9515377029228427e-24,0.07413927508060818,1.3316888142361711,3.345051063472909e+22,0.0016810350127249279,4.222569039356267e+19,0.19564003722976064,-0.3630333000189445
2.660725059798814e+22,131072,logarithmic,2.761844332299068e-24,0.07348508426211453,1.3317462977785453,3.5434107477936686e+22,0.0016380568295634868,4.358418855794164e+19,0.19062933545017646,-0.3537606468363874
2.8183829312644493e+22,131072,logarithmic,2.5843441466268493e-24,0.07283671431366301,1.3318023129143464,3.753528906536309e+22,0.0015961736574569175,4.498628591510524e+19,0.18574674643050404,-0.34472379893549787
2.9853826189179694e+22,131072,logarithmic,2.418253236385516e-24,0.07219411180047447,1.3318568969929274,3.976102431168706e+22,0.0015553577884300528,4.643338107777772e+19,0.18098900572225407,-0.3359168120670497
3.1622776601683792e+22,131072,logarithmic,2.2628381035152174e-24,0.07155722383323955,1.3319100864217828,4.211869511644539e+22,0.0015155822060041095,4.792691752195506e+19,0.17635293149387277,-0.3273338891849331
3.3496543915782655e+22,131072,logarithmic,2.117412418400754e-24,0.07092599806078441,1.3319619166898653,4.461612083655211e+22,0.0014768205684240518,4.946838502594735e+19,0.17183542247971584,-0.31896937694567695
3.5481338923357603e+22,131072,logarithmic,1.9813339855842653e-24,0.07030038266288224,1.3320124223903664,4.726158420895516e+22,0.0014390471922685907,5.105932115558802e+19,0.16743345595431336,-0.31081776226010716
3.7583740428844353e+22,131072,logarithmic,1.854001904763484e-24,0.06968032634321379,1.3320616372429812,5.006385880936164e+22,0.0014022370364346734,5.270131279707273e+19,0.16314408577795536,-0.3028736689431488
3.981071705534985e+22,131072,logarithmic,1.7348539144984828e-24,0.0690657783224652,1.332109594115584,5.303223813805245e+22,0.0013663656864895686,5.439599773897508e+19,0.15896444047778235,-0.2951318544257009
4.2169650342858225e+22,131072,logarithmic,1.6233639068614767e-24,0.06845668833156474,1.3321563250454538,5.617656642919377e+22,0.0013314093393831297,5.614506630500244e+19,0.15489172137701512,-0.2875872065406404
4.466835921509617e+22,131072,logarithmic,1.5190396020214805e-24,0.06785300660505221,1.3322018612598914,5.950727128577654e+22,0.0012973447885128962,5.795026303912702e+19,0.1509232007718797,-0.28023474038330054
4.7315125896148125e+22,131072,logarithmic,1.4214203724659866e-24,0.06725468387457792,1.3322462331964582,6.3035398248359535e+22,0.0012641494091351333,5.98133884447701e+19,0.147056220152475,-0.27306959524084906
5.011872336272714e+22,131072,logarithmic,1.3300752072249533e-24,0.06666167136252941,1.3322894705226056,6.6772647412196685e+22,0.001231801144114564,6.173630077976863e+19,0.14328818846722768,-0.2660870315913666
5.308844442309901e+22,131072,logarithmic,1.244600807083169e-24,0.06607392077577899,1.3323316021549505,7.073141221414155e+22,0.0012002784900059858,6.372091790892397e+19,0.1396165804299132,-0.2592824281706263
5.623413251903491e+22,131072,logarithmic,1.164619802348415e-24,0.06549138429955301,1.3323726562779534,7.492482051787298e+22,0.0011695604834609053,6.5769219215967085e+19,0.1360389348693536,-0.2526512791064084
5.9566214352900855e+22,131072,logarithmic,1.0897790852853484e-24,0.06491401459141528,1.3324126603622504,7.936677813365669e+22,0.0011396266879524183,6.78832475768602e+19,0.13255285311506437,-0.24618919111339954
6.309573444801943e+22,131072,logarithmic,1.0197482498341182e-24,0.0643417647753661,1.332451641182515,8.407201491687963e+22,0.0011104571808116409,7.006511139638759e+19,0.12915599742902018,-0.23989188075883572
6.683439175686135e+22,131072,logarithmic,9.54218131707671e-25,0.0637745884360508,1.33248962483483,8.905613359816423e+22,0.0010820325405692128,7.231698671007474e+19,0.1258460894724145,-0.23375517178669813
7.079457843841402e+22,131072,logarithmic,8.928994424066701e-25,0.06321243961307514,1.3325266367536892,9.433566150693507e+22,0.001054333834595327,7.464111935353271e+19,0.12262090880956755,-0.22777499250324906
7.498942093324558e+22,131072,logarithmic,8.355214911074118e-25,0.06265527279542671,1.3325627017285928,9.992810535986842e+22,0.0010273426070320137,7.703982720138158e+19,0.11947829145249056,-0.22194737322621672
7.94328234724279e+22,131072,logarithmic,7.818309887669227e-25,0.06210304291599672,1.3325978439201769,1.0585200929584942e+23,0.001001040867011324,7.951550247799667e+19,0.1164161284352705,-0.2162684437871265
8.413951416451964e+22,131072,logarithmic,7.31590929154189e-25,0.061555705346202964,1.3326320868760366,1.1212701634979965e+23,0.0009754110771532788,8.207061414236766e+19,0.11343236443135396,-0.2107344310987913
8.91250938133744e+22,131072,logarithmic,6.845795418568421e-25,0.06101321589070793,1.33266545354607,1.1877393356913663e+23,0.0009504361423376112,8.470771034946127e+19,0.11052499639725433,-0.20534165677227323
9.440608762859264e+22,131072,logarithmic,6.405893126315318e-25,0.06047553078223232,1.3326979662974752,1.2581480098872665e+23,0.0009260993987431315,8.742942099053103e+19,0.10769207225911348,-0.20008653479778316
1e+23,131072,logarithmic,5.994260667645931e-25,0.0599426066764593,1.332729646929466,1.3327296469294659e+23,0.0009023846031491578,9.023846031491577e+19,0.104931689618315,-0.19496556926721365
1.0592537251772854e+23,131072,logarithmic,5.60908111388378e-25,0.059414400647029506,1.3327605166874503,1.4117315420703854e+23,0.0008792759224929003,9.313762963592987e+19,0.10224199450563631,-0.1899753521657943
1.1220184543019653e+23,131072,logarithmic,5.248654329599229e-25,0.05889087018062245,1.3327905962770332,1.4954156447429515e+23,0.0008567579236774402,9.612982012355225e+19,0.09962118015265364,-0.18511256120231634
1.1885022274370166e+23,131072,logarithmic,4.911389463526833e-25,0.058371973172123344,1.332819905877579,1.584059426907897e+23,0.0008348155636246038,9.921801568669301e+19,0.0970674858016718,-0.1803739576983543
1.2589254117941714e+23,131072,logarithmic,4.595797922405563e-25,0.057857667919872215,1.3328484651554535,1.6779568028550585e+23,0.0008134341795672534,1.0240529594791584e+20,0.0945791955402342,-0.17575638452236308
1.3335214321633241e+23,131072,logarithmic,4.30048679667352e-25,0.05734791312099539,1.3328762932769458,1.7774191035072155e+23,0.0007925994795757005,1.0569483931356935e+20,0.09215463717127115,-0.17125676407926393
1.4125375446227497e+23,131072,logarithmic,4.0241527089458494e-25,0.056842667866813565,1.3329034089208915,1.882776108456409e+23,0.0007722975333129685,1.0908992614241067e+20,0.08979218110150011,-0.1668720963378334
1.4962356560944359e+23,131072,logarithmic,3.7655760580786864e-25,0.05634189163832863,1.332929830290937,1.994377139153205e+23,0.0007525147630136994,1.1259394201585515e+20,0.08749023926775124,-0.16259945691521338
1.584893192461111e+23,131072,logarithmic,3.523615633370548e-25,0.05584554430178527,1.332955575127549,2.1125922168727373e+23,0.0007332379346816771,1.1621038111312347e+20,0.08524726408625227,-0.15843599520318774
1.6788040181225658e+23,131072,logarithmic,3.2972035750907104e-25,0.055353586104303736,1.3329806607196766,2.2378132892958655e+23,0.0007144541495010266,1.1994284969466638e+20,0.08306174742183092,-0.154378932532917
1.7782794100389228e+23,131072,logarithmic,3.0853406590579704e-25,0.05486597766958709,1.3330051039161772,2.3704555297709327e+23,0.0006961508354561239,1.237950696973019e+20,0.08093221959470931,-0.15042556039543964
1.8836490894897944e+23,131072,logarithmic,2.887091884424494e-25,0.05438267999369573,1.3330289211369406,2.5109587135631612e+23,0.0006783157391555106,1.2777088244468744e+20,0.07885724840386299,-0.1465732386964791
1.9952623149688827e+23,131072,logarithmic,2.701582345163012e-25,0.053903654440890146,1.3330521283836814,2.6597886756530202e+23,0.0006609369178551682,1.318742524768101e+20,0.07683543817400551,-0.14281939405229593
2.1134890398366435e+23,131072,logarithmic,2.5279933670094393e-25,0.05342886273954183,1.3330747412505524,2.817438854916112e+23,0.0006440027316764164,1.3610927150229647e+20,0.0748654288361239,-0.1391615181364214
2.238721138568347e+23,131072,logarithmic,2.365558892787015e-25,0.05295826697810625,1.333096774934423,2.9844319298029828e+23,0.0006275018360140979,1.4048016247752096e+20,0.07294589501749549,-0.1355971660524924
2.371373705661655e+23,131072,logarithmic,2.2135621001378617e-25,0.05249182960116117,1.3331182442449718,3.161321550940358e+23,0.0006114231741305547,1.449912838165385e+20,0.07107554516545544,-0.13212395475737937
2.5118864315095718e+23,131072,logarithmic,2.0713322367141136e-25,0.05202951340550554,1.3331391636144443,3.348694176397142e+23,0.000595755969931062,1.4964713373606593e+20,0.06925312068697398,-0.12873956151617794
2.660725059798814e+23,131072,logarithmic,1.9382416588438647e-25,0.051571281536318944,1.3331595471071829,3.5471710156981186e+23,0.0005804897209165659,1.5445235473983265e+20,0.06747739511243633,-0.12544172239744578
2.818382931264449e+23,131072,logarithmic,1.8137030605861464e-25,0.051117097483380856,1.333179408429055,3.757410089029684e+23,0.0005656141913094975,1.5941173824676325e+20,0.0657471732827597,-0.12222823080699774
2.9853826189179693e+23,131072,logarithmic,1.6971668809309756e-25,0.05066692507734557,1.3331987609363902,3.9801084084624724e+23,0.0005511194053486705,1.645302293676328e+20,0.06406129054956633,-0.11909693605018923
3.162277660168379e+23,131072,logarithmic,1.5881188776889657e-25,0.05022072848607495,1.3332176176449566,4.2160042884215545e+23,0.0005369956407492758,1.6981293183492394e+20,0.06241861200249055,-0.11604574193602168
3.3496543915782654e+23,131072,logarithmic,1.4860778573508557e-25,0.04977847221102513,1.3332359912385159,4.465879793062296e+23,0.0005232334223240434,1.752651130908257e+20,0.0608180317124285,-0.11307260541181252
3.5481338923357603e+23,131072,logarithmic,1.3905935508878722e-25,0.049340121083687925,1.3332538940772685,4.7305633286641884e+23,0.0005098235157618065,1.8089220953842405e+20,0.0592584719974365,-0.1101755352349243
3.758374042884436e+23,131072,logarithmic,1.3012446261083112e-25,0.0489056402620834,1.3332713382061079,5.010932389635631e+23,0.0004967569215597823,1.8669983196134654e+20,0.057738882700908434,-0.1073525906704842
3.9810717055349855e+23,131072,logarithmic,1.2176368277895809e-25,0.04847499522730476,1.3332883353625333,5.3079164672316226e+23,0.0004840248691058,1.9269377111723753e+20,0.056258240494022616,-0.10460188022726191
4.2169650342858225e+23,131072,logarithmic,1.139401237370002e-25,0.04804815178011299,1.3333048969845083,5.622500130625732e+23,0.00047161881090706565,1.988800035106553e+20,0.054815548192466146,-0.10192156042110323
4.466835921509616e+23,131072,logarithmic,1.0661926445125564e-25,0.04762507603758019,1.3333210342180484,5.955726290549531e+23,0.0004595304169618486,2.0526469735114772e+20,0.05340983408972377,-0.09930983456805098
4.731512589614813e+23,131072,logarithmic,9.976880233478394e-26,0.047205734429782195,1.3333367579246524,6.308699656316691e+23,0.00044775156927072537,2.118542187024226e+20,0.052040151313370586,-0.09676495161319298
5.011872336272715e+23,131072,logarithmic,9.335851066656236e-26,0.04679009369653651,1.333352078688498,6.682590397690604e+23,0.00043627435648409615,2.186551378287822e+20,0.050705577188492335,-0.094285204979494
5.308844442309901e+23,131072,logarithmic,8.73601051757458e-26,0.04637812088418665,1.3333670068235097,7.078638023734378e+23,0.00042509106868260724,2.256742357451236e+20,0.049405212621622674,-0.09186893144896846
5.623413251903491e+23,131072,logarithmic,8.174711920179825e-26,0.04596978334243266,1.3333815523802286,7.498155491498626e+23,0.0004141941922873533,2.3291851097701653e+20,0.048138181503820654,-0.08951451007519484
5.956621435290085e+23,131072,logarithmic,7.649478687910679e-26,0.04556504872120343,1.3333957251524906,7.942533558167492e+23,0.0004035764050967409,2.4039518653765612e+20,0.046903630121497564,-0.08722036111560305
6.309573444801942e+23,131072,logarithmic,7.157993383020518e-26,0.04516388496757428,1.333409534683978,8.413245391087743e+23,0.0003932305714469091,2.4811171712857106e+20,0.04570072659022539,-0.08498494499756815
6.683439175686135e+23,131072,logarithmic,6.698087488486629e-26,0.04476626032272469,1.3334229902745593,8.911851450961542e+23,0.0003831497374928266,2.560757965713416e+20,0.04452866029269753,-0.08280676130055786
7.079457843841402e+23,131072,logarithmic,6.267731837338271e-26,0.044372143318938906,1.3334361009864841,9.44000466439006e+23,0.00037332712660699606,2.6429536547766705e+20,0.04338664134289072,-0.08068434777499522
7.498942093324558e+23,131072,logarithmic,5.865027657140799e-26,0.04398150277664586,1.3334488756504759,9.999455902911658e+23,0.0003637561348930907,2.7277861916548442e+20,0.04227390005240306,-0.0786162793743439
7.94328234724279e+23,131072,logarithmic,5.488198190088465e-26,0.043594307801499525,1.3334613228715673,1.0592059786696738e+24,0.00035443032681157187,2.8153401582898515e+20,0.041189686420151084,-0.076601167320689
8.413951416451965e+23,131072,logarithmic,5.135580851703827e-26,0.043210527781497005,1.3334734510348876,1.1219780832136083e+24,0.00034534343091471273,2.9057028497072285e+20,0.040133269626374535,-0.07463765818522816
8.912509381337441e+23,131072,logarithmic,4.805619893519698e-26,0.04283013238413614,1.3334852683112213,1.1884699963699034e+24,0.000336489335688251,2.9989643610415405e+20,0.03910393754735786,-0.07272443299934928
9.440608762859264e+23,131072,logarithmic,4.496859537345197e-26,0.042453091553608324,1.333496782662518,1.2589021411648401e+24,0.0003278620854971503,3.0952176773537104e+20,0.03810099627481467,-0.07086020637994128
1e+24,131072,logarithmic,4.207937550802987e-26,0.04207937550802987,1.3335080018471501,1.33350800184715e+24,0.000319455876632889,3.19455876632889e+20,0.03712376965410158,-0.06904372568374839
