N_B,D_B,u,Q,z,z0,u_max,t,tn,td,reducible_loss,loss,C_train,C_att,C_quality,c,M,kkt_log_residual,bracket_expansions,logN_margin,C,L_ctx,cost,recipe,s_Q,keep,mapping,state,near_optimal_states,near_optimal_t_min,near_optimal_t_max,candidate_count,grid,share_train,share_att,share_quality,budget_relative_error,baseline_loss,baseline_N_B,baseline_D_B,loss_gain,reducible_gain_fraction,scenario,within_B1_ND_rectangle,within_B7_ND_rectangle,quality_positive_extrapolation,mixture_transfer_assumption
0.24055542333190014,6.036472156129297,0.0903384671947647,-0.006787839598371412,0.6155923612523205,0.5595650518048322,0.0903384671947647,1.0,0.5745696939341708,0.7498640356722799,1.2380535360695766,2.92789130622743,8.712636689693466e+18,5.947826646830739e+17,6.925806456234598e+17,1.1473268288336742e+17,-0.3358855748299693,1.3211653993039363e-13,0,0.9166215715853987,1e+19,2048,exponential,p_star,1.0,0.5,A1_balanced_q01_q99,R2,R2,1.0,1.0,2,65,0.8712636689693466,0.059478266468307395,0.06925806456234598,0.0,2.958191297705291,0.2213116933514807,7.04960382676961,0.030299991477861,0.023889231842521553,p_star,True,False,True,True
5.0278523670722395,309.20259382518594,0.0903384671947647,-0.006787839598371412,0.6155923612523205,0.5595650518048322,0.0903384671947647,1.0,0.20441137177675647,0.2491825186946377,0.42401028264701074,2.1138480528048644,9.327749959613024e+21,6.367743972429158e+20,3.547564314405972e+19,1.1473268288336742e+17,-0.17669732583812772,1.7763568394002505e-15,0,0.995871493514886,1e+22,2048,exponential,p_star,1.0,0.5,A1_balanced_q01_q99,R2,R2,1.0,1.0,2,65,0.9327749959613024,0.06367743972429159,0.0035475643144059718,0.0,2.129076985533375,5.0071376358424855,311.58715294570754,0.015228932728510447,0.03467115912109751,p_star,False,True,True,True
40.07482266859698,3891.378912173956,0.0903384671947647,-0.006787839598371412,0.6155923612523205,0.5595650518048322,0.0903384671947647,1.0,0.10092805422160055,0.1226520847142043,0.2089981366501829,1.8988359068080365,9.356779190501347e+23,6.387561260715586e+22,4.464683427094778e+20,1.1473268288336742e+17,-0.0884853784070482,4.884981308350689e-15,0,0.9994812252303338,1e+24,2048,exponential,p_star,1.0,0.5,A1_balanced_q01_q99,R2,R2,1.0,1.0,2,65,0.9356779190501348,0.06387561260715587,0.00044646834270947776,0.0,1.9064460055634362,40.05403825337882,3895.137240569872,0.007610098755399752,0.03513300748307395,p_star,False,False,True,True
0.2572221485975224,5.329005660788413,0.0903384671947647,-0.006787839598371412,0.6155923612523205,0.5595650518048322,0.0903384671947647,1.0,0.5616314872643033,0.7764885729444565,1.250847237724276,2.94068500788213,8.22442971573813e+18,5.6145440192772314e+17,1.2141158823341455e+18,2.2783159929211264e+17,-0.19565102202482154,1.1102230246251565e-13,0,0.8496319820719413,1e+19,2048,power,p_star,1.0,0.5,A1_balanced_q01_q99,R2,R2,1.0,1.0,2,65,0.8224429715738131,0.05614544019277232,0.12141158823341455,0.0,2.958191297705291,0.2213116933514807,7.04960382676961,0.017506289823161048,0.013802374056555397,p_star,True,False,True,True
5.048118480272864,306.89671986862123,0.0903384671947647,-0.006787839598371412,0.6155923612523205,0.5595650518048322,0.0903384671947647,1.0,0.20413199998828815,0.2497051322496945,0.4242376600706695,2.114075430228523,9.295506018623467e+21,6.34573210871362e+20,6.992077050517146e+19,2.2783159929211264e+17,-0.17381222826075582,1.5543122344752192e-15,0,0.9918488259553497,1e+22,2048,power,p_star,1.0,0.5,A1_balanced_q01_q99,R2,R2,1.0,1.0,2,65,0.9295506018623466,0.0634573210871362,0.006992077050517146,0.0,2.129076985533375,5.0071376358424855,311.58715294570754,0.0150015553048517,0.034153497182683484,p_star,False,True,True,True
40.095291514957076,3887.683092325742,0.0903384671947647,-0.006787839598371412,0.6155923612523205,0.5595650518048322,0.0903384671947647,1.0,0.10091053376697998,0.12268470873482616,0.20901225515447433,1.898850025312328,9.352667214274225e+23,6.384754151611204e+22,8.857370564654798e+20,2.2783159929211264e+17,-0.08830485678952135,8.881784197001252e-15,0,0.9989705898891392,1e+24,2048,power,p_star,1.0,0.5,A1_balanced_q01_q99,R2,R2,1.0,1.0,2,65,0.9352667214274225,0.06384754151611204,0.0008857370564654798,0.0,1.9064460055634362,40.05403825337882,3895.137240569872,0.007595980251108303,0.03506782757767937,p_star,False,False,True,True
0.24790749524035285,5.707606103782343,0.0903384671947647,-0.006787839598371412,0.6155923612523205,0.5595650518048322,0.0903384671947647,1.0,0.5687187857836925,0.7617142613927949,1.2436615753134843,2.933499345471338,8.489749998043381e+18,5.795669331997614e+17,9.306830687568588e+17,1.6306014322538995e+17,-0.31680342275863904,1.1152190282359697e-13,0,0.8865164115071382,1e+19,2048,logarithmic,p_star,1.0,0.5,A1_balanced_q01_q99,R2,R2,1.0,1.0,2,65,0.8489749998043381,0.05795669331997614,0.09306830687568587,0.0,2.958191297705291,0.2213116933514807,7.04960382676961,0.02469195223395282,0.0194677207085148,p_star,True,False,True,True
5.036530588661244,308.21193780507684,0.0903384671947647,-0.006787839598371412,0.6155923612523205,0.5595650518048322,0.0903384671947647,1.0,0.20429155662955606,0.24940643217340452,0.424107591636214,2.1139453617940673,9.313913115274958e+21,6.358298020027706e+20,5.025708272227081e+19,1.6306014322538995e+17,-0.1762341422423405,2.4424906541753444e-15,0,0.9941469518757298,1e+22,2048,logarithmic,p_star,1.0,0.5,A1_balanced_q01_q99,R2,R2,1.0,1.0,2,65,0.9313913115274958,0.06358298020027706,0.0050257082722270805,0.0,2.129076985533375,5.0071376358424855,311.58715294570754,0.015131623739307543,0.03444961927265742,p_star,False,True,True,True
40.08357143785216,3889.798588696418,0.0903384671947647,-0.006787839598371412,0.6155923612523205,0.5595650518048322,0.0903384671947647,1.0,0.10092056418333538,0.12266602980997053,0.20900417070578423,1.8988419408636377,9.355021176532162e+23,6.386361123179289e+22,6.342711149907576e+20,1.6306014322538995e+17,-0.08845622156338724,5.773159728050814e-15,0,0.999262938190344,1e+24,2048,logarithmic,p_star,1.0,0.5,A1_balanced_q01_q99,R2,R2,1.0,1.0,2,65,0.9355021176532162,0.06386361123179289,0.0006342711149907576,1.3421772800000001e-16,1.9064460055634362,40.05403825337882,3895.137240569872,0.007604064699798574,0.035105150483131085,p_star,False,False,True,True
0.23333717421313052,5.8619892825431785,0.0903384671947647,-0.006787839598371412,0.6155923612523205,0.5595650518048322,0.0903384671947647,1.0,0.5805520146759423,0.7560453487312505,1.2494238519274632,2.9392616220853167,8.206920086737691e+18,1.1205181558425859e+18,6.72561757419725e+17,1.1473268288336742e+17,-0.34467014191303397,1.174060848541103e-13,0,0.919117517942545,1e+19,4096,exponential,p_star,1.0,0.5,A1_balanced_q01_q99,R2,R2,1.0,1.0,2,65,0.820692008673769,0.11205181558425859,0.0672561757419725,2.048e-16,2.970310125002496,0.21520735927894521,6.814114917167469,0.0310485029171792,0.024247694844568717,p_star,True,False,True,True
4.888501135451297,298.9500906381155,0.0903384671947647,-0.006787839598371412,0.6155923612523205,0.5595650518048322,0.0903384671947647,1.0,0.20637409683912886,0.2515454345350336,0.42805380320657144,2.117891573364425,8.768507145166175e+21,1.1971935088866883e+21,3.4299345947136856e+19,1.1473268288336742e+17,-0.17849049665423325,1.9984014443252818e-15,0,0.9960086214905974,1e+22,4096,exponential,p_star,1.0,0.5,A1_balanced_q01_q99,R2,R2,1.0,1.0,2,65,0.8768507145166176,0.11971935088866884,0.003429934594713686,2.097152e-16,2.1332738155793236,4.869028164926255,301.17872139461934,0.01538224221489859,0.034688750212622466,p_star,True,True,True,True
38.96878326630375,3761.5103222186817,0.0903384671947647,-0.006787839598371412,0.6155923612523205,0.5595650518048322,0.0903384671947647,1.0,0.10189299854761613,0.12382288049040353,0.21099458277396016,1.9008323529318136,8.794888830030253e+23,1.2007954882601305e+23,4.315681709616292e+20,1.1473268288336742e+17,-0.08933736347996843,4.440892098500626e-16,0,0.9994985422515148,1e+24,4096,exponential,p_star,1.0,0.5,A1_balanced_q01_q99,R2,R2,1.0,1.0,2,65,0.8794888830030253,0.12007954882601304,0.0004315681709616292,0.0,1.9085156476143466,38.94924696670958,3765.0218973431524,0.007683294682532926,0.03513521702286264,p_star,False,False,True,True
0.24909101210912246,5.190940899121219,0.0903384671947647,-0.006787839598371412,0.6155923612523205,0.5595650518048322,0.0903384671947647,1.0,0.5677986403135535,0.782214514357222,1.2619646589469167,2.95180242910477,7.758100334164455e+18,1.0592392989579203e+18,1.1826603668776243e+18,2.2783159929211264e+17,-0.20664380160179308,9.658940314238862e-14,0,0.8537836849353484,1e+19,4096,power,p_star,1.0,0.5,A1_balanced_q01_q99,R2,R2,1.0,1.0,2,65,0.7758100334164455,0.10592392989579202,0.11826603668776244,0.0,2.970310125002496,0.21520735927894521,6.814114917167469,0.018507695897725718,0.01445380357311285,p_star,True,False,True,True
4.907557115347371,296.79363378178454,0.0903384671947647,-0.006787839598371412,0.6155923612523205,0.5595650518048322,0.0903384671947647,1.0,0.20610130036029126,0.2520556585755441,0.42827574563050597,2.1181135157883597,8.739190255533592e+21,1.1931907762221865e+21,6.761896824422156e+19,2.2783159929211264e+17,-0.1756735473312784,1.3322676295501878e-15,0,0.9921180762437884,1e+22,4096,power,p_star,1.0,0.5,A1_balanced_q01_q99,R2,R2,1.0,1.0,2,65,0.8739190255533592,0.11931907762221865,0.006761896824422156,0.0,2.1332738155793236,4.869028164926255,301.17872139461934,0.015160299790963894,0.03418824416169108,p_star,True,True,True,True
38.988023561184754,3758.0568718061777,0.0903384671947647,-0.006787839598371412,0.6155923612523205,0.5595650518048322,0.0903384671947647,1.0,0.10187590013128935,0.12385471794537695,0.2110083605255432,1.9008461306833968,8.791152591735092e+23,1.2002853671915646e+23,8.562041073343154e+20,2.2783159929211264e+17,-0.08916119226364112,8.881784197001252e-15,0,0.9990049280039677,1e+24,4096,power,p_star,1.0,0.5,A1_balanced_q01_q99,R2,R2,1.0,1.0,2,65,0.8791152591735092,0.12002853671915646,0.0008562041073343154,0.0,1.9085156476143466,38.94924696670958,3765.0218973431524,0.007669516930949749,0.03507221224275735,p_star,False,False,True,True
0.24028172165713876,5.550654760508052,0.0903384671947647,-0.006787839598371412,0.6155923612523205,0.5595650518048322,0.0903384671947647,1.0,0.5747921255681191,0.7676822911151141,1.2549176010123895,2.9447553711702428,8.002325293075608e+18,1.0925841466812562e+18,9.050905602431355e+17,1.6306014322538995e+17,-0.3257727456680548,1.2673195826096162e-13,0,0.889789949927489,1e+19,4096,logarithmic,p_star,1.0,0.5,A1_balanced_q01_q99,R2,R2,1.0,1.0,2,65,0.8002325293075607,0.10925841466812562,0.09050905602431356,0.0,2.970310125002496,0.21520735927894521,6.814114917167469,0.02555475383225314,0.01995728664938919,p_star,True,False,True,True
4.896660594729675,298.02379168334005,0.0903384671947647,-0.006787839598371412,0.6155923612523205,0.5595650518048322,0.0903384671947647,1.0,0.2062571157028037,0.2517640205944979,0.42814878140862306,2.1179865515664766,8.75592814216642e+21,1.1954760556771219e+21,4.8595802156459205e+19,1.6306014322538995e+17,-0.17803814905077603,1.3322676295501878e-15,0,0.9943409002214914,1e+22,4096,logarithmic,p_star,1.0,0.5,A1_balanced_q01_q99,R2,R2,1.0,1.0,2,65,0.875592814216642,0.11954760556771218,0.004859580215645921,0.0,2.1332738155793236,4.869028164926255,301.17872139461934,0.015287264012846968,0.0344745632897679,p_star,True,True,True,True
38.9770068551284,3760.033669261589,0.0903384671947647,-0.006787839598371412,0.6155923612523205,0.5595650518048322,0.0903384671947647,1.0,0.10188568904567769,0.12383648921470126,0.21100047115806128,1.9008382413159148,8.793291486139352e+23,1.2005773975742263e+23,6.131116286420831e+20,1.6306014322538995e+17,-0.08930890847546055,7.549516567451064e-15,0,0.9992875343486545,1e+24,4096,logarithmic,p_star,1.0,0.5,A1_balanced_q01_q99,R2,R2,1.0,1.0,2,65,0.8793291486139352,0.12005773975742264,0.0006131116286420831,1.3421772800000001e-16,1.9085156476143466,38.94924696670958,3765.0218973431524,0.0076774062984317215,0.035108289817561346,p_star,False,False,True,True
0.2207128211792383,5.5536256824204555,0.0903384671947647,-0.006787839598371412,0.6155923612523205,0.5595650518048322,0.0903384671947647,1.0,0.59163512647365,0.767567324689223,1.270554625180572,2.9603923953384257,7.354538352842949e+18,2.0082792728829806e+18,6.371823742740712e+17,1.1473268288336742e+17,-0.360716557415185,9.447997939560082e-14,0,0.9235155332099587,1e+19,8192,exponential,p_star,1.0,0.5,A1_balanced_q01_q99,R2,R2,1.0,1.0,2,65,0.7354538352842949,0.20082792728829807,0.06371823742740712,0.0,2.992805432632835,0.2044611410334612,6.403048959103759,0.032413037294409364,0.024876317523368878,p_star,True,False,True,True
4.643285306760648,281.04095073598586,0.0903384671947647,-0.006787839598371412,0.6155923612523205,0.5595650518048322,0.0903384671947647,1.0,0.21001677206263547,0.2559326525008675,0.43555998296860315,2.1253977531264567,7.829719902902676e+21,2.1380355148192909e+21,3.2244582278031954e+19,1.1473268288336742e+17,-0.18181258123514657,1.3322676295501878e-15,0,0.9962481187128029,1e+22,8192,exponential,p_star,1.0,0.5,A1_balanced_q01_q99,R2,R2,1.0,1.0,2,65,0.7829719902902676,0.2138035514819291,0.0032244582278031955,0.0,2.141064089393823,4.625896891539429,283.0099172045741,0.015666336267366354,0.03471946471095301,p_star,True,True,True,True
37.02178707050777,3534.7935788914206,0.0903384671947647,-0.006787839598371412,0.6155923612523205,0.5595650518048322,0.0903384671947647,1.0,0.10368411795193354,0.12599621408286682,0.2147004722733951,1.9045382424312487,7.851862512954977e+23,2.1440819235375723e+23,4.0555635074511274e+20,1.1473268288336742e+17,-0.09091843547825204,1.3322676295501878e-15,0,0.9995287726428805,1e+24,8192,exponential,p_star,1.0,0.5,A1_balanced_q01_q99,R2,R2,1.0,1.0,2,65,0.7851862512954977,0.21440819235375724,0.00040555635074511275,1.3421772800000001e-16,1.912357375322658,37.004345501425576,3537.8944784229056,0.00781913289140923,0.035139074085711416,p_star,False,False,True,True
0.2349179599558349,4.945038506451225,0.0903384671947647,-0.006787839598371412,0.6155923612523205,0.5595650518048322,0.0903384671947647,1.0,0.5792208702687109,0.7929120129063778,1.2826417283083271,2.9724794984661806,6.970070147031423e+18,1.9032938214827139e+18,1.1266360314858627e+18,2.2783159929211264e+17,-0.22671167285760208,8.62088178621434e-14,0,0.8611415914092464,1e+19,8192,power,p_star,1.0,0.5,A1_balanced_q01_q99,R2,R2,1.0,1.0,2,65,0.6970070147031423,0.1903293821482714,0.11266360314858627,0.0,2.992805432632835,0.2044611410334612,6.403048959103759,0.020325934166654402,0.015599722657771228,p_star,True,False,True,True
4.660308762703647,279.1336380037991,0.0903384671947647,-0.006787839598371412,0.6155923612523205,0.5595650518048322,0.0903384671947647,1.0,0.20975563314982337,0.25642092361259816,0.43577230149820595,2.1256100716560593,7.805093634926715e+21,2.1313109019106552e+21,6.359546316263118e+19,2.2783159929211264e+17,-0.17911641892102945,4.884981308350689e-15,0,0.9925885706253688,1e+22,8192,power,p_star,1.0,0.5,A1_balanced_q01_q99,R2,R2,1.0,1.0,2,65,0.7805093634926715,0.21313109019106552,0.006359546316263118,2.097152e-16,2.141064089393823,4.625896891539429,283.0099172045741,0.015454017737763781,0.034248928041101176,p_star,True,True,True,True
37.038965330416296,3531.7435749777746,0.0903384671947647,-0.006787839598371412,0.6155923612523205,0.5595650518048322,0.0903384671947647,1.0,0.10366776638628908,0.1260266597112408,0.21471364711469504,1.9045514172725486,7.848727669771339e+23,2.1432259023588932e+23,8.046427869768297e+20,2.2783159929211264e+17,-0.09074996257379504,8.881784197001252e-15,0,0.9990648761886938,1e+24,8192,power,p_star,1.0,0.5,A1_balanced_q01_q99,R2,R2,1.0,1.0,2,65,0.7848727669771339,0.21432259023588932,0.0008046427869768297,0.0,1.912357375322658,37.004345501425576,3537.8944784229056,0.007805958050109307,0.03507986653278504,p_star,False,False,True,True
0.2269668292935076,5.272249550272333,0.0903384671947647,-0.006787839598371412,0.6155923612523205,0.5595650518048322,0.0903384671947647,1.0,0.5860413850428905,0.7788191673593937,1.2758437023841356,2.965681472541989,7.179754582016596e+18,1.9605516511959985e+18,8.596937667874044e+17,1.6306014322538995e+17,-0.34217285614570303,1.5021317523178368e-13,0,0.8955740576870326,1e+19,8192,logarithmic,p_star,1.0,0.5,A1_balanced_q01_q99,R2,R2,1.0,1.0,2,65,0.7179754582016596,0.19605516511959983,0.08596937667874044,2.048e-16,2.992805432632835,0.2044611410334612,6.403048959103759,0.027123960090845944,0.020817063133649748,p_star,True,False,True,True
4.650573586464975,280.22192457493895,0.0903384671947647,-0.006787839598371412,0.6155923612523205,0.5595650518048322,0.0903384671947647,1.0,0.20990481344318962,0.25614180162963995,0.4356508346669965,2.12548860482485,7.819156084659549e+21,2.1351508881843675e+21,4.569302715608397e+19,1.6306014322538995e+17,-0.1813794547152481,1.3322676295501878e-15,0,0.9946797107388712,1e+22,8192,logarithmic,p_star,1.0,0.5,A1_balanced_q01_q99,R2,R2,1.0,1.0,2,65,0.781915608465955,0.21351508881843675,0.004569302715608396,0.0,2.141064089393823,4.625896891539429,283.0099172045741,0.015575484568973064,0.034518120741152715,p_star,True,True,True,True
37.02912919876871,3533.489487043859,0.0903384671947647,-0.006787839598371412,0.6155923612523205,0.5595650518048322,0.0903384671947647,1.0,0.10367712791573937,0.12600922762065703,0.21470610291937137,1.9045438730772248,7.85052232429428e+23,2.1437159626872916e+23,5.761713018427813e+20,1.6306014322538995e+17,-0.09089122253995982,0.0,0,0.9993304731847537,1e+24,8192,logarithmic,p_star,1.0,0.5,A1_balanced_q01_q99,R2,R2,1.0,1.0,2,65,0.7850522324294281,0.21437159626872918,0.0005761713018427812,0.0,1.912357375322658,37.004345501425576,3537.8944784229056,0.00781350224543309,0.035113770041278525,p_star,False,False,True,True
0.173419553052669,4.363435072977809,0.0903384671947647,-0.006787839598371412,0.6155923612523205,0.5595650518048322,0.0903384671947647,1.0,0.6421854393339511,0.8211730327918892,1.3679175412507143,3.0577553114085676,4.5402297607809106e+18,4.959141626708962e+18,5.006286125101261e+17,1.1473268288336742e+17,-0.43047842588448604,3.68594044175552e-14,0,0.940336090005756,1e+19,32768,exponential,p_star,1.0,0.5,A1_balanced_q01_q99,R2,R2,1.0,1.0,2,65,0.45402297607809106,0.4959141626708962,0.05006286125101261,0.0,3.096068297683704,0.16337528406908372,4.875794103672979,0.038312986275136574,0.027245167506457824,p_star,True,False,True,True
3.706925679194767,214.36229572471456,0.0903384671947647,-0.006787839598371412,0.6155923612523205,0.5595650518048322,0.0903384671947647,1.0,0.22672972455088009,0.2760876545051591,0.4700233920518947,2.159861162209748,4.767750592038523e+21,5.207655046663943e+21,2.4594361297534304e+19,1.1473268288336742e+17,-0.19697004764009535,3.774758283725532e-15,0,0.9971393721324298,1e+22,32768,exponential,p_star,1.0,0.5,A1_balanced_q01_q99,R2,R2,1.0,1.0,2,65,0.47677505920385227,0.5207655046663944,0.0024594361297534304,0.0,2.17682470253303,3.696336697083492,215.50640865007304,0.016963540323281734,0.03483366635844967,p_star,True,True,True,True
29.579046208854482,2692.2375593199295,0.0903384671947647,-0.006787839598371412,0.6155923612523205,0.5595650518048322,0.0903384671947647,1.0,0.11190557140133728,0.13597371700638383,0.2317124841140823,1.9215502542719358,4.778029150340268e+23,5.21888197327833e+23,3.088876381401446e+20,1.1473268288336742e+17,-0.09817041236809462,0.0,0,0.999641112097482,1e+24,32768,exponential,p_star,1.0,0.5,A1_balanced_q01_q99,R2,R2,1.0,1.0,2,65,0.47780291503402683,0.521888197327833,0.0003088876381401446,0.0,1.9299925113441148,29.56843255167263,2694.036098659802,0.008442257072178938,0.03515340580193321,p_star,False,False,True,True
0.1824066441810337,3.9718922725117385,0.0903384671947647,-0.006787839598371412,0.6155923612523205,0.5595650518048322,0.0903384671947647,1.0,0.6312484041923329,0.8430687353135431,1.3781614791671057,3.0679992493249593,4.346997242864676e+18,4.748080188472991e+18,9.04922568662333e+17,2.2783159929211264e+17,-0.31360249939586876,1.34781075189494e-13,0,0.8898114072898715,1e+19,32768,power,p_star,1.0,0.5,A1_balanced_q01_q99,R2,R2,1.0,1.0,2,65,0.4346997242864676,0.47480801884729906,0.0904922568662333,0.0,3.096068297683704,0.16337528406908372,4.875794103672979,0.028069048358744908,0.01996048856095461,p_star,True,False,True,True
3.7173092291845347,213.2494222956824,0.0903384671947647,-0.006787839598371412,0.6155923612523205,0.5595650518048322,0.0903384671947647,1.0,0.22651420498718028,0.2764901691986107,0.4701981912709435,2.160035961428797,4.756284273708063e+21,5.195130769362193e+21,4.858495692974442e+19,2.2783159929211264e+17,-0.19474614387318212,4.440892098500626e-16,0,0.994342166255112,1e+22,32768,power,p_star,1.0,0.5,A1_balanced_q01_q99,R2,R2,1.0,1.0,2,65,0.4756284273708063,0.5195130769362193,0.004858495692974442,2.097152e-16,2.17682470253303,3.696336697083492,215.50640865007304,0.016788741104232674,0.034474726092442454,p_star,True,True,True,True
29.58950180097047,2690.4676092234145,0.0903384671947647,-0.006787839598371412,0.6155923612523205,0.5595650518048322,0.0903384671947647,1.0,0.11189212600409319,0.13599874791350125,0.23172331401152846,1.921561084169382,4.776575770114136e+23,5.217294494503334e+23,6.129735382529973e+20,2.2783159929211264e+17,-0.09803189209242148,1.3322676295501878e-15,0,0.9992876948656417,1e+24,32768,power,p_star,1.0,0.5,A1_balanced_q01_q99,R2,R2,1.0,1.0,2,65,0.47765757701141365,0.5217294494503334,0.0006129735382529972,0.0,1.9299925113441148,29.56843255167263,2694.036098659802,0.008431427174732775,0.03510831030478555,p_star,False,False,True,True
0.177355852047708,4.184950423004937,0.0903384671947647,-0.006787839598371412,0.6155923612523205,0.5595650518048322,0.0903384671947647,1.0,0.637303729282189,0.8308285740188711,1.372380020901422,3.0622177910592754,4.4533526882967393e+18,4.864248696336919e+18,6.823986153663412e+17,1.6306014322538995e+17,-0.4136603588260528,1.2739809207573671e-13,0,0.9178917328547531,1e+19,32768,logarithmic,p_star,1.0,0.5,A1_balanced_q01_q99,R2,R2,1.0,1.0,2,65,0.44533526882967395,0.48642486963369186,0.06823986153663412,2.048e-16,3.096068297683704,0.16337528406908372,4.875794103672979,0.03385050662442879,0.024071804701883272,p_star,True,False,True,True
3.7113691846453722,213.88496563567776,0.0903384671947647,-0.006787839598371412,0.6155923612523205,0.5595650518048322,0.0903384671947647,1.0,0.22663739685610873,0.2762599714882209,0.47009816440101415,2.1599359345588676,4.762836423115133e+21,5.202287463754556e+21,3.4876113130311225e+19,1.6306014322538995e+17,-0.19661225170322558,2.4424906541753444e-15,0,0.9959413863247486,1e+22,32768,logarithmic,p_star,1.0,0.5,A1_balanced_q01_q99,R2,R2,1.0,1.0,2,65,0.47628364231151327,0.5202287463754556,0.0034876113130311226,0.0,2.17682470253303,3.696336697083492,215.50640865007304,0.016888767974162278,0.0346801255873354,p_star,True,True,True,True
29.583514751413432,2691.4808937184985,0.0903384671947647,-0.006787839598371412,0.6155923612523205,0.5595650518048322,0.0903384671947647,1.0,0.11189982428767548,0.13598441530981592,0.2317171123849167,1.9215548825427702,4.777407883348116e+23,5.218203384051702e+23,4.3887326001813894e+20,1.6306014322538995e+17,-0.09814803344402158,1.7763568394002505e-15,0,0.9994900522888828,1e+24,32768,logarithmic,p_star,1.0,0.5,A1_balanced_q01_q99,R2,R2,1.0,1.0,2,65,0.47774078833481165,0.5218203384051702,0.00043887326001813896,0.0,1.9299925113441148,29.56843255167263,2694.036098659802,0.008437628801344577,0.035134133765863655,p_star,False,False,True,True
0.11075228441398083,2.7155088413708746,0.0903384671947647,-0.006787839598371412,0.6155923612523205,0.5595650518048322,0.0903384671947647,1.0,0.7479473737469885,0.937748055451649,1.5757535769463016,3.265591347104155,1.8044928451691197e+18,7.883949540066896e+18,3.11557614763985e+17,1.1473268288336742e+17,-0.5620616023924676,8.326672684688674e-16,0,0.9632307755078777,1e+19,131072,exponential,p_star,1.0,0.5,A1_balanced_q01_q99,R2,R2,1.0,1.0,2,65,0.18044928451691197,0.7883949540066896,0.0311557614763985,0.0,3.3149622107128733,0.10675396678354974,2.907809368728097,0.04937086360871845,0.030379743468664386,p_star,True,False,True,True
2.419420315386457,128.11494433306171,0.0903384671947647,-0.006787839598371412,0.6155923612523205,0.5595650518048322,0.0903384671947647,1.0,0.26212511173761766,0.3188721265457265,0.5431043239264911,2.2329420940843447,1.8597833941440874e+21,8.125517634575127e+21,1.469897128078544e+19,1.1473268288336742e+17,-0.22874806444258242,5.928590951498336e-14,0,0.9982911752334421,1e+22,131072,exponential,p_star,1.0,0.5,A1_balanced_q01_q99,R2,R2,1.0,1.0,2,65,0.18597833941440875,0.8125517634575127,0.001469897128078544,0.0,2.252629112361357,2.4152894804725173,128.52297303152443,0.019687018277012136,0.03498102547194745,p_star,True,True,True,True
19.324975010623632,1606.0201145825786,0.0903384671947647,-0.006787839598371412,0.6155923612523205,0.5595650518048322,0.0903384671947647,1.0,0.12933116544155973,0.15712754120967828,0.26777573447398206,1.9576135046318357,1.862177914852034e+23,8.135979455182861e+23,1.842629965107124e+20,1.1473268288336742e+17,-0.11352089958599997,1.3322676295501878e-15,0,0.9997859233237336,1e+24,131072,exponential,p_star,1.0,0.5,A1_balanced_q01_q99,R2,R2,1.0,1.0,2,65,0.1862177914852034,0.8135979455182861,0.0001842629965107124,2.6843545600000003e-16,1.9673750101604774,19.320838426993262,1606.6600108223258,0.009761505528641745,0.035171876496824406,p_star,False,False,True,True
0.11445472245789932,2.5543294308798576,0.0903384671947647,-0.006787839598371412,0.6155923612523205,0.5595650518048322,0.0903384671947647,1.0,0.7396320155655268,0.9539467274167931,1.5831227372807595,3.272960507438613,1.7541303964643884e+18,7.663912644179342e+18,5.819569593562698e+17,2.2783159929211264e+17,-0.4744275569307523,6.900036098045348e-14,0,0.9303475032436679,1e+19,131072,power,p_star,1.0,0.5,A1_balanced_q01_q99,R2,R2,1.0,1.0,2,65,0.17541303964643884,0.7663912644179343,0.058195695935626984,2.048e-16,3.3149622107128733,0.10675396678354974,2.907809368728097,0.042001703274260116,0.02584522281870041,p_star,True,False,True,True
2.423479544929516,127.71592536780079,0.0903384671947647,-0.006787839598371412,0.6155923612523205,0.5595650518048322,0.0903384671947647,1.0,0.261975758929627,0.31915065419174354,0.5432250739205563,2.2330628440784097,1.8571015961436595e+21,8.113800680324725e+21,2.9097723531618152e+19,2.2783159929211264e+17,-0.22720804761457944,1.5543122344752192e-15,0,0.9966148116452028,1e+22,131072,power,p_star,1.0,0.5,A1_balanced_q01_q99,R2,R2,1.0,1.0,2,65,0.18571015961436596,0.8113800680324724,0.002909772353161815,2.097152e-16,2.252629112361357,2.4152894804725173,128.52297303152443,0.019566268282947163,0.03476646994308587,p_star,True,True,True,True
19.32905107861856,1605.3899628044016,0.0903384671947647,-0.006787839598371412,0.6155923612523205,0.5595650518048322,0.0903384671947647,1.0,0.1293218923488359,0.15714480144752427,0.267783200693726,1.9576209708515795,1.8618398755288698e+23,8.134502538844e+23,3.657585627132321e+20,2.2783159929211264e+17,-0.1134253729840359,8.881784197001252e-16,0,0.9995750232741178,1e+24,131072,power,p_star,1.0,0.5,A1_balanced_q01_q99,R2,R2,1.0,1.0,2,65,0.18618398755288698,0.8134502538844,0.00036575856271323207,1.3421772800000001e-16,1.9673750101604774,19.320838426993262,1606.6600108223258,0.009754039308897955,0.03514497481060786,p_star,False,False,True,True
0.11236079928862999,2.643617231799889,0.0903384671947647,-0.006787839598371412,0.6155923612523205,0.5595650518048322,0.0903384671947647,1.0,0.7442897012008937,0.9448169162070682,1.5789422858490927,3.268780056006946,1.7822336710693857e+18,7.786697724480218e+18,4.310686044503988e+17,1.6306014322538995e+17,-0.5488205305308204,1.8096635301390052e-14,0,0.9488116951321071,1e+19,131072,logarithmic,p_star,1.0,0.5,A1_balanced_q01_q99,R2,R2,1.0,1.0,2,65,0.17822336710693856,0.7786697724480218,0.04310686044503988,2.048e-16,3.3149622107128733,0.10675396678354974,2.907809368728097,0.046182154705927125,0.028417611324677874,p_star,True,False,True,True
2.421156380458265,127.94405631462337,0.0903384671947647,-0.006787839598371412,0.6155923612523205,0.5595650518048322,0.0903384671947647,1.0,0.26206119495858116,0.31899127557810447,0.5431559539061767,2.23299372406403,1.8586354097271719e+21,8.120502014125329e+21,2.0862576147499844e+19,1.6306014322538995e+17,-0.22849981959616325,1.1124434706744069e-13,0,0.9975738784089813,1e+22,131072,logarithmic,p_star,1.0,0.5,A1_balanced_q01_q99,R2,R2,1.0,1.0,2,65,0.18586354097271718,0.8120502014125328,0.002086257614749984,0.0,2.252629112361357,2.4152894804725173,128.52297303152443,0.019635388297326806,0.03488928635690811,p_star,True,True,True,True
19.32671692072116,1605.750772320479,0.0903384671947647,-0.006787839598371412,0.6155923612523205,0.5595650518048322,0.0903384671947647,1.0,0.1293272022591698,0.15713491759608658,0.2677789250672219,1.9576166952250755,1.8620334373120364e+23,8.135348223178775e+23,2.6183395091885782e+20,1.6306014322538995e+17,-0.11350546290811907,1.7763568394002505e-15,0,0.9996957896187562,1e+24,131072,logarithmic,p_star,1.0,0.5,A1_balanced_q01_q99,R2,R2,1.0,1.0,2,65,0.18620334373120365,0.8135348223178774,0.0002618339509188578,0.0,1.9673750101604774,19.320838426993262,1606.6600108223258,0.009758314935401913,0.03516038040628246,p_star,False,False,True,True
0.24582181710870896,5.798047241858551,0.1115116258349447,0.016961507846929666,0.6303215467235005,0.5611627867660474,0.1115116258349447,1.0,0.5703547459328963,0.7583698337782634,1.2162292114221553,2.906066981580009,8.551719052054843e+18,5.837973539536106e+17,8.644835939915457e+17,1.4909909456247158e+17,-0.8530523983682615,1.474376176702208e-13,0,0.8949651322369969,1e+19,2048,exponential,p0,0.5,0.5,A1_balanced_q01_q99,R2,R2,1.0,1.0,2,65,0.8551719052054844,0.058379735395361065,0.08644835939915457,0.0,2.998925629084324,0.2213116933514807,7.04960382676961,0.09285864750431516,0.07093385434073535,sQ_0.5,True,False,True,False
5.034026430306954,308.49729672004645,0.1115116258349447,0.016961507846929666,0.6303215467235005,0.5611627867660474,0.1115116258349447,1.0,0.20432610167225523,0.24934183944442806,0.41525851985954826,2.1050962900174017,9.317901272201765e+21,6.361020601823071e+20,4.599666761592906e+19,1.4909909456247158e+17,-0.356386140180675,1.7763568394002505e-15,0,0.9946442745960491,1e+22,2048,exponential,p0,0.5,0.5,A1_balanced_q01_q99,R2,R2,1.0,1.0,2,65,0.9317901272201764,0.06361020601823071,0.004599666761592906,0.0,2.1431835539034494,5.0071376358424855,311.58715294570754,0.03808726388604766,0.08401371591319606,sQ_0.5,False,True,True,False
40.08104441978069,3890.254952232807,0.1115116258349447,0.016961507846929666,0.6303215467235005,0.5611627867660474,0.1115116258349447,1.0,0.10092272740115231,0.12266200202076208,0.20465511310851459,1.894492883266368,9.355528892682897e+23,6.386707724071525e+22,5.800334909950827e+20,1.4909909456247158e+17,-0.17715575890553575,4.440892098500626e-16,0,0.9993259839130801,1e+24,2048,exponential,p0,0.5,0.5,A1_balanced_q01_q99,R2,R2,1.0,1.0,2,65,0.9355528892682897,0.06386707724071525,0.0005800334909950827,0.0,1.91340257677864,40.05403825337882,3895.137240569872,0.018909693512271897,0.08458260402473258,sQ_0.5,False,False,True,False
0.2661265483382239,5.00199973828056,0.1115116258349447,0.016961507846929666,0.6303215467235005,0.5611627867660474,0.1115116258349447,1.0,0.5551706751094937,0.7903743108686968,1.2316255318954306,2.921463302053284,7.986989550823828e+18,5.4524515333624e+17,1.467765295839931e+18,2.934357002474526e+17,-0.7237209348105388,1.3999912340523224e-13,0,0.8156001437430349,1e+19,2048,power,p0,0.5,0.5,A1_balanced_q01_q99,R2,R2,1.0,1.0,2,65,0.7986989550823829,0.054524515333624,0.1467765295839931,0.0,2.998925629084324,0.2213116933514807,7.04960382676961,0.07746232703104017,0.05917274879820812,sQ_0.5,True,False,True,False
5.059805499721101,305.57897025227396,0.1115116258349447,0.016961507846929666,0.6303215467235005,0.5611627867660474,0.1115116258349447,1.0,0.20397157475880204,0.2500060549431018,0.415541988916673,2.1053797590745265,9.277020925689399e+21,6.333112951937296e+20,8.96677791168715e+19,2.934357002474526e+17,-0.3535067904356333,2.220446049250313e-15,0,0.9895363778840516,1e+22,2048,power,p0,0.5,0.5,A1_balanced_q01_q99,R2,R2,1.0,1.0,2,65,0.9277020925689399,0.06333112951937296,0.00896677791168715,0.0,2.1431835539034494,5.0071376358424855,311.58715294570754,0.03780379482892293,0.08338843369532105,sQ_0.5,False,True,True,False
40.107155767013495,3885.5433731603594,0.1115116258349447,0.016961507846929666,0.6303215467235005,0.5611627867660474,0.1115116258349447,1.0,0.10090038396185878,0.1227036147746075,0.20467275100247695,1.8945105211603304,9.350285598409774e+23,6.3831283018477395e+22,1.140157140545159e+21,2.934357002474526e+17,-0.17697471407920756,2.4424906541753444e-14,0,0.998674732280175,1e+24,2048,power,p0,0.5,0.5,A1_balanced_q01_q99,R2,R2,1.0,1.0,2,65,0.9350285598409774,0.0638312830184774,0.001140157140545159,0.0,1.91340257677864,40.05403825337882,3895.137240569872,0.018892055618309644,0.08450371014948915,sQ_0.5,False,False,True,False
0.2531415105974131,5.489964254695023,0.1115116258349447,0.016961507846929666,0.6303215467235005,0.5611627867660474,0.1115116258349447,1.0,0.5646933129232745,0.7700482260996724,1.2217367498471048,2.911574520004958,8.338427067355794e+18,5.6923662113148896e+17,1.0923363115127169e+18,1.9896965824113514e+17,-0.857909882314202,7.843725668976731e-14,0,0.8656234222409604,1e+19,2048,logarithmic,p0,0.5,0.5,A1_balanced_q01_q99,R2,R2,1.0,1.0,2,65,0.8338427067355795,0.05692366211314889,0.10923363115127169,0.0,2.998925629084324,0.2213116933514807,7.04960382676961,0.08735110907936594,0.06672669713016742,sQ_0.5,True,False,True,False
5.04296103215044,307.48101913063834,0.1115116258349447,0.016961507846929666,0.6303215467235005,0.5611627867660474,0.1115116258349447,1.0,0.20420295353840376,0.2495722297743705,0.41535668248374774,2.105194452641601,9.303688785610279e+21,6.351318210976616e+20,6.117939329205905e+19,1.9896965824113514e+17,-0.35634038769405757,3.3306690738754696e-15,0,0.9928710057063146,1e+22,2048,logarithmic,p0,0.5,0.5,A1_balanced_q01_q99,R2,R2,1.0,1.0,2,65,0.9303688785610279,0.06351318210976617,0.006117939329205905,0.0,2.1431835539034494,5.0071376358424855,311.58715294570754,0.03798910126184829,0.08379718665954677,sQ_0.5,False,True,True,False
40.09006987518534,3888.625389774472,0.1115116258349447,0.016961507846929666,0.6303215467235005,0.5611627867660474,0.1115116258349447,1.0,0.10091500212775682,0.12267638704648177,0.20466120901841287,1.8944989791762663,9.353715815668705e+23,6.385469996829836e+22,7.737184648312276e+20,1.9896965824113514e+17,-0.17715245615815164,1.021405182655144e-14,0,0.9991008291170629,1e+24,2048,logarithmic,p0,0.5,0.5,A1_balanced_q01_q99,R2,R2,1.0,1.0,2,65,0.9353715815668705,0.06385469996829836,0.0007737184648312276,0.0,1.91340257677864,40.05403825337882,3895.137240569872,0.0189035976023737,0.08455533716645368,sQ_0.5,False,False,True,False
0.23831081501299167,5.636380613831631,0.1115116258349447,0.016961507846929666,0.6303215467235005,0.5611627867660474,0.1115116258349447,1.0,0.5764039283264688,0.7643962206685225,1.227282412613587,2.9171201827714404,8.059262746833852e+18,1.1003580070343821e+18,8.40379246131764e+17,1.4909909456247158e+17,-0.8666849350786882,1.6042722705833512e-13,0,0.8980262579966003,1e+19,4096,exponential,p0,0.5,0.5,A1_balanced_q01_q99,R2,R2,1.0,1.0,2,65,0.8059262746833853,0.11003580070343821,0.0840379246131764,2.048e-16,3.0114336635830927,0.21520735927894521,6.814114917167469,0.09431348081165236,0.07136332768651049,sQ_0.5,True,False,True,False
4.894306041047331,298.2906378960567,0.1115116258349447,0.016961507846929666,0.6303215467235005,0.5611627867660474,0.1115116258349447,1.0,0.20629084581440899,0.2517009617180282,0.41921630969908763,2.109054079856941,8.759554026255193e+21,1.1959711097180423e+21,4.4474864026764124e+19,1.4909909456247158e+17,-0.3599005325227605,2.4424906541753444e-15,0,0.9948218647299658,1e+22,4096,exponential,p0,0.5,0.5,A1_balanced_q01_q99,R2,R2,1.0,1.0,2,65,0.8759554026255193,0.11959711097180424,0.004447486402676413,0.0,2.147515168977484,4.869028164926255,301.17872139461934,0.0384610891205428,0.0840353690606864,sQ_0.5,True,True,True,False
38.974631520161495,3760.4601001836522,0.1115116258349447,0.016961507846929666,0.6303215467235005,0.5611627867660474,0.1115116258349447,1.0,0.10188780013979605,0.1238325585565386,0.20660993109561232,1.8964477012534657,8.793752805055646e+23,1.2006403829835974e+23,5.6068119607568374e+20,1.4909909456247158e+17,-0.17885526046736708,2.6645352591003757e-15,0,0.9993484781598982,1e+24,4096,exponential,p0,0.5,0.5,A1_balanced_q01_q99,R2,R2,1.0,1.0,2,65,0.8793752805055646,0.12006403829835975,0.0005606811960756837,0.0,1.9155386872733293,38.94924696670958,3765.0218973431524,0.019090986019863587,0.08458532762671925,sQ_0.5,False,False,True,False
0.2575219252977507,4.879169291859892,0.1115116258349447,0.016961507846929666,0.6303215467235005,0.5611627867660474,0.1115116258349447,1.0,0.5614091243671523,0.7958936372564297,1.2423878451841497,2.932225615342003,7.538958419360534e+18,1.0293191228566916e+18,1.4317224577827748e+18,2.934357002474526e+17,-0.7391478508814067,1.6719958750854857e-13,0,0.820497161829387,1e+19,4096,power,p0,0.5,0.5,A1_balanced_q01_q99,R2,R2,1.0,1.0,2,65,0.7538958419360533,0.10293191228566916,0.14317224577827747,0.0,3.0114336635830927,0.21520735927894521,6.814114917167469,0.07920804824108973,0.05993363677591511,sQ_0.5,True,False,True,False
4.9185483650461,295.56067239481496,0.1115116258349447,0.016961507846929666,0.6303215467235005,0.5611627867660474,0.1115116258349447,1.0,0.20594459938163312,0.2523495177447719,0.419493024501155,2.1093307946590087,8.72237677187666e+21,1.19089517525356e+21,8.672805286978046e+19,2.934357002474526e+17,-0.35708868132812877,1.1102230246251565e-15,0,0.9898809225098302,1e+22,4096,power,p0,0.5,0.5,A1_balanced_q01_q99,R2,R2,1.0,1.0,2,65,0.872237677187666,0.11908951752535599,0.008672805286978046,0.0,2.147515168977484,4.869028164926255,301.17872139461934,0.0381843743184751,0.08343076240372446,sQ_0.5,True,True,True,False
38.99917599253702,3756.057347270024,0.1115116258349447,0.016961507846929666,0.6303215467235005,0.5611627867660474,0.1115116258349447,1.0,0.10186599439241553,0.1238731687393907,0.2066271434690974,1.896464913626951,8.788988491454724e+23,1.1999898953666183e+23,1.1021613178657687e+21,2.934357002474526e+17,-0.17867857443856072,1.6431300764452317e-14,0,0.9987189212876832,1e+24,4096,power,p0,0.5,0.5,A1_balanced_q01_q99,R2,R2,1.0,1.0,2,65,0.8788988491454723,0.11999898953666184,0.0011021613178657688,0.0,1.9155386872733293,38.94924696670958,3765.0218973431524,0.01907377364637841,0.08450906575900036,sQ_0.5,False,False,True,False
0.2452303897703103,5.344036420314584,0.1115116258349447,0.016961507846929666,0.6303215467235005,0.5611627867660474,0.1115116258349447,1.0,0.5708220366361864,0.7758766762748245,1.2326815794910924,2.9225193496489457,7.863120805802876e+18,1.0735780940189527e+18,1.063301100178172e+18,1.9896965824113514e+17,-0.8712568991988311,7.821521208484228e-14,0,0.8694038900091225,1e+19,4096,logarithmic,p0,0.5,0.5,A1_balanced_q01_q99,R2,R2,1.0,1.0,2,65,0.7863120805802876,0.10735780940189527,0.1063301100178172,0.0,3.0114336635830927,0.21520735927894521,6.814114917167469,0.08891431393414706,0.06727798896507119,sQ_0.5,True,False,True,False
4.902707191279668,297.34019793710485,0.1115116258349447,0.016961507846929666,0.6303215467235005,0.5611627867660474,0.1115116258349447,1.0,0.2061705947846337,0.2519258920064642,0.4193121263748361,2.10914989653269,8.746631560096583e+21,1.1942067623385201e+21,5.916167756489722e+19,1.9896965824113514e+17,-0.359855600629177,1.7763568394002505e-15,0,0.9931068211565102,1e+22,4096,logarithmic,p0,0.5,0.5,A1_balanced_q01_q99,R2,R2,1.0,1.0,2,65,0.8746631560096583,0.11942067623385201,0.005916167756489722,0.0,2.147515168977484,4.869028164926255,301.17872139461934,0.03836527244479404,0.08382601488240361,sQ_0.5,True,True,True,False
38.98311526932106,3758.937400351035,0.1115116258349447,0.016961507846929666,0.6303215467235005,0.5611627867660474,0.1115116258349447,1.0,0.1018802609451702,0.1238465967727644,0.20661587988292024,1.8964536500407738,8.792105398082787e+23,1.2004154570182365e+23,7.479144898976665e+20,1.9896965824113514e+17,-0.17885203524725765,1.3322676295501878e-15,0,0.9991308282266345,1e+24,4096,logarithmic,p0,0.5,0.5,A1_balanced_q01_q99,R2,R2,1.0,1.0,2,65,0.8792105398082787,0.12004154570182365,0.0007479144898976665,0.0,1.9155386872733293,38.94924696670958,3765.0218973431524,0.019085037232555502,0.08455897067884352,sQ_0.5,False,False,True,False
0.2251905467705493,5.349897852512697,0.1115116258349447,0.016961507846929666,0.6303215467235005,0.5611627867660474,0.1115116258349447,1.0,0.5876089423338497,0.7756386562178968,1.2478293674074736,2.9376671375653274,7.228478535443531e+18,1.9738565387451133e+18,7.976649258113542e+17,1.4909909456247158e+17,-0.8917556758595024,1.8235413179468196e-13,0,0.9034310196863198,1e+19,8192,exponential,p0,0.5,0.5,A1_balanced_q01_q99,R2,R2,1.0,1.0,2,65,0.7228478535443531,0.19738565387451135,0.07976649258113543,2.048e-16,3.0346514285532704,0.2044611410334612,6.403048959103759,0.09698429098794303,0.07211727095608296,sQ_0.5,True,False,True,False
4.6484702898962205,280.45790710446937,0.1115116258349447,0.016961507846929666,0.6303215467235005,0.5611627867660474,0.1115116258349447,1.0,0.20993709900246668,0.25608146022069084,0.42656348309239417,2.1164012532502476,7.8222014924496e+21,2.1359824875382374e+21,4.181602001216215e+19,1.4909909456247158e+17,-0.3664173623036348,2.6645352591003757e-15,0,0.995132079096863,1e+22,8192,exponential,p0,0.5,0.5,A1_balanced_q01_q99,R2,R2,1.0,1.0,2,65,0.78222014924496,0.21359824875382374,0.004181602001216215,0.0,2.155555634547043,4.625896891539429,283.0099172045741,0.03915438129679538,0.08407317882930733,sQ_0.5,True,True,True,False
37.02700845065935,3533.8660934406666,0.1115116258349447,0.016961507846929666,0.6303215467235005,0.5611627867660474,0.1115116258349447,1.0,0.10367914677252475,0.12600546883270863,0.2102385574699606,1.900076327627814,7.850909382319567e+23,2.1438216553320628e+23,5.26896234837022e+20,1.4909909456247158e+17,-0.18200949848793238,3.552713678800501e-15,0,0.9993877472521637,1e+24,8192,exponential,p0,0.5,0.5,A1_balanced_q01_q99,R2,R2,1.0,1.0,2,65,0.7850909382319566,0.2143821655332063,0.000526896234837022,0.0,1.919503795573991,37.004345501425576,3537.8944784229056,0.019427467946177,0.08459008210280923,sQ_0.5,False,False,True,False
0.24254335457863987,4.659661015741049,0.1115116258349447,0.016961507846929666,0.6303215467235005,0.5611627867660474,0.1115116258349447,1.0,0.572964256328149,0.8062143440189965,1.262411584103574,2.9522493542614274,6.781018883742879e+18,1.851670223187389e+18,1.367310893069731e+18,2.934357002474526e+17,-0.7675105873516821,1.9961809982760315e-13,0,0.8291974618650355,1e+19,8192,power,p0,0.5,0.5,A1_balanced_q01_q99,R2,R2,1.0,1.0,2,65,0.6781018883742879,0.18516702231873888,0.1367310893069731,0.0,3.0346514285532704,0.2044611410334612,6.403048959103759,0.08240207429184299,0.061273971882589574,sQ_0.5,True,False,True,False
4.670130942550073,278.04219674238163,0.1115116258349447,0.016961507846929666,0.6303215467235005,0.5611627867660474,0.1115116258349447,1.0,0.20960554222513425,0.2567022571131552,0.4268282349322488,2.1166660050901025,7.790960798047149e+21,2.1274516952534084e+21,8.158750669944073e+19,2.934357002474526e+17,-0.3637252187304914,1.1102230246251565e-15,0,0.9904831642811949,1e+22,8192,power,p0,0.5,0.5,A1_balanced_q01_q99,R2,R2,1.0,1.0,2,65,0.779096079804715,0.21274516952534084,0.008158750669944074,0.0,2.155555634547043,4.625896891539429,283.0099172045741,0.03888962945694052,0.08350469765197076,sQ_0.5,True,True,True,False
37.048922959067816,3529.9774477764768,0.1115116258349447,0.016961507846929666,0.6303215467235005,0.5611627867660474,0.1115116258349447,1.0,0.10365829261482852,0.1260443048656144,0.21025501692456836,1.9000927870824218,7.846911750595052e+23,2.1427300353624885e+23,1.035821404246006e+21,2.934357002474526e+17,-0.18184052623298408,1.4654943925052066e-14,0,0.998796070343599,1e+24,8192,power,p0,0.5,0.5,A1_balanced_q01_q99,R2,R2,1.0,1.0,2,65,0.7846911750595051,0.21427300353624887,0.001035821404246006,0.0,1.919503795573991,37.004345501425576,3537.8944784229056,0.019411008491569293,0.08451841519178946,sQ_0.5,False,False,True,False
0.23143117116164522,5.084572931936142,0.1115116258349447,0.016961507846929666,0.6303215467235005,0.5611627867660474,0.1115116258349447,1.0,0.5821731773094777,0.7867605082363319,1.253034046545998,2.9428718167038515,7.06037201096869e+18,1.9279522504618504e+18,1.0116757385694606e+18,1.9896965824113514e+17,-0.8958354289892694,8.68749516769185e-14,0,0.8760954255080664,1e+19,8192,logarithmic,p0,0.5,0.5,A1_balanced_q01_q99,R2,R2,1.0,1.0,2,65,0.706037201096869,0.19279522504618504,0.10116757385694607,0.0,3.0346514285532704,0.2044611410334612,6.403048959103759,0.09177961184941896,0.0682470848481174,sQ_0.5,True,False,True,False
4.655975449829708,279.61725125005034,0.1115116258349447,0.016961507846929666,0.6303215467235005,0.5611627867660474,0.1115116258349447,1.0,0.20982198452950107,0.25629671562455175,0.42665514567414636,2.116492915832,7.811346343014598e+21,2.133018308065853e+21,5.563534891954813e+19,1.9896965824113514e+17,-0.36637392208188024,2.6645352591003757e-15,0,0.9935188370465264,1e+22,8192,logarithmic,p0,0.5,0.5,A1_balanced_q01_q99,R2,R2,1.0,1.0,2,65,0.7811346343014598,0.2133018308065853,0.005563534891954813,0.0,2.155555634547043,4.625896891539429,283.0099172045741,0.039062718715042966,0.08387635884716553,sQ_0.5,True,True,True,False
37.03458298349623,3532.521277123821,0.1115116258349447,0.016961507846929666,0.6303215467235005,0.5611627867660474,0.1115116258349447,1.0,0.10367193686950911,0.12601889336814087,0.2102442459456603,1.900082016103514,7.849527142716493e+23,2.1434442117711172e+23,7.028645512388649e+20,1.9896965824113514e+17,-0.1820064107542928,5.773159728050814e-15,0,0.9991832003955108,1e+24,8192,logarithmic,p0,0.5,0.5,A1_balanced_q01_q99,R2,R2,1.0,1.0,2,65,0.7849527142716494,0.21434442117711172,0.0007028645512388649,0.0,1.919503795573991,37.004345501425576,3537.8944784229056,0.019421779470477185,0.08456531363438036,sQ_0.5,False,False,True,False
0.17623438107977912,4.234641447212876,0.1115116258349447,0.016961507846929666,0.6303215467235005,0.5611627867660474,0.1115116258349447,1.0,0.6386796530747824,0.8280882156195705,1.342585179442741,3.0324229496005946,4.4777364872660485e+18,4.890882307157797e+18,6.313812055761542e+17,1.4909909456247158e+17,-1.003277364191419,9.57012247226885e-14,0,0.9242350909192785,1e+19,32768,exponential,p0,0.5,0.5,A1_balanced_q01_q99,R2,R2,1.0,1.0,2,65,0.44777364872660486,0.48908823071577967,0.06313812055761542,0.0,3.141230674780817,0.16337528406908372,4.875794103672979,0.10880772518022264,0.07496779461553742,sQ_0.5,True,False,True,False
3.710086538768381,214.02258207746547,0.1115116258349447,0.016961507846929666,0.6303215467235005,0.5611627867660474,0.1115116258349447,1.0,0.2266640326141103,0.27621024125837357,0.46029883912388586,2.1501366092817396,4.764253804548334e+21,5.203835622247994e+21,3.191057320367236e+19,1.4909909456247158e+17,-0.3962366009852144,6.661338147750939e-16,0,0.9962870451651606,1e+22,32768,exponential,p0,0.5,0.5,A1_balanced_q01_q99,R2,R2,1.0,1.0,2,65,0.4764253804548334,0.5203835622247994,0.003191057320367236,0.0,2.1924647324220055,3.696336697083492,215.50640865007304,0.042328123140265905,0.0842137933659453,sQ_0.5,True,True,True,False
29.582223988198887,2691.6994271753133,0.1115116258349447,0.016961507846929666,0.6303215467235005,0.5611627867660474,0.1115116258349447,1.0,0.11190148425373904,0.1359813251252777,0.2268960162095343,1.916733786367388,4.777587321816406e+23,5.218399378709332e+23,4.013299474261626e+20,1.4909909456247158e+17,-0.19648270892012765,1.3322676295501878e-15,0,0.9995336844057885,1e+24,32768,exponential,p0,0.5,0.5,A1_balanced_q01_q99,R2,R2,1.0,1.0,2,65,0.4777587321816406,0.5218399378709332,0.0004013299474261626,0.0,1.937705300087363,29.56843255167263,2694.036098659802,0.020971513719975077,0.0846077488485048,sQ_0.5,False,False,True,False
0.18729289090080467,3.78123908178281,0.1115116258349447,0.016961507846929666,0.6303215467235005,0.5611627867660474,0.1115116258349447,1.0,0.6256004365187285,0.8547565100128298,1.3550237492368602,3.044861519394714,4.2491951928852403e+18,4.641254269348785e+18,1.1095505377659736e+18,2.934357002474526e+17,-0.8933916396570862,9.225953334635051e-14,0,0.8633762576498432,1e+19,32768,power,p0,0.5,0.5,A1_balanced_q01_q99,R2,R2,1.0,1.0,2,65,0.424919519288524,0.4641254269348785,0.11095505377659737,0.0,3.141230674780817,0.16337528406908372,4.875794103672979,0.09636915538610324,0.0663977032539909,sQ_0.5,True,False,True,False
3.723307783559277,212.61056042466726,0.1115116258349447,0.016961507846929666,0.6303215467235005,0.5611627867660474,0.1115116258349447,1.0,0.22639006707158815,0.2767224555687277,0.4605169167567131,2.1503546869145667,4.749687326976382e+21,5.187925144345402e+21,6.238752867821557e+19,2.934357002474526e+17,-0.39401335429678347,3.552713678800501e-15,0,0.9927297850066101,1e+22,32768,power,p0,0.5,0.5,A1_balanced_q01_q99,R2,R2,1.0,1.0,2,65,0.47496873269763823,0.5187925144345402,0.006238752867821557,0.0,2.1924647324220055,3.696336697083492,215.50640865007304,0.0421100455074388,0.08377991765055419,sQ_0.5,True,True,True,False
29.595563519438098,2689.4422846914526,0.1115116258349447,0.016961507846929666,0.6303215467235005,0.5611627867660474,0.1115116258349447,1.0,0.11188433383568021,0.13601325785401608,0.22690954698809843,1.916747317145952,4.775733598106917e+23,5.2163746180922484e+23,7.891783800835452e+20,2.934357002474526e+17,-0.19634375656413888,4.440892098500626e-15,0,0.9990828554029831,1e+24,32768,power,p0,0.5,0.5,A1_balanced_q01_q99,R2,R2,1.0,1.0,2,65,0.4775733598106917,0.5216374618092249,0.0007891783800835452,0.0,1.937705300087363,29.56843255167263,2694.036098659802,0.020957982941411046,0.08455316009874818,sQ_0.5,False,False,True,False
0.18018578509582808,4.06347153918659,0.1115116258349447,0.016961507846929666,0.6303215467235005,0.5611627867660474,0.1115116258349447,1.0,0.6338829332139267,0.8377069439430358,1.3469989365444766,3.03683670670233,4.393078857017332e+18,4.798413599558132e+18,8.085075434245353e+17,1.9896965824113514e+17,-1.005623010083403,1.9279022822615843e-13,0,0.9020614526759636,1e+19,32768,logarithmic,p0,0.5,0.5,A1_balanced_q01_q99,R2,R2,1.0,1.0,2,65,0.43930788570173324,0.4798413599558132,0.08085075434245353,2.048e-16,3.141230674780817,0.16337528406908372,4.875794103672979,0.10439396807848711,0.07192674550493693,sQ_0.5,True,False,True,False
3.714664538022934,213.5320267507073,0.1115116258349447,0.016961507846929666,0.6303215467235005,0.5611627867660474,0.1115116258349447,1.0,0.22656902120861075,0.2763876998577661,0.4603743059942544,2.150212076152108,4.759199085018101e+21,5.198314520595772e+21,4.248639438612516e+19,1.9896965824113514e+17,-0.39619943347038444,3.1086244689504383e-15,0,0.9950538725544273,1e+22,32768,logarithmic,p0,0.5,0.5,A1_balanced_q01_q99,R2,R2,1.0,1.0,2,65,0.4759199085018101,0.5198314520595771,0.004248639438612516,2.097152e-16,2.1924647324220055,3.696336697083492,215.50640865007304,0.04225265626989749,0.08406364847513288,sQ_0.5,True,True,True,False
29.58683427029244,2690.919005802717,0.1115116258349447,0.016961507846929666,0.6303215467235005,0.5611627867660474,0.1115116258349447,1.0,0.11189555571747209,0.13599236219179633,0.2269006922302947,1.9167384623881483,4.776946479567905e+23,5.2176994080827043e+23,5.3541123493914175e+20,1.9896965824113514e+17,-0.19648015961259774,4.440892098500626e-16,0,0.9993778501830182,1e+24,32768,logarithmic,p0,0.5,0.5,A1_balanced_q01_q99,R2,R2,1.0,1.0,2,65,0.4776946479567905,0.5217699408082704,0.0005354112349391418,1.3421772800000001e-16,1.937705300087363,29.56843255167263,2694.036098659802,0.020966837699214702,0.08458888384927839,sQ_0.5,False,False,True,False
0.1119003502224995,2.6638949821323656,0.1115116258349447,0.016961507846929666,0.6303215467235005,0.5611627867660474,0.1115116258349447,1.0,0.7453295343622138,0.9427983852525773,1.5452039646163076,3.2350417347741613,1.7885446887394245e+18,7.814270981415128e+18,3.971843298454471e+17,1.4909909456247158e+17,-1.2243878618239505,8.215650382226158e-15,0,0.9529180658891687,1e+19,131072,exponential,p0,0.5,0.5,A1_balanced_q01_q99,R2,R2,1.0,1.0,2,65,0.17885446887394246,0.7814270981415128,0.03971843298454471,0.0,3.3671545656485984,0.10675396678354974,2.907809368728097,0.13211283087443704,0.07876438799730962,sQ_0.5,True,False,True,False
2.420655095822969,127.9933638190085,0.1115116258349447,0.016961507846929666,0.6303215467235005,0.5611627867660474,0.1115116258349447,1.0,0.2620796444678303,0.3189568757850381,0.5318435435191823,2.2216813136770357,1.858966730160037e+21,8.121949575184545e+21,1.9083694655419175e+19,1.4909909456247158e+17,-0.4590804967201237,1.5787371410169726e-13,0,0.9977809433224101,1e+22,131072,exponential,p0,0.5,0.5,A1_balanced_q01_q99,R2,R2,1.0,1.0,2,65,0.18589667301600368,0.8121949575184545,0.0019083694655419176,0.0,2.2707036700715384,2.4152894804725173,128.52297303152443,0.0490223563945027,0.08439530776688248,sQ_0.5,True,True,True,False
19.326213740093664,1605.8285693222247,0.1115116258349447,0.016961507846929666,0.6303215467235005,0.5611627867660474,0.1115116258349447,1.0,0.1293283470432583,0.1571327868329962,0.2622081387499806,1.9520459089078341,1.8620751696402077e+23,8.135530554502711e+23,2.3942758570849282e+20,1.4909909456247158e+17,-0.2271395993029899,2.6645352591003757e-15,0,0.9997218254519478,1e+24,131072,exponential,p0,0.5,0.5,A1_balanced_q01_q99,R2,R2,1.0,1.0,2,65,0.18620751696402077,0.8135530554502711,0.0002394275857084928,4.02653184e-16,1.9762883719785738,19.320838426993262,1606.6600108223258,0.024242463070739628,0.08463051889802685,sQ_0.5,False,False,True,False
0.11650959573735307,2.4711356399660445,0.1115116258349447,0.016961507846929666,0.6303215467235005,0.5611627867660474,0.1115116258349447,1.0,0.7351708887153117,0.9628287870606289,1.5542399367015358,3.2440777068593896,1.7274660865476547e+18,7.547414496532473e+18,7.251194169198732e+17,2.934357002474526e+17,-1.1401930564923157,1.5037970868547745e-13,0,0.9125531745251751,1e+19,131072,power,p0,0.5,0.5,A1_balanced_q01_q99,R2,R2,1.0,1.0,2,65,0.17274660865476546,0.7547414496532473,0.07251194169198731,2.048e-16,3.3671545656485984,0.10675396678354974,2.907809368728097,0.12307685878920882,0.07337722910787364,sQ_0.5,True,False,True,False
2.425828371469273,127.48590959767617,0.1115116258349447,0.016961507846929666,0.6303215467235005,0.5611627867660474,0.1115116258349447,1.0,0.2618894906566125,0.319311718919893,0.531994289557357,2.2218320597152106,1.8555536187876586e+21,8.107037464057866e+21,3.740891715447755e+19,2.934357002474526e+17,-0.45753853096041347,0.0,0,0.995646085070634,1e+22,131072,power,p0,0.5,0.5,A1_balanced_q01_q99,R2,R2,1.0,1.0,2,65,0.18555536187876587,0.8107037464057866,0.003740891715447755,2.097152e-16,2.2707036700715384,2.4152894804725173,128.52297303152443,0.04887161035632781,0.08413578824921572,sQ_0.5,True,True,True,False
19.331414708080437,1605.024724629155,0.1115116258349447,0.016961507846929666,0.6303215467235005,0.5611627867660474,0.1115116258349447,1.0,0.12931651626996143,0.15715480951174818,0.2622174677661845,1.952055237924038,1.861643914111728e+23,8.133646370348413e+23,4.7097155398603086e+20,2.934357002474526e+17,-0.22704375558245923,4.884981308350689e-15,0,0.9994527469685055,1e+24,131072,power,p0,0.5,0.5,A1_balanced_q01_q99,R2,R2,1.0,1.0,2,65,0.1861643914111728,0.8133646370348414,0.00047097155398603086,1.3421772800000001e-16,1.9762883719785738,19.320838426993262,1606.6600108223258,0.024233134054535865,0.08459795127155102,sQ_0.5,False,False,True,False
0.11353005353461218,2.593177930113992,0.1115116258349447,0.016961507846929666,0.6303215467235005,0.5611627867660474,0.1115116258349447,1.0,0.7416746365684836,0.9499249895571333,1.5483817419649202,3.2382195121227735,1.766421775383698e+18,7.717614498103069e+18,5.159637265132352e+17,1.9896965824113514e+17,-1.224877911697262,4.474198789239381e-14,0,0.9384592202609152,1e+19,131072,logarithmic,p0,0.5,0.5,A1_balanced_q01_q99,R2,R2,1.0,1.0,2,65,0.1766421775383698,0.7717614498103069,0.05159637265132352,2.048e-16,3.3671545656485984,0.10675396678354974,2.907809368728097,0.1289350535258249,0.07686982797313552,sQ_0.5,True,False,True,False
2.4224448613082874,127.81745230343162,0.1115116258349447,0.016961507846929666,0.6303215467235005,0.5611627867660474,0.1115116258349447,1.0,0.26201379659687535,0.319079679696444,0.5318956774235452,2.2217334475813986,1.8577843831077903e+21,8.116783822090144e+21,2.5431794802066383e+19,1.9896965824113514e+17,-0.4590535610538258,1.3322676295501878e-15,0,0.9970418441575634,1e+22,131072,logarithmic,p0,0.5,0.5,A1_balanced_q01_q99,R2,R2,1.0,1.0,2,65,0.18577843831077903,0.8116783822090143,0.0025431794802066384,0.0,2.2707036700715384,2.4152894804725173,128.52297303152443,0.048970222490139825,0.08430555571848262,sQ_0.5,True,True,True,False
19.32801105054614,1605.5507128917832,0.1115116258349447,0.016961507846929666,0.6303215467235005,0.5611627867660474,0.1115116258349447,1.0,0.1293242581733917,0.15714039758175835,0.26221136245191046,1.952049132609764,1.8619261152590772e+23,8.134879325974593e+23,3.19455876632889e+20,1.9896965824113514e+17,-0.22713783187434716,5.329070518200751e-15,0,0.9996288311951229,1e+24,131072,logarithmic,p0,0.5,0.5,A1_balanced_q01_q99,R2,R2,1.0,1.0,2,65,0.18619261152590771,0.8134879325974593,0.000319455876632889,1.3421772800000001e-16,1.9762883719785738,19.320838426993262,1606.6600108223258,0.024239239368809784,0.08461926494390927,sQ_0.5,False,False,True,False
0.24582181710870896,5.798047241858551,0.1115116258349447,0.016961507846929666,0.6303215467235005,0.5611627867660474,0.1115116258349447,1.0,0.5703547459328963,0.7583698337782634,1.2996609920814934,2.989498762239347,8.551719052054843e+18,5.837973539536106e+17,8.644835939915457e+17,1.4909909456247158e+17,-0.06247586107835598,1.474376176702208e-13,0,0.8949651322369969,1e+19,2048,exponential,p0,2.0,0.5,A1_balanced_q01_q99,R2,R2,1.0,1.0,2,65,0.8551719052054844,0.058379735395361065,0.08644835939915457,0.0,2.998925629084324,0.2213116933514807,7.04960382676961,0.009426866844977067,0.007201095618370394,sQ_2,True,False,True,False
5.034026430306954,308.49729672004645,0.1115116258349447,0.016961507846929666,0.6303215467235005,0.5611627867660474,0.1115116258349447,1.0,0.20432610167225523,0.24934183944442806,0.4437447274102873,2.133582497568141,9.317901272201765e+21,6.361020601823071e+20,4.599666761592906e+19,1.4909909456247158e+17,-0.08645869589012525,1.7763568394002505e-15,0,0.9946442745960491,1e+22,2048,exponential,p0,2.0,0.5,A1_balanced_q01_q99,R2,R2,1.0,1.0,2,65,0.9317901272201764,0.06361020601823071,0.004599666761592906,0.0,2.1431835539034494,5.0071376358424855,311.58715294570754,0.009601056335308389,0.02117821909797774,sQ_2,False,True,True,False
40.08104441978069,3890.254952232807,0.1115116258349447,0.016961507846929666,0.6303215467235005,0.5611627867660474,0.1115116258349447,1.0,0.10092272740115231,0.12266200202076208,0.21869419418576963,1.9085319643436232,9.355528892682897e+23,6.386707724071525e+22,5.800334909950827e+20,1.4909909456247158e+17,-0.04412529956406553,4.440892098500626e-16,0,0.9993259839130801,1e+24,2048,exponential,p0,2.0,0.5,A1_balanced_q01_q99,R2,R2,1.0,1.0,2,65,0.9355528892682897,0.06386707724071525,0.0005800334909950827,0.0,1.91340257677864,40.05403825337882,3895.137240569872,0.004870612435016852,0.021786132212117126,sQ_2,False,False,True,False
0.2213116933514807,7.04960382676961,0.0,-0.09455011798801503,0.5611627867660474,0.5611627867660474,0.1115116258349447,0.0,0.59109033254733,0.7179975263791406,1.3090878589264707,2.998925629084324,9.360958562156765e+18,6.390414378432352e+17,0.0,0.0,0.05089827332247698,1.1102230246251565e-16,0,0.9999999999999989,1e+19,2048,power,p0,2.0,0.5,A1_balanced_q01_q99,R0,R0,0.0,0.0,2,65,0.9360958562156765,0.06390414378432352,0.0,0.0,2.998925629084324,0.2213116933514807,7.04960382676961,0.0,0.0,sQ_2,True,False,False,False
5.059805499721101,305.57897025227396,0.1115116258349447,0.016961507846929666,0.6303215467235005,0.5611627867660474,0.1115116258349447,1.0,0.20397157475880204,0.2500060549431018,0.44404764208504366,2.133885412242897,9.277020925689399e+21,6.333112951937296e+20,8.96677791168715e+19,2.934357002474526e+17,-0.08339508483684839,2.220446049250313e-15,0,0.9895363778840516,1e+22,2048,power,p0,2.0,0.5,A1_balanced_q01_q99,R2,R2,1.0,1.0,2,65,0.9277020925689399,0.06333112951937296,0.00896677791168715,0.0,2.1431835539034494,5.0071376358424855,311.58715294570754,0.009298141660552428,0.020510043313362224,sQ_2,False,True,True,False
40.107155767013495,3885.5433731603594,0.1115116258349447,0.016961507846929666,0.6303215467235005,0.5611627867660474,0.1115116258349447,1.0,0.10090038396185878,0.1227036147746075,0.21871304201687752,1.908550812174731,9.350285598409774e+23,6.3831283018477395e+22,1.140157140545159e+21,2.934357002474526e+17,-0.04393278970713055,2.4424906541753444e-14,0,0.998674732280175,1e+24,2048,power,p0,2.0,0.5,A1_balanced_q01_q99,R2,R2,1.0,1.0,2,65,0.9350285598409774,0.0638312830184774,0.001140157140545159,0.0,1.91340257677864,40.05403825337882,3895.137240569872,0.0048517646039090145,0.02170182631713848,sQ_2,False,False,True,False
0.2531415105974131,5.489964254695023,0.1115116258349447,0.016961507846929666,0.6303215467235005,0.5611627867660474,0.1115116258349447,1.0,0.5646933129232745,0.7700482260996724,1.3055463406540104,2.995384110811864,8.338427067355794e+18,5.6923662113148896e+17,1.0923363115127169e+18,1.9896965824113514e+17,-0.06375332029203704,7.843725668976731e-14,0,0.8656234222409604,1e+19,2048,logarithmic,p0,2.0,0.5,A1_balanced_q01_q99,R2,R2,1.0,1.0,3,65,0.8338427067355795,0.05692366211314889,0.10923363115127169,0.0,2.998925629084324,0.2213116933514807,7.04960382676961,0.0035415182724598537,0.002705332761518812,sQ_2,True,False,True,False
5.04296103215044,307.48101913063834,0.1115116258349447,0.016961507846929666,0.6303215467235005,0.5611627867660474,0.1115116258349447,1.0,0.20420295353840376,0.2495722297743705,0.44384962386595067,2.1336873940238044,9.303688785610279e+21,6.351318210976616e+20,6.117939329205905e+19,1.9896965824113514e+17,-0.08634913547421115,3.3306690738754696e-15,0,0.9928710057063146,1e+22,2048,logarithmic,p0,2.0,0.5,A1_balanced_q01_q99,R2,R2,1.0,1.0,2,65,0.9303688785610279,0.06351318210976617,0.006117939329205905,0.0,2.1431835539034494,5.0071376358424855,311.58715294570754,0.009496159879645028,0.020946836212276908,sQ_2,False,True,True,False
40.09006987518534,3888.625389774472,0.1115116258349447,0.016961507846929666,0.6303215467235005,0.5611627867660474,0.1115116258349447,1.0,0.10091500212775682,0.12267638704648177,0.21870070826735197,1.9085384784252055,9.353715815668705e+23,6.385469996829836e+22,7.737184648312276e+20,1.9896965824113514e+17,-0.044118034337163804,1.021405182655144e-14,0,0.9991008291170629,1e+24,2048,logarithmic,p0,2.0,0.5,A1_balanced_q01_q99,R2,R2,1.0,1.0,2,65,0.9353715815668705,0.06385469996829836,0.0007737184648312276,0.0,1.91340257677864,40.05403825337882,3895.137240569872,0.004864098353434487,0.021756994881958598,sQ_2,False,False,True,False
0.23831081501299167,5.636380613831631,0.1115116258349447,0.016961507846929666,0.6303215467235005,0.5611627867660474,0.1115116258349447,1.0,0.5764039283264688,0.7643962206685225,1.311472428849514,3.0013101990073676,8.059262746833852e+18,1.1003580070343821e+18,8.40379246131764e+17,1.4909909456247158e+17,-0.06892356663868007,1.6042722705833512e-13,0,0.8980262579966003,1e+19,4096,exponential,p0,2.0,0.5,A1_balanced_q01_q99,R2,R2,1.0,1.0,2,65,0.8059262746833853,0.11003580070343821,0.0840379246131764,2.048e-16,3.0114336635830927,0.21520735927894521,6.814114917167469,0.010123464575725105,0.00766003029071727,sQ_2,True,False,True,False
4.894306041047331,298.2906378960567,0.1115116258349447,0.016961507846929666,0.6303215467235005,0.5611627867660474,0.1115116258349447,1.0,0.20629084581440899,0.2517009617180282,0.44797401661087405,2.1378117867687276,8.759554026255193e+21,1.1959711097180423e+21,4.4474864026764124e+19,1.4909909456247158e+17,-0.08740043518517074,2.4424906541753444e-15,0,0.9948218647299658,1e+22,4096,exponential,p0,2.0,0.5,A1_balanced_q01_q99,R2,R2,1.0,1.0,2,65,0.8759554026255193,0.11959711097180424,0.004447486402676413,0.0,2.147515168977484,4.869028164926255,301.17872139461934,0.009703382208756217,0.02120135762391065,sQ_2,True,True,True,False
38.974631520161495,3760.4601001836522,0.1115116258349447,0.016961507846929666,0.6303215467235005,0.5611627867660474,0.1115116258349447,1.0,0.10188780013979605,0.1238325585565386,0.22078311020636038,1.910620880364214,8.793752805055646e+23,1.2006403829835974e+23,5.6068119607568374e+20,1.4909909456247158e+17,-0.044554125154001215,2.6645352591003757e-15,0,0.9993484781598982,1e+24,4096,exponential,p0,2.0,0.5,A1_balanced_q01_q99,R2,R2,1.0,1.0,2,65,0.8793752805055646,0.12006403829835975,0.0005606811960756837,0.0,1.9155386872733293,38.94924696670958,3765.0218973431524,0.004917806909115363,0.021789042649744156,sQ_2,False,False,True,False
0.21520735927894521,6.814114917167469,0.0,-0.09455011798801503,0.5611627867660474,0.5611627867660474,0.1115116258349447,0.0,0.5967380652193396,0.7248578282058994,1.321595893425239,3.0114336635830927,8.798686062881276e+18,1.2013139371187238e+18,0.0,0.0,0.04091238965904931,1.2212453270876722e-15,0,0.9999999999999973,1e+19,4096,power,p0,2.0,0.5,A1_balanced_q01_q99,R0,R0,0.0,0.0,2,65,0.8798686062881276,0.12013139371187238,0.0,0.0,3.0114336635830927,0.21520735927894521,6.814114917167469,0.0,0.0,sQ_2,True,False,False,False
4.9185483650461,295.56067239481496,0.1115116258349447,0.016961507846929666,0.6303215467235005,0.5611627867660474,0.1115116258349447,1.0,0.20594459938163312,0.2523495177447719,0.44826971369724644,2.1381074838550997,8.72237677187666e+21,1.19089517525356e+21,8.672805286978046e+19,2.934357002474526e+17,-0.08440871310108765,1.1102230246251565e-15,0,0.9898809225098302,1e+22,4096,power,p0,2.0,0.5,A1_balanced_q01_q99,R2,R2,1.0,1.0,2,65,0.872237677187666,0.11908951752535599,0.008672805286978046,0.0,2.147515168977484,4.869028164926255,301.17872139461934,0.009407685122384102,0.020555275717452064,sQ_2,True,True,True,False
38.99917599253702,3756.057347270024,0.1115116258349447,0.016961507846929666,0.6303215467235005,0.5611627867660474,0.1115116258349447,1.0,0.10186599439241553,0.1238731687393907,0.2208015033268262,1.9106392734846798,8.788988491454724e+23,1.1999898953666183e+23,1.1021613178657687e+21,2.934357002474526e+17,-0.0443662506925371,1.6431300764452317e-14,0,0.9987189212876832,1e+24,4096,power,p0,2.0,0.5,A1_balanced_q01_q99,R2,R2,1.0,1.0,2,65,0.8788988491454723,0.11999898953666184,0.0011021613178657688,0.0,1.9155386872733293,38.94924696670958,3765.0218973431524,0.004899413788649554,0.021707549314666574,sQ_2,False,False,True,False
0.2452303897703103,5.344036420314584,0.1115116258349447,0.016961507846929666,0.6303215467235005,0.5611627867660474,0.1115116258349447,1.0,0.5708220366361864,0.7758766762748245,1.3172419717239423,3.007079741881796,7.863120805802876e+18,1.0735780940189527e+18,1.063301100178172e+18,1.9896965824113514e+17,-0.0699859499872203,7.821521208484228e-14,0,0.8694038900091225,1e+19,4096,logarithmic,p0,2.0,0.5,A1_balanced_q01_q99,R2,R2,1.0,1.0,2,65,0.7863120805802876,0.10735780940189527,0.1063301100178172,0.0,3.0114336635830927,0.21520735927894521,6.814114917167469,0.00435392170129667,0.003294442516776,sQ_2,True,False,True,False
4.902707191279668,297.34019793710485,0.1115116258349447,0.016961507846929666,0.6303215467235005,0.5611627867660474,0.1115116258349447,1.0,0.2061705947846337,0.2519258920064642,0.44807640618899935,2.137914176346853,8.746631560096583e+21,1.1942067623385201e+21,5.916167756489722e+19,1.9896965824113514e+17,-0.0872932202819239,1.7763568394002505e-15,0,0.9931068211565102,1e+22,4096,logarithmic,p0,2.0,0.5,A1_balanced_q01_q99,R2,R2,1.0,1.0,2,65,0.8746631560096583,0.11942067623385201,0.005916167756489722,0.0,2.147515168977484,4.869028164926255,301.17872139461934,0.009600992630630856,0.020977642014642257,sQ_2,True,True,True,False
38.98311526932106,3758.937400351035,0.1115116258349447,0.016961507846929666,0.6303215467235005,0.5611627867660474,0.1115116258349447,1.0,0.1018802609451702,0.1238465967727644,0.22078946707292935,1.9106272372307829,8.792105398082787e+23,1.2004154570182365e+23,7.479144898976665e+20,1.9896965824113514e+17,-0.04454703308739048,1.3322676295501878e-15,0,0.9991308282266345,1e+24,4096,logarithmic,p0,2.0,0.5,A1_balanced_q01_q99,R2,R2,1.0,1.0,2,65,0.8792105398082787,0.12004154570182365,0.0007479144898976665,0.0,1.9155386872733293,38.94924696670958,3765.0218973431524,0.00491145004254645,0.02176087764868784,sQ_2,False,False,True,False
0.2251905467705493,5.349897852512697,0.1115116258349447,0.016961507846929666,0.6303215467235005,0.5611627867660474,0.1115116258349447,1.0,0.5876089423338497,0.7756386562178968,1.333428878670721,3.0232666488285744,7.228478535443531e+18,1.9738565387451133e+18,7.976649258113542e+17,1.4909909456247158e+17,-0.08063832137652713,1.8235413179468196e-13,0,0.9034310196863198,1e+19,8192,exponential,p0,2.0,0.5,A1_balanced_q01_q99,R2,R2,1.0,1.0,2,65,0.7228478535443531,0.19738565387451135,0.07976649258113543,2.048e-16,3.0346514285532704,0.2044611410334612,6.403048959103759,0.011384779724695981,0.008465693111921625,sQ_2,True,False,True,False
4.6484702898962205,280.45790710446937,0.1115116258349447,0.016961507846929666,0.6303215467235005,0.5611627867660474,0.1115116258349447,1.0,0.20993709900246668,0.25608146022069084,0.4558251967763084,2.145662966934162,7.8222014924496e+21,2.1359824875382374e+21,4.181602001216215e+19,1.4909909456247158e+17,-0.0891414358331822,2.6645352591003757e-15,0,0.995132079096863,1e+22,8192,exponential,p0,2.0,0.5,A1_balanced_q01_q99,R2,R2,1.0,1.0,2,65,0.78222014924496,0.21359824875382374,0.004181602001216215,0.0,2.155555634547043,4.625896891539429,283.0099172045741,0.009892667612881212,0.02124176109468315,sQ_2,True,True,True,False
37.02700845065935,3533.8660934406666,0.1115116258349447,0.016961507846929666,0.6303215467235005,0.5611627867660474,0.1115116258349447,1.0,0.10367914677252475,0.12600546883270863,0.22466065574571153,1.9144984259035651,7.850909382319567e+23,2.1438216553320628e+23,5.26896234837022e+20,1.4909909456247158e+17,-0.04534967383606866,3.552713678800501e-15,0,0.9993877472521637,1e+24,8192,exponential,p0,2.0,0.5,A1_balanced_q01_q99,R2,R2,1.0,1.0,2,65,0.7850909382319566,0.2143821655332063,0.000526896234837022,0.0,1.919503795573991,37.004345501425576,3537.8944784229056,0.005005369670425974,0.02179412327686104,sQ_2,False,False,True,False
0.2044611410334612,6.403048959103759,0.0,-0.09455011798801503,0.5611627867660474,0.5611627867660474,0.1115116258349447,0.0,0.6072215452422031,0.737592113153214,1.344813658395417,3.0346514285532704,7.855048177628824e+18,2.1449518223711772e+18,0.0,0.0,0.023029866539996058,2.220446049250313e-16,0,0.9999999999999991,1e+19,8192,power,p0,2.0,0.5,A1_balanced_q01_q99,R0,R0,0.0,0.0,2,65,0.7855048177628824,0.21449518223711772,0.0,0.0,3.0346514285532704,0.2044611410334612,6.403048959103759,0.0,0.0,sQ_2,True,False,False,False
4.670130942550073,278.04219674238163,0.1115116258349447,0.016961507846929666,0.6303215467235005,0.5611627867660474,0.1115116258349447,1.0,0.20960554222513425,0.2567022571131552,0.45610811025643977,2.1459458804142932,7.790960798047149e+21,2.1274516952534084e+21,8.158750669944073e+19,2.934357002474526e+17,-0.08627719756700909,1.1102230246251565e-15,0,0.9904831642811949,1e+22,8192,power,p0,2.0,0.5,A1_balanced_q01_q99,R2,R2,1.0,1.0,2,65,0.779096079804715,0.21274516952534084,0.008158750669944074,0.0,2.155555634547043,4.625896891539429,283.0099172045741,0.009609754132749782,0.020634282829913496,sQ_2,True,True,True,False
37.048922959067816,3529.9774477764768,0.1115116258349447,0.016961507846929666,0.6303215467235005,0.5611627867660474,0.1115116258349447,1.0,0.10365829261482852,0.1260443048656144,0.22467824429802036,1.914516014455874,7.846911750595052e+23,2.1427300353624885e+23,1.035821404246006e+21,2.934357002474526e+17,-0.04517000256278787,1.4654943925052066e-14,0,0.998796070343599,1e+24,8192,power,p0,2.0,0.5,A1_balanced_q01_q99,R2,R2,1.0,1.0,2,65,0.7846911750595051,0.21427300353624887,0.001035821404246006,0.0,1.919503795573991,37.004345501425576,3537.8944784229056,0.004987781118117152,0.021717540106681848,sQ_2,False,False,True,False
0.23143117116164522,5.084572931936142,0.1115116258349447,0.016961507846929666,0.6303215467235005,0.5611627867660474,0.1115116258349447,1.0,0.5821731773094777,0.7867605082363319,1.3389905921940546,3.0288283623519083,7.06037201096869e+18,1.9279522504618504e+18,1.0116757385694606e+18,1.9896965824113514e+17,-0.08133491517054031,8.68749516769185e-14,0,0.8760954255080664,1e+19,8192,logarithmic,p0,2.0,0.5,A1_balanced_q01_q99,R2,R2,1.0,1.0,2,65,0.706037201096869,0.19279522504618504,0.10116757385694607,0.0,3.0346514285532704,0.2044611410334612,6.403048959103759,0.0058230662013620815,0.0043300171477365845,sQ_2,True,False,True,False
4.655975449829708,279.61725125005034,0.1115116258349447,0.016961507846929666,0.6303215467235005,0.5611627867660474,0.1115116258349447,1.0,0.20982198452950107,0.25629671562455175,0.45592314729486033,2.145760917452714,7.811346343014598e+21,2.133018308065853e+21,5.563534891954813e+19,1.9896965824113514e+17,-0.08903841285695982,2.6645352591003757e-15,0,0.9935188370465264,1e+22,8192,logarithmic,p0,2.0,0.5,A1_balanced_q01_q99,R2,R2,1.0,1.0,2,65,0.7811346343014598,0.2133018308065853,0.005563534891954813,0.0,2.155555634547043,4.625896891539429,283.0099172045741,0.009794717094329108,0.0210314395115066,sQ_2,True,True,True,False
37.03458298349623,3532.521277123821,0.1115116258349447,0.016961507846929666,0.6303215467235005,0.5611627867660474,0.1115116258349447,1.0,0.10367193686950911,0.12601889336814087,0.22466673444362625,1.9145045046014797,7.849527142716493e+23,2.1434442117711172e+23,7.028645512388649e+20,1.9896965824113514e+17,-0.04534288846436967,5.773159728050814e-15,0,0.9991832003955108,1e+24,8192,logarithmic,p0,2.0,0.5,A1_balanced_q01_q99,R2,R2,1.0,1.0,2,65,0.7849527142716494,0.21434442117711172,0.0007028645512388649,0.0,1.919503795573991,37.004345501425576,3537.8944784229056,0.004999290972511394,0.021767655722926126,sQ_2,False,False,True,False
0.17623438107977912,4.234641447212876,0.1115116258349447,0.016961507846929666,0.6303215467235005,0.5611627867660474,0.1115116258349447,1.0,0.6386796530747824,0.8280882156195705,1.4346848191782189,3.124522589336072,4.4777364872660485e+18,4.890882307157797e+18,6.313812055761542e+17,1.4909909456247158e+17,-0.13056658548922145,9.57012247226885e-14,0,0.9242350909192785,1e+19,32768,exponential,p0,2.0,0.5,A1_balanced_q01_q99,R2,R2,1.0,1.0,2,65,0.44777364872660486,0.48908823071577967,0.06313812055761542,0.0,3.141230674780817,0.16337528406908372,4.875794103672979,0.016708085444745002,0.011511759077453346,sQ_2,True,False,True,False
3.710086538768381,214.02258207746547,0.1115116258349447,0.016961507846929666,0.6303215467235005,0.5611627867660474,0.1115116258349447,1.0,0.2266640326141103,0.27621024125837357,0.49187475542557224,2.1817125255834258,4.764253804548334e+21,5.203835622247994e+21,3.191057320367236e+19,1.4909909456247158e+17,-0.09703192892540632,6.661338147750939e-16,0,0.9962870451651606,1e+22,32768,exponential,p0,2.0,0.5,A1_balanced_q01_q99,R2,R2,1.0,1.0,2,65,0.4764253804548334,0.5203835622247994,0.003191057320367236,0.0,2.1924647324220055,3.696336697083492,215.50640865007304,0.010752206838579692,0.02139202161011201,sQ_2,True,True,True,False
29.582223988198887,2691.6994271753133,0.1115116258349447,0.016961507846929666,0.6303215467235005,0.5611627867660474,0.1115116258349447,1.0,0.11190148425373904,0.1359813251252777,0.24246079501856815,1.9322985651764217,4.777587321816406e+23,5.218399378709332e+23,4.013299474261626e+20,1.4909909456247158e+17,-0.0489951587649577,1.3322676295501878e-15,0,0.9995336844057885,1e+24,32768,exponential,p0,2.0,0.5,A1_balanced_q01_q99,R2,R2,1.0,1.0,2,65,0.4777587321816406,0.5218399378709332,0.0004013299474261626,0.0,1.937705300087363,29.56843255167263,2694.036098659802,0.0054067349109412355,0.02181300193889436,sQ_2,False,False,True,False
0.18729289090080467,3.78123908178281,0.1115116258349447,0.016961507846929666,0.6303215467235005,0.5611627867660474,0.1115116258349447,1.0,0.6256004365187285,0.8547565100128298,1.4479766590772103,3.137814429235064,4.2491951928852403e+18,4.641254269348785e+18,1.1095505377659736e+18,2.934357002474526e+17,-0.012595508831850288,9.225953334635051e-14,0,0.8633762576498432,1e+19,32768,power,p0,2.0,0.5,A1_balanced_q01_q99,R2,R2,1.0,1.0,2,65,0.424919519288524,0.4641254269348785,0.11095505377659737,0.0,3.141230674780817,0.16337528406908372,4.875794103672979,0.0034162455457531493,0.00235377032288912,sQ_2,True,False,True,False
3.723307783559277,212.61056042466726,0.1115116258349447,0.016961507846929666,0.6303215467235005,0.5611627867660474,0.1115116258349447,1.0,0.22639006707158815,0.2767224555687277,0.4921077929072979,2.1819455630651516,4.749687326976382e+21,5.187925144345402e+21,6.238752867821557e+19,2.934357002474526e+17,-0.09466692683577162,3.552713678800501e-15,0,0.9927297850066101,1e+22,32768,power,p0,2.0,0.5,A1_balanced_q01_q99,R2,R2,1.0,1.0,2,65,0.47496873269763823,0.5187925144345402,0.006238752867821557,0.0,2.1924647324220055,3.696336697083492,215.50640865007304,0.01051916935685382,0.020928382571179634,sQ_2,True,True,True,False
29.595563519438098,2689.4422846914526,0.1115116258349447,0.016961507846929666,0.6303215467235005,0.5611627867660474,0.1115116258349447,1.0,0.11188433383568021,0.13601325785401608,0.24247525399137287,1.9323130241492263,4.775733598106917e+23,5.2163746180922484e+23,7.891783800835452e+20,2.934357002474526e+17,-0.04884741109640484,4.440892098500626e-15,0,0.9990828554029831,1e+24,32768,power,p0,2.0,0.5,A1_balanced_q01_q99,R2,R2,1.0,1.0,2,65,0.4775733598106917,0.5216374618092249,0.0007891783800835452,0.0,1.937705300087363,29.56843255167263,2694.036098659802,0.005392275938136626,0.021754668470170834,sQ_2,False,False,True,False
0.18018578509582808,4.06347153918659,0.1115116258349447,0.016961507846929666,0.6303215467235005,0.5611627867660474,0.1115116258349447,1.0,0.6338829332139267,0.8377069439430358,1.4394013544166224,3.129239124574476,4.393078857017332e+18,4.798413599558132e+18,8.085075434245353e+17,1.9896965824113514e+17,-0.13004318928522707,1.9279022822615843e-13,0,0.9020614526759636,1e+19,32768,logarithmic,p0,2.0,0.5,A1_balanced_q01_q99,R2,R2,1.0,1.0,2,65,0.43930788570173324,0.4798413599558132,0.08085075434245353,2.048e-16,3.141230674780817,0.16337528406908372,4.875794103672979,0.011991550206341017,0.008262097856580298,sQ_2,True,False,True,False
3.714664538022934,213.5320267507073,0.1115116258349447,0.016961507846929666,0.6303215467235005,0.5611627867660474,0.1115116258349447,1.0,0.22656902120861075,0.2763876998577661,0.49195539922748993,2.1817931693853434,4.759199085018101e+21,5.198314520595772e+21,4.248639438612516e+19,1.9896965824113514e+17,-0.09694570623537113,3.1086244689504383e-15,0,0.9950538725544273,1e+22,32768,logarithmic,p0,2.0,0.5,A1_balanced_q01_q99,R2,R2,1.0,1.0,2,65,0.4759199085018101,0.5198314520595771,0.004248639438612516,2.097152e-16,2.1924647324220055,3.696336697083492,215.50640865007304,0.010671563036662057,0.021231576970305147,sQ_2,True,True,True,False
29.58683427029244,2690.919005802717,0.1115116258349447,0.016961507846929666,0.6303215467235005,0.5611627867660474,0.1115116258349447,1.0,0.11189555571747209,0.13599236219179633,0.24246579180841937,1.932303561966273,4.776946479567905e+23,5.2176994080827043e+23,5.3541123493914175e+20,1.9896965824113514e+17,-0.04898956993801295,4.440892098500626e-16,0,0.9993778501830182,1e+24,32768,logarithmic,p0,2.0,0.5,A1_balanced_q01_q99,R2,R2,1.0,1.0,2,65,0.4776946479567905,0.5217699408082704,0.0005354112349391418,1.3421772800000001e-16,1.937705300087363,29.56843255167263,2694.036098659802,0.005401738121090016,0.02179284282465846,sQ_2,False,False,True,False
0.1119003502224995,2.6638949821323656,0.1115116258349447,0.016961507846929666,0.6303215467235005,0.5611627867660474,0.1115116258349447,1.0,0.7453295343622138,0.9427983852525773,1.651202995916551,3.3410407660744044,1.7885446887394245e+18,7.814270981415128e+18,3.971843298454471e+17,1.4909909456247158e+17,-0.21997028306463404,8.215650382226158e-15,0,0.9529180658891687,1e+19,131072,exponential,p0,2.0,0.5,A1_balanced_q01_q99,R2,R2,1.0,1.0,2,65,0.17885446887394246,0.7814270981415128,0.03971843298454471,0.0,3.3671545656485984,0.10675396678354974,2.907809368728097,0.02611379957419402,0.015568793947808334,sQ_2,True,False,True,False
2.420655095822969,127.9933638190085,0.1115116258349447,0.016961507846929666,0.6303215467235005,0.5611627867660474,0.1115116258349447,1.0,0.2620796444678303,0.3189568757850381,0.5683273357610179,2.2581651059188714,1.858966730160037e+21,8.121949575184545e+21,1.9083694655419175e+19,1.4909909456247158e+17,-0.11337014618205818,1.5787371410169726e-13,0,0.9977809433224101,1e+22,131072,exponential,p0,2.0,0.5,A1_balanced_q01_q99,R2,R2,1.0,1.0,2,65,0.18589667301600368,0.8121949575184545,0.0019083694655419176,0.0,2.2707036700715384,2.4152894804725173,128.52297303152443,0.012538564152666964,0.021585987668634295,sQ_2,True,True,True,False
19.326213740093664,1605.8285693222247,0.1115116258349447,0.016961507846929666,0.6303215467235005,0.5611627867660474,0.1115116258349447,1.0,0.1293283470432583,0.1571327868329962,0.2801952843585795,1.970033054516433,1.8620751696402077e+23,8.135530554502711e+23,2.3942758570849282e+20,1.4909909456247158e+17,-0.05669836961093467,2.6645352591003757e-15,0,0.9997218254519478,1e+24,131072,exponential,p0,2.0,0.5,A1_balanced_q01_q99,R2,R2,1.0,1.0,2,65,0.18620751696402077,0.8135530554502711,0.0002394275857084928,4.02653184e-16,1.9762883719785738,19.320838426993262,1606.6600108223258,0.006255317462140697,0.02183733398492123,sQ_2,False,False,True,False
0.11650959573735307,2.4711356399660445,0.1115116258349447,0.016961507846929666,0.6303215467235005,0.5611627867660474,0.1115116258349447,1.0,0.7351708887153117,0.9628287870606289,1.6608588242212965,3.35069659437915,1.7274660865476547e+18,7.547414496532473e+18,7.251194169198732e+17,2.934357002474526e+17,-0.12990189119593948,1.5037970868547745e-13,0,0.9125531745251751,1e+19,131072,power,p0,2.0,0.5,A1_balanced_q01_q99,R2,R2,1.0,1.0,2,65,0.17274660865476546,0.7547414496532473,0.07251194169198731,2.048e-16,3.3671545656485984,0.10675396678354974,2.907809368728097,0.016457971269448368,0.009812082794194474,sQ_2,True,False,True,False
2.425828371469273,127.48590959767617,0.1115116258349447,0.016961507846929666,0.6303215467235005,0.5611627867660474,0.1115116258349447,1.0,0.2618894906566125,0.319311718919893,0.5684884227861334,2.258326192943987,1.8555536187876586e+21,8.107037464057866e+21,3.740891715447755e+19,2.934357002474526e+17,-0.11173019208285484,0.0,0,0.995646085070634,1e+22,131072,power,p0,2.0,0.5,A1_balanced_q01_q99,R2,R2,1.0,1.0,2,65,0.18555536187876587,0.8107037464057866,0.003740891715447755,2.097152e-16,2.2707036700715384,2.4152894804725173,128.52297303152443,0.01237747712755155,0.021308665441353503,sQ_2,True,True,True,False
19.331414708080437,1605.024724629155,0.1115116258349447,0.016961507846929666,0.6303215467235005,0.5611627867660474,0.1115116258349447,1.0,0.12931651626996143,0.15715480951174818,0.2802052533334576,1.970043023491311,1.861643914111728e+23,8.133646370348413e+23,4.7097155398603086e+20,2.934357002474526e+17,-0.05659646181855182,4.884981308350689e-15,0,0.9994527469685055,1e+24,131072,power,p0,2.0,0.5,A1_balanced_q01_q99,R2,R2,1.0,1.0,2,65,0.1861643914111728,0.8133646370348414,0.00047097155398603086,1.3421772800000001e-16,1.9762883719785738,19.320838426993262,1606.6600108223258,0.0062453484872626586,0.02180253226059344,sQ_2,False,False,True,False
0.11353005353461218,2.593177930113992,0.1115116258349447,0.016961507846929666,0.6303215467235005,0.5611627867660474,0.1115116258349447,1.0,0.7416746365684836,0.9499249895571333,1.6545987647590725,3.344436534916926,1.766421775383698e+18,7.717614498103069e+18,5.159637265132352e+17,1.9896965824113514e+17,-0.2183947056787491,4.474198789239381e-14,0,0.9384592202609152,1e+19,131072,logarithmic,p0,2.0,0.5,A1_balanced_q01_q99,R2,R2,1.0,1.0,2,65,0.1766421775383698,0.7717614498103069,0.05159637265132352,2.048e-16,3.3671545656485984,0.10675396678354974,2.907809368728097,0.022718030731672556,0.013544269509937945,sQ_2,True,False,True,False
2.4224448613082874,127.81745230343162,0.1115116258349447,0.016961507846929666,0.6303215467235005,0.5611627867660474,0.1115116258349447,1.0,0.26201379659687535,0.319079679696444,0.5683830459850686,2.2582208161429222,1.8577843831077903e+21,8.116783822090144e+21,2.5431794802066383e+19,1.9896965824113514e+17,-0.11330932229699402,1.3322676295501878e-15,0,0.9970418441575634,1e+22,131072,logarithmic,p0,2.0,0.5,A1_balanced_q01_q99,R2,R2,1.0,1.0,2,65,0.18577843831077903,0.8116783822090143,0.0025431794802066384,0.0,2.2707036700715384,2.4152894804725173,128.52297303152443,0.012482853928616144,0.021490078743598436,sQ_2,True,True,True,False
19.32801105054614,1605.5507128917832,0.1115116258349447,0.016961507846929666,0.6303215467235005,0.5611627867660474,0.1115116258349447,1.0,0.1293242581733917,0.15714039758175835,0.2801987292023712,1.9700364993602246,1.8619261152590772e+23,8.134879325974593e+23,3.19455876632889e+20,1.9896965824113514e+17,-0.05669450670301468,5.329070518200751e-15,0,0.9996288311951229,1e+24,131072,logarithmic,p0,2.0,0.5,A1_balanced_q01_q99,R2,R2,1.0,1.0,2,65,0.18619261152590771,0.8134879325974593,0.000319455876632889,1.3421772800000001e-16,1.9762883719785738,19.320838426993262,1606.6600108223258,0.006251872618349141,0.02182530802383116,sQ_2,False,False,True,False
0.26573820733975895,5.01561038260634,0.1865461521936312,0.09199603420561615,0.6768574550479167,0.5611627867660474,0.1865461521936312,1.0,0.5554463750894231,0.7897734087950921,1.2492734380708843,2.939111208228738,7.997035870730948e+18,5.45930982108566e+17,1.4570331471604864e+18,2.904996672415662e+17,-0.2941364409532635,1.5104584250025255e-13,0,0.8170604438036417,1e+19,2048,exponential,p0,1.0,0.2,A1_balanced_q01_q99,R2,R2,1.0,1.0,2,65,0.7997035870730947,0.0545930982108566,0.14570331471604864,0.0,2.998925629084324,0.2213116933514807,7.04960382676961,0.05981442085558619,0.04569167794790929,keep_20pct,True,False,True,False
5.059283524129382,305.63763897651023,0.1865461521936312,0.09199603420561615,0.6768574550479167,0.5611627867660474,0.1865461521936312,1.0,0.20397872921022664,0.24999262198805725,0.42159233568471854,2.111430105842572,9.277844827365975e+21,6.333675402148507e+20,8.878763241917417e+19,2.904996672415662e+17,-0.17545310419578852,3.774758283725532e-15,0,0.9896395444024904,1e+22,2048,exponential,p0,1.0,0.2,A1_balanced_q01_q99,R2,R2,1.0,1.0,2,65,0.9277844827365975,0.06333675402148506,0.008878763241917416,0.0,2.1431835539034494,5.0071376358424855,311.58715294570754,0.03175344806087743,0.07004244706662258,keep_20pct,False,True,True,False
40.10662493603301,3885.6390698906857,0.1865461521936312,0.09199603420561615,0.6768574550479167,0.5611627867660474,0.1865461521936312,1.0,0.10090083799898485,0.12270276893686902,0.20765532156772518,1.8974930917255788,9.350392128774114e+23,6.383201026576461e+22,1.128776856824073e+21,2.904996672415662e+17,-0.0884062441807212,1.9539925233402755e-14,0,0.9986879676862572,1e+24,2048,exponential,p0,1.0,0.2,A1_balanced_q01_q99,R2,R2,1.0,1.0,2,65,0.9350392128774114,0.06383201026576461,0.001128776856824073,0.0,1.91340257677864,40.05403825337882,3895.137240569872,0.015909485053061223,0.07116274378573002,keep_20pct,False,False,True,False
0.2975643531895888,4.063570662362367,0.1865461521936312,0.09199603420561615,0.6768574550479167,0.5611627867660474,0.1865461521936312,1.0,0.534490149870545,0.8377012244895928,1.274321309033964,2.9641590791918175,7.25504265471628e+18,4.9527757856196474e+17,2.2496797667217551e+18,5.5362142156373824e+17,-0.17782385038404108,9.914291609902648e-14,0,0.7039415701904173,1e+19,2048,power,p0,1.0,0.2,A1_balanced_q01_q99,R2,R2,1.0,1.0,2,65,0.7255042654716279,0.049527757856196473,0.22496797667217552,0.0,2.998925629084324,0.2213116933514807,7.04960382676961,0.03476654989250649,0.026557843047308786,keep_20pct,True,False,True,False
5.105674862603032,300.49020450667734,0.1865461521936312,0.09199603420561615,0.6768574550479167,0.5611627867660474,0.1865461521936312,1.0,0.20334670197993185,0.2511839137878579,0.42211171131382225,2.111949481471676,9.205231701649121e+21,6.284104841659133e+20,1.6635781418496514e+20,5.5362142156373824e+17,-0.17216809389128793,4.218847493575595e-15,0,0.9805117823786005,1e+22,2048,power,p0,1.0,0.2,A1_balanced_q01_q99,R2,R2,1.0,1.0,2,65,0.9205231701649121,0.06284104841659134,0.016635781418496514,0.0,2.1431835539034494,5.0071376358424855,311.58715294570754,0.031234072431773452,0.06889679699613431,keep_20pct,False,True,True,False
40.15414528028532,3877.0865698140597,0.1865461521936312,0.09199603420561615,0.6768574550479167,0.5611627867660474,0.1865461521936312,1.0,0.10086022416821402,0.12277846765437933,0.20768790406287316,1.8975256742207267,9.34086584331341e+23,6.376697749035287e+22,2.1464381783061373e+21,5.5362142156373824e+17,-0.08819590857208427,1.687538997430238e-13,0,0.9975038188255616,1e+24,2048,power,p0,1.0,0.2,A1_balanced_q01_q99,R2,R2,1.0,1.0,2,65,0.934086584331341,0.06376697749035287,0.0021464381783061373,0.0,1.91340257677864,40.05403825337882,3895.137240569872,0.015876902557913297,0.07101700306902031,keep_20pct,False,False,True,False
0.2699250715536404,4.8718097066031145,0.1865461521936312,0.09199603420561615,0.6768574550479167,0.5611627867660474,0.1865461521936312,1.0,0.5525020573895459,0.796229973125777,1.2525351775103326,2.9423729476681864,7.890141501903395e+18,5.386336598632717e+17,1.5712248382333353e+18,3.225135899917727e+17,-0.36163241413804553,7.743805596760467e-14,0,0.8014276773057936,1e+19,2048,logarithmic,p0,1.0,0.2,A1_balanced_q01_q99,R2,R2,1.0,1.0,2,65,0.7890141501903395,0.05386336598632717,0.15712248382333352,2.048e-16,2.998925629084324,0.2213116933514807,7.04960382676961,0.05655268141613767,0.04320006562624044,keep_20pct,True,False,True,False
5.064969698444248,304.99945930953345,0.1865461521936312,0.09199603420561615,0.6768574550479167,0.5611627867660474,0.1865461521936312,1.0,0.2039008449915847,0.25013891897280505,0.4216558689842914,2.111493639142145,9.268878116667997e+21,6.327554127645353e+20,9.836647056746722e+19,3.225135899917727e+17,-0.17668964355184522,4.440892098500626e-16,0,0.9885162665097433,1e+22,2048,logarithmic,p0,1.0,0.2,A1_balanced_q01_q99,R2,R2,1.0,1.0,2,65,0.9268878116667997,0.06327554127645353,0.009836647056746722,2.097152e-16,2.1431835539034494,5.0071376358424855,311.58715294570754,0.03168991476130456,0.069902303931182,keep_20pct,False,True,True,False
40.112412307182964,3884.5959343052973,0.1865461521936312,0.09199603420561615,0.6768574550479167,0.5611627867660474,0.1865461521936312,1.0,0.10089588830549447,0.12271199037156741,0.20765928863161276,1.8974970587894662,9.349230825819643e+23,6.382408243759543e+22,1.2528349804402458e+21,3.225135899917727e+17,-0.08848312575344122,2.842170943040401e-14,0,0.9985436784661696,1e+24,2048,logarithmic,p0,1.0,0.2,A1_balanced_q01_q99,R2,R2,1.0,1.0,2,65,0.9349230825819643,0.06382408243759544,0.001252834980440246,0.0,1.91340257677864,40.05403825337882,3895.137240569872,0.015905517989173834,0.07114499920442696,keep_20pct,False,False,True,False
0.25715405990533935,4.892165344217909,0.1865461521936312,0.09199603420561615,0.6768574550479167,0.5611627867660474,0.1865461521936312,1.0,0.5616820412510811,0.7953012954349805,1.2601979681947872,2.950035738352641,7.548241079963023e+18,1.0305865154509514e+18,1.4211724045860247e+18,2.904996672415662e+17,-0.30306134149363356,1.705857677336553e-13,0,0.8219266649172763,1e+19,4096,exponential,p0,1.0,0.2,A1_balanced_q01_q99,R2,R2,1.0,1.0,2,65,0.7548241079963023,0.10305865154509514,0.14211724045860247,0.0,3.0114336635830927,0.21520735927894521,6.814114917167469,0.06139792523045173,0.04645741223614428,keep_20pct,True,False,True,False
4.918057432317608,295.6155754375489,0.1865461521936312,0.09199603420561615,0.6768574550479167,0.5611627867660474,0.1865461521936312,1.0,0.205951588538542,0.2523363990136233,0.4256010926204388,2.1154388627782925,8.723126267336903e+21,1.1909975063670652e+21,8.587622629603207e+19,2.904996672415662e+17,-0.17727491061659356,2.220446049250313e-16,0,0.9899807400157898,1e+22,4096,exponential,p0,1.0,0.2,A1_balanced_q01_q99,R2,R2,1.0,1.0,2,65,0.8723126267336903,0.11909975063670651,0.008587622629603206,0.0,2.147515168977484,4.869028164926255,301.17872139461934,0.03207630619919133,0.07008496876165955,keep_20pct,True,True,True,False
38.99867700551778,3756.1467759250813,0.1865461521936312,0.09199603420561615,0.6768574550479167,0.5611627867660474,0.1865461521936312,1.0,0.10186643751824792,0.1238723432598331,0.20963820644550746,1.899475976603361,8.789085293977152e+23,1.2000031121376805e+23,1.0911593885167178e+21,2.904996672415662e+17,-0.08926013025306631,1.9539925233402755e-14,0,0.9987317161788263,1e+24,4096,exponential,p0,1.0,0.2,A1_balanced_q01_q99,R2,R2,1.0,1.0,2,65,0.8789085293977152,0.12000031121376806,0.001091159388516718,0.0,1.9155386872733293,38.94924696670958,3765.0218973431524,0.016062710669968228,0.07116812317492797,keep_20pct,False,False,True,False
0.2873437357917411,3.9791875365695004,0.1865461521936312,0.09199603420561615,0.6768574550479167,0.5611627867660474,0.1865461521936312,1.0,0.5408793518257247,0.842635835211871,1.2848374630224135,2.974675233180267,6.860367673042894e+18,9.366688662927898e+17,2.2029634606643164e+18,5.5362142156373824e+17,-0.18781163314597743,3.6637359812630166e-15,0,0.7109228403039878,1e+19,4096,power,p0,1.0,0.2,A1_balanced_q01_q99,R2,R2,1.0,1.0,2,65,0.6860367673042894,0.09366688662927898,0.22029634606643164,0.0,3.0114336635830927,0.21520735927894521,6.814114917167469,0.03675843040282567,0.027813668751313223,keep_20pct,True,False,True,False
4.961701300699798,290.7952689348462,0.1865461521936312,0.09199603420561615,0.6768574550479167,0.5611627867660474,0.1865461521936312,1.0,0.20533388077132372,0.25350021185088095,0.42610824733713937,2.115946017494993,8.657035584668245e+21,1.1819739251600376e+21,1.6099049017171912e+20,5.5362142156373824e+17,-0.17406476041481292,2.220446049250313e-16,0,0.9811456756263377,1e+22,4096,power,p0,1.0,0.2,A1_balanced_q01_q99,R2,R2,1.0,1.0,2,65,0.8657035584668245,0.11819739251600377,0.016099049017171914,2.097152e-16,2.147515168977484,4.869028164926255,301.17872139461934,0.03156915148249073,0.06897686353730607,keep_20pct,True,True,True,False
39.043348269933475,3748.1537258559347,0.1865461521936312,0.09199603420561615,0.6768574550479167,0.5611627867660474,0.1865461521936312,1.0,0.1018267972430917,0.12394622336698695,0.20967000415852885,1.8995077743163824,8.78042827727052e+23,1.1988211407900018e+23,2.0750581939477846e+21,5.5362142156373824e+17,-0.08905484019345586,1.9628743075372768e-13,0,0.9975869158193595,1e+24,4096,power,p0,1.0,0.2,A1_balanced_q01_q99,R2,R2,1.0,1.0,2,65,0.878042827727052,0.11988211407900018,0.0020750581939477848,0.0,1.9155386872733293,38.94924696670958,3765.0218973431524,0.01603091295694692,0.07102723888687201,keep_20pct,False,False,True,False
0.2611209410263859,4.754773708437043,0.1865461521936312,0.09199603420561615,0.6768574550479167,0.5611627867660474,0.1865461521936312,1.0,0.5587663028013815,0.8016675717178373,1.2634024001498199,2.9532401703076734,7.449425910687596e+18,1.0170949510058798e+18,1.5334791383065252e+18,3.225135899917727e+17,-0.36928314872846013,1.0225154056797692e-13,0,0.8066183495183721,1e+19,4096,logarithmic,p0,1.0,0.2,A1_balanced_q01_q99,R2,R2,1.0,1.0,2,65,0.7449425910687596,0.10170949510058798,0.15334791383065252,0.0,3.0114336635830927,0.21520735927894521,6.814114917167469,0.05819349327541934,0.044032743719108,keep_20pct,True,False,True,False
4.923405600442181,295.0183114073285,0.1865461521936312,0.09199603420561615,0.6768574550479167,0.5611627867660474,0.1865461521936312,1.0,0.20587549975651961,0.2524792792561522,0.42566312025228037,2.115500890410134,8.714968839695019e+21,1.1898837455796932e+21,9.514741472528825e+19,3.225135899917727e+17,-0.17848195413509,3.774758283725532e-15,0,0.9888938754646064,1e+22,4096,logarithmic,p0,1.0,0.2,A1_balanced_q01_q99,R2,R2,1.0,1.0,2,65,0.8714968839695019,0.11898837455796933,0.009514741472528825,2.097152e-16,2.147515168977484,4.869028164926255,301.17872139461934,0.03201427856734984,0.06994944179003824,keep_20pct,True,True,True,False
39.004117220712914,3755.1719550345097,0.1865461521936312,0.09199603420561615,0.6768574550479167,0.5611627867660474,0.1865461521936312,1.0,0.10186160674074742,0.12388134279277951,0.20964207786898098,1.8994798480268344,8.788030027085982e+23,1.1998590330314728e+23,1.2110939882546033e+21,3.225135899917727e+17,-0.08933515674393638,2.7533531010703882e-14,0,0.9985922284782145,1e+24,4096,logarithmic,p0,1.0,0.2,A1_balanced_q01_q99,R2,R2,1.0,1.0,2,65,0.8788030027085982,0.11998590330314728,0.0012110939882546033,1.3421772800000001e-16,1.9155386872733293,38.94924696670958,3765.0218973431524,0.01605883924649487,0.07115097028284849,keep_20pct,False,False,True,False
0.24221034893804272,4.671589158785055,0.1865461521936312,0.09199603420561615,0.6768574550479167,0.5611627867660474,0.1865461521936312,1.0,0.5732319571985658,0.8056376444982354,1.2805232190304114,2.970360989188265,6.789043441467034e+18,1.8538614624165983e+18,1.3570950961163668e+18,2.904996672415662e+17,-0.31942829116889604,1.915134717478395e-13,0,0.8305713789308133,1e+19,8192,exponential,p0,1.0,0.2,A1_balanced_q01_q99,R2,R2,1.0,1.0,2,65,0.6789043441467033,0.18538614624165983,0.1357095096116367,2.048e-16,3.0346514285532704,0.2044611410334612,6.403048959103759,0.06429043936500545,0.04780620643139116,keep_20pct,True,False,True,False
4.669692176841987,278.09081231643586,0.1865461521936312,0.09199603420561615,0.6768574550479167,0.5611627867660474,0.1865461521936312,1.0,0.20961223789480715,0.2566896957430756,0.4330434526711578,2.1228812228290113,7.791590944354163e+21,2.1276237672049767e+21,8.078528844086146e+19,2.904996672415662e+17,-0.18064785651512427,4.884981308350689e-15,0,0.9905771201736779,1e+22,8192,exponential,p0,1.0,0.2,A1_balanced_q01_q99,R2,R2,1.0,1.0,2,65,0.7791590944354163,0.21276237672049766,0.008078528844086146,0.0,2.155555634547043,4.625896891539429,283.0099172045741,0.03267441171803176,0.0701592406400081,keep_20pct,True,True,True,False
37.04847742364555,3530.056440806358,0.1865461521936312,0.09199603420561615,0.6768574550479167,0.5611627867660474,0.1865461521936312,1.0,0.10365871642804976,0.12604351541483616,0.21331896865081532,1.9031567388086688,7.846992981084534e+23,2.1427522167014835e+23,1.0254802213981945e+21,2.904996672415662e+17,-0.09084456706143879,1.687538997430238e-14,0,0.9988080960130548,1e+24,8192,exponential,p0,1.0,0.2,A1_balanced_q01_q99,R2,R2,1.0,1.0,2,65,0.7846992981084534,0.21427522167014837,0.0010254802213981945,1.3421772800000001e-16,1.919503795573991,37.004345501425576,3537.8944784229056,0.016347056765322332,0.07117751411294981,keep_20pct,False,False,True,False
0.26960850131742614,3.827020219889716,0.1865461521936312,0.09199603420561615,0.6768574550479167,0.5611627867660474,0.1865461521936312,1.0,0.5527225339824683,0.8518821649657871,1.3044227883108857,2.9942605584687394,6.190783115975718e+18,1.6904965095357693e+18,2.1187203744885146e+18,5.5362142156373824e+17,-0.20617134822351046,2.836619827917275e-14,0,0.7234070264131034,1e+19,8192,power,p0,1.0,0.2,A1_balanced_q01_q99,R2,R2,1.0,1.0,2,65,0.6190783115975718,0.16904965095357694,0.21187203744885147,2.048e-16,3.0346514285532704,0.2044611410334612,6.403048959103759,0.040390870084531016,0.030034547784653216,keep_20pct,True,False,True,False
4.708716450147478,273.81745586098833,0.1865461521936312,0.09199603420561615,0.6768574550479167,0.5611627867660474,0.1865461521936312,1.0,0.20901999364611235,0.2578047142800741,0.4335289406488906,2.123366710806744,7.735972552501001e+21,2.1124362383362732e+21,1.515912091627265e+20,5.5362142156373824e+17,-0.1775707638583499,6.661338147750939e-16,0,0.9822549196619963,1e+22,8192,power,p0,1.0,0.2,A1_balanced_q01_q99,R2,R2,1.0,1.0,2,65,0.7735972552501001,0.21124362383362733,0.015159120916272651,0.0,2.155555634547043,4.625896891539429,283.0099172045741,0.032188923740299025,0.06911678980259063,keep_20pct,True,True,True,False
37.08836600814545,3522.9949857232978,0.1865461521936312,0.09199603420561615,0.6768574550479167,0.5611627867660474,0.1865461521936312,1.0,0.10362079966481416,0.12611417656669718,0.21334937758134523,1.9031871477391988,7.839727648522009e+23,2.14076829655641e+23,1.9504054921580537e+21,5.5362142156373824e+17,-0.09064820875868282,1.7630341631047486e-13,0,0.9977320159831389,1e+24,8192,power,p0,1.0,0.2,A1_balanced_q01_q99,R2,R2,1.0,1.0,2,65,0.7839727648522009,0.214076829655641,0.0019504054921580538,0.0,1.919503795573991,37.004345501425576,3537.8944784229056,0.016316647834792253,0.07104510911105712,keep_20pct,False,False,True,False
0.24580259898143236,4.545346775176009,0.1865461521936312,0.09199603420561615,0.6768574550479167,0.5611627867660474,0.1865461521936312,1.0,0.5703699066152514,0.8118388028695871,1.2836241685677465,2.9734619387256,6.703548303660812e+18,1.8305155901196457e+18,1.4659361062195415e+18,3.225135899917727e+17,-0.38335723858467186,1.4249712521063884e-13,0,0.8158491673930064,1e+19,8192,logarithmic,p0,1.0,0.2,A1_balanced_q01_q99,R2,R2,1.0,1.0,2,65,0.6703548303660812,0.18305155901196457,0.14659361062195414,0.0,3.0346514285532704,0.2044611410334612,6.403048959103759,0.061189489827670585,0.04550034827924016,keep_20pct,True,False,True,False
4.674472295545049,277.5618749450403,0.1865461521936312,0.09199603420561615,0.6768574550479167,0.5611627867660474,0.1865461521936312,1.0,0.20953933753983414,0.25682651471412954,0.4331028123610945,2.122940582518948,7.784731768380781e+21,2.1257507548858454e+21,8.95174767333724e+19,3.225135899917727e+17,-0.18180266212647947,3.3306690738754696e-15,0,0.9895539962476885,1e+22,8192,logarithmic,p0,1.0,0.2,A1_balanced_q01_q99,R2,R2,1.0,1.0,2,65,0.7784731768380782,0.21257507548858454,0.00895174767333724,0.0,2.155555634547043,4.625896891539429,283.0099172045741,0.032615052028095004,0.07003178216251432,keep_20pct,True,True,True,False
37.05333491615213,3529.1953584299904,0.1865461521936312,0.09199603420561615,0.6768574550479167,0.5611627867660474,0.1865461521936312,1.0,0.10365409613254518,0.12605212223181161,0.21332267083795495,1.9031604409958085,7.84610745602616e+23,2.1425104093255434e+23,1.1382134648295571e+21,3.225135899917727e+17,-0.09091631119849336,1.9984014443252818e-14,0,0.9986769928089587,1e+24,8192,logarithmic,p0,1.0,0.2,A1_balanced_q01_q99,R2,R2,1.0,1.0,2,65,0.7846107456026161,0.21425104093255434,0.0011382134648295571,0.0,1.919503795573991,37.004345501425576,3537.8944784229056,0.01634335457818259,0.07116139424004775,keep_20pct,False,False,True,False
0.18707871860724948,3.789298240125485,0.1865461521936312,0.09199603420561615,0.6768574550479167,0.5611627867660474,0.1865461521936312,1.0,0.6258438430568997,0.8542472994855188,1.374525242977669,3.0643630131355226,4.2533823551002875e+18,4.645827767064207e+18,1.1007898778355058e+18,2.904996672415662e+17,-0.3914127900746097,9.459100169806334e-14,0,0.8645204273009632,1e+19,32768,exponential,p0,1.0,0.2,A1_balanced_q01_q99,R2,R2,1.0,1.0,2,65,0.42533823551002875,0.46458277670642073,0.11007898778355057,0.0,3.141230674780817,0.16337528406908372,4.875794103672979,0.07686766164529457,0.052961304551273736,keep_20pct,True,False,True,False
3.7230397071526173,212.63904842306997,0.1865461521936312,0.09199603420561615,0.6768574550479167,0.5611627867660474,0.1865461521936312,1.0,0.2263956090939455,0.2767120784812632,0.4672240760257289,2.1570618461835824,4.749981723421426e+21,5.188246703769109e+21,6.177157280946511e+19,2.904996672415662e+17,-0.1960054528855026,3.1086244689504383e-15,0,0.9928017871276795,1e+22,32768,exponential,p0,1.0,0.2,A1_balanced_q01_q99,R2,R2,1.0,1.0,2,65,0.47499817234214264,0.5188246703769109,0.006177157280946511,2.097152e-16,2.1924647324220055,3.696336697083492,215.50640865007304,0.035402886238423026,0.0704357085798698,keep_20pct,True,True,True,False
29.59529228382431,2689.4881506781653,0.1865461521936312,0.09199603420561615,0.6768574550479167,0.5611627867660474,0.1865461521936312,1.0,0.11188468245571791,0.13601260862753875,0.23021628497445984,1.9200540551323133,4.775771274792145e+23,5.216415771079634e+23,7.812954128221424e+20,2.904996672415662e+17,-0.09810964601205861,7.993605777301127e-15,0,0.9990920201839315,1e+24,32768,exponential,p0,1.0,0.2,A1_balanced_q01_q99,R2,R2,1.0,1.0,2,65,0.4775771274792145,0.5216415771079634,0.0007812954128221423,0.0,1.937705300087363,29.56843255167263,2694.036098659802,0.01765124495504966,0.07121241317920689,keep_20pct,False,False,True,False
0.20489667117185684,3.1991684488092065,0.1865461521936312,0.09199603420561615,0.6768574550479167,0.5611627867660474,0.1865461521936312,1.0,0.6067824126440734,0.895698359670324,1.395317956627482,3.0851557267853353,3.932993794074236e+18,4.295878021474152e+18,1.7711281844516122e+18,5.5362142156373824e+17,-0.2874846769139847,1.099120794378905e-14,0,0.7735441016958937,1e+19,32768,power,p0,1.0,0.2,A1_balanced_q01_q99,R2,R2,1.0,1.0,2,65,0.3932993794074236,0.4295878021474152,0.17711281844516122,0.0,3.141230674780817,0.16337528406908372,4.875794103672979,0.05607494799548185,0.038635263970818796,keep_20pct,True,False,True,False
3.746924301884305,210.12371725335362,0.1865461521936312,0.09199603420561615,0.6768574550479167,0.5611627867660474,0.1865461521936312,1.0,0.22590392391773806,0.27763523708570853,0.46762477507846983,2.1574625452363234,4.723905975473143e+21,5.159765033476798e+21,1.1632899105005863e+20,5.5362142156373824e+17,-0.19345308240344314,6.661338147750939e-16,0,0.9864069300446072,1e+22,32768,power,p0,1.0,0.2,A1_balanced_q01_q99,R2,R2,1.0,1.0,2,65,0.4723905975473143,0.5159765033476797,0.011632899105005864,0.0,2.1924647324220055,3.696336697083492,215.50640865007304,0.03500218718568204,0.06963849895359762,keep_20pct,True,True,True,False
29.61958158659991,2685.3855885530224,0.1865461521936312,0.09199603420561615,0.6768574550479167,0.5611627867660474,0.1865461521936312,1.0,0.1118534802979522,0.13607073592646346,0.23024128970905355,1.920079059866907,4.772399851897552e+23,5.2127332782326324e+23,1.4866869869815003e+21,5.5362142156373824e+17,-0.09794807874150394,6.039613253960852e-14,0,0.9982716417029769,1e+24,32768,power,p0,1.0,0.2,A1_balanced_q01_q99,R2,R2,1.0,1.0,2,65,0.4772399851897552,0.5212733278232633,0.0014866869869815003,0.0,1.937705300087363,29.56843255167263,2694.036098659802,0.01762624022045589,0.07111153375138984,keep_20pct,False,False,True,False
0.1893926207789629,3.7036038515226015,0.1865461521936312,0.09199603420561615,0.6768574550479167,0.5611627867660474,0.1865461521936312,1.0,0.6232336802073187,0.8597340736510312,1.377196683103438,3.067034453261291,4.208611438601559e+18,4.5969259873365294e+18,1.1944625740619105e+18,3.225135899917727e+17,-0.44593607485012243,1.1390888232654106e-13,0,0.8522276917451277,1e+19,32768,logarithmic,p0,1.0,0.2,A1_balanced_q01_q99,R2,R2,1.0,1.0,2,65,0.4208611438601559,0.4596925987336529,0.11944625740619105,2.048e-16,3.141230674780817,0.16337528406908372,4.875794103672979,0.07419622151952598,0.05112070017925306,keep_20pct,True,False,True,False
3.7259608364901142,212.32894135582478,0.1865461521936312,0.09199603420561615,0.6768574550479167,0.5611627867660474,0.1865461521936312,1.0,0.22633524854287534,0.27682513446330137,0.46727301301208957,2.157110783169943,4.746775919671256e+21,5.184745111192924e+21,6.847896913581962e+19,3.225135899917727e+17,-0.19695650176542065,1.1102230246251565e-15,0,0.9920174860741029,1e+22,32768,logarithmic,p0,1.0,0.2,A1_balanced_q01_q99,R2,R2,1.0,1.0,2,65,0.4746775919671256,0.5184745111192923,0.006847896913581962,0.0,2.1924647324220055,3.696336697083492,215.50640865007304,0.03535394925206248,0.0703383461420487,keep_20pct,True,True,True,False
29.5982495337862,2688.988144137042,0.1865461521936312,0.09199603420561615,0.6768574550479167,0.5611627867660474,0.1865461521936312,1.0,0.11188088172360137,0.13601968691346975,0.23021932876029416,1.9200570989181478,4.775360525013649e+23,5.2159671227882424e+23,8.672352198109518e+20,3.225135899917727e+17,-0.09816862305197793,7.549516567451064e-15,0,0.9989921021903956,1e+24,32768,logarithmic,p0,1.0,0.2,A1_balanced_q01_q99,R2,R2,1.0,1.0,2,65,0.47753605250136494,0.5215967122788242,0.0008672352198109517,0.0,1.937705300087363,29.56843255167263,2694.036098659802,0.017648201169215172,0.0712001332898838,keep_20pct,False,False,True,False
0.11641896482082253,2.474716583151483,0.1865461521936312,0.09199603420561615,0.6768574550479167,0.5611627867660474,0.1865461521936312,1.0,0.7353654201097505,0.9624386307521381,1.5767100136352086,3.266547783793062,1.7286236570125117e+18,7.552471999064799e+18,7.189043439226916e+17,2.904996672415662e+17,-0.5294703111054361,1.4577228313328305e-13,0,0.9133313609432512,1e+19,131072,exponential,p0,1.0,0.2,A1_balanced_q01_q99,R2,R2,1.0,1.0,2,65,0.17286236570125119,0.7552471999064799,0.07189043439226916,4.096e-16,3.3671545656485984,0.10675396678354974,2.907809368728097,0.10060678185553629,0.05998078724663388,keep_20pct,True,False,True,False
2.425723342629897,127.49618124971178,0.1865461521936312,0.09199603420561615,0.6768574550479167,0.5611627867660474,0.1865461521936312,1.0,0.26189334579048534,0.3193045184343075,0.539744555304499,2.229582325462353,1.8556227777215883e+21,8.1073396240508e+21,3.703759822761169e+19,2.904996672415662e+17,-0.22807660595504592,2.220446049250313e-16,0,0.9956893820797486,1e+22,131072,exponential,p0,1.0,0.2,A1_balanced_q01_q99,R2,R2,1.0,1.0,2,65,0.18556227777215883,0.81073396240508,0.0037037598227611687,0.0,2.2707036700715384,2.4152894804725173,128.52297303152443,0.041121344609185595,0.07079318068989132,keep_20pct,True,True,True,False
19.33130893816226,1605.0410659206154,0.1865461521936312,0.09199603420561615,0.6768574550479167,0.5611627867660474,0.1865461521936312,1.0,0.1293167568249782,0.15715436167399335,0.26603887587929304,1.9558766460371466,1.8616526822249203e+23,8.133684678819493e+23,4.662638955589875e+20,2.904996672415662e+17,-0.11347896626761575,4.440892098500626e-16,0,0.9994582183842882,1e+24,131072,exponential,p0,1.0,0.2,A1_balanced_q01_q99,R2,R2,1.0,1.0,2,65,0.18616526822249205,0.8133684678819493,0.0004662638955589875,2.6843545600000003e-16,1.9762883719785738,19.320838426993262,1606.6600108223258,0.02041172594142715,0.07125740288792347,keep_20pct,False,False,True,False
0.1241114201752616,2.19693484036702,0.1865461521936312,0.09199603420561615,0.6768574550479167,0.5611627867660474,0.1865461521936312,1.0,0.719541230747594,0.9950520711338043,1.5923017894885279,3.2821395596463816,1.6359882184227748e+18,7.147741592170332e+18,1.216270189406894e+18,5.5362142156373824e+17,-0.44476559222676837,1.3644640972643174e-13,0,0.8493470990318746,1e+19,131072,power,p0,1.0,0.2,A1_balanced_q01_q99,R2,R2,1.0,1.0,2,65,0.16359882184227748,0.7147741592170332,0.1216270189406894,0.0,3.3671545656485984,0.10675396678354974,2.907809368728097,0.08501500600221679,0.05068512175563313,keep_20pct,True,False,True,False
2.4351026158290816,126.58389502316277,0.1865461521936312,0.09199603420561615,0.6768574550479167,0.5611627867660474,0.1865461521936312,1.0,0.2615499542942389,0.31994694747884983,0.5400222643231645,2.229860034481018,1.8494686433564253e+21,8.080451800733778e+21,7.007955590979838e+19,5.5362142156373824e+17,-0.22629608287239186,4.440892098500626e-15,0,0.9918302499405935,1e+22,131072,power,p0,1.0,0.2,A1_balanced_q01_q99,R2,R2,1.0,1.0,2,65,0.18494686433564253,0.8080451800733779,0.007007955590979838,2.097152e-16,2.2707036700715384,2.4152894804725173,128.52297303152443,0.0408436355905204,0.07031508579964783,keep_20pct,True,True,True,False
19.34078356938126,1603.5782639501826,0.1865461521936312,0.09199603420561615,0.6768574550479167,0.5611627867660474,0.1865461521936312,1.0,0.1292952154422768,0.157194473315185,0.2660561216341859,1.9558938917920394,1.8608676083774768e+23,8.130254638841754e+23,8.877752780768115e+20,5.5362142156373824e+17,-0.11336743958373309,7.105427357601002e-15,0,0.9989682200007395,1e+24,131072,power,p0,1.0,0.2,A1_balanced_q01_q99,R2,R2,1.0,1.0,2,65,0.1860867608377477,0.8130254638841754,0.0008877752780768115,0.0,1.9762883719785738,19.320838426993262,1606.6600108223258,0.020394480186534336,0.07119719790045528,keep_20pct,False,False,True,False
0.11740074026455521,2.4363456002264403,0.1865461521936312,0.09199603420561615,0.6768574550479167,0.5611627867660474,0.1865461521936312,1.0,0.733268860211411,0.9666573505440561,1.5786808127701508,3.2685185829280043,1.7161726620412572e+18,7.498072771969056e+18,7.857545659896895e+17,3.225135899917727e+17,-0.5690425274317729,1.951494521534869e-13,0,0.9049335981188351,1e+19,131072,logarithmic,p0,1.0,0.2,A1_balanced_q01_q99,R2,R2,1.0,1.0,2,65,0.17161726620412573,0.7498072771969055,0.07857545659896895,2.048e-16,3.3671545656485984,0.10675396678354974,2.907809368728097,0.09863598272059404,0.05880581592324376,keep_20pct,True,False,True,False
2.426868101763678,127.38429424244704,0.1865461521936312,0.09199603420561615,0.6768574550479167,0.5611627867660474,0.1865461521936312,1.0,0.26185133892034884,0.31938299188422603,0.539778420944928,2.2296161911027816,1.8548692821760396e+21,8.104047551779262e+21,4.108316604469989e+19,3.225135899917727e+17,-0.22873386001956797,4.440892098500626e-16,0,0.9952175685474803,1e+22,131072,logarithmic,p0,1.0,0.2,A1_balanced_q01_q99,R2,R2,1.0,1.0,2,65,0.18548692821760396,0.8104047551779262,0.0041083166044699896,2.097152e-16,2.2707036700715384,2.4152894804725173,128.52297303152443,0.04108747896875675,0.07073487869551708,keep_20pct,True,True,True,False
19.332462174306656,1604.862906499126,0.1865461521936312,0.09199603420561615,0.6768574550479167,0.5611627867660474,0.1865461521936312,1.0,0.12931413408805922,0.1571592444988092,0.26604097476886557,1.9558787449267192,1.8615570860905316e+23,8.133267012935271e+23,5.175900974196637e+20,3.225135899917727e+17,-0.11351962764309036,4.440892098500626e-16,0,0.9993985637716336,1e+24,131072,logarithmic,p0,1.0,0.2,A1_balanced_q01_q99,R2,R2,1.0,1.0,2,65,0.18615570860905317,0.8133267012935271,0.0005175900974196638,1.3421772800000001e-16,1.9762883719785738,19.320838426993262,1606.6600108223258,0.020409627051854562,0.07125007565747189,keep_20pct,False,False,True,False
