N_B,D_B,u,Q,z,z0,u_max,t,tn,td,reducible_loss,loss,C_train,C_att,C_quality,c,M,kkt_log_residual,bracket_expansions,logN_margin,C,L_ctx,cost,recipe,s_Q,keep,mapping,state,near_optimal_states,near_optimal_t_min,near_optimal_t_max,candidate_count,grid,share_train,share_att,share_quality,budget_relative_error,baseline_loss,baseline_N_B,baseline_D_B,loss_gain,reducible_gain_fraction,scenario,within_B1_ND_rectangle,within_B7_ND_rectangle,quality_positive_extrapolation,mixture_transfer_assumption
0.25616484420551866,8.420087299788923,0.0,-0.09455011798801503,0.5611627867660474,0.5611627867660474,0.1115116258349447,0.0,0.5624185360558783,0.6831698903577695,1.2455884264136479,2.9354261965715014,1.2941582108083775e+19,8.834786719118524e+17,0.0,0.0,0.008228931435090708,7.771561172376096e-16,0,0.9999999999999964,1.3825060779995625e+19,2048,power,p0,2.0,0.5,A1_balanced_q01_q99,R0,R0,0.0,0.0,2,65,0.9360958562156767,0.06390414378432353,0.0,1.4813678092203282e-16,2.9354261965715014,0.25616484420551866,8.420087299788923,0.0,0.0,sQ_2,True,False,False,False
0.2564850787048179,8.432875002609398,0.0,-0.09455011798801503,0.5611627867660474,0.5611627867660474,0.1115116258349447,0.0,0.5621796972082679,0.6828797727694011,1.2450594699776691,2.9348972401355224,1.2977439652512979e+19,8.859265469448859e+17,0.0,0.0,0.007906859735353516,1.1102230246251565e-16,0,0.9999999999999998,1.3863366199457864e+19,2048,power,p0,2.0,0.5,A1_balanced_q01_q99,R0,R0,0.0,0.0,2,65,0.9360958562156766,0.0639041437843235,0.0,1.4772746896638196e-16,2.9348972401355224,0.2564850787048179,8.432875002609398,0.0,0.0,sQ_2,True,False,False,False
0.2568057135327978,8.44568212629071,0.0,-0.09455011798801503,0.5611627867660474,0.5611627867660474,0.1115116258349447,0.0,0.5619409597868947,0.6825897783834979,1.2445307381703925,2.9343685083282463,1.3013396548279693e+19,8.883812043625605e+17,0.0,0.0,0.007585457686741903,4.440892098500626e-16,0,0.9999999999999982,1.3901777752642257e+19,2048,power,p0,2.0,0.5,A1_balanced_q01_q99,R0,R0,0.0,0.0,2,65,0.9360958562156763,0.0639041437843235,0.0,2.9463857593475693e-16,2.9343685083282463,0.2568057135327978,8.44568212629071,0.0,0.0,sQ_2,True,False,False,False
0.257126749189916,8.458508700327537,0.0,-0.09455011798801503,0.5611627867660474,0.5611627867660474,0.1115116258349447,0.0,0.561702323748685,0.6822999071477411,1.244002230896426,2.9338400010542793,1.3049453070659047e+19,8.908426629569908e+17,0.0,0.0,0.007264724113539511,1.1102230246251565e-16,0,1.0,1.3940295733616036e+19,2048,power,p0,2.0,0.5,A1_balanced_q01_q99,R0,R0,0.0,0.0,2,65,0.9360958562156767,0.06390414378432352,0.0,1.469122348001121e-16,2.9338400010542793,0.257126749189916,8.458508700327537,0.0,0.0,sQ_2,True,False,False,False
0.25744818617725207,8.471354754259444,0.0,-0.09455011798801503,0.5611627867660474,0.5611627867660474,0.1115116258349447,0.0,0.5614637890505858,0.6820101590098329,1.2434739480604187,2.933311718218272,1.3085609495688808e+19,8.93310941572356e+17,0.0,0.0,0.006944657842022861,1.4432899320127035e-15,0,0.999999999999998,1.3978920437261165e+19,2048,power,p0,2.0,0.5,A1_balanced_q01_q99,R0,R0,0.0,0.0,2,65,0.9360958562156765,0.06390414378432352,0.0,0.0,2.933311718218272,0.25744818617725207,8.471354754259444,0.0,0.0,sQ_2,True,False,False,False
0.25777002499651486,8.484220317670768,0.0,-0.09455011798801503,0.5611627867660474,0.5611627867660474,0.1115116258349447,0.0,0.5612253556495607,0.6817205339174987,1.2429458895670593,2.9327836597249126,1.31218661001716e+19,8.957860591050478e+17,0.0,0.0,0.006625257700453385,2.220446049250313e-16,0,0.9999999999999996,1.4017652159276648e+19,2048,power,p0,2.0,0.5,A1_balanced_q01_q99,R0,R0,0.0,0.0,2,65,0.9360958562156765,0.0639041437843235,0.0,0.0,2.9327836597249126,0.25777002499651486,8.484220317670768,0.0,0.0,sQ_2,True,False,False,False
0.2580922661500384,8.497105420190914,0.0,-0.09455011798801503,0.5611627867660474,0.5611627867660474,0.1115116258349447,0.0,0.5609870235025927,0.6814310318184837,1.2424180553210764,2.93225582547893,1.3158223161677085e+19,8.982680345038222e+17,0.0,0.0,0.00630652251907729,3.3306690738754696e-16,0,0.9999999999999989,1.4056491196180906e+19,2048,power,p0,2.0,0.5,A1_balanced_q01_q99,R0,R0,0.0,0.0,2,65,0.9360958562156766,0.0639041437843235,0.0,0.0,2.93225582547893,0.2580922661500384,8.497105420190914,0.0,0.0,sQ_2,True,False,False,False
0.25841491014078444,8.51001009149408,0.0,-0.09455011798801503,0.5611627867660474,0.5611627867660474,0.1115116258349447,0.0,0.5607487925666834,0.6811416526605598,1.2418904452272432,2.931728215385097,1.3194680958543667e+19,9.007568867699144e+17,0.0,0.0,0.005988451130121669,1.1102230246251565e-16,0,0.9999999999999998,1.4095437845313581e+19,2048,power,p0,2.0,0.5,A1_balanced_q01_q99,R0,R0,0.0,0.0,2,65,0.9360958562156765,0.06390414378432352,0.0,0.0,2.931728215385097,0.25841491014078444,8.51001009149408,0.0,0.0,sQ_2,True,False,False,False
0.25873795747234396,8.522934361299722,0.0,-0.09455011798801503,0.5611627867660474,0.5611627867660474,0.1115116258349447,0.0,0.5605106627988524,0.6808523963915164,1.2413630591903688,2.9312008293482226,1.323123976988128e+19,9.032526349572285e+17,0.0,0.0,0.005671042367789619,2.220446049250313e-16,0,0.9999999999999987,1.4134492404838506e+19,2048,power,p0,2.0,0.5,A1_balanced_q01_q99,R0,R0,0.0,0.0,2,65,0.9360958562156767,0.06390414378432352,0.0,1.4489377767106307e-16,2.9312008293482226,0.25873795747234396,8.522934361299722,0.0,0.0,sQ_2,True,False,False,False
0.2590614086489384,8.535878259372339,0.0,-0.09455011798801503,0.5611627867660474,0.5611627867660474,0.1115116258349447,0.0,0.5602726341561368,0.6805632629591676,1.2408358971153044,2.930673667273158,1.326789987557308e+19,9.057552981724556e+17,0.0,0.0,0.005354295068257464,9.992007221626409e-16,0,0.9999999999999969,1.4173655173745533e+19,2048,power,p0,2.0,0.5,A1_balanced_q01_q99,R0,R0,0.0,0.0,2,65,0.9360958562156767,0.06390414378432352,0.0,1.4449342635297054e-16,2.930673667273158,0.2590614086489384,8.535878259372339,0.0,0.0,sQ_2,True,False,False,False
0.2593852641754198,8.54884181552162,0.0,-0.09455011798801503,0.5611627867660474,0.5611627867660474,0.1115116258349447,0.0,0.5600347065955918,0.6802742523113496,1.2403089589069416,2.930146729064795,1.3304661556277703e+19,9.082648955752246e+17,0.0,0.0,0.0050382080696713405,1.4432899320127035e-15,0,0.9999999999999982,1.421292645185293e+19,2048,power,p0,2.0,0.5,A1_balanced_q01_q99,R0,R0,0.0,0.0,2,65,0.9360958562156764,0.0639041437843235,0.0,1.4409418123267667e-16,2.930146729064795,0.2593852641754198,8.54884181552162,0.0,0.0,sQ_2,True,False,False,False
0.25970952455726953,8.561825059602587,0.0,-0.09455011798801503,0.5611627867660474,0.5611627867660474,0.1115116258349447,0.0,0.5597968800742922,0.6799853643959201,1.2397822444702122,2.9296200146280658,1.3341525093431423e+19,9.107814463782518e+17,0.0,0.0,0.004722780212145894,0.0,0,0.9999999999999996,1.4252306539809675e+19,2048,power,p0,2.0,0.5,A1_balanced_q01_q99,R0,R0,0.0,0.0,2,65,0.9360958562156765,0.0639041437843235,0.0,0.0,2.9296200146280658,0.25970952455726953,8.561825059602587,0.0,0.0,sQ_2,True,False,False,False
0.26003419030060193,8.574828021515568,0.0,-0.09455011798801503,0.5611627867660474,0.5611627867660474,0.1115116258349447,0.0,0.5595591545493298,0.6796965991607584,1.2392557537100881,2.929093523867942,1.337849076925028e+19,9.133049698474857e+17,0.0,0.0,0.004408010337758506,3.3306690738754696e-16,0,0.9999999999999989,1.4291795739097766e+19,2048,power,p0,2.0,0.5,A1_balanced_q01_q99,R0,R0,0.0,0.0,2,65,0.9360958562156765,0.0639041437843235,0.0,0.0,2.929093523867942,0.26003419030060193,8.574828021515568,0.0,0.0,sQ_2,True,False,False,False
0.2603592619121621,8.587850731206366,0.0,-0.09455011798801503,0.5611627867660474,0.5611627867660474,0.1115116258349447,0.0,0.5593215299778166,0.679407956553766,1.2387294865315825,2.928567256689436,1.3415558866732265e+19,9.15835485302256e+17,0.0,0.0,0.00409389729054821,8.881784197001252e-16,0,0.999999999999996,1.4331394352034521e+19,2048,power,p0,2.0,0.5,A1_balanced_q01_q99,R0,R0,0.0,0.0,2,65,0.9360958562156765,0.06390414378432352,0.0,0.0,2.928567256689436,0.2603592619121621,8.587850731206366,0.0,0.0,sQ_2,True,False,False,False
0.26068473989933355,8.600893218666098,0.0,-0.09455011798801503,0.5611627867660474,0.5611627867660474,0.1115116258349447,0.0,0.559084006316879,0.6791194365228691,1.2382034428397481,2.9280412129976017,1.345272966965948e+19,9.183730121154205e+17,0.0,0.0,0.0037804399165079494,1.5543122344752192e-15,0,0.9999999999999973,1.4371102681774901e+19,2048,power,p0,2.0,0.5,A1_balanced_q01_q99,R0,R0,0.0,0.0,2,65,0.9360958562156765,0.06390414378432352,0.0,0.0,2.9280412129976017,0.26068473989933355,8.600893218666098,0.0,0.0,sQ_2,True,False,False,False
0.26101062477012954,8.61395551393158,0.0,-0.09455011798801503,0.5611627867660474,0.5611627867660474,0.1115116258349447,0.0,0.558846583523665,0.6788310390160132,1.2376776225396782,2.927515392697532,1.3490003462600305e+19,9.209175697135141e+17,0.0,0.0,0.0034676370635873255,2.220446049250313e-16,0,0.9999999999999987,1.4410921032313817e+19,2048,power,p0,2.0,0.5,A1_balanced_q01_q99,R0,R0,0.0,0.0,2,65,0.9360958562156766,0.06390414378432352,0.0,1.42114441915804e-16,2.927515392697532,0.26101062477012954,8.61395551393158,0.0,0.0,sQ_2,True,False,False,False
0.26133691703319956,8.627037647085206,0.0,-0.09455011798801503,0.5611627867660474,0.5611627867660474,0.1115116258349447,0.0,0.5586092615553397,0.6785427639811664,1.2371520255365063,2.92698979569436,1.3527380530911574e+19,9.234691775768969e+17,0.0,0.0,0.0031554875816857675,0.0,0,0.9999999999999998,1.4450849708488473e+19,2048,power,p0,2.0,0.5,A1_balanced_q01_q99,R0,R0,0.0,0.0,2,65,0.9360958562156764,0.06390414378432352,0.0,1.4172177009058496e-16,2.92698979569436,0.26133691703319956,8.627037647085206,0.0,0.0,sQ_2,True,False,False,False
0.2616636171978284,8.640139648255081,0.0,-0.09455011798801503,0.5611627867660474,0.5611627867660474,0.1115116258349447,0.0,0.5583720403690873,0.678254611366319,1.2366266517354063,2.92646442189326,1.3564861160740784e+19,9.260278552399041e+17,0.0,0.0,0.002843990322650425,1.7763568394002505e-15,0,0.9999999999999982,1.4490889015980687e+19,2048,power,p0,2.0,0.5,A1_balanced_q01_q99,R0,R0,0.0,0.0,2,65,0.9360958562156766,0.06390414378432352,0.0,0.0,2.92646442189326,0.2616636171978284,8.640139648255081,0.0,0.0,sQ_2,True,False,False,False
0.2619907257739413,8.653261547615005,0.0,-0.09455011798801503,0.5611627867660474,0.5611627867660474,0.1115116258349447,0.0,0.5581349199221067,0.6779665811194842,1.236101501041591,2.9259392711994447,1.3602445639028361e+19,9.285936222910028e+17,0.0,0.0,0.002533144140269311,1.5543122344752192e-15,0,0.9999999999999991,1.4531039261319363e+19,2048,power,p0,2.0,0.5,A1_balanced_q01_q99,R0,R0,0.0,0.0,2,65,0.9360958562156766,0.06390414378432352,0.0,1.4093967837879542e-16,2.9259392711994447,0.2619907257739413,8.653261547615005,0.0,0.0,sQ_2,True,False,False,False
0.2623182432720938,8.666403375384629,0.0,-0.09455011798801503,0.5611627867660474,0.5611627867660474,0.1115116258349447,0.0,0.5578979001716208,0.6776786731886966,1.2355765733603175,2.925414343518171,1.364013425350944e+19,9.311664983729111e+17,0.0,0.0,0.002222947890277077,0.0,0,0.9999999999999993,1.4571300751882349e+19,2048,power,p0,2.0,0.5,A1_balanced_q01_q99,R0,R0,0.0,0.0,2,65,0.9360958562156766,0.06390414378432352,0.0,1.4055025250476937e-16,2.925414343518171,0.2623182432720938,8.666403375384629,0.0,0.0,sQ_2,True,False,False,False
0.26264617020348574,8.679565161829512,0.0,-0.09455011798801503,0.5611627867660474,0.5611627867660474,0.1115116258349447,0.0,0.5576609810748662,0.6773908875220129,1.2350518685968792,2.924889638754733,1.3677927292716716e+19,9.337465031827944e+17,0.0,0.0,0.0019134004303407448,4.440892098500626e-16,0,0.9999999999999973,1.4611673795899509e+19,2048,power,p0,2.0,0.5,A1_balanced_q01_q99,R0,R0,0.0,0.0,2,65,0.9360958562156766,0.06390414378432352,0.0,1.401619026408003e-16,2.924889638754733,0.26264617020348574,8.679565161829512,0.0,0.0,sQ_2,True,False,False,False
0.26297450707995523,8.692746937261134,0.0,-0.09455011798801503,0.5611627867660474,0.5611627867660474,0.1115116258349447,0.0,0.5574241625890978,0.677103224067513,1.2345273866566107,2.9243651568144644,1.3715825045982224e+19,9.363336564723864e+17,0.0,0.0,0.0016045006200625378,0.0,0,0.9999999999999989,1.465215870245461e+19,2048,power,p0,2.0,0.5,A1_balanced_q01_q99,R0,R0,0.0,0.0,2,65,0.9360958562156766,0.06390414378432352,0.0,0.0,2.9243651568144644,0.26297450707995523,8.692746937261134,0.0,0.0,sQ_2,True,False,False,False
0.2633032544139783,8.705948732037076,0.0,-0.09455011798801503,0.5611627867660474,0.5611627867660474,0.1115116258349447,0.0,0.5571874446715906,0.6768156827732967,1.2340031274448875,2.923840897602741,1.375382780343966e+19,9.389279780481473e+17,0.0,0.0,0.001296247320976579,2.220446049250313e-16,0,0.9999999999999998,1.4692755781487804e+19,2048,power,p0,2.0,0.5,A1_balanced_q01_q99,R0,R0,0.0,0.0,2,65,0.9360958562156766,0.06390414378432352,0.0,1.3938841905889335e-16,2.923840897602741,0.2633032544139783,8.705948732037076,0.0,0.0,sQ_2,True,False,False,False
0.2636324127186714,8.719170576561021,0.0,-0.09455011798801503,0.5611627867660474,0.5611627867660474,0.1115116258349447,0.0,0.5569508272796376,0.6765282635874866,1.2334790908671243,2.923316861024978,1.3791935856026587e+19,9.415294877714149e+17,0.0,0.0,0.0009886393965452545,2.220446049250313e-16,0,0.9999999999999987,1.4733465343798002e+19,2048,power,p0,2.0,0.5,A1_balanced_q01_q99,R0,R0,0.0,0.0,2,65,0.9360958562156765,0.0639041437843235,0.0,0.0,2.923316861024978,0.2636324127186714,8.719170576561021,0.0,0.0,sQ_2,True,False,False,False
0.26396198250779535,8.732412501282743,0.0,-0.09455011798801503,0.5611627867660474,0.5611627867660474,0.1115116258349447,0.0,0.5567143103705479,0.6762409664582287,1.2329552768287766,2.92279304698663,1.3830149495486693e+19,9.441382055585583e+17,0.0,0.0,0.0006816757121533012,0.0,0,0.9999999999999998,1.4774287701045252e+19,2048,power,p0,2.0,0.5,A1_balanced_q01_q99,R0,R0,0.0,0.0,2,65,0.9360958562156765,0.06390414378432352,0.0,0.0,2.92279304698663,0.26396198250779535,8.732412501282743,0.0,0.0,sQ_2,True,False,False,False
0.26429196429574947,8.745674536698377,0.0,-0.09455011798801503,0.5611627867660474,0.5611627867660474,0.1115116258349447,0.0,0.5564778939016513,0.6759537913336889,1.23243168523534,2.9222694553931934,1.3868469014371998e+19,9.467541513811283e+17,0.0,0.0,0.0003753551351091955,4.440892098500626e-16,0,0.9999999999999982,1.4815223165753125e+19,2048,power,p0,2.0,0.5,A1_balanced_q01_q99,R0,R0,0.0,0.0,2,65,0.9360958562156766,0.06390414378432352,0.0,1.3823618970075035e-16,2.9222694553931934,0.26429196429574947,8.745674536698377,0.0,0.0,sQ_2,True,False,False,False
0.26462235859757965,8.758956713350258,0.0,-0.09455011798801503,0.5611627867660474,0.5611627867660474,0.1115116258349447,0.0,0.5562415778302934,0.6756667381620571,1.2319083159923505,2.921746086150204,1.3906894706045098e+19,9.49377345266012e+17,0.0,0.0,6.967653463713086e-05,4.440892098500626e-16,0,0.9999999999999978,1.485627205131111e+19,2048,power,p0,2.0,0.5,A1_balanced_q01_q99,R0,R0,0.0,0.0,2,65,0.9360958562156765,0.06390414378432352,0.0,0.0,2.921746086150204,0.26462235859757965,8.758956713350258,0.0,0.0,sQ_2,True,False,False,False
0.26529912594630145,8.750984509931294,0.0008706477133946072,-0.09367947027462042,0.5617027566191216,0.5611627867660474,0.1115116258349447,0.007807685583235124,0.5557587488902139,0.6758389657826791,1.2313850665564612,2.921222836714315,1.3929771249926373e+19,9.509390506616404e+17,1.6724371388997912e+16,1911141697259068.5,-3.3306690738754696e-16,2.353672812205332e-14,0,0.9986951114715836,1.4897434671977011e+19,2048,power,p0,2.0,0.5,A1_balanced_q01_q99,R1,R1,0.007807685583235124,0.007807685583235124,3,65,0.9350449628840547,0.06383240279955146,0.0011226343163939145,0.0,2.921222939163237,0.26495316592897344,8.77225906182718,1.0244892223454372e-07,8.319811283523411e-08,sQ_2,True,False,True,False
0.26607766995004534,8.736903323489159,0.001995786690517966,-0.09255433129749707,0.5624005602414347,0.5611627867660474,0.1115116258349447,0.017897566066089415,0.5552053463147203,0.6761436600579269,1.2308617056732711,2.9206994758311247,1.3948169273356816e+19,9.52195022394492e+17,3.834704712804773e+16,4389089098073423.0,-8.604228440844963e-16,2.3314683517128287e-15,0,0.9970141498699143,1.4938711342879353e+19,2048,power,p0,2.0,0.5,A1_balanced_q01_q99,R1,R1,0.017897566066089415,0.017897566066089415,3,65,0.9336929373098379,0.0637401045203516,0.0025669581698106866,2.7418697007974445e-16,2.9207000143379087,0.265284386806264,8.78558161276436,5.385067840535385e-07,4.375036982227226e-07,sQ_2,True,False,True,False
0.2668555804280811,8.723022298391443,0.003117600386048496,-0.09143251760196654,0.5630963015464804,0.5611627867660474,0.1115116258349447,0.02795762650490856,0.5546545569602406,0.676444638970184,1.2303382269852159,2.9201759971430694,1.3966723071146056e+19,9.534616283235707e+17,5.991768055028858e+16,6868912918099225.0,-3.971589113138663e-09,8.881784197001252e-16,0,0.9953441238339609,1.4980102380019917e+19,2048,power,p0,2.0,0.5,A1_balanced_q01_q99,R1,R1,0.02795762650490856,0.02795762650490856,3,65,0.9323516433221791,0.06364853885079409,0.003999817827026688,0.0,2.920177311579873,0.2656160217464298,8.798924396843619,1.3144368034012643e-06,1.068352889076531e-06,sQ_2,True,False,True,False
0.2676329050976806,8.709336518702969,0.004236195834901762,-0.09031392215311328,0.5637900469165933,0.5611627867660474,0.1115116258349447,0.03798882675401056,0.5541063272550559,0.6767419851574765,1.2298146330763737,2.9196524032342275,1.3985430203842773e+19,9.547387019156668e+17,8.143919451723253e+16,9350792031326950.0,-3.3306690738754696e-16,4.440892098500626e-16,0,0.9936847844853882,1.5021608100275673e+19,2048,power,p0,2.0,0.5,A1_balanced_q01_q99,R1,R1,0.03798882675401056,0.03798882675401056,3,65,0.9310208408103867,0.06355768939932241,0.005421469790290826,1.363369345231697e-16,2.91965483079483,0.2659480712670945,8.812287444793196,2.4275606023138607e-06,1.973920089429009e-06,sQ_2,True,False,True,False
0.26840965584030685,8.695843312005072,0.005351590288283759,-0.08919852769973127,0.5644818070508549,0.5611627867660474,0.1115116258349447,0.047991321516601154,0.553560629493561,0.6770357334211851,1.229290926489695,2.9191286966475483,1.4004289863699094e+19,9.560261880285247e+17,1.0291276967431166e+17,1.1834708375234306e+16,-7.216449660063518e-16,4.9960036108132044e-15,0,0.9920360192126458,1.5063228821401932e+19,2048,power,p0,2.0,0.5,A1_balanced_q01_q99,R1,R1,0.047991321516601154,0.047991321516601154,3,65,0.929700400209131,0.06346754732094334,0.006832052469925474,1.359602263420568e-16,2.919132571888513,0.2662805358865291,8.825670787388203,3.87524096456815e-06,3.1524097870326253e-06,sQ_2,True,False,True,False
0.2691858671666019,8.682538690680717,0.0064638581237386845,-0.08808625986427635,0.5651716280777179,0.5611627867660474,0.1115116258349447,0.05796577778631121,0.5530174205022883,0.677325947931377,1.2287671097280695,2.918604879885923,1.4023300239950768e+19,9.573239630473057e+17,1.243406590362266e+17,1.43207722379269e+16,-3.608224830031759e-16,3.3306690738754696e-15,0,0.9903976325116055,1.51049648620343e+19,2048,power,p0,2.0,0.5,A1_balanced_q01_q99,R1,R1,0.05796577778631121,0.05796577778631121,3,65,0.9283901265601583,0.0633780993065068,0.008231774133334905,0.0,2.9186105347666986,0.26661341612365447,8.839074455450358,5.654880775640692e-06,4.602055757185348e-06,sQ_2,True,False,True,False
0.26996155713943665,8.669419715891618,0.007573032698300059,-0.08697708528971497,0.56585953068499,0.5611627867660474,0.1115116258349447,0.06791249469817054,0.5524766691276995,0.6776126707813299,1.2282431852553461,2.9180809554132,1.4042460275984601e+19,9.586319548405487e+17,1.4572431086608138e+17,1.6809004021221756e+16,-6.707857214127699e-09,2.4424906541753444e-15,0,0.9887694919265588,1.514681654169123e+19,2048,power,p0,2.0,0.5,A1_balanced_q01_q99,R1,R1,0.06791249469817054,0.06791249469817054,3,65,0.927089876432654,0.06328933556446917,0.009620788002876968,1.3520992971446718e-16,2.918088719335203,0.26694671249803936,8.85249847984821,7.76392200307896e-06,6.321120296078844e-06,sQ_2,True,False,True,False
0.2707367826773537,8.656481184264376,0.008679244998615764,-0.08587087298939927,0.5665455961097086,0.5611627867660474,0.1115116258349447,0.07783264689784412,0.5519383176755716,0.6778959943778148,1.227719155497322,2.9175569256551754,1.4061767190808713e+19,9.599499735592081e+17,1.6706701640855155e+17,1.929964530070758e+16,-6.938893903907228e-16,1.9984014443252818e-15,0,0.9871513228759297,1.5188784180776475e+19,2048,power,p0,2.0,0.5,A1_balanced_q01_q99,R1,R1,0.07783264689784412,0.07783264689784412,3,65,0.9257993940427333,0.06320123863331725,0.01099936732394935,1.3483633552394732e-16,2.9175671254998825,0.26728042552990083,8.865942891497232,1.0199844707070582e-05,8.307893480685802e-06,sQ_2,True,False,True,False
0.27151154071290257,8.643721532225456,0.009782475876649065,-0.08476764211136598,0.5672298124763903,0.5611627867660474,0.1115116258349447,0.08772606267196495,0.5514023506659094,0.6781759322419615,1.2271950228426893,2.917032793000543,1.4081220904246946e+19,9.612780137299249e+17,1.8836918260466352e+17,2.1792601936837852e+16,1.6653345369377348e-16,3.3306690738754696e-16,0,0.9855430747219989,1.5230868100581536e+19,2048,power,p0,2.0,0.5,A1_balanced_q01_q99,R1,R1,0.08772606267196495,0.08772606267196495,3,65,0.924518603355859,0.06311380332242664,0.012367593321714297,1.3446377359947097e-16,2.917045753166634,0.26761455574010684,8.879407721359827,1.2960166090980607e-05,1.0560692458163254e-05,sQ_2,True,False,True,False
0.2722858584465869,8.63113743393532,0.010882782313048577,-0.08366733567496645,0.5679122151240499,0.5611627867660474,0.1115116258349447,0.09759325300446127,0.5508687319509393,0.6784525370956104,1.2266707896439566,2.91650855980181,1.41008199934173e+19,9.626159782172877e+17,2.096326516535344e+17,2.428795199452102e+16,-5.850248119276813e-09,1.6653345369377348e-15,0,0.9839445861165028,1.5273068623288123e+19,2048,power,p0,2.0,0.5,A1_balanced_q01_q99,R1,R1,0.09759325300446127,0.09759325300446127,3,65,0.9232473408727178,0.0630270184702442,0.01372564065703797,1.3409224108881717e-16,2.9165246022413918,0.2679491036501761,8.892893000445437,1.6042439581642753e-05,1.3077860756174001e-05,sQ_2,True,False,True,False
0.2730597871211463,8.61872420467246,0.011980281586556495,-0.08256983640145854,0.5685928767881742,0.5611627867660474,0.1115116258349447,0.10743526961295727,0.5503374093743397,0.6787258923246163,1.2261464582183352,2.915984228376189,1.41205619795024e+19,9.639636978006972e+17,2.3086039466753146e+17,2.678591276216674e+16,-5.3013149425851225e-15,2.220446049250313e-15,0,0.9823556093704775,1.5315386071970628e+19,2048,power,p0,2.0,0.5,A1_balanced_q01_q99,R1,R1,0.10743526961295727,0.10743526961295727,3,65,0.9219853755658873,0.06294086830529791,0.01507375612881476,1.3372173514764583e-16,2.916003672630133,0.26828406978228037,8.90639875981056,1.9444253943845524e-05,1.58577676190805e-05,sQ_2,True,False,True,False
0.27383332556064793,8.606480301393605,0.013074960043718574,-0.08147515794429647,0.5692717890009825,0.5611627867660474,0.1115116258349447,0.11725199005771503,0.5498083672698663,0.6789960128610144,1.2256220308485912,2.9154598010064445,1.414044673381691e+19,9.653211636952343e+17,2.5205287308644333e+17,2.9286405622241376e+16,-4.163336342344337e-16,3.3306690738754696e-16,0,0.980776090897455,1.5357820770598586e+19,2048,power,p0,2.0,0.5,A1_balanced_q01_q99,R1,R1,0.11725199005771503,0.11725199005771503,3,65,0.9207326316040718,0.06285534765083796,0.01641202074509034,1.3335225293947594e-16,2.9154829642388727,0.26861945465924475,8.919925030558845,2.3163232428125013e-05,1.8898807370634345e-05,sQ_2,True,False,True,False
0.2746065046148776,8.594402338467134,0.014166884344353193,-0.08038323364366184,0.5699489931044459,0.5611627867660474,0.1115116258349447,0.12704401212230984,0.5492815683480174,0.6792629548020551,1.225097509783874,2.9149352799417274,1.416047271252234e+19,9.666882705081917e+17,2.7321206100863526e+17,3.178953582214588e+16,-1.3155820599575208e-09,3.3306690738754696e-16,0,0.9792058609687497,1.5400373044039166e+19,2048,power,p0,2.0,0.5,A1_balanced_q01_q99,R1,R1,0.12704401212230984,0.12704401212230984,3,65,0.9194889417307499,0.0627704450888192,0.017740613180430985,1.3298379163566394e-16,2.9149624769736677,0.2689552588045456,8.933471843841248,2.7197031940318084e-05,2.219939879490558e-05,sQ_2,True,False,True,False
0.2753793537248132,8.582487065370064,0.015256117764978167,-0.07929400022303687,0.5706245283422349,0.5611627867660474,0.1115116258349447,0.1368119032499777,0.548756976755211,0.6795267719421224,1.2245728972405165,2.91441066739837,1.418063844847906e+19,9.680649180828372e+17,2.943398514977545e+17,3.4295402865843176e+16,7.216449660063518e-16,4.440892098500626e-16,0,0.9776447567568085,1.5443043218059653e+19,2048,power,p0,2.0,0.5,A1_balanced_q01_q99,R1,R1,0.1368119032499777,0.1368119032499777,3,65,0.918254145134795,0.062686149641202,0.019059705224002924,1.3261634841538193e-16,2.9144422107406136,0.2692914827423144,8.947039230856022,3.1543342243534056e-05,2.5757984536233864e-05,sQ_2,True,False,True,False
0.2761518901184091,8.570731987783365,0.01634269326559308,-0.07820742472242195,0.5712984151559193,0.5611627867660474,0.1115116258349447,0.14655595901527718,0.5482345653406292,0.6797875019476962,1.2240481954028004,2.913885965560654,1.4200943028748116e+19,9.694510440958715e+17,3.1543754648608275e+17,3.680403808399379e+16,-8.326672684688674e-17,6.661338147750939e-16,0,0.9760926613624294,1.548583161933007e+19,2048,power,p0,2.0,0.5,A1_balanced_q01_q99,R1,R1,0.14655595901527718,0.14655595901527718,3,65,0.9170281182072196,0.06260245286961287,0.020369428923167437,0.0,2.913922165445844,0.2696281269973412,8.960627222848753,3.6199885189880376e-05,2.9573030527511684e-05,sQ_2,True,False,True,False
0.2769241382891969,8.559134231602028,0.017426662108743173,-0.07712345587927186,0.5719706853381847,0.5611627867660474,0.1115116258349447,0.15627663912404488,0.5477143023968097,0.6800451914640508,1.2235234064237144,2.913361176581568,1.4221385229527755e+19,9.70846565002428e+17,3.365067808949891e+17,3.9315516241413656e+16,1.1102230246251565e-16,7.771561172376096e-16,0,0.9745494328349797,1.5528738575425171e+19,2048,power,p0,2.0,0.5,A1_balanced_q01_q99,R1,R1,0.15627663912404488,0.15627663912404488,3,65,0.9158107183305697,0.06251934503803357,0.021669936631396713,0.0,2.913402340995538,0.2699651920950648,8.974235851112505,4.116441396995185e-05,3.364302542837573e-05,sQ_2,True,False,True,False
0.2776961202836926,8.547691107057137,0.01850806960703934,-0.0760420483809757,0.5726413669916076,0.5611627867660474,0.1115116258349447,0.16597434992504087,0.5471961582524116,0.680299883614077,1.2229985324256627,2.912836302583516,1.4241963946879132e+19,9.72251405440282e+17,3.575490625083022e+17,4.182989979751408e+16,6.38378239159465e-16,6.661338147750939e-16,0,0.9730149394965211,1.5571764414827713e+19,2048,power,p0,2.0,0.5,A1_balanced_q01_q99,R1,R1,0.16597434992504087,0.16597434992504087,3,65,0.91460181180995,0.06243681701955925,0.02296137117049097,2.6304019832843835e-16,2.912882737295909,0.27030267856158774,8.987865146987865,4.643471239296204e-05,3.796648008895205e-05,sQ_2,True,False,True,False
0.27846785739444235,8.536400008338346,0.019586959346004712,-0.07496315864201032,0.5733104871476361,0.5611627867660474,0.1115116258349447,0.1756494822790638,0.5466801041056257,0.6805516201948324,1.2224735755011706,2.912311345659024,1.4262678121103274e+19,9.736654930673167e+17,3.785658527598635e+17,4.4347248534520504e+16,-1.8169116211552705e-10,2.7755575615628914e-15,0,0.971489053719665,1.5614909466930455e+19,2048,power,p0,2.0,0.5,A1_balanced_q01_q99,R1,R1,0.1756494822790638,0.1756494822790638,3,65,0.9134012689160343,0.06235485995800127,0.024243871125964406,0.0,2.9123633542532126,0.2706405869236686,9.001515141862988,5.2008594188635016e-05,4.254192702778986e-05,sQ_2,True,False,True,False
0.27923937152502165,8.52525833431857,0.02066337657370814,-0.0738867414143069,0.5739780738688178,0.5611627867660474,0.1115116258349447,0.1853024419560817,0.546166111101566,0.6808004434260072,1.2219485377135606,2.911786307871414,1.4283526676181422e+19,9.750887544273184e+17,3.9955863143007443e+17,4.686762743853104e+16,-6.827871601444713e-15,1.1102230246251565e-15,0,0.9699716469835662,1.5658174062038817e+19,2048,power,p0,2.0,0.5,A1_balanced_q01_q99,R1,R1,0.1853024419560817,0.1853024419560817,3,65,0.9122089599712622,0.062273465000704825,0.025517575028032917,1.3079430538233104e-16,2.911844191773743,0.2709789177087227,9.01518586717377,5.788390232908114e-05,4.7367919926572705e-05,sQ_2,True,False,True,False
0.28001067493621296,8.51426406861937,0.021737342718900526,-0.0728127752691145,0.5746441404451202,0.5611627867660474,0.1115116258349447,0.1949334211221646,0.5456541571278333,0.681046382954953,1.2214234210976045,2.9112611912554582,1.4304508970635538e+19,9.765211457287195e+17,4.2052841500914374e+17,4.939104679159129e+16,-5.09025002704e-09,5.551115123125783e-16,0,0.9684626265059282,1.57015585313734e+19,2048,power,p0,2.0,0.5,A1_balanced_q01_q99,R1,R1,0.1949334211221646,0.1949334211221646,3,65,0.9110247840718227,0.06219262525930311,0.02678259066887423,0.0,2.911325249763835,0.2713176714448247,9.028877354403832,6.40585083768741e-05,5.244303314347659e-05,sQ_2,True,False,True,False
0.28078181081569814,8.503413481567817,0.022808956155037103,-0.07174116183297793,0.5753087478870981,0.5611627867660474,0.1115116258349447,0.20454330195847076,0.5451441999120474,0.6812895072756326,1.2208982276601585,2.910735997818012,1.432562301281539e+19,9.779625310081972e+17,4.4147766324894266e+17,5.1917699192906376e+16,1.1102230246251565e-16,1.7763568394002505e-15,0,0.9669617902642633,1.5745063207072532e+19,2048,power,p0,2.0,0.5,A1_balanced_q01_q99,R1,R1,0.20454330195847076,0.20454330195847076,3,65,0.9098485553478411,0.06211232804507928,0.028039116607079424,1.3007251689406098e-16,2.9108065281298643,0.2716568486607124,9.04258963508453,7.05303118522238e-05,5.7765861240867766e-05,sQ_2,True,False,True,False
0.2815527703240314,8.492705820574699,0.023878186187866725,-0.0706719318001483,0.5759718771583834,0.5611627867660474,0.1115116258349447,0.2141318092089368,0.5446362319487659,0.6815298186826703,1.220372959380777,2.9102107295386306,1.4346869107978998e+19,9.794129311046995e+17,4.6240638311110054e+17,5.444747444222784e+16,-3.962757816333706e-09,2.7755575615628914e-15,0,0.9654691231226051,1.5788688422194799e+19,2048,power,p0,2.0,0.5,A1_balanced_q01_q99,R1,R1,0.2141318092089368,0.2141318092089368,3,65,0.9086802351366325,0.06203257071866078,0.02928719414470661,0.0,2.910288026778245,0.2719964498857814,9.056322740795196,7.729723961436008e-05,6.333501852683912e-05,sQ_2,True,False,True,False
0.28232359109457744,8.482137744146925,0.024945117614652013,-0.06960500037336302,0.5766335808496678,0.5611627867660474,0.1115116258349447,0.22369970330784014,0.544130215321913,0.6817673779438235,1.2198476182123081,2.9096853883701614,1.4368245528518509e+19,9.808722280801969e+17,4.833167541228942e+17,5.69805358862989e+16,-4.7086099741466825e-09,2.6645352591003757e-15,0,0.963984445390075,1.58324345107216e+19,2048,power,p0,2.0,0.5,A1_balanced_q01_q99,R1,R1,0.22369970330784014,0.22369970330784014,3,65,0.907519656486717,0.06195334188282654,0.03052700163045651,0.0,2.9097697456154297,0.2723364756500887,9.070076703163144,8.435724526822952e-05,6.914913861208409e-05,sQ_2,True,False,True,False
0.2830942954543939,8.471706813305955,0.026009797308230245,-0.06854032067978479,0.5772938880311695,0.5611627867660474,0.1115116258349447,0.23324740459554383,0.5436261225937827,0.682002226088622,1.2193222060814692,2.909159976239323,1.4389751229654227e+19,9.823403506110619e+17,5.042102272944196e+17,5.951695902677954e+16,-1.609823385706477e-15,5.551115123125783e-16,0,0.9625076332898763,1.5876301807559709e+19,2048,power,p0,2.0,0.5,A1_balanced_q01_q99,R1,R1,0.23324740459554383,0.23324740459554383,3,65,0.906366696984959,0.06187463318083987,0.03175866983420114,0.0,2.9092516845479137,0.27267692648435893,9.083851553863557,9.17083085907322e-05,7.520687398142728e-05,sQ_2,True,False,True,False
0.2838648868272404,8.461411673301638,0.02707222545656017,-0.06747789253145486,0.5779527988194594,0.5611627867660474,0.1115116258349447,0.24277491475760077,0.5431239389558159,0.6822343801391317,1.2187967248894067,2.9086344950472602,1.4411386002242763e+19,9.838172844197727e+17,5.250873618812889e+17,6.205670899314606e+16,-7.216449660063518e-16,2.886579864025407e-15,0,0.9610386308721501,1.5920290648543826e+19,2048,power,p0,2.0,0.5,A1_balanced_q01_q99,R1,R1,0.24277491475760077,0.24277491475760077,3,65,0.9052212877508566,0.06179643991045848,0.032982272338684775,1.2864086750748634e-16,2.908733843482229,0.27301780291997496,9.097647324619889,9.934843496894885e-05,8.150689557805311e-05,sQ_2,True,False,True,False
0.28463538716795017,8.45124996416242,0.028132448279355134,-0.0664176697086599,0.5786103418796926,0.5611627867660474,0.1115116258349447,0.25228264827737085,0.5426236377380055,0.6824638801409928,1.2182711765122372,2.9081089466700907,1.4433148833614973e+19,9.853029603747821e+17,5.459495764495439e+17,6.4599861412766936e+16,-2.1952459849927664e-09,5.662137425588298e-15,0,0.9595773175796085,1.5964401370439297e+19,2048,power,p0,2.0,0.5,A1_balanced_q01_q99,R1,R1,0.25228264827737085,0.25228264827737085,3,65,0.9040833100287938,0.06171875396463233,0.034197936006573906,1.2828542408061771e-16,2.9082162223249486,0.2733591054889863,9.111464047203773,0.00010727565485790791,8.804789239919646e-05,sQ_2,True,False,True,False
0.28540582418389054,8.441219043535243,0.0291905262757158,-0.06535959171229924,0.5792665547330043,0.5611627867660474,0.1115116258349447,0.2617711476911162,0.5421251888764486,0.6826907729707717,1.2177455628015799,2.907583332959433,1.445503846942157e+19,9.867972928458459e+17,5.6679854867673856e+17,6.7146527741253736e+16,6.661338147750939e-16,3.9968028886505635e-15,0,0.9581235538935666,1.6008634310944152e+19,2048,power,p0,2.0,0.5,A1_balanced_q01_q99,R1,R1,0.2617711476911162,0.2617711476911162,3,65,0.902952630977367,0.06164156627472159,0.035405802747911615,2.5586192553600957e-16,2.907698820982688,0.27370083472410606,9.125301753434924,0.00011548802325478391,9.482857110515356e-05,sQ_2,True,False,True,False
0.2861762038597779,8.43131749839624,0.03024646634839807,-0.06430365163961696,0.5799214416604371,0.5611627867660474,0.1115116258349447,0.27124047490050723,0.5416285766551022,0.6829150781062231,1.2172198855850564,2.9070576557429098,1.4477054611365329e+19,9.883002614692065e+17,5.876349358579468e+17,6.969669164632022e+16,-1.1125720900118097e-09,8.770761894538737e-15,0,0.9566772775977666,1.6052989808692482e+19,2048,power,p0,2.0,0.5,A1_balanced_q01_q99,R1,R1,0.27124047490050723,0.27124047490050723,3,65,0.9018291784827643,0.06156487191775672,0.036605949599478986,0.0,2.907181639362098,0.2740429911587145,9.139160475181558,0.0001239836191881949,0.00010184765564129113,sQ_2,True,False,True,False
0.2869465456815929,8.421543197730019,0.031300308877815965,-0.06324980911019906,0.5805750277056523,0.5611627867660474,0.1115116258349447,0.2806909920239662,0.5411337768650151,0.6831368316243202,1.2166941466667947,2.9065319168246484,1.4499196379381668e+19,9.898118061657885e+17,6.084600177090556e+17,7.225041817431546e+16,-3.976560858376388e-09,6.772360450213455e-15,0,0.9552383799871178,1.6097468203256513e+19,2048,power,p0,2.0,0.5,A1_balanced_q01_q99,R1,R1,0.2806909920239662,0.2806909920239662,3,65,0.9007128447968287,0.06148866353813017,0.03779849166504111,0.0,2.90666467736987,0.27438557532685687,9.153040244360287,0.00013276054522171066,0.00010910388686761746,sQ_2,True,False,True,False
0.28771687901150633,8.41189350349674,0.032352118648224966,-0.06219799933979007,0.5812273530474089,0.5611627867660474,0.1115116258349447,0.29012328002563026,0.5406407592732853,0.6833560815209354,1.2161683478279066,2.9060061179857604,1.4521462472419488e+19,9.913318381171703e+17,6.29275524612666e+17,7.480783302250349e+16,-2.499375706399576e-10,1.0325074129013956e-14,0,0.9538067190902866,1.6142069835149324e+19,2048,power,p0,2.0,0.5,A1_balanced_q01_q99,R1,R1,0.29012328002563026,0.29012328002563026,3,65,0.8996034969938633,0.06141293206144774,0.03898357094468888,0.0,2.9061479349127373,0.2747285877632511,9.166941092936016,0.00014181692697690096,0.00011659602220415593,sQ_2,True,False,True,False
0.28848720254369975,8.402367477637899,0.03340188492023337,-0.061148233067781665,0.5818784110252085,0.5611627867660474,0.1115116258349447,0.29953724259812675,0.5401495135411248,0.6835728375340664,1.2156424908269567,2.9054802609848105,1.454385293020752e+19,9.928603600355002e+17,6.500817555844492e+17,7.736887934437286e+16,-1.8046233674073875e-09,1.2323475573339238e-14,0,0.9523822606552577,1.618679504582747e+19,2048,power,p0,2.0,0.5,A1_balanced_q01_q99,R1,R1,0.29953724259812675,0.29953724259812675,3,65,0.8985010861650802,0.06133767414886948,0.040161239686050336,0.0,2.9056314118974704,0.27507202900327826,9.180863052922374,0.0001511509126599364,0.0001243228352828547,sQ_2,True,False,True,False
0.28925754547215093,8.392962547307617,0.03444967220741827,-0.06010044578059676,0.5825282416499378,0.5611627867660474,0.1115116258349447,0.30893345827823704,0.5396600100714656,0.6837871469024993,1.215116577400415,2.9049543475582684,1.4566366474043357e+19,9.943972846280265e+17,6.708804190222004e+17,7.993368435051728e+16,1.3877787807814457e-16,1.1879386363489175e-14,0,0.9509648652509963,1.6231644177693581e+19,2048,power,p0,2.0,0.5,A1_balanced_q01_q99,R1,R1,0.30893345827823704,0.30893345827823704,3,65,0.897405482437895,0.06126288093442696,0.04133163662767825,2.523465864061355e-16,2.9051151082308797,0.2754158995829904,9.19480615638156,0.00016076067261128202,0.0001322831156108038,sQ_2,True,False,True,False
0.2900279159378272,8.383677308655843,0.03549549324643317,-0.059054624741581865,0.5831768528207834,0.5611627867660474,0.1115116258349447,0.31831204128412816,0.5391722329358121,0.6839990306024679,1.2145906092630983,2.9044283794209518,1.4589002746348235e+19,9.959425874840396e+17,6.916722402667158e+17,8.250224988413966e+16,-1.3877787807814457e-16,1.4765966227514582e-14,0,0.9495544674162988,1.6276617574098993e+19,2048,power,p0,2.0,0.5,A1_balanced_q01_q99,R1,R1,0.31831204128412816,0.31831204128412816,3,65,0.8963166136902877,0.06118854749459031,0.04249483881512182,2.5164933570215294e-16,2.9045990238198174,0.27576020003910906,9.208770435424478,0.00017064439886560478,0.00014047566824461184,sQ_2,True,False,True,False
0.2907983322727207,8.374509830611352,0.03653938593794254,-0.0580107320500725,0.5838242680434821,0.5611627867660474,0.1115116258349447,0.32767333149663475,0.5386861599553956,0.6842085219419822,1.2140645881085985,2.903902358266452,1.4611760954059717e+19,9.9749621446381e+17,7.124584108228525e+17,8.507464021578944e+16,6.661338147750939e-16,1.3766765505351941e-14,0,0.9481509672385715,1.6321715579346377e+19,2048,power,p0,2.0,0.5,A1_balanced_q01_q99,R1,R1,0.32767333149663475,0.32767333149663475,3,65,0.8952343816448775,0.0611146671202903,0.04365095123483237,1.2547700577453725e-16,2.904083158571172,0.27610493090902827,9.222755922210757,0.000180800304720119,0.00014889931347103962,sQ_2,True,False,True,False
0.29156880742729613,8.365458496114028,0.03758137502444066,-0.056968742963574376,0.5844705026631627,0.5611627867660474,0.1115116258349447,0.33701755079840007,0.5382017725854674,0.6844156473775794,1.2135385156097,2.9033762857675534,1.4634640543767056e+19,9.99058127787831e+17,7.332398671374752e+17,8.765088817045522e+16,-1.5776053796656697e-09,2.098321516541546e-14,0,0.9467542842193701,1.6366938538692362e+19,2048,power,p0,2.0,0.5,A1_balanced_q01_q99,R1,R1,0.33701755079840007,0.33701755079840007,3,65,0.8941587034844631,0.06104123415787268,0.0448000623576642,0.0,2.903567512391874,0.276450092730814,9.236762648948854,0.00019122662432069504,0.00015755288650049607,sQ_2,True,False,True,False
0.29233935878869305,8.356521474051403,0.03862149621188023,-0.05592862177613481,0.5851155788244167,0.5611627867660474,0.1115116258349447,0.34634501938879725,0.5377190497122446,0.6846204385690473,1.2130123934187846,2.9028501635766384,1.4657640776568787e+19,1.0006282770137626e+18,7.540177447676492e+17,9.023105452538098e+16,-3.1890954044211384e-09,2.3869795029440866e-14,0,0.9453643234344931,1.6412286798350199e+19,2048,power,p0,2.0,0.5,A1_balanced_q01_q99,R1,R1,0.34634501938879725,0.34634501938879725,3,65,0.893089485740781,0.06096824222657065,0.04594227203264842,0.0,2.903052085188892,0.27679568604320315,9.250790647896208,0.0002019216122537415,0.0001664352371650178,sQ_2,True,False,True,False
0.2931100084743157,8.347696707648028,0.0396597968371948,-0.05489032115082024,0.5857595258852917,0.5611627867660474,0.1115116258349447,0.35565616177005377,0.5372379675160462,0.6848229326753819,1.212486223168222,2.9023239933260756,1.4680760716318384e+19,1.0022065982340017e+18,7.747933909401388e+17,9.28152301257286e+16,6.38378239159465e-16,2.1094237467877974e-14,0,0.94398097472286,1.6457760705492525e+19,2048,power,p0,2.0,0.5,A1_balanced_q01_q99,R1,R1,0.35565616177005377,0.35565616177005377,3,65,0.8920266237325292,0.06089568418014066,0.04707769208733016,0.0,2.9025368768692337,0.2771417113856072,9.26483995135928,0.00021288354315807112,0.0001755452296288027,sQ_2,True,False,True,False
0.2938807589258706,8.338983207259796,0.04069627608015576,-0.05385384190785927,0.5864023433370874,0.5611627867660474,0.1115116258349447,0.3649509705866261,0.5367585146750473,0.6850231426605359,1.2119600064707627,2.9017977766286163,1.4704000281717598e+19,1.0037930858985879e+18,7.955672406373128e+17,9.540338682355226e+16,-6.106226635438361e-16,3.2862601528904634e-14,0,0.9426041959343989,1.65033606082535e+19,2048,power,p0,2.0,0.5,A1_balanced_q01_q99,R1,R1,0.3649509705866261,0.3649509705866261,3,65,0.890970065476481,0.060823556469861095,0.048206378053657836,0.0,2.9020218873399504,0.2774881692981109,9.278910591693409,0.00022411071133410232,0.00018488174210272543,sQ_2,True,False,True,False
0.2946516292514182,8.33037911899271,0.04173097403542684,-0.052819143952588195,0.5870440560462445,0.5611627867660474,0.1115116258349447,0.37422980539442097,0.5362806696592416,0.6852211015917006,1.211433744919897,2.9012715150777506,1.4727358678159174e+19,1.0053876857623329e+18,8.163404918107585e+17,9.799559901776338e+16,-1.609823385706477e-15,3.297362383136715e-14,0,0.9412338887023866,1.6549086855732263e+19,2048,power,p0,2.0,0.5,A1_balanced_q01_q99,R1,R1,0.37422980539442097,0.37422980539442097,3,65,0.8899197162082644,0.06075185262648418,0.049328431165251575,1.2375305162475565e-16,2.901507116508127,0.27783506032147415,9.293002601303288,0.00023560143037659742,0.00019444366657128166,sQ_2,True,False,True,False
0.29542263348879644,8.321882879798588,0.042763918424188876,-0.05178619956382616,0.5876846812052529,0.5611627867660474,0.1115116258349447,0.38349291478797387,0.5358044143128161,0.6854168361392186,1.2109074400902284,2.9007452102480817,1.475083533561257e+19,1.0069903589111514e+18,8.371141034713649e+17,1.005919111771524e+17,1.1102230246251565e-16,3.907985046680551e-14,0,0.9398699727556681,1.6594939797995086e+19,2048,power,p0,2.0,0.5,A1_balanced_q01_q99,R1,R1,0.38349291478797387,0.38349291478797387,3,65,0.8888754954925892,0.06068056715896075,0.050443937348450076,0.0,2.900992564280892,0.27818238499713566,9.30711601264267,0.0002473540328100654,0.00020422990852227702,sQ_2,True,False,True,False
0.2961937854380229,8.313492959825105,0.0437951364396103,-0.050754981548404736,0.5883242356791325,0.5611627867660474,0.1115116258349447,0.39274054262677693,0.5353297308268826,0.6856103724759454,1.2103810935378234,2.900218863695677,1.4774429699897704e+19,1.0086010675130167e+18,8.578890186674468e+17,1.031923672532339e+17,-9.159339953157541e-16,4.207745263329343e-14,0,0.9385123693691109,1.664091978607817e+19,2048,power,p0,2.0,0.5,A1_balanced_q01_q99,R1,R1,0.39274054262677693,0.39274054262677693,3,65,0.8878373244883991,0.06060969468507472,0.05155298082652611,1.2307012030148486e-16,2.900478230565411,0.27853014386720715,9.321250858214714,0.00025936686973393464,0.0002142393866853267,sQ_2,True,False,True,False
0.29696509866793624,8.305207861476546,0.044824654761138116,-0.04972546322687692,0.5889627360142969,0.5611627867660474,0.1115116258349447,0.40197292816343544,0.534856601730216,0.6858017362904065,1.2098547068005536,2.899692476958407,1.4798141232246614e+19,1.0102197747880356e+18,8.786661649556936e+17,1.0579701069630778e+17,9.43689570931383e-16,3.907985046680551e-14,0,0.9371610013221103,1.6687027171990342e+19,2048,power,p0,2.0,0.5,A1_balanced_q01_q99,R1,R1,0.40197292816343544,0.40197292816343544,3,65,0.886805125905573,0.06053922992848713,0.05265564416593989,1.2273006922632855e-16,2.8999641152688906,0.27887833747448154,9.335407170571832,0.0002716383104837128,0.00022447103278175977,sQ_2,True,False,True,False
0.2977365865225505,8.297026118510862,0.04585249956815056,-0.048697618419864475,0.5896001984470204,0.5611627867660474,0.1115116258349447,0.4111903061661005,0.534385009880343,0.6859909527994379,1.209328281398434,2.8991660515562874,1.4821969408883223e+19,1.0118464449797613e+18,8.994464548527672e+17,1.0840588447059131e+17,5.551115123125783e-17,4.674038933671909e-14,0,0.9358157928587083,1.673326230871575e+19,2048,power,p0,2.0,0.5,A1_balanced_q01_q99,R1,R1,0.4111903061661005,0.4111903061661005,3,65,0.8857788239632745,0.06046916771589286,0.05375200832083282,1.2239095773531687e-16,2.8994502182985755,0.2792269663624268,9.349584982315985,0.00028416674228815,0.00023492379127293089,sQ_2,True,False,True,False
0.2985082621272315,8.288946295165966,0.04687869655326887,-0.04767142143474616,0.5902366389116936,0.5611627867660474,0.1115116258349447,0.4203929070378451,0.5339149384549086,0.6861780467604548,1.208801818833946,2.8986395889917995,1.484591372061568e+19,1.0134810433273637e+18,9.202307862735153e+17,1.1101903106914627e+17,-3.6914915568786455e-15,5.484501741648273e-14,0,0.9344766696489288,1.677962555021656e+19,2048,power,p0,2.0,0.5,A1_balanced_q01_q99,R1,R1,0.4203929070378451,0.4203929070378451,3,65,0.8847583443495899,0.06039950297426533,0.05484215267614471,1.2205278323231523e-16,2.898936539561751,0.279576031075194,9.363784326098523,0.0002969505699512709,0.0002455966191230959,sQ_2,True,False,True,False
0.2992801383946706,8.280966985316427,0.04790327093520541,-0.04664684705280962,0.5908720730487923,0.5611627867660474,0.1115116258349447,0.42958095693188103,0.5334463709433269,0.686363042483312,1.208275320592357,2.8981130907502104,1.486997367244319e+19,1.0151235360387885e+18,9.410200429536946e+17,1.1363649252826202e+17,-1.1102230246251565e-16,5.795364188543317e-14,0,0.9331435587513934,1.6826117251435674e+19,2048,power,p0,2.0,0.5,A1_balanced_q01_q99,R1,R1,0.42958095693188103,0.42958095693188103,3,65,0.8837436141825543,0.06033023072819571,0.05592615508924989,0.0,2.898423078965741,0.27992553215761173,9.378005234620481,0.0003099882155304101,0.0002564884855634835,sQ_2,True,False,True,False
0.3000522279589133,8.27308681534,0.04892624729684613,-0.045623870691168904,0.591506516104457,0.5611627867660474,0.1115116258349447,0.4387546762995359,0.5329792911820377,0.6865459637562795,1.2077487881420297,2.897586558299883,1.4894148786241665e+19,1.0167738904740977e+18,9.618150915836769e+17,1.162583099938314e+17,-4.6744164095002816e-11,6.128431095930864e-14,0,0.9318163888162871,1.6872737768299438e+19,2048,power,p0,2.0,0.5,A1_balanced_q01_q99,R1,R1,0.4387546762995359,0.4387546762995359,3,65,0.8827345621541541,0.06026134610972359,0.057004091736122316,0.0,2.897909836417909,0.28027547015518844,9.392247740632596,0.00032327811802579376,0.0002675983718641859,sQ_2,True,False,True,False
0.30082454353936056,8.265304424941826,0.04994765046829884,-0.044602467519716194,0.5921399834781534,0.5611627867660474,0.1115116258349447,0.4479142878091426,0.5325136831302467,0.6867268342842653,1.2072222229347234,2.8970599930925767,1.491843858508189e+19,1.0184320740749238e+18,9.826167985635571e+17,1.1888452597079909e+17,-4.440892098500626e-16,6.761258219967203e-14,0,0.9304950888558832,1.6919487457720373e+19,2048,power,p0,2.0,0.5,A1_balanced_q01_q99,R1,R1,0.4479142878091426,0.4479142878091426,3,65,0.8817311175862244,0.06019284429388625,0.05807603811988929,1.2104385579750503e-16,2.897396811825658,0.28062584561412046,9.406511876935143,0.00033681873308122334,0.00027892527111186756,sQ_2,True,False,True,False
0.30159709722934763,8.25761850317191,0.05096750379653305,-0.04358261419148198,0.5927724896495149,0.5611627867660474,0.1115116258349447,0.45706000082873177,0.5320495312952712,0.6869056768453242,1.2066956264058872,2.8965333965637408,1.494284262350399e+19,1.0200980564312058e+18,1.0034259976647105e+18,1.215151798644216e+17,-4.163336342344337e-16,7.638334409421077e-14,0,0.929179590599722,1.6966366677599908e+19,2048,power,p0,2.0,0.5,A1_balanced_q01_q99,R1,R1,0.45706000082873177,0.45706000082873177,3,65,0.8807332122105138,0.06012472062023775,0.05914206716924834,0.0,2.896884005096429,0.2809766590812809,9.420797676378417,0.0003506085326883124,0.00029046818799478396,sQ_2,True,False,True,False
0.3023699012181306,8.250027750916335,0.0519858308984907,-0.04256428708952433,0.5934040492656101,0.5611627867660474,0.1115116258349447,0.4661920271473592,0.5315868202923711,0.6870825141552113,1.2061689999749474,2.896006770132801,1.496736045654845e+19,1.0217718071670409e+18,1.0242435231157664e+18,1.2415031246434331e+17,3.6914915568786455e-15,7.838174553853605e-14,0,0.9278698260731066,1.7013375786831256e+19,2048,power,p0,2.0,0.5,A1_balanced_q01_q99,R1,R1,0.4661920271473592,0.4661920271473592,3,65,0.8797407783194638,0.06005697046660874,0.060202251213927485,1.2037587517376764e-16,2.896371416137704,0.2813279111042297,9.435105171862567,0.00036464600490315746,0.0003022261385896114,sQ_2,True,False,True,False
0.303142961375677,8.24253120528109,0.053002640123199725,-0.04154747786481531,0.5940346675044497,0.5611627867660474,0.1115116258349447,0.4753104416363925,0.5311255386650258,0.6872573612926713,1.205642345045592,2.8954801152034455,1.4991991912802025e+19,1.0234533145806182e+18,1.0450699179189581e+18,1.2678992555701446e+17,-3.930543557295607e-09,8.115730310009894e-14,0,0.9265657487566061,1.7060515145301602e+19,2048,power,p0,2.0,0.5,A1_balanced_q01_q99,R1,R1,0.4753104416363925,0.4753104416363925,3,65,0.8787537647672239,0.05998959034144249,0.061256644891333555,0.0,2.895859044857005,0.281679602231209,9.449434396337564,0.0003789296535594566,0.00031419815015616757,sQ_2,True,False,True,False
0.3039163076383817,8.235126701708586,0.05401799812516792,-0.04053211986284711,0.594664385704711,0.5611627867660474,0.1115116258349447,0.4844158420317835,0.5306656607803744,0.6874302615827601,1.2051156630060333,2.894953433163887,1.5016735800705108e+19,1.0251424973281353e+18,1.0659068158624602e+18,1.2943417320359027e+17,9.71445146547012e-16,9.114931032172535e-14,0,0.9252672333335374,1.7107785113895705e+19,2048,power,p0,2.0,0.5,A1_balanced_q01_q99,R1,R1,0.4844158420317835,0.4844158420317835,3,65,0.8777720611248412,0.05992257270612249,0.06230536616903629,0.0,2.895346891161891,0.2820317330111481,9.463785382803588,0.0003934579980038322,0.0003263832609383952,sQ_2,True,False,True,False
0.3046899333954966,8.227813940354626,0.055031883097253716,-0.03951823489076132,0.5952931903417517,0.5611627867660474,0.1115116258349447,0.4935080327741776,0.5302071829314492,0.6876012150299303,1.2045889552292819,2.8944267253871354,1.5041592488863136e+19,1.0268393805730568e+18,1.0867541850618961e+18,1.3208298011355566e+17,8.326672684688674e-17,9.248157795127554e-14,0,0.9239742756263456,1.7155186054498087e+19,2048,power,p0,2.0,0.5,A1_balanced_q01_q99,R1,R1,0.4935080327741776,0.4935080327741776,3,65,0.8767956489121977,0.0598559162990727,0.06334843478872963,1.1938080959856538e-16,2.8948349549599612,0.28238430399366016,9.478158164310932,0.0004082295728258245,0.0003387805199670143,sQ_2,True,False,True,False
0.30546385127844966,8.220591660460986,0.056044319886722524,-0.03850579810129251,0.5959210968256783,0.5611627867660474,0.1115116258349447,0.5025872366857713,0.5297500900718617,0.6877702442353136,1.2040622230734033,2.8938999932312566,1.506656153035151e+19,1.0285439338053297e+18,1.1076128658391197e+18,1.3473639265729058e+17,-3.120079000717979e-09,1.0369483049998962e-13,0,0.922686808425526,1.7202718329995958e+19,2048,power,p0,2.0,0.5,A1_balanced_q01_q99,R1,R1,0.5025872366857713,0.5025872366857713,3,65,0.8758244622351524,0.059789616621919735,0.06438592114292788,1.1905095233867502e-16,2.894323236158855,0.282737315729051,9.492552773959902,0.00042324292759854387,0.0003513889868703056,sQ_2,True,False,True,False
0.3062380751350274,8.213458556332988,0.05705533629173205,-0.03749478169628298,0.5965481223967214,0.5611627867660474,0.1115116258349447,0.5116537030514039,0.5292943666004074,0.687937373048421,1.2035354678817722,2.8933732380396258,1.5091642430956409e+19,1.0302561232866243e+18,1.1284837500389531e+18,1.3739446571734822e+17,-7.66255706108332e-09,1.1024514634527804e-13,0,0.9214047611488876,1.725038230428199e+19,2048,power,p0,2.0,0.5,A1_balanced_q01_q99,R1,R1,0.5116537030514039,0.5116537030514039,3,65,0.8748584329757303,0.059723669024476525,0.06541789799979299,1.1872200649672753e-16,2.893811734666249,0.28309076876830874,9.506969244901267,0.00043849662662331923,0.0003642077316864102,sQ_2,True,False,True,False
0.30701263720358996,8.20641242386782,0.05806500443559596,-0.036485113552419075,0.5971743117852747,0.5611627867660474,0.1115116258349447,0.5207080786494996,0.5288399863133025,0.6881026466001842,1.2030086909833189,2.8928464611411724,1.5116833921391786e+19,1.0319758623670125e+18,1.1493685584982931e+18,1.4005737210518802e+17,-5.551115123125783e-16,1.1213252548714081e-13,0,0.9201280039453288,1.7298178342257093e+19,2048,power,p0,2.0,0.5,A1_balanced_q01_q99,R1,R1,0.5207080786494996,0.5207080786494996,3,65,0.8738974487540934,0.0596580658349461,0.06644448541096043,0.0,2.8933004503898605,0.2834446636631124,9.521407610336064,0.00045398924868811363,0.00037723583468360675,sQ_2,True,False,True,False
0.30778751756589484,8.199453672830073,0.05907327069093419,-0.035476847297080845,0.597799631731998,0.5611627867660474,0.1115116258349447,0.5297498825671524,0.5283869537593917,0.6882660488961869,1.2024818936927704,2.892319663850624,1.5142136948141562e+19,1.0337032156597972e+18,1.1702666460318653e+18,1.4272495372584296e+17,-3.9968028886505635e-15,1.1712852909795402e-13,0,0.9188565776493633,1.7346106809833222e+19,2048,power,p0,2.0,0.5,A1_balanced_q01_q99,R1,R1,0.5297498825671524,0.5297498825671524,3,65,0.8729415259657997,0.059592808172598585,0.0674656658616019,1.1806683900038148e-16,2.892789383237445,0.28379900096582933,9.535867903515799,0.00046971938682105474,0.00039047238618250096,sQ_2,True,False,True,False
0.3085627344830111,8.192580819917072,0.06008017357525184,-0.034469944412763194,0.5984241061251888,0.5611627867660474,0.1115116258349447,0.538779460216823,0.5279352511757137,0.6884276084827408,1.2019550773108871,2.8917928474687407,1.5167550841600084e+19,1.0354381374532325e+18,1.1911790948828544e+18,1.4539729556124317e+17,-2.814423138985944e-09,1.2601031329495527e-13,0,0.9175903988751859,1.7394168073936173e+19,2048,power,p0,2.0,0.5,A1_balanced_q01_q99,R1,R1,0.538779460216823,0.538779460216823,3,65,0.871990587714712,0.05952789078799101,0.06848152149729685,1.177406123302195e-16,2.892278533116799,0.28415378122952056,9.550350157742376,0.00048568564805817616,0.0004039164863832721,sQ_2,True,False,True,False
0.30933831087637864,8.185792170892238,0.061085762759688064,-0.03346435522832697,0.5990477657705533,0.5611627867660474,0.1115116258349447,0.5477972570331358,0.5274848582944196,0.6885873590799485,1.2014282431246928,2.8912660132825465,1.5193074739973337e+19,1.0371805689155132e+18,1.2121071936195436e+18,1.480745135369624e+17,-5.432118643788897e-10,1.3100631690576847e-13,0,0.9163293699306325,1.7442362502508392e+19,2048,power,p0,2.0,0.5,A1_balanced_q01_q99,R1,R1,0.5477972570331358,0.5477972570331358,3,65,0.8710445467343323,0.05946330772373042,0.06949214554193733,1.1741528704643516e-16,2.891767899935756,0.28450900500793463,9.564854406368404,0.0005018866532093824,0.0004175672451963303,sQ_2,True,False,True,False
0.3101142432714508,8.179087348258593,0.06209002444811127,-0.03246009353990376,0.5996706021118234,0.5611627867660474,0.1115116258349447,0.5568031492968687,0.5270357703299923,0.6887453035984373,1.200901392407698,2.8907391625655516,1.5218708901937865e+19,1.038930527705625e+18,1.2330510348682993e+18,1.5075655539133322e+17,-2.122636316714832e-09,1.3911094498553211e-13,0,0.9150734791422754,1.749069046451179e+19,2048,power,p0,2.0,0.5,A1_balanced_q01_q99,R1,R1,0.5568031492968687,0.5568031492968687,3,65,0.870103380585019,0.0593990574479373,0.07049756196704364,0.0,2.8912574836021903,0.284864672855516,9.57938068279702,0.0005183210366386248,0.000431423782079167,sQ_2,True,False,True,False
0.3108905537864867,8.172464726418005,0.06309300637949214,-0.031457111608522895,0.6002926447563878,0.5611627867660474,0.1115116258349447,0.5657975651155873,0.5265879677825531,0.6889014744885855,1.2003745264201195,2.890212296577973,1.5244452507579734e+19,1.0406879578507764e+18,1.2540118645002015e+18,1.534435334357002e+17,3.0531133177191805e-16,1.5021317523178368e-13,0,0.9138226325574952,1.753915232993071e+19,2048,power,p0,2.0,0.5,A1_balanced_q01_q99,R1,R1,0.5657975651155873,0.5657975651155873,3,65,0.869167005384003,0.059335134234214604,0.07149786038178252,1.1676733068251371e-16,2.8907472840240125,0.28522078532739986,9.593929020482243,0.0005349874460396364,0.0004454852258744272,sQ_2,True,False,True,False
0.31166724259904777,8.165923769718356,0.06409470362537785,-0.030455414362637184,0.6009138906476529,0.5611627867660474,0.1115116258349447,0.5747804602925296,0.5261414439654027,0.6890558786714626,1.1998476464091,2.8896854165669534,1.527030566749285e+19,1.0424528669008452e+18,1.2749899353805e+18,1.5613541974375725e+17,-5.679848813500143e-10,1.5210055437364645e-13,0,0.9125768074837124,1.7587748469774195e+19,2048,power,p0,2.0,0.5,A1_balanced_q01_q99,R1,R1,0.5747804602925296,0.5747804602925296,3,65,0.868235390887922,0.05927153601794881,0.07249307309412921,0.0,2.8902373011091775,0.28557734297941517,9.608499452928685,0.0005518845422241014,0.0004597507146532717,sQ_2,True,False,True,False
0.3124443257429512,8.159463177842289,0.06509514932673062,-0.029454968661284414,0.6015343603394205,0.5611627867660474,0.1115116258349447,0.5837521320250679,0.5256961831713453,0.6892085412511185,1.1993207536089083,2.8891585237667616,1.5296267826152233e+19,1.0442252169319923e+18,1.2959862129954555e+18,1.588322889322934e+17,-4.718447854656915e-16,1.596500709410975e-13,0,0.9113359306318567,1.763647925607968e+19,2048,power,p0,2.0,0.5,A1_balanced_q01_q99,R1,R1,0.5837521320250679,0.5837521320250679,3,65,0.8673084692274551,0.0592082581659276,0.07348327260661737,0.0,2.889727534765675,0.285934346368086,9.623092013692059,0.0005690109989133774,0.0004742193955620214,sQ_2,True,False,True,False
0.31322181045354996,8.153082092489758,0.0660943555419428,-0.02845576244607223,0.6021540613102246,0.5611627867660474,0.1115116258349447,0.5927126884489441,0.5252521748794549,0.6893594770476258,1.198793849241152,2.8886316193990056,1.5322338802716357e+19,1.0460049955987699e+18,1.3170012636001423e+18,1.615341595558449e+17,-2.4702462297909733e-15,1.6964207816272392e-13,0,0.9100999574581252,1.7685345061915267e+19,2048,power,p0,2.0,0.5,A1_balanced_q01_q99,R1,R1,0.5927126884489441,0.5927126884489441,3,65,0.8663861942797171,0.05914529752949536,0.07446850819078761,1.1580209449293086e-16,2.889217984901535,0.28629179605063465,9.63770673637888,0.0005863655025293291,0.000488890424671895,sQ_2,True,False,True,False
0.3139997074003988,8.146779499612737,0.0670923425747182,-0.02745777541329683,0.6027730061522855,0.5611627867660474,0.1115116258349447,0.6016623116411715,0.5248094067186768,0.6895087047029589,1.1982669345149737,2.888104704672827,1.5348518274803802e+19,1.0477921808932728e+18,1.3380358056856566e+18,1.642410728987155e+17,-1.3877787807814457e-16,1.730837695390619e-13,0,0.9088688328515209,1.773434626138273e+19,2048,power,p0,2.0,0.5,A1_balanced_q01_q99,R1,R1,0.6016623116411715,0.6016623116411715,3,65,0.8654685122634508,0.05908265043718491,0.07544883729936439,0.0,2.888708651424826,0.28664969258497597,9.652343654646833,0.0006039467519989294,0.0005037629668346383,sQ_2,True,False,True,False
0.3147780255936436,8.140554477064383,0.06808912677338791,-0.026460991214627125,0.6033912050047282,0.5611627867660474,0.1115116258349447,0.6106011482082673,0.5243678673837935,0.689656240825153,1.1977400106272484,2.8875777807851017,1.5374805993166934e+19,1.049586755800196e+18,1.3590904806532413e+18,1.6695306007501245e+17,-4.063137881704648e-10,1.7685852782278744e-13,0,0.9076425074468968,1.7783483229620371e+19,2048,power,p0,2.0,0.5,A1_balanced_q01_q99,R1,R1,0.6106011482082673,0.6106011482082673,3,65,0.8645553739190128,0.059020313526204606,0.07642431255478256,0.0,2.8881995342436566,0.28700803652972634,9.667002802204587,0.0006217534585548634,0.0005188361955364621,sQ_2,True,False,True,False
0.31555677648618613,8.134405996350983,0.06908473033044435,-0.025465387657570684,0.6040086716311871,0.5611627867660474,0.1115116258349447,0.6195293971652871,0.5239275443027898,0.6898021046811829,1.1972130787627746,2.8870508489206284,1.5401201609030515e+19,1.0513886965098166e+18,1.380166037265568e+18,1.6967016864964662e+17,-2.498001805406602e-16,1.8740564655672642e-13,0,0.9064209245552386,1.7832756342805901e+19,2048,power,p0,2.0,0.5,A1_balanced_q01_q99,R1,R1,0.6195293971652871,0.6195293971652871,3,65,0.8636467247669021,0.058958283077420515,0.07739499215567734,1.1484483725513388e-16,2.8876906332661734,0.2873668284441966,9.681684212812135,0.0006397843455450136,0.0005341092927599248,sQ_2,True,False,True,False
0.31633596756016724,8.128333230996995,0.07007916597316086,-0.024470952014854178,0.6046254139250316,0.5611627867660474,0.1115116258349447,0.6284471726462799,0.5234884272667056,0.6899463108812053,1.1966861400944604,2.886523910252314,1.542770494367337e+19,1.0531979908214353e+18,1.4012630436645082e+18,1.7239242091119754e+17,-5.551115123125783e-17,1.8463008899516353e-13,0,0.9052040405291273,1.7882165978159313e+19,2048,power,p0,2.0,0.5,A1_balanced_q01_q99,R1,R1,0.6284471726462799,0.6284471726462799,3,65,0.8627425202582427,0.058896556049629366,0.07836092369212794,1.1452751319394752e-16,2.8871819484005634,0.28772606888840024,9.69638792028062,0.0006580381482494957,0.0005495814488487745,sQ_2,True,False,True,False
0.31711560839197983,8.12233526427199,0.07107245144100724,-0.023477666547007794,0.6052414428881613,0.5611627867660474,0.1115116258349447,0.6373546337330424,0.523050504990249,0.6900888763041579,1.196159195783508,2.8859969659413616,1.5454315733359466e+19,1.055014620730673e+18,1.422382159855632e+18,1.7511985329050816e+17,-2.2385190923124298e-10,1.7963408538435033e-13,0,0.9039918054778509,1.793171251394577e+19,2048,power,p0,2.0,0.5,A1_balanced_q01_q99,R1,R1,0.6373546337330424,0.6373546337330424,3,65,0.8618427114164587,0.058835129099363594,0.07932215948417773,1.1421106592062742e-16,2.886673479555051,0.2880857584230486,9.711113958472616,0.0006765136136892558,0.0005652518623711262,sQ_2,True,False,True,False
0.31789570922149807,8.116411158585464,0.07206460605977325,-0.02248551192824179,0.6058567705063012,0.5611627867660474,0.1115116258349447,0.6462519537329727,0.522613765929684,0.6902298184544866,1.1956322469795924,2.885470017137446,1.5481033689550842e+19,1.0568385665400042e+18,1.4435240733876636e+18,1.778525071220323e+17,6.106226635438361e-16,1.7130741269966165e-13,0,0.9027841678455706,1.798139632947851e+19,2048,power,p0,2.0,0.5,A1_balanced_q01_q99,R1,R1,0.6462519537329727,0.6462519537329727,3,65,0.8609472482496479,0.05877399881384263,0.08027875293650948,1.1389549301254934e-16,2.8861652266378997,0.28844589760955264,9.725862361302172,0.000695209500453764,0.0005811197399908021,sQ_2,True,False,True,False
0.3186762674658038,8.11056059453848,0.07305561869693661,-0.021494499291078425,0.6064713898751357,0.5611627867660474,0.1115116258349447,0.6551390328132313,0.5221782058007582,0.6903691402376751,1.195105294821034,2.8849430649788874,1.5507859063936522e+19,1.0586698454313998e+18,1.4646888957538163e+18,1.8059034004876483e+17,-6.642669109213628e-09,1.6464607455191071e-13,0,0.9015811167522814,1.8031217805121737e+19,2048,power,p0,2.0,0.5,A1_balanced_q01_q99,R1,R1,0.6551390328132313,0.6551390328132313,3,65,0.860056111103685,0.05871316385134488,0.08123072504497028,1.1358079205378292e-16,2.8856571895574135,0.2888064870100308,9.74063316273464,0.000714124578526043,0.0005971842963416621,sQ_2,True,False,True,False
0.31945731960594853,8.104781411611585,0.07404557103267348,-0.020504546955341554,0.6070853516521605,0.5611627867660474,0.1115116258349447,0.6640166034550777,0.5217437986492008,0.6905068885363198,1.1945783404349752,2.884416110592829,1.5534790474473316e+19,1.0605083630573783e+18,1.4858784847628444e+18,1.8333356685401178e+17,-2.86057119658345e-09,1.59539048638635e-13,0,0.9003825190759183,1.808117732229354e+19,2048,power,p0,2.0,0.5,A1_balanced_q01_q99,R1,R1,0.6640166034550777,0.6640166034550777,3,65,0.8591691900128313,0.05865261670487595,0.0821781932822926,1.1326696063507316e-16,2.885149368221934,0.28916752718729866,9.755426396787156,0.000733257629105033,0.0006134447538973209,sQ_2,True,False,True,False
0.3202388564407095,8.099073625389533,0.07503443620413329,-0.019515681783881744,0.6076986391772163,0.5611627867660474,0.1115116258349447,0.6728844247612032,0.5213105441084038,0.6906430585261248,1.1940513849375418,2.883889155095395,1.556182845614313e+19,1.0623541559393711e+18,1.5070926513864627e+18,1.860821028545691e+17,-8.049116928532385e-16,1.511013536514838e-13,0,0.8991883855788076,1.8131275263468964e+19,2048,power,p0,2.0,0.5,A1_balanced_q01_q99,R1,R1,0.6728844247612032,0.6728844247612032,3,65,0.8582864817841702,0.058592357156466025,0.0831211610593638,0.0,2.8846417625398404,0.2895290187048778,9.770242097528508,0.0007526074444452746,0.0006299003428542604,sQ_2,True,False,True,False
0.3210208835986532,8.093436554607955,0.07602222264546679,-0.018527895342548242,0.6083112576811069,0.5611627867660474,0.1115116258349447,0.6817425723663291,0.5208784336017535,0.6907776620715033,1.1935244294340148,2.8833621995918683,1.558897292465931e+19,1.0642072183234089e+18,1.5283318691996152e+18,1.8883596095276333e+17,-6.661338147750939e-16,1.4599432773820809e-13,0,0.897998680658443,1.8181512012182335e+19,2048,power,p0,2.0,0.5,A1_balanced_q01_q99,R1,R1,0.6817425723663291,0.6817425723663291,3,65,0.8574079490316361,0.05853238265389302,0.08405966831447088,0.0,2.884134372419556,0.2898909621269928,9.78508029907904,0.0007721728276877116,0.0006465503010099713,sQ_2,True,False,True,False
0.3218034142815274,8.087869171422366,0.07700895674292167,-0.017541161245093362,0.6089232235284056,0.5611627867660474,0.1115116258349447,0.6905912828937444,0.5204474544664336,0.6909107194244242,1.192997475018983,2.882835245176836,1.5616223481756152e+19,1.06606752302122e+18,1.5495969482537265e+18,1.9159520454770266e+17,-8.326672684688674e-16,1.4455103780619538e-13,0,0.8968133454610405,1.8231887953031098e+19,2048,power,p0,2.0,0.5,A1_balanced_q01_q99,R1,R1,0.6905912828937444,0.6905912828937444,3,65,0.8565335373926491,0.05847268948600485,0.084993773121346,0.0,2.8836271977695374,0.2902533580185748,9.79994103561111,0.0007919525927011506,0.0006633938736461629,sQ_2,True,False,True,False
0.32258645186910867,8.08237091780431,0.07799464163221445,-0.016555476355800583,0.6095345386638622,0.5611627867660474,0.1115116258349447,0.6994305844635355,0.5200175995539529,0.6910422397222998,1.1924705227765042,2.8823082929343578,1.564358014238738e+19,1.0679350710536453e+18,1.5708882582371325e+18,1.9435983255565392e+17,-3.210729210278984e-09,1.3489209749195652e-13,0,0.8956323520884253,1.8282403471678159e+19,2048,power,p0,2.0,0.5,A1_balanced_q01_q99,R1,R1,0.6994305844635355,0.6994305844635355,3,65,0.8556632155406338,0.05841327551424061,0.08592350894512554,0.0,2.8831202384982832,0.29061620694526025,9.814824341348926,0.000811945563925498,0.0006804303134148095,sQ_2,True,False,True,False
0.323370020277282,8.076940287284835,0.07897932898790434,-0.01557078900011069,0.6101452351356911,0.5611627867660474,0.1115116258349447,0.708260940476346,0.51958885055707,0.6911722549068405,1.1919435737802608,2.8817813439381146,1.5671042066866158e+19,1.069809805098063e+18,1.5922070828907727e+18,1.9712998069297517e+17,-2.498001805406602e-16,1.304512053934559e-13,0,0.8944556093437461,1.8333058954854992e+19,2048,power,p0,2.0,0.5,A1_balanced_q01_q99,R1,R1,0.708260940476346,0.708260940476346,3,65,0.8547969057131148,0.0583541354300153,0.08684895885686997,1.1171076278340583e-16,2.8826134945143282,0.2909795094733939,9.829730250568636,0.0008321505762136638,0.0006976588802250054,sQ_2,True,False,True,False
0.3241541123759387,8.07157722963778,0.07996299711712104,-0.014587120870893991,0.6107552994901198,0.5611627867660474,0.1115116258349447,0.7170821563975693,0.5191612062782176,0.6913007621752675,1.1914166290937072,2.881254399251561,1.569860971408244e+19,1.0716917564813612e+18,1.6135533198007939e+18,1.9990557903305888e+17,-5.35682609381638e-15,1.297850715786808e-13,0,0.8932831226259477,1.8383854790364594e+19,2048,power,p0,2.0,0.5,A1_balanced_q01_q99,R1,R1,0.7170821563975693,0.7170821563975693,3,65,0.8539346014803405,0.058295268794391245,0.08777012972526821,0.0,2.8821069657262486,0.2913432661700292,9.844658797598417,0.0008525664746876771,0.000715078841135096,sQ_2,True,False,True,False
0.3249387415755077,8.066280745591618,0.08094567287543297,-0.013604445112582061,0.6113647483827912,0.5611627867660474,0.1115116258349447,0.7258944730592101,0.5187346543548411,0.6914277815380275,1.1908896897702201,2.8807274599280737,1.5726282688003727e+19,1.0735808981677211e+18,1.6349277809130086e+18,2.0268669446033466e+17,-3.885780586188048e-16,1.2179146580137967e-13,0,0.8921148340074299,1.8434791367084458e+19,2048,power,p0,2.0,0.5,A1_balanced_q01_q99,R1,R1,0.7258944730592101,0.7258944730592101,3,65,0.8530762499478673,0.05823667199644107,0.08868707805569158,0.0,2.8816006520426587,0.29170747760292604,9.85961001681866,0.0008731921145850308,0.0007326894702445135,sQ_2,True,False,True,False
0.3257239160368076,8.061050089039083,0.08192737071566729,-0.012622747272347745,0.6119735907772517,0.5611627867660474,0.1115116258349447,0.7346980200695226,0.5183091853922511,0.6915533270463189,1.1903627568532416,2.880200527011095,1.5754060814224001e+19,1.0754772182510252e+18,1.6563310424945216e+18,2.0547335945061277e+17,6.38378239159465e-16,1.199040866595169e-13,0,0.8909507021752772,1.848586907496955e+19,2048,power,p0,2.0,0.5,A1_balanced_q01_q99,R1,R1,0.7346980200695226,0.7346980200695226,3,65,0.8522218106345617,0.05817834227265275,0.08959984709278537,2.2157465161030016e-16,2.881094553372211,0.2920721443405544,9.874583942661964,0.0008940263611161292,0.0007504900485888589,sQ_2,True,False,True,False
0.32650963335268424,8.055885007355418,0.08290808024440147,-0.011642037743613567,0.6125818202275701,0.5611627867660474,0.1115116258349447,0.7434927042236733,0.5178847957843733,0.6916774009900467,1.1898358313764217,2.879673601534275,1.578194436049802e+19,1.0773807350099981e+18,1.677763209547271e+18,2.0826553606653904e+17,-6.463714646853802e-09,1.0835776720341528e-13,0,0.8897907185209659,1.853708830505529e+19,2048,power,p0,2.0,0.5,A1_balanced_q01_q99,R1,R1,0.7434927042236733,0.7434927042236733,3,65,0.8513712672013378,0.05812027850761132,0.09050845429105091,0.0,2.880588669623598,0.29243726695209765,9.889580609613127,0.0009150680893226237,0.0007684798640361864,sQ_2,True,False,True,False
0.32729593012364233,8.05078346473982,0.08388788279620535,-0.010662235191809685,0.6131894871768997,0.5611627867660474,0.1115116258349447,0.7522792549036369,0.517461460972993,0.691800048604391,1.1893089143637572,2.8791466845216105,1.5809931973896356e+19,1.079291356084658e+18,1.6992261194795423e+18,2.1106344828694963e+17,-1.7368940175011005e-09,1.1124434706744069e-13,0,0.8886347552779752,1.8588449449460556e+19,2048,power,p0,2.0,0.5,A1_balanced_q01_q99,R1,R1,0.7522792549036369,0.7522792549036369,3,65,0.8505245161454371,0.058062473635528515,0.0914130102190344,0.0,2.8800830007055485,0.2928028460074468,9.90460005220945,0.0009363161839379686,0.0007866582111878541,sQ_2,True,False,True,False
0.32808278756144493,8.045745976838207,0.08486672946176327,-0.009683388526251765,0.613796561292012,0.5611627867660474,0.1115116258349447,0.7610572335065745,0.517039186361781,0.6919212539057276,1.1887820068297277,2.8786197769875814,1.5838024608554158e+19,1.0812091466106305e+18,1.7207191462258808e+18,2.1386694921507872e+17,-2.2825140111315534e-09,1.0247358517290195e-13,0,0.8874828546722344,1.863995290139067e+19,2048,power,p0,2.0,0.5,A1_balanced_q01_q99,R1,R1,0.7610572335065745,0.7610572335065745,3,65,0.8496815787218287,0.058004929107410175,0.09231349217076096,2.1974304450599816e-16,2.879577546526833,0.2931688820772094,9.919642305040549,0.0009577695392515295,0.0008050243912787297,sQ_2,True,False,True,False
0.32887022348465156,8.040771386849395,0.08584465739899548,-0.008705460589019554,0.6144030656179988,0.5611627867660474,0.1115116258349447,0.7698269732526319,0.5166179577041948,0.6920410411952967,1.1882551097794272,2.878092879937281,1.5866221697892913e+19,1.0831340679094895e+18,1.742243289338179e+18,2.1667613783767082e+17,-1.9358389058421466e-09,1.0413891970983968e-13,0,0.8863349471572959,1.8691599055140577e+19,2048,power,p0,2.0,0.5,A1_balanced_q01_q99,R1,R1,0.7698269732526319,0.7698269732526319,3,65,0.8488423944407995,0.05794764079382524,0.09320996476537549,2.191358795957864e-16,2.879072306996257,0.2935353757327035,9.934707402748748,0.0009794270589762455,0.0008235777120804849,sQ_2,True,False,True,False
0.3296582422491346,8.035859161786254,0.08682167214451854,-0.007728445843496495,0.6150090035886329,0.5611627867660474,0.1115116258349447,0.7785885237923864,0.5161977680732127,0.6921594198594538,1.1877282242087006,2.877565994366554,1.5894523237416364e+19,1.0850661196742904e+18,1.7637989490065943e+18,2.194910231122726e+17,-2.770777635108246e-09,1.0236256287043943e-13,0,0.8851910046325893,1.8743388306097246e+19,2048,power,p0,2.0,0.5,A1_balanced_q01_q99,R1,R1,0.7785885237923864,0.7785885237923864,3,65,0.8480069333166329,0.0578906066477488,0.09410246003561845,2.1853039232333283e-16,2.8785672820226713,0.2939023275459608,9.94979538002876,0.001001287656117178,0.0008423174878081652,sQ_2,True,False,True,False
0.33044685933286944,8.031008271321445,0.08779780528405946,-0.006752312703955571,0.6156143947931692,0.5611627867660474,0.1115116258349447,0.787342168376367,0.515778604698715,0.6922764113592829,1.1872013511042638,2.8770391212621176,1.592292876320681e+19,1.0870052702349184e+18,1.78538701730187e+18,2.223116895144347e+17,4.996003610813204e-16,9.103828801926284e-14,0,0.8840509655515956,1.8795321050743603e+19,2048,power,p0,2.0,0.5,A1_balanced_q01_q99,R1,R1,0.787342168376367,0.787342168376367,3,65,0.8471751411012395,0.057833822965844627,0.09499103593291557,2.179265780532091e-16,2.8780624715149594,0.2942697380897303,9.964906271628152,0.001023350252841837,0.0008612430390255825,sQ_2,True,False,True,False
0.3312360718931623,8.026218522762507,0.08877304551560651,-0.005777072472408523,0.6162192322221763,0.5611627867660474,0.1115116258349447,0.7960878056518073,0.5153604646355027,0.6923920170422205,1.1866744914438336,2.876512261601687,1.5951438573815955e+19,1.0889515399725027e+18,1.8070075728725184e+18,2.251380980654602e+17,-3.885780586188048e-16,9.048317650695026e-14,0,0.8829148242084508,1.8847397686660977e+19,2048,power,p0,2.0,0.5,A1_balanced_q01_q99,R1,R1,0.7960878056518073,0.7960878056518073,3,65,0.8463470044517285,0.057777288837238004,0.09587570671103346,0.0,2.877557875382045,0.2946376079374764,9.980040112347208,0.0010456137803580567,0.0008803536925566036,sQ_2,True,False,True,False
0.33202589195667453,8.0214890565414,0.08974741634698329,-0.004802701641031748,0.6168235304550482,0.5611627867660474,0.1115116258349447,0.8048256464292255,0.5149433371067077,0.6925062544180985,1.1861476461962521,2.875985416354106,1.598005235291317e+19,1.0909049072922058e+18,1.8286613523268977e+18,2.2797031067886986e+17,-6.938893903907228e-16,8.79296635503124e-14,0,0.8817825301128281,1.8899618612532277e+19,2048,power,p0,2.0,0.5,A1_balanced_q01_q99,R1,R1,0.8048256464292255,0.8048256464292255,3,65,0.8455224774915219,0.0577210011300879,0.09675652137839004,2.1672395004224876e-16,2.877053493532891,0.29500593766337885,9.995196937039115,0.0010680771787852095,0.0008996487813935827,sQ_2,True,False,True,False
0.3328163269502482,8.016819228750947,0.09072093051397431,-0.003829187474040721,0.6174272973904328,0.5611627867660474,0.1115116258349447,0.8135558049189957,0.5145272138617029,0.6926191358779933,1.1856208163216047,2.875458586479458,1.600876997722207e+19,1.09286536377836e+18,1.8503488871446277e+18,2.3080835857052493e+17,-8.881784197001252e-16,8.393286066166183e-14,0,0.8806540470201893,1.8951984228145058e+19,2048,power,p0,2.0,0.5,A1_balanced_q01_q99,R1,R1,0.8135558049189957,0.8135558049189957,3,65,0.8447015248908817,0.05766495743255086,0.09763351767656743,0.0,2.8765493258764994,0.29537472784233826,10.010376780609887,0.001090739397041407,0.0009191276446117167,sQ_2,True,False,True,False
0.333607384227851,8.012208405657315,0.09169360058039494,-0.0028565174076200933,0.6180305408203237,0.5611627867660474,0.1115116258349447,0.8222783937893288,0.5141120867646636,0.6927306736461589,1.1850940027713392,2.8749317729291928,1.6037591328598426e+19,1.0948329013656525e+18,1.8720707044304983e+18,2.336522728376179e+17,1.3877787807814457e-16,8.171241461241152e-14,0,0.8795293391942178,1.9004494934394573e+19,2048,power,p0,2.0,0.5,A1_balanced_q01_q99,R1,R1,0.8222783937893288,0.8222783937893288,3,65,0.8438841118357422,0.057609155367986664,0.09850673279627134,2.1552795873501526e-16,2.8760453723219097,0.29574397904997013,10.025579678018678,0.0011135993927169352,0.0009387896272837232,sQ_2,True,False,True,False
0.33439907107215255,8.007655963486263,0.09266543894149924,-0.0018846790465157914,0.6186332684321741,0.5611627867660474,0.1115116258349447,0.8309935241968325,0.5136979477923298,0.6928408797832317,1.1845672064883837,2.874404976646237,1.6066516293931133e+19,1.0968075123323654e+18,1.8938273270233446e+18,2.365020844625343e+17,8.326672684688674e-17,7.704947790898586e-14,0,0.8784083713968365,1.9057151133286842e+19,2048,power,p0,2.0,0.5,A1_balanced_q01_q99,R1,R1,0.8309935241968325,0.8309935241968325,3,65,0.8430702040174298,0.05755359259425655,0.09937620338831361,0.0,2.8755416327782006,0.2961136918626135,10.040805664277604,0.0011366561319636759,0.0009586340803944738,sQ_2,True,False,True,False
0.3351913946960736,8.003161288214347,0.09363645782733764,-0.0009136601606773986,0.6192354878109791,0.5611627867660474,0.1115116258349447,0.8397013058166221,0.5132847890318167,0.6929497661893712,1.1840404284072577,2.8738781985651114,1.6095544765045152e+19,1.0987891892937491e+18,1.9156192736028406e+18,2.3935782431672704e+17,-2.220446049250313e-16,7.66053886991358e-14,0,0.8772911088784401,1.910995322794174e+19,2048,power,p0,2.0,0.5,A1_balanced_q01_q99,R1,R1,0.8397013058166221,0.8397013058166221,3,65,0.8422597676226098,0.05749826680303683,0.10024196557435346,0.0,2.8750381071544893,0.29648386685732475,10.05605477445206,0.0011599085893778671,0.0009786603607600743,sQ_2,True,False,True,False
0.33598435874457805,7.998723930403117,0.09460666117957482,5.654319155978804e-05,0.6198372014013325,0.5611627867660474,0.1115116258349447,0.848401773996265,0.5128726044947652,0.6930573408474205,1.1835136694541863,2.8733514396120396,1.6124676783188414e+19,1.1007779350656623e+18,1.9374469043419912e+18,2.422194991600802e+17,-2.1104334668731184e-09,7.238654120556021e-14,0,0.8761775277846842,1.9162901622596067e+19,2048,power,p0,2.0,0.5,A1_balanced_q01_q99,R1,R1,0.848401773996265,0.848401773996265,3,65,0.8414527768683471,0.05744317623421249,0.10110404689744049,0.0,2.8745347953599323,0.29685450461188195,10.071327043660679,0.0011833557478926338,0.0009988678309463467,sQ_2,True,False,True,False
0.33677798079458726,7.994342829818964,0.09557608528670611,0.0010259672986910745,0.6204384317091148,0.5611627867660474,0.1115116258349447,0.8570952541591872,0.5124613810339157,0.693163626625269,1.1829869305472092,2.8728247007050625,1.6153911816036706e+19,1.1027737133081057e+18,1.9593111932618458e+18,2.4508721166592944e+17,4.746203430272544e-15,7.505107646466058e-14,0,0.8750675630660778,1.9215996722606658e+19,2048,power,p0,2.0,0.5,A1_balanced_q01_q99,R1,R1,0.8570952541591872,0.8570952541591872,3,65,0.8406491762684596,0.05738831709992684,0.10196250663161356,0.0,2.874031697303723,0.2972256057047874,10.086622507075372,0.0012069965986607478,0.0010192558591899004,sQ_2,True,False,True,False
0.33757225735950097,7.990017865605935,0.09654471752302334,0.0019945995350083012,0.6210391709039471,0.5611627867660474,0.1115116258349447,0.8657816330821432,0.512051116503782,0.693268623679978,1.1824602125962849,2.872297982754138,1.6183250203412025e+19,1.1047765472195942e+18,1.9812121838220132e+18,2.4796092038171744e+17,5.828670879282072e-16,7.09432512735475e-14,0,0.8739612126312604,1.9269238934453633e+19,2048,power,p0,2.0,0.5,A1_balanced_q01_q99,R1,R1,0.8657816330821432,0.8657816330821432,3,65,0.8398489560724777,0.057333688734547805,0.10281735519297452,0.0,2.8735288128950947,0.2975971707152665,10.10194119992155,0.0012308301409564848,0.001039823819321799,sQ_2,True,False,True,False
0.3383671988875132,7.985748305731439,0.0975125776158219,0.0029624596278068627,0.621639431220565,0.5611627867660474,0.1115116258349447,0.8744610876731036,0.5116418015959661,0.6933723470594249,1.1819335165034062,2.87177128666126,1.621269171138631e+19,1.1067864208306387e+18,2.0031505335259364e+18,2.5084067977552688e+17,-6.938893903907228e-16,7.338574192772285e-14,0,0.8728584331758191,1.9322628665742885e+19,2048,power,p0,2.0,0.5,A1_balanced_q01_q99,R1,R1,0.8744610876731036,0.8744610876731036,3,65,0.8390520768082561,0.05727928844344361,0.1036686347483003,0.0,2.8730261420433196,0.29796920022326623,10.117283157477951,0.0012548553820597164,0.0010605710906881965,sQ_2,True,False,True,False
0.3391628122644958,7.981533581987669,0.09847967701619856,0.003929559028183524,0.6222392197608616,0.5611627867660474,0.1115116258349447,0.8831337206217804,0.5112334289185907,0.6934748079056411,1.1814068431626907,2.8712446133205445,1.6242236255102716e+19,1.1088033283483453e+18,2.0251267417590797e+18,2.537265202177794e+17,-1.1657341758564144e-15,6.650235917504688e-14,0,0.8717591922549288,1.937616632521014e+19,2048,power,p0,2.0,0.5,A1_balanced_q01_q99,R1,R1,0.8831337206217804,0.8831337206217804,3,65,0.8382585069973363,0.05722511407768482,0.10451637892497893,0.0,2.8725236846577085,0.29834169480946043,10.132648415077085,0.001279071337163984,0.0010814970580801523,sQ_2,True,False,True,False
0.3399591043149998,7.9773731347766965,0.09944602702835012,0.004895909040335086,0.6228385435356238,0.5611627867660474,0.1115116258349447,0.8917996333005348,0.5108259911781546,0.6935760172173934,1.1808801934604911,2.8707179636183446,1.6271883754111367e+19,1.1108272642806693e+18,2.0471413043314342e+18,2.5661847198886704e+17,-8.326672684688674e-17,7.027711745877241e-14,0,0.8706634578587615,1.942985232272347e+19,2048,power,p0,2.0,0.5,A1_balanced_q01_q99,R1,R1,0.8917996333005348,0.8917996333005348,3,65,0.8374682156014733,0.05717116351839391,0.10536062088013275,0.0,2.8720214406476092,0.29871465505524825,10.14803700810506,0.001303477029264588,0.0011026011116570446,sQ_2,True,False,True,False
0.3407560775886435,7.973266596457182,0.10041162908761757,0.005861511099602534,0.6234374034350404,0.5611627867660474,0.1115116258349447,0.9004588385810379,0.5104194833241997,0.6936759813839662,1.1803535682754926,2.8701913384333464,1.6301634305863817e+19,1.1128582352803034e+18,2.0691945281424456e+18,2.5951653605334925e+17,-2.5120291402558337e-09,6.23945339839338e-14,0,0.8695712107735774,1.9483687069286568e+19,2048,power,p0,2.0,0.5,A1_balanced_q01_q99,R1,R1,0.9004588385810379,0.9004588385810379,3,65,0.836681180922946,0.05711743528433978,0.1062013837927142,0.0,2.8715194099224086,0.2990880815427553,10.16344897200173,0.0013280714890622214,0.0011238826468752243,sQ_2,True,False,True,False
0.34155375143602484,7.969212873569267,0.10137652338709548,0.006826405399080443,0.6240358243865983,0.5611627867660474,0.1115116258349447,0.9091116969018924,0.510013891814934,0.6937747245320834,1.1798269684788116,2.869664738636665,1.633148731775908e+19,1.1148962008923533e+18,2.091287458390471e+18,2.624208302085198e+17,9.159339953157541e-16,6.827871601444713e-14,0,0.8684823827270003,1.9537670977041904e+19,2048,power,p0,2.0,0.5,A1_balanced_q01_q99,R1,R1,0.9091116969018924,0.9091116969018924,3,65,0.8358973460526432,0.05706392549052711,0.1070387284568297,0.0,2.8710175923915324,0.29946197485483617,10.178884342260732,0.001352853754867489,0.001145341064419103,sQ_2,True,False,True,False
0.3423521182341432,7.965212052298106,0.10234068788797705,0.007790569899962019,0.6246337927219776,0.5611627867660474,0.1115116258349447,0.9177580106262452,0.5096092169038038,0.6938722421227941,1.1793003949340908,2.869138165091944,1.63614433097303e+19,1.1169411966109219e+18,2.1134199529326605e+18,2.653312854769386e+17,-9.654931576452697e-10,6.394884621840902e-14,0,0.8673969848246694,1.9591804459273884e+19,2048,power,p0,2.0,0.5,A1_balanced_q01_q99,R1,R1,0.9177580106262452,0.9177580106262452,3,65,0.8351167113647627,0.05701063416250114,0.10787265447273603,0.0,2.8705159879644446,0.2998363355750745,10.194343154429596,0.0013778228725005448,0.0011669757701299847,sQ_2,True,False,True,False
0.3431511936692874,7.9612632110190695,0.10330415429267036,0.008754036304655322,0.6252313281027987,0.5611627867660474,0.1115116258349447,0.926398064050983,0.5092054470569285,0.6939685542271734,1.1787738484975954,2.868611618655449,1.6391501843859466e+19,1.1189931925408063e+18,2.135592894011746e+18,2.6824799499857043e+17,-1.3877787807814457e-16,6.405986852087153e-14,0,0.8663149600947126,1.964608793041202e+19,2048,power,p0,2.0,0.5,A1_balanced_q01_q99,R1,R1,0.926398064050983,0.926398064050983,3,65,0.8343392283450756,0.05695755798835716,0.10870321366656727,0.0,2.8700145965506483,0.30021116428778144,10.20982544410991,0.0014029778951991645,0.0011887861749393979,sQ_2,True,False,True,False
0.34395097939885394,7.957366041909081,0.1042669219779966,0.009716803989981565,0.6258284301425701,0.5611627867660474,0.1115116258349447,0.9350318515876412,0.5088025779153594,0.6940636660153149,1.1782473300183034,2.868085100176157,1.642166306129886e+19,1.1210521983180023e+18,2.1578065464172063e+18,2.7117095469187677e+17,3.3584246494910985e-15,6.927791673660977e-14,0,0.8652362928357491,1.970052180603407e+19,2048,power,p0,2.0,0.5,A1_balanced_q01_q99,R1,R1,0.9350318515876412,0.9350318515876412,3,65,0.8335648782799788,0.0569046956905799,0.1095304260294411,2.0791327459892136e-16,2.869513418059684,0.3005864615779984,10.225331246957326,0.0014283178835272636,0.00121077169480225,sQ_2,True,False,True,False
0.3447514835320949,7.953519963110775,0.1052290051678554,0.010678887179840363,0.6264251076628586,0.5611627867660474,0.1115116258349447,0.9436595007915264,0.5084006019156073,0.6941575893965658,1.1777208403379988,2.8675586104958524,1.6451926839507433e+19,1.1231182055770408e+18,2.1800614577847995e+18,2.7410020568203056e+17,-8.326672684688674e-16,6.905587213168474e-14,0,0.8641609487316779,1.9755106502869275e+19,2048,power,p0,2.0,0.5,A1_balanced_q01_q99,R1,R1,0.9436595007915264,0.9436595007915264,3,65,0.8327936291873658,0.056852045085857505,0.11035432572677666,0.0,2.8690124524011305,0.3009622280315015,10.240860598681548,0.001453841905278086,0.0012329317506312978,sQ_2,True,False,True,False
0.3455527124989303,7.949724470662169,0.10619041421304222,0.011640296225027186,0.6270213670831581,0.5611627867660474,0.1115116258349447,0.9522811044852064,0.5079995124036991,0.6942503344373405,1.1771943802913625,2.8670321504492158,1.6482293126738614e+19,1.1251912107853559e+18,2.2023581012775196e+18,2.770357777059002e+17,-7.216449660063518e-16,7.283063041541027e-14,0,0.8630888985988077,1.9809842438801486e+19,2048,power,p0,2.0,0.5,A1_balanced_q01_q99,R1,R1,0.9522811044852064,0.9522811044852064,3,65,0.8320254528857226,0.05679960425033199,0.11117494286394558,2.067659050118024e-16,2.868511699484607,0.301338464234796,10.25641353504661,0.001479549035391159,0.0012552657682314383,sQ_2,True,False,True,False
0.3463546726774765,7.945979067936439,0.10715115933804274,0.012601041350027709,0.6276172147446257,0.5611627867660474,0.1115116258349447,0.9608967543585442,0.5075993028105068,0.6943419110802119,1.1766679507060551,2.8665057208639086,1.651276187506323e+19,1.1272712106709832e+18,2.2246969471381993e+18,2.7997770043408262e+17,-2.498001805406602e-16,6.961098364399732e-14,0,0.862020113628164,1.9864730032872415e+19,2048,power,p0,2.0,0.5,A1_balanced_q01_q99,R1,R1,0.9608967543585442,0.9608967543585442,3,65,0.8312603215718359,0.05674737128597066,0.11199230714219331,2.0619459681666377e-16,2.868011159219768,0.30171517077512006,10.271990091870872,0.0015054383558594786,0.0012777731782400374,sQ_2,True,False,True,False
0.34715736673862685,7.942283421162377,0.10811124227987289,0.013561124291857851,0.6282126517245471,0.5611627867660474,0.1115116258349447,0.9695064659885335,0.5071999684664852,0.6944323253366614,1.1761415524028076,2.865979322560661,1.6543333190295499e+19,1.129358212457506e+18,2.2470783025319718e+18,2.8292597775402797e+17,-2.1443799791409646e-09,7.238654120556021e-14,0,0.8609545759113797,1.9919769705284977e+19,2048,power,p0,2.0,0.5,A1_balanced_q01_q99,R1,R1,0.9695064659885335,0.9695064659885335,3,65,0.830498215343641,0.056695344834125895,0.11280643982223311,0.0,2.8675108315163076,0.30209234824044956,10.287590305027054,0.0015315089556464656,0.0013004534160610595,sQ_2,True,False,True,False
0.3479607976038469,7.938637189151942,0.10907066537643052,0.014520547388415489,0.6288076794728708,0.5611627867660474,0.1115116258349447,0.9781102603406824,0.5068015046127755,0.6945215834440291,1.1756151861955084,2.865452956353362,1.6574007169349226e+19,1.1314522227609071e+18,2.2695024852957345e+18,2.8588061542817248e+17,-8.384265587357831e-09,6.894484982922222e-14,0,0.859892266941215,1.997496187740587e+19,2048,power,p0,2.0,0.5,A1_balanced_q01_q99,R1,R1,0.9781102603406824,0.9781102603406824,3,65,0.829739113950273,0.05664352351233863,0.11361736253738838,0.0,2.8670107162839615,0.3024699972194905,10.303214210442276,0.0015577599305993672,0.001323305921806742,sQ_2,True,False,True,False
0.3487650035098381,7.935038538881164,0.11002951159107667,0.015479393603061636,0.6294023494429147,0.5611627867660474,0.1115116258349447,0.986708881403435,0.5064038890929218,0.694609728235266,1.1750888528912795,2.864926623049133,1.6604782463181537e+19,1.1335531494865263e+18,2.2919713591016963e+18,2.888418686149019e+17,-4.163336342344337e-16,7.327471962526033e-14,0,0.8588330670793698,2.003030697176976e+19,2048,power,p0,2.0,0.5,A1_balanced_q01_q99,R1,R1,0.986708881403435,0.986708881403435,3,65,0.828982925053716,0.056591901017000346,0.11442517392928357,0.0,2.866510813432499,0.30284811830168956,10.318861844098308,0.001584190383366213,0.0013463301402377988,sQ_2,True,False,True,False
0.34956995131732527,7.931488670558507,0.11098770083482817,0.01643758284681314,0.6299966119640307,0.5611627867660474,0.1115116258349447,0.9953016109648332,0.5060071351277089,0.6946967283111481,1.174562553290564,2.864400323448417,1.6635660650646325e+19,1.1356611004174559e+18,2.3144836610181166e+18,2.918094896370997e+17,2.498001805406602e-16,7.4495964952348e-14,0,0.8577770619283058,2.0085805412081897e+19,2048,power,p0,2.0,0.5,A1_balanced_q01_q99,R1,R1,0.9953016109648332,0.9953016109648332,3,65,0.8282297029841651,0.05654048105705234,0.11522981595878261,0.0,2.86601112287173,0.30322671207722723,10.334533242031586,0.0016107994233127698,0.001369525520702882,sQ_2,True,False,True,False
0.35018527568553337,7.936008906496909,0.1115116258349447,0.016961507846929666,0.6303215467235005,0.5611627867660474,0.1115116258349447,1.0,0.5057046700914452,0.6945859551615096,1.1740363116797914,2.863874081837645,1.667444080058681e+19,1.1383084919867261e+18,2.328708330647941e+18,2.934357002474526e+17,-0.00011078133687575376,7.827072323607354e-14,0,0.8572677071821102,2.0141457623221477e+19,2048,power,p0,2.0,0.5,A1_balanced_q01_q99,R2,R2,1.0,1.0,2,65,0.8278666376837852,0.05651569579921307,0.11561766651700163,0.0,2.8655116445115016,0.3036057791370226,10.350228440333247,0.0016375626738565074,0.0013928715348523115,sQ_2,True,False,True,False
0.35057120413907195,7.950248677072311,0.1115116258349447,0.016961507846929666,0.6303215467235005,0.5611627867660474,0.1115116258349447,1.0,0.5055153286560988,0.6942375217794556,1.1735102997707993,2.863348069928653,1.6722769511557825e+19,1.1416077319890141e+18,2.332886787698097e+18,2.934357002474526e+17,-0.000355055276481997,7.438494264988549e-14,0,0.8574155749805852,2.0197264031244935e+19,2048,power,p0,2.0,0.5,A1_balanced_q01_q99,R2,R2,1.0,1.0,2,65,0.8279720206503164,0.0565228899430616,0.115505089406622,0.0,2.865012378261701,0.30398532007273205,10.365947475149289,0.0016643083330483144,0.0014162221695152737,sQ_2,True,False,True,False
0.3509576024729419,7.964512116681772,0.1115116258349447,0.016961507846929666,0.6303215467235005,0.5611627867660474,0.1115116258349447,1.0,0.5053260362987222,0.693889309072013,1.1729845517140096,2.862822321871863,1.677123646402398e+19,1.1449164092773704e+18,2.3370721900878367e+18,2.934357002474526e+17,-0.0005989055073166438,7.915890165577366e-14,0,0.8575633158109588,2.025322506338919e+19,2048,power,p0,2.0,0.5,A1_balanced_q01_q99,R2,R2,1.0,1.0,2,65,0.8280773265261622,0.056530078824186,0.11539259464965179,0.0,2.8645133240322513,0.30436533547675565,10.381690382680473,0.0016910021603884218,0.0014395482691463518,sQ_2,True,False,True,False
0.35134447128085144,7.978799261988884,0.1115116258349447,0.016961507846929666,0.6303215467235005,0.5611627867660474,0.1115116258349447,1.0,0.50513679302821,0.6935413168594585,1.1724590673423305,2.862296837500184,1.6819842048957194e+19,1.1482345505421444e+18,2.3412645485755663e+18,2.934357002474526e+17,-0.0008423325600248055,7.549516567451064e-14,0,0.8577109297368919,2.0309341148074906e+19,2048,power,p0,2.0,0.5,A1_balanced_q01_q99,R2,R2,1.0,1.0,2,65,0.8281825553238847,0.05653726244344386,0.11528018223267138,0.0,2.8640144817331166,0.30474582594223104,10.397457199182634,0.0017176442329325248,0.0014628498555625184,sQ_2,True,False,True,False
0.35173181115725405,7.9931101497118835,0.1115116258349447,0.016961507846929666,0.6303215467235005,0.5611627867660474,0.1115116258349447,1.0,0.5049475988534426,0.6931935449622237,1.171933846488808,2.861771616646662,1.6868586658425545e+19,1.1515621825485172e+18,2.345463873935727e+18,2.934357002474526e+17,-0.001085336964766065,7.571721027943568e-14,0,0.8578584168220857,2.036561271490979e+19,2048,power,p0,2.0,0.5,A1_balanced_q01_q99,R2,R2,1.0,1.0,2,65,0.8282877070561177,0.05654444080169763,0.11516785214218468,0.0,2.863515851274297,0.3051267920630369,10.413247960966686,0.0017442346276350662,0.001486126950565431,sQ_2,True,False,True,False
0.35211962269734787,8.007444816623753,0.1115116258349447,0.016961507846929666,0.6303215467235005,0.5611627867660474,0.1115116258349447,1.0,0.5047584537832859,0.6928459932008927,1.171408888986622,2.8612466591444754,1.691747068559634e+19,1.1548993321367101e+18,2.3496701769588255e+18,2.934357002474526e+17,-0.0013279192512143378,7.860379014346108e-14,0,0.8580057771302882,2.042204019469187e+19,2048,power,p0,2.0,0.5,A1_balanced_q01_q99,R2,R2,1.0,1.0,2,65,0.8283927817355661,0.05655161389981464,0.11505560436461953,2.0056762012762264e-16,2.8630174325658304,0.3055082344337948,10.429062704398667,0.0017707734213550097,0.0015093795759470107,sQ_2,True,False,True,False
0.352507906497084,8.02180329955216,0.1115116258349447,0.016961507846929666,0.6303215467235005,0.5611627867660474,0.1115116258349447,1.0,0.5045693578265877,0.6924986613962065,1.1708841946690889,2.8607219648269426,1.6966494524739197e+19,1.1582460262221957e+18,2.3538834684514135e+18,2.934357002474526e+17,-0.001570079948561287,7.349676423018536e-14,0,0.8581530107252706,2.0478624019412804e+19,2048,power,p0,2.0,0.5,A1_balanced_q01_q99,R2,R2,1.0,1.0,2,65,0.8284977793750075,0.056558781738667165,0.11494343888632552,2.0001343821328906e-16,2.8625192255177963,0.30589015364987066,10.444901465899829,0.0017972606908536193,0.0015326077534861433,sQ_2,True,False,True,False
0.35289666315315754,8.036185635379807,0.1115116258349447,0.016961507846929666,0.6303215467235005,0.5611627867660474,0.1115116258349447,1.0,0.5043803109921837,0.6921515493690561,1.17035976336966,2.8601975335275136,1.7015658571229227e+19,1.1616022917959153e+18,2.358103759236194e+18,2.934357002474526e+17,-0.0018118195855123254,7.416289804496046e-14,0,0.8583001176708607,2.0535364622261334e+19,2048,power,p0,2.0,0.5,A1_balanced_q01_q99,R2,R2,1.0,1.0,2,65,0.8286026999872905,0.056565944319132366,0.11483135569357725,0.0,2.862021230040307,0.30627255030737566,10.460764281946766,0.0018236965127935711,0.001555811504947078,sQ_2,True,False,True,False
0.3532858932630142,8.050591861044136,0.1115116258349447,0.016961507846929666,0.6303215467235005,0.5611627867660474,0.1115116258349447,1.0,0.5041913132888928,0.6918046569404919,1.169835594921926,2.8596733650797796,1.7064963221549576e+19,1.1649681559244513e+18,2.362331060151929e+18,2.934357002474526e+17,-0.0020531386902885307,7.30526750203353e-14,0,0.8584470980309111,2.059226243762596e+19,2048,power,p0,2.0,0.5,A1_balanced_q01_q99,R2,R2,1.0,1.0,2,65,0.8287075435853353,0.056573101642092234,0.1147193547725724,1.9890966388014913e-16,2.8615234460435204,0.3066554250031627,10.47665118907135,0.00185008096374073,0.0015789908520834912,sQ_2,True,False,True,False
0.35367559742484994,8.06502201353783,0.1115116258349447,0.016961507846929666,0.6303215467235005,0.5611627867660474,0.1115116258349447,1.0,0.5040023647255194,0.6914579839317131,1.1693116891596085,2.859149459317462,1.7114408873295348e+19,1.1683436457502958e+18,2.366565382053593e+18,2.934357002474526e+17,-0.002294037790627479,7.16093850883226e-14,0,0.8585939518693246,2.0649317901099237e+19,2048,power,p0,2.0,0.5,A1_balanced_q01_q99,R2,R2,1.0,1.0,2,65,0.8288123101821337,0.05658025370843366,0.11460743610943257,0.0,2.861025873437625,0.30703877833483295,10.492562223861103,0.0018764141201632611,0.0016021458166355744,sQ_2,True,False,True,False
0.3540657762376153,8.079476129908562,0.1115116258349447,0.016961507846929666,0.6303215467235005,0.5611627867660474,0.1115116258349447,1.0,0.5038134653108508,0.6911115301640757,1.168788045916566,2.8586258160744196,1.7163995925176154e+19,1.1717287884920253e+18,2.370806735812297e+18,2.934357002474526e+17,-0.0025345174137842985,7.682743330406083e-14,0,0.8587406792500312,2.0706531449480475e+19,2048,power,p0,2.0,0.5,A1_balanced_q01_q99,R2,R2,1.0,1.0,2,65,0.8289169997907495,0.056587400519048495,0.11449559969020212,1.978119807266305e-16,2.860528512132852,0.30742261090073464,10.508497422959039,0.001902696058432518,0.00162527642033183,sQ_2,True,False,True,False
0.35445643030101265,8.093954247259228,0.1115116258349447,0.016961507846929666,0.6303215467235005,0.5611627867660474,0.1115116258349447,1.0,0.5036246150536593,0.6907652954590893,1.1682646650267934,2.858102435184647,1.7213724777019355e+19,1.1751236114445215e+18,2.3750551323153546e+18,2.934357002474526e+17,-0.002774578086530338,7.205347429817266e-14,0,0.8588872802370002,2.076390352077923e+19,2048,power,p0,2.0,0.5,A1_balanced_q01_q99,R2,R2,1.0,1.0,2,65,0.8290216124243172,0.056594542074833394,0.1143838455008494,0.0,2.8600313620394697,0.30780692329996273,10.524456823063867,0.001928926854822599,0.0016483826848863322,sQ_2,True,False,True,False
0.35484756021549696,8.108456402748024,0.1115116258349447,0.016961507846929666,0.6303215467235005,0.5611627867660474,0.1115116258349447,1.0,0.5034358139627022,0.6904192796384163,1.1677415463244194,2.8575793164822727,1.7263595829773167e+19,1.1785281419791816e+18,2.379310582466307e+18,2.934357002474526e+17,-0.003014220335153278,7.227551890309769e-14,0,0.8590337548942415,2.0821434554218656e+19,2048,power,p0,2.0,0.5,A1_balanced_q01_q99,R2,R2,1.0,1.0,2,65,0.8291261480960431,0.056601678376689876,0.11427217352726698,0.0,2.8595344230677835,0.3081917161323641,10.540440460929915,0.0019551065855107908,0.0016714646320024288,sQ_2,True,False,True,False
0.355239166582271,8.122982633588652,0.1115116258349447,0.016961507846929666,0.6303215467235005,0.5611627867660474,0.1115116258349447,1.0,0.5032470620467244,0.6900734825238699,1.167218689643708,2.8570564598015613,1.7313609485509763e+19,1.181942407544133e+18,2.383573097184983e+18,2.934357002474526e+17,-0.003253444685454937,7.738254481637341e-14,0,0.8591801032858224,2.087912499023888e+19,2048,power,p0,2.0,0.5,A1_balanced_q01_q99,R2,R2,1.0,1.0,2,65,0.8292306068192026,0.05660880942552423,0.11416058375527319,1.961768034778711e-16,2.859037695128138,0.3085769899985317,10.556448373367475,0.0019812353265766802,0.0016945222833696213,sQ_2,True,False,True,False
0.3556312500033086,8.137532977049952,0.1115116258349447,0.016961507846929666,0.6303215467235005,0.5611627867660474,0.1115116258349447,1.0,0.5030583593144479,0.6897279039374239,1.1666960948190586,2.856533864976912,1.7363766147428518e+19,1.1853664356644534e+18,2.38784268740739e+18,2.934357002474526e+17,-0.003492251662760959,7.382983113757291e-14,0,0.8593263254758028,2.093697527050036e+19,2048,power,p0,2.0,0.5,A1_balanced_q01_q99,R2,R2,1.0,1.0,2,65,0.8293349886071462,0.056615935222247844,0.11404907617060603,0.0,2.858541178130915,0.30896274549981323,10.572480597242603,0.002007313154003043,0.0017175556606653715,sQ_2,True,False,True,False
0.35602381108132386,8.152107470456619,0.1115116258349447,0.016961507846929666,0.6303215467235005,0.5611627867660474,0.1115116258349447,1.0,0.5028697057745868,0.6893825437011977,1.1661737616850048,2.8560115318428583,1.7414066219858977e+19,1.1888002539423726e+18,2.3921193640859274e+18,2.934357002474526e+17,-0.003730641791907935,7.693845560652335e-14,0,0.8594724215283249,2.0994985837887275e+19,2048,power,p0,2.0,0.5,A1_balanced_q01_q99,R2,R2,1.0,1.0,2,65,0.8294392934732913,0.056623055767776674,0.11393765075893218,1.9509420161686473e-16,2.858044871986536,0.30934898323830357,10.588537169477496,0.00203334014367762,0.0017405647855542551,sQ_2,True,False,True,False
0.3564168504198,8.166706151188734,0.1115116258349447,0.016961507846929666,0.6303215467235005,0.5611627867660474,0.1115116258349447,1.0,0.5026811014358342,0.68903740163747,1.1656516900762157,2.855489460234069,1.7464510108264172e+19,1.192243890057501e+18,2.396403138189245e+18,2.934357002474526e+17,-0.003968615597254754,7.494005416219807e-14,0,0.859618391507537,2.105315713651092e+19,2048,power,p0,2.0,0.5,A1_balanced_q01_q99,R2,R2,1.0,1.0,2,65,0.829543521431129,0.056630171063031746,0.1138263075058392,0.0,2.8575487766054577,0.3097357038168554,10.604618127050259,0.0020593163713886753,0.0017635496796878718,sQ_2,True,False,True,False
0.35681036862296717,8.181329056682314,0.1115116258349447,0.016961507846929666,0.6303215467235005,0.5611627867660474,0.1115116258349447,1.0,0.5024925463068728,0.6886924775686667,1.165129879827494,2.8549676499853476,1.7515098219243651e+19,1.1956973717670333e+18,2.4006940207024056e+18,2.934357002474526e+17,-0.004206173602673585,7.37188088351104e-14,0,0.8597642354776545,2.111148961171309e+19,2048,power,p0,2.0,0.5,A1_balanced_q01_q99,R2,R2,1.0,1.0,2,65,0.8296476724942191,0.056637281108938696,0.11371504639684218,0.0,2.857052891898178,0.310122907839071,10.620723506995287,0.0020852419128303268,0.0017865103647059,sQ_2,True,False,True,False
0.3572043662958237,8.195976224428977,0.1115116258349447,0.016961507846929666,0.6303215467235005,0.5611627867660474,0.1115116258349447,1.0,0.5023040403963654,0.6883477713173715,1.1646083307737776,2.8544461009316313,1.7565830960536742e+19,1.1991607269059748e+18,2.4049920226267894e+18,2.934357002474526e+17,-0.004443316331558422,7.482903185973555e-14,0,0.8599099535029049,2.1169983710069506e+19,2048,power,p0,2.0,0.5,A1_balanced_q01_q99,R2,R2,1.0,1.0,2,65,0.8297517466761938,0.05664438590642815,0.11360386741737806,0.0,2.856557217775231,0.3105105959093077,10.636853346403205,0.0021111168435998806,0.0018094468622350554,sQ_2,True,False,True,False
0.3575988440441268,8.210647691976309,0.1115116258349447,0.016961507846929666,0.6303215467235005,0.5611627867660474,0.1115116258349447,1.0,0.5021155837129602,0.6880032827063185,1.1640870427501364,2.85392481290799,1.7616708741025835e+19,1.2026339833873636e+18,2.409297154980199e+18,2.934357002474526e+17,-0.004680044306821202,7.283063041541027e-14,0,0.8600555456475605,2.1228639879393395e+19,2048,power,p0,2.0,0.5,A1_balanced_q01_q99,R2,R2,1.0,1.0,2,65,0.8298557439907559,0.05665148545643559,0.1134927705528087,1.9294688794339483e-16,2.8560617541471878,0.31089876863268173,10.653007682420942,0.0021369412391978315,0.0018323591938897677,sQ_2,True,False,True,False
0.3579938024743903,8.225343496927742,0.1115116258349447,0.016961507846929666,0.6303215467235005,0.5611627867660474,0.1115116258349447,1.0,0.5019271762652912,0.6876590115583977,1.1635660155917804,2.853403785749634,1.7667731970738964e+19,1.2061171692024468e+18,2.4136094287968225e+18,2.934357002474526e+17,-0.004916358050890052,6.838973831690964e-14,0,0.860201011975932,2.1287458568738234e+19,2048,power,p0,2.0,0.5,A1_balanced_q01_q99,R2,R2,1.0,1.0,2,65,0.8299596644516771,0.05665857975990117,0.11338175578842166,0.0,2.855566500924661,0.3112874266150605,10.669186552251759,0.0021627151750269746,0.0018552473812705613,sQ_2,True,False,True,False
0.358389242193888,8.240063676942995,0.1115116258349447,0.016961507846929666,0.6303215467235005,0.5611627867660474,0.1115116258349447,1.0,0.5017388180619783,0.6873149576966457,1.1630452491340477,2.8528830192919012,1.7718901060853895e+19,1.2096103124209592e+18,2.4179288551273667e+18,2.934357002474526e+17,-0.00515225808571157,7.427392034742297e-14,0,0.8603463525523825,2.134644022840222e+19,2048,power,p0,2.0,0.5,A1_balanced_q01_q99,R2,R2,1.0,1.0,2,65,0.8300635080728003,0.05666566881776983,0.11327082310942992,0.0,2.8550714580182976,0.3116765704630741,10.685389993155498,0.0021884387263964022,0.001878111445966644,sQ_2,True,False,True,False
0.35878516381066755,8.254808269737627,0.1115116258349447,0.016961507846929666,0.6303215467235005,0.5611627867660474,0.1115116258349447,1.0,0.5015505091116202,0.6869711209442588,1.1625247432124133,2.8523625133702666,1.7770216423700806e+19,1.2131134411913083e+18,2.4222554450389233e+18,2.934357002474526e+17,-0.005387744932755512,7.249756350802272e-14,0,0.860491567441279,2.1405585309931037e+19,2048,power,p0,2.0,0.5,A1_balanced_q01_q99,R2,R2,1.0,1.0,2,65,0.8301672748680403,0.05667275263099155,0.11315997250096813,0.0,2.854576625338785,0.31206620078410746,10.701618042448626,0.002214111968518395,0.001900951409553716,sQ_2,True,False,True,False
0.3591815679335297,8.269577313083625,0.1115116258349447,0.016961507846929666,0.6303215467235005,0.5611627867660474,0.1115116258349447,1.0,0.5013622494228055,0.6866275011245806,1.1620044976624841,2.851842267820338,1.782167847276553e+19,1.2166265837407936e+18,2.426589209615141e+18,2.934357002474526e+17,-0.0056228191130063,7.038813976123492e-14,0,0.8606366567070538,2.146489426612146e+19,2048,power,p0,2.0,0.5,A1_balanced_q01_q99,R2,R2,1.0,1.0,2,65,0.8302709648513804,0.05667983120052091,0.11304920394809877,0.0,2.8540820027968463,0.312456318186306,10.717870737504239,0.002239734976508423,0.0019237672935961715,sQ_2,True,False,True,False
0.35957845517204523,8.284370844809184,0.1115116258349447,0.016961507846929666,0.6303215467235005,0.5611627867660474,0.1115116258349447,1.0,0.501174039004104,0.6862840980611093,1.1614845123200028,2.8513222824778564,1.7873287622692905e+19,1.2201497683758356e+18,2.430930159956163e+18,2.934357002474526e+17,-0.005857481146970239,7.260858581048524e-14,0,0.8607816204141627,2.1524367551024902e+19,2048,power,p0,2.0,0.5,A1_balanced_q01_q99,R2,R2,1.0,1.0,2,65,0.8303745780368749,0.056686904527317325,0.11293851743580786,1.9029595133469859e-16,2.853587590303244,0.31284692327857416,10.734148115752253,0.002265307825387808,0.0019465591196437704,sQ_2,True,False,True,False
0.24077812432832155,7.8097678160361035,0.0,-0.09455011798801503,0.5611627867660474,0.5611627867660474,0.1115116258349447,0.0,0.5743889595617186,0.697710365803994,1.2720993253657127,2.961937095523566,1.128252747710919e+19,1.5404410848746417e+18,0.0,0.0,0.00840407465666676,2.220446049250313e-16,0,0.9999999999999996,1.2822968561983832e+19,4096,power,p0,2.0,0.5,A1_balanced_q01_q99,R0,R0,0.0,0.0,2,65,0.8798686062881277,0.12013139371187237,0.0,0.0,2.961937095523566,0.24077812432832155,7.8097678160361035,0.0,0.0,sQ_2,True,False,False,False
0.24107912371926135,7.821628618231233,0.0,-0.09455011798801503,0.5611627867660474,0.5611627867660474,0.1115116258349447,0.0,0.5741450373074076,0.6974140734006491,1.2715591107080568,2.9613968808659106,1.1313788240044095e+19,1.5447092210406874e+18,0.0,0.0,0.008075148035910584,1.7763568394002505e-15,0,0.9999999999999993,1.2858497461084783e+19,4096,power,p0,2.0,0.5,A1_balanced_q01_q99,R0,R0,0.0,0.0,2,65,0.8798686062881277,0.12013139371187237,0.0,0.0,2.9613968808659106,0.24107912371926135,7.821628618231233,0.0,0.0,sQ_2,True,False,False,False
0.24138049939286427,7.833507433590406,0.0,-0.09455011798801503,0.5611627867660474,0.5611627867660474,0.1115116258349447,0.0,0.5739012186380703,0.6971179068219906,1.271019125460061,2.9608568956179147,1.13451356179066e+19,1.5489891830315144e+18,0.0,0.0,0.007746905319021058,1.3322676295501878e-15,0,0.999999999999998,1.2894124800938115e+19,4096,power,p0,2.0,0.5,A1_balanced_q01_q99,R0,R0,0.0,0.0,2,65,0.8798686062881276,0.12013139371187234,0.0,0.0,2.9608568956179147,0.24138049939286427,7.833507433590406,0.0,0.0,sQ_2,True,False,False,False
0.24168225181952177,7.84540428947044,0.0,-0.09455011798801503,0.5611627867660474,0.5611627867660474,0.1115116258349447,0.0,0.5736575035097206,0.6968218660145861,1.2704793695243066,2.96031713968216,1.1376569850682505e+19,1.5532810036131848e+18,0.0,0.0,0.007419345305263225,4.440892098500626e-16,0,0.999999999999998,1.2929850854295691e+19,4096,power,p0,2.0,0.5,A1_balanced_q01_q99,R0,R0,0.0,0.0,2,65,0.8798686062881276,0.12013139371187236,0.0,1.5839316501625322e-16,2.96031713968216,0.24168225181952177,7.84540428947044,0.0,0.0,sQ_2,True,False,False,False
0.24198438147021772,7.8573192132697605,0.0,-0.09455011798801503,0.5611627867660474,0.5611627867660474,0.1115116258349447,0.0,0.5734138918783878,0.696525950925024,1.2699398428034119,2.9597776129612656,1.1408091179022844e+19,1.5575847156425859e+18,0.0,0.0,0.007092466795930563,4.440892098500626e-16,0,0.9999999999999982,1.2965675894665431e+19,4096,power,p0,2.0,0.5,A1_balanced_q01_q99,R0,R0,0.0,0.0,2,65,0.8798686062881276,0.12013139371187237,0.0,1.579555139769169e-16,2.9597776129612656,0.24198438147021772,7.8573192132697605,0.0,0.0,sQ_2,True,False,False,False
0.24228688881652624,7.869252232428297,0.0,-0.09455011798801503,0.5611627867660474,0.5611627867660474,0.1115116258349447,0.0,0.5731703837001189,0.6962301614999183,1.2694005452000372,2.959238315357891,1.1439699844245336e+19,1.5619003520676298e+18,0.0,0.0,0.00676626859434476,2.220446049250313e-16,0,1.0,1.3001600196312965e+19,4096,power,p0,2.0,0.5,A1_balanced_q01_q99,R0,R0,0.0,0.0,2,65,0.8798686062881277,0.12013139371187237,0.0,0.0,2.959238315357891,0.24228688881652624,7.869252232428297,0.0,0.0,sQ_2,True,False,False,False
0.24258977433060777,7.881203374427818,0.0,-0.09455011798801503,0.5611627867660474,0.5611627867660474,0.1115116258349447,0.0,0.5729269789309818,0.6959344976859014,1.268861476616883,2.958699246774737,1.1471396088336413e+19,1.5662279459275315e+18,0.0,0.0,0.006440749505855492,2.220446049250313e-16,0,0.9999999999999991,1.3037624034263945e+19,4096,power,p0,2.0,0.5,A1_balanced_q01_q99,R0,R0,0.0,0.0,2,65,0.8798686062881276,0.12013139371187236,0.0,0.0,2.958699246774737,0.24258977433060777,7.881203374427818,0.0,0.0,sQ_2,True,False,False,False
0.2428930384852133,7.893172666791628,0.0,-0.09455011798801503,0.5611627867660474,0.5611627867660474,0.1115116258349447,0.0,0.5726836775270631,0.6956389594296334,1.2683226369566964,2.95816040711455,1.1503180153952717e+19,1.5705675303530107e+18,0.0,0.0,0.0061159083378353185,2.220446049250313e-16,0,0.9999999999999993,1.3073747684305725e+19,4096,power,p0,2.0,0.5,A1_balanced_q01_q99,R0,R0,0.0,0.0,2,65,0.8798686062881278,0.12013139371187237,0.0,1.5664980305979937e-16,2.95816040711455,0.2428930384852133,7.893172666791628,0.0,0.0,sQ_2,True,False,False,False
0.24319668175368594,7.905160137084984,0.0,-0.09455011798801503,0.5611627867660474,0.5611627867660474,0.1115116258349447,0.0,0.5724404794444667,0.6953435466777932,1.26778402612226,2.9576217962801135,1.1535052284423485e+19,1.5749191385666202e+18,0.0,0.0,0.00579174389967424,1.3322676295501878e-15,0,0.999999999999998,1.3109971422990107e+19,4096,power,p0,2.0,0.5,A1_balanced_q01_q99,R0,R0,0.0,0.0,2,65,0.8798686062881276,0.12013139371187237,0.0,0.0,2.9576217962801135,0.24319668175368594,7.905160137084984,0.0,0.0,sQ_2,True,False,False,False
0.24350070460996054,7.9171658129150115,0.0,-0.09455011798801503,0.5611627867660474,0.5611627867660474,0.1115116258349447,0.0,0.5721973846393158,0.6950482593770823,1.267245644016398,2.9570834141742512,1.1567012723752178e+19,1.579282803882964e+18,0.0,0.0,0.005468255002777533,3.3306690738754696e-16,0,0.9999999999999987,1.3146295527635143e+19,4096,power,p0,2.0,0.5,A1_balanced_q01_q99,R0,R0,0.0,0.0,2,65,0.8798686062881276,0.12013139371187236,0.0,1.5578533098505583e-16,2.9570834141742512,0.24350070460996054,7.9171658129150115,0.0,0.0,sQ_2,True,False,False,False
0.24380510752856321,7.929189721930606,0.0,-0.09455011798801503,0.5611627867660474,0.5611627867660474,0.1115116258349447,0.0,0.5719543930677525,0.6947530974742286,1.266707490541981,2.9565452606998344,1.1599061716618017e+19,1.5836585597089134e+18,0.0,0.0,0.005145440460564699,1.1102230246251565e-15,0,0.9999999999999973,1.3182720276326932e+19,4096,power,p0,2.0,0.5,A1_balanced_q01_q99,R0,R0,0.0,0.0,2,65,0.8798686062881275,0.12013139371187236,0.0,1.5535488556771751e-16,2.9565452606998344,0.24380510752856321,7.929189721930606,0.0,0.0,sQ_2,True,False,False,False
0.24410989098461283,7.941231891822865,0.0,-0.09455011798801503,0.5611627867660474,0.5611627867660474,0.1115116258349447,0.0,0.5717115046859385,0.694458060915978,1.2661695656019165,2.95600733575977,1.163119950837846e+19,1.588046439543939e+18,0.0,0.0,0.004823299088463573,1.4432899320127035e-15,0,0.9999999999999978,1.32192459479224e+19,4096,power,p0,2.0,0.5,A1_balanced_q01_q99,R0,R0,0.0,0.0,2,65,0.8798686062881277,0.12013139371187236,0.0,0.0,2.95600733575977,0.24410989098461283,7.941231891822865,0.0,0.0,sQ_2,True,False,False,False
0.24441505545382788,7.953292350324753,0.0,-0.09455011798801503,0.5611627867660474,0.5611627867660474,0.1115116258349447,0.0,0.5714687194500491,0.6941631496491026,1.2656318690991517,2.9554696392570055,1.1663426345070776e+19,1.5924464769803302e+18,0.0,0.0,0.004501829703902893,1.1102230246251565e-16,0,0.9999999999999998,1.3255872822051107e+19,4096,power,p0,2.0,0.5,A1_balanced_q01_q99,R0,R0,0.0,0.0,2,65,0.8798686062881276,0.12013139371187237,0.0,0.0,2.9554696392570055,0.24441505545382788,7.953292350324753,0.0,0.0,sQ_2,True,False,False,False
0.24472060141251237,7.965371125211458,0.0,-0.09455011798801503,0.5611627867660474,0.5611627867660474,0.1115116258349447,0.0,0.5712260373162857,0.6938683636203954,1.2650944009366811,2.9549321710945344,1.169574247341365e+19,1.5968587057034104e+18,0.0,0.0,0.004181031126321455,1.6653345369377348e-15,0,0.9999999999999982,1.329260117911706e+19,4096,power,p0,2.0,0.5,A1_balanced_q01_q99,R0,R0,0.0,0.0,2,65,0.8798686062881277,0.12013139371187237,0.0,0.0,2.9549321710945344,0.24472060141251237,7.965371125211458,0.0,0.0,sQ_2,True,False,False,False
0.24502652933757316,7.977468244300307,0.0,-0.09455011798801503,0.5611627867660474,0.5611627867660474,0.1115116258349447,0.0,0.5709834582408626,0.6935737027766725,1.2645571610175352,2.954394931175389,1.1728148140809644e+19,1.6012831594918769e+18,0.0,0.0,0.003860902177150183,1.1102230246251565e-16,0,0.9999999999999998,1.332943130030152e+19,4096,power,p0,2.0,0.5,A1_balanced_q01_q99,R0,R0,0.0,0.0,2,65,0.8798686062881277,0.12013139371187237,0.0,0.0,2.954394931175389,0.24502652933757316,7.977468244300307,0.0,0.0,sQ_2,True,False,False,False
0.24533283970650996,7.989583735450913,0.0,-0.09455011798801503,0.5611627867660474,0.5611627867660474,0.1115116258349447,0.0,0.5707409821800151,0.6932791670647722,1.2640201492447873,2.953857919402641,1.1760643595346706e+19,1.6057198722180037e+18,0.0,0.0,0.0035414416798185133,3.3306690738754696e-16,0,0.9999999999999984,1.3366363467564712e+19,4096,power,p0,2.0,0.5,A1_balanced_q01_q99,R0,R0,0.0,0.0,2,65,0.8798686062881275,0.12013139371187234,0.0,1.5322043313948097e-16,2.953857919402641,0.24533283970650996,7.989583735450913,0.0,0.0,sQ_2,True,False,False,False
0.2456395329974204,8.001717626565236,0.0,-0.09455011798801503,0.5611627867660474,0.5611627867660474,0.1115116258349447,0.0,0.5704986090899965,0.6929847564315539,1.2634833655215503,2.9533211356794036,1.179322908580027e+19,1.6101688778479304e+18,0.0,0.0,0.0032226484597464577,1.1102230246251565e-16,0,0.9999999999999993,1.3403397963648203e+19,4096,power,p0,2.0,0.5,A1_balanced_q01_q99,R0,R0,0.0,0.0,2,65,0.8798686062881275,0.12013139371187236,0.0,1.527970747085514e-16,2.9533211356794036,0.2456395329974204,8.001717626565236,0.0,0.0,sQ_2,True,False,False,False
0.24594660968899862,8.013869945587453,0.0,-0.09455011798801503,0.5611627867660474,0.5611627867660474,0.1115116258349447,0.0,0.5702563389270792,0.692690470823904,1.262946809750983,2.952784579908837,1.1825904861634763e+19,1.6146302104418665e+18,0.0,0.0,0.002904521344344657,1.4432899320127035e-15,0,0.9999999999999978,1.344053507207663e+19,4096,power,p0,2.0,0.5,A1_balanced_q01_q99,R0,R0,0.0,0.0,2,65,0.8798686062881276,0.12013139371187237,0.0,0.0,2.952784579908837,0.24594660968899862,8.013869945587453,0.0,0.0,sQ_2,True,False,False,False
0.24625407026053703,8.026040720504378,0.0,-0.09455011798801503,0.5611627867660474,0.5611627867660474,0.1115116258349447,0.0,0.5700141716475547,0.6923963101887258,1.2624104818362807,2.952248251994134,1.1858671173006098e+19,1.6191039041544325e+18,0.0,0.0,0.002587059163008165,1.2212453270876722e-15,0,0.9999999999999973,1.347777507716053e+19,4096,power,p0,2.0,0.5,A1_balanced_q01_q99,R0,R0,0.0,0.0,2,65,0.8798686062881277,0.12013139371187236,0.0,0.0,2.952248251994134,0.24625407026053703,8.026040720504378,0.0,0.0,sQ_2,True,False,False,False
0.2465619151919325,8.038229979345159,0.0,-0.09455011798801503,0.5611627867660474,0.5611627867660474,0.1115116258349447,0.0,0.569772107207729,0.6921022744729503,1.2618743816806792,2.9517121518385325,1.1891528270763303e+19,1.6235899932348828e+18,0.0,0.0,0.002270260747110564,1.1102230246251565e-16,0,1.0,1.3515118263998185e+19,4096,power,p0,2.0,0.5,A1_balanced_q01_q99,R0,R0,0.0,0.0,2,65,0.8798686062881277,0.12013139371187236,0.0,0.0,2.9517121518385325,0.2465619151919325,8.038229979345159,0.0,0.0,sQ_2,True,False,False,False
0.24687014496367263,8.050437750181613,0.0,-0.09455011798801503,0.5611627867660474,0.5611627867660474,0.1115116258349447,0.0,0.5695301455639332,0.6918083636235278,1.261338509187461,2.9511762793453142,1.1924476406450143e+19,1.6280885120273262e+18,0.0,0.0,0.001954124930011236,1.4432899320127035e-15,0,0.9999999999999982,1.3552564918477472e+19,4096,power,p0,2.0,0.5,A1_balanced_q01_q99,R0,R0,0.0,0.0,2,65,0.8798686062881275,0.12013139371187234,0.0,1.5111530638807502e-16,2.9511762793453142,0.24687014496367263,8.050437750181613,0.0,0.0,sQ_2,True,False,False,False
0.24717876005685344,8.06266406112814,0.0,-0.09455011798801503,0.5611627867660474,0.5611627867660474,0.1115116258349447,0.0,0.5692882866725117,0.6915145775874327,1.2608028642599445,2.9506406344177982,1.1957515832307649e+19,1.632599494971071e+18,0.0,0.0,0.0016386505470387114,1.1102230246251565e-16,0,0.9999999999999996,1.359011532727872e+19,4096,power,p0,2.0,0.5,A1_balanced_q01_q99,R0,R0,0.0,0.0,2,65,0.8798686062881277,0.12013139371187237,0.0,0.0,2.9506406344177982,0.24717876005685344,8.06266406112814,0.0,0.0,sQ_2,True,False,False,False
0.24748776095316874,8.074908940341885,0.0,-0.09455011798801503,0.5611627867660474,0.5611627867660474,0.1115116258349447,0.0,0.5690465304898296,0.6912209163116608,1.2602674468014903,2.9501052169593436,1.1990646801275625e+19,1.637122976600832e+18,0.0,0.0,0.0013238364354964671,3.3306690738754696e-16,0,0.9999999999999991,1.3627769777876455e+19,4096,power,p0,2.0,0.5,A1_balanced_q01_q99,R0,R0,0.0,0.0,2,65,0.8798686062881278,0.12013139371187237,0.0,1.5028137643804028e-16,2.9501052169593436,0.24748776095316874,8.074908940341885,0.0,0.0,sQ_2,True,False,False,False
0.24779714813491582,8.087172416022778,0.0,-0.09455011798801503,0.5611627867660474,0.5611627867660474,0.1115116258349447,0.0,0.5688048769722699,0.6909273797432298,1.2597322567154996,2.949570026873353,1.2023869566994809e+19,1.6416589915470244e+18,0.0,0.0,0.0010096814346552685,1.1102230246251565e-16,0,0.9999999999999993,1.3665528558541832e+19,4096,power,p0,2.0,0.5,A1_balanced_q01_q99,R0,R0,0.0,0.0,2,65,0.8798686062881277,0.12013139371187236,0.0,0.0,2.949570026873353,0.24779714813491582,8.087172416022778,0.0,0.0,sQ_2,True,False,False,False
0.24810692208499335,8.099454516413433,0.0,-0.09455011798801503,0.5611627867660474,0.5611627867660474,0.1115116258349447,0.0,0.5685633260762352,0.6906339678291832,1.2591972939054183,2.949035064063272,1.2057184383808412e+19,1.646207574535975e+18,0.0,0.0,0.0006961843857536121,3.3306690738754696e-16,0,0.999999999999998,1.3703391958344385e+19,4096,power,p0,2.0,0.5,A1_balanced_q01_q99,R0,R0,0.0,0.0,2,65,0.8798686062881278,0.12013139371187237,0.0,1.4945204853116054e-16,2.949035064063272,0.24810692208499335,8.099454516413433,0.0,0.0,sQ_2,True,False,False,False
0.24841708328690434,8.111755269799533,0.0,-0.09455011798801503,0.5611627867660474,0.5611627867660474,0.1115116258349447,0.0,0.5683218777581461,0.6903406805165828,1.2586625582747288,2.9485003284325826,1.2090591506764655e+19,1.6507687603902674e+18,0.0,0.0,0.00038334413199056505,1.1102230246251565e-16,0,0.9999999999999998,1.374136026715492e+19,4096,power,p0,2.0,0.5,A1_balanced_q01_q99,R0,R0,0.0,0.0,2,65,0.8798686062881278,0.12013139371187237,0.0,1.4903910240205268e-16,2.9485003284325826,0.24841708328690434,8.111755269799533,0.0,0.0,sQ_2,True,False,False,False
0.24872763222475858,8.124074704509635,0.0,-0.09455011798801503,0.5611627867660474,0.5611627867660474,0.1115116258349447,0.0,0.56808053197444,0.6900475177525152,1.2581280497269551,2.947965819884809,1.212409119161842e+19,1.6553425840289684e+18,0.0,0.0,7.115951852254554e-05,1.1102230246251565e-16,0,0.9999999999999996,1.377943377564739e+19,4096,power,p0,2.0,0.5,A1_balanced_q01_q99,R0,R0,0.0,0.0,2,65,0.8798686062881276,0.12013139371187236,0.0,0.0,2.947965819884809,0.24872763222475858,8.124074704509635,0.0,0.0,sQ_2,True,False,False,False
0.24936374907107417,8.116680356271921,0.0008706477134078793,-0.09367947027460716,0.5617027566191298,0.5611627867660474,0.1115116258349447,0.0078076855833541445,0.567587426582706,0.6902234110374595,1.2575936635362377,2.947431433694091,1.214403506190905e+19,1.6580655871193155e+18,1.5512126272430466e+16,1911141697288096.0,0.0,1.8318679906315083e-14,0,0.9986951114715659,1.3817612775300794e+19,4096,power,p0,2.0,0.5,A1_balanced_q01_q99,R1,R1,0.0078076855833541445,0.0078076855833541445,3,65,0.878880835596776,0.11999653008681314,0.0011226343164109102,0.0,2.94743153832352,0.24903856938326757,8.136412848915247,1.0462942867661695e-07,8.319811301799425e-08,sQ_2,True,False,True,False
0.25009552928670165,8.103619826995594,0.0019957866905347833,-0.09255433129748025,0.5624005602414451,0.5611627867660474,0.1115116258349447,0.017897566066240225,0.5670222454779253,0.6905345903754887,1.257059163526194,2.9468969336840476,1.2160074538624037e+19,1.660255510340135e+18,3.5567509437898916e+16,4389089098110556.5,3.608224830031759e-16,1.2212453270876722e-15,0,0.9970141498698906,1.385589755840207e+19,4096,power,p0,2.0,0.5,A1_balanced_q01_q99,R1,R1,0.017897566066240225,0.017897566066240225,3,65,0.8776100203808375,0.11982302144933032,0.0025669581698322497,0.0,2.9468974836523207,0.24934989524774964,8.148769731431123,5.499682731446853e-07,4.3750369808438737e-07,sQ_2,True,False,True,False
0.25082671747707525,8.090744743702663,0.003117609602632405,-0.09143250838538262,0.5630963072625438,0.5611627867660474,0.1115116258349447,0.027957709156236077,0.5664597305666488,0.6908419802184728,1.256524543203945,2.9463623133617984,1.2176249676047036e+19,1.662463955769622e+18,5.557478623135326e+16,6868933329605937.0,-1.5103931716442531e-09,1.9984014443252818e-15,0,0.9953441100902158,1.389428841804801e+19,4096,power,p0,2.0,0.5,A1_balanced_q01_q99,R1,R1,0.027957709156236077,0.027957709156236077,3,65,0.876349281783346,0.11965088860615283,0.003999829610501269,1.4739869638374188e-16,2.9463636557748583,0.24966161030413309,8.161145380515071,1.3424130598238548e-06,1.0683528890347693e-06,sQ_2,True,False,True,False
0.2515573481514179,8.07805116753351,0.004236195834914363,-0.09031392215310068,0.5637900469166011,0.5611627867660474,0.1115116258349447,0.03798882675412356,0.5658998350775758,0.6911456501279263,1.2559898052085692,2.9458275753664225,1.219255877961717e+19,1.6646906920437307e+18,7.553617648624902e+16,9350792031354844.0,-4.163336342344337e-16,2.220446049250313e-16,0,0.9936847844853709,1.3932785648147149e+19,4096,power,p0,2.0,0.5,A1_balanced_q01_q99,R1,R1,0.03798882675412356,0.03798882675412356,3,65,0.8750984252196973,0.11948010498999599,0.005421469790306736,0.0,2.9458300545948255,0.24997371503894797,8.173539824668099,2.4792284030183964e-06,1.97392008955348e-06,sQ_2,True,False,True,False
0.2522874428194081,8.065535999025915,0.005351590288299996,-0.08919852769971504,0.564481807050865,0.5611627867660474,0.1115116258349447,0.04799132151674676,0.5653425227747848,0.6914456504813102,1.2554549521371403,2.945292722294994,1.220900071297277e+19,1.6669355640112156e+18,9.545326643871904e+16,1.1834708375270664e+16,-8.881784197001252e-16,6.106226635438361e-15,0,0.9920360192126156,1.3971389543422706e+19,4096,power,p0,2.0,0.5,A1_balanced_q01_q99,R1,R1,0.04799132151674676,0.04799132151674676,3,65,0.8738572978033088,0.1193106497267451,0.006832052469946016,1.4658527654925593e-16,2.9452966800159484,0.2502862099393372,8.18595309243456,3.957720954517185e-06,3.1524097871005374e-06,sQ_2,True,False,True,False
0.25301702940276327,8.05319580981452,0.006463855271883597,-0.08808626271613143,0.5651716263090166,0.5611627867660474,0.1115116258349447,0.057965752211802134,0.5647877530238659,0.6917420403475681,1.2549199865458192,2.9447577567036727,1.2225574085988303e+19,1.6691983818736028e+18,1.1532793155247165e+17,1.4320765851976454e+16,-7.882341723774999e-10,2.55351295663786e-15,0,0.9903976367354752,1.4010100399414378e+19,4096,power,p0,2.0,0.5,A1_balanced_q01_q99,R1,R1,0.057965752211802134,0.057965752211802134,3,65,0.8726257298269847,0.11914249964571098,0.008231770527304168,1.4618025150523592e-16,2.944763531942,0.25059909549304993,8.198385212402165,5.775238327121457e-06,4.6020557572176e-06,sQ_2,True,False,True,False
0.2537461373783868,8.041027136209705,0.0075730574801136825,-0.08697706050790135,0.5658595460545041,0.5611627867660474,0.1115116258349447,0.06791271693341676,0.5642354845496235,0.6920348804811192,1.254384910950894,2.9442226811087475,1.2242277458208025e+19,1.6714789489606687e+18,1.3516210531215176e+17,1.680905971620226e+16,-8.604228440844963e-16,1.9984014443252818e-15,0,0.9887694553039736,1.4048918512480846e+19,4096,power,p0,2.0,0.5,A1_balanced_q01_q99,R1,R1,0.06791271693341676,0.06791271693341676,3,65,0.8714035494854762,0.11897563128975032,0.00962081922477348,1.4577634557283452e-16,2.9442306102767883,0.2509123721884482,8.210836213202017,7.92916804082111e-06,6.321120295813604e-06,sQ_2,True,False,True,False
0.2544747891613151,8.029026985822806,0.008679244998632695,-0.08587087298938234,0.5665455961097191,0.5611627867660474,0.1115116258349447,0.07783264689799596,0.563685681939214,0.6923242210904766,1.2538497278297935,2.9436874979876473,1.2259109696326609e+19,1.6737771105384596e+18,1.549573729364967e+17,1.9299645300745844e+16,-3.608224830031759e-16,2.4424906541753444e-15,0,0.9871513228759052,1.4087844179801563e+19,4096,power,p0,2.0,0.5,A1_balanced_q01_q99,R1,R1,0.07783264689799596,0.07783264689799596,3,65,0.8701906082907347,0.11881002438529498,0.010999367323970458,1.4537355565987296e-16,2.9436979149241695,0.251226040514501,8.223306123508612,1.0416936522261722e-05,8.307893480755933e-06,sQ_2,True,False,True,False
0.25520301081556396,8.017192201183477,0.009782475876665904,-0.08476764211134913,0.5672298124764007,0.5611627867660474,0.1115116258349447,0.08772606267211595,0.5631383074959779,0.6926101171060253,1.2533144396220504,2.943152209779904,1.227606952817449e+19,1.6760926929134236e+18,1.7471547829181773e+17,2.179260193687594e+16,4.996003610813204e-16,2.3314683517128287e-15,0,0.9855430747219751,1.4126877699379735e+19,4096,power,p0,2.0,0.5,A1_balanced_q01_q99,R1,R1,0.08772606267211595,0.08772606267211595,3,65,0.868986749188994,0.11864565748927064,0.01236759332173513,1.4497187868271283e-16,2.943165445788036,0.25154010096078966,8.235794972040162,1.323600813174508e-05,1.056069245842829e-05,sQ_2,True,False,True,False
0.2559308243461063,8.005519911912337,0.010882797566000897,-0.08366732042201414,0.5679122245838283,0.5611627867660474,0.1115116258349447,0.09759338978797782,0.5625933270449179,0.6928926172530444,1.2527790487302422,2.9426168188880957,1.2293155862249357e+19,1.6784255470591124e+18,1.9443796073578134e+17,2.4287986648619116e+16,-1.7568101140508219e-09,2.7755575615628914e-15,0,0.9839445637232451,1.416601937004425e+19,4096,power,p0,2.0,0.5,A1_balanced_q01_q99,R1,R1,0.09759338978797782,0.09759338978797782,3,65,0.867791829244898,0.11848251108623675,0.013725659668865325,0.0,2.9426332027723188,0.25185455401751095,8.248302787558384,1.6383884223092338e-05,1.3077860755864002e-05,sQ_2,True,False,True,False
0.2566582607243958,7.994006773614815,0.011980281586577364,-0.08256983640143767,0.568592876788187,0.5611627867660474,0.1115116258349447,0.10743526961314441,0.5620507001693236,0.6931717824485176,1.252243557520901,2.9420813276787543,1.2310367248410102e+19,1.6807754749829258e+18,2.1412676805859475e+17,2.6785912762214064e+16,-5.9674487573602164e-15,1.7763568394002505e-15,0,0.982355609370442,1.4205269491451623e+19,4096,power,p0,2.0,0.5,A1_balanced_q01_q99,R1,R1,0.10743526961314441,0.10743526961314441,3,65,0.8666056814915178,0.1183205623796419,0.015073756128840139,0.0,2.9421011857809978,0.2521694001754672,8.260829598868705,1.9858102243475173e-05,1.58577676192428e-05,sQ_2,True,False,True,False
0.2573853357712572,7.982650369754669,0.013074959333520089,-0.08147515865449495,0.5692717885605222,0.5611627867660474,0.1115116258349447,0.11725198368888595,0.5615103982180226,0.6934476518109556,1.2517079683253787,2.9415457384832324,1.2327702874583136e+19,1.683142365809751e+18,2.3378312369609693e+17,2.928640399708271e+16,-1.964219065175854e-10,6.661338147750939e-16,0,0.9807760919356556,1.4244628364088984e+19,4096,power,p0,2.0,0.5,A1_balanced_q01_q99,R1,R1,0.11725198368888595,0.11725198368888595,3,65,0.8654281852422028,0.11815979489173542,0.01641201986606188,1.437734946573301e-16,2.941569394718085,0.2524846399260817,8.273375434820265,2.3656234852786895e-05,1.889880737102731e-05,sQ_2,True,False,True,False
0.25811207538316155,7.971447742305899,0.014166889202362571,-0.08038322878565246,0.5699489961173506,0.5611627867660474,0.1115116258349447,0.12704405568735824,0.5609723854448946,0.6937202782357335,1.2511722834406958,2.941010053598549,1.2345161523449958e+19,1.6855260533350344e+18,2.5340871249091165e+17,3.1789546978527664e+16,8.326672684688674e-16,3.219646771412954e-15,0,0.979205853882124,1.4284096289275906e+19,4096,power,p0,2.0,0.5,A1_balanced_q01_q99,R1,R1,0.12704405568735824,0.12704405568735824,3,65,0.8642591924221594,0.11800018840537217,0.017740619172468313,1.43376238757056e-16,2.9410378294876383,0.25280027376138725,8.285940324306106,2.7775889089198813e-05,2.219939879449263e-05,sQ_2,True,False,True,False
0.2588385009436076,7.960396237976438,0.01525611776499709,-0.07929400022301794,0.5706245283422466,0.5611627867660474,0.1115116258349447,0.1368119032501474,0.5604366298825867,0.6939897078559152,1.2506365051303534,2.940474275288207,1.2362742174929727e+19,1.687926398283739e+18,2.7300499595349264e+17,3.429540286588693e+16,4.440892098500626e-16,2.1094237467877974e-15,0,0.9776447567567854,1.432367356916696e+19,4096,power,p0,2.0,0.5,A1_balanced_q01_q99,R1,R1,0.1368119032501474,0.1368119032501474,3,65,0.8630985700164013,0.11784172475957268,0.01905970522402586,1.429800805017304e-16,2.9405064899937523,0.25311630217403563,8.298524296263087,3.2214705545374756e-05,2.575798453596859e-05,sQ_2,True,False,True,False
0.2595646344003751,7.949493212468105,0.016342693265612017,-0.07820742472240302,0.5712984151559309,0.5611627867660474,0.1115116258349447,0.14655595901544702,0.5599030995494849,0.6942559871959935,1.2501006356251296,2.939938405782983,1.2380443796175282e+19,1.6903432596377984e+18,2.925734509404722e+17,3.6804038084037304e+16,2.220446049250313e-16,2.4424906541753444e-15,0,0.9760926613624046,1.4363360506753552e+19,4096,power,p0,2.0,0.5,A1_balanced_q01_q99,R1,R1,0.14655595901544702,0.14655595901544702,3,65,0.8619461852505953,0.1176843858262146,0.0203694289231901,0.0,2.939975376140568,0.2534327256572904,8.311127379671953,3.69703575850977e-05,2.9573030527336108e-05,sQ_2,True,False,True,False
0.26029049694663814,7.938736105120164,0.01742666210875966,-0.07712345587925537,0.571970685338195,0.5611627867660474,0.1115116258349447,0.15627663912419273,0.5593717634148432,0.6945191613335783,1.2495646771238316,2.939402447281685,1.2398265395579675e+19,1.6927765020098117e+18,3.1211550827745254e+17,3.931551624145192e+16,-4.440892098500626e-16,3.3306690738754696e-16,0,0.9745494328349578,1.440315740586694e+19,4096,power,p0,2.0,0.5,A1_balanced_q01_q99,R1,R1,0.15627663912419273,0.15627663912419273,3,65,0.8608019093458912,0.11752815402269234,0.02166993663141641,1.4219104480284119e-16,2.9394444878322634,0.2537495447050343,8.323749603557577,4.2040550578548164e-05,3.3643025428307534e-05,sQ_2,True,False,True,False
0.2610161093046781,7.928122421127993,0.01850806960706129,-0.07604204838095374,0.5726413669916212,0.5611627867660474,0.1115116258349447,0.1659743499252377,0.5588425911757977,0.6947792743093871,1.2490286317940367,2.9388664019518904,1.241620601072408e+19,1.695225993997528e+18,3.316325664586122e+17,4.1829899797564984e+16,1.942890293094024e-16,1.9984014443252818e-15,0,0.9730149394964882,1.444306457118022e+19,4096,power,p0,2.0,0.5,A1_balanced_q01_q99,R1,R1,0.1659743499252377,0.1659743499252377,3,65,0.8596656166378605,0.11737301219162258,0.022961371170516946,1.4179816131865752e-16,2.9389138249730546,0.2540667598117673,8.336390996988918,4.742302116422792e-05,3.796648008890713e-05,sQ_2,True,False,True,False
0.26174148946325826,7.917649857536414,0.019586953987768517,-0.07496316400024652,0.573310483824494,0.5611627867660474,0.1115116258349447,0.17564943422814394,0.5583155548859664,0.6950363660096994,1.2484925017728103,2.938330271930664,1.2434264800560812e+19,1.697691620769903e+18,3.511258868795748e+17,4.434723601036179e+16,-1.6672054292676819e-09,3.6637359812630166e-15,0,0.9714890614555967,1.4483082308210293e+19,4096,power,p0,2.0,0.5,A1_balanced_q01_q99,R1,R1,0.17564943422814394,0.17564943422814394,3,65,0.8585371909066601,0.11721894446512268,0.02424386462821699,2.8281272679628594e-16,2.9383833874672063,0.25438437147260634,8.349051589078915,5.311553654241408e-05,4.254192702776803e-05,sQ_2,True,False,True,False
0.2624666640847737,7.907315659829594,0.020663376573731258,-0.07388674141428378,0.5739780738688323,0.5611627867660474,0.1115116258349447,0.185302441956289,0.5577906206710147,0.6952904879539261,1.247956289167389,2.9377940593252427,1.245244057860459e+19,1.7001732203321467e+18,3.705971243841874e+17,4.686762743858564e+16,-7.188694084447889e-15,6.661338147750939e-16,0,0.9699716469835304,1.4523210923320924e+19,4096,power,p0,2.0,0.5,A1_balanced_q01_q99,R1,R1,0.185302441956289,0.185302441956289,3,65,0.8574164931123354,0.1170659318596042,0.025517575028060357,1.4101564804181042e-16,2.9378531752190167,0.2547023801832874,8.361731408984932,5.911589377394222e-05,4.736791992647323e-05,sQ_2,True,False,True,False
0.2631916457357291,7.897117902360732,0.02173736152334446,-0.07281275646467057,0.5746441521075099,0.5611627867660474,0.1115116258349447,0.19493358975430314,0.5572677652301744,0.6955416718146615,1.2474199960558499,2.9372577662137034,1.2470732743748458e+19,1.7026707106131228e+18,3.9004726936313946e+17,4.939109105190646e+16,-2.7755575615628914e-16,1.1102230246251565e-15,0,0.968462599466114,1.4563450723724722e+19,4096,power,p0,2.0,0.5,A1_balanced_q01_q99,R1,R1,0.19493358975430314,0.19493358975430314,3,65,0.8563034256320102,0.11691396104629047,0.026782613321699192,1.4062601225846063e-16,2.937323188132825,0.25502078644016973,8.37443048590849,6.54219191216221e-05,5.2443033143905364e-05,sQ_2,True,False,True,False
0.2639164556845975,7.8870542038750155,0.022808956155062125,-0.07174116183295291,0.5753087478871136,0.5611627867660474,0.1115116258349447,0.20454330195869513,0.5567469592920207,0.6957899609579895,1.2468836244877668,2.9367213946456205,1.2489140347673993e+19,1.705183962135756e+18,4.09477707675398e+17,5.1917699192965624e+16,8.049116928532385e-16,1.1102230246251565e-15,0,0.9669617902642327,1.4603802017485146e+19,4096,power,p0,2.0,0.5,A1_balanced_q01_q99,R1,R1,0.20454330195869513,0.20454330195869513,3,65,0.8551978678374805,0.11676301555541069,0.028039116607108887,1.4023745306516259e-16,2.936793426113016,0.2553395907402261,8.387148849095489,7.203146739565014e-05,5.7765861241229456e-05,sQ_2,True,False,True,False
0.26464111252322986,7.877122366855701,0.023878200831430507,-0.07067191715658452,0.5759718862402231,0.5611627867660474,0.1115116258349447,0.2141319405276551,0.5562281758559955,0.696035394716588,1.2463471764848253,2.936184946642679,1.2507662559877863e+19,1.7077128615086574e+18,4.2888969213304544e+17,5.44475091484766e+16,-8.049116928532385e-16,2.4424906541753444e-15,0,0.9654691021492083,1.4644265113519565e+19,4096,power,p0,2.0,0.5,A1_balanced_q01_q99,R1,R1,0.2141319405276551,0.2141319405276551,3,65,0.8540997081738713,0.11661308015600587,0.02928721167012301,1.39849967487224e-16,2.936263889064012,0.25565879358105836,8.399886527836188,7.894242133321683e-05,6.333501852662818e-05,sQ_2,True,False,True,False
0.26536563445798006,7.867320247456851,0.024945135017392327,-0.0696049829706227,0.5766335916427302,0.5611627867660474,0.1115116258349447,0.2236998593699564,0.5557113885208463,0.6962780115679994,1.2458106540414364,2.93564842419929,1.2526298573703e+19,1.7102572985962496e+18,4.4828444930190803e+17,5.698057727430355e+16,-4.718447854656915e-16,3.9968028886505635e-15,0,0.9639844205136019,1.4684840321601157e+19,4096,power,p0,2.0,0.5,A1_balanced_q01_q99,R1,R1,0.2236998593699564,0.2236998593699564,3,65,0.8530088376430639,0.11646413996619966,0.030527022390736454,0.0,2.935734576890275,0.2559783954608852,8.412643551465436,8.61526909852195e-05,6.914913861200727e-05,sQ_2,True,False,True,False
0.26609003932200576,7.857645753756888,0.026009797308260363,-0.06854032067975467,0.5772938880311882,0.5611627867660474,0.1115116258349447,0.23324740459581392,0.5551965714660986,0.696517849160831,1.2452740591253244,2.935111829283178,1.2545047605573372e+19,1.7128171664142843e+18,4.6766318037386074e+17,5.95169590268513e+16,-1.3877787807814457e-15,2.1094237467877974e-15,0,0.962507633289833,1.4725527952361515e+19,4096,power,p0,2.0,0.5,A1_balanced_q01_q99,R1,R1,0.23324740459581392,0.23324740459581392,3,65,0.8519251497235139,0.11631618044225042,0.03175866983423587,1.3907820531973286e-16,2.9352054894963073,0.2562983968785502,8.425419949362634,9.366021312917638e-05,7.520687398170977e-05,sQ_2,True,False,True,False
0.2668143376656865,7.848097222918146,0.027072207238847335,-0.0674779107491677,0.5779527875209566,0.5611627867660474,0.1115116258349447,0.24277475138707594,0.5546837043262981,0.6967549349263051,1.2447373936781032,2.934575163835957,1.2563909174812914e+19,1.7153923993344566e+18,4.8702674314517664e+17,6.2056665368893864e+16,-5.0320261846259484e-09,2.220446049250313e-15,0,0.9610386568128588,1.4766328317292548e+19,4096,power,p0,2.0,0.5,A1_balanced_q01_q99,R1,R1,0.24277475138707594,0.24277475138707594,3,65,0.850848559292805,0.11616918996211098,0.03298225074508397,0.0,2.9346766267866555,0.2566187983335192,8.438215750951642,0.00010146295069857203,8.15068955780911e-05,sQ_2,True,False,True,False
0.2675385639296072,7.838671713238587,0.028132447337156644,-0.06641767065085839,0.5786103412953475,0.5611627867660474,0.1115116258349447,0.25228263982804117,0.5541727501400349,0.6969893284959238,1.2442006596158197,2.9340384297736732,1.2582881839652911e+19,1.7179828005072776e+18,5.0637708858938995e+17,6.459985914886308e+16,-2.502167500972874e-09,4.884981308350689e-15,0,0.9595773189186632,1.4807241728749576e+19,4096,power,p0,2.0,0.5,A1_balanced_q01_q99,R1,R1,0.25228263982804117,0.25228263982804117,3,65,0.8497789169756125,0.1160231481310703,0.03419793489331736,1.383107021224369e-16,2.9341479886659037,0.256939600325883,8.451030985701188,0.00010955889223041027,8.80478923991907e-05,sQ_2,True,False,True,False
0.2682627227283748,7.829367946252259,0.02919052170531542,-0.0653595962826996,0.5792665518984728,0.5611627867660474,0.1115116258349447,0.2617711067052518,0.5536636933430619,0.6972210486071951,1.243663858829498,2.9335016289873517,1.2601965375023372e+19,1.7205883392031908e+18,5.257147857268195e+17,6.714651672214067e+16,-1.261833776355914e-09,3.9968028886505635e-15,0,0.9581235603766756,1.4848268499953381e+19,4096,power,p0,2.0,0.5,A1_balanced_q01_q99,R1,R1,0.2617711067052518,0.2617711067052518,3,65,0.8487161567062812,0.11587804592896424,0.035405797364754694,1.379285402878073e-16,2.9336195750386747,0.25726080335636037,8.463865683124666,0.0001179460513229813,9.482857110514407e-05,sQ_2,True,False,True,False
0.26898682755201914,7.820184180841979,0.03024645794759434,-0.0643036600404207,0.5799214364503152,0.5611627867660474,0.1115116258349447,0.2712403995648311,0.5531565123254676,0.6974501258499081,1.2431269931856632,2.9329647633435165,1.2621159202063018e+19,1.7232089363883372e+18,5.4504080654086694e+17,6.969667132343471e+16,-3.4550090566298763e-09,6.994405055138486e-15,0,0.9566772894918196,1.4889408944992221e+19,4096,power,p0,2.0,0.5,A1_balanced_q01_q99,R1,R1,0.2712403995648311,0.2712403995648311,3,65,0.8476601891109931,0.11573387115328757,0.03660593973571942,1.3754743439220314e-16,2.9330913858096386,0.2575824079262887,8.476719872780329,0.00012662246612205053,0.0001018476556414,sQ_2,True,False,True,False
0.2697109039341602,7.811118051424746,0.03130031538272152,-0.0632498026052935,0.580575031739951,0.5611627867660474,0.1115116258349447,0.28069105035784403,0.5526511773340557,0.6976766067941795,1.2425900645268406,2.9324278346846944,1.2640462262317226e+19,1.7258444475483784e+18,5.643566689593722e+17,7.225043396398723e+16,-2.266243886994701e-09,7.66053886991358e-15,0,0.9552383707945828,1.4930663378824974e+19,4096,power,p0,2.0,0.5,A1_balanced_q01_q99,R1,R1,0.28069105035784403,0.28069105035784403,3,65,0.8466108934077392,0.11559060731326998,0.03779849927899094,1.3716738151799222e-16,2.9325634208834988,0.2579044145376415,8.489593584271217,0.00013558619880438272,0.00010910388686771858,sQ_2,True,False,True,False
0.27043496452945487,7.802167917857895,0.032352119573568254,-0.06219799841444678,0.5812273536213006,0.5611627867660474,0.1115116258349447,0.29012328832380796,0.5521476679192855,0.6979005203036396,1.242053074672051,2.931890844829905,1.2659874024712503e+19,1.7284948001740805e+18,5.836632923964731e+17,7.480783527621376e+16,-1.6653345369377348e-16,1.1657341758564144e-14,0,0.9538067177850531,1.4972032117283058e+19,4096,power,p0,2.0,0.5,A1_balanced_q01_q99,R1,R1,0.29012328832380796,0.29012328832380796,3,65,0.8455681851028425,0.11544824287270809,0.03898357202444936,1.3678837875560517e-16,2.9320356801650016,0.25822682369301336,8.502486847245473,0.00014483533509679347,0.00011659602220422677,sQ_2,True,False,True,False
0.27115902024034194,7.793332256549984,0.033401891603348485,-0.06114822638466655,0.5818784151700317,0.5611627867660474,0.1115116258349447,0.29953730253012995,0.5516459650741328,0.6981218926628874,1.2415160254172861,2.9313537955751396,1.2679394034561282e+19,1.7311599321854336e+18,6.02961510326383e+17,7.736889567612338e+16,8.326672684688674e-17,1.27675647831893e-14,0,0.9523822512458746,1.5013515477073097e+19,4096,power,p0,2.0,0.5,A1_balanced_q01_q99,R1,R1,0.29953730253012995,0.29953730253012995,3,65,0.8445319854582882,0.11530676708123828,0.0401612474604736,1.3641042320351077e-16,2.9315081635589344,0.25854963589562957,8.515399691396249,0.00015436798379475647,0.000124322835282963,sQ_2,True,False,True,False
0.2718830810083231,7.784609616106576,0.03444965015975344,-0.060100467828261596,0.5825282279761245,0.5611627867660474,0.1115116258349447,0.30893326056194814,0.5511460506639417,0.698340748665763,1.2409789185359779,2.9308166886938314,1.269902188124445e+19,1.7338397875192422e+18,6.222521070151578e+17,7.99336302911967e+16,-6.0782777977497204e-09,1.354472090042691e-14,0,0.9509648962356951,1.505511377577885e+19,4096,power,p0,2.0,0.5,A1_balanced_q01_q99,R1,R1,0.30893326056194814,0.30893326056194814,3,65,0.8435022192708397,0.11516616967111197,0.04133161105804839,0.0,2.930980870970126,0.25887285164934315,8.528332146461638,0.00016418227629477755,0.00013228311561118745,sQ_2,True,False,True,False
0.2726071870593689,7.775996957515194,0.03549549324646336,-0.059054624741551674,0.583176852820802,0.5611627867660474,0.1115116258349447,0.3183120412843989,0.5506478859540855,0.6985571533331276,1.2404417557794396,2.9302795259372934,1.271875594302257e+19,1.736534144754015e+18,6.41537244087803e+17,8.250224988421357e+16,-9.992007221626409e-16,1.609823385706477e-14,0,0.9495544674162542,1.5096827331864388e+19,4096,power,p0,2.0,0.5,A1_balanced_q01_q99,R1,R1,0.3183120412843989,0.3183120412843989,3,65,0.8424787316853986,0.11502642949944643,0.04249483881515496,0.0,2.930453802303444,0.25919647145863806,8.54128424222507,0.0001742763661507496,0.0001404756682447077,sQ_2,True,False,True,False
0.27333132780024094,7.767493972636596,0.03653938593797664,-0.05801073205003839,0.5838242680435033,0.5611627867660474,0.1115116258349447,0.3276733314969406,0.5501514674763952,0.6987711034518158,1.2399045388773078,2.929742309035161,1.2738596647326775e+19,1.739243062248349e+18,6.608167551010271e+17,8.507464021587384e+16,-3.3306690738754696e-16,1.8762769116165146e-14,0,0.9481509672385195,1.5138656464676151e+19,4096,power,p0,2.0,0.5,A1_balanced_q01_q99,R1,R1,0.3276733314969406,0.3276733314969406,3,65,0.8414615046619516,0.11488754410317845,0.04365095123486993,0.0,2.9299269574637945,0.2595204958286292,8.554256008515193,0.00018464842863341602,0.00014889931347124757,sQ_2,True,False,True,False
0.27405552006504796,7.759098911018181,0.03758136520164859,-0.05696875278636644,0.5844704965711331,0.5611627867660474,0.1115116258349447,0.3370174627107949,0.5496567730511922,0.6989826323127888,1.2393672695379732,2.9292050396958267,1.275854332377141e+19,1.7419664484722565e+18,6.800917222013687e+17,8.765086384394658e+16,-4.316387663960697e-09,2.353672812205332e-14,0,0.9467542979490131,1.5180601494445033e+19,4096,power,p0,2.0,0.5,A1_balanced_q01_q99,R1,R1,0.3370174627107949,0.3370174627107949,3,65,0.840450447792868,0.11474950113865291,0.04480005106847917,1.349090153476076e-16,2.92940033635613,0.25984492526506137,8.5672474752058,0.00019529666030315695,0.0001575528865008464,sQ_2,True,False,True,False
0.27477978489652777,7.750809825377463,0.038621479027728854,-0.05592863896028618,0.5851155681669216,0.5611627867660474,0.1115116258349447,0.34634486528691555,0.5491637778945969,0.6991917785134665,1.2388299494489847,2.928667719606838,1.277859513954668e+19,1.74470418971944e+18,6.993634130234504e+17,9.023101182712757e+16,-7.987711547752241e-09,2.653433028854124e-14,0,0.9453643474104776,1.5222662742289568e+19,4096,power,p0,2.0,0.5,A1_balanced_q01_q99,R1,R1,0.34634486528691555,0.34634486528691555,3,65,0.8394454607502335,0.1146122869077652,0.0459422523420014,1.3453625260385753e-16,2.9288739388854372,0.26016976027431143,8.580258672216267,0.00020621927859920675,0.00016643523716546355,sQ_2,True,False,True,False
0.27550414616097885,7.742624647651501,0.03965978276704149,-0.05489033522097354,0.5857595171590773,0.5611627867660474,0.1115116258349447,0.3556560355934941,0.5486724556031802,0.6993985840637668,1.2382925802774558,2.9281303504353096,1.279875115557706e+19,1.7474561577747876e+18,7.186332168661802e+17,9.281519504941475e+16,-3.8719582540203135e-09,2.5757174171303632e-14,0,0.9439809943192579,1.5264840530218025e+19,4096,power,p0,2.0,0.5,A1_balanced_q01_q99,R1,R1,0.3556560355934941,0.3556560355934941,3,65,0.8384464371076045,0.11447588687975825,0.0470776760126374,2.683290396576123e-16,2.928347764956744,0.26049500136339404,8.593289629511261,0.00021741452143464457,0.00017554522962906762,sQ_2,True,False,True,False
0.2762285966910599,7.734542955276502,0.040696250933555375,-0.05385386705445966,0.586402327741335,0.5611627867660474,0.1115116258349447,0.36495074508009084,0.5481828010272773,0.6996030496845397,1.2377551636704613,2.927592933828315,1.281901167949651e+19,1.75022239464059e+18,7.379011069933925e+17,9.54033239274981e+16,-6.917283551510778e-09,3.064215547965432e-14,0,0.9426042308959781,1.5307135181130492e+19,4096,power,p0,2.0,0.5,A1_balanced_q01_q99,R1,R1,0.36495074508009084,0.36495074508009084,3,65,0.8374533528193338,0.1143402977715997,0.0482063494090666,0.0,2.9278218144751245,0.2608206490399519,8.60634037710093,0.00022888064680959275,0.00018488174210340238,sQ_2,True,False,True,False
0.2769531738107203,7.726562020386317,0.041730974035463254,-0.05281914395255178,0.5870440560462671,0.5611627867660474,0.1115116258349447,0.37422980539474754,0.5476947791208993,0.6998052346800538,1.2372177012554089,2.9270554714132624,1.2839375245148172e+19,1.7530027001375636e+18,7.571690735363619e+17,9.799559901785458e+16,-1.3877787807814457e-15,3.47499806707674e-14,0,0.941233888702335,1.5349547018822097e+19,4096,power,p0,2.0,0.5,A1_balanced_q01_q99,R1,R1,0.37422980539474754,0.37422980539474754,3,65,0.8364660683083434,0.1142055005263658,0.04932843116529089,1.3342413280917527e-16,2.9272960873456864,0.2611467038122647,8.619410945041126,0.00024061593242397095,0.0001944436665717816,sQ_2,True,False,True,False
0.27767786714130077,7.71868162045068,0.0427639184242242,-0.05178619956379083,0.5876846812052748,0.5611627867660474,0.1115116258349447,0.3834929147882907,0.5472083872341078,0.7000051352094482,1.2366801946404145,2.926517964798268,1.2859842297057026e+19,1.755797134958186e+18,7.764369359697819e+17,1.0059191117724157e+17,4.163336342344337e-16,3.7969627442180354e-14,0,0.9398699727556197,1.5392076367984992e+19,4096,power,p0,2.0,0.5,A1_balanced_q01_q99,R1,R1,0.3834929147882907,0.3834929147882907,3,65,0.8354845694376277,0.1140714932138841,0.050443937348488274,1.330554728964165e-16,2.92677058347358,0.2614731661892474,8.632501363433288,0.00025261867531201077,0.00020422990852237015,sQ_2,True,False,True,False
0.27840269931131795,7.710899833320014,0.04379513643965152,-0.05075498154836351,0.588324235679158,0.5611627867660474,0.1115116258349447,0.3927405426271466,0.5467236006630258,0.7002027907416971,1.2361426454146618,2.925980415572515,1.2880411966292902e+19,1.758605580464524e+18,7.957060074536616e+17,1.0319236725333798e+17,2.498001805406602e-16,3.708144902248023e-14,0,0.9385123693690562,1.5434723554211088e+19,4096,power,p0,2.0,0.5,A1_balanced_q01_q99,R1,R1,0.3927405426271466,0.3927405426271466,3,65,0.8345087568982543,0.11393826227517499,0.05155298082657058,1.326878316159566e-16,2.926245302763994,0.26180003668045143,8.645611662424633,0.00026488719147899076,0.0002142393866855961,sQ_2,True,False,True,False
0.27912767959687856,7.703215448543154,0.044824645737339054,-0.04972547225067598,0.5889627304177975,0.5611627867660474,0.1115116258349447,0.40197284724093973,0.5462404038784201,0.7003982229671267,1.235605055148758,2.925442825306612,1.290108392152007e+19,1.761427991418207e+18,8.149769910557638e+17,1.0579698782926989e+17,-2.477940630463138e-09,4.218847493575595e-14,0,0.9371610137812421,1.5477488903994042e+19,4096,power,p0,2.0,0.5,A1_balanced_q01_q99,R1,R1,0.40197284724093973,0.40197284724093973,3,65,0.8335385669823276,0.11380579901198713,0.05265563400568519,1.3232120615324774e-16,2.9257202451221636,0.26212731579606413,8.658741872207987,0.0002774198155517382,0.00022447103278181336,sQ_2,True,False,True,False
0.27985282110139337,7.6956270755399565,0.04585247397484556,-0.04869764401316947,0.5896001825742249,0.5611627867660474,0.1115116258349447,0.4111900766536636,0.5457587789769678,0.7005914584022122,1.235067425395068,2.9249051955529213,1.2921857683404734e+19,1.7642643023741932e+18,8.342507589535844e+17,1.0840581940426862e+17,-7.024645171105348e-09,4.9404924595819466e-14,0,0.935815828135053,1.5520372744732512e+19,4096,power,p0,2.0,0.5,A1_balanced_q01_q99,R1,R1,0.4111900766536636,0.4111900766536636,3,65,0.8325739269239076,0.1136740934893442,0.053751979586748155,0.0,2.925195410453358,0.26245500404690997,8.671892023022258,0.0002902149004366805,0.0002349237912733186,sQ_2,True,False,True,False
0.28057815232693023,7.6881325568127865,0.04687868873518442,-0.04767142925283061,0.5902366340629702,0.5611627867660474,0.1115116258349447,0.420392836927806,0.5452786980775393,0.7007825433857411,1.2345297576880503,2.924367527845904,1.2942732165810297e+19,1.7671143650386327e+18,8.535288738833577e+17,1.1101901112865293e+17,-2.1448310627558698e-09,5.484501741648273e-14,0,0.9344766804066733,1.5563375404732287e+19,4096,power,p0,2.0,0.5,A1_balanced_q01_q99,R1,R1,0.420392836927806,0.420392836927806,3,65,0.831614725548216,0.11354313052818311,0.05484214392360085,0.0,2.924670798662887,0.2627831019444585,8.68506214515207,0.00030327081698278135,0.0002455966191236091,sQ_2,True,False,True,False
0.28130366698553616,7.680731531493288,0.04790326746407262,-0.046646850523942414,0.5908720708960191,0.5611627867660474,0.1115116258349447,0.4295809258038909,0.5448001565410558,0.7009714787127114,1.233992053544588,2.923829823702442,1.2963707669642971e+19,1.7699782204952538e+18,8.728113230701978e+17,1.136364836463052e+17,-9.518164034716392e-10,5.6621374255882984e-14,0,0.9331435635196608,1.5606497213208422e+19,4096,power,p0,2.0,0.5,A1_balanced_q01_q99,R1,R1,0.4295809258038909,0.4295809258038909,3,65,0.8306609415642128,0.11341290722156719,0.05592615121422003,0.0,2.924146409656105,0.2631116100008079,8.69825226892818,0.0003165859536631288,0.00025648848556408517,sQ_2,True,False,True,False
0.282029374440369,7.673422849894529,0.04892622828560725,-0.045623889702407786,0.5915065043138146,0.5611627867660474,0.1115116258349447,0.4387545058129276,0.5443231394727532,0.7011582854717664,1.233454314464294,2.9232920846221475,1.2984783877033128e+19,1.7728558253442563e+18,8.920987979111347e+17,1.1625826119088387e+17,-5.2581374809790304e-09,6.17284001691587e-14,0,0.9318164148881438,1.5649738500288518e+19,4096,power,p0,2.0,0.5,A1_balanced_q01_q99,R1,R1,0.4387545058129276,0.4387545058129276,3,65,0.8297125141607792,0.1132834152667517,0.05700407057246918,0.0,2.9236222433384027,0.26344052872870566,8.711462424727324,0.0003301587162551911,0.00026759837186462505,sQ_2,True,False,True,False
0.28275530770032836,7.666204184043047,0.04994765046833946,-0.04460246751967557,0.5921399834781786,0.5611627867660474,0.1115116258349447,0.4479142878095069,0.5438476166709436,0.7013430151392916,1.2329165419298267,2.9227543120876804,1.3005959537715818e+19,1.7757470088827999e+18,9.113930504161167e+17,1.1888452597090376e+17,2.7755575615628914e-17,6.816769371198461e-14,0,0.9304950888558305,1.5693099597014737e+19,4096,power,p0,2.0,0.5,A1_balanced_q01_q99,R1,R1,0.4479142878095069,0.4479142878095069,3,65,0.8287693235688068,0.1131546383112611,0.05807603811993196,0.0,2.9230982996152113,0.2637698586415356,8.72469264297245,0.0003439875275308424,0.0002789252711125386,sQ_2,True,False,True,False
0.28348145161312205,7.6590756583571675,0.05096748882418388,-0.043582629163831155,0.5927724803637647,0.5611627867660474,0.1115116258349447,0.457059866561573,0.5433735896854304,0.7015256566785938,1.2323787374071857,2.9222165075650395,1.302723531387491e+19,1.7786518615210542e+18,9.306936599506332e+17,1.2151514118222749e+17,-4.099216632802438e-09,7.294165271787278e-14,0,0.9291796110646653,1.5736580835346598e+19,4096,power,p0,2.0,0.5,A1_balanced_q01_q99,R1,R1,0.457059866561573,0.457059866561573,3,65,0.8278313726584041,0.11302657674696076,0.05914205059463508,1.3014262891211417e-16,2.9225745783920027,0.26409960025332524,8.737942954132722,0.00035807082696326376,0.000290468187995609,sQ_2,True,False,True,False
0.28420783829543306,7.65203502590634,0.05198582033259934,-0.042564297655415695,0.5934040427127153,0.5611627867660474,0.1115116258349447,0.4661919323958812,0.5429010292983669,0.7017062599726077,1.2318409023460128,2.9216786725038664,1.3048609999642673e+19,1.7815702186178796e+18,9.5000232990245e+17,1.2415028507922018e+17,-2.8912436611516767e-09,7.51620987671231e-14,0,0.9278698404913703,1.5780182548163004e+19,4096,power,p0,2.0,0.5,A1_balanced_q01_q99,R1,R1,0.4661919323958812,0.4661919323958812,3,65,0.826898545680112,0.1128992147701913,0.06020223954969654,0.0,2.922051079574291,0.26442975407874303,8.751213388723416,0.0003724070704245186,0.00030222613859013134,sQ_2,True,False,True,False
0.2849344725086717,7.645081435258629,0.053002651341949605,-0.04154746664606543,0.5940346744622429,0.5611627867660474,0.1115116258349447,0.4753105422424934,0.5424299243488476,0.7018848393844528,1.2313030381798673,2.9211408083377206,1.3070083476247538e+19,1.7845020639569974e+18,9.693195290610188e+17,1.2678995472704565e+17,-9.45999723001023e-10,8.315570454442422e-14,0,0.9265657334724489,1.5823905069265555e+19,4096,power,p0,2.0,0.5,A1_balanced_q01_q99,R1,R1,0.4753105422424934,0.4753105422424934,3,65,0.8259707966545686,0.11277254610323711,0.06125665724219416,0.0,2.9215278030676277,0.2647603206331014,8.764503977306346,0.0003869947299071086,0.0003141981501566745,sQ_2,True,False,True,False
0.2856613585760167,7.638214067158303,0.054017987165888584,-0.04053213082212645,0.5946643789078397,0.5611627867660474,0.1115116258349447,0.48441574375253005,0.541960264064348,0.7020614086179655,1.2307651463265077,2.920602916484361,1.3091655645113299e+19,1.787447384079469e+18,9.886457041879603e+17,1.2943414461749602e+17,-2.9955927738356536e-09,8.837375276016246e-14,0,0.9252672482399888,1.5867748733380729e+19,4096,power,p0,2.0,0.5,A1_balanced_q01_q99,R1,R1,0.48441574375253005,0.48441574375253005,3,65,0.8250480811794425,0.11264656468369988,0.06230535413685762,1.290668282194093e-16,2.9210047487776034,0.2650913004323594,8.77781475048966,0.0004018322932424212,0.000326383260939074,sQ_2,True,False,True,False
0.2863885202211393,7.631431150283139,0.05503188309729593,-0.0395182348907191,0.5952931903417777,0.5611627867660474,0.1115116258349447,0.4935080327745562,0.5414920253017329,0.7022360060607606,1.230227228188171,2.9200649983460245,1.3113325645794572e+19,1.7904060615058186e+18,1.0079821688616567e+18,1.320829801136657e+17,-8.881784197001252e-16,9.71445146547012e-14,0,0.9239742756262859,1.5911713876162046e+19,4096,power,p0,2.0,0.5,A1_balanced_q01_q99,R1,R1,0.4935080327745562,0.4935080327745562,3,65,0.8241303072599963,0.11252125795123147,0.06334843478877243,1.2871020783425399e-16,2.9204819166098543,0.2654226939931175,8.791145738927904,0.0004169182638298352,0.0003387805199675716,sQ_2,True,False,True,False
0.287115956128747,7.624732173524005,0.056044330012382064,-0.03850578797563297,0.5959211031055442,0.5611627867660474,0.1115116258349447,0.5025873274893935,0.5410252012278071,0.7024086378781795,1.2296892851518257,2.919527055309679,1.3135093609361785e+19,1.793378114131529e+18,1.0273291107001055e+18,1.3473641923678136e+17,-4.219341542821553e-10,1.0047518372857667e-13,0,0.9226867946972026,1.5955800834193418e+19,4096,power,p0,2.0,0.5,A1_balanced_q01_q99,R1,R1,0.5025873274893935,0.5025873274893935,3,65,0.8232174458591365,0.11239662194130076,0.06438593219956283,1.2835457281536871e-16,2.9199593064700524,0.2657545018326229,8.804496973322353,0.00043225116037337585,0.00035138898687099205,sQ_2,True,False,True,False
0.28784368292279466,7.618115747965379,0.0570553649712687,-0.03749475301674633,0.596548140183577,0.5611627867660474,0.1115116258349447,0.5116539602401627,0.5405597736034966,0.7025793330168506,1.229151318589439,2.9189890887472925,1.315695896295897e+19,1.7963634637426647e+18,1.046687518289575e+18,1.3739454123798538e+17,-1.942890293094024e-16,1.0369483049998962e-13,0,0.9214047223272659,1.6000009944991212e+19,4096,power,p0,2.0,0.5,A1_balanced_q01_q99,R1,R1,0.5116539602401627,0.5116539602401627,3,65,0.822309424068686,0.11227264669951124,0.06541792923180273,0.0,2.9194369182639077,0.26608672446877185,8.817868484420758,0.00044782951661526127,0.00036420773168660125,sQ_2,True,False,True,False
0.2885717092064112,7.6115808959184905,0.05806500443564569,-0.036485113552369344,0.5971743117853056,0.5611627867660474,0.1115116258349447,0.5207080786499456,0.5400957294959062,0.7027481100179841,1.2286133298582234,2.918451100016077,1.3178921453388392e+19,1.799362075769295e+18,1.0660580178493962e+18,1.4005737210531938e+17,1.1934897514720433e-15,1.1324274851176597e-13,0,0.920128003945268,1.6044341547007085e+19,4096,power,p0,2.0,0.5,A1_balanced_q01_q99,R1,R1,0.5207080786499456,0.5207080786499456,3,65,0.8214061895140091,0.11214932507497938,0.06644448541101139,1.2764624799339517e-16,2.9189147518971748,0.2664193624201058,8.831260303017718,0.0004636518810978707,0.000377235834684264,sQ_2,True,False,True,False
0.28930004498706846,7.605126582947473,0.0590732685066279,-0.035476849481387136,0.597799630377306,0.5611627867660474,0.1115116258349447,0.5297498629790038,0.5396330552124868,0.7029149890624807,1.2280753203008923,2.917913090458746,1.3200980775474326e+19,1.8023739085447613e+18,1.0854412956109742e+18,1.427249479377234e+17,-5.95322957597233e-10,1.220135104063047e-13,0,0.9188565805967814,1.608879597963006e+19,4096,power,p0,2.0,0.5,A1_balanced_q01_q99,R1,R1,0.5297498629790038,0.5297498629790038,3,65,0.8205076869759563,0.11202664952845058,0.06746566349559319,1.272935527675882e-16,2.918392807275647,0.2667524162058138,8.8446724599544,0.00047971681690128776,0.00039047238618343695,sQ_2,True,False,True,False
0.2900287029360446,7.598751657425326,0.060080184128314104,-0.03446993385970093,0.598424112670127,0.5611627867660474,0.1115116258349447,0.5387795548532538,0.5391717355184101,0.7030799935419638,1.2275372912458902,2.9173750614037437,1.3223136522817118e+19,1.805398906581964e+18,1.1048381537908266e+18,1.4539732361317587e+17,5.828670879282072e-16,1.2356782264077992e-13,0,0.9175903846575835,1.6133373583189907e+19,4096,power,p0,2.0,0.5,A1_balanced_q01_q99,R1,R1,0.5387795548532538,0.5387795548532538,3,65,0.8196138553808053,0.11190461172132597,0.06848153289786878,1.2694183206257023e-16,2.9178710843051565,0.2670858863457349,8.858104986118999,0.0004960229014128181,0.0004039164863837709,sQ_2,True,False,True,False
0.29075769046651906,7.592455237424597,0.06108576479784742,-0.03346435319016761,0.599047767034606,0.5611627867660474,0.1115116258349447,0.5477972753106861,0.5387117586532923,0.703243140042498,1.2269992440076314,2.916837014165485,1.3245388498824014e+19,1.8084370430394388e+18,1.1242491570959043e+18,1.4807451897171222e+17,-4.163336342344337e-16,1.305622276959184e-13,0,0.9163293671889983,1.6178074698959356e+19,4096,power,p0,2.0,0.5,A1_balanced_q01_q99,R1,R1,0.5477972753106861,0.5477972753106861,3,65,0.8187246471099565,0.1117832051520794,0.0694921477379642,0.0,2.9173495828915748,0.26741977336035994,8.871557912446551,0.0005125687260898459,0.0004175672451966972,sQ_2,True,False,True,False
0.2914870182642399,7.586236293106091,0.062090032417263546,-0.03246008557075149,0.599670607054238,0.5611627867660474,0.1115116258349447,0.5568032207616349,0.5382531109180715,0.703404449143052,1.2264611798867344,2.916298950044588,1.3267736381552728e+19,1.8114882739613325e+18,1.143675013642252e+18,1.507565767074187e+17,-4.163336342344337e-16,1.404432126150823e-13,0,0.9150734684391475,1.6222899669156311e+19,4096,power,p0,2.0,0.5,A1_balanced_q01_q99,R1,R1,0.5568032207616349,0.5568032207616349,3,65,0.8178400071583954,0.11166242231069293,0.07049757053091175,1.2624130345167255e-16,2.916828302940817,0.2677540777708271,8.885031269918972,0.0005293528962289074,0.00043142378207981335,sQ_2,True,False,True,False
0.292216694721026,7.580093917865201,0.06309300304577108,-0.03145711494224396,0.6002926426888363,0.5611627867660474,0.1115116258349447,0.5657975352198609,0.537795780191012,0.7035639383894317,1.2259231001702389,2.9157608703280924,1.329017994212113e+19,1.8145525680976049e+18,1.1631163267285297e+18,1.5344352449080218e+17,-9.062925132585775e-10,1.4999113062685865e-13,0,0.9138226370280256,1.6267848836947263e+19,4096,power,p0,2.0,0.5,A1_balanced_q01_q99,R1,R1,0.5657975352198609,0.5657975352198609,3,65,0.8169598866653284,0.1115422565260395,0.07149785680863222,1.2589249018275958e-16,2.916307244358836,0.26808880009892694,8.898525089565412,0.000546374030743646,0.0004454852258751687,sQ_2,True,False,True,False
0.292946733322706,7.574026970869843,0.06409470576059813,-0.030455412227416906,0.6009138919719021,0.5611627867660474,0.1115116258349447,0.5747804794404907,0.537339751294768,0.7037216315715279,1.225385006131826,2.9152227762896796,1.3312718755286344e+19,1.8176298673884288e+18,1.1825739237747602e+18,1.5613542549069466e+17,-5.828670879282072e-16,1.532107773982716e-13,0,0.9125768046247598,1.6312922546449533e+19,4096,power,p0,2.0,0.5,A1_balanced_q01_q99,R1,R1,0.5747804794404907,0.5747804794404907,3,65,0.8160842250908513,0.11142269953240423,0.07249307537674446,0.0,2.9157864070516206,0.2684239408671059,8.912039402462035,0.0005636307619409919,0.00045975071465398804,sQ_2,True,False,True,False
0.2936771395885551,7.568034707198244,0.06509514932678248,-0.029454968661232553,0.6015343603394527,0.5611627867660474,0.1115116258349447,0.583752132025533,0.5368850141655755,0.7038775423485579,1.2248468990320411,2.914684669189895,1.3335352710701332e+19,1.820720156767755e+18,1.202048275264396e+18,1.5883228893243347e+17,8.326672684688674e-17,1.5931700403370996e-13,0,0.9113359306317885,1.6358121142733482e+19,4096,power,p0,2.0,0.5,A1_balanced_q01_q99,R1,R1,0.583752132025533,0.583752132025533,3,65,0.8152129816342075,0.11130374575912379,0.07348327260666875,0.0,2.915265790925208,0.2687595005984564,8.925574239732216,0.000581121735313328,0.000474219395562422,sQ_2,True,False,True,False
0.2944079241382145,7.562116146826782,0.06609435554199125,-0.028455762446023783,0.6021540613102546,0.5611627867660474,0.1115116258349447,0.5927126884493785,0.5364315556743187,0.7040316906377003,1.2243087801184884,2.914146550276342,1.3358081501276076e+19,1.8238233943075604e+18,1.2215400762423386e+18,1.615341595559758e+17,-2.192690473634684e-15,1.6420198534206065e-13,0,0.9100999574580655,1.6403444971825973e+19,4096,power,p0,2.0,0.5,A1_balanced_q01_q99,R1,R1,0.5927126884493785,0.5927126884493785,3,65,0.8143461037739015,0.11118538803526336,0.0744685081908353,1.2485182249933343e-16,2.914745395885669,0.2690954798167318,8.939129632546573,0.0005988456093271033,0.0004888904246728656,sQ_2,True,False,True,False
0.29513909616286876,7.556270389501954,0.06709234257476539,-0.027457775413249647,0.6027730061523148,0.5611627867660474,0.1115116258349447,0.6016623116415946,0.535979363708919,0.7041840944298754,1.2237706506260473,2.913608420783901,1.338090487871913e+19,1.8269395461077852e+18,1.2410499558855657e+18,1.6424107289884387e+17,-3.885780586188048e-16,1.7263968032921184e-13,0,0.9088688328514614,1.644889438071248e+19,4096,power,p0,2.0,0.5,A1_balanced_q01_q99,R1,R1,0.6016623116415946,0.6016623116415946,3,65,0.8134835429674355,0.11106761973315386,0.07544883729941063,0.0,2.914225221839116,0.2694318790463356,8.952705612123161,0.0006168010552149994,0.0005037629668354096,sQ_2,True,False,True,False
0.2958706647345412,7.550496551279158,0.06808912830498325,-0.026460989683031788,0.6033912059546134,0.5611627867660474,0.1115116258349447,0.6106011619431162,0.5355284263524204,0.7043347714343291,1.2232325117770646,2.9130702819349183,1.3403822602216954e+19,1.8300685792893545e+18,1.2605785358337078e+18,1.669530642484895e+17,3.3306690738754696e-16,1.816324868286756e-13,0,0.9076425054085162,1.6494469717340017e+19,4096,power,p0,2.0,0.5,A1_balanced_q01_q99,R1,R1,0.6106011619431162,0.6106011619431162,3,65,0.8126252514881408,0.11095043433651414,0.07642431417534502,0.0,2.9137052686916993,0.269768698812331,8.966302209727372,0.0006349867567809753,0.0005188361955372369,sQ_2,True,False,True,False
0.2966026388089687,7.544793764129188,0.06908473033049575,-0.02546538765751928,0.604008671631219,0.5611627867660474,0.1115116258349447,0.6195293971657481,0.5350787318785899,0.7044837390849218,1.222694364781559,2.912532134939412,1.3426834438261012e+19,1.8332104619705705e+18,1.280126430387662e+18,1.696701686497872e+17,-4.440892098500626e-16,1.8740564655672642e-13,0,0.9064209245551724,1.6540171330619247e+19,4096,power,p0,2.0,0.5,A1_balanced_q01_q99,R1,R1,0.6195293971657481,0.6195293971657481,3,65,0.8117711824063872,0.11083382543788542,0.07739499215572729,0.0,2.913185536349614,0.27010593964043306,8.97991945667201,0.0006534014102017593,0.000534109292760906,sQ_2,True,False,True,False
0.2973350261406583,7.539161226875545,0.07007916321701434,-0.024470954771000697,0.604625412215688,0.5611627867660474,0.1115116258349447,0.6284471479300541,0.5346302694125988,0.704631013203756,1.2221562108374013,2.9119939809952546,1.3449940202830066e+19,1.8363651690263985e+18,1.2996941985715174e+18,1.7239241335473466e+17,-7.457300055246918e-10,1.8596235662471372e-13,0,0.9052040441863798,1.6585999570427982e+19,4096,power,p0,2.0,0.5,A1_balanced_q01_q99,R1,R1,0.6284471479300541,0.6284471479300541,3,65,0.8109212921246329,0.11071778708474989,0.07836092079061717,0.0,2.912666024719091,0.27044360205701695,8.993557384317564,0.0006720437238363353,0.0005495814488496988,sQ_2,True,False,True,False
0.29806783872400044,7.533597948243466,0.07107245228661682,-0.023477665701398212,0.6052414434126027,0.5611627867660474,0.1115116258349447,0.6373546413161941,0.5341830256022744,0.7047766147191395,1.2216180511305073,2.911455821288361,1.3473139549490964e+19,1.8395326531571663e+18,1.3192825849653128e+18,1.751198556159898e+17,-2.7755575615628914e-16,1.822986206434507e-13,0,0.9039918043574373,1.6631954787613444e+19,4096,power,p0,2.0,0.5,A1_balanced_q01_q99,R1,R1,0.6373546413161941,0.6373546413161941,3,65,0.8100755275937264,0.11060231203413011,0.07932216037214346,0.0,2.9121467337064004,0.2707816865891153,9.007216024072163,0.0006909124180394244,0.0005652518623716885,sQ_2,True,False,True,False
0.298801081919637,7.528103259644839,0.07206460605982494,-0.022485511928190094,0.6058567705063331,0.5611627867660474,0.1115116258349447,0.6462519537334362,0.5337369912629347,0.7049205562477427,1.2210798868350234,2.910917656992877,1.3496432392707742e+19,1.8427129026843638e+18,1.338892038602448e+18,1.7785250712217437e+17,-6.38378239159465e-16,1.7108536809473662e-13,0,0.9027841678455024,1.6678037333994555e+19,4096,power,p0,2.0,0.5,A1_balanced_q01_q99,R1,R1,0.6462519537334362,0.6462519537334362,3,65,0.8092338518272889,0.11048739523615252,0.0802787529365585,1.227962234996079e-16,2.911627663217857,0.27112019376441865,9.020895407391452,0.0007100062249798533,0.0005811197399917945,sQ_2,True,False,True,False
0.2995347653326709,7.522676301707133,0.0730556438247663,-0.021494474163248734,0.6064714054592465,0.5611627867660474,0.1115116258349447,0.6551392581514371,0.5332921547249786,0.7050628555232401,1.2205417191134977,2.9103794892713513,1.3519818484232946e+19,1.8459058837139382e+18,1.3585231944185498e+18,1.805904095740844e+17,-2.7200464103316335e-15,1.6575629757653587e-13,0,0.9015810835553681,1.6724247562365432e+19,4096,power,p0,2.0,0.5,A1_balanced_q01_q99,R1,R1,0.6551392581514371,0.6551392581514371,3,65,0.8083962183540375,0.11037303034593793,0.08123075130002465,0.0,2.9111088131598093,0.2714591241112773,9.034595565779064,0.0007293238884580333,0.0005971842963422226,sQ_2,True,False,True,False
0.3002688973776288,7.517316280486203,0.07404558186160172,-0.020504536126413314,0.6070853583681889,0.5611627867660474,0.1115116258349447,0.664016700565385,0.5328485051541375,0.7052035286904976,1.220003549117062,2.9098413192749155,1.354329762468294e+19,1.8491115690233774e+18,1.378176632791232e+18,1.8333359690728544e+17,-2.7755575615628914e-17,1.6475709685437323e-13,0,0.9003825047903189,1.677058582649755e+19,4096,power,p0,2.0,0.5,A1_balanced_q01_q99,R1,R1,0.664016700565385,0.664016700565385,3,65,0.8075625839667754,0.11025921146426372,0.08217820456896091,0.0,2.910590183438651,0.2717984781587038,9.048316530786346,0.0007488641637354299,0.0006134447538978195,sQ_2,True,False,True,False
0.3010034824005753,7.512022600090309,0.07503442619770298,-0.019515691790312054,0.6076986329712956,0.5611627867660474,0.1115116258349447,0.67288433502679,0.532406034269027,0.7053425868105919,1.2194653779855964,2.90930314814345,1.3566869774994043e+19,1.8523299532791864e+18,1.3978527528695007e+18,1.8608207499970723e+17,-2.697582879296334e-09,1.5554224574998443e-13,0,0.8991883987603655,1.6817052481142729e+19,4096,power,p0,2.0,0.5,A1_balanced_q01_q99,R1,R1,0.67288433502679,0.67288433502679,3,65,0.8067329153076512,0.1101459340366713,0.08312115065567754,1.2178115054920952e-16,2.9100717739608086,0.2721382564363719,9.062058334012635,0.0007686258173587035,0.0006299003428550939,sQ_2,True,False,True,False
0.30173854052002874,7.5067939410664595,0.07602222264551817,-0.018527895342496867,0.6083112576811388,0.5611627867660474,0.1115116258349447,0.6817425723667897,0.5319647244075024,0.7054800600780862,1.218927206847908,2.9087649770057613,1.359053428657193e+19,1.8555609479266207e+18,1.4175526475367437e+18,1.8883596095290685e+17,-2.7755575615628914e-17,1.539879335155092e-13,0,0.8979986806583868,1.6863647882035292e+19,4096,power,p0,2.0,0.5,A1_balanced_q01_q99,R1,R1,0.6817425723667897,0.6817425723667897,3,65,0.8059071430831888,0.11003318860229137,0.08405966831451996,1.2144466098475157e-16,2.9095535846327585,0.2724784594746153,9.07582100710512,0.0007886076269971731,0.0006465503010112658,sQ_2,True,False,True,False
0.3024740677186093,7.5016301134559535,0.07700895615523659,-0.017541161832778443,0.6089232231639271,0.5611627867660474,0.1115116258349447,0.6905912776235756,0.5315245725227495,0.7056159491180756,1.2183890368218822,2.9082268069797355,1.3614291449624609e+19,1.8588045925887465e+18,1.4372763436822633e+18,1.9159520290185558e+17,-1.5820558751933333e-10,1.4588330543574557e-13,0,0.8968133462330035,1.6910372385895619e+19,4096,power,p0,2.0,0.5,A1_balanced_q01_q99,R1,R1,0.6905912776235756,0.6905912776235756,3,65,0.8050852541236666,0.10992097336301794,0.08499377251331543,0.0,2.9090356153610073,0.27281908780443176,9.089604581759229,0.0008088083812718416,0.0006633938736471836,sQ_2,True,False,True,False
0.30321007562953917,7.496530208807849,0.0779946511571594,-0.01655546683085564,0.609534544571169,0.5611627867660474,0.1115116258349447,0.6994306698801445,0.5310855662537182,0.7057502735483673,1.2178508690146483,2.907688639172502,1.3638140949430518e+19,1.8620608442955802e+18,1.4570245567063608e+18,1.943598593112409e+17,-7.171376825709785e-10,1.4011014570769476e-13,0,0.8956323395947403,1.695722635043246e+19,4096,power,p0,2.0,0.5,A1_balanced_q01_q99,R1,R1,0.6994306698801445,0.6994306698801445,3,65,0.8042671995755193,0.1098092816487109,0.08592351877576973,1.2077446851723895e-16,2.9085178660521045,0.2731601419574837,9.103409089718502,0.0008292268796026292,0.0006804303134157415,sQ_2,True,False,True,False
0.3039465746670494,7.491493385022535,0.07897932898795908,-0.015570789000055957,0.6101452351357249,0.5611627867660474,0.1115116258349447,0.708260940476837,0.5306476940896547,0.7058830513623529,1.2173127045227436,2.907150474680597,1.3662082521110751e+19,1.8653296668823212e+18,1.4767979463521953e+18,1.9712998069312893e+17,-1.1102230246251565e-16,1.34781075189494e-13,0,0.8944556093436831,1.7004210134345267e+19,4096,power,p0,2.0,0.5,A1_balanced_q01_q99,R1,R1,0.708260940476837,0.708260940476837,3,65,0.8034529339011134,0.10969810724196535,0.08684895885692125,0.0,2.908000336612643,0.27350162246609644,9.117234562774525,0.0008498619320458367,0.0006976588802258013,sQ_2,True,False,True,False
0.3046835697274018,7.486519061893072,0.07996299711717315,-0.01458712087084188,0.6107552994901521,0.5611627867660474,0.1115116258349447,0.7170821563980366,0.5302109479003926,0.7060142937583189,1.2167745444322553,2.9066123145901086,1.3686116115658924e+19,1.868611053657965e+18,1.4965969280108705e+18,1.9990557903320624e+17,-6.855627177060342e-15,1.2823075934420558e-13,0,0.8932831226258824,1.705132409732776e+19,4096,power,p0,2.0,0.5,A1_balanced_q01_q99,R1,R1,0.7170821563980366,0.7170821563980366,3,65,0.8026424245729854,0.10958744570169827,0.08777012972531638,0.0,2.90748302694925,0.2738435298632614,9.131081032767367,0.000870712359141379,0.000715078841136197,sQ_2,True,False,True,False
0.30542106187750717,7.481606840116891,0.08094565344900606,-0.013604464539008973,0.6113647363346519,0.5611627867660474,0.1115116258349447,0.7258942988493304,0.5297753218864191,0.7061440072481708,1.2162363898189783,2.906074159976832,1.371024183395113e+19,1.871905018395461e+18,1.5164217477236826e+18,2.026866393984411e+17,-5.21298670896897e-09,1.2567724638756772e-13,0,0.8921148593815775,1.7098568600070275e+19,4096,power,p0,2.0,0.5,A1_balanced_q01_q99,R1,R1,0.7258942988493304,0.7258942988493304,3,65,0.8018356480375077,0.1094772938120544,0.08868705815043781,1.1977610804167448e-16,2.906965936968594,0.2741858646826397,9.144948531585339,0.0008917769917617946,0.0007326894702457932,sQ_2,True,False,True,False
0.306159082037454,7.4767549678979455,0.08192737071572244,-0.012622747272292595,0.6119735907772857,0.5611627867660474,0.1115116258349447,0.734698020070017,0.5293407927421945,0.7062722341784942,1.215698241748567,2.9055360119064204,1.3734458625543653e+19,1.875211417674227e+18,1.5362739610442179e+18,2.0547335945076906e+17,3.3306690738754696e-16,1.213473765915296e-13,0,0.8909507021752145,1.7145944004262099e+19,4096,power,p0,2.0,0.5,A1_balanced_q01_q99,R1,R1,0.734698020070017,0.734698020070017,3,65,0.8010325137029244,0.10936763920423928,0.08959984709283633,0.0,2.9064490665773857,0.2745286274585514,9.15883709116523,0.0009130546709652521,0.0007504900485898115,sQ_2,True,False,True,False
0.3068976059652216,7.471964213154981,0.08290808342145166,-0.011642034566563375,0.6125818221979553,0.5611627867660474,0.1115116258349447,0.7434927327144264,0.5289073697516559,0.7063989504140982,1.2151601012766693,2.9049978714345226,1.3758767573250445e+19,1.878530399334461e+18,1.5561527000101788e+18,2.0826554512539683e+17,-5.750115217306728e-09,1.1002310174035301e-13,0,0.8897907143827133,1.7193450672595083e+19,4096,power,p0,2.0,0.5,A1_balanced_q01_q99,R1,R1,0.7434927327144264,0.7434927327144264,3,65,0.8002330559031274,0.10925848656597367,0.09050845753089899,1.1911512348503374e-16,2.905932415682372,0.27487181872599453,9.172746743492224,0.0009345442478494448,0.000768479864037343,sQ_2,True,False,True,False
0.30763667465426814,7.467232387240125,0.08388788942252835,-0.010662228565486681,0.6131894912865007,0.5611627867660474,0.1115116258349447,0.752279314326347,0.5284750239473561,0.7065242100892366,1.214621969449077,2.9044597396069305,1.3783167242887225e+19,1.8818617675622026e+18,1.5760599583164252e+18,2.110634672371478e+17,-1.942890293094024e-16,1.1157741397482823e-13,0,0.8886347466587441,1.7241088968765854e+19,4096,power,p0,2.0,0.5,A1_balanced_q01_q99,R1,R1,0.752279314326347,0.752279314326347,3,65,0.7994371624586453,0.10914982058102038,0.09141301696033428,0.0,2.9054159841903413,0.2752154390206291,9.186677520600231,0.0009562445834108146,0.0007866582111889345,sQ_2,True,False,True,False
0.30837626979112837,7.462559997904658,0.08486673817671188,-0.009683379811303156,0.6137965666969644,0.5611627867660474,0.1115116258349447,0.7610573116593997,0.5280437612291673,0.7066479960989854,1.2140838473018596,2.903921617459713,1.3807658491477975e+19,1.8852056393697928e+18,1.5959951266311155e+18,2.138669742125008e+17,1.1102230246251565e-16,1.0325074129013956e-13,0,0.8874828433517268,1.7288859257478885e+19,4096,power,p0,2.0,0.5,A1_balanced_q01_q99,R1,R1,0.7610573116593997,0.7610573116593997,3,65,0.7986448548075837,0.10904164417639543,0.09231350101602068,1.1845778657224407e-16,2.9048997720081196,0.27555948887878734,9.200629454571807,0.0009781545484064402,0.0008050243912795651,sQ_2,True,False,True,False
0.3091164073021534,7.4579460088726,0.08584466479635369,-0.008705453191661341,0.6144030702057907,0.5611627867660474,0.1115116258349447,0.769827039589735,0.5276135675212152,0.7067703322873867,1.2135457358615078,2.9033835060193613,1.3832240856696791e+19,1.8885619516343352e+18,1.6159590961175908e+18,2.166761591187587e+17,-4.440892098500626e-16,1.0447198661722723e-13,0,0.8863349375613896,1.7336761904448717e+19,4096,power,p0,2.0,0.5,A1_balanced_q01_q99,R1,R1,0.769827039589735,0.769827039589735,3,65,0.7978560779073371,0.10893394983694844,0.09320997225571437,0.0,2.9043837790425764,0.27590396883747054,9.214602577538047,0.001000273023215037,0.0008235777120817153,sQ_2,True,False,True,False
0.3098570901810287,7.4533899744976075,0.08682167208689734,-0.007728445901117695,0.6150090035528966,0.5611627867660474,0.1115116258349447,0.7785885232756583,0.5271844363780243,0.7068912269437482,1.213007636145058,2.9028454063029114,1.3856914376893682e+19,1.891930709591884e+18,1.6359521899180454e+18,2.1949102294601405e+17,-2.8451533073958757e-09,1.0325074129013956e-13,0,0.8851910047072413,1.7384797276403614e+19,4096,power,p0,2.0,0.5,A1_balanced_q01_q99,R1,R1,0.7785885232756583,0.7785885232756583,3,65,0.7970708059795252,0.10882673404307117,0.09410245997740356,1.1780407717378163e-16,2.903868005200617,0.276248879434352,9.228596921679049,0.0010225988977055067,0.0008423174878092786,sQ_2,True,False,True,False
0.31059833845322943,7.44889069371729,0.0877978052841164,-0.00675231270389863,0.6156143947932045,0.5611627867660474,0.1115116258349447,0.7873421683768776,0.5267563515858964,0.7070107084989019,1.2124695491602269,2.9023073193180804,1.3881678436729885e+19,1.8953118292281866e+18,1.6559754751298675e+18,2.2231168951459946e+17,-3.885780586188048e-16,9.414691248821327e-14,0,0.8840509655515305,1.7432965741087939e+19,4096,power,p0,2.0,0.5,A1_balanced_q01_q99,R1,R1,0.7873421683768776,0.7873421683768776,3,65,0.7962889758919225,0.10871998817511047,0.09499103593296702,1.1747857653233652e-16,2.9033524503891863,0.27659422120777916,9.242612519223716,0.0010451310711059314,0.0008612430390268699,sQ_2,True,False,True,False
0.3113401387930804,7.444448463040692,0.08877302657668917,-0.00577709141132586,0.6162192204763872,0.5611627867660474,0.1115116258349447,0.7960876358137551,0.5263293162769421,0.7071287657025849,1.2119314759055442,2.901769246063398,1.3906533706326139e+19,1.8987054020370624e+18,1.6760285589013466e+18,2.2513804309644867e+17,-5.049114293331769e-09,8.715250743307479e-14,0,0.8829148486769314,1.7481267667264549e+19,4096,power,p0,2.0,0.5,A1_balanced_q01_q99,R1,R1,0.7960876358137551,0.7960876358137551,3,65,0.7955105986030714,0.1086137137292727,0.09587568766765585,1.171539752712035e-16,2.902837114515273,0.27693999469676733,9.256649402449844,0.0010678684518752313,0.000880353692557972,sQ_2,True,False,True,False
0.31208252439385603,7.440061511141548,0.08974741389270027,-0.004802704095314761,0.6168235289329184,0.5611627867660474,0.1115116258349447,0.8048256244200135,0.5259033068622117,0.7072454423330702,1.2113934173704706,2.901231187528324,1.393147906825573e+19,1.9021112754525153e+18,1.6961130810102195e+18,2.279703035344906e+17,-6.537734242861859e-10,9.037215420448774e-14,0,0.8817825332794624,1.7529703424718463e+19,4096,power,p0,2.0,0.5,A1_balanced_q01_q99,R1,R1,0.8048256244200135,0.8048256244200135,3,65,0.7947355828399862,0.10850789824375276,0.09675651891626114,1.168302709053329e-16,2.9023219974859007,0.27728620044101054,9.270707603684313,0.0010908099575765995,0.0008996487813950345,sQ_2,True,False,True,False
0.3128254823469927,7.435730126129073,0.09072093051403421,-0.0038291874739808246,0.6174272973904699,0.5611627867660474,0.1115116258349447,0.8135558049195328,0.5254783263523808,0.7073607275098314,1.2108553745355266,2.9006931446933804,1.3956515179850353e+19,1.905529539222235e+18,1.7162286651865513e+18,2.3080835857069946e+17,-2.220446049250313e-16,8.548717289613705e-14,0,0.8806540470201256,1.7578273384259138e+19,4096,power,p0,2.0,0.5,A1_balanced_q01_q99,R1,R1,0.8135558049195328,0.8135558049195328,3,65,0.7939639391629914,0.1084025431603871,0.0976335176766216,1.165074609565424e-16,2.901807099208133,0.2776328389808773,9.284787155303025,0.001113954514752713,0.0009191276446127968,sQ_2,True,False,True,False
0.31356902421796456,7.431453512773424,0.09169360058045768,-0.002856517407557352,0.6180305408203627,0.5611627867660474,0.1115116258349447,0.8222783937898914,0.5250543637585681,0.707474639229487,1.2103173483724081,2.900155118530262,1.3981641759129166e+19,1.9089601548464356e+18,1.7363760037479775e+18,2.3365227283780192e+17,1.4432899320127035e-15,8.926193117986259e-14,0,0.8795293391941541,1.7626977917723576e+19,4096,power,p0,2.0,0.5,A1_balanced_q01_q99,R1,R1,0.8222783937898914,0.8222783937898914,3,65,0.7931956245926253,0.10829764261104645,0.09850673279632839,1.161855429534961e-16,2.9012924195890735,0.2779799108574093,9.298888089731213,0.0011373010588116017,0.0009387896272848599,sQ_2,True,False,True,False
0.31431315216903793,7.427231298042573,0.09266542490154545,-0.0018846930864695882,0.6186332597246893,0.5611627867660474,0.1115116258349447,0.8309933982910922,0.5246314135388676,0.7075871843263339,1.2097793398441152,2.8996171100019685,1.4006858887057779e+19,1.912403133379622e+18,1.7565553775412145e+18,2.3650204323166157e+17,-3.730300068838233e-09,8.237854842718662e-14,0,0.8784083894400316,1.7675817397978614e+19,4096,power,p0,2.0,0.5,A1_balanced_q01_q99,R1,R1,0.8309933982910922,0.8309933982910922,3,65,0.7924306170225308,0.1081931935774762,0.09937618939999301,1.1586451443168942e-16,2.900777958535869,0.2783274166123247,9.313010439443117,0.001160848533900527,0.0009586340803959893,sQ_2,True,False,True,False
0.31505788999358886,7.423062164308889,0.09363645782739985,-0.0009136601606151845,0.6192354878110177,0.5611627867660474,0.1115116258349447,0.8397013058171799,0.5242094579570084,0.7076983949023112,1.2092413499050574,2.899079120062911,1.4032165816670409e+19,1.9158583728360666e+18,1.776768009418148e+18,2.3935782431690992e+17,-4.718447854656915e-16,7.949196856316121e-14,0,0.8772911088783688,1.7724792198924624e+19,4096,power,p0,2.0,0.5,A1_balanced_q01_q99,R1,R1,0.8397013058171799,0.8397013058171799,3,65,0.7916688477465903,0.10808918667900112,0.10024196557440859,0.0,2.9002637159557008,0.2786753567880201,9.327154236962487,0.0011845958927896305,0.0009786603607615245,sQ_2,True,False,True,False
0.31580322739341676,7.418946299023074,0.09460666930604517,5.6551318030131914e-05,0.6198372064413148,0.5611627867660474,0.1115116258349447,0.8484018468718085,0.5237884986972196,0.7078082630015671,1.2087033795011708,2.8985411496590245,1.4057563110539588e+19,1.919325950025672e+18,1.7970136349326938e+18,2.4221952316453946e+17,0.0,7.693845560652335e-14,0,0.8761775173683883,1.7773902695497955e+19,4096,power,p0,2.0,0.5,A1_balanced_q01_q99,R1,R1,0.8484018468718085,0.8484018468718085,3,65,0.7909103223627021,0.10798562267992094,0.10110405495737684,1.1522511600779433e-16,2.8997496917557886,0.2790237319275701,9.341319514862466,0.0012085420967640204,0.0009988678309474747,sQ_2,True,False,True,False
0.31654917669247523,7.414882900827253,0.0955760852867718,0.001025967298756772,0.6204384317091556,0.5611627867660474,0.1115116258349447,0.8570952541597763,0.5233685246788727,0.7079168071085097,1.2081654295700373,2.8980031997278908,1.4083050465167876e+19,1.9228058235109207e+18,1.8172929749945733e+18,2.450872116661241e+17,5.162537064506978e-15,7.616129948928574e-14,0,0.8750675630660047,1.782314926367337e+19,4096,power,p0,2.0,0.5,A1_balanced_q01_q99,R1,R1,0.8570952541597763,0.8570952541597763,3,65,0.7901549976844745,0.1078824956838536,0.10196250663167185,0.0,2.8992358858433986,0.27937254257472605,9.355506305765509,0.0012326861155078639,0.0010192558591914922,sQ_2,True,False,True,False
0.31729574448201725,7.410871426229295,0.09654471752308201,0.0019945995350669765,0.6210391709039835,0.5611627867660474,0.1115116258349447,0.8657816330826694,0.5229495281460416,0.7080240389032385,1.207627501040984,2.8974652711988376,1.4108627798675597e+19,1.9262979821125084e+18,1.8376064996796803e+18,2.4796092038189197e+17,-1.3877787807814457e-16,7.316369732279782e-14,0,0.8739612126311962,1.7872532280467788e+19,4096,power,p0,2.0,0.5,A1_balanced_q01_q99,R1,R1,0.8657816330826694,0.8657816330826694,3,65,0.7894028432722083,0.10777980153476552,0.10281735519302604,1.145892461046598e-16,2.89872229812583,0.2797217892739222,9.369714642343746,0.0012570269269924772,0.0010398238193230927,sQ_2,True,False,True,False
0.31804293132069955,7.406911598882766,0.09751256290828822,0.0029624449202731856,0.6216394220990515,0.5611627867660474,0.1115116258349447,0.874460955780724,0.5225315047832575,0.7081299629881047,1.2070895948351956,2.896927364993049,1.4134295261651786e+19,1.9298024463908572e+18,1.857954415900093e+18,2.5084063595147277e+17,-3.890523431193671e-09,7.183142969324763e-14,0,0.8728584519546387,1.7922052123942734e+19,4096,power,p0,2.0,0.5,A1_balanced_q01_q99,R1,R1,0.874460955780724,0.874460955780724,3,65,0.7886538418649758,0.1076775378759647,0.10366862025905967,1.142726282591267e-16,2.898208928510421,0.2800714725702742,9.383944557318891,0.0012815635173719642,0.0010605710906897044,sQ_2,True,False,True,False
0.31879075329547496,7.403002474064813,0.09847965659202682,0.003929538604011781,0.6222392070939277,0.5611627867660474,0.1115116258349447,0.8831335374644496,0.5221144416561516,0.7082346019129803,1.2065517118658258,2.8963894820236793,1.416005241213232e+19,1.9333191560031327e+18,1.8783376050713518e+18,2.5372645918352653e+17,-5.397874841550632e-09,6.794564910705958e-14,0,0.8717592182994789,1.7971709173206802e+19,4096,power,p0,2.0,0.5,A1_balanced_q01_q99,R1,R1,0.8831335374644496,0.8831335374644496,3,65,0.7879079432936124,0.10757569785768788,0.10451635884869978,1.1395688525013912e-16,2.8976957769045564,0.2804215930095728,9.398196083462341,0.0013062948808770791,0.001081497058081594,sQ_2,True,False,True,False
0.3195392210433399,7.399143352170134,0.09944602022537528,0.00489590223736025,0.6228385393164646,0.5611627867660474,0.1115116258349447,0.8917995722936686,0.5216983289914721,0.7083379717577222,1.20601385303809,2.8958516231959432,1.4185899018842712e+19,1.936848079372658e+18,1.8987567102040648e+18,2.566184516005043e+17,-1.7963386611530296e-09,7.238654120556021e-14,0,0.8706634665227577,1.802150380841943e+19,4096,power,p0,2.0,0.5,A1_balanced_q01_q99,R1,R1,0.8917995722936686,0.8917995722936686,3,65,0.7871651095074114,0.10747427628474521,0.10536061420784365,2.27284029320927e-16,2.897182843215652,0.28077215113829795,9.412469253595262,0.0013312200197086455,0.0011026011116582546,sQ_2,True,False,True,False
0.32028833029220083,7.395334181628678,0.10041163881246272,0.005861520824447686,0.623437409466324,0.5611627867660474,0.1115116258349447,0.900458925790287,0.5212831653623435,0.7084400713055086,1.2054760192493754,2.895313789407229,1.4211835421920133e+19,1.9403892629394954e+18,1.9192117259335964e+18,2.595165652826425e+17,3.608224830031759e-16,6.916689443414725e-14,0,0.8695711984041368,1.8071436410793226e+19,4096,power,p0,2.0,0.5,A1_balanced_q01_q99,R1,R1,0.900458925790287,0.900458925790287,3,65,0.7864253343708786,0.10737327231943729,0.10620139330968405,0.0,2.8966701273511677,0.2811231475036092,9.426764100588704,0.0013563379439385237,0.001123882646876598,sQ_2,True,False,True,False
0.3210380834821918,7.391574623367453,0.10137651392206337,0.006826395934048338,0.6240358185164491,0.5611627867660474,0.1115116258349447,0.9091116120225622,0.5208689456316725,0.7085409070853981,1.2049382113893374,2.894775981547191,1.4237861706008947e+19,1.9439427182604214e+18,1.9397029383278118e+18,2.624208016781304e+17,-2.4947111043616133e-09,7.049916206369744e-14,0,0.8684823947507994,1.812150736259718e+19,4096,power,p0,2.0,0.5,A1_balanced_q01_q99,R1,R1,0.9091116120225622,0.9091116120225622,3,65,0.7856885975940344,0.10727268319150549,0.10703871921446015,0.0,2.8961576292185995,0.2814745826533516,9.441080657363674,0.0013816476714083592,0.0011453410644206136,sQ_2,True,False,True,False
0.3217885012111292,7.387863565923402,0.10234069163259082,0.007790573644575791,0.6246337950443619,0.5611627867660474,0.1115116258349447,0.9177580442067238,0.5204556547164387,0.7086405064150398,1.2044004303400038,2.894238200497857,1.4263977264184797e+19,1.947508362470031e+18,1.9602314205041723e+18,2.6533129679678442e+17,4.440892098500626e-16,7.105427357601002e-14,0,0.8673969800737316,1.8171717047159001e+19,4096,power,p0,2.0,0.5,A1_balanced_q01_q99,R1,R1,0.9177580442067238,0.9177580442067238,3,65,0.7849548409303926,0.10717250094836295,0.10787265812124443,0.0,2.8956453487254867,0.28182645713605253,9.455418956891025,0.001407148227629662,0.00116697577013138,sQ_2,True,False,True,False
0.32253957809464695,7.384201016771694,0.10330415429273777,0.00875403630472274,0.6252313281028404,0.5611627867660474,0.1115116258349447,0.9263980640515876,0.5200432919392859,0.7087388666569415,1.203862676975862,2.8937004471337158,1.429018248309363e+19,1.9510862483583839e+18,1.9807971174169193e+18,2.6824799499877453e+17,1.942890293094024e-16,7.16093850883226e-14,0,0.8663149600946414,1.8222065848868934e+19,4096,power,p0,2.0,0.5,A1_balanced_q01_q99,R1,R1,0.9263980640515876,0.9263980640515876,3,65,0.7842240611802334,0.1070727251531412,0.1087032136666255,0.0,2.895133285779405,0.28217877150092824,9.469779032191806,0.0014328386456892162,0.0011887861749409435,sQ_2,True,False,True,False
0.3232913211857563,7.38058645445898,0.10426691476488209,0.009716796776867057,0.625828425669045,0.5611627867660474,0.1115116258349447,0.9350317869027759,0.5196318498100172,0.7088359994185186,1.2033249521639586,2.8931627223218124,1.4316477275926444e+19,1.954676364073157e+18,2.0014005131826673e+18,2.711709327615181e+17,-1.8959154801656553e-09,6.7390537594747e-14,0,0.8652363019645235,1.8272554153182267e+19,4096,power,p0,2.0,0.5,A1_balanced_q01_q99,R1,R1,0.9350317869027759,0.9350317869027759,3,65,0.7834962291483016,0.10697335181971478,0.10953041903198367,0.0,2.894621440287968,0.28253152629788253,9.484160916337188,0.0014587179661558203,0.0012107716948043486,sQ_2,True,False,True,False
0.32404374543167724,7.3770190284914,0.10522900516792613,0.010678887179911098,0.6264251076629025,0.5611627867660474,0.1115116258349447,0.9436595007921608,0.5192213166065118,0.7089319252197512,1.2027872567639981,2.8926250269218516,1.4342861256678638e+19,1.9582786569118566e+18,2.022042433031337e+18,2.741002056822462e+17,-8.881784197001252e-16,6.550315845288424e-14,0,0.8641609487315991,1.8323182346621833e+19,4096,power,p0,2.0,0.5,A1_balanced_q01_q99,R1,R1,0.9436595007921608,0.9436595007921608,3,65,0.7827712995129893,0.10687437476017347,0.1103543257268371,2.235419548043281e-16,2.8941098121588347,0.2828847220775004,9.49856464244855,0.0014847852369830328,0.0012329317506331358,sQ_2,True,False,True,False
0.32479684177480017,7.373498911478144,0.1061903989768422,0.011640280988827162,0.6270213576337694,0.5611627867660474,0.1115116258349447,0.9522809678519191,0.5188116937643183,0.7090266371275763,1.202249591628423,2.8920873617862766,1.4369334955668169e+19,1.9618931992805606e+18,2.042722661833124e+18,2.7703573111718618e+17,-3.997227798757663e-09,7.30526750203353e-14,0,0.8630889178337633,1.8373950816781853e+19,4096,power,p0,2.0,0.5,A1_balanced_q01_q99,R1,R1,0.9522809678519191,0.9522809678519191,3,65,0.7820492772052015,0.10677579464775017,0.11117492814704842,0.0,2.8935984012996956,0.2832383593910611,9.512990243697587,0.0015110395134190213,0.0012552657682332806,sQ_2,True,False,True,False
0.325550637903851,7.3700247256605484,0.10715115933811517,0.012601041350100137,0.6276172147446707,0.5611627867660474,0.1115116258349447,0.9608967543591936,0.5184029627832107,0.7091201699757601,1.2017119576025115,2.8915497277603652,1.4395897504835676e+19,1.9655198726602312e+18,2.0634425748344097e+18,2.7997770043430496e+17,-1.1102230246251565e-16,7.238654120556021e-14,0,0.8620201136280818,1.842485995233032e+19,4096,power,p0,2.0,0.5,A1_balanced_q01_q99,R1,R1,0.9608967543591936,0.9608967543591936,3,65,0.7813300910878798,0.10667760176986518,0.11199230714225493,1.111541691659358e-16,2.8930872076182865,0.2835924387905313,9.527437753306378,0.0015374798579212978,0.0012777731782416526,sQ_2,True,False,True,False
0.3263051210237168,7.366596808834776,0.10811125064346568,0.013561132655450642,0.628212656911591,0.5611627867660474,0.1115116258349447,0.969506540990514,0.5179951272178561,0.7092125124848813,1.2011743555244616,2.891012125682315,1.4422549579438545e+19,1.9691587692460096e+18,2.0842017943277143e+18,2.8292600347396864e+17,-2.7755575615628914e-17,7.294165271787278e-14,0,0.8609545653786392,1.847591014301227e+19,4096,power,p0,2.0,0.5,A1_balanced_q01_q99,R1,R1,0.969506540990514,0.969506540990514,3,65,0.7806137542238082,0.10657979791002396,0.1128064478661678,0.0,2.8925762310223764,0.28394696082856763,9.541907204547517,0.0015641053400612392,0.0013004534160624961,sQ_2,True,False,True,False
0.3270603032825088,7.363214449665823,0.10907069810802018,0.01452058012000515,0.6288076997727824,0.5611627867660474,0.1115116258349447,0.978110553866935,0.5175881771351469,0.7093036816659791,1.2006367862254845,2.890474556383338,1.444929090625113e+19,1.9728098517334876e+18,2.1050010216675448e+18,2.8588071637151347e+17,-8.326672684688674e-17,7.271960811294775e-14,0,0.8598922257706592,1.852710177965216e+19,4096,power,p0,2.0,0.5,A1_balanced_q01_q99,R1,R1,0.978110553866935,0.978110553866935,3,65,0.779900228222442,0.1064823778266374,0.11361739395092077,0.0,2.89206547141978,0.2843019260585155,9.556398630743976,0.0015909150364423752,0.0013233059218087054,sQ_2,True,False,True,False
0.3278161905351102,7.359877207153527,0.11002951159114549,0.015479393603130456,0.6294023494429574,0.5611627867660474,0.1115116258349447,0.9867088814040522,0.517182106076916,0.7093936873070368,1.2000992505298818,2.8899370206877353,1.4476121453131532e+19,1.9764731157342252e+18,2.1258406852920143e+18,2.8884186861511443e+17,-2.498001805406602e-16,7.438494264988549e-14,0,0.858833067079299,1.857843525415777e+19,4096,power,p0,2.0,0.5,A1_balanced_q01_q99,R1,R1,0.9867088814040522,0.9867088814040522,3,65,0.7791894879786413,0.10638533809201715,0.11442517392934158,0.0,2.891554928718348,0.28465733503441637,9.570912065269422,0.0016179080306129023,0.0013463301402394485,sQ_2,True,False,True,False
0.3285727885916091,7.3565846465909095,0.11098770083489647,0.016437582846881432,0.6299966119640731,0.5611627867660474,0.1115116258349447,0.9953016109654457,0.516776907665642,0.7094825390782061,1.1995617492551307,2.8893995194129842,1.4503041191043553e+19,1.980148557283813e+18,2.146721211195376e+18,2.918094896373117e+17,-5.828670879282072e-16,7.671641100159832e-14,0,0.8577770619282354,1.8629910959522742e+19,4096,power,p0,2.0,0.5,A1_balanced_q01_q99,R1,R1,0.9953016109654457,0.9953016109654457,3,65,0.7784815087175859,0.1062886753235744,0.11522981595883969,0.0,2.8910446028259678,0.2850131883110016,9.585447541548296,0.001645083412983528,0.0013695255207046226,sQ_2,True,False,True,False
0.32915115307282183,7.360777238888987,0.1115116258349447,0.016961507846929666,0.6303215467235005,0.5611627867660474,0.1115116258349447,1.0,0.5164680050133686,0.7093694082510614,1.199024307204573,2.8888620773624263,1.4536849894154953e+19,1.9847645722152893e+18,2.1599148234589007e+18,2.934357002474526e+17,-0.00011313918862640437,7.860379014346108e-14,0,0.8572677071821204,1.8681529289829143e+19,4096,power,p0,2.0,0.5,A1_balanced_q01_q99,R2,R2,1.0,1.0,2,65,0.7781402511875356,0.10624208229547152,0.11561766651699289,0.0,2.8905344936505717,0.28536948644369525,9.600005093055595,0.0016724162881454063,0.0013928715348539458,sQ_2,True,False,True,False
0.3295139004648619,7.373984857526192,0.1115116258349447,0.016961507846929666,0.6303215467235005,0.5611627867660474,0.1115116258349447,1.0,0.516274633666092,0.7090135588702814,1.19848709974473,2.8883248699025836,1.4578983074233709e+19,1.9905171557353756e+18,2.1637904102823104e+18,2.934357002474526e+17,-0.00036261221453748327,7.904787935331115e-14,0,0.8574155749805963,1.873329064025139e+19,4096,power,p0,2.0,0.5,A1_balanced_q01_q99,R2,R2,1.0,1.0,2,65,0.7782393042527452,0.10625560634064149,0.11550508940661337,2.1864818512979808e-16,2.8900246011001265,0.28572622998861635,9.61458475331737,0.001699731197542853,0.0014162221695170455,sQ_2,True,False,True,False
0.32987708951354583,7.3872144295771776,0.1115116258349447,0.016961507846929666,0.6303215467235005,0.5611627867660474,0.1115116258349447,1.0,0.5160813124413515,0.7086579348609143,1.1979501617528747,2.8877879319107285,1.4621236773848328e+19,1.996286194189425e+18,2.1676724390210652e+18,2.934357002474526e+17,-0.0006116525135305695,7.471800955727304e-14,0,0.8575633158109679,1.8785195407058817e+19,4096,power,p0,2.0,0.5,A1_balanced_q01_q99,R2,R2,1.0,1.0,2,65,0.7783382848577759,0.10626912049258165,0.11539259464964256,0.0,2.8895149250826373,0.28608341950258326,9.629186555910445,0.0017269931719088305,0.0014395482691487542,sQ_2,True,False,True,False
0.3302407207769171,7.400465989047973,0.1115116258349447,0.016961507846929666,0.6303215467235005,0.5611627867660474,0.1115116258349447,1.0,0.515888041348233,0.7083025360394136,1.197413493058363,2.887251263216217,1.466361133384958e+19,2.0020717341149292e+18,2.171560919653749e+18,2.934357002474526e+17,-0.0008602606275427971,7.760458942129844e-14,0,0.8577109297368992,1.8837243987618255e+19,4096,power,p0,2.0,0.5,A1_balanced_q01_q99,R2,R2,1.0,1.0,2,65,0.778437193014434,0.10628262475290406,0.115280182232662,2.1744157492955477e-16,2.8890054655061537,0.28644105554310195,9.643810534462697,0.0017542022899368348,0.0014628498555640025,sQ_2,True,False,True,False
0.3306047948137211,7.413739569995429,0.1115116258349447,0.016961507846929666,0.6303215467235005,0.5611627867660474,0.1115116258349447,1.0,0.5156948203958063,0.7079473622223857,1.1968770934906838,2.886714863648537,1.4706107096044225e+19,2.0078738221799048e+18,2.175455862173857e+18,2.934357002474526e+17,-0.0011084370980169178,8.237854842718662e-14,0,0.8578584168221006,1.8889436780397986e+19,4096,power,p0,2.0,0.5,A1_balanced_q01_q99,R2,R2,1.0,1.0,2,65,0.778536028734594,0.1062961191232299,0.11516785214217604,0.0,2.88849622227876,0.2867991386683833,9.65845672265303,0.0017813586302226625,0.001486126950567347,sQ_2,True,False,True,False
0.33096931218341163,7.427035206526958,0.1115116258349447,0.016961507846929666,0.6303215467235005,0.5611627867660474,0.1115116258349447,1.0,0.515501649593123,0.7075924132265999,1.1963409628794681,2.8861787330373216,1.474872440319726e+19,2.0136925051831992e+18,2.1793572765897219e+18,2.934357002474526e+17,-0.0013561824659035493,7.793765632868599e-14,0,0.8580057771302996,1.894177418497018e+19,4096,power,p0,2.0,0.5,A1_balanced_q01_q99,R2,R2,1.0,1.0,2,65,0.7786347920301997,0.10630960360518993,0.11505560436461053,2.1624162340875508e-16,2.887987195308579,0.2871576694373312,9.673125154211588,0.001808462271257305,0.001509379575948989,sQ_2,True,False,True,False
0.33133427344613825,7.440352932800984,0.1115116258349447,0.016961507846929666,0.6303215467235005,0.5611627867660474,0.1115116258349447,1.0,0.515308528949222,0.7072376888689772,1.1958051010544826,2.885642871212336,1.4791463599034747e+19,2.0195278300548774e+18,2.1832651729246444e+18,2.934357002474526e+17,-0.0016034972716552909,7.960299086562372e-14,0,0.8581530107252873,1.899425660201427e+19,4096,power,p0,2.0,0.5,A1_balanced_q01_q99,R2,R2,1.0,1.0,2,65,0.7787334829132596,0.1063230782004237,0.11494343888631668,0.0,2.8874783845037744,0.28751664840955227,9.687815862919678,0.0018355132914384953,0.0015326077534878373,sQ_2,True,False,True,False
0.33169967916275783,7.453692783026578,0.1115116258349447,0.016961507846929666,0.6303215467235005,0.5611627867660474,0.1115116258349447,1.0,0.5151154584731252,0.7068831889666031,1.1952695078456381,2.885107278003492,1.4834325028246077e+19,2.0253798438565312e+18,2.1871795612167877e+18,2.934357002474526e+17,-0.0018503820552309702,7.771561172376096e-14,0,0.8583001176708722,1.9046884433319395e+19,4096,power,p0,2.0,0.5,A1_balanced_q01_q99,R2,R2,1.0,1.0,2,65,0.7788321013958516,0.10633654291058027,0.11483135569356825,0.0,2.886969789772551,0.2878760761453483,9.702528882609828,0.0018625117690591608,0.0015558115049488187,sQ_2,True,False,True,False
0.33206552989482685,7.467054791464066,0.1115116258349447,0.016961507846929666,0.6303215467235005,0.5611627867660474,0.1115116258349447,1.0,0.5149224381738414,0.7065289133367123,1.194734183082979,2.8845719532408323,1.4877309036487324e+19,2.031248593781736e+18,2.1911004515193544e+18,2.934357002474526e+17,-0.0020968373560933673,7.838174553853605e-14,0,0.858447098030928,1.9099658081788416e+19,4096,power,p0,2.0,0.5,A1_balanced_q01_q99,R2,R2,1.0,1.0,2,65,0.7789306474901184,0.1063499977373175,0.114719354772564,2.144541008252681e-16,2.8864614110231477,0.2882359532057235,9.717264247166124,0.001889457782315418,0.0015789908520853942,sQ_2,True,False,True,False
0.3324318262046181,7.480438992424602,0.1115116258349447,0.016961507846929666,0.6303215467235005,0.5611627867660474,0.1115116258349447,1.0,0.5147294680603581,0.706174861796703,1.1941991265966885,2.884036896754542,1.4920415970383663e+19,2.0371341271563827e+18,2.195027853900462e+18,2.934357002474526e+17,-0.002342863713216181,7.316369732279782e-14,0,0.858593951869334,1.9152577951440507e+19,4096,power,p0,2.0,0.5,A1_balanced_q01_q99,R2,R2,1.0,1.0,2,65,0.7790291212082741,0.10636344268230301,0.11460743610942303,2.1386154962454708e-16,2.885953248163845,0.2885962801523864,9.732021990523991,0.0019163514093030187,0.0016021458166377974,sQ_2,True,False,True,False
0.3327985686550964,7.493845420270572,0.1115116258349447,0.016961507846929666,0.6303215467235005,0.5611627867660474,0.1115116258349447,1.0,0.5145365481416544,0.7058210341641271,1.1936643382170917,2.8835021083749455,1.4963646177531574e+19,2.0430364914389775e+18,2.1989617784432612e+18,2.934357002474526e+17,-0.002588461665071623,7.30526750203353e-14,0,0.8587406792500403,1.9205644447413813e+19,4096,power,p0,2.0,0.5,A1_balanced_q01_q99,R2,R2,1.0,1.0,2,65,0.7791275225625945,0.1063768777472129,0.11449559969019255,0.0,2.8854453011029637,0.28895705754774037,9.746802146670424,0.0019431927280182393,0.0016252764203334971,sQ_2,True,False,True,False
0.3331657578099438,7.507274109415549,0.1115116258349447,0.016961507846929666,0.6303215467235005,0.5611627867660474,0.1115116258349447,1.0,0.5143436784266888,0.7054674302566943,1.1931298177746483,2.8829675879325016,1.5007000006502412e+19,2.0489557342211297e+18,2.2029022352459228e+18,2.934357002474526e+17,-0.002833631749643545,8.004708007547379e-14,0,0.8588872802370162,1.925885797596947e+19,4096,power,p0,2.0,0.5,A1_balanced_q01_q99,R2,R2,1.0,1.0,2,65,0.7792258515654263,0.1063903029337329,0.11438384550084058,2.1268135447651391e-16,2.8849375697488613,0.28931828595489933,9.761604749644006,0.001969981816359656,0.001648382684888231,sQ_2,True,False,True,False
0.3335333942335525,7.52072509432429,0.1115116258349447,0.016961507846929666,0.6303215467235005,0.5611627867660474,0.1115116258349447,1.0,0.5141508589244028,0.7051140498922734,1.1925955650999567,2.88243333525781,1.5050477806844609e+19,2.0548919032278505e+18,2.206849234421637e+18,2.934357002474526e+17,-0.0030783745044228594,7.915890165577366e-14,0,0.8590337548942606,1.9312218944494096e+19,4096,power,p0,2.0,0.5,A1_balanced_q01_q99,R2,R2,1.0,1.0,2,65,0.7793241082291836,0.10640371824355788,0.11427217352725844,0.0,2.8844300540099344,0.28967996593767664,9.776429833535097,0.001996718752124149,0.0016714646320044294,sQ_2,True,False,True,False
0.3339014784910175,7.5341984095130865,0.1115116258349447,0.016961507846929666,0.6303215467235005,0.5611627867660474,0.1115116258349447,1.0,0.5139580896437255,0.7047608928888854,1.1920615800237522,2.8818993501816057,1.5094079929086552e+19,2.0608450463179505e+18,2.2108027860987162e+18,2.934357002474526e+17,-0.0033226904664044876,7.271960811294775e-14,0,0.8591801032858319,1.936572776150322e+19,4096,power,p0,2.0,0.5,A1_balanced_q01_q99,R2,R2,1.0,1.0,2,65,0.779422292566345,0.10641712367839164,0.1141605837552633,0.0,2.883922753794618,0.29004209806059394,9.791277432485789,0.0020234036130122313,0.0016945222833716837,sQ_2,True,False,True,False
0.3342700111481446,7.547694089549472,0.1115116258349447,0.016961507846929666,0.6303215467235005,0.5611627867660474,0.1115116258349447,1.0,0.5137653705935697,0.7044079590647131,1.1915278623769128,2.8813656325347665,1.5137806724738922e+19,2.066815211484354e+18,2.2147629004205084e+18,2.934357002474526e+17,-0.0035665801720901613,7.116529587847253e-14,0,0.8593263254758128,1.9419384836643783e+19,4096,power,p0,2.0,0.5,A1_balanced_q01_q99,R2,R2,1.0,1.0,2,65,0.7795204045894567,0.10643051923994715,0.11404907617059624,2.1092326221739907e-16,2.8834156690113897,0.29040468288887483,9.806147580689911,0.0020500364766231627,0.0017175556606672077,sQ_2,True,False,True,False
0.33463899277145015,7.561212169052677,0.1115116258349447,0.016961507846929666,0.6303215467235005,0.5611627867660474,0.1115116258349447,1.0,0.5135727017828328,0.7040552482380907,1.1909944119904485,2.880832182148302,1.5181658546298118e+19,2.0728024468545697e+18,2.2187295875455322e+18,2.934357002474526e+17,-0.0038100441574892008,7.271960811294775e-14,0,0.859472421528336,1.947319058069822e+19,4096,power,p0,2.0,0.5,A1_balanced_q01_q99,R2,R2,1.0,1.0,2,65,0.7796184443111311,0.10644390492994645,0.11393765075892247,0.0,2.882908799568762,0.29076772098845177,9.821040312393393,0.0020766174204598364,0.0017405647855559504,sQ_2,True,False,True,False
0.33500842392817015,7.574752682693368,0.1115116258349447,0.016961507846929666,0.6303215467235005,0.5611627867660474,0.1115116258349447,1.0,0.5133800832203916,0.7037027602275135,1.1904612286955079,2.8802989988533616,1.5225635747248703e+19,2.078806800691023e+18,2.2227028576473987e+18,2.934357002474526e+17,-0.004053082958121679,7.138734048339757e-14,0,0.8596183915075479,1.9527145405587124e+19,4096,power,p0,2.0,0.5,A1_balanced_q01_q99,R2,R2,1.0,1.0,2,65,0.7797164117440499,0.10645728075012097,0.11382630750582914,0.0,2.8824021453752855,0.29113121292596467,9.835955661894172,0.002103146521923893,0.0017635496796897553,sQ_2,True,False,True,False
0.3353783051862367,7.588315665194024,0.1115116258349447,0.016961507846929666,0.6303215467235005,0.5611627867660474,0.1115116258349447,1.0,0.5131875149151166,0.7033504948516287,1.1899283123233808,2.8797660824812343,1.5269738682065652e+19,2.0848283213913636e+18,2.2266827209149225e+18,2.934357002474526e+17,-0.004295697109007374,7.926992395823618e-14,0,0.8597642354776711,1.958124972437194e+19,4096,power,p0,2.0,0.5,A1_balanced_q01_q99,R2,R2,1.0,1.0,2,65,0.7798143069009567,0.10647064670221061,0.11371504639683269,0.0,2.8818957063395554,0.2914951592687606,9.85089366354207,0.0021296238583210503,0.0017865103647080104,sQ_2,True,False,True,False
0.3357486371143161,7.601901151328642,0.1115116258349447,0.016961507846929666,0.6303215467235005,0.5611627867660474,0.1115116258349447,1.0,0.5129949968758507,0.7029984519292464,1.1893956627054905,2.879233432863344,1.531396770621805e+19,2.090867057488971e+18,2.230669187552036e+18,2.934357002474526e+17,-0.004537887144683728,7.260858581048524e-14,0,0.859909953502914,1.963550395125906e+19,4096,power,p0,2.0,0.5,A1_balanced_q01_q99,R2,R2,1.0,1.0,2,65,0.779912129794667,0.10648400278796519,0.11360386741736782,0.0,2.8813894823702,0.2918595605848958,9.865854351739326,0.002156049506856217,0.0018094468622372013,sQ_2,True,False,True,False
0.3361194202817707,7.615509175923409,0.1115116258349447,0.016961507846929666,0.6303215467235005,0.5611627867660474,0.1115116258349447,1.0,0.5128025291114309,0.7026466312793228,1.1888632796733967,2.87870104983125,1.5358323176171289e+19,2.0969230576532534e+18,2.234662267777986e+18,2.934357002474526e+17,-0.004779653599187944,7.849276784099857e-14,0,0.8600555456475771,1.968990850160253e+19,4096,power,p0,2.0,0.5,A1_balanced_q01_q99,R2,R2,1.0,1.0,2,65,0.7800098804380579,0.10649734900914284,0.11349277055279919,0.0,2.880883473375887,0.29222441744314,9.880837760940311,0.0021824235446366025,0.0018323591938917468,sQ_2,True,False,True,False
0.33649065525869015,7.629139773855993,0.1115116258349447,0.016961507846929666,0.6303215467235005,0.5611627867660474,0.1115116258349447,1.0,0.5126101116306722,0.7022950327209814,1.1883311630588018,2.8781689332166556,1.540280544938963e+19,2.1029963706899976e+18,2.2386619718271255e+18,2.934357002474526e+17,-0.0050209970060703935,7.505107646466058e-14,0,0.8602010119759522,1.974446379190675e+19,4096,power,p0,2.0,0.5,A1_balanced_q01_q99,R2,R2,1.0,1.0,2,65,0.7801075588440763,0.10651068536751122,0.11338175578841256,0.0,2.880377679265327,0.29258973041296865,9.89584392565166,0.002208746048671273,0.0018552473812722284,sQ_2,True,False,True,False
0.33686234261587483,7.642792980056332,0.1115116258349447,0.016961507846929666,0.6303215467235005,0.5611627867660474,0.1115116258349447,1.0,0.512417744442376,0.7019436560734943,1.1877993126935396,2.8776370828513933,1.5447414884339634e+19,2.1090870455418383e+18,2.2426683099491448e+18,2.934357002474526e+17,-0.005261917898387786,7.072120666862247e-14,0,0.8603463525523936,1.979917023983062e+19,4096,power,p0,2.0,0.5,A1_balanced_q01_q99,R2,R2,1.0,1.0,2,65,0.7802051650257332,0.1065240118648468,0.11327082310941991,0.0,2.8798720999472662,0.29295550006457416,9.910872880432478,0.0022350170958729265,0.0018781114459684818,sQ_2,True,False,True,False
0.3372344829248416,7.656468829506383,0.1115116258349447,0.016961507846929666,0.6303215467235005,0.5611627867660474,0.1115116258349447,1.0,0.5122254275553284,0.70159250115629,1.1872677284095823,2.8771054985674356,1.5492151840492513e+19,2.1151951312885778e+18,2.2466812924089994e+18,2.934357002474526e+17,-0.005502416808705335,7.16093850883226e-14,0,0.8604915674412918,1.985402826419009e+19,4096,power,p0,2.0,0.5,A1_balanced_q01_q99,R2,R2,1.0,1.0,2,65,0.7803026989961066,0.10653732850293508,0.11315997250095829,0.0,2.879366735330488,0.29332172696885844,9.925924659894402,0.0022612367630525654,0.0019009514095559624,sQ_2,True,False,True,False
0.33760707675782653,7.670167357240271,0.1115116258349447,0.016961507846929666,0.6303215467235005,0.5611627867660474,0.1115116258349447,1.0,0.5120331609782988,0.701241567788953,1.1867364100390378,2.8765741801968914,1.553701667832715e+19,2.1213206771476001e+18,2.250700929486952e+18,2.934357002474526e+17,-0.00574249426909787,7.749356711883593e-14,0,0.8606366567070731,1.99090382849617e+19,4096,power,p0,2.0,0.5,A1_balanced_q01_q99,R2,R2,1.0,1.0,2,65,0.7804001607683401,0.1065506352835707,0.11304920394808922,0.0,2.8788615853238166,0.29368841169743887,9.94099929870164,0.002287405126925268,0.001923767293598081,sQ_2,True,False,True,False
0.3379801246877884,7.683888598344081,0.1115116258349447,0.016961507846929666,0.6303215467235005,0.5611627867660474,0.1115116258349447,1.0,0.5118409447200385,0.7008908557912291,1.1862053574141556,2.876043127572009,1.5582009759332446e+19,2.12746373247419e+18,2.2547272314785124e+18,2.934357002474526e+17,-0.0059821508111502775,7.394085344003543e-14,0,0.8607816204141787,1.9964200723285148e+19,4096,power,p0,2.0,0.5,A1_balanced_q01_q99,R2,R2,1.0,1.0,2,65,0.7804975503556446,0.10656393220855735,0.11293851743579808,0.0,2.8783566498361184,0.2940555548226453,9.956096831570878,0.0023135222641093023,0.001946559119645922,sQ_2,True,False,True,False
0.21495525050006384,6.804419762102796,0.0,-0.09455011798801503,0.5611627867660474,0.5611627867660474,0.1115116258349447,0.0,0.596975922219151,0.7251467531435806,1.3221226753627315,3.011960445520585,8.775874526822348e+18,2.396398804124289e+18,0.0,0.0,0.008734551970481008,7.771561172376096e-16,0,0.9999999999999978,1.1172273330946638e+19,8192,power,p0,2.0,0.5,A1_balanced_q01_q99,R0,R0,0.0,0.0,2,65,0.7855048177628822,0.2144951822371177,0.0,0.0,3.011960445520585,0.21495525050006384,6.804419762102796,0.0,0.0,sQ_2,True,False,False,False
0.2152239684313979,6.814753728329698,0.0,-0.09455011798801503,0.5611627867660474,0.5611627867660474,0.1115116258349447,0.0,0.596722408097242,0.7248388094970519,1.321561217594294,3.0113989877521474,8.800190047762692e+18,2.4030385623757327e+18,0.0,0.0,0.008392690816118653,3.3306690738754696e-16,0,0.9999999999999991,1.1203228610138425e+19,8192,power,p0,2.0,0.5,A1_balanced_q01_q99,R0,R0,0.0,0.0,2,65,0.7855048177628822,0.21449518223711772,0.0,0.0,3.0113989877521474,0.2152239684313979,6.814753728329698,0.0,0.0,sQ_2,True,False,False,False
0.21549302228998446,6.825103388893811,0.0,-0.09455011798801503,0.5611627867660474,0.5611627867660474,0.1115116258349447,0.0,0.5964690016336278,0.7245309966230713,1.3209999982566991,3.010837768414553,8.824572940286055e+18,2.409696717560779e+18,0.0,0.0,0.008051540459092343,3.3306690738754696e-16,0,0.9999999999999982,1.1234269657846833e+19,8192,power,p0,2.0,0.5,A1_balanced_q01_q99,R0,R0,0.0,0.0,2,65,0.7855048177628824,0.21449518223711772,0.0,0.0,3.010837768414553,0.21549302228998446,6.825103388893811,0.0,0.0,sQ_2,True,False,False,False
0.21576241249576905,6.835468767630257,0.0,-0.09455011798801503,0.5611627867660474,0.5611627867660474,0.1115116258349447,0.0,0.5962157027825905,0.7242233144661065,1.320439017248697,3.010276787406551,8.849023391060313e+18,2.416373320652203e+18,0.0,0.0,0.007711099651447728,1.1102230246251565e-16,0,0.9999999999999996,1.1265396711712516e+19,8192,power,p0,2.0,0.5,A1_balanced_q01_q99,R0,R0,0.0,0.0,2,65,0.7855048177628823,0.21449518223711772,0.0,0.0,3.010276787406551,0.21576241249576905,6.835468767630257,0.0,0.0,sQ_2,True,False,False,False
0.21603213946922348,6.84584988841048,0.0,-0.09455011798801503,0.5611627867660474,0.5611627867660474,0.1115116258349447,0.0,0.5959625114984305,0.723915762970646,1.3198782744690765,3.0097160446269298,8.873541587270764e+18,2.42306842276407e+18,0.0,0.0,0.007371367147341212,1.4432899320127035e-15,0,0.9999999999999989,1.1296610010034835e+19,8192,power,p0,2.0,0.5,A1_balanced_q01_q99,R0,R0,0.0,0.0,2,65,0.7855048177628822,0.2144951822371177,0.0,1.8129332588986885e-16,3.0097160446269298,0.21603213946922348,6.84584988841048,0.0,0.0,sQ_2,True,False,False,False
0.21630220363134334,6.856246775142185,0.0,-0.09455011798801503,0.5611627867660474,0.5611627867660474,0.1115116258349447,0.0,0.5957094277354693,0.723608342081201,1.3193177698166703,3.0091555399745236,8.898127716621275e+18,2.4297820751520497e+18,0.0,0.0,0.007032341703039846,9.992007221626409e-16,0,0.9999999999999964,1.1327909791773325e+19,8192,power,p0,2.0,0.5,A1_balanced_q01_q99,R0,R0,0.0,0.0,2,65,0.7855048177628823,0.21449518223711772,0.0,0.0,3.0091555399745236,0.21630220363134334,6.856246775142185,0.0,0.0,sQ_2,True,False,False,False
0.21657260540365492,6.8666594517693005,0.0,-0.09455011798801503,0.5611627867660474,0.5611627867660474,0.1115116258349447,0.0,0.5954564514480438,0.7233010517423089,1.3187575031903527,3.008595273348206,8.92278196733586e+18,2.4365143292138455e+18,0.0,0.0,0.0066940220769121095,7.771561172376096e-16,0,0.999999999999996,1.1359296296549708e+19,8192,power,p0,2.0,0.5,A1_balanced_q01_q99,R0,R0,0.0,0.0,2,65,0.7855048177628822,0.21449518223711767,0.0,1.802928585129048e-16,3.008595273348206,0.21657260540365492,6.8666594517693005,0.0,0.0,sQ_2,True,False,False,False
0.2168433452082064,6.877087942272112,0.0,-0.09455011798801503,0.5611627867660474,0.5611627867660474,0.1115116258349447,0.0,0.5952035825905148,0.722993891898531,1.318197474489046,3.0080352446468996,8.947504528159832e+18,2.443265236489512e+18,0.0,0.0,0.0063564070294335195,1.2212453270876722e-15,0,0.9999999999999973,1.1390769764649343e+19,8192,power,p0,2.0,0.5,A1_balanced_q01_q99,R0,R0,0.0,0.0,2,65,0.7855048177628823,0.21449518223711778,0.0,1.7979469713766497e-16,3.0080352446468996,0.2168433452082064,6.877087942272112,0.0,0.0,sQ_2,True,False,False,False
0.21711442346757603,6.887532270667411,0.0,-0.09455011798801503,0.5611627867660474,0.5611627867660474,0.1115116258349447,0.0,0.5949508211172604,0.7226868624944497,1.31763768361171,3.0074754537695636,8.972295588361679e+18,2.450034848661962e+18,0.0,0.0,0.006019495323175139,3.3306690738754696e-16,0,0.9999999999999989,1.1422330437023642e+19,8192,power,p0,2.0,0.5,A1_balanced_q01_q99,R0,R0,0.0,0.0,2,65,0.7855048177628823,0.2144951822371177,0.0,0.0,3.0074754537695636,0.21711442346757603,6.887532270667411,0.0,0.0,sQ_2,True,False,False,False
0.21738584060487026,6.897992461008471,0.0,-0.09455011798801503,0.5611627867660474,0.5611627867660474,0.1115116258349447,0.0,0.5946981669826781,0.7223799634746706,1.3170781304573487,3.006915900615202,8.997155337734306e+18,2.4568232175573146e+18,0.0,0.0,0.0056832857228028,5.551115123125783e-16,0,0.9999999999999982,1.145397855529162e+19,8192,power,p0,2.0,0.5,A1_balanced_q01_q99,R0,R0,0.0,0.0,2,65,0.7855048177628824,0.21449518223711775,0.0,0.0,3.006915900615202,0.21738584060487026,6.897992461008471,0.0,0.0,sQ_2,True,False,False,False
0.21765759704372334,6.908468537384961,0.0,-0.09455011798801503,0.5611627867660474,0.5611627867660474,0.1115116258349447,0.0,0.5944456201411856,0.7220731947838267,1.3165188149250122,3.006356585082866,9.02208396659626e+18,2.463630395145218e+18,0.0,0.0,0.005347776995075326,1.1102230246251565e-16,0,0.9999999999999993,1.1485714361741478e+19,8192,power,p0,2.0,0.5,A1_balanced_q01_q99,R0,R0,0.0,0.0,2,65,0.7855048177628823,0.21449518223711767,0.0,0.0,3.006356585082866,0.21765759704372334,6.908468537384961,0.0,0.0,sQ_2,True,False,False,False
0.21792969320830025,6.918960523923264,0.0,-0.09455011798801503,0.5611627867660474,0.5611627867660474,0.1115116258349447,0.0,0.5941931805472193,0.7217665563665706,1.3159597369137899,3.0057975070716436,9.047081665793624e+18,2.4704564335393787e+18,0.0,0.0,0.005012967908837873,3.3306690738754696e-16,0,0.9999999999999991,1.1517538099333003e+19,8192,power,p0,2.0,0.5,A1_balanced_q01_q99,R0,R0,0.0,0.0,2,65,0.7855048177628823,0.2144951822371177,0.0,0.0,3.0057975070716436,0.21792969320830025,6.918960523923264,0.0,0.0,sQ_2,True,False,False,False
0.21820212952329449,6.92946844478641,0.0,-0.09455011798801503,0.5611627867660474,0.5611627867660474,0.1115116258349447,0.0,0.5939408481552361,0.7214600481675787,1.3154008963228148,3.0052386664806683,9.072148626701198e+18,2.4773013849978737e+18,0.0,0.0,0.004678857235021372,9.992007221626409e-16,0,0.9999999999999956,1.154945001169907e+19,8192,power,p0,2.0,0.5,A1_balanced_q01_q99,R0,R0,0.0,0.0,2,65,0.7855048177628824,0.21449518223711772,0.0,1.7732446115836412e-16,3.0052386664806683,0.21820212952329449,6.92946844478641,0.0,0.0,sQ_2,True,False,False,False
0.21847490641393583,6.939992324174007,0.0,-0.09455011798801503,0.5611627867660474,0.5611627867660474,0.1115116258349447,0.0,0.5936886229197076,0.7211536701315538,1.3148422930512615,3.004680063209115,9.097285041224095e+18,2.4841653019235927e+18,0.0,0.0,0.004345443746632871,5.551115123125783e-16,0,0.9999999999999987,1.1581450343147688e+19,8192,power,p0,2.0,0.5,A1_balanced_q01_q99,R0,R0,0.0,0.0,2,65,0.7855048177628823,0.2144951822371177,0.0,0.0,3.004680063209115,0.21847490641393583,6.939992324174007,0.0,0.0,sQ_2,True,False,False,False
0.21874802430597723,6.95053218632251,0.0,-0.09455011798801503,0.5611627867660474,0.5611627867660474,0.1115116258349447,0.0,0.5934365047951324,0.7208474222032202,1.3142839269983526,3.004121697156206,9.12249110179892e+18,2.4910482368645586e+18,0.0,0.0,0.0040127262187646395,1.2212453270876722e-15,0,0.9999999999999969,1.1613539338663481e+19,8192,power,p0,2.0,0.5,A1_balanced_q01_q99,R0,R0,0.0,0.0,2,65,0.7855048177628821,0.2144951822371177,0.0,1.7634589596488072e-16,3.004121697156206,0.21874802430597723,6.95053218632251,0.0,0.0,sQ_2,True,False,False,False
0.21902148362571086,6.961088055505141,0.0,-0.09455011798801503,0.5611627867660474,0.5611627867660474,0.1115116258349447,0.0,0.593184493736022,0.7205413043273257,1.3137257980633477,3.0035635682212014,9.147767001395704e+18,2.4979502425144535e+18,0.0,0.0,0.0036807034285761264,3.3306690738754696e-16,0,0.9999999999999982,1.1645717243910158e+19,8192,power,p0,2.0,0.5,A1_balanced_q01_q99,R0,R0,0.0,0.0,2,65,0.7855048177628822,0.2144951822371177,0.0,1.758586403143998e-16,3.0035635682212014,0.21902148362571086,6.961088055505141,0.0,0.0,sQ_2,True,False,False,False
0.21929528479995902,6.971659956032062,0.0,-0.09455011798801503,0.5611627867660474,0.5611627867660474,0.1115116258349447,0.0,0.5929325896969099,0.7202353164486404,1.3131679061455501,3.0030056763034034,9.173112933519127e+18,2.504871371712956e+18,0.0,0.0,0.0033493741552994005,1.2212453270876722e-15,0,0.9999999999999978,1.167798430523208e+19,8192,power,p0,2.0,0.5,A1_balanced_q01_q99,R0,R0,0.0,0.0,2,65,0.7855048177628824,0.21449518223711772,0.0,1.753727309842706e-16,3.0030056763034034,0.21929528479995902,6.971659956032062,0.0,0.0,sQ_2,True,False,False,False
0.21956942825607684,6.982247912250216,0.0,-0.09455011798801503,0.5611627867660474,0.5611627867660474,0.1115116258349447,0.0,0.5926807926323491,0.7199294585119614,1.3126102511443105,3.002448021302164,9.198529092209796e+18,2.511811677446088e+18,0.0,0.0,0.003018737180234876,3.3306690738754696e-16,0,0.9999999999999991,1.1710340769655886e+19,8192,power,p0,2.0,0.5,A1_balanced_q01_q99,R0,R0,0.0,0.0,2,65,0.7855048177628822,0.2144951822371177,0.0,1.7488816425452164e-16,3.002448021302164,0.21956942825607684,6.982247912250216,0.0,0.0,sQ_2,True,False,False,False
0.21984391442195517,6.9928519485436444,0.0,-0.09455011798801503,0.5611627867660474,0.5611627867660474,0.1115116258349447,0.0,0.5924291024969113,0.719623730462106,1.3120528329590173,3.0018906031168706,9.224015672046189e+18,2.5187712128467456e+18,0.0,0.0,0.0026887912867443187,1.1102230246251565e-16,0,0.9999999999999996,1.1742786884892934e+19,8192,power,p0,2.0,0.5,A1_balanced_q01_q99,R0,R0,0.0,0.0,2,65,0.7855048177628823,0.2144951822371177,0.0,0.0,3.0018906031168706,0.21984391442195517,6.9928519485436444,0.0,0.0,sQ_2,True,False,False,False
0.22011874372601906,7.003472089333385,0.0,-0.09455011798801503,0.5611627867660474,0.5611627867660474,0.1115116258349447,0.0,0.5921775192451875,0.7193181322439156,1.311495651489103,3.0013334216469563,9.249572868145816e+18,2.525750031195017e+18,0.0,0.0,0.0023595352602505115,9.992007221626409e-16,0,0.9999999999999993,1.1775322899340833e+19,8192,power,p0,2.0,0.5,A1_balanced_q01_q99,R0,R0,0.0,0.0,2,65,0.7855048177628823,0.21449518223711772,0.0,0.0,3.0013334216469563,0.22011874372601906,7.003472089333385,0.0,0.0,sQ_2,True,False,False,False
0.22039391659722962,7.014108359077605,0.0,-0.09455011798801503,0.5611627867660474,0.5611627867660474,0.1115116258349447,0.0,0.5919260428317878,0.7190126638022544,1.310938706634042,3.000776476791896,9.275200876166885e+18,2.532748185918637e+18,0.0,0.0,0.0020309678882317606,5.551115123125783e-16,0,0.9999999999999978,1.1807949062085523e+19,8192,power,p0,2.0,0.5,A1_balanced_q01_q99,R0,R0,0.0,0.0,2,65,0.7855048177628823,0.21449518223711767,0.0,1.7344248262181118e-16,3.000776476791896,0.22039391659722962,7.014108359077605,0.0,0.0,sQ_2,True,False,False,False
0.22066943346508405,7.024760782271458,0.0,-0.09455011798801503,0.5611627867660474,0.5611627867660474,0.1115116258349447,0.0,0.5916746732113419,0.7187073250820137,1.3103819982933556,3.000219768451209,9.300899892309498e+18,2.5397657305933143e+18,0.0,0.0,0.0017030879602204507,1.1102230246251565e-16,0,0.9999999999999996,1.1840665622902813e+19,8192,power,p0,2.0,0.5,A1_balanced_q01_q99,R0,R0,0.0,0.0,2,65,0.7855048177628822,0.21449518223711775,0.0,0.0,3.000219768451209,0.22066943346508405,7.024760782271458,0.0,0.0,sQ_2,True,False,False,False
0.22094529475961538,7.035429383447493,0.0,-0.09455011798801503,0.5611627867660474,0.5611627867660474,0.1115116258349447,0.0,0.5914234103384994,0.7184021160281033,1.3098255263666028,2.9996632965244565,9.326670113317593e+18,2.5468027189432576e+18,0.0,0.0,0.0013758942677987163,1.2212453270876722e-15,0,0.9999999999999978,1.187347283226085e+19,8192,power,p0,2.0,0.5,A1_balanced_q01_q99,R0,R0,0.0,0.0,2,65,0.7855048177628824,0.21449518223711775,0.0,0.0,2.9996632965244565,0.22094529475961538,7.035429383447493,0.0,0.0,sQ_2,True,False,False,False
0.22122150091139703,7.046114187175437,0.0,-0.09455011798801503,0.5611627867660474,0.5611627867660474,0.1115116258349447,0.0,0.591172254167927,0.7180970365854588,1.3092692907533858,2.999107060911239,9.352511736480231e+18,2.553859204841535e+18,0.0,0.0,0.0010493856045925565,1.2212453270876722e-15,0,0.9999999999999973,1.1906370941321767e+19,8192,power,p0,2.0,0.5,A1_balanced_q01_q99,R0,R0,0.0,0.0,2,65,0.7855048177628823,0.2144951822371177,0.0,0.0,2.999107060911239,0.22122150091139703,7.046114187175437,0.0,0.0,sQ_2,True,False,False,False
0.2214980523515374,7.05681521806226,0.0,-0.09455011798801503,0.5611627867660474,0.5611627867660474,0.1115116258349447,0.0,0.5909212046543131,0.7177920866990408,1.308713291353354,2.9985510615112076,9.378424959632882e+18,2.560935242310419e+18,0.0,0.0,0.0007235607662742227,3.3306690738754696e-16,0,0.9999999999999982,1.1939360201943302e+19,8192,power,p0,2.0,0.5,A1_balanced_q01_q99,R0,R0,0.0,0.0,2,65,0.7855048177628822,0.2144951822371177,0.0,1.7153347963039583e-16,2.9985510615112076,0.2214980523515374,7.05681521806226,0.0,0.0,sQ_2,True,False,False,False
0.22177494951168575,7.0675325007524155,0.0,-0.09455011798801503,0.5611627867660474,0.5611627867660474,0.1115116258349447,0.0,0.5906702617523641,0.7174872663138303,1.3081575280661943,2.9979952982240476,9.404409981159391e+18,2.568030885521924e+18,0.0,0.0,0.00039841855055289255,1.1102230246251565e-16,0,0.9999999999999998,1.1972440866681315e+19,8192,power,p0,2.0,0.5,A1_balanced_q01_q99,R0,R0,0.0,0.0,2,65,0.7855048177628823,0.2144951822371177,0.0,0.0,2.9979952982240476,0.22177494951168575,7.0675325007524155,0.0,0.0,sQ_2,True,False,False,False
0.22205219282403035,7.078266059927744,0.0,-0.09455011798801503,0.5611627867660474,0.5611627867660474,0.1115116258349447,0.0,0.590419425416806,0.7171825753748324,1.3076020007916385,2.9974397709494918,9.430466999993188e+18,2.5751461887981404e+18,0.0,0.0,7.395775717411457e-05,5.551115123125783e-16,0,0.9999999999999989,1.200561318879133e+19,8192,power,p0,2.0,0.5,A1_balanced_q01_q99,R0,R0,0.0,0.0,2,65,0.7855048177628822,0.21449518223711772,0.0,1.7058687197352416e-16,2.9974397709494918,0.22205219282403035,7.078266059927744,0.0,0.0,sQ_2,True,False,False,False
0.22262008767090888,7.071823582960265,0.0008706477134077555,-0.09367947027460728,0.5617027566191297,0.5611627867660474,0.1115116258349447,0.007807685583353034,0.589906929413738,0.7173653853927531,1.3070466006856385,2.996884370843492,9.445979916190892e+18,2.5793822491145257e+18,1.3515256925258558e+16,1911141697287798.0,-3.885780586188048e-16,1.7985612998927536e-14,0,0.9986951114715668,1.2038877422230675e+19,8192,power,p0,2.0,0.5,A1_balanced_q01_q99,R1,R1,0.007807685583353034,0.007807685583353034,3,65,0.7846229830987558,0.21425438258483354,0.0011226343164107344,0.0,2.9968844795873117,0.22232978272129963,7.089015920307636,1.0874381972669767e-07,8.319811309284445e-08,sQ_2,True,False,True,False
0.22327338622118026,7.060444330003709,0.0019957866905311148,-0.09255433129748392,0.5624005602414428,0.5611627867660474,0.1115116258349447,0.017897566066207328,0.589319523431033,0.7176888013797801,1.3064910822845444,2.9963288524423977,9.458455882716363e+18,2.5827890197070817e+18,3.0988919236577276e+16,4389089098102271.5,-5.551115123125783e-16,3.885780586188048e-15,0,0.9970141498698999,1.207223382166002e+19,8192,power,p0,2.0,0.5,A1_balanced_q01_q99,R1,R1,0.017897566066207328,0.017897566066207328,3,65,0.7834884597534871,0.21394458207668557,0.002566958169827436,1.6964548817183073e-16,2.996329424037328,0.22260771963676387,7.099782106648819,5.715949304985202e-07,4.3750369805819007e-07,sQ_2,True,False,True,False
0.2239261580654338,7.049226543686896,0.003117615070888187,-0.09143250291712685,0.5630963106539193,0.5611627867660474,0.1115116258349447,0.027957758193775807,0.5887348868536234,0.7180082819050538,1.3059354388401538,2.995773208998007,9.471037303564102e+18,2.586224586359904e+18,4.842075252192875e+16,6868945439878523.0,3.941291737419306e-15,4.440892098500626e-15,0,0.9953441019359623,1.2105682642445933e+19,8192,power,p0,2.0,0.5,A1_balanced_q01_q99,R1,R1,0.027957758193775807,0.027957758193775807,3,65,0.7823629268419756,0.2136372365563155,0.003999836601709016,1.691767462017495e-16,2.995774604199397,0.22288600400423328,7.110564643745848,1.3952013899753979e-06,1.06835288902413e-06,sQ_2,True,False,True,False
0.22457842312047768,7.03816742878347,0.004236179632867721,-0.09031393835514731,0.5637900368682007,0.5611627867660474,0.1115116258349447,0.037988681459437734,0.5881529807876769,0.7183238810990829,1.3053796730953182,2.9952174432531717,9.483723256884593e+18,2.5896886973466194e+18,6.581218643131471e+16,9350756016710758.0,-4.652314311570649e-09,2.220446049250313e-16,0,0.9936848085906622,1.2139224140662524e+19,8192,power,p0,2.0,0.5,A1_balanced_q01_q99,R1,R1,0.037988681459437734,0.037988681459437734,3,65,0.7812462433342134,0.21333230751312923,0.005421449152657533,1.6870929939746758e-16,2.995220019973419,0.223164636258064,7.1213635564308175,2.576720247393638e-06,1.973920089674684e-06,sQ_2,True,False,True,False
0.22523022230756318,7.0272630168382415,0.005351590288299332,-0.0891985276997157,0.5644818070508646,0.5611627867660474,0.1115116258349447,0.04799132151674081,0.5875737482153245,0.7186356875234222,1.3048237877492428,2.9946615579070963,9.496512068977166e+18,2.5931808956353644e+18,8.316560848059403e+16,1.1834708375269056e+16,3.3306690738754696e-16,0.0,0,0.9920360192126276,1.2172858573093124e+19,8192,power,p0,2.0,0.5,A1_balanced_q01_q99,R1,R1,0.04799132151674081,0.04799132151674081,3,65,0.7801382076325316,0.21302973989752325,0.006832052469945163,0.0,2.9946656712593422,0.22344361683314895,7.132178869573559,4.1133522459269045e-06,3.1524097871102855e-06,sQ_2,True,False,True,False
0.22588156344144228,7.016511319730665,0.006463858123752926,-0.0880862598642621,0.5651716280777268,0.5611627867660474,0.1115116258349447,0.05796577778643892,0.5869971621539957,0.718943734047063,1.3042677854586033,2.994105555616457,9.50940328083204e+18,2.596701055885869e+18,1.0048186051492376e+17,1.4320772237958968e+16,-5.551115123125783e-17,1.3322676295501878e-15,0,0.9903976325115866,1.2206586197232835e+19,8192,power,p0,2.0,0.5,A1_balanced_q01_q99,R1,R1,0.05796577778643892,0.05796577778643892,3,65,0.7790387195223977,0.21272950634424936,0.008231774133352897,0.0,2.994111557957151,0.22372294616493105,7.1430106080816484,6.002340693811448e-06,4.602055756973545e-06,sQ_2,True,False,True,False
0.22653247538891622,7.005909169397091,0.007573057480114328,-0.0869770605079007,0.5658595460545044,0.5611627867660474,0.1115116258349447,0.06791271693342255,0.5864231774141322,0.719248088086981,1.3037116688386383,2.993549438996492,9.522395678960574e+18,2.600248846734834e+18,1.1776274559469344e+17,1.680905971620351e+16,-7.216449660063518e-16,3.9968028886505635e-15,0,0.9887694553039703,1.2240407271290102e+19,8192,power,p0,2.0,0.5,A1_balanced_q01_q99,R1,R1,0.06791271693342255,0.06791271693342255,3,65,0.7779476179109964,0.21243156286422943,0.009620819224774178,0.0,2.993557679966874,0.2240026246893939,7.153858796900545,8.240970382100699e-06,6.321120295929133e-06,sQ_2,True,False,True,False
0.22718298102336043,6.995453793211319,0.008679244998633243,-0.08587087298938179,0.5665455961097194,0.5611627867660474,0.1115116258349447,0.07783264689800087,0.5858517546614426,0.7195488065709107,1.3031554404641936,2.992993210622047,9.535488278117532e+18,2.603823999144627e+18,1.3500977692674429e+17,1.9299645300747096e+16,2.220446049250313e-16,8.881784197001252e-16,0,0.9871513228759092,1.2274322054188902e+19,8192,power,p0,2.0,0.5,A1_balanced_q01_q99,R1,R1,0.07783264689800087,0.07783264689800087,3,65,0.7768647617375594,0.21213587093846953,0.010999367323971184,1.6685239241389073e-16,2.993004037188581,0.22428265284306703,7.164723461013626,1.08265665339502e-05,8.307893480730315e-06,sQ_2,True,False,True,False
0.2278331026593935,6.985142495311329,0.009782475876668948,-0.08476764211134609,0.5672298124764026,0.5611627867660474,0.1115116258349447,0.08772606267214327,0.5852828555598639,0.7198459450076816,1.302599102870737,2.9924368730285904,9.548680123348548e+18,2.607426252349043e+18,1.522244298727248e+17,2.179260193688291e+16,2.220446049250313e-16,5.551115123125783e-16,0,0.9855430747219669,1.2308330805570316e+19,8192,power,p0,2.0,0.5,A1_balanced_q01_q99,R1,R1,0.08772606267214327,0.08772606267214327,3,65,0.7757900136245243,0.21184239305373675,0.012367593321738915,1.6639136795650207e-16,2.9924506295223905,0.2245630310630263,7.1756046254420145,1.375649380008781e-05,1.0560692458386091e-05,sQ_2,True,False,True,False
0.22848286207304952,6.974972653765077,0.01088280391896702,-0.08366731406904801,0.5679122285238951,0.5611627867660474,0.1115116258349447,0.09759344675931222,0.5847164427363736,0.7201395575368585,1.3020426585553244,2.991880428713178,9.56197028888099e+18,2.611055353550436e+18,1.6940814336369155e+17,2.4288001082304656e+16,2.7755575615628914e-16,1.4432899320127035e-15,0,0.983944554396285,1.2342433785795117e+19,8192,power,p0,2.0,0.5,A1_balanced_q01_q99,R1,R1,0.09759344675931222,0.09759344675931222,3,65,0.774723239745944,0.2115510926666258,0.013725667587430207,1.6593161734090396e-16,2.9918974568684567,0.22484375978689286,7.1865023152450425,1.7028155278708823e-05,1.3077860755928246e-05,sQ_2,True,False,True,False
0.22913227952412127,6.9649417742555295,0.011980278616696587,-0.08256983937131845,0.568592874946287,0.5611627867660474,0.1115116258349447,0.10743524298021932,0.5841524806114692,0.7204296953436528,1.3014861099775428,2.991323880135396,9.575357912927683e+18,2.614711067423452e+18,1.865622755943312e+17,2.6785905990473628e+16,-8.536333306885524e-10,1.887379141862766e-15,0,0.9823556137212235,1.2376631255945466e+19,8192,power,p0,2.0,0.5,A1_balanced_q01_q99,R1,R1,0.10743524298021932,0.10743524298021932,3,65,0.7736643125994311,0.21126193496048462,0.015073752440084269,1.6547313704738396e-16,2.9913445191269763,0.22512483945283693,7.1974165555200385,2.0638991580224086e-05,1.5857767619222452e-05,sQ_2,True,False,True,False
0.2297813738937999,6.955047479588353,0.013074945559519569,-0.08147517242849546,0.5692717800179798,0.5611627867660474,0.1115116258349447,0.1172518601681282,0.5835909352477401,0.7207164069188734,1.3009294595604255,2.990767229718279,9.58884219213853e+18,2.6183931745999616e+18,2.0368811108811645e+17,2.9286372477815508e+16,-4.163358435782527e-09,1.2212453270876722e-15,0,0.9807761120710949,1.2410923477826611e+19,8192,power,p0,2.0,0.5,A1_balanced_q01_q99,R1,R1,0.1172518601681282,0.1172518601681282,3,65,0.7726131104804556,0.21097488670186307,0.016412002817681227,1.6501592356595884e-16,2.990791816198194,0.22540627049957276,7.208347371402391,2.4586479915100767e-05,1.8898807371183914e-05,sQ_2,True,False,True,False
0.2304301725833728,6.945286952021017,0.014166875885501324,-0.08038324210251371,0.5699489878583229,0.5611627867660474,0.1115116258349447,0.12704393626607685,0.5830317658050967,0.7209997542220569,1.3003727096913182,2.9902104798491718,9.602422025971501e+18,2.622101374558618e+18,2.207873134393707e+17,3.1789516396456956e+16,-3.827900441066845e-09,1.1102230246251565e-15,0,0.9792058733081095,1.244531071396949e+19,8192,power,p0,2.0,0.5,A1_balanced_q01_q99,R1,R1,0.12704393626607685,0.12704393626607685,3,65,0.7715694888351055,0.21068990841790616,0.01774060274698835,0.0,2.990239347982391,0.22568805336636666,7.219294788065718,2.8868133219450698e-05,2.219939879492202e-05,sQ_2,True,False,True,False
0.2310786952286672,6.935657852034233,0.015256117764998462,-0.07929400022301657,0.5706245283422474,0.5611627867660474,0.1115116258349447,0.13681190325015968,0.5824749386284124,0.7212797860425593,1.2998158627227332,2.9896536328805867,9.616096602003186e+18,2.6258354454536704e+18,2.3786118017548627e+17,3.429540286588985e+16,1.0547118733938987e-15,2.220446049250313e-16,0,0.9776447567567821,1.2479793227632343e+19,8192,power,p0,2.0,0.5,A1_balanced_q01_q99,R1,R1,0.13681190325015968,0.13681190325015968,3,65,0.7705333274842683,0.21040696729170424,0.019059705224027428,0.0,2.989687114379895,0.22597018849303296,7.2302588307218505,3.348149930815225e-05,2.5757984536253207e-05,sQ_2,True,False,True,False
0.23172695262136622,6.926158368312958,0.016342693265614543,-0.0782074247224005,0.5712984151559326,0.5611627867660474,0.1115116258349447,0.14655595901546967,0.5819204280353144,0.7215565364082556,1.2992589209731653,2.989096691131019,9.629865432372816e+18,2.6295952540666035e+18,2.5491059636350672e+17,3.68040380840435e+16,9.43689570931383e-16,3.885780586188048e-15,0,0.976092661362403,1.2514371282802928e+19,8192,power,p0,2.0,0.5,A1_balanced_q01_q99,R1,R1,0.14655595901546967,0.14655595901546967,3,65,0.7695045332086352,0.2101260378681713,0.020369428923193388,0.0,2.98913511529107,0.22625267631993579,7.241239524620968,3.842416005106486e-05,2.9573030527180308e-05,sQ_2,True,False,True,False
0.23237496583613249,6.916786147377491,0.017426655215994926,-0.0771234627720201,0.5719706810633487,0.5611627867660474,0.1115116258349447,0.15627657731211994,0.5813681998991742,0.7218300557076045,1.2987018867278903,2.988539656885744,9.643727668156072e+18,2.6333805685844854e+18,2.7193690745956768e+17,3.9315500243226824e+16,-1.9811938201108603e-09,5.995204332975845e-15,0,0.974549442827112,1.2549045144200126e+19,8192,power,p0,2.0,0.5,A1_balanced_q01_q99,R1,R1,0.15627657731211994,0.15627657731211994,3,65,0.7684829847482998,0.20984708703526914,0.021669928216430916,1.6319966790035315e-16,2.9885833506163326,0.226535517287988,7.252236895051472,4.3693730588767465e-05,3.364302542852219e-05,sQ_2,True,False,True,False
0.23302276033861233,6.907538629755849,0.018508069607060317,-0.07604204838095471,0.5726413669916206,0.5611627867660474,0.1115116258349447,0.165974349925229,0.580818216800465,0.7221004009827795,1.2981447622397235,2.9879825323975773,9.657682311907822e+18,2.637191116638296e+18,2.8894164873048166e+17,4.182989979756284e+16,2.7755575615628914e-16,1.5543122344752192e-15,0,0.9730149394964889,1.25838150772766e+19,8192,power,p0,2.0,0.5,A1_balanced_q01_q99,R1,R1,0.165974349925229,0.165974349925229,3,65,0.7674685500860002,0.20957007874348382,0.022961371170515853,1.6274873616811206e-16,2.988031820256132,0.22681871183865715,7.263250967340243,4.928785855451423e-05,3.79664800888457e-05,sQ_2,True,False,True,False
0.23367034725659233,6.898414083033318,0.019586960017083342,-0.0749631579709317,0.5733104875638345,0.5611627867660474,0.1115116258349447,0.17564948829707874,0.5802704539015916,0.7223676056938994,1.2975875497297613,2.987425319887615,9.671728885812974e+18,2.641026767752663e+18,3.059256946548642e+17,4.434725010307658e+16,4.440892098500626e-16,1.6653345369377348e-15,0,0.9714890527508044,1.2618681348220502e+19,8192,power,p0,2.0,0.5,A1_balanced_q01_q99,R1,R1,0.17564948829707874,0.17564948829707874,3,65,0.7664611395529763,0.2092949885072661,0.024243871939757487,1.6229905039077723e-16,2.9874805241109614,0.22710226041396028,7.274281766852698,5.5204223346372316e-05,4.2541927027792175e-05,sQ_2,True,False,True,False
0.234317746612758,6.889410313895656,0.02066337657372972,-0.0738867414142853,0.5739780738688313,0.5611627867660474,0.1115116258349447,0.1853024419562752,0.5797248791730848,0.7226317173178496,1.2970302513881091,2.9868680215459626,9.685866601456343e+18,2.644887306637679e+18,3.2289031586318464e+17,4.686762743858182e+16,-8.659739592076221e-15,3.3306690738754696e-16,0,0.9699716469835313,1.2653644223957207e+19,8192,power,p0,2.0,0.5,A1_balanced_q01_q99,R1,R1,0.1853024419562752,0.1853024419562752,3,65,0.7654606396407166,0.20902178533122504,0.025517575028058306,0.0,2.9869294620813633,0.22738616345646684,7.285329318992604,6.144053540069194e-05,4.736791992658379e-05,sQ_2,True,False,True,False
0.23496497572804212,6.880525309362235,0.021737361523342862,-0.07281275646467217,0.5746441521075089,0.5611627867660474,0.1115116258349447,0.1949335897542888,0.5791814632459741,0.7228927785976902,1.296472869374562,2.9863106395324155,9.700094773862863e+18,2.6487725462494853e+18,3.398366520396308e+17,4.939109105190265e+16,-3.885780586188048e-16,7.771561172376096e-16,0,0.968462599466116,1.268870397215198e+19,8192,power,p0,2.0,0.5,A1_balanced_q01_q99,R1,R1,0.1949335897542888,0.1949335897542888,3,65,0.7644669459664086,0.20875044071189397,0.026782613321697277,0.0,2.986378634067914,0.22767042140929988,7.296393649202476,6.799453549843903e-05,5.2443033143715636e-05,sQ_2,True,False,True,False
0.23561205155587897,6.871757106456649,0.02280895615506274,-0.07174116183295229,0.575308747887114,0.5611627867660474,0.1115116258349447,0.20454330195870066,0.5786401774150881,0.7231508313298132,1.2959154058192845,2.985753175977138,9.71441273787565e+18,2.652682304955911e+18,3.5676581838014835e+17,5.191769919296682e+16,-9.43689570931383e-16,8.881784197001252e-16,0,0.966961790264224,1.2723860861211711e+19,8192,power,p0,2.0,0.5,A1_balanced_q01_q99,R1,R1,0.20454330195870066,0.20454330195870066,3,65,0.7634799565821826,0.208480926810708,0.028039116607109223,1.609574344091787e-16,2.985828039971234,0.2279550347161393,7.307474782963379,7.486399409595279e-05,5.776586124100376e-05,sQ_2,True,False,True,False
0.23625899069418052,6.863103790547593,0.02387820083143584,-0.0706719171565792,0.5759718862402264,0.5611627867660474,0.1115116258349447,0.21413194052770293,0.5781009936181197,0.7234059163935923,1.2953578628234665,2.98519563298132,9.728819847505074e+18,2.6566164063587185e+18,3.736789064228713e+17,5.444750914848924e+16,0.0,2.3314683517128287e-15,0,0.9654691021491995,1.2759115160286663e+19,8192,power,p0,2.0,0.5,A1_balanced_q01_q99,R1,R1,0.21413194052770293,0.21413194052770293,3,65,0.7624995718971546,0.20821321643271629,0.029287211670129307,1.6051269811988961e-16,2.9852776796919906,0.22824000382121332,7.318572745795097,8.204671067080227e-05,6.33350185268784e-05,sQ_2,True,False,True,False
0.2369058091053662,6.8545635094518325,0.024945134157065542,-0.06960498383094949,0.5766335911091613,0.5611627867660474,0.1115116258349447,0.22369985165482556,0.5775638846571154,0.723658073316122,1.2948002424599454,2.9846380126177987,9.74331548562483e+18,2.660574681941287e+18,3.905769717070314e+17,5.698057522823453e+16,-2.470794124853626e-10,4.3298697960381105e-15,0,0.9639844217434066,1.2794467139273146e+19,8192,power,p0,2.0,0.5,A1_balanced_q01_q99,R1,R1,0.22369985165482556,0.22369985165482556,3,65,0.7615256954091757,0.2079472832263989,0.030527021364425505,1.6006919066707977e-16,2.984727553130889,0.22852532916931104,7.329687563256177,8.954051309029154e-05,6.914913861217492e-05,sQ_2,True,False,True,False
0.23755252358407491,6.846134393481176,0.026009797308254676,-0.06854032067976036,0.5772938880311846,0.5611627867660474,0.1115116258349447,0.23324740459576293,0.577028822971784,0.72390734261703,1.2942425467738246,2.984080316931678,9.757899011803101e+18,2.6645569568230333e+18,4.074611001890435e+17,5.9516959026837704e+16,-2.1094237467877974e-15,1.1102230246251565e-16,0,0.9625076332898443,1.2829917068815178e+19,8192,power,p0,2.0,0.5,A1_balanced_q01_q99,R1,R1,0.23324740459576293,0.23324740459576293,3,65,0.7605582296023545,0.20768310056341627,0.03175866983422925,0.0,2.984177660188677,0.22881101120577657,7.34081926094395,9.734325699906066e-05,7.520687398154783e-05,sQ_2,True,False,True,False
0.238199142502474,6.837815050136532,0.027072206729751774,-0.06747791125826326,0.5779527872052188,0.5611627867660474,0.1115116258349447,0.2427747468216725,0.5764957882623734,0.7241537511422836,1.2936847777830633,2.983522547940917,9.7725700891982e+18,2.668563139023722e+18,4.243319920848387e+17,6.205666414980996e+16,-5.376053213712595e-09,6.106226635438361e-15,0,0.9610386575377745,1.286546522030676e+19,8192,power,p0,2.0,0.5,A1_balanced_q01_q99,R1,R1,0.2427747468216725,0.2427747468216725,3,65,0.7595971013759568,0.2074206484823946,0.03298225014164868,1.5918584869884465e-16,2.983628000766143,0.22909705037650965,7.3519678644947195,0.00010545282522622657,8.150689557832632e-05,sQ_2,True,False,True,False
0.23884570049250312,6.829602709391313,0.02813245639794583,-0.0664176615900692,0.578610346914788,0.5611627867660474,0.1115116258349447,0.25228272108225225,0.5759647389246831,0.7243973670104239,1.2931269374790602,2.9829647076369135,9.787327459260393e+18,2.672592884875371e+18,4.411915217577735e+17,6.459988092002714e+16,5.551115123125783e-17,2.220446049250313e-16,0,0.9595773060414607,1.2901111865893538e+19,8192,power,p0,2.0,0.5,A1_balanced_q01_q99,R1,R1,0.25228272108225225,0.25228272108225225,3,65,0.7586421667371938,0.207159887663703,0.034197945599103316,0.0,2.983078574764124,0.22938344712796707,7.363133399583558,0.00011386712721073167,8.804789239924628e-05,sQ_2,True,False,True,False
0.23949219348151435,6.821496693687218,0.029190526275744193,-0.06535959171227085,0.5792665547330219,0.5611627867660474,0.1115116258349447,0.26177114769137083,0.5754356655051399,0.7246381967472064,1.2925690278271997,2.9824067979850533,9.802171235988298e+18,2.676646225507204e+18,4.580398169800078e+17,6.71465277413224e+16,6.106226635438361e-16,3.774758283725532e-15,0,0.9581235538935247,1.293685727847551e+19,8192,power,p0,2.0,0.5,A1_balanced_q01_q99,R1,R1,0.26177114769137083,0.26177114769137083,3,65,0.75769338912761,0.206900808124446,0.03540580274794402,1.5830738145403257e-16,2.9825293820834924,0.22967020190716397,7.3743158919247,0.00012258409843912688,9.482857110544662e-05,sQ_2,True,False,True,False
0.24013864251030007,6.813495008047451,0.03024647046505282,-0.06430364752296222,0.5799214442135587,0.5611627867660474,0.1115116258349447,0.2712405118173284,0.574908538178179,0.724876286344318,1.2920110507674014,2.981848820925255,9.817100651899326e+18,2.680722951345309e+18,4.7487812846417024e+17,6.969670160516584e+16,-5.551115123125783e-17,7.438494264988549e-15,0,0.9566772717693166,1.2972701731708805e+19,8192,power,p0,2.0,0.5,A1_balanced_q01_q99,R1,R1,0.2712405118173284,0.2712405118173284,3,65,0.7567506641969318,0.20664338137004218,0.03660595443302602,1.578699674404856e-16,2.9819804226251625,0.22995731516167736,7.385515367271334,0.0001316016999073355,0.00010184765564118631,sQ_2,True,False,True,False
0.24078505867976216,6.8055962090434665,0.03130031388670089,-0.06324980410131414,0.580575030812129,0.5611627867660474,0.1115116258349447,0.28069103694201747,0.5743833355421312,0.725111665814195,1.2914530082146491,2.981290778372503,9.832115295271789e+18,2.684822949962216e+18,4.9170725477346464e+17,7.225043033262395e+16,-2.7844057615133977e-09,6.772360450213455e-15,0,0.9552383729087119,1.3008645500007467e+19,8192,power,p0,2.0,0.5,A1_balanced_q01_q99,R1,R1,0.28069103694201747,0.28069103694201747,3,65,0.7558139158505123,0.20638758662157985,0.037798497527908065,1.5743376203147548e-16,2.981431696290098,0.2302447873396379,7.3967318514157725,0.0001409179175952957,0.00010910388686769913,sQ_2,True,False,True,False
0.24143146159855627,6.797798427699505,0.032352106562562495,-0.06219801142545254,0.5812273455519623,0.5611627867660474,0.1115116258349447,0.29012317164533913,0.5738600295616231,0.7253443782433325,1.2908949020594924,2.980732672217346,9.847214460311157e+18,2.6889460286289664e+18,5.085283696060509e+17,7.480780358739555e+16,-3.730354414255288e-09,1.0769163338864018e-14,0,0.9538067361375993,1.3044688858546174e+19,8192,power,p0,2.0,0.5,A1_balanced_q01_q99,R1,R1,0.29012317164533913,0.29012317164533913,3,65,0.7548830460497948,0.2061333971079973,0.0389835568422079,0.0,2.980883202979298,0.23053261888974047,7.407965370189548,0.00015053076195226112,0.00011659602220449507,sQ_2,True,False,True,False
0.24207786796245412,6.7900999736769805,0.033401889998319105,-0.06114822798969593,0.5818784141746033,0.5611627867660474,0.1115116258349447,0.2995372881367484,0.5733385948833363,0.7255744618094723,1.2903367341685497,2.980174504326403,9.862397549277835e+18,2.6930920241228006e+18,5.2534250986130106e+17,7.736889175385987e+16,-4.600329561732508e-10,1.2101430968414206e-14,0,0.9523822535056523,1.3080832083261938e+19,8192,power,p0,2.0,0.5,A1_balanced_q01_q99,R1,R1,0.2995372881367484,0.2995372881367484,3,65,0.7539579658619447,0.20588078854470168,0.04016124559335354,1.5656496367846463e-16,2.980334942593805,0.23082081026124215,7.419215949463323,0.00016043826740164135,0.0001243228352829468,sQ_2,True,False,True,False
0.2427242830250391,6.782499775378618,0.03444967220745101,-0.060100445780564025,0.5825282416499581,0.5611627867660474,0.1115116258349447,0.30893345827853064,0.5728190156328552,0.7258019365548951,1.289778506384985,2.9796162765428384,9.877664370577582e+18,2.6972608841257185e+18,5.421501961531129e+17,7.99336843505975e+16,-3.885780586188048e-16,1.609823385706477e-14,0,0.9509648652509488,1.3117075450856415e+19,8192,power,p0,2.0,0.5,A1_balanced_q01_q99,R1,R1,0.30893345827853064,0.30893345827853064,3,65,0.7530386180657875,0.20562974530649772,0.041331636627714594,1.561323640832062e-16,2.979786915034703,0.2311093619039587,7.430483615147205,0.0001706384918644943,0.00013228311561116855,sQ_2,True,False,True,False
0.24337072292564493,6.774996211682895,0.0354954932464647,-0.059054624741550335,0.5831768528208029,0.5611627867660474,0.1115116258349447,0.31831204128441093,0.5723012673960427,0.7260268392902816,1.2892202205289842,2.9790579906868375,9.893014355134632e+18,2.7014524532420966e+18,5.5895243042088666e+17,8.250224988421714e+16,-2.7755575615628914e-16,1.4988010832439613e-14,0,0.9495544674162573,1.3153419238797615e+19,8192,power,p0,2.0,0.5,A1_balanced_q01_q99,R1,R1,0.31831204128441093,0.31831204128441093,3,65,0.7521249171435195,0.2053802440413237,0.04249483881515677,1.5570095978992094e-16,2.979239120203121,0.2313982742682685,7.441768393190462,0.00018112951628346252,0.0001404756682448824,sQ_2,True,False,True,False
0.24401719497803986,6.767588139503569,0.0365393673876071,-0.05801075060040793,0.5838242565386889,0.5611627867660474,0.1115116258349447,0.32767316514325867,0.571785333074546,0.7262491928432975,1.2886618783981993,2.9784996485560526,9.908447247409873e+18,2.705666661692723e+18,5.757498162200462e+17,8.507459442741442e+16,-5.3115865039643495e-09,2.142730437526552e-14,0,0.9481509932136871,1.3189863725322643e+19,8192,power,p0,2.0,0.5,A1_balanced_q01_q99,R1,R1,0.32767316514325867,0.32767316514325867,3,65,0.7512168020649885,0.20513226808387958,0.04365092985113177,1.5527074749590734e-16,2.978691558000228,0.23168754780511397,7.453070309581916,0.00019190944417513123,0.00014889931347170123,sQ_2,True,False,True,False
0.24466372428162936,6.7602735166485655,0.03758136103847928,-0.05696875694953575,0.5844704939891636,0.5611627867660474,0.1115116258349447,0.3370174253768463,0.5712711816323616,0.7264690473748967,1.2881034817681964,2.97794125192605,9.923962174474234e+18,2.709903271109764e+18,5.925437438555402e+17,8.76508535337038e+16,-5.677744829846176e-09,2.353672812205332e-14,0,0.9467543037680155,1.3226409189439537e+19,8192,power,p0,2.0,0.5,A1_balanced_q01_q99,R1,R1,0.3370174253768463,0.3370174253768463,3,65,0.7503141655709472,0.20488578814523997,0.044800046283812955,1.548417239075894e-16,2.978144228327232,0.23197718296600126,7.464389390349865,0.00020297640118194238,0.0001575528865009387,sQ_2,True,False,True,False
0.24531032480915296,6.753050899524781,0.038621508042714074,-0.05592860994530096,0.5851155861618202,0.5611627867660474,0.1115116258349447,0.34634512548386814,0.5707587912133931,0.7266864354519097,1.287545032392889,2.9773828025507427,9.939558657691e+18,2.714162150793489e+18,6.093351024445633e+17,9.023108392200077e+16,7.216449660063518e-16,2.042810365310288e-14,0,0.9453643069276594,1.3263055910929054e+19,8192,power,p0,2.0,0.5,A1_balanced_q01_q99,R1,R1,0.34634512548386814,0.34634512548386814,3,65,0.7494169310935788,0.20464078331728655,0.04594228558913468,1.5441388574049532e-16,2.97759713108539,0.23226718020299966,7.47572566156199,0.00021432853464720125,0.00016643523716517236,sQ_2,True,False,True,False
0.2459569949619208,6.745919658930718,0.03965979683722692,-0.05489032115078812,0.5857595258853115,0.5611627867660474,0.1115116258349447,0.35565616177034176,0.5702481524847176,0.7269013654096482,1.286986532004947,2.9768243021628003,9.95523676539087e+18,2.718443319402734e+18,6.261240855538701e+17,9.281523012580848e+16,-1.6653345369377348e-16,2.731148640577885e-14,0,0.9439809747228125,1.3299804170347473e+19,8192,power,p0,2.0,0.5,A1_balanced_q01_q99,R1,R1,0.35565616177034176,0.35565616177034176,3,65,0.7485250638190997,0.20439724409353552,0.04707769208736491,1.5398722971922478e-16,2.977050266175995,0.23255753996874365,7.487079149325743,0.00022596401319496806,0.00017554522962911272,sQ_2,True,False,True,False
0.24660374819820013,6.738878407682323,0.04069625997618788,-0.053853858011827155,0.5864023333495149,0.5611627867660474,0.1115116258349447,0.3649508261714787,0.5697392443595432,0.727113868668601,1.2864279823162117,2.976265752474065,9.970996043918277e+18,2.722746653059284e+18,6.429115520507524e+17,9.540334654470587e+16,-4.604051084822203e-09,2.609024107869118e-14,0,0.9426042183239194,1.3336654249028313e+19,8192,power,p0,2.0,0.5,A1_balanced_q01_q99,R1,R1,0.3649508261714787,0.3649508261714787,3,65,0.7476384899642088,0.2041551503262266,0.048206359709564627,1.5356175257742877e-16,2.9765036335003847,0.23284826271643727,7.498449879788052,0.00023788102631971952,0.0001848817421032097,sQ_2,True,False,True,False
0.2472506112897645,6.73192510279789,0.04173096885668778,-0.05281914913132725,0.5870440528344254,0.5611627867660474,0.1115116258349447,0.37422975895317306,0.5692320355683255,0.7273239967944303,1.2858693850180847,2.975707155175938,9.986835580942133e+18,2.7270719026359316e+18,6.596989455066313e+17,9.79955860222584e+16,-1.4799698133671768e-09,3.3084646133829665e-14,0,0.9412338958898481,1.3373606429084697e+19,8192,power,p0,2.0,0.5,A1_balanced_q01_q99,R1,R1,0.37422975895317306,0.37422975895317306,3,65,0.7467571020501194,0.2039144726664859,0.049328425283394685,0.0,2.975957232959935,0.23313934889984725,7.509837879135732,0.00025007778399688263,0.00019444366657185455,sQ_2,True,False,True,False
0.24789758028977535,6.725059280166532,0.04276390534039872,-0.05178621264761631,0.5876846730907743,0.5611627867660474,0.1115116258349447,0.38349279745679826,0.5687265191825027,0.7275317539587581,1.285310741781923,2.9751485119397767,1.000275553715149e+19,2.7314191120115e+18,6.764863442480822e+17,1.0059187823714328e+17,-3.737438636353119e-09,3.68594044175552e-14,0,0.9398699908827917,1.3410660993411072e+19,8192,power,p0,2.0,0.5,A1_balanced_q01_q99,R1,R1,0.38349279745679826,0.38349279745679826,3,65,0.7458808735875171,0.20367520388096466,0.05044392253151828,0.0,2.97541106445607,0.23343079897330762,7.521243173595185,0.0002625525162933684,0.00020422990852240255,sQ_2,True,False,True,False
0.24854468044927353,6.718279012303397,0.04379513643964813,-0.050754981548366905,0.588324235679156,0.5611627867660474,0.1115116258349447,0.39274054262711616,0.5682226656198724,0.7277371888596199,1.284752054259402,2.9745898244172553,1.0018755061692054e+19,2.735788048846043e+18,6.932751151479505e+17,1.0319236725332987e+17,-4.996003610813204e-16,4.207745263329343e-14,0,0.9385123693690589,1.3447818225686047e+19,8192,power,p0,2.0,0.5,A1_balanced_q01_q99,R1,R1,0.39274054262711616,0.39274054262711616,3,65,0.7450097029535765,0.20343731621985658,0.05155298082656696,0.0,2.9748651278902503,0.23372261339172198,7.5326657894327775,0.00027530347299498104,0.00021423938668556358,sQ_2,True,False,True,False
0.24919190774277572,6.711583865288093,0.04482464398524122,-0.049725474002773815,0.5889627293311582,0.5611627867660474,0.1115116258349447,0.40197283152869606,0.5677204683316023,0.7279403052396558,1.2841933240828856,2.974031094240739,1.0034834324200634e+19,2.74017875946172e+18,7.100653267118614e+17,1.0579698338931238e+17,-3.0754262470011895e-09,4.3298697960381105e-14,0,0.9371610162003623,1.3485078410374216e+19,8192,power,p0,2.0,0.5,A1_balanced_q01_q99,R1,R1,0.40197283152869606,0.40197283152869606,3,65,0.7441435651186669,0.203200802848404,0.05265563203292911,0.0,2.974319423163979,0.23401479261056218,7.544105752954784,0.00028832892324004433,0.0002244710327821781,sQ_2,True,False,True,False
0.2498392843249391,6.70497210260106,0.04585248603882762,-0.048697631949187414,0.5896001900562253,0.5611627867660474,0.1115116258349447,0.4111901848395318,0.5672199005978039,0.7281411465843213,1.2836345528657884,2.9734723230236417,1.0050992589195186e+19,2.7445910430228987e+18,7.268582005099378e+17,1.0840585007474792e+17,-3.859449981824525e-09,4.9960036108132044e-14,0,0.9358158115067521,1.352244183272802e+19,8192,power,p0,2.0,0.5,A1_balanced_q01_q99,R1,R1,0.4111901848395318,0.4111901848395318,3,65,0.7432823681939622,0.20296563867483128,0.053751993131206634,1.514519363687169e-16,2.9737739501788054,0.23430733708586846,7.555563090507271,0.0003016271551636862,0.00023492379127346038,sQ_2,True,False,True,False
0.2504868240640537,6.698442423423456,0.046878696553302866,-0.04767142143471217,0.5902366389117147,0.5611627867660474,0.1115116258349447,0.42039290703814997,0.5667209423891093,0.7283397434658196,1.2830757422029089,2.9729135123607624,1.006722941291559e+19,2.749024778353484e+18,7.436545875215167e+17,1.1101903106923294e+17,-4.3298697960381105e-15,4.9960036108132044e-14,0,0.9344766696488886,1.3559908778790588e+19,8192,power,p0,2.0,0.5,A1_balanced_q01_q99,R1,R1,0.42039290703814997,0.42039290703814997,3,65,0.7424260426192548,0.20273180470456453,0.05484215267618072,1.510334644141066e-16,2.9732287088363156,0.23460024727425108,7.5670378284765105,0.0003151964755532255,0.0002455966191237198,sQ_2,True,False,True,False
0.2511345275260083,6.691994203625296,0.047903270935241424,-0.04664684705277361,0.5908720730488146,0.5611627867660474,0.1115116258349447,0.429580956932204,0.5662235840973451,0.7285361061124617,1.2825168936707756,2.972354663828629,1.008354481520535e+19,2.753479970872074e+18,7.604547493200553e+17,1.1363649252835416e+17,-9.992007221626409e-16,5.773159728050814e-14,0,0.9331435587513455,1.3597479535397478e+19,8192,power,p0,2.0,0.5,A1_balanced_q01_q99,R1,R1,0.429580956932204,0.429580956932204,3,65,0.7415745535012926,0.20249929140941966,0.05592615508928772,0.0,2.97268369903814,0.23489352363289476,7.578529993288666,0.0003290352095106641,0.00025648848556416887,sQ_2,True,False,True,False
0.2517824038113906,6.685626404861937,0.0489262294568631,-0.045623888531151936,0.5915065050402196,0.5611627867660474,0.1115116258349447,0.4387545163163692,0.565727809675283,0.7287302575604262,1.2819580088279723,2.971795778985826,1.0099938523206263e+19,2.7579565460701906e+18,7.772593209026587e+17,1.1625826419756544e+17,-5.1312777360479345e-09,6.17284001691587e-14,0,0.9318164132818965,1.363515439017911e+19,8192,power,p0,2.0,0.5,A1_balanced_q01_q99,R1,R1,0.4387545163163692,0.4387545163163692,3,65,0.7407278446719217,0.2022680834517461,0.05700407187633236,0.0,2.972138920685947,0.235187166619552,7.590039611410217,0.00034314170012139655,0.00026759837186458076,sQ_2,True,False,True,False
0.2524304820267096,6.67933701704835,0.04994765033300822,-0.04460246765500681,0.5921399833942471,0.5611627867660474,0.1115116258349447,0.4479142865959003,0.5652335880150046,0.7289222507581051,1.281399089215463,2.9712368593733167,1.0116409576994157e+19,2.762454241824538e+18,7.940698127438173e+17,1.1888452562238323e+17,-3.852862473507912e-11,6.827871601444713e-14,0,0.9304950890411179,1.3672933631562512e+19,8192,power,p0,2.0,0.5,A1_balanced_q01_q99,R1,R1,0.4479142865959003,0.4479142865959003,3,65,0.7398858101411026,0.2020381518891971,0.05807603796970035,0.0,2.9715943736814543,0.2354811766925477,7.601566709347651,0.00035751430813757423,0.00027892527111246935,sQ_2,True,False,True,False
0.2530787536064747,6.67312590531505,0.050967502716547784,-0.04358261527146725,0.5927724889797154,0.5611627867660474,0.1115116258349447,0.4570599911437751,0.5647409169656286,0.7291120816762793,1.2808401363568964,2.9706779065147497,1.0132958320657267e+19,2.766973152094144e+18,8.108860760227777e+17,1.2151517707419824e+17,-3.0732327793714376e-10,7.671641100159832e-14,0,0.929179592075901,1.371081754877419e+19,8192,power,p0,2.0,0.5,A1_balanced_q01_q99,R1,R1,0.4570599911437751,0.4570599911437751,3,65,0.7390484400081015,0.20180949401821224,0.05914206597368621,0.0,2.9710500579264156,0.23577555431078098,7.613111313647849,0.0003721514116659108,0.0002904681879953154,sQ_2,True,False,True,False
0.253727235919556,6.6669916673710325,0.05198583089853474,-0.04256428708948029,0.5934040492656374,0.5611627867660474,0.1115116258349447,0.46619202714775415,0.5642497747478991,0.7292997851829564,1.2802811517589139,2.970118921916767,1.0149584205964583e+19,2.7715131271753953e+18,8.277090987020483e+17,1.241503124644575e+17,4.829470157119431e-15,7.716050021144838e-14,0,0.92786982607305,1.3748806431842028e+19,8192,power,p0,2.0,0.5,A1_balanced_q01_q99,R1,R1,0.46619202714775415,0.46619202714775415,3,65,0.7382156593941347,0.2015820893918917,0.06020225121397349,1.489583848716397e-16,2.9705059733226244,0.23607029993372453,7.624673450898022,0.00038705140585726383,0.00030222613858982934,sQ_2,True,False,True,False
0.2543759348186425,6.660933480270712,0.05300264589740598,-0.04154747209060906,0.5940346710855735,0.5611627867660474,0.1115116258349447,0.47531049341759657,0.5637601485082883,0.7294853786607612,1.2797221369114513,2.969559907069305,1.0166287084851937e+19,2.7760741266369024e+18,8.445393601083104e+17,1.2678994057061005e+17,-2.530780474074845e-09,8.22675261247241e-14,0,0.9265657408899641,1.3786900571597152e+19,8192,power,p0,2.0,0.5,A1_balanced_q01_q99,R1,R1,0.47531049341759657,0.47531049341759657,3,65,0.737387423087379,0.20135592566439364,0.061256651248227156,1.4854680276864782e-16,2.969962119771924,0.2363654140214244,7.636253147725598,0.00040221270261930897,0.00031419815015671504,sQ_2,True,False,True,False
0.2550248697946109,6.654949868979376,0.05401799812520597,-0.040532119862809066,0.5946643857047347,0.5611627867660474,0.1115116258349447,0.48441584203212473,0.5632720152788738,0.7296688996910129,1.2791630932880198,2.9690008634458733,1.018306634295677e+19,2.780655982716729e+18,8.613779340033494e+17,1.2943417320368981e+17,9.992007221626409e-16,8.93729534823251e-14,0,0.9252672333334921,1.3825100259676846e+19,8192,power,p0,2.0,0.5,A1_balanced_q01_q99,R1,R1,0.48441584203212473,0.48441584203212473,3,65,0.7365636524645929,0.20113098136633153,0.06230536616907569,1.4813635789487366e-16,2.969418497176192,0.236660897034502,7.64785043079863,0.0004176337303185562,0.0003263832609386988,sQ_2,True,False,True,False
0.2556740413034103,6.649040298674317,0.05503188309729425,-0.03951823489072078,0.5952931903417767,0.5611627867660474,0.1115116258349447,0.4935080327745411,0.5627853666015399,0.7298503572448437,1.2786040223459927,2.968441792503846,1.0199922023707781e+19,2.785258707273805e+18,8.782250575447338e+17,1.3208298011366152e+17,4.996003610813204e-16,9.225953334635051e-14,0,0.9239742756262963,1.386340578852632e+19,8192,power,p0,2.0,0.5,A1_balanced_q01_q99,R1,R1,0.4935080327745411,0.4935080327745411,3,65,0.7357443170385647,0.20090724817266406,0.06334843478877128,0.0,2.96887510543735,0.23695674943415573,7.659465326825564,0.00043331293350412636,0.0003387805199677289,sQ_2,True,False,True,False
0.2563234619992997,6.643203652412787,0.05604433155778625,-0.03850578643022878,0.5959211040639936,0.5611627867660474,0.1115116258349447,0.5025873413480757,0.5623001849881331,0.7300297783397022,1.27804492552688,2.9678826956847333,1.0216853753717027e+19,2.7898821983483295e+18,8.950814993358289e+17,1.3473642329341186e+17,4.440892098500626e-16,1.0103029524088925e-13,0,0.9226867926019513,1.3901817451401185e+19,8192,power,p0,2.0,0.5,A1_balanced_q01_q99,R1,R1,0.5025873413480757,0.5025873413480757,3,65,0.7349293564984378,0.20068470961450677,0.06438593388705534,0.0,2.9683319444573604,0.23725297168216183,7.671097862555437,0.0004492487726270866,0.00035138898687061453,sQ_2,True,False,True,False
0.2569731394429443,6.637439072140859,0.05705535960200394,-0.037494758386011094,0.5965481368535952,0.5611627867660474,0.1115116258349447,0.5116539120903423,0.5618164569269538,0.7302071822414689,1.2774858042566013,2.967323574414455,1.02338613373758e+19,2.7945264025260846e+18,9.119478024673581e+17,1.3739452709932232e+17,-1.5227004102058572e-09,1.0824674490095276e-13,0,0.9214047295952892,1.3940335542369243e+19,8192,power,p0,2.0,0.5,A1_balanced_q01_q99,R1,R1,0.5116539120903423,0.5116539120903423,3,65,0.7341187237761777,0.20046335283914823,0.06541792338467393,0.0,2.9677890141382317,0.23754956424086798,7.6827480647779085,0.00046543972377666165,0.00036420773168699085,sQ_2,True,False,True,False
0.25762308852905536,6.63174535902146,0.05806500443563724,-0.036485113552377796,0.5971743117853003,0.5611627867660474,0.1115116258349447,0.5207080786498698,0.5613341636100858,0.7303825989027751,1.276926659945741,2.9667644301035945,1.0250944330376026e+19,2.7991911984813466e+18,9.288248274560465e+17,1.400573721052972e+17,-9.992007221626409e-16,1.1379786002407855e-13,0,0.9201280039452775,1.3978960356313418e+19,8192,power,p0,2.0,0.5,A1_balanced_q01_q99,R1,R1,0.5207080786498698,0.5207080786498698,3,65,0.7333123543587645,0.20024316023023328,0.0664444854110023,1.4650588797721622e-16,2.967246314382008,0.2378465275732064,7.6944159603232976,0.0004818842784133359,0.0003772358346841893,sQ_2,True,False,True,False
0.2582733128129714,6.6261218706423275,0.0590732706909811,-0.03547684729703393,0.5977996317320271,0.5611627867660474,0.1115116258349447,0.529749882567573,0.560853294809842,0.7305560413306063,1.276367493989807,2.9662052641476606,1.0268102679799663e+19,2.8038765717639613e+18,9.457129373700461e+17,1.427249537259673e+17,-4.9404924595819466e-15,1.213473765915296e-13,0,0.9188565776492983,1.4017692188933669e+19,8192,power,p0,2.0,0.5,A1_balanced_q01_q99,R1,R1,0.529749882567573,0.529749882567573,3,65,0.7325102121949763,0.20002412194337485,0.067465665861649,1.4610108228919472e-16,2.966703845090776,0.2381438621426848,7.706101576062777,0.0004985809431152788,0.0003904723861832516,sQ_2,True,False,True,False
0.258923823190914,6.620567622884777,0.06008018412831472,-0.03446993385970031,0.5984241126701274,0.5611627867660474,0.1115116258349447,0.5387795548532593,0.5603738349901504,0.730727533236036,1.2758083077694873,2.9656460779273406,1.0285336083667847e+19,2.8085824399135667e+18,9.626128131675043e+17,1.4539732361317766e+17,6.661338147750939e-16,1.2145839889399213e-13,0,0.9175903846575839,1.4056531336748919e+19,8192,power,p0,2.0,0.5,A1_balanced_q01_q99,R1,R1,0.5387795548532593,0.5387795548532593,3,65,0.7317122437438185,0.19980622335831202,0.06848153289786947,1.456973951066988e-16,2.9661616061666694,0.23844156841339004,7.7178049389081504,0.0005155282393287663,0.00040391648638395046,sQ_2,True,False,True,False
0.259574626559986,6.615081833395048,0.06108575905617991,-0.03346435893183512,0.5990477634736625,0.5611627867660474,0.1115116258349447,0.5477972238212789,0.5598957717122721,0.7308970922817685,1.275249102650884,2.9650868728087376,1.0302644379403602e+19,2.81330875853581e+18,9.795249591605896e+17,1.4807450366156234e+17,-1.6243388856196361e-09,1.3433698597964394e-13,0,0.9163293749124144,1.4095478097100003e+19,8192,power,p0,2.0,0.5,A1_balanced_q01_q99,R1,R1,0.5477972238212789,0.5477972238212789,3,65,0.7309184057774715,0.1995894526709682,0.06949214155156018,1.452948233392207e-16,2.965619597511858,0.23873964684998977,7.7295260758122595,0.0005327247031203797,0.00041756724519682235,sQ_2,True,False,True,False
0.26022573505390256,6.609663481717793,0.06209002480881001,-0.03246009317920502,0.5996706023355264,0.5611627867660474,0.1115116258349447,0.5568031525314977,0.5594190888334128,0.7310647436639033,1.2746898799857573,2.964527650143611,1.0320027227933696e+19,2.818055435041095e+18,9.964501051767044e+17,1.507565563561393e+17,-2.151094802282927e-09,1.4077627952246985e-13,0,0.9150734786578358,1.4134532768151497e+19,8192,power,p0,2.0,0.5,A1_balanced_q01_q99,R1,R1,0.5568031525314977,0.5568031525314977,3,65,0.7301286428927598,0.199373794752583,0.07049756235465711,0.0,2.9650778190285543,0.23903809791773392,7.741265013768775,0.0005501688849434139,0.000431423782079964,sQ_2,True,False,True,False
0.2608771577470236,6.604311704044874,0.06309300195799877,-0.03145711603001626,0.6002926420142073,0.5611627867660474,0.1115116258349447,0.5657975254650727,0.5589437726123673,0.7312305079149769,1.2741306411117572,2.9639684112696107,1.0337484397359772e+19,2.8228224061057085e+18,1.013388845428736e+18,1.5344352157213843e+17,-1.2492718526324609e-09,1.425526363618701e-13,0,0.9138226384867414,1.4173695648894216e+19,8192,power,p0,2.0,0.5,A1_balanced_q01_q99,R1,R1,0.5657975254650727,0.5657975254650727,3,65,0.7293429076957968,0.1991592366614656,0.07149785564273756,0.0,2.9645362706190115,0.2393369220824526,7.753021779812468,0.0005678593494007345,0.00044548522587538726,sQ_2,True,False,True,False
0.2615289018477938,6.599025734601686,0.06409470576059641,-0.030455412227418627,0.600913891971901,0.5611627867660474,0.1115116258349447,0.5747804794404753,0.5584698108037636,0.7313944026945338,1.2735713873526566,2.96340915751051,1.035501572181426e+19,2.8276096264367473e+18,1.0303416908960467e+18,1.561354254906899e+17,-7.216449660063518e-16,1.5309975509580909e-13,0,0.912576804624762,1.4212967039147053e+19,8192,power,p0,2.0,0.5,A1_balanced_q01_q99,R1,R1,0.5747804794404753,0.5747804794404753,3,65,0.7285611578000032,0.1989457668232542,0.0724930753767427,0.0,2.9639949521855287,0.23963611981055685,7.764796401019028,0.0005857946750187359,0.0004597507146538144,sQ_2,True,False,True,False
0.2621809738010906,6.59380485245682,0.06509514932677932,-0.029454968661235717,0.6015343603394507,0.5611627867660474,0.1115116258349447,0.5837521320255047,0.5579971918361684,0.7315564444231412,1.2730121200185627,2.9628498901764164,1.0372621063628915e+19,2.8324170584416026e+18,1.047309117489447e+18,1.588322889324249e+17,7.216449660063518e-16,1.596500709410975e-13,0,0.911335930631799,1.4252347239559965e+19,8192,power,p0,2.0,0.5,A1_balanced_q01_q99,R1,R1,0.5837521320255047,0.5837521320255047,3,65,0.7277833531053629,0.19873337428797114,0.0734832726066659,0.0,2.9634538636304413,0.23993569156904443,7.776588904505333,0.0006039734540248531,0.0004742193955625424,sQ_2,True,False,True,False
0.26283338346817525,6.588648185817831,0.06609435554199301,-0.02845576244602202,0.6021540613102557,0.5611627867660474,0.1115116258349447,0.5927126884493944,0.557525901786976,0.7317166543567382,1.2724528404061417,2.9622906105639952,1.039030017095973e+19,2.837244633350071e+18,1.0642917473061196e+18,1.6153415955598058e+17,-1.27675647831893e-15,1.6342482922482304e-13,0,0.9100999574580686,1.4291836551615922e+19,8192,power,p0,2.0,0.5,A1_balanced_q01_q99,R1,R1,0.5927126884493944,0.5927126884493944,3,65,0.7270094458073648,0.19852204600179776,0.07446850819083739,1.4329858815579867e-16,2.9629130048561274,0.24023563782549429,7.78839931742953,0.0006223942921321779,0.0004888904246728897,sQ_2,True,False,True,False
0.2634861390544929,6.583554950320621,0.06709234257476648,-0.02745777541324855,0.6027730061523154,0.5611627867660474,0.1115116258349447,0.6016623116416044,0.5570559280678243,0.7318750511937057,1.2718935497988353,2.961731319956689,1.0408052850678446e+19,2.842092298425261e+18,1.0812901285291725e+18,1.6424107289884675e+17,-2.220446049250313e-16,1.729727472365994e-13,0,0.9088688328514609,1.4331435277632879e+19,8192,power,p0,2.0,0.5,A1_balanced_q01_q99,R1,R1,0.6016623116416044,0.6016623116416044,3,65,0.7262393925695866,0.1983117701310018,0.07544883729941172,0.0,2.9623723757650104,0.2405359590480697,7.8002276669908275,0.0006410558083214113,0.000503762966835427,sQ_2,True,False,True,False
0.26413924865911154,6.578524375810448,0.0680891283049785,-0.026460989683036534,0.6033912059546104,0.5611627867660474,0.1115116258349447,0.6106011619430736,0.556587258293143,0.7320316533396767,1.2713342494670576,2.961172019624911,1.0425878915473336e+19,2.8469600025185853e+18,1.0983048027748498e+18,1.6695306424847638e+17,2.220446049250313e-16,1.766364832178624e-13,0,0.9076425054085271,1.437114372076677e+19,8192,power,p0,2.0,0.5,A1_balanced_q01_q99,R1,R1,0.6106011619430736,0.6106011619430736,3,65,0.7254731507839284,0.19810253504073136,0.07642431417534039,1.4250779477214285e-16,2.9618319762595497,0.2408366557055197,7.812073980429916,0.000659956634638803,0.0005188361955369153,sQ_2,True,False,True,False
0.2647927202772956,6.5735557059989365,0.0690847303304922,-0.025465387657522834,0.6040086716312169,0.5611627867660474,0.1115116258349447,0.6195293971657162,0.5561198802755768,0.7321864789140777,1.2707749406684055,2.960612710826259,1.0443778183714781e+19,2.8518476960330496e+18,1.1153363052655493e+18,1.696701686497779e+17,1.1102230246251565e-16,1.8274270985330077e-13,0,0.9064209245551824,1.4410962185013381e+19,8192,power,p0,2.0,0.5,A1_balanced_q01_q99,R1,R1,0.6195293971657162,0.6195293971657162,3,65,0.7247106785538403,0.19789432929043535,0.07739499215572425,1.4211403608634883e-16,2.96129180624225,0.24113772826718105,7.823938285028736,0.0006790954159909823,0.000534109292761038,sQ_2,True,False,True,False
0.26544655960682717,6.568648299259118,0.07007915973856836,-0.024470958249446673,0.6046254100583792,0.5611627867660474,0.1115116258349447,0.6284471167364817,0.5556537835845264,0.7323395426007643,1.2702156246478549,2.9600533948057084,1.0461750553833417e+19,2.8567553512334454e+18,1.1323850701440389e+18,1.7239240381796074e+17,-1.753304723628446e-09,1.9106938253798944e-13,0,0.905204048801517,1.4450890975210902e+19,8192,power,p0,2.0,0.5,A1_balanced_q01_q99,R1,R1,0.6284471167364817,0.6284471167364817,3,65,0.723951939833989,0.19768714303733462,0.07836091712867639,0.0,2.960751865615653,0.24143917720297534,7.8358206081107875,0.0006984708099446735,0.0005495814488494577,sQ_2,True,False,True,False
0.26610078103093115,6.563801122679737,0.07107245228661005,-0.023477665701404984,0.6052414434125986,0.5611627867660474,0.1115116258349447,0.6373546413161334,0.5551889517271796,0.7324908714322848,1.26965630263796,2.9594940727958132,1.0479795631660685e+19,2.861682860485478e+18,1.1494519048956284e+18,1.7511985561597168e+17,-2.220446049250313e-16,1.8618440122963875e-13,0,0.9039918043574546,1.449093039704179e+19,8192,power,p0,2.0,0.5,A1_balanced_q01_q99,R1,R1,0.6373546413161334,0.6373546413161334,3,65,0.7231968786352084,0.19748096099265428,0.07932216037213731,1.413297796543197e-16,2.960212154282349,0.24174100298341133,7.847720977040885,0.0007180814865357377,0.0005652518623717513,sQ_2,True,False,True,False
0.2667553856601319,6.559013762982518,0.07206460605981792,-0.022485511928197116,0.6058567705063288,0.5611627867660474,0.1115116258349447,0.6462519537333733,0.5547253777732652,0.7326404732401767,1.2690969758590345,2.958934746016888,1.0497913475367088e+19,2.866630239673573e+18,1.1665370419951624e+18,1.778525071221552e+17,-8.881784197001252e-16,1.7674750552032492e-13,0,0.9027841678455188,1.4531080757035823e+19,8192,power,p0,2.0,0.5,A1_balanced_q01_q99,R1,R1,0.6462519537333733,0.6462519537333733,3,65,0.7224454705672246,0.19727577649622347,0.0802787529365519,0.0,2.9596726721449635,0.2420432060795862,7.859639419225587,0.00073792612807555,0.0005811197399920267,sQ_2,True,False,True,False
0.2674103832944748,6.554285415007392,0.07305564382476004,-0.021494474163254992,0.6064714054592426,0.5611627867660474,0.1115116258349447,0.655139258151381,0.5542630487224318,0.7327883682158832,1.2685376455193422,2.958375415677196,1.0516103850291075e+19,2.871597424719483e+18,1.1836410875615194e+18,1.805904095740671e+17,-3.3861802251067274e-15,1.7053025658242404e-13,0,0.9015810835553859,1.457134236257208e+19,8192,power,p0,2.0,0.5,A1_balanced_q01_q99,R1,R1,0.655139258151381,0.655139258151381,3,65,0.721697671266219,0.1970715774337622,0.0812307513000187,1.4054985114209442e-16,2.9591334191061636,0.24234578696318942,7.871575962112964,0.0007580034289675908,0.0005971842963423405,sQ_2,True,False,True,False
0.26806578144604987,6.549615387014172,0.07404558186159765,-0.02050453612641738,0.6070853583681863,0.5611627867660474,0.1115116258349447,0.6640167005653484,0.5538019533143693,0.7329345731391468,1.2679783128152837,2.957816082973137,1.0534366601346159e+19,2.876584373274258e+18,1.2007645472605363e+18,1.833335969072741e+17,-7.216449660063518e-16,1.653122083666858e-13,0,0.9003825047903298,1.461171552188095e+19,8192,power,p0,2.0,0.5,A1_balanced_q01_q99,R1,R1,0.6640167005653484,0.6640167005653484,3,65,0.720953442158863,0.1968683532721802,0.08217820456895696,1.401615023871176e-16,2.958594395068662,0.24264874610649292,7.883530633192813,0.0007783120955249245,0.0006134447538980445,sQ_2,True,False,True,False
0.26872158268640556,6.545003219119852,0.07503442250152151,-0.019515695486493526,0.6076986306789487,0.5611627867660474,0.1115116258349447,0.6728843018806364,0.5533420838580408,0.7330790976469762,1.267418978931564,2.9572567490894173,1.0552701742377036e+19,2.8815910891184225e+18,1.2179077125517468e+18,1.8608206471066128e+17,-3.839271844885417e-09,1.6397994073713562e-13,0,0.8991884036293827,1.4652200544047206e+19,8192,power,p0,2.0,0.5,A1_balanced_q01_q99,R1,R1,0.6728843018806364,0.6728843018806364,3,65,0.7202127564834836,0.19666609670375657,0.0831211468127598,0.0,2.9580555999352094,0.24295208398236579,7.895503459996657,0.0007988508457921206,0.0006299003428552508,sQ_2,True,False,True,False
0.2693778054367491,6.540447740368642,0.07602221286726062,-0.018527905120754418,0.6083112516167293,0.5611627867660474,0.1115116258349447,0.6817424846785557,0.5528834216665647,0.7332219737863983,1.2668596450413752,2.956697415199229,1.0571108753245497e+19,2.88661743021957e+18,1.2350715555468134e+18,1.8883593365080547e+17,-2.737661597418395e-09,1.553202011450594e-13,0,0.8979986935209028,1.469279773901188e+19,8192,power,p0,2.0,0.5,A1_balanced_q01_q99,R1,R1,0.6817424846785557,0.6817424846785557,3,65,0.7194755512884659,0.19646479053850371,0.08405965817303046,1.393880210140109e-16,2.957517033608598,0.24325580106426614,7.907494470097832,0.0008196184093689496,0.0006465503010109306,sQ_2,True,False,True,False
0.27003445087032635,6.5359485705235425,0.07700895133533964,-0.017541166652675397,0.6089232201746595,0.5611627867660474,0.1115116258349447,0.6905912344003071,0.5524259602570191,0.7333632089476866,1.2663003123065613,2.956138082464415,1.0589587698948116e+19,2.891663414326099e+18,1.2522563043006804e+18,1.9159518940345216e+17,-1.5128523989105247e-09,1.496580637194711e-13,0,0.8968133525641613,1.4733507417574894e+19,8192,power,p0,2.0,0.5,A1_balanced_q01_q99,R1,R1,0.6905912344003071,0.6905912344003071,3,65,0.7187418038909259,0.19626442858248216,0.08499376752659207,2.7800576494868275e-16,2.956978695991661,0.24355989782624354,7.919503691111628,0.0008406135272460702,0.0006633938736474221,sQ_2,True,False,True,False
0.2706915260802017,6.5315050675584105,0.07799465302953969,-0.016555464958475347,0.6095345457324066,0.5611627867660474,0.1115116258349447,0.699430686671042,0.5519696890914856,0.7335028188361319,1.2657409818777936,2.955578752035647,1.0608138446027741e+19,2.8967290049953085e+18,1.2694624403738893e+18,1.943598645707606e+17,-2.219145978088477e-10,1.4299672557172016e-13,0,0.8956323371387818,1.477432989139694e+19,8192,power,p0,2.0,0.5,A1_balanced_q01_q99,R1,R1,0.699430686671042,0.699430686671042,3,65,0.718011478287407,0.19606500100434793,0.08592352070824508,1.3861880809853487e-16,2.9564405869872754,0.24386437474293926,7.931531150695115,0.0008618349516282819,0.0006804303134157409,sQ_2,True,False,True,False
0.2713490367052664,6.527116661783594,0.07897932898795273,-0.015570789000062299,0.610145235135721,0.5611627867660474,0.1115116258349447,0.70826094047678,0.5515145987387322,0.7336408169952419,1.2651816548947232,2.9550194250525768,1.0626760911827233e+19,2.90181417965629e+18,1.2866903815190848e+18,1.971299806931113e+17,-1.1102230246251565e-16,1.38222766565832e-13,0,0.8944556093436986,1.4815265473002609e+19,8192,power,p0,2.0,0.5,A1_balanced_q01_q99,R1,R1,0.70826094047678,0.70826094047678,3,65,0.7172845421630847,0.19586649897999966,0.08684895885691553,0.0,2.9559027064983576,0.24416923228958928,7.943576876547511,0.0008832814457808702,0.000697658880225945,sQ_2,True,False,True,False
0.27200698874084855,6.522782773942288,0.07996299127124165,-0.014587126716773383,0.6107552958645447,0.5611627867660474,0.1115116258349447,0.7170821039736238,0.5510606796096936,0.7337772173743851,1.264622332486147,2.9544601026440005,1.0645455003304325e+19,2.906918912902301e+18,1.3039405595757752e+18,1.9990556251311277e+17,-1.6316974438268517e-09,1.3289369604763124e-13,0,0.8932831302723272,1.4856314475782402e+19,8192,power,p0,2.0,0.5,A1_balanced_q01_q99,R1,R1,0.7170821039736238,0.7170821039736238,3,65,0.716560962724484,0.19566891355463242,0.0877701237208836,0.0,2.9553650544278627,0.24447447094202393,7.955640896410098,0.0009049517838621846,0.0007150788411363139,sQ_2,True,False,True,False
0.2726653956329369,6.51850249977198,0.080945672875485,-0.013604445112530034,0.6113647483828235,0.5611627867660474,0.1115116258349447,0.7258944730596766,0.5506079170899404,0.733912044269105,1.2640630157701684,2.953900785928022,1.066422037820769e+19,2.9120431112759137e+18,1.321213724511173e+18,2.0268669446048224e+17,4.996003610813204e-16,1.3311574065255627e-13,0,0.8921148340073812,1.4897477213994779e+19,8192,power,p0,2.0,0.5,A1_balanced_q01_q99,R1,R1,0.7258944730596766,0.7258944730596766,3,65,0.7158406906767851,0.19547223126747415,0.08868707805574068,1.374729405913168e-16,2.9548276306787935,0.24478009117666596,7.967723238066167,0.0009268447507713162,0.0007326894702457371,sQ_2,True,False,True,False
0.2733242579898633,6.514275514760139,0.08192737071571687,-0.01262274727229816,0.6119735907772823,0.5611627867660474,0.1115116258349447,0.7346980200699672,0.5501563055052674,0.734045303827223,1.2635037058543417,2.953341476012195,1.0683057128480098e+19,2.9171867998836326e+18,1.3385100744055506e+18,2.054733594507532e+17,3.3306690738754696e-16,1.2434497875801753e-13,0,0.8909507021752294,1.4938754002769283e+19,8192,power,p0,2.0,0.5,A1_balanced_q01_q99,R1,R1,0.7346980200699672,0.7346980200699672,3,65,0.7151237062006456,0.19527644670652297,0.08959984709283139,1.3709309354852153e-16,2.9542904351541877,0.24508609347053678,7.979823929341304,0.0009489591419926668,0.000750490048589852,sQ_2,True,False,True,False
0.2739835800270523,6.510101338214415,0.0829080918884007,-0.01164202609961433,0.6125818274491002,0.5611627867660474,0.1115116258349447,0.7434928086432722,0.5497058367608959,0.7341770072010707,1.2629444038358284,2.9527821739936817,1.0701965225897337e+19,2.9223499710183665e+18,1.3558299611927793e+18,2.0826556926756765e+17,-3.6185798801824376e-09,1.2179146580137967e-13,0,0.8897907033541181,1.4980145158108482e+19,8192,power,p0,2.0,0.5,A1_balanced_q01_q99,R1,R1,0.7434928086432722,0.7434928086432722,3,65,0.7144099815417714,0.19508155229300642,0.09050846616522223,1.3671429604882397e-16,2.9537534677571275,0.2453924783012536,7.991942998103306,0.0009712937634458463,0.0007684798640372406,sQ_2,True,False,True,False
0.2746433749458581,6.505979098542153,0.08388786867477963,-0.010662249313235408,0.6131894784188865,0.5611627867660474,0.1115116258349447,0.7522791282672829,0.5492564967234475,0.7343071779818156,1.2623851108015427,2.952222880959396,1.072094434170497e+19,2.9275325349082373e+18,1.3731741202774047e+18,2.1106340790198707e+17,-5.772616107346806e-09,1.1357581541915351e-13,0,0.8886347736465292,1.5021650996890612e+19,8192,power,p0,2.0,0.5,A1_balanced_q01_q99,R1,R1,0.7522791282672829,0.7522791282672829,3,65,0.713699469114556,0.19488753503288142,0.09141299585256263,0.0,2.953216728390734,0.2456992461470297,8.004080472262386,0.000993847431337791,0.0007866582111890373,sQ_2,True,False,True,False
0.2753036576978989,6.501907857152379,0.08486673817670615,-0.009683379811308887,0.6137965666969609,0.5611627867660474,0.1115116258349447,0.7610573116593483,0.5488082702222987,0.7344358420074684,1.2618258278283014,2.9516635979861547,1.0739994090532547e+19,2.932734386321421e+18,1.3905433600175603e+18,2.1386697421248483e+17,5.551115123125783e-17,1.1102230246251565e-13,0,0.8874828433517403,1.5063271836871526e+19,8192,power,p0,2.0,0.5,A1_balanced_q01_q99,R1,R1,0.7610573116593483,0.7610573116593483,3,65,0.7129921179702433,0.1946943810137411,0.0923135010160157,0.0,2.9526802169581723,0.2460063974866754,8.01623637977098,0.0010166189720175467,0.0008050243912794871,sQ_2,True,False,True,False
0.27596441543210776,6.49788790432289,0.08584465973560355,-0.00870545825241148,0.6144030670671474,0.5611627867660474,0.1115116258349447,0.7698269942065734,0.5483611610321596,0.7345629863667948,1.261266555982955,2.9511043261408085,1.075911502235898e+19,2.9379556754388255e+18,1.4079372988900575e+18,2.1667614455974077e+17,-1.405748517591121e-09,1.0957901253050295e-13,0,0.8863349441262427,1.5105007996687862e+19,8192,power,p0,2.0,0.5,A1_balanced_q01_q99,R1,R1,0.7698269942065734,0.7698269942065734,3,65,0.7122879395176869,0.19450209335096302,0.0932099671313502,1.3558417184877184e-16,2.952143933362647,0.24631393279960126,8.028410748624113,0.001039607221838601,0.000823577712081692,sQ_2,True,False,True,False
0.27662566701820107,6.493918140572976,0.08682168143543978,-0.007728436552575255,0.6150090093507996,0.5611627867660474,0.1115116258349447,0.778588607110347,0.54791515148668,0.7346886421652756,1.2607072963225334,2.950545066480387,1.0778306623185574e+19,2.9431962619045407e+18,1.4253569107689953e+18,2.194910499200152e+17,-3.6238556599954563e-10,1.0402789740737717e-13,0,0.8851909925966757,1.514685979585911e+19,8192,power,p0,2.0,0.5,A1_balanced_q01_q99,R1,R1,0.778588607110347,0.778588607110347,3,65,0.7115868746690437,0.19431065590962687,0.09410246942132938,1.3520954360189483e-16,2.951607877507403,0.24662185256581665,8.040603606859348,0.0010628110270158864,0.0008423174878093962,sQ_2,True,False,True,False
0.27728741332808127,6.489998262844174,0.08779780104522378,-0.006752316942791256,0.6156143921642718,0.5611627867660474,0.1115116258349447,0.7873421303638669,0.5474702361950434,0.7348128154160721,1.260148049894385,2.9499858200522384,1.0797568984846811e+19,2.9484561707955026e+18,1.442802399147375e+18,2.223116772476734e+17,-1.1755061923857113e-09,1.0436096431476471e-13,0,0.8840509710354141,1.518882755478969e+19,8192,power,p0,2.0,0.5,A1_balanced_q01_q99,R1,R1,0.7873421303638669,0.7873421303638669,3,65,0.7108889047490617,0.19412006359014378,0.09499103166079449,0.0,2.9510720492957283,0.2469301572659303,8.05281498255665,0.001086229243489889,0.0008612430390269495,sQ_2,True,False,True,False
0.27794966368274976,6.486127604226182,0.08877303992594875,-0.005777078062066288,0.6162192287555082,0.5611627867660474,0.1115116258349447,0.7960877555255741,0.5470264041508666,0.7349355237381476,1.2595888177363006,2.949426587894154,1.08169019171884e+19,2.9537353501869123e+18,1.460274327396834e+18,2.251380818418311e+17,-1.5488136329011581e-09,9.314771176605063e-14,0,0.8829148314301198,1.5230911594772144e+19,8192,power,p0,2.0,0.5,A1_balanced_q01_q99,R1,R1,0.7960877555255741,0.7960877555255741,3,65,0.7101939926498682,0.19393030625959065,0.09587570109054132,0.0,2.9505364486309507,0.2472388473811519,8.065044903838825,0.0011098607367965307,0.0008803536925578008,sQ_2,True,False,True,False
0.2786124260029851,6.482305565783791,0.08974741550773584,-0.004802702480279197,0.6168235299345526,0.5611627867660474,0.1115116258349447,0.8048256389031272,0.5465836453912795,0.7350567826938356,1.2590296008766513,2.948867371034505,1.0836305278654048e+19,2.9590337614244654e+18,1.4777731979105907e+18,2.2797030823583363e+17,-2.323610193144532e-10,8.881784197001252e-14,0,0.8817825311956735,1.5273112237989104e+19,8192,power,p0,2.0,0.5,A1_balanced_q01_q99,R1,R1,0.8048256389031272,0.8048256389031272,3,65,0.7095021047315229,0.19374137473202116,0.09675652053645603,1.3409185816797513e-16,2.9500010754164387,0.2475479233932938,8.077293398871285,0.001133704381933942,0.0008996487813946686,sQ_2,True,False,True,False
0.27927570292477466,6.478531783237639,0.09072093051403099,-0.0038291874739840442,0.6174272973904679,0.5611627867660474,0.1115116258349447,0.813555804919504,0.5461419535635796,0.7351766004851544,1.2584704003345129,2.9483081704923664,1.0855779106105113e+19,2.964351414573769e+18,1.4952992868371249e+18,2.3080835857069005e+17,-8.881784197001252e-16,9.037215420448774e-14,0,0.8806540470201338,1.5315429807516006e+19,8192,power,p0,2.0,0.5,A1_balanced_q01_q99,R1,R1,0.813555804919504,0.813555804919504,3,65,0.7088132192527609,0.19355326307062057,0.09763351767661857,0.0,2.949465929555602,0.24785738578477123,8.089560495862267,0.0011577590632354529,0.0009191276446129936,sQ_2,True,False,True,False
0.2799395017211865,6.474805696480993,0.09169360058045059,-0.0028565174075644434,0.6180305408203582,0.5611627867660474,0.1115116258349447,0.8222783937898278,0.5457013192926494,0.7352949916080346,1.2579112171197975,2.947748987277651,1.0875323282486333e+19,2.969688277670935e+18,1.5128530671657953e+18,2.3365227283778096e+17,7.216449660063518e-16,8.693046282814976e-14,0,0.8795293391941676,1.5357864627323064e+19,8192,power,p0,2.0,0.5,A1_balanced_q01_q99,R1,R1,0.8222783937898278,0.8222783937898278,3,65,0.7081273045692905,0.19336596263438763,0.0985067327963218,0.0,2.9489310109518927,0.2481672350385997,8.101846223062745,0.0011820236742416945,0.0009387896272848551,sQ_2,True,False,True,False
0.2806038195040017,6.471127187503813,0.09266541314926126,-0.0018847048387537757,0.6186332524360016,0.5611627867660474,0.1115116258349447,0.8309932929004291,0.545261740005736,0.7354119565828888,1.2573520522333685,2.947189822391222,1.0894938031858549e+19,2.975044411899508e+18,1.5304345785204393e+18,2.365020087189466e+17,-7.1222449604668725e-09,8.37108160567368e-14,0,0.8784084045432663,1.5400417022278496e+19,8192,power,p0,2.0,0.5,A1_balanced_q01_q99,R1,R1,0.8309932929004291,0.8309932929004291,3,65,0.707444351415793,0.19317947089327256,0.09937617769093444,0.0,2.948396319508803,0.2484774716384005,8.114150608766723,0.00120649711758114,0.0009586340803958335,sQ_2,True,False,True,False
0.2812686894057657,6.467494597916194,0.09363645554727104,-0.0009136624407439925,0.6192354863968972,0.5611627867660474,0.1115116258349447,0.8397012853697263,0.5448231894116324,0.735527545007584,1.2567929066671657,2.946630676825019,1.0914622375768545e+19,2.9804195500765307e+18,1.5480453923055708e+18,2.393578176013237e+17,-6.290839515976643e-10,8.37108160567368e-14,0,0.8772911118048068,1.5443087318150648e+19,8192,power,p0,2.0,0.5,A1_balanced_q01_q99,R1,R1,0.8397012853697263,0.8397012853697263,3,65,0.7067642726425768,0.19299376404959964,0.10024196330782345,0.0,2.9478618551298648,0.24878809606839955,8.126473681311182,0.0012311783048457592,0.0009786603607616373,sQ_2,True,False,True,False
0.28193409035317485,6.463908600726927,0.0946066647821486,5.6546794133569e-05,0.6198372036356246,0.5611627867660474,0.1115116258349447,0.8484018063029752,0.5443856771073766,0.7356417324002793,1.2562337814043283,2.9460715515621816,1.0934377148832057e+19,2.98581392010774e+18,1.5656847726702958e+18,2.422195098015804e+17,-1.2470453003565751e-09,8.049116928532385e-14,0,0.8761775231670166,1.5485875841610093e+19,8192,power,p0,2.0,0.5,A1_balanced_q01_q99,R1,R1,0.8484018063029752,0.8484018063029752,3,65,0.7060870990229502,0.19280885050653357,0.1011040504705163,0.0,2.9473276177186536,0.2490991088134268,8.138815469075983,0.0012560661564720021,0.0009988678309478525,sQ_2,True,False,True,False
0.2826000400216396,6.460368212287778,0.09557608528676566,0.001025967298750624,0.6204384317091519,0.5611627867660474,0.1115116258349447,0.8570952541597212,0.5439491871832822,0.735754547059025,1.2556746774193022,2.9455124475771557,1.0954201892082326e+19,2.991227396664614e+18,1.583353631485962e+18,2.450872116661067e+17,5.329070518200751e-15,8.126832540256146e-14,0,0.8750675630660192,1.55287829202329e+19,8192,power,p0,2.0,0.5,A1_balanced_q01_q99,R1,R1,0.8570952541597212,0.8570952541597212,3,65,0.7054127775725282,0.19262471579580503,0.10196250663166685,0.0,2.946793607178784,0.24941051035891923,8.151176000484249,0.0012811596016284454,0.001019255859191425,sQ_2,True,False,True,False
0.28326654021415004,6.456873133090436,0.09654471752307976,0.0019945995350647283,0.6210391709039821,0.5611627867660474,0.1115116258349447,0.8657816330826492,0.543513714256042,0.7358659955792042,1.2551155956779583,2.944953365835812,1.0974096678073362e+19,2.996659999559233e+18,1.6010522048701696e+18,2.4796092038188493e+17,-7.216449660063518e-16,7.716050021144838e-14,0,0.873961212631202,1.5571808882502765e+19,8192,power,p0,2.0,0.5,A1_balanced_q01_q99,R1,R1,0.8657816330826492,0.8657816330826492,3,65,0.7047412899091247,0.19244135489785164,0.10281735519302379,1.3151972358851846e-16,2.94625982341391,0.24972230119092217,8.163555304002227,0.001306457578098108,0.0010398238193229774,sQ_2,True,False,True,False
0.28393359813246277,6.453422838263125,0.0975125768883259,0.0029624589003108687,0.6216394307693768,0.5611627867660474,0.1115116258349447,0.874461081149156,0.5430792494714731,0.7359760918080162,1.2545565371377105,2.944394307295564,1.0994061400429558e+19,3.0021116997439647e+18,1.6187809576396127e+18,2.5084067760780595e+17,-2.000256071887918e-10,7.283063041541027e-14,0,0.8728584341047116,1.5614954057813135e+19,8192,power,p0,2.0,0.5,A1_balanced_q01_q99,R1,R1,0.874461081149156,0.874461081149156,3,65,0.7040726062801667,0.1922587596882375,0.10366863403159586,0.0,2.945726266327732,0.2500344817960833,8.175953408139367,0.0013319590321678731,0.0010605710906897927,sQ_2,True,False,True,False
0.28460121192043525,6.450017190485615,0.09847965380014334,0.003929535812128307,0.6222392053624204,0.5611627867660474,0.1115116258349447,0.8831335124277464,0.5426457899307828,0.7360848372906741,1.253997502747616,2.9438352729054698,1.1014096255919081e+19,3.0075825509496366e+18,1.63653996960178e+18,2.5372645084044598e+17,-6.377011585456671e-09,7.571721027943568e-14,0,0.8717592218596488,1.56582187764705e+19,8192,power,p0,2.0,0.5,A1_balanced_q01_q99,R1,R1,0.8831335124277464,0.8831335124277464,3,65,0.7034067165078758,0.19207692738775056,0.10451635610437361,1.3079393187924516e-16,2.945192935823985,0.25034705266166646,8.18837034144836,0.0013576629185152456,0.001081497058081782,sQ_2,True,False,True,False
0.2852694080802837,6.446654861034091,0.09944601681708828,0.00489589882907325,0.6228385372026679,0.5611627867660474,0.1115116258349447,0.891799541729259,0.5422133144187323,0.7361922716961581,1.2534384934484883,2.943276263606342,1.1034200497830474e+19,3.013072349274241e+18,1.654330522591693e+18,2.5661844138594483e+17,-2.8023213194394714e-09,7.527312106958561e-14,0,0.8706634708634151,1.5701603369696406e+19,8192,power,p0,2.0,0.5,A1_balanced_q01_q99,R1,R1,0.891799541729259,0.891799541729259,3,65,0.7027435503259577,0.19189583880900818,0.10536061086503422,1.3043253938973996e-16,2.944659831806449,0.25066001427553875,8.200806132525386,0.0013835682001070992,0.0011026011116582984,sQ_2,True,False,True,False
0.28593817840497304,6.443335991308677,0.10041163881245517,0.005861520824440136,0.6234374094663193,0.5611627867660474,0.1115116258349447,0.9004589257902192,0.5417818243180671,0.7362983878160012,1.252879510173001,2.9427172803308546,1.1054374537236027e+19,3.0185812069679176e+18,1.6721524254263132e+18,2.5951656528261997e+17,-1.1102230246251565e-15,7.116529587847253e-14,0,0.8695711984041523,1.5745108169630257e+19,8192,power,p0,2.0,0.5,A1_balanced_q01_q99,R1,R1,0.9004589257902192,0.9004589257902192,3,65,0.7020831116650003,0.1917154950253227,0.10620139330967711,0.0,2.944126954178941,0.2509733671261795,8.213260810010047,0.0014096738480864346,0.0011238826468768757,sQ_2,True,False,True,False
0.2866075248758679,6.440060294648666,0.10137652080077988,0.006826402812764851,0.6240358227825827,0.5611627867660474,0.1115116258349447,0.9091116737086551,0.5413513144250909,0.7364031921593736,1.2523205538457993,2.942158324003653,1.1074618446603639e+19,3.024109143819234e+18,1.6900059189084588e+18,2.6242082241260384e+17,-7.084969277926234e-10,7.172040739078511e-14,0,0.8684823860125064,1.5788733509331333e+19,8192,power,p0,2.0,0.5,A1_balanced_q01_q99,R1,R1,0.9091116737086551,0.9091116737086551,3,65,0.7014253828566049,0.19153589121204362,0.10703872593135129,1.2971274730741432e-16,2.9435943028453253,0.2512871117026772,8.225734402585287,0.0014359788416724584,0.001145341064420527,sQ_2,True,False,True,False
0.28727745960658163,6.436827064751787,0.10234069163258727,0.007790573644572238,0.6246337950443597,0.5611627867660474,0.1115116258349447,0.9177580442066919,0.5409217730883871,0.7365067047280305,1.25176162538359,2.9415993955414432,1.1094931962532698e+19,3.0296560879022623e+18,1.7078916723471613e+18,2.6533129679677357e+17,2.7755575615628914e-16,7.16093850883226e-14,0,0.8673969800737387,1.583247972278212e+19,8192,power,p0,2.0,0.5,A1_balanced_q01_q99,R1,R1,0.9177580442066919,0.9177580442066919,3,65,0.700770325103759,0.1913570167749998,0.10787265812124133,1.293543422040853e-16,2.943061877709501,0.2516012484947332,8.238226938977764,0.001462482168057555,0.0011669757701312333,sQ_2,True,False,True,False
0.28794798530359955,6.43363599397802,0.10330415429273686,0.008754036304721824,0.6252313281028399,0.5611627867660474,0.1115116258349447,0.9263980640515794,0.5404931947790681,0.7366089328352071,1.2512027256952485,2.941040495853102,1.111531513585615e+19,3.0352220530977864e+18,1.725809955936534e+18,2.6824799499877178e+17,-2.7755575615628914e-16,6.7390537594747e-14,0,0.8663149600946438,1.5876347144890472e+19,8192,power,p0,2.0,0.5,A1_balanced_q01_q99,R1,R1,0.9263980640515794,0.9263980640515794,3,65,0.7001179197214406,0.19117886661193473,0.10870321366662457,1.2899692739832245e-16,2.942529678675408,0.25191577799266074,8.250738447957776,0.0014891828223060344,0.001188786174940928,sQ_2,True,False,True,False
0.288619108393802,6.430486623483021,0.1042669219780576,0.009716803990042572,0.6258284301426079,0.5611627867660474,0.1115116258349447,0.9350318515881884,0.5400655716445123,0.7367098886960073,1.2506438556819215,2.940481625839775,1.1135767894847638e+19,3.0408070198197284e+18,1.7437611968244283e+18,2.711709546920625e+17,2.9976021664879227e-15,7.37188088351104e-14,0,0.8652362928356931,1.5920336111491795e+19,8192,power,p0,2.0,0.5,A1_balanced_q01_q99,R1,R1,0.9350318515881884,0.9350318515881884,3,65,0.699468140425094,0.19100143354541235,0.10953042602949363,0.0,2.941997705647033,0.2522307006873842,8.263268958339168,0.0015160798072582082,0.0012107716948038909,sQ_2,True,False,True,False
0.28929083431708935,6.4273785399619525,0.10522900516792064,0.010678887179905602,0.626425107662899,0.5611627867660474,0.1115116258349447,0.9436595007921115,0.5396388965302005,0.7368095831291511,1.2500850162371149,2.9399227863949684,1.1156290201784095e+19,3.046410977767176e+18,1.7617457798011177e+18,2.7410020568222928e+17,-6.106226635438361e-16,7.405187574249794e-14,0,0.8641609487316146,1.5964446959352388e+19,8192,power,p0,2.0,0.5,A1_balanced_q01_q99,R1,R1,0.9436595007921115,0.9436595007921115,3,65,0.6988209632434809,0.19082471102968648,0.11035432572683272,1.2828505774202397e-16,2.941465958528397,0.2525460170704444,8.275818498979659,0.001543172133428694,0.0012329317506326895,sQ_2,True,False,True,False
0.2899631684689814,6.4243113361546795,0.10619041421310198,0.011640296225086944,0.6270213670831952,0.5611627867660474,0.1115116258349447,0.9522811044857423,0.5392131623733175,0.7369080268195644,1.2495262082467942,2.9393639784046477,1.117688202157564e+19,3.052033917358254e+18,1.7797640872376164e+18,2.7703577770608294e+17,-1.887379141862766e-15,7.938094626069869e-14,0,0.8630888985987517,1.600868002617151e+19,8192,power,p0,2.0,0.5,A1_balanced_q01_q99,R1,R1,0.9522811044857423,0.9522811044857423,3,65,0.6981763645287,0.19064869260730366,0.11117494286399629,1.2793059744162935e-16,2.940934437223566,0.25286172763399634,8.288387098780738,0.0015704588189184854,0.0012552657682332205,sQ_2,True,False,True,False
0.2906361162015483,6.4212846107280495,0.1071511593381111,0.01260104135009607,0.6276172147446681,0.5611627867660474,0.1115116258349447,0.9608967543591572,0.538788362201094,0.7370052303207448,1.2489674325894748,2.9388052027473286,1.1197543321720627e+19,3.057675829717846e+18,1.7978164991457492e+18,2.7997770043429232e+17,3.885780586188048e-16,7.51620987671231e-14,0,0.8620201136280994,1.6053035650584224e+19,8192,power,p0,2.0,0.5,A1_balanced_q01_q99,R1,R1,0.9608967543591572,0.9608967543591572,3,65,0.6975343209502628,0.19047337190748512,0.11199230714225199,1.275771165390433e-16,2.940403141636642,0.25317783287080914,8.300974786687897,0.0015979388893132551,0.001277773178241888,sQ_2,True,False,True,False
0.29130967472978825,6.418298300023088,0.10811122857941405,0.013561110591399014,0.6282126432276147,0.5611627867660474,0.1115116258349447,0.9695063431272737,0.5383644942151522,0.7371011933897379,1.2484086901363212,2.9382464602941747,1.1218274340590873e+19,3.0633367799373476e+18,1.8159030516352366e+18,2.829259356220175e+17,-6.004749864008119e-09,7.915890165577366e-14,0,0.860954593165167,1.6097514172163455e+19,8192,power,p0,2.0,0.5,A1_balanced_q01_q99,R1,R1,0.9695063431272737,0.9695063431272737,3,65,0.6968948261583156,0.19029874719629739,0.11280642664538713,1.272246123281254e-16,2.939872071671774,0.25349433327426724,8.313581591690395,0.001625611377599423,0.001300453416062775,sQ_2,True,False,True,False
0.2919838736049506,6.415351018634662,0.1090706981080164,0.014520580120001361,0.6288076997727801,0.5611627867660474,0.1115116258349447,0.978110553866901,0.5379415363602297,0.7371959583260175,1.247849981751226,2.9376877519090794,1.1239074245738486e+19,3.069016540702989e+18,1.8340251449819226e+18,2.8588071637150205e+17,3.885780586188048e-16,8.182343691487404e-14,0,0.8598922257706705,1.6142115931423394e+19,8192,power,p0,2.0,0.5,A1_balanced_q01_q99,R1,R1,0.978110553866901,0.978110553866901,3,65,0.696257807432773,0.19012479861630918,0.11361739395091808,1.2687308211020942e-16,2.9393412272331476,0.2538112293383732,8.32620754282169,0.001653475324068232,0.0013233059218083869,sQ_2,True,False,True,False
0.29265869377055603,6.412443377916422,0.1100295115911464,0.015479393603131372,0.6294023494429579,0.5611627867660474,0.1115116258349447,0.9867088814040604,0.5375194971820046,0.7372895033005187,1.2472913082909038,2.9371290784487574,1.1259943817152033e+19,3.074715325003648e+18,1.8521821276660142e+18,2.888418686151173e+17,6.106226635438361e-16,8.348877145181177e-14,0,0.8588330670793043,1.6186841269821696e+19,8192,power,p0,2.0,0.5,A1_balanced_q01_q99,R1,R1,0.9867088814040604,0.9867088814040604,3,65,0.6956232923680276,0.18995153370262938,0.11442517392934295,0.0,2.938810608224988,0.2541285215577471,8.338852669159323,0.0016815297762304837,0.0013463301402395086,sQ_2,True,False,True,False
0.29333414850804596,6.409574667259817,0.11098770083489003,0.016437582846874993,0.6299966119640691,0.5611627867660474,0.1115116258349447,0.9953016109653879,0.537098364966241,0.7373818490309684,1.2467326706049837,2.9365704407628375,1.1280882763916403e+19,3.0804330534001055e+18,1.8703747124452014e+18,2.918094896372918e+17,-3.885780586188048e-16,8.260059303211165e-14,0,0.8577770619282525,1.623169052976171e+19,8192,power,p0,2.0,0.5,A1_balanced_q01_q99,R1,R1,0.9953016109653879,0.9953016109653879,3,65,0.6949912421772874,0.18977894186387792,0.11522981595883466,0.0,2.9382802145515656,0.25444621042762566,8.35151699982486,0.0017097737887281639,0.0013695255207047136,sQ_2,True,False,True,False
0.29385048479186276,6.413227548953446,0.1115116258349447,0.016961507846929666,0.6303215467235005,0.5611627867660474,0.1115116258349447,1.0,0.5367773151921325,0.7372642695079987,1.246174094472156,2.9360118646300095,1.1307180146043e+19,3.087613991879475e+18,1.8818699166734088e+18,2.934357002474526e+17,-0.00011758821325519309,8.271161533457416e-14,0,0.8572677071821284,1.6276664054595883e+19,8192,power,p0,2.0,0.5,A1_balanced_q01_q99,R2,R2,1.0,1.0,2,65,0.6946865836952814,0.18969574978772483,0.11561766651699391,1.2582430853954538e-16,2.9377500461171877,0.2547642964438674,8.364200563984197,0.001738181487178192,0.0013928715348538298,sQ_2,True,False,True,False
0.2941743283999221,6.42473495652077,0.1115116258349447,0.016961507846929666,0.6303215467235005,0.5611627867660474,0.1115116258349447,1.0,0.5365763398139508,0.7368944268974718,1.2456157621549617,2.935453532312815,1.1339952545892002e+19,3.096563041864909e+18,1.885246600870959e+18,2.934357002474526e+17,-0.0003768713823218972,8.304468224196171e-14,0,0.8574155749806038,1.6321762188627868e+19,8192,power,p0,2.0,0.5,A1_balanced_q01_q99,R2,R2,1.0,1.0,2,65,0.6947750135578544,0.1897198970355314,0.11550508940661433,1.2547664745580824e-16,2.9372201028262044,0.25508278010294927,8.376903390847511,0.0017665705133893539,0.00141622216951713,sQ_2,True,False,True,False
0.2944985662980139,6.436261491448359,0.1115116258349447,0.016961507846929666,0.6303215467235005,0.5611627867660474,0.1115116258349447,1.0,0.5363754165292971,0.7365248185207418,1.2450577099021698,2.9348954800600233,1.1372818689303951e+19,3.105537690092599e+18,1.888628897718863e+18,2.934357002474526e+17,-0.000635704808149895,7.893685705084863e-14,0,0.8575633158109761,1.6366985277115415e+19,8192,power,p0,2.0,0.5,A1_balanced_q01_q99,R2,R2,1.0,1.0,2,65,0.6948633787314278,0.18974402661892856,0.11539259464964356,0.0,2.9366903845830024,0.2554016619019695,8.38962550966939,0.001794904522979035,0.0014395482691485241,sQ_2,True,False,True,False
0.29482319898433357,6.447807183364649,0.1115116258349447,0.016961507846929666,0.6303215467235005,0.5611627867660474,0.1115116258349447,1.0,0.5361745453476139,0.7361554441870449,1.2444999375364247,2.9343377076942785,1.1405778841402386e+19,3.1145380089589453e+18,1.8920168159111608e+18,2.934357002474526e+17,-0.0008940890539873569,7.904787935331115e-14,0,0.8577109297369059,1.6412333666272494e+19,8192,power,p0,2.0,0.5,A1_balanced_q01_q99,R2,R2,1.0,1.0,2,65,0.6949516792265426,0.18976813854079455,0.11528018223266286,0.0,2.936160891292016,0.2557209423386461,8.402366949748695,0.0018231835977373656,0.0014628498555643247,sQ_2,True,False,True,False
0.29514822695770127,6.459372061942388,0.1115116258349447,0.016961507846929666,0.6303215467235005,0.5611627867660474,0.1115116258349447,1.0,0.5359737262783288,0.7357863037057756,1.2439424448805123,2.933780215038366,1.143883326805444e+19,3.123564071063399e+18,1.8954103641548964e+18,2.934357002474526e+17,-0.0011520246825679759,8.43769498715119e-14,0,0.8578584168221084,1.6457807703272735e+19,8192,power,p0,2.0,0.5,A1_balanced_q01_q99,R2,R2,1.0,1.0,2,65,0.695039915053799,0.18979223280402402,0.11516785214217702,0.0,2.9356316228577137,0.2560406219113209,8.415127740428943,0.0018514078193478944,0.0014861269505671273,sQ_2,True,False,True,False
0.29547365071757337,6.470956156898354,0.1115116258349447,0.016961507846929666,0.6303215467235005,0.5611627867660474,0.1115116258349447,1.0,0.5357729593308472,0.7354173968864975,1.2433852317573602,2.9332230019152137,1.147198223587269e+19,3.132615949208969e+18,1.8988095511700334e+18,2.934357002474526e+17,-0.0014095122561159634,8.382183835919932e-14,0,0.8580057771303049,1.650340773625169e+19,8192,power,p0,2.0,0.5,A1_balanced_q01_q99,R2,R2,1.0,1.0,2,65,0.6951280862238604,0.1898163094115288,0.1150556043646109,1.240955827263072e-16,2.9351025791846066,0.2563607011189584,8.427907911098213,0.001879577269392918,0.0015093795759491017,sQ_2,True,False,True,False
0.29579947076401925,6.482559497993723,0.1115116258349447,0.016961507846929666,0.6303215467235005,0.5611627867660474,0.1115116258349447,1.0,0.5355722445145672,0.7350487235389344,1.242828297990047,2.9326660681479004,1.1505226012216857e+19,3.1416937164026834e+18,1.902214385689563e+18,2.934357002474526e+17,-0.0016665523363328383,8.326672684688674e-14,0,0.8581530107252948,1.6549134114309104e+19,8192,power,p0,2.0,0.5,A1_balanced_q01_q99,R2,R2,1.0,1.0,2,65,0.6952161927474463,0.18984036836623602,0.11494343888631764,0.0,2.9345737601772495,0.25668118046114524,8.440707491189082,0.0019076920293490396,0.0015326077534879785,sQ_2,True,False,True,False
0.29612568759775026,6.494182115033908,0.1115116258349447,0.016961507846929666,0.6303215467235005,0.5611627867660474,0.1115116258349447,1.0,0.5353715818388621,0.7346802834729763,1.24227164340179,2.9321094135596435,1.1538564865196569e+19,3.150797445856343e+18,1.9056248764594575e+18,2.934357002474526e+17,-0.0019231454844138574,8.171241461241152e-14,0,0.8583001176708802,1.6594987187512371e+19,8192,power,p0,2.0,0.5,A1_balanced_q01_q99,R2,R2,1.0,1.0,2,65,0.6953042346353403,0.18986440967109028,0.11483135569356925,1.234107611448539e-16,2.9340451657402333,0.25700206043809604,8.453526510178902,0.0019357521805898337,0.0015558115049489308,sQ_2,True,False,True,False
0.29645230172009607,6.505824037868888,0.1115116258349447,0.016961507846929666,0.6303215467235005,0.5611627867660474,0.1115116258349447,1.0,0.5351709713130959,0.7343120764986725,1.241715267815952,2.9315530379738055,1.157199906367297e+19,3.159927210986965e+18,1.9090410322387668e+18,2.934357002474526e+17,-0.0021792922610345267,8.204548151979907e-14,0,0.8584470980309353,1.66409673068987e+19,8192,power,p0,2.0,0.5,A1_balanced_q01_q99,R2,R2,1.0,1.0,2,65,0.6953922118983833,0.18988843332905184,0.11471935477256495,0.0,2.93351679577819,0.2573233415506472,8.466364997589851,0.001963757804384514,0.0015789908520851912,sQ_2,True,False,True,False
0.2967793136330267,6.517485296392966,0.1115116258349447,0.016961507846929666,0.6303215467235005,0.5611627867660474,0.1115116258349447,1.0,0.5349704129466095,0.7339441024262401,1.2411591710560377,2.930996941213891,1.1605528877261087e+19,3.1690830854174275e+18,1.912462861799546e+18,2.934357002474526e+17,-0.002434993226362342,7.693845560652335e-14,0,0.8585939518693413,1.6687074824478058e+19,8192,power,p0,2.0,0.5,A1_balanced_q01_q99,R2,R2,1.0,1.0,2,65,0.6954801245474781,0.18991243934309804,0.11460743610942396,1.227297187518938e-16,2.932988650195793,0.257645024300265,8.479222982988885,0.0019917089819019296,0.0016021458166376125,sQ_2,True,False,True,False
0.2971067238391303,6.529165920545069,0.1115116258349447,0.016961507846929666,0.6303215467235005,0.5611627867660474,0.1115116258349447,1.0,0.5347699067487355,0.7335763610660565,1.2406033529457008,2.930441123103554,1.1639154576331469e+19,3.178265142976913e+18,1.915890373926946e+18,2.934357002474526e+17,-0.0026902489400444374,7.682743330406083e-14,0,0.8587406792500474,1.673331009323533e+19,8192,power,p0,2.0,0.5,A1_balanced_q01_q99,R2,R2,1.0,1.0,2,65,0.6955679725935849,0.18993642771622157,0.11449559969019346,0.0,2.9324607288977598,0.2579671091890376,8.492100495987817,0.002019605794205681,0.0016252764203338555,sQ_2,True,False,True,False
0.2974345328416351,6.540865940308737,0.1115116258349447,0.016961507846929666,0.6303215467235005,0.5611627867660474,0.1115116258349447,1.0,0.5345694527287844,0.7332088522286632,1.240047813308734,2.9298855834665876,1.167287643201295e+19,3.1874734577016694e+18,1.9193235774192067e+18,2.934357002474526e+17,-0.0029450599612198536,8.393286066166183e-14,0,0.8588872802370247,1.6779673467133825e+19,8192,power,p0,2.0,0.5,A1_balanced_q01_q99,R2,R2,1.0,1.0,2,65,0.695655756047726,0.1899603984514324,0.1143838455008416,0.0,2.9319330317888417,0.25828959671968527,8.504997566243498,0.0020474483222541195,0.0016483826848883141,sQ_2,True,False,True,False
0.29776274114440654,6.552585385712085,0.1115116258349447,0.016961507846929666,0.6303215467235005,0.5611627867660474,0.1115116258349447,1.0,0.5343690508960478,0.7328415757247668,1.2394925519690727,2.9293303221269262,1.1706694716194454e+19,3.1967081038354985e+18,1.92276248108765e+18,2.934357002474526e+17,-0.0031994268485170674,8.260059303211165e-14,0,0.8590337548942655,1.6826165301117602e+19,8192,power,p0,2.0,0.5,A1_balanced_q01_q99,R2,R2,1.0,1.0,2,65,0.6957434749209844,0.1899843515517568,0.11427217352725871,0.0,2.931405558773834,0.25861248739555515,8.517914223457874,0.0020752366469078964,0.0016714646320045194,sQ_2,True,False,True,False
0.29809134925192776,6.5643242868281115,0.1115116258349447,0.016961507846929666,0.6303215467235005,0.5611627867660474,0.1115116258349447,1.0,0.5341687012598101,0.7324745313652334,1.2389375687508006,2.928775338908654,1.174060970152674e+19,3.2059691558302356e+18,1.926207093756767e+18,2.934357002474526e+17,-0.003453350160043528,7.638334409421077e-14,0,0.8591801032858395,1.6872785951113742e+19,8192,power,p0,2.0,0.5,A1_balanced_q01_q99,R2,R2,1.0,1.0,2,65,0.6958311292244992,0.1900082870202366,0.11416058375526429,0.0,2.9308783097575732,0.25893578172062165,8.530850497377847,0.0021029708489193055,0.0016945222833716527,sQ_2,True,False,True,False
0.29842035766932945,6.5760826737745255,0.1115116258349447,0.016961507846929666,0.6303215467235005,0.5611627867660474,0.1115116258349447,1.0,0.5339684038293308,0.7321077189610945,1.2383828634781406,2.928220633635994,1.1774621661425246e+19,3.2152566883465206e+18,1.9296574242641684e+18,2.934357002474526e+17,-0.0037068304534017826,8.01581023779363e-14,0,0.8593263254758206,1.6919535774035931e+19,8192,power,p0,2.0,0.5,A1_balanced_q01_q99,R2,R2,1.0,1.0,2,65,0.6959187189694724,0.1900322048599306,0.11404907617059722,2.4208702027661797e-16,2.930351284644936,0.25925948019949324,8.543806417795581,0.0021306510089420527,0.0017175556606673272,sQ_2,True,False,True,False
0.2987497669023692,6.587860576714008,0.1115116258349447,0.016961507846929666,0.6303215467235005,0.5611627867660474,0.1115116258349447,1.0,0.5337681586138576,0.731741138323542,1.2378284359754592,2.9276662061333125,1.1808730870071704e+19,3.224570776254247e+18,1.933113481460662e+18,2.934357002474526e+17,-0.0039598682856780976,8.071321389024888e-14,0,0.8594724215283411,1.6966415127786613e+19,8192,power,p0,2.0,0.5,A1_balanced_q01_q99,R2,R2,1.0,1.0,2,65,0.6960062441671634,0.19005610507391343,0.11393765075892318,0.0,2.9298244833408362,0.2595835833374055,8.556782014548535,0.0021582772075237067,0.0017405647855558847,sQ_2,True,False,True,False
0.2990795774574462,6.599658025854129,0.1115116258349447,0.016961507846929666,0.6303215467235005,0.5611627867660474,0.1115116258349447,1.0,0.5335679656226182,0.7313747892639321,1.2372742860672643,2.927112056225118,1.1842937602416579e+19,3.23391149463322e+18,1.9365752742102272e+18,2.934357002474526e+17,-0.004212464213450007,7.505107646466058e-14,0,0.8596183915075553,1.7013424371260025e+19,8192,power,p0,2.0,0.5,A1_balanced_q01_q99,R2,R2,1.0,1.0,2,65,0.6960937048288935,0.1900799876652765,0.11382630750583007,1.2037553142209219e-16,2.9292979057502304,0.25990809164023004,8.569777317519403,0.00218584952511236,0.0017635496796899195,sQ_2,True,False,True,False
0.29940978984158495,6.611475051447522,0.1115116258349447,0.016961507846929666,0.6303215467235005,0.5611627867660474,0.1115116258349447,1.0,0.5333678248648303,0.7310086715937819,1.236720413578213,2.9265581837360664,1.1877242134180708e+19,3.243278918773612e+18,1.9400428113900664e+18,2.934357002474526e+17,-0.0044646187927768755,8.348877145181177e-14,0,0.8597642354776791,1.7060563864344386e+19,8192,power,p0,2.0,0.5,A1_balanced_q01_q99,R2,R2,1.0,1.0,2,65,0.6961811009660398,0.1901038526371266,0.1137150463968337,1.2004292567845335e-16,2.9287715517781177,0.2602330056144637,8.582792356636293,0.0022133680420513002,0.001786510364707855,sQ_2,True,False,True,False
0.2997404045624637,6.623311683791742,0.1115116258349447,0.016961507846929666,0.6303215467235005,0.5611627867660474,0.1115116258349447,1.0,0.5331677363496848,0.7306427851247762,1.2361668183330983,2.926004588490952,1.1911644741858175e+19,3.2526731241767393e+18,1.943516101890564e+18,2.934357002474526e+17,-0.0047163325792163036,7.66053886991358e-14,0,0.8599099535029215,1.710783396792548e+19,8192,power,p0,2.0,0.5,A1_balanced_q01_q99,R2,R2,1.0,1.0,2,65,0.6962684325900433,0.19012769999258786,0.11360386741736878,1.1971123894700408e-16,2.9282454213295352,0.26055832576724397,8.595827161872728,0.002240832838583451,0.0018094468622372717,sQ_2,True,False,True,False
0.3000714221283822,6.635167953229814,0.1115116258349447,0.016961507846929666,0.6303215467235005,0.5611627867660474,0.1115116258349447,1.0,0.5329677000863662,0.7302771296687521,1.2356135001568564,2.92545127031471,1.1946145702718024e+19,3.2620941865555354e+18,1.9469951546154473e+18,2.934357002474526e+17,-0.004967606127805502,8.149037000748649e-14,0,0.8600555456475822,1.7155235043889007e+19,8192,power,p0,2.0,0.5,A1_balanced_q01_q99,R2,R2,1.0,1.0,2,65,0.6963556997124005,0.19015152973479954,0.11349277055279991,0.0,2.9277195143095573,0.2608840526063384,8.608881763247881,0.0022682439948473743,0.0018323591938917687,sQ_2,True,False,True,False
0.30040284304828824,6.6470438901496385,0.1115116258349447,0.016961507846929666,0.6303215467235005,0.5611627867660474,0.1115116258349447,1.0,0.5327677160840366,0.7299117050377202,1.2350604588745724,2.9248982290324257,1.1980745294806231e+19,3.2715421818350884e+18,1.9504799784816105e+18,2.934357002474526e+17,-0.005218439993075336,7.782663402622347e-14,0,0.8602010119759569,1.720276745512293e+19,8192,power,p0,2.0,0.5,A1_balanced_q01_q99,R2,R2,1.0,1.0,2,65,0.6964429023446691,0.19017534186691767,0.1133817557884132,0.0,2.927193830623306,0.26121018664014856,8.62195619082633,0.0022956015908803806,0.0018552473812722971,sQ_2,True,False,True,False
0.3007346678317648,6.65893952498465,0.1115116258349447,0.016961507846929666,0.6303215467235005,0.5611627867660474,0.1115116258349447,1.0,0.5325677843518439,0.7295465110438448,1.2345076943114663,2.9243454644693196,1.2015443796948408e+19,3.281017186153379e+18,1.95397058241931e+18,2.934357002474526e+17,-0.005468834729044025,7.471800955727304e-14,0,0.8603463525524011,1.7250431565521099e+19,8192,power,p0,2.0,0.5,A1_balanced_q01_q99,R2,R2,1.0,1.0,2,65,0.6965300404984649,0.19019913639211417,0.11327082310942084,0.0,2.926668370175938,0.261536728377715,8.635050474718406,0.0023229057066185277,0.0018781114459685256,sQ_2,True,False,True,False
0.30106689698903755,6.670854888213537,0.1115116258349447,0.016961507846929666,0.6303215467235005,0.5611627867660474,0.1115116258349447,1.0,0.532367904898918,0.729181547499456,1.2339552062929033,2.923792976450757,1.2050241488751616e+19,3.2905192758617743e+18,1.9574669753720814e+18,2.934357002474526e+17,-0.005718790889220449,7.238654120556021e-14,0,0.8604915674412965,1.7298227739985471e+19,8192,power,p0,2.0,0.5,A1_balanced_q01_q99,R2,R2,1.0,1.0,2,65,0.6966171141854638,0.1902229133135773,0.11315997250095897,0.0,2.9261431328726513,0.26186367832871205,8.648164645080195,0.0023501564218944004,0.0019009514095560517,sQ_2,True,False,True,False
0.3013995310309687,6.682790010360558,0.1115116258349447,0.016961507846929666,0.6303215467235005,0.5611627867660474,0.1115116258349447,1.0,0.5321680777343751,0.7288168142170413,1.2334029946443898,2.9232407648022436,1.208513865060669e+19,3.3000485275256663e+18,1.9609691662968315e+18,2.934357002474526e+17,-0.00596830902660081,8.093525849517391e-14,0,0.8606366567070798,1.7346156344429185e+19,8192,power,p0,2.0,0.5,A1_balanced_q01_q99,R2,R2,1.0,1.0,2,65,0.6967041234173991,0.19024667263451106,0.11304920394809008,2.361330036850183e-16,2.925618118618684,0.26219103700345225,8.661298732113602,0.0023773538164402197,0.0019237672935981094,sQ_2,True,False,True,False
0.30173257046907004,6.694744921995144,0.1115116258349447,0.016961507846929666,0.6303215467235005,0.5611627867660474,0.1115116258349447,1.0,0.5319683028673097,0.7284523110092598,1.2328510591915778,2.9226888293494313,1.2120135563690093e+19,3.3096050179249746e+18,1.9644771641637228e+18,2.934357002474526e+17,-0.006217389693674691,7.571721027943568e-14,0,0.860781620414186,1.7394217745778788e+19,8192,power,p0,2.0,0.5,A1_balanced_q01_q99,R2,R2,1.0,1.0,2,65,0.696791068206065,0.19027041435813613,0.11293851743579904,1.1774027610393727e-16,2.925093327319317,0.26251880491288443,8.674452766066251,0.0024044979698856217,0.0019465591196456554,sQ_2,True,False,True,False
